Date/Time,Environment:Site Outdoor Air Drybulb Temperature [C](TimeStep),CHAMBER_THERMALZONE:Zone Mean Air Temperature [C](TimeStep),HANGER_THERMALZONE:Zone Mean Air Temperature [C](TimeStep),CHAMBER_THERMALZONE:Zone Air Temperature [C](TimeStep),CHAMBER_THERMALZONE:Zone Air System Sensible Heating Energy [J](TimeStep),CHAMBER_THERMALZONE:Zone Air System Sensible Cooling Energy [J](TimeStep),HANGER_THERMALZONE:Zone Air Temperature [C](TimeStep),HANGER_THERMALZONE:Zone Air System Sensible Heating Energy [J](TimeStep),HANGER_THERMALZONE:Zone Air System Sensible Cooling Energy [J](TimeStep),CHAMBER_IDEALLOADS:Zone Ideal Loads Supply Air Mass Flow Rate [kg/s](TimeStep),CHAMBER_IDEALLOADS:Zone Ideal Loads Supply Air Temperature [C](TimeStep),HANGER_IDEALLOADS:Zone Ideal Loads Supply Air Mass Flow Rate [kg/s](TimeStep),HANGER_IDEALLOADS:Zone Ideal Loads Supply Air Temperature [C](TimeStep),NODE 6:System Node Mass Flow Rate [kg/s](TimeStep),NODE 5:System Node Mass Flow Rate [kg/s](TimeStep),NODE 4:System Node Mass Flow Rate [kg/s](TimeStep),NODE 3:System Node Mass Flow Rate [kg/s](TimeStep),NODE 2:System Node Mass Flow Rate [kg/s](TimeStep),NODE 1:System Node Mass Flow Rate [kg/s](TimeStep),CHAMBER_SPLITAC OA NODE:System Node Mass Flow Rate [kg/s](TimeStep),MODEL OUTDOOR AIR NODE:System Node Mass Flow Rate [kg/s](TimeStep),CHAMBER_IDEALLOADS OUTDOOR AIR INLET NODE:System Node Mass Flow Rate [kg/s](TimeStep),HANGER_IDEALLOADS OUTDOOR AIR INLET NODE:System Node Mass Flow Rate [kg/s](TimeStep),CHAMBER_THERMALZONE:Zone Mechanical Ventilation Mass Flow Rate [kg/s](TimeStep),HANGER_THERMALZONE:Zone Mechanical Ventilation Mass Flow Rate [kg/s](TimeStep),Electricity:Facility [J](Hourly) 
 01/01  00:01:00,32.37,31.244945631337032,29.587245663463758,31.244945631337032,0.0,24221.15073408316,29.587245663463758,0.0,0.0,0.07572256000000001,26.25,0.0,29.536632081342614,0.07572256000000001,0.07572256000000001,0.0,0.0,0.07572256000000001,0.0,0.0,0.0,0.0,0.0,0.0,0.0 
 01/01  00:02:00,32.37,29.702840186265814,29.666105657391164,29.702840186265814,0.0,16661.831972912703,29.666105657391164,0.0,0.0,0.07572256000000001,26.25,0.0,29.587245663463758,0.07572256000000001,0.07572256000000001,0.0,0.0,0.07572256000000001,0.0,0.0,0.0,0.0,0.0,0.0,0.0 
 01/01  00:03:00,32.42,28.771635534000392,29.750823535660523,28.771635534000392,0.0,12111.538273859505,29.750823535660523,0.0,0.0,0.07572256000000001,26.25,0.0,29.666105657391164,0.07572256000000001,0.07572256000000001,0.0,0.0,0.07572256000000001,0.0,0.0,0.0,0.0,0.0,0.0,0.0 
 01/01  00:04:00,32.48,28.465188194222744,29.83171791615343,28.465188194222744,0.0,10614.690817122828,29.83171791615343,0.0,0.0,0.07572256000000001,26.25,0.0,29.750823535660523,0.07572256000000001,0.07572256000000001,0.0,0.0,0.07572256000000001,0.0,0.0,0.0,0.0,0.0,0.0,0.0 
 01/01  00:05:00,32.42,28.463870287789973,29.903401806103098,28.463870287789973,0.0,10599.170092454397,29.903401806103098,0.0,0.0,0.07572256000000001,26.25,0.0,29.83171791615343,0.07572256000000001,0.07572256000000001,0.0,0.0,0.07572256000000001,0.0,0.0,0.0,0.0,0.0,0.0,0.0 
 01/01  00:06:00,32.4,28.520230027946944,29.965953284047778,28.520230027946944,0.0,10867.9460188342,29.965953284047778,0.0,0.0,0.07572256000000001,26.25,0.0,29.903401806103098,0.07572256000000001,0.07572256000000001,0.0,0.0,0.07572256000000001,0.0,0.0,0.0,0.0,0.0,0.0,0.0 
 01/01  00:07:00,32.33,28.54617453711627,30.01932163614227,28.54617453711627,0.0,10992.961111180166,30.01932163614227,0.0,0.0,0.07572256000000001,26.25,0.0,29.965953284047778,0.07572256000000001,0.07572256000000001,0.0,0.0,0.07572256000000001,0.0,0.0,0.0,0.0,0.0,0.0,0.0 
 01/01  00:08:00,32.2,28.545064606216485,30.06213691092884,28.545064606216485,0.0,10988.193654845418,30.06213691092884,0.0,0.0,0.07572256000000001,26.25,0.0,30.01932163614227,0.07572256000000001,0.07572256000000001,0.0,0.0,0.07572256000000001,0.0,0.0,0.0,0.0,0.0,0.0,0.0 
 01/01  00:09:00,32.08,28.538645173424285,30.094412369553698,28.538645173424285,0.0,10957.608313652972,30.094412369553698,0.0,0.0,0.07572256000000001,26.25,0.0,30.06213691092884,0.07572256000000001,0.07572256000000001,0.0,0.0,0.07572256000000001,0.0,0.0,0.0,0.0,0.0,0.0,0.0 
 01/01  00:10:00,32.11,28.53786845741322,30.121429427295773,28.53786845741322,0.0,10953.881386304984,30.121429427295773,0.0,0.0,0.07572256000000001,26.25,0.0,30.094412369553698,0.07572256000000001,0.07572256000000001,0.0,0.0,0.07572256000000001,0.0,0.0,0.0,0.0,0.0,0.0,0.0 
 01/01  00:11:00,32.16,28.542909775900014,30.14725818640549,28.542909775900014,0.0,10977.988226144898,30.14725818640549,0.0,0.0,0.07572256000000001,26.25,0.0,30.121429427295773,0.07572256000000001,0.07572256000000001,0.0,0.0,0.07572256000000001,0.0,0.0,0.0,0.0,0.0,0.0,0.0 
 01/01  00:12:00,32.3,28.550462075062555,30.176207015607993,28.550462075062555,0.0,11014.128537932784,30.176207015607993,0.0,0.0,0.07572256000000001,26.25,0.0,30.14725818640549,0.07572256000000001,0.07572256000000001,0.0,0.0,0.07572256000000001,0.0,0.0,0.0,0.0,0.0,0.0,0.0 
 01/01  00:13:00,32.32,28.558190913533732,30.20642670198706,28.558190913533732,0.0,11051.123062908673,30.20642670198706,0.0,0.0,0.07572256000000001,26.25,0.0,30.176207015607993,0.07572256000000001,0.07572256000000001,0.0,0.0,0.07572256000000001,0.0,0.0,0.0,0.0,0.0,0.0,0.0 
 01/01  00:14:00,32.52,28.565423629915653,30.241371635433875,28.565423629915653,0.0,11085.745100838703,30.241371635433875,0.0,0.0,0.07572256000000001,26.25,0.0,30.20642670198706,0.07572256000000001,0.07572256000000001,0.0,0.0,0.07572256000000001,0.0,0.0,0.0,0.0,0.0,0.0,0.0 
 01/01  00:15:00,32.63,28.572314770336643,30.280517311622607,28.572314770336643,0.0,11118.732268573467,30.280517311622607,0.0,0.0,0.07572256000000001,26.25,0.0,30.241371635433875,0.07572256000000001,0.07572256000000001,0.0,0.0,0.07572256000000001,0.0,0.0,0.0,0.0,0.0,0.0,0.0 
 01/01  00:16:00,32.64,28.579093264481546,30.319740632888745,28.579093264481546,0.0,11151.180173781004,30.319740632888745,0.0,0.0,0.07572256000000001,26.25,0.0,30.280517311622607,0.07572256000000001,0.07572256000000001,0.0,0.0,0.07572256000000001,0.0,0.0,0.0,0.0,0.0,0.0,0.0 
 01/01  00:17:00,32.59,28.585863769149757,30.35483412206507,28.585863769149757,0.0,11183.58978304429,30.35483412206507,0.0,0.0,0.07572256000000001,26.25,0.0,30.319740632888745,0.07572256000000001,0.07572256000000001,0.0,0.0,0.07572256000000001,0.0,0.0,0.0,0.0,0.0,0.0,0.0 
 01/01  00:18:00,33.79,28.592690998807385,30.42145880619727,28.592690998807385,0.0,11216.270819324545,30.42145880619727,0.0,0.0,0.07572256000000001,26.25,0.0,30.35483412206507,0.07572256000000001,0.07572256000000001,0.0,0.0,0.07572256000000001,0.0,0.0,0.0,0.0,0.0,0.0,0.0 
 01/01  00:19:00,33.74,28.599475197250218,30.503068326043355,28.599475197250218,0.0,11248.748353199999,30.503068326043355,0.0,0.0,0.07572256000000001,26.25,0.0,30.42145880619727,0.07572256000000001,0.07572256000000001,0.0,0.0,0.07572256000000001,0.0,0.0,0.0,0.0,0.0,0.0,0.0 
 01/01  00:20:00,33.8,28.60614875030831,30.58594716748319,28.60614875030831,0.0,11280.697290142825,30.58594716748319,0.0,0.0,0.07572256000000001,26.25,0.0,30.503068326043355,0.07572256000000001,0.07572256000000001,0.0,0.0,0.07572256000000001,0.0,0.0,0.0,0.0,0.0,0.0,0.0 
 01/01  00:21:00,33.8,28.61271632980127,30.662793760125275,28.61271632980127,0.0,11312.139186307322,30.662793760125275,0.0,0.0,0.07572256000000001,26.25,0.0,30.58594716748319,0.07572256000000001,0.07572256000000001,0.0,0.0,0.07572256000000001,0.0,0.0,0.0,0.0,0.0,0.0,0.0 
 01/01  00:22:00,33.79,28.619186960680906,30.731578927754224,28.619186960680906,0.0,11343.116910783292,30.731578927754224,0.0,0.0,0.07572256000000001,26.25,0.0,30.662793760125275,0.07572256000000001,0.07572256000000001,0.0,0.0,0.07572256000000001,0.0,0.0,0.0,0.0,0.0,0.0,0.0 
 01/01  00:23:00,33.82,28.625587989852608,30.793948839333968,28.625587989852608,0.0,11373.761318524994,30.793948839333968,0.0,0.0,0.07572256000000001,26.25,0.0,30.731578927754224,0.07572256000000001,0.07572256000000001,0.0,0.0,0.07572256000000001,0.0,0.0,0.0,0.0,0.0,0.0,0.0 
 01/01  00:24:00,33.74,28.631910941476985,30.84831530660041,28.631910941476985,0.0,11404.0319306526,30.84831530660041,0.0,0.0,0.07572256000000001,26.25,0.0,30.793948839333968,0.07572256000000001,0.07572256000000001,0.0,0.0,0.07572256000000001,0.0,0.0,0.0,0.0,0.0,0.0,0.0 
 01/01  00:25:00,33.78,28.638172031442043,30.89742221888239,28.638172031442043,0.0,11434.006196521668,30.89742221888239,0.0,0.0,0.07572256000000001,26.25,0.0,30.84831530660041,0.07572256000000001,0.07572256000000001,0.0,0.0,0.07572256000000001,0.0,0.0,0.0,0.0,0.0,0.0,0.0 
 01/01  00:26:00,33.75,28.644361839542974,30.941399041132865,28.644361839542974,0.0,11463.639178960748,30.941399041132865,0.0,0.0,0.07572256000000001,26.25,0.0,30.89742221888239,0.07572256000000001,0.07572256000000001,0.0,0.0,0.07572256000000001,0.0,0.0,0.0,0.0,0.0,0.0,0.0 
 01/01  00:27:00,33.77,28.65049113275259,30.981607562349964,28.65049113275259,0.0,11492.98237670112,30.981607562349964,0.0,0.0,0.07572256000000001,26.25,0.0,30.941399041132865,0.07572256000000001,0.07572256000000001,0.0,0.0,0.07572256000000001,0.0,0.0,0.0,0.0,0.0,0.0,0.0 
 01/01  00:28:00,33.76,28.656552176856056,31.018153991617343,28.656552176856056,0.0,11521.998825699948,31.018153991617343,0.0,0.0,0.07572256000000001,26.25,0.0,30.981607562349964,0.07572256000000001,0.07572256000000001,0.0,0.0,0.07572256000000001,0.0,0.0,0.0,0.0,0.0,0.0,0.0 
 01/01  00:29:00,33.83,28.662558669351306,31.05344360230963,28.662558669351306,0.0,11550.754077549827,31.05344360230963,0.0,0.0,0.07572256000000001,26.25,0.0,31.018153991617343,0.07572256000000001,0.07572256000000001,0.0,0.0,0.07572256000000001,0.0,0.0,0.0,0.0,0.0,0.0,0.0 
 01/01  00:30:00,33.8,28.668498915646307,31.086000658940243,28.668498915646307,0.0,11579.192301988014,31.086000658940243,0.0,0.0,0.07572256000000001,26.25,0.0,31.05344360230963,0.07572256000000001,0.07572256000000001,0.0,0.0,0.07572256000000001,0.0,0.0,0.0,0.0,0.0,0.0,0.0 
 01/01  00:31:00,33.81,28.674381727964054,31.115850604557952,28.674381727964054,0.0,11607.355543608965,31.115850604557952,0.0,0.0,0.07572256000000001,26.25,0.0,31.086000658940243,0.07572256000000001,0.07572256000000001,0.0,0.0,0.07572256000000001,0.0,0.0,0.0,0.0,0.0,0.0,0.0 
 01/01  00:32:00,33.87,28.68020633060965,31.14489738860469,28.68020633060965,0.0,11635.240085892692,31.14489738860469,0.0,0.0,0.07572256000000001,26.25,0.0,31.115850604557952,0.07572256000000001,0.07572256000000001,0.0,0.0,0.07572256000000001,0.0,0.0,0.0,0.0,0.0,0.0,0.0 
 01/01  00:33:00,33.89,28.68597934042513,31.173140128933895,28.68597934042513,0.0,11662.877744514217,31.173140128933895,0.0,0.0,0.07572256000000001,26.25,0.0,31.14489738860469,0.07572256000000001,0.07572256000000001,0.0,0.0,0.07572256000000001,0.0,0.0,0.0,0.0,0.0,0.0,0.0 
 01/01  00:34:00,33.3,28.691653293468804,31.18207976060906,28.691653293468804,0.0,11690.041249086535,31.18207976060906,0.0,0.0,0.07572256000000001,26.25,0.0,31.173140128933895,0.07572256000000001,0.07572256000000001,0.0,0.0,0.07572256000000001,0.0,0.0,0.0,0.0,0.0,0.0,0.0 
 01/01  00:35:00,32.82,28.697239182822084,31.16477238649527,28.697239182822084,0.0,11716.781790857412,31.16477238649527,0.0,0.0,0.07572256000000001,26.25,0.0,31.18207976060906,0.07572256000000001,0.07572256000000001,0.0,0.0,0.07572256000000001,0.0,0.0,0.0,0.0,0.0,0.0,0.0 
 01/01  00:36:00,32.71,28.702776377291023,31.132674799150347,28.702776377291023,0.0,11743.287420653942,31.132674799150347,0.0,0.0,0.07572256000000001,26.25,0.0,31.16477238649527,0.07572256000000001,0.07572256000000001,0.0,0.0,0.07572256000000001,0.0,0.0,0.0,0.0,0.0,0.0,0.0 
 01/01  00:37:00,32.7,28.708295701540298,31.09770310915975,28.708295701540298,0.0,11769.70654296315,31.09770310915975,0.0,0.0,0.07572256000000001,26.25,0.0,31.132674799150347,0.07572256000000001,0.07572256000000001,0.0,0.0,0.07572256000000001,0.0,0.0,0.0,0.0,0.0,0.0,0.0 
 01/01  00:38:00,32.78,28.71379282717475,31.067925177724504,28.71379282717475,0.0,11796.019126033361,31.067925177724504,0.0,0.0,0.07572256000000001,26.25,0.0,31.09770310915975,0.07572256000000001,0.07572256000000001,0.0,0.0,0.07572256000000001,0.0,0.0,0.0,0.0,0.0,0.0,0.0 
 01/01  00:39:00,32.67,28.719249078092044,31.0401845733274,28.719249078092044,0.0,11822.13618075245,31.0401845733274,0.0,0.0,0.07572256000000001,26.25,0.0,31.067925177724504,0.07572256000000001,0.07572256000000001,0.0,0.0,0.07572256000000001,0.0,0.0,0.0,0.0,0.0,0.0,0.0 
 01/01  00:40:00,32.6,28.724650188982025,31.012253096634577,28.724650188982025,0.0,11847.989094853583,31.012253096634577,0.0,0.0,0.07572256000000001,26.25,0.0,31.0401845733274,0.07572256000000001,0.07572256000000001,0.0,0.0,0.07572256000000001,0.0,0.0,0.0,0.0,0.0,0.0,0.0 
 01/01  00:41:00,32.73,28.730017176839365,30.989329914169424,28.730017176839365,0.0,11873.67836668207,30.989329914169424,0.0,0.0,0.07572256000000001,26.25,0.0,31.012253096634577,0.07572256000000001,0.07572256000000001,0.0,0.0,0.07572256000000001,0.0,0.0,0.0,0.0,0.0,0.0,0.0 
 01/01  00:42:00,32.72,28.735341195840522,30.970479965885406,28.735341195840522,0.0,11899.162077450173,30.970479965885406,0.0,0.0,0.07572256000000001,26.25,0.0,30.989329914169424,0.07572256000000001,0.07572256000000001,0.0,0.0,0.07572256000000001,0.0,0.0,0.0,0.0,0.0,0.0,0.0 
 01/01  00:43:00,32.53,28.740611528177684,30.948620784238788,28.740611528177684,0.0,11924.388829790778,30.948620784238788,0.0,0.0,0.07572256000000001,26.25,0.0,30.970479965885406,0.07572256000000001,0.07572256000000001,0.0,0.0,0.07572256000000001,0.0,0.0,0.0,0.0,0.0,0.0,0.0 
 01/01  00:44:00,32.63,28.745841588127014,30.928475423982665,28.745841588127014,0.0,11949.422338297627,30.928475423982665,0.0,0.0,0.07572256000000001,26.25,0.0,30.948620784238788,0.07572256000000001,0.07572256000000001,0.0,0.0,0.07572256000000001,0.0,0.0,0.0,0.0,0.0,0.0,0.0 
 01/01  00:45:00,32.74,28.751046437490928,30.914336305105824,28.751046437490928,0.0,11974.335129940873,30.914336305105824,0.0,0.0,0.07572256000000001,26.25,0.0,30.928475423982665,0.07572256000000001,0.07572256000000001,0.0,0.0,0.07572256000000001,0.0,0.0,0.0,0.0,0.0,0.0,0.0 
 01/01  00:46:00,32.73,28.75621185842025,30.90407006339289,28.75621185842025,0.0,11999.059435644085,30.90407006339289,0.0,0.0,0.07572256000000001,26.25,0.0,30.914336305105824,0.07572256000000001,0.07572256000000001,0.0,0.0,0.07572256000000001,0.0,0.0,0.0,0.0,0.0,0.0,0.0 
 01/01  00:47:00,32.63,28.76133112745555,30.89273850878964,28.76133112745555,0.0,12023.56288353567,30.89273850878964,0.0,0.0,0.07572256000000001,26.25,0.0,30.90407006339289,0.07572256000000001,0.07572256000000001,0.0,0.0,0.07572256000000001,0.0,0.0,0.0,0.0,0.0,0.0,0.0 
 01/01  00:48:00,32.52,28.76639974692328,30.877472019092902,28.76639974692328,0.0,12047.8236019194,30.877472019092902,0.0,0.0,0.07572256000000001,26.25,0.0,30.89273850878964,0.07572256000000001,0.07572256000000001,0.0,0.0,0.07572256000000001,0.0,0.0,0.0,0.0,0.0,0.0,0.0 
 01/01  00:49:00,32.69,28.771446889385665,30.865988699356887,28.771446889385665,0.0,12071.981096811933,30.865988699356887,0.0,0.0,0.07572256000000001,26.25,0.0,30.877472019092902,0.07572256000000001,0.07572256000000001,0.0,0.0,0.07572256000000001,0.0,0.0,0.0,0.0,0.0,0.0,0.0 
 01/01  00:50:00,32.63,28.77646023143874,30.856365148806944,28.77646023143874,0.0,12095.9769732126,30.856365148806944,0.0,0.0,0.07572256000000001,26.25,0.0,30.865988699356887,0.07572256000000001,0.07572256000000001,0.0,0.0,0.07572256000000001,0.0,0.0,0.0,0.0,0.0,0.0,0.0 
 01/01  00:51:00,30.73,28.781313270898544,30.790528443952045,28.781313270898544,0.0,12119.205371639346,30.790528443952045,0.0,0.0,0.07572256000000001,26.25,0.0,30.856365148806944,0.07572256000000001,0.07572256000000001,0.0,0.0,0.07572256000000001,0.0,0.0,0.0,0.0,0.0,0.0,0.0 
 01/01  00:52:00,29.71,28.786049849210947,30.662847312515613,28.786049849210947,0.0,12141.87194517739,30.662847312515613,0.0,0.0,0.07572256000000001,26.25,0.0,30.790528443952045,0.07572256000000001,0.07572256000000001,0.0,0.0,0.07572256000000001,0.0,0.0,0.0,0.0,0.0,0.0,0.0 
 01/01  00:53:00,29.74,28.790810780300344,30.515095451596824,28.790810780300344,0.0,12164.650865028052,30.515095451596824,0.0,0.0,0.07572256000000001,26.25,0.0,30.662847312515613,0.07572256000000001,0.07572256000000001,0.0,0.0,0.07572256000000001,0.0,0.0,0.0,0.0,0.0,0.0,0.0 
 01/01  00:54:00,29.8,28.795629122470054,30.375451130428555,28.795629122470054,0.0,12187.703177791864,30.375451130428555,0.0,0.0,0.07572256000000001,26.25,0.0,30.515095451596824,0.07572256000000001,0.07572256000000001,0.0,0.0,0.07572256000000001,0.0,0.0,0.0,0.0,0.0,0.0,0.0 
 01/01  00:55:00,29.86,28.800476980331336,30.253281148651308,28.800476980331336,0.0,12210.89675910578,30.253281148651308,0.0,0.0,0.07572256000000001,26.25,0.0,30.375451130428555,0.07572256000000001,0.07572256000000001,0.0,0.0,0.07572256000000001,0.0,0.0,0.0,0.0,0.0,0.0,0.0 
 01/01  00:56:00,29.86,28.8053089649412,30.146595329356952,28.8053089649412,0.0,12234.014615835149,30.146595329356952,0.0,0.0,0.07572256000000001,26.25,0.0,30.253281148651308,0.07572256000000001,0.07572256000000001,0.0,0.0,0.07572256000000001,0.0,0.0,0.0,0.0,0.0,0.0,0.0 
 01/01  00:57:00,30.06,28.8101232528454,30.057803431729717,28.8101232528454,0.0,12257.047848559432,30.057803431729717,0.0,0.0,0.07572256000000001,26.25,0.0,30.146595329356952,0.07572256000000001,0.07572256000000001,0.0,0.0,0.07572256000000001,0.0,0.0,0.0,0.0,0.0,0.0,0.0 
 01/01  00:58:00,30.12,28.81490737432918,29.983513933845554,28.81490737432918,0.0,12279.937044106573,29.983513933845554,0.0,0.0,0.07572256000000001,26.25,0.0,30.057803431729717,0.07572256000000001,0.07572256000000001,0.0,0.0,0.07572256000000001,0.0,0.0,0.0,0.0,0.0,0.0,0.0 
 01/01  00:59:00,30.23,28.819665582293517,29.92200697823459,28.819665582293517,0.0,12302.702441744796,29.92200697823459,0.0,0.0,0.07572256000000001,26.25,0.0,29.983513933845554,0.07572256000000001,0.07572256000000001,0.0,0.0,0.07572256000000001,0.0,0.0,0.0,0.0,0.0,0.0,0.0 
 01/01  01:00:00,30.37,28.8243988540686,29.87306868128712,28.8243988540686,0.0,12325.348726304092,29.87306868128712,0.0,0.0,0.07572256000000001,26.25,0.0,29.92200697823459,0.07572256000000001,0.07572256000000001,0.0,0.0,0.07572256000000001,0.0,0.0,0.0,0.0,0.0,0.0,0.0,49104000.0 
 01/01  01:01:00,30.38,28.829102703534403,29.832288231584165,28.829102703534403,0.0,12347.854506241983,29.832288231584165,0.0,0.0,0.07572256000000001,26.25,0.0,29.87306868128712,0.07572256000000001,0.07572256000000001,0.0,0.0,0.07572256000000001,0.0,0.0,0.0,0.0,0.0,0.0,0.0 
 01/01  01:02:00,30.41,28.833773648808368,29.797214206711555,28.833773648808368,0.0,12370.202879268054,29.797214206711555,0.0,0.0,0.07572256000000001,26.25,0.0,29.832288231584165,0.07572256000000001,0.07572256000000001,0.0,0.0,0.07572256000000001,0.0,0.0,0.0,0.0,0.0,0.0,0.0 
 01/01  01:03:00,30.31,28.838409257539674,29.76290187189956,28.838409257539674,0.0,12392.382116602466,29.76290187189956,0.0,0.0,0.07572256000000001,26.25,0.0,29.797214206711555,0.07572256000000001,0.07572256000000001,0.0,0.0,0.07572256000000001,0.0,0.0,0.0,0.0,0.0,0.0,0.0 
 01/01  01:04:00,30.35,28.843018027930935,29.730970105199443,28.843018027930935,0.0,12414.432618972205,29.730970105199443,0.0,0.0,0.07572256000000001,26.25,0.0,29.76290187189956,0.07572256000000001,0.07572256000000001,0.0,0.0,0.07572256000000001,0.0,0.0,0.0,0.0,0.0,0.0,0.0 
 01/01  01:05:00,30.65,28.847626877129414,29.71098897642443,28.847626877129414,0.0,12436.483425443967,29.71098897642443,0.0,0.0,0.07572256000000001,26.25,0.0,29.730970105199443,0.07572256000000001,0.07572256000000001,0.0,0.0,0.07572256000000001,0.0,0.0,0.0,0.0,0.0,0.0,0.0 
 01/01  01:06:00,32.97,28.852369491220944,29.768366988582166,28.852369491220944,0.0,12459.175261050132,29.768366988582166,0.0,0.0,0.07572256000000001,26.25,0.0,29.71098897642443,0.07572256000000001,0.07572256000000001,0.0,0.0,0.07572256000000001,0.0,0.0,0.0,0.0,0.0,0.0,0.0 
 01/01  01:07:00,32.87,28.85708814759601,29.864748082779904,28.85708814759601,0.0,12481.757979034528,29.864748082779904,0.0,0.0,0.07572256000000001,26.25,0.0,29.768366988582166,0.07572256000000001,0.07572256000000001,0.0,0.0,0.07572256000000001,0.0,0.0,0.0,0.0,0.0,0.0,0.0 
 01/01  01:08:00,32.85,28.861699873823174,29.965919107026924,28.861699873823174,0.0,12503.831171327092,29.965919107026924,0.0,0.0,0.07572256000000001,26.25,0.0,29.864748082779904,0.07572256000000001,0.07572256000000001,0.0,0.0,0.07572256000000001,0.0,0.0,0.0,0.0,0.0,0.0,0.0 
 01/01  01:09:00,32.89,28.866225492687963,30.05930471327683,28.866225492687963,0.0,12525.492456580014,30.05930471327683,0.0,0.0,0.07572256000000001,26.25,0.0,29.965919107026924,0.07572256000000001,0.07572256000000001,0.0,0.0,0.07572256000000001,0.0,0.0,0.0,0.0,0.0,0.0,0.0 
 01/01  01:10:00,33.05,28.870710433163556,30.147187583704124,28.870710433163556,0.0,12546.95890013485,30.147187583704124,0.0,0.0,0.07572256000000001,26.25,0.0,30.05930471327683,0.07572256000000001,0.07572256000000001,0.0,0.0,0.07572256000000001,0.0,0.0,0.0,0.0,0.0,0.0,0.0 
 01/01  01:11:00,33.03,28.875170183991578,30.228044380195275,28.875170183991578,0.0,12568.305026979042,30.228044380195275,0.0,0.0,0.07572256000000001,26.25,0.0,30.147187583704124,0.07572256000000001,0.07572256000000001,0.0,0.0,0.07572256000000001,0.0,0.0,0.0,0.0,0.0,0.0,0.0 
 01/01  01:12:00,33.06,28.879605818819595,30.302408029116624,28.879605818819595,0.0,12589.535787471177,30.302408029116624,0.0,0.0,0.07572256000000001,26.25,0.0,30.228044380195275,0.07572256000000001,0.07572256000000001,0.0,0.0,0.07572256000000001,0.0,0.0,0.0,0.0,0.0,0.0,0.0 
 01/01  01:13:00,33.08,28.884019792018275,30.370896011262705,28.884019792018275,0.0,12610.662907617398,30.370896011262705,0.0,0.0,0.07572256000000001,26.25,0.0,30.302408029116624,0.07572256000000001,0.07572256000000001,0.0,0.0,0.07572256000000001,0.0,0.0,0.0,0.0,0.0,0.0,0.0 
 01/01  01:14:00,33.12,28.888409798588714,30.43469165372057,28.888409798588714,0.0,12631.675342804465,30.43469165372057,0.0,0.0,0.07572256000000001,26.25,0.0,30.370896011262705,0.07572256000000001,0.07572256000000001,0.0,0.0,0.07572256000000001,0.0,0.0,0.0,0.0,0.0,0.0,0.0 
 01/01  01:15:00,33.14,28.892777712522804,30.494047657453564,28.892777712522804,0.0,12652.58211321011,30.494047657453564,0.0,0.0,0.07572256000000001,26.25,0.0,30.43469165372057,0.07572256000000001,0.07572256000000001,0.0,0.0,0.07572256000000001,0.0,0.0,0.0,0.0,0.0,0.0,0.0 
 01/01  01:16:00,33.18,28.897121411640427,30.54973832145878,28.897121411640427,0.0,12673.373035394934,30.54973832145878,0.0,0.0,0.07572256000000001,26.25,0.0,30.494047657453564,0.07572256000000001,0.07572256000000001,0.0,0.0,0.07572256000000001,0.0,0.0,0.0,0.0,0.0,0.0,0.0 
 01/01  01:17:00,33.23,28.901444953199878,30.60267590575236,28.901444953199878,0.0,12694.067565191217,30.60267590575236,0.0,0.0,0.07572256000000001,26.25,0.0,30.54973832145878,0.07572256000000001,0.07572256000000001,0.0,0.0,0.07572256000000001,0.0,0.0,0.0,0.0,0.0,0.0,0.0 
 01/01  01:18:00,33.24,28.90574225015186,30.65222873289656,28.90574225015186,0.0,12714.636604353209,30.65222873289656,0.0,0.0,0.07572256000000001,26.25,0.0,30.60267590575236,0.07572256000000001,0.07572256000000001,0.0,0.0,0.07572256000000001,0.0,0.0,0.0,0.0,0.0,0.0,0.0 
 01/01  01:19:00,33.08,28.910004019069696,30.6929519887009,28.910004019069696,0.0,12735.035626728031,30.6929519887009,0.0,0.0,0.07572256000000001,26.25,0.0,30.65222873289656,0.07572256000000001,0.07572256000000001,0.0,0.0,0.07572256000000001,0.0,0.0,0.0,0.0,0.0,0.0,0.0 
 01/01  01:20:00,32.87,28.914223253252253,30.720612181185196,28.914223253252253,0.0,12755.230621002001,30.720612181185196,0.0,0.0,0.07572256000000001,26.25,0.0,30.6929519887009,0.07572256000000001,0.07572256000000001,0.0,0.0,0.07572256000000001,0.0,0.0,0.0,0.0,0.0,0.0,0.0 
 01/01  01:21:00,32.66,28.918408760778846,30.734255689725885,28.918408760778846,0.0,12775.26341685545,30.734255689725885,0.0,0.0,0.07572256000000001,26.25,0.0,30.720612181185196,0.07572256000000001,0.07572256000000001,0.0,0.0,0.07572256000000001,0.0,0.0,0.0,0.0,0.0,0.0,0.0 
 01/01  01:22:00,32.68,28.92257916867259,30.741652115527945,28.92257916867259,0.0,12795.223093380591,30.741652115527945,0.0,0.0,0.07572256000000001,26.25,0.0,30.734255689725885,0.07572256000000001,0.07572256000000001,0.0,0.0,0.07572256000000001,0.0,0.0,0.0,0.0,0.0,0.0,0.0 
 01/01  01:23:00,32.63,28.926737883227425,30.745901998861967,28.926737883227425,0.0,12815.12651660978,30.745901998861967,0.0,0.0,0.07572256000000001,26.25,0.0,30.741652115527945,0.07572256000000001,0.07572256000000001,0.0,0.0,0.07572256000000001,0.0,0.0,0.0,0.0,0.0,0.0,0.0 
 01/01  01:24:00,32.71,28.93088345586478,30.751592867125975,28.93088345586478,0.0,12834.966870447597,30.751592867125975,0.0,0.0,0.07572256000000001,26.25,0.0,30.745901998861967,0.07572256000000001,0.07572256000000001,0.0,0.0,0.07572256000000001,0.0,0.0,0.0,0.0,0.0,0.0,0.0 
 01/01  01:25:00,32.45,28.93499247650349,30.75069999513881,28.93499247650349,0.0,12854.632373743907,30.75069999513881,0.0,0.0,0.07572256000000001,26.25,0.0,30.751592867125975,0.07572256000000001,0.07572256000000001,0.0,0.0,0.07572256000000001,0.0,0.0,0.0,0.0,0.0,0.0,0.0 
 01/01  01:26:00,32.55,28.93907824775542,30.74869729887821,28.93907824775542,0.0,12874.186015963342,30.74869729887821,0.0,0.0,0.07572256000000001,26.25,0.0,30.75069999513881,0.07572256000000001,0.07572256000000001,0.0,0.0,0.07572256000000001,0.0,0.0,0.0,0.0,0.0,0.0,0.0 
 01/01  01:27:00,32.7,28.943156534143814,30.751844591857736,28.943156534143814,0.0,12893.703759222071,30.751844591857736,0.0,0.0,0.07572256000000001,26.25,0.0,30.74869729887821,0.07572256000000001,0.07572256000000001,0.0,0.0,0.07572256000000001,0.0,0.0,0.0,0.0,0.0,0.0,0.0 
 01/01  01:28:00,32.71,28.94721216811187,30.758520843990066,28.94721216811187,0.0,12913.11345158535,30.758520843990066,0.0,0.0,0.07572256000000001,26.25,0.0,30.751844591857736,0.07572256000000001,0.07572256000000001,0.0,0.0,0.07572256000000001,0.0,0.0,0.0,0.0,0.0,0.0,0.0 
 01/01  01:29:00,32.72,28.951240149793694,30.766474632560847,28.951240149793694,0.0,12932.390974534355,30.766474632560847,0.0,0.0,0.07572256000000001,26.25,0.0,30.758520843990066,0.07572256000000001,0.07572256000000001,0.0,0.0,0.07572256000000001,0.0,0.0,0.0,0.0,0.0,0.0,0.0 
 01/01  01:30:00,32.71,28.95523490052202,30.773956212878605,28.95523490052202,0.0,12951.509465180761,30.773956212878605,0.0,0.0,0.07572256000000001,26.25,0.0,30.766474632560847,0.07572256000000001,0.07572256000000001,0.0,0.0,0.07572256000000001,0.0,0.0,0.0,0.0,0.0,0.0,0.0 
 01/01  01:31:00,32.65,28.959198470877134,30.778821483948818,28.959198470877134,0.0,12970.478641102618,30.778821483948818,0.0,0.0,0.07572256000000001,26.25,0.0,30.773956212878605,0.07572256000000001,0.07572256000000001,0.0,0.0,0.07572256000000001,0.0,0.0,0.0,0.0,0.0,0.0,0.0 
 01/01  01:32:00,32.79,28.963143069865055,30.78620213036132,28.963143069865055,0.0,12989.356803125438,30.78620213036132,0.0,0.0,0.07572256000000001,26.25,0.0,30.778821483948818,0.07572256000000001,0.07572256000000001,0.0,0.0,0.07572256000000001,0.0,0.0,0.0,0.0,0.0,0.0,0.0 
 01/01  01:33:00,32.76,28.967064644183026,30.79435659676993,28.967064644183026,0.0,13008.124979693894,30.79435659676993,0.0,0.0,0.07572256000000001,26.25,0.0,30.78620213036132,0.07572256000000001,0.07572256000000001,0.0,0.0,0.07572256000000001,0.0,0.0,0.0,0.0,0.0,0.0,0.0 
 01/01  01:34:00,32.54,28.97094187547776,30.79560454812004,28.97094187547776,0.0,13026.680923188023,30.79560454812004,0.0,0.0,0.07572256000000001,26.25,0.0,30.79435659676993,0.07572256000000001,0.07572256000000001,0.0,0.0,0.07572256000000001,0.0,0.0,0.0,0.0,0.0,0.0,0.0 
 01/01  01:35:00,32.58,28.97479448145531,30.793745469638495,28.97479448145531,0.0,13045.118411266722,30.793745469638495,0.0,0.0,0.07572256000000001,26.25,0.0,30.79560454812004,0.07572256000000001,0.07572256000000001,0.0,0.0,0.07572256000000001,0.0,0.0,0.0,0.0,0.0,0.0,0.0 
 01/01  01:36:00,32.56,28.978625038881276,30.790773870298963,28.978625038881276,0.0,13063.450141361545,30.790773870298963,0.0,0.0,0.07572256000000001,26.25,0.0,30.793745469638495,0.07572256000000001,0.07572256000000001,0.0,0.0,0.07572256000000001,0.0,0.0,0.0,0.0,0.0,0.0,0.0 
 01/01  01:37:00,31.46,28.98236336352071,30.754806964550465,28.98236336352071,0.0,13081.340220539605,30.754806964550465,0.0,0.0,0.07572256000000001,26.25,0.0,30.790773870298963,0.07572256000000001,0.07572256000000001,0.0,0.0,0.07572256000000001,0.0,0.0,0.0,0.0,0.0,0.0,0.0 
 01/01  01:38:00,31.43,28.98606956043073,30.700077737462895,28.98606956043073,0.0,13099.073801451295,30.700077737462895,0.0,0.0,0.07572256000000001,26.25,0.0,30.754806964550465,0.07572256000000001,0.07572256000000001,0.0,0.0,0.07572256000000001,0.0,0.0,0.0,0.0,0.0,0.0,0.0 
 01/01  01:39:00,31.41,28.98978602816253,30.642002938983428,28.98978602816253,0.0,13116.855151792915,30.642002938983428,0.0,0.0,0.07572256000000001,26.25,0.0,30.700077737462895,0.07572256000000001,0.07572256000000001,0.0,0.0,0.07572256000000001,0.0,0.0,0.0,0.0,0.0,0.0,0.0 
 01/01  01:40:00,31.49,28.993514093433053,30.590631107328832,28.993514093433053,0.0,13134.691646166993,30.590631107328832,0.0,0.0,0.07572256000000001,26.25,0.0,30.642002938983428,0.07572256000000001,0.07572256000000001,0.0,0.0,0.07572256000000001,0.0,0.0,0.0,0.0,0.0,0.0,0.0 
 01/01  01:41:00,31.48,28.997234992805666,30.546307319065303,28.997234992805666,0.0,13152.494014180693,30.546307319065303,0.0,0.0,0.07572256000000001,26.25,0.0,30.590631107328832,0.07572256000000001,0.07572256000000001,0.0,0.0,0.07572256000000001,0.0,0.0,0.0,0.0,0.0,0.0,0.0 
 01/01  01:42:00,31.45,29.00092952787991,30.50651772656286,29.00092952787991,0.0,13170.170261882176,30.50651772656286,0.0,0.0,0.07572256000000001,26.25,0.0,30.546307319065303,0.07572256000000001,0.07572256000000001,0.0,0.0,0.07572256000000001,0.0,0.0,0.0,0.0,0.0,0.0,0.0 
 01/01  01:43:00,31.21,29.004582894240198,30.46310236786452,29.004582894240198,0.0,13187.649346338312,30.46310236786452,0.0,0.0,0.07572256000000001,26.25,0.0,30.50651772656286,0.07572256000000001,0.07572256000000001,0.0,0.0,0.07572256000000001,0.0,0.0,0.0,0.0,0.0,0.0,0.0 
 01/01  01:44:00,30.92,29.008190335344718,30.410208020822576,29.008190335344718,0.0,13204.907927831619,30.410208020822576,0.0,0.0,0.07572256000000001,26.25,0.0,30.46310236786452,0.07572256000000001,0.07572256000000001,0.0,0.0,0.07572256000000001,0.0,0.0,0.0,0.0,0.0,0.0,0.0 
 01/01  01:45:00,32.5,29.011889296432752,30.402473546746435,29.011889296432752,0.0,13222.603659264187,30.402473546746435,0.0,0.0,0.07572256000000001,26.25,0.0,30.410208020822576,0.07572256000000001,0.07572256000000001,0.0,0.0,0.07572256000000001,0.0,0.0,0.0,0.0,0.0,0.0,0.0 
 01/01  01:46:00,33.43,29.01565255815064,30.45196244041967,29.01565255815064,0.0,13240.610617745997,30.45196244041967,0.0,0.0,0.07572256000000001,26.25,0.0,30.402473546746435,0.07572256000000001,0.07572256000000001,0.0,0.0,0.07572256000000001,0.0,0.0,0.0,0.0,0.0,0.0,0.0 
 01/01  01:47:00,33.56,29.019372111512865,30.529684371612976,29.019372111512865,0.0,13258.41249035233,30.529684371612976,0.0,0.0,0.07572256000000001,26.25,0.0,30.45196244041967,0.07572256000000001,0.07572256000000001,0.0,0.0,0.07572256000000001,0.0,0.0,0.0,0.0,0.0,0.0,0.0 
 01/01  01:48:00,33.67,29.02300798280331,30.6139262561473,29.02300798280331,0.0,13275.815643914311,30.6139262561473,0.0,0.0,0.07572256000000001,26.25,0.0,30.529684371612976,0.07572256000000001,0.07572256000000001,0.0,0.0,0.07572256000000001,0.0,0.0,0.0,0.0,0.0,0.0,0.0 
 01/01  01:49:00,33.72,29.02657787671404,30.694421272812935,29.02657787671404,0.0,13292.903566738123,30.694421272812935,0.0,0.0,0.07572256000000001,26.25,0.0,30.6139262561473,0.07572256000000001,0.07572256000000001,0.0,0.0,0.07572256000000001,0.0,0.0,0.0,0.0,0.0,0.0,0.0 
 01/01  01:50:00,33.71,29.030102865071612,30.76712558646137,29.030102865071612,0.0,13309.776675246012,30.76712558646137,0.0,0.0,0.07572256000000001,26.25,0.0,30.694421272812935,0.07572256000000001,0.07572256000000001,0.0,0.0,0.07572256000000001,0.0,0.0,0.0,0.0,0.0,0.0,0.0 
 01/01  01:51:00,33.68,29.033600747918513,30.831174080168257,29.033600747918513,0.0,13326.519979651039,30.831174080168257,0.0,0.0,0.07572256000000001,26.25,0.0,30.76712558646137,0.07572256000000001,0.07572256000000001,0.0,0.0,0.07572256000000001,0.0,0.0,0.0,0.0,0.0,0.0,0.0 
 01/01  01:52:00,33.72,29.03708017204404,30.889283241865787,29.03708017204404,0.0,13343.174786854097,30.889283241865787,0.0,0.0,0.07572256000000001,26.25,0.0,30.831174080168257,0.07572256000000001,0.07572256000000001,0.0,0.0,0.07572256000000001,0.0,0.0,0.0,0.0,0.0,0.0,0.0 
 01/01  01:53:00,33.7,29.040541754457266,30.941771646152393,29.040541754457266,0.0,13359.744220994262,30.941771646152393,0.0,0.0,0.07572256000000001,26.25,0.0,30.889283241865787,0.07572256000000001,0.07572256000000001,0.0,0.0,0.07572256000000001,0.0,0.0,0.0,0.0,0.0,0.0,0.0 
 01/01  01:54:00,33.76,29.043985988472755,30.991041940503877,29.043985988472755,0.0,13376.230581666314,30.991041940503877,0.0,0.0,0.07572256000000001,26.25,0.0,30.941771646152393,0.07572256000000001,0.07572256000000001,0.0,0.0,0.07572256000000001,0.0,0.0,0.0,0.0,0.0,0.0,0.0 
 01/01  01:55:00,33.78,29.04741312553738,31.037469971843045,29.04741312553738,0.0,13392.635230496835,31.037469971843045,0.0,0.0,0.07572256000000001,26.25,0.0,30.991041940503877,0.07572256000000001,0.07572256000000001,0.0,0.0,0.07572256000000001,0.0,0.0,0.0,0.0,0.0,0.0,0.0 
 01/01  01:56:00,33.74,29.050815247061397,31.07922879261086,29.050815247061397,0.0,13408.920237983457,31.07922879261086,0.0,0.0,0.07572256000000001,26.25,0.0,31.037469971843045,0.07572256000000001,0.07572256000000001,0.0,0.0,0.07572256000000001,0.0,0.0,0.0,0.0,0.0,0.0,0.0 
 01/01  01:57:00,33.72,29.054195738759127,31.115985903543898,29.054195738759127,0.0,13425.101621661943,31.115985903543898,0.0,0.0,0.07572256000000001,26.25,0.0,31.07922879261086,0.07572256000000001,0.07572256000000001,0.0,0.0,0.07572256000000001,0.0,0.0,0.0,0.0,0.0,0.0,0.0 
 01/01  01:58:00,33.71,29.057555463808946,31.148416933413202,29.057555463808946,0.0,13441.183475421085,31.148416933413202,0.0,0.0,0.07572256000000001,26.25,0.0,31.115985903543898,0.07572256000000001,0.07572256000000001,0.0,0.0,0.07572256000000001,0.0,0.0,0.0,0.0,0.0,0.0,0.0 
 01/01  01:59:00,33.77,29.06090310821966,31.17930422632542,29.06090310821966,0.0,13457.207418141288,31.17930422632542,0.0,0.0,0.07572256000000001,26.25,0.0,31.148416933413202,0.07572256000000001,0.07572256000000001,0.0,0.0,0.07572256000000001,0.0,0.0,0.0,0.0,0.0,0.0,0.0 
 01/01  02:00:00,33.8,29.06423487503338,31.20940257303849,29.06423487503338,0.0,13473.155481547965,31.20940257303849,0.0,0.0,0.07572256000000001,26.25,0.0,31.17930422632542,0.07572256000000001,0.07572256000000001,0.0,0.0,0.07572256000000001,0.0,0.0,0.0,0.0,0.0,0.0,0.0,49104000.0 
 01/01  02:01:00,33.78,29.067547170849274,31.237236852819553,29.067547170849274,0.0,13489.010481088717,31.237236852819553,0.0,0.0,0.07572256000000001,26.25,0.0,31.20940257303849,0.07572256000000001,0.07572256000000001,0.0,0.0,0.07572256000000001,0.0,0.0,0.0,0.0,0.0,0.0,0.0 
 01/01  02:02:00,32.71,29.070766419820135,31.230471182722,29.070766419820135,0.0,13504.420018058909,31.230471182722,0.0,0.0,0.07572256000000001,26.25,0.0,31.237236852819553,0.07572256000000001,0.07572256000000001,0.0,0.0,0.07572256000000001,0.0,0.0,0.0,0.0,0.0,0.0,0.0 
 01/01  02:03:00,32.56,29.073951667631487,31.199112684155168,29.073951667631487,0.0,13519.66393472324,31.199112684155168,0.0,0.0,0.07572256000000001,26.25,0.0,31.230471182722,0.07572256000000001,0.07572256000000001,0.0,0.0,0.07572256000000001,0.0,0.0,0.0,0.0,0.0,0.0,0.0 
 01/01  02:04:00,32.5,29.077145755410875,31.158810238158477,29.077145755410875,0.0,13534.948378456438,31.158810238158477,0.0,0.0,0.07572256000000001,26.25,0.0,31.199112684155168,0.07572256000000001,0.07572256000000001,0.0,0.0,0.07572256000000001,0.0,0.0,0.0,0.0,0.0,0.0,0.0 
 01/01  02:05:00,32.55,29.080361113882482,31.121077300347967,29.080361113882482,0.0,13550.33400743052,31.121077300347967,0.0,0.0,0.07572256000000001,26.25,0.0,31.158810238158477,0.07572256000000001,0.07572256000000001,0.0,0.0,0.07572256000000001,0.0,0.0,0.0,0.0,0.0,0.0,0.0 
 01/01  02:06:00,32.64,29.083583553392263,31.09122718711834,29.083583553392263,0.0,13565.753587355784,31.09122718711834,0.0,0.0,0.07572256000000001,26.25,0.0,31.121077300347967,0.07572256000000001,0.07572256000000001,0.0,0.0,0.07572256000000001,0.0,0.0,0.0,0.0,0.0,0.0,0.0 
 01/01  02:07:00,32.68,29.086796591828488,31.068562232925355,29.086796591828488,0.0,13581.128496687297,31.068562232925355,0.0,0.0,0.07572256000000001,26.25,0.0,31.09122718711834,0.07572256000000001,0.07572256000000001,0.0,0.0,0.07572256000000001,0.0,0.0,0.0,0.0,0.0,0.0,0.0 
 01/01  02:08:00,32.63,29.089983047218215,31.048652221203245,29.089983047218215,0.0,13596.376392077982,31.048652221203245,0.0,0.0,0.07572256000000001,26.25,0.0,31.068562232925355,0.07572256000000001,0.07572256000000001,0.0,0.0,0.07572256000000001,0.0,0.0,0.0,0.0,0.0,0.0,0.0 
 01/01  02:09:00,32.6,29.093145196928724,31.029385578412526,29.093145196928724,0.0,13611.507862164426,31.029385578412526,0.0,0.0,0.07572256000000001,26.25,0.0,31.048652221203245,0.07572256000000001,0.07572256000000001,0.0,0.0,0.07572256000000001,0.0,0.0,0.0,0.0,0.0,0.0,0.0 
 01/01  02:10:00,32.37,29.096272342743283,31.00420489397365,29.096272342743283,0.0,13626.471598076123,31.00420489397365,0.0,0.0,0.07572256000000001,26.25,0.0,31.029385578412526,0.07572256000000001,0.07572256000000001,0.0,0.0,0.07572256000000001,0.0,0.0,0.0,0.0,0.0,0.0,0.0 
 01/01  02:11:00,32.58,29.099398250685713,30.983023142265157,29.099398250685713,0.0,13641.428739477751,30.983023142265157,0.0,0.0,0.07572256000000001,26.25,0.0,31.00420489397365,0.07572256000000001,0.07572256000000001,0.0,0.0,0.07572256000000001,0.0,0.0,0.0,0.0,0.0,0.0,0.0 
 01/01  02:12:00,32.79,29.102530434985503,30.97276060963108,29.102530434985503,0.0,13656.41614988317,30.97276060963108,0.0,0.0,0.07572256000000001,26.25,0.0,30.983023142265157,0.07572256000000001,0.07572256000000001,0.0,0.0,0.07572256000000001,0.0,0.0,0.0,0.0,0.0,0.0,0.0 
 01/01  02:13:00,32.72,29.10564431724184,30.966925631787355,29.10564431724184,0.0,13671.316678224439,30.966925631787355,0.0,0.0,0.07572256000000001,26.25,0.0,30.97276060963108,0.07572256000000001,0.07572256000000001,0.0,0.0,0.07572256000000001,0.0,0.0,0.0,0.0,0.0,0.0,0.0 
 01/01  02:14:00,32.8,29.10873628350999,30.964650338848937,29.10873628350999,0.0,13686.112425644242,30.964650338848937,0.0,0.0,0.07572256000000001,26.25,0.0,30.966925631787355,0.07572256000000001,0.07572256000000001,0.0,0.0,0.07572256000000001,0.0,0.0,0.0,0.0,0.0,0.0,0.0 
 01/01  02:15:00,32.82,29.111808730334253,30.964548697359614,29.111808730334253,0.0,13700.814889460225,30.964548697359614,0.0,0.0,0.07572256000000001,26.25,0.0,30.964650338848937,0.07572256000000001,0.07572256000000001,0.0,0.0,0.07572256000000001,0.0,0.0,0.0,0.0,0.0,0.0,0.0 
 01/01  02:16:00,32.89,29.114865116405895,30.96731701900213,29.114865116405895,0.0,13715.440568005006,30.96731701900213,0.0,0.0,0.07572256000000001,26.25,0.0,30.964548697359614,0.07572256000000001,0.07572256000000001,0.0,0.0,0.07572256000000001,0.0,0.0,0.0,0.0,0.0,0.0,0.0 
 01/01  02:17:00,32.81,29.1178996322313,30.968974035816316,29.1178996322313,0.0,13729.9617472941,30.968974035816316,0.0,0.0,0.07572256000000001,26.25,0.0,30.96731701900213,0.07572256000000001,0.07572256000000001,0.0,0.0,0.07572256000000001,0.0,0.0,0.0,0.0,0.0,0.0,0.0 
 01/01  02:18:00,32.77,29.120911757253154,30.968243633371213,29.120911757253154,0.0,13744.375598470688,30.968243633371213,0.0,0.0,0.07572256000000001,26.25,0.0,30.968974035816316,0.07572256000000001,0.07572256000000001,0.0,0.0,0.07572256000000001,0.0,0.0,0.0,0.0,0.0,0.0,0.0 
 01/01  02:19:00,32.62,29.12389993461277,30.96186696179359,29.12389993461277,0.0,13758.674593303713,30.96186696179359,0.0,0.0,0.07572256000000001,26.25,0.0,30.968243633371213,0.07572256000000001,0.07572256000000001,0.0,0.0,0.07572256000000001,0.0,0.0,0.0,0.0,0.0,0.0,0.0 
 01/01  02:20:00,32.63,29.126874969205673,30.95318278489085,29.126874969205673,0.0,13772.910182546739,30.95318278489085,0.0,0.0,0.07572256000000001,26.25,0.0,30.96186696179359,0.07572256000000001,0.07572256000000001,0.0,0.0,0.07572256000000001,0.0,0.0,0.0,0.0,0.0,0.0,0.0 
 01/01  02:21:00,32.68,29.12984653732008,30.94609820729442,29.12984653732008,0.0,13787.12898305078,30.94609820729442,0.0,0.0,0.07572256000000001,26.25,0.0,30.95318278489085,0.07572256000000001,0.07572256000000001,0.0,0.0,0.07572256000000001,0.0,0.0,0.0,0.0,0.0,0.0,0.0 
 01/01  02:22:00,32.74,29.13281203234665,30.94261665466494,29.13281203234665,0.0,13801.318803703944,30.94261665466494,0.0,0.0,0.07572256000000001,26.25,0.0,30.94609820729442,0.07572256000000001,0.07572256000000001,0.0,0.0,0.07572256000000001,0.0,0.0,0.0,0.0,0.0,0.0,0.0 
 01/01  02:23:00,32.87,29.135776687130843,30.945184064071295,29.135776687130843,0.0,13815.430123728493,30.945184064071295,0.0,0.0,0.07572256000000001,26.25,0.0,30.94261665466494,0.07572256000000001,0.07572256000000001,0.0,0.0,0.07572256000000001,0.0,0.0,0.0,0.0,0.0,0.0,0.0 
 01/01  02:24:00,32.88,29.138733498489852,30.951024135224454,29.138733498489852,0.0,13829.382169019336,30.951024135224454,0.0,0.0,0.07572256000000001,26.25,0.0,30.945184064071295,0.07572256000000001,0.07572256000000001,0.0,0.0,0.07572256000000001,0.0,0.0,0.0,0.0,0.0,0.0,0.0 
 01/01  02:25:00,32.81,29.141678453453597,30.955463330494112,29.141678453453597,0.0,13843.170471726617,30.955463330494112,0.0,0.0,0.07572256000000001,26.25,0.0,30.951024135224454,0.07572256000000001,0.07572256000000001,0.0,0.0,0.07572256000000001,0.0,0.0,0.0,0.0,0.0,0.0,0.0 
 01/01  02:26:00,32.8,29.144614980513506,30.958022168433313,29.144614980513506,0.0,13856.849778590322,30.958022168433313,0.0,0.0,0.07572256000000001,26.25,0.0,30.955463330494112,0.07572256000000001,0.07572256000000001,0.0,0.0,0.07572256000000001,0.0,0.0,0.0,0.0,0.0,0.0,0.0 
 01/01  02:27:00,32.77,29.147546031838985,30.958718288332285,29.147546031838985,0.0,13870.4669156813,30.958718288332285,0.0,0.0,0.07572256000000001,26.25,0.0,30.958022168433313,0.07572256000000001,0.07572256000000001,0.0,0.0,0.07572256000000001,0.0,0.0,0.0,0.0,0.0,0.0,0.0 
 01/01  02:28:00,32.86,29.150476554854627,30.961339406601276,29.150476554854627,0.0,13884.06440696247,30.961339406601276,0.0,0.0,0.07572256000000001,26.25,0.0,30.958718288332285,0.07572256000000001,0.07572256000000001,0.0,0.0,0.07572256000000001,0.0,0.0,0.0,0.0,0.0,0.0,0.0 
 01/01  02:29:00,32.93,29.153405465043694,30.967477835493273,29.153405465043694,0.0,13897.645761152635,30.967477835493273,0.0,0.0,0.07572256000000001,26.25,0.0,30.961339406601276,0.07572256000000001,0.07572256000000001,0.0,0.0,0.07572256000000001,0.0,0.0,0.0,0.0,0.0,0.0,0.0 
 01/01  02:30:00,32.93,29.15632147674937,30.975162659414618,29.15632147674937,0.0,13911.160352799243,30.975162659414618,0.0,0.0,0.07572256000000001,26.25,0.0,30.967477835493273,0.07572256000000001,0.07572256000000001,0.0,0.0,0.07572256000000001,0.0,0.0,0.0,0.0,0.0,0.0,0.0 
 01/01  02:31:00,32.76,29.15921115998183,30.977748434112048,29.15921115998183,0.0,13924.545716015155,30.977748434112048,0.0,0.0,0.07572256000000001,26.25,0.0,30.975162659414618,0.07572256000000001,0.07572256000000001,0.0,0.0,0.07572256000000001,0.0,0.0,0.0,0.0,0.0,0.0,0.0 
 01/01  02:32:00,32.88,29.16209242499035,30.980506844468707,29.16209242499035,0.0,13937.889157363416,30.980506844468707,0.0,0.0,0.07572256000000001,26.25,0.0,30.977748434112048,0.07572256000000001,0.07572256000000001,0.0,0.0,0.07572256000000001,0.0,0.0,0.0,0.0,0.0,0.0,0.0 
 01/01  02:33:00,32.37,29.164933644858493,30.96887411222201,29.164933644858493,0.0,13951.040972268565,30.96887411222201,0.0,0.0,0.07572256000000001,26.25,0.0,30.980506844468707,0.07572256000000001,0.07572256000000001,0.0,0.0,0.07572256000000001,0.0,0.0,0.0,0.0,0.0,0.0,0.0 
 01/01  02:34:00,32.39,29.16776193176359,30.949763411801392,29.16776193176359,0.0,13964.131393586968,30.949763411801392,0.0,0.0,0.07572256000000001,26.25,0.0,30.96887411222201,0.07572256000000001,0.07572256000000001,0.0,0.0,0.07572256000000001,0.0,0.0,0.0,0.0,0.0,0.0,0.0 
 01/01  02:35:00,32.46,29.170598645095037,30.931775424662305,29.170598645095037,0.0,13977.26401439977,30.931775424662305,0.0,0.0,0.07572256000000001,26.25,0.0,30.949763411801392,0.07572256000000001,0.07572256000000001,0.0,0.0,0.07572256000000001,0.0,0.0,0.0,0.0,0.0,0.0,0.0 
 01/01  02:36:00,32.63,29.173447009774193,30.92186103953715,29.173447009774193,0.0,13990.453938920227,30.92186103953715,0.0,0.0,0.07572256000000001,26.25,0.0,30.931775424662305,0.07572256000000001,0.07572256000000001,0.0,0.0,0.07572256000000001,0.0,0.0,0.0,0.0,0.0,0.0,0.0 
 01/01  02:37:00,32.56,29.17628373003628,30.915118456849644,29.17628373003628,0.0,14003.58865140207,30.915118456849644,0.0,0.0,0.07572256000000001,26.25,0.0,30.92186103953715,0.07572256000000001,0.07572256000000001,0.0,0.0,0.07572256000000001,0.0,0.0,0.0,0.0,0.0,0.0,0.0 
 01/01  02:38:00,32.56,29.179100972619928,30.909305305612936,29.179100972619928,0.0,14016.62991805556,30.909305305612936,0.0,0.0,0.07572256000000001,26.25,0.0,30.915118456849644,0.07572256000000001,0.07572256000000001,0.0,0.0,0.07572256000000001,0.0,0.0,0.0,0.0,0.0,0.0,0.0 
 01/01  02:39:00,32.59,29.181905045061924,30.904762470805164,29.181905045061924,0.0,14029.608562000403,30.904762470805164,0.0,0.0,0.07572256000000001,26.25,0.0,30.909305305612936,0.07572256000000001,0.07572256000000001,0.0,0.0,0.07572256000000001,0.0,0.0,0.0,0.0,0.0,0.0,0.0 
 01/01  02:40:00,32.61,29.18469737461401,30.901718461734,29.18469737461401,0.0,14042.532093770105,30.901718461734,0.0,0.0,0.07572256000000001,26.25,0.0,30.904762470805164,0.07572256000000001,0.07572256000000001,0.0,0.0,0.07572256000000001,0.0,0.0,0.0,0.0,0.0,0.0,0.0 
 01/01  02:41:00,32.68,29.18748320465106,30.901674276880172,29.18748320465106,0.0,14055.425841958195,30.901674276880172,0.0,0.0,0.07572256000000001,26.25,0.0,30.901718461734,0.07572256000000001,0.07572256000000001,0.0,0.0,0.07572256000000001,0.0,0.0,0.0,0.0,0.0,0.0,0.0 
 01/01  02:42:00,32.82,29.1902653153082,30.907441858817652,29.1902653153082,0.0,14068.303002631474,30.907441858817652,0.0,0.0,0.07572256000000001,26.25,0.0,30.901674276880172,0.07572256000000001,0.07572256000000001,0.0,0.0,0.07572256000000001,0.0,0.0,0.0,0.0,0.0,0.0,0.0 
 01/01  02:43:00,32.75,29.193029571389673,30.913869785286032,29.193029571389673,0.0,14081.095751795838,30.913869785286032,0.0,0.0,0.07572256000000001,26.25,0.0,30.907441858817652,0.07572256000000001,0.07572256000000001,0.0,0.0,0.07572256000000001,0.0,0.0,0.0,0.0,0.0,0.0,0.0 
 01/01  02:44:00,32.79,29.195776887685962,30.92061261864171,29.195776887685962,0.0,14093.808209923454,30.92061261864171,0.0,0.0,0.07572256000000001,26.25,0.0,30.913869785286032,0.07572256000000001,0.07572256000000001,0.0,0.0,0.07572256000000001,0.0,0.0,0.0,0.0,0.0,0.0,0.0 
 01/01  02:45:00,32.59,29.198497300331322,30.921140458648527,29.198497300331322,0.0,14106.393195709716,30.921140458648527,0.0,0.0,0.07572256000000001,26.25,0.0,30.92061261864171,0.07572256000000001,0.07572256000000001,0.0,0.0,0.07572256000000001,0.0,0.0,0.0,0.0,0.0,0.0,0.0 
 01/01  02:46:00,32.62,29.201204802051116,30.918776851580123,29.201204802051116,0.0,14118.917913718742,30.918776851580123,0.0,0.0,0.07572256000000001,26.25,0.0,30.921140458648527,0.07572256000000001,0.07572256000000001,0.0,0.0,0.07572256000000001,0.0,0.0,0.0,0.0,0.0,0.0,0.0 
 01/01  02:47:00,32.5,29.203899077470396,30.91231588202662,29.203899077470396,0.0,14131.381412099181,30.91231588202662,0.0,0.0,0.07572256000000001,26.25,0.0,30.918776851580123,0.07572256000000001,0.07572256000000001,0.0,0.0,0.07572256000000001,0.0,0.0,0.0,0.0,0.0,0.0,0.0 
 01/01  02:48:00,32.6,29.206591151063797,30.907265044743887,29.206591151063797,0.0,14143.836137427461,30.907265044743887,0.0,0.0,0.07572256000000001,26.25,0.0,30.91231588202662,0.07572256000000001,0.07572256000000001,0.0,0.0,0.07572256000000001,0.0,0.0,0.0,0.0,0.0,0.0,0.0 
 01/01  02:49:00,32.32,29.209259174215198,30.895687880728964,29.209259174215198,0.0,14156.177388394508,30.895687880728964,0.0,0.0,0.07572256000000001,26.25,0.0,30.907265044743887,0.07572256000000001,0.07572256000000001,0.0,0.0,0.07572256000000001,0.0,0.0,0.0,0.0,0.0,0.0,0.0 
 01/01  02:50:00,30.52,29.211792323605646,30.826188231478426,29.211792323605646,0.0,14167.87453471392,30.826188231478426,0.0,0.0,0.07572256000000001,26.25,0.0,30.895687880728964,0.07572256000000001,0.07572256000000001,0.0,0.0,0.07572256000000001,0.0,0.0,0.0,0.0,0.0,0.0,0.0 
 01/01  02:51:00,30.57,29.214314410892104,30.727888901411287,29.214314410892104,0.0,14179.521240970553,30.727888901411287,0.0,0.0,0.07572256000000001,26.25,0.0,30.826188231478426,0.07572256000000001,0.07572256000000001,0.0,0.0,0.07572256000000001,0.0,0.0,0.0,0.0,0.0,0.0,0.0 
 01/01  02:52:00,30.56,29.216885346856355,30.626985912381727,29.216885346856355,0.0,14191.40816797587,30.626985912381727,0.0,0.0,0.07572256000000001,26.25,0.0,30.727888901411287,0.07572256000000001,0.07572256000000001,0.0,0.0,0.07572256000000001,0.0,0.0,0.0,0.0,0.0,0.0,0.0 
 01/01  02:53:00,30.51,29.219493672270115,30.533205499863907,29.219493672270115,0.0,14203.478292187247,30.533205499863907,0.0,0.0,0.07572256000000001,26.25,0.0,30.626985912381727,0.07572256000000001,0.07572256000000001,0.0,0.0,0.07572256000000001,0.0,0.0,0.0,0.0,0.0,0.0,0.0 
 01/01  02:54:00,30.52,29.222111469799966,30.44932063457392,29.222111469799966,0.0,14215.593946699382,30.44932063457392,0.0,0.0,0.07572256000000001,26.25,0.0,30.533205499863907,0.07572256000000001,0.07572256000000001,0.0,0.0,0.07572256000000001,0.0,0.0,0.0,0.0,0.0,0.0,0.0 
 01/01  02:55:00,30.49,29.224720114008182,30.37358409355882,29.224720114008182,0.0,14227.664199381325,30.37358409355882,0.0,0.0,0.07572256000000001,26.25,0.0,30.44932063457392,0.07572256000000001,0.07572256000000001,0.0,0.0,0.07572256000000001,0.0,0.0,0.0,0.0,0.0,0.0,0.0 
 01/01  02:56:00,30.53,29.227316773486297,30.306135368562387,29.227316773486297,0.0,14239.675816731033,30.306135368562387,0.0,0.0,0.07572256000000001,26.25,0.0,30.37358409355882,0.07572256000000001,0.07572256000000001,0.0,0.0,0.07572256000000001,0.0,0.0,0.0,0.0,0.0,0.0,0.0 
 01/01  02:57:00,30.47,29.229897965191597,30.24389457671703,29.229897965191597,0.0,14251.613358019085,30.24389457671703,0.0,0.0,0.07572256000000001,26.25,0.0,30.306135368562387,0.07572256000000001,0.07572256000000001,0.0,0.0,0.07572256000000001,0.0,0.0,0.0,0.0,0.0,0.0,0.0 
 01/01  02:58:00,30.47,29.23246565202455,30.186508584983088,29.23246565202455,0.0,14263.486999614643,30.186508584983088,0.0,0.0,0.07572256000000001,26.25,0.0,30.24389457671703,0.07572256000000001,0.07572256000000001,0.0,0.0,0.07572256000000001,0.0,0.0,0.0,0.0,0.0,0.0,0.0 
 01/01  02:59:00,30.49,29.23502508764643,30.13464596404366,29.23502508764643,0.0,14275.32243941917,30.13464596404366,0.0,0.0,0.07572256000000001,26.25,0.0,30.186508584983088,0.07572256000000001,0.07572256000000001,0.0,0.0,0.07572256000000001,0.0,0.0,0.0,0.0,0.0,0.0,0.0 
 01/01  03:00:00,30.41,29.237567985022995,30.085456258943474,29.237567985022995,0.0,14287.080109654717,30.085456258943474,0.0,0.0,0.07572256000000001,26.25,0.0,30.13464596404366,0.07572256000000001,0.07572256000000001,0.0,0.0,0.07572256000000001,0.0,0.0,0.0,0.0,0.0,0.0,0.0,49104000.0 
 01/01  03:01:00,30.49,29.24010457490522,30.041797184576005,29.24010457490522,0.0,14298.808893728437,30.041797184576005,0.0,0.0,0.07572256000000001,26.25,0.0,30.085456258943474,0.07572256000000001,0.07572256000000001,0.0,0.0,0.07572256000000001,0.0,0.0,0.0,0.0,0.0,0.0,0.0 
 01/01  03:02:00,30.49,29.242630609660257,30.003189222970903,29.242630609660257,0.0,14310.488565138112,30.003189222970903,0.0,0.0,0.07572256000000001,26.25,0.0,30.041797184576005,0.07572256000000001,0.07572256000000001,0.0,0.0,0.07572256000000001,0.0,0.0,0.0,0.0,0.0,0.0,0.0 
 01/01  03:03:00,30.57,29.245149953554023,29.971007202088163,29.245149953554023,0.0,14322.137453919058,29.971007202088163,0.0,0.0,0.07572256000000001,26.25,0.0,30.003189222970903,0.07572256000000001,0.07572256000000001,0.0,0.0,0.07572256000000001,0.0,0.0,0.0,0.0,0.0,0.0,0.0 
 01/01  03:04:00,30.79,29.247670060440797,29.950071233016576,29.247670060440797,0.0,14333.79112829848,29.950071233016576,0.0,0.0,0.07572256000000001,26.25,0.0,29.971007202088163,0.07572256000000001,0.07572256000000001,0.0,0.0,0.07572256000000001,0.0,0.0,0.0,0.0,0.0,0.0,0.0 
 01/01  03:05:00,30.92,29.250185216962166,29.939778085836256,29.250185216962166,0.0,14345.422146103101,29.939778085836256,0.0,0.0,0.07572256000000001,26.25,0.0,29.950071233016576,0.07572256000000001,0.07572256000000001,0.0,0.0,0.07572256000000001,0.0,0.0,0.0,0.0,0.0,0.0,0.0 
 01/01  03:06:00,30.92,29.25267854206144,29.93446822131681,29.25267854206144,0.0,14356.949397077442,29.93446822131681,0.0,0.0,0.07572256000000001,26.25,0.0,29.939778085836256,0.07572256000000001,0.07572256000000001,0.0,0.0,0.07572256000000001,0.0,0.0,0.0,0.0,0.0,0.0,0.0 
 01/01  03:07:00,30.92,29.255148959980843,29.930561665477754,29.255148959980843,0.0,14368.367926313576,29.930561665477754,0.0,0.0,0.07572256000000001,26.25,0.0,29.93446822131681,0.07572256000000001,0.07572256000000001,0.0,0.0,0.07572256000000001,0.0,0.0,0.0,0.0,0.0,0.0,0.0 
 01/01  03:08:00,30.92,29.257599471927872,29.92680043572231,29.257599471927872,0.0,14379.692772379394,29.92680043572231,0.0,0.0,0.07572256000000001,26.25,0.0,29.930561665477754,0.07572256000000001,0.07572256000000001,0.0,0.0,0.07572256000000001,0.0,0.0,0.0,0.0,0.0,0.0,0.0 
 01/01  03:09:00,30.92,29.260036234438125,29.92303590169548,29.260036234438125,0.0,14390.953934269128,29.92303590169548,0.0,0.0,0.07572256000000001,26.25,0.0,29.92680043572231,0.07572256000000001,0.07572256000000001,0.0,0.0,0.07572256000000001,0.0,0.0,0.0,0.0,0.0,0.0,0.0 
 01/01  03:10:00,30.92,29.26245946935356,29.91939859525425,29.26245946935356,0.0,14402.15251481196,29.91939859525425,0.0,0.0,0.07572256000000001,26.25,0.0,29.92303590169548,0.07572256000000001,0.07572256000000001,0.0,0.0,0.07572256000000001,0.0,0.0,0.0,0.0,0.0,0.0,0.0 
 01/01  03:11:00,30.92,29.264870959248242,29.915988052905593,29.264870959248242,0.0,14413.296890715237,29.915988052905593,0.0,0.0,0.07572256000000001,26.25,0.0,29.91939859525425,0.07572256000000001,0.07572256000000001,0.0,0.0,0.07572256000000001,0.0,0.0,0.0,0.0,0.0,0.0,0.0 
 01/01  03:12:00,31.52,29.267308816088565,29.93090582255801,29.267308816088565,0.0,14424.569044733089,29.93090582255801,0.0,0.0,0.07572256000000001,26.25,0.0,29.915988052905593,0.07572256000000001,0.07572256000000001,0.0,0.0,0.07572256000000001,0.0,0.0,0.0,0.0,0.0,0.0,0.0 
 01/01  03:13:00,32.63,29.26981163466853,29.989409716663165,29.26981163466853,0.0,14436.15314301669,29.989409716663165,0.0,0.0,0.07572256000000001,26.25,0.0,29.93090582255801,0.07572256000000001,0.07572256000000001,0.0,0.0,0.07572256000000001,0.0,0.0,0.0,0.0,0.0,0.0,0.0 
 01/01  03:14:00,32.59,29.272284884098678,30.067048710876374,29.272284884098678,0.0,14447.595449211549,30.067048710876374,0.0,0.0,0.07572256000000001,26.25,0.0,29.989409716663165,0.07572256000000001,0.07572256000000001,0.0,0.0,0.07572256000000001,0.0,0.0,0.0,0.0,0.0,0.0,0.0 
 01/01  03:15:00,32.62,29.2746959118162,30.14572132652252,29.2746959118162,0.0,14458.737855179288,30.14572132652252,0.0,0.0,0.07572256000000001,26.25,0.0,30.067048710876374,0.07572256000000001,0.07572256000000001,0.0,0.0,0.07572256000000001,0.0,0.0,0.0,0.0,0.0,0.0,0.0 
 01/01  03:16:00,32.64,29.277056351984616,30.2183335725384,29.277056351984616,0.0,14469.638413857701,30.2183335725384,0.0,0.0,0.07572256000000001,26.25,0.0,30.14572132652252,0.07572256000000001,0.07572256000000001,0.0,0.0,0.07572256000000001,0.0,0.0,0.0,0.0,0.0,0.0,0.0 
 01/01  03:17:00,32.74,29.279395757993008,30.286416331820256,29.279395757993008,0.0,14480.441495521936,30.286416331820256,0.0,0.0,0.07572256000000001,26.25,0.0,30.2183335725384,0.07572256000000001,0.07572256000000001,0.0,0.0,0.07572256000000001,0.0,0.0,0.0,0.0,0.0,0.0,0.0 
 01/01  03:18:00,32.85,27.740322011400625,30.35265993979593,27.740322011400625,0.0,44167.381911031596,30.35265993979593,0.0,0.0,0.07572256000000001,18.5,0.0,30.286416331820256,0.07572256000000001,0.07572256000000001,0.0,0.0,0.07572256000000001,0.0,0.0,0.0,0.0,0.0,0.0,0.0 
 01/01  03:19:00,32.81,26.010408349618867,30.41403687556571,26.010408349618867,0.0,38322.003438037886,30.41403687556571,0.0,0.0,0.07572256000000001,17.99,0.0,30.35265993979593,0.07572256000000001,0.07572256000000001,0.0,0.0,0.07572256000000001,0.0,0.0,0.0,0.0,0.0,0.0,0.0 
 01/01  03:20:00,32.86,24.98823332807705,30.47117782598727,24.98823332807705,0.0,34287.748327925845,30.47117782598727,0.0,0.0,0.07572256000000001,17.78,0.0,30.41403687556571,0.07572256000000001,0.07572256000000001,0.0,0.0,0.07572256000000001,0.0,0.0,0.0,0.0,0.0,0.0,0.0 
 01/01  03:21:00,32.65,24.663747059974312,30.517432674659847,24.663747059974312,0.0,32569.086652015845,30.517432674659847,0.0,0.0,0.07572256000000001,17.8,0.0,30.47117782598727,0.07572256000000001,0.07572256000000001,0.0,0.0,0.07572256000000001,0.0,0.0,0.0,0.0,0.0,0.0,0.0 
 01/01  03:22:00,32.69,24.552983749722525,30.556693775167084,24.552983749722525,0.0,34532.44711996901,30.556693775167084,0.0,0.0,0.07572256000000001,17.27,0.0,30.517432674659847,0.07572256000000001,0.07572256000000001,0.0,0.0,0.07572256000000001,0.0,0.0,0.0,0.0,0.0,0.0,0.0 
 01/01  03:23:00,32.68,24.52731824900887,30.591333268168405,24.52731824900887,0.0,33074.74196301412,30.591333268168405,0.0,0.0,0.07572256000000001,17.55,0.0,30.556693775167084,0.07572256000000001,0.07572256000000001,0.0,0.0,0.07572256000000001,0.0,0.0,0.0,0.0,0.0,0.0,0.0 
 01/01  03:24:00,32.76,25.119254645476037,30.625052125511004,25.119254645476037,0.0,20615.66528632084,30.625052125511004,0.0,0.0,0.07572256000000001,20.77,0.0,30.591333268168405,0.07572256000000001,0.07572256000000001,0.0,0.0,0.07572256000000001,0.0,0.0,0.0,0.0,0.0,0.0,0.0 
 01/01  03:25:00,32.66,26.057398068289004,30.654343156673804,26.057398068289004,0.0,17051.953356214948,30.654343156673804,0.0,0.0,0.07572256000000001,22.46,0.0,30.625052125511004,0.07572256000000001,0.07572256000000001,0.0,0.0,0.07572256000000001,0.0,0.0,0.0,0.0,0.0,0.0,0.0 
 01/01  03:26:00,32.82,26.555645383333637,30.684446024176207,26.555645383333637,0.0,23585.24189723743,30.684446024176207,0.0,0.0,0.07572256000000001,21.58,0.0,30.654343156673804,0.07572256000000001,0.07572256000000001,0.0,0.0,0.07572256000000001,0.0,0.0,0.0,0.0,0.0,0.0,0.0 
 01/01  03:27:00,32.85,26.415215349420194,30.715210080279704,26.415215349420194,0.0,28465.696618591814,30.715210080279704,0.0,0.0,0.07572256000000001,20.41,0.0,30.684446024176207,0.07572256000000001,0.07572256000000001,0.0,0.0,0.07572256000000001,0.0,0.0,0.0,0.0,0.0,0.0,0.0 
 01/01  03:28:00,32.74,25.89605317798591,30.741408464491137,25.89605317798591,0.0,31171.599821147196,30.741408464491137,0.0,0.0,0.07572256000000001,19.32,0.0,30.715210080279704,0.07572256000000001,0.07572256000000001,0.0,0.0,0.07572256000000001,0.0,0.0,0.0,0.0,0.0,0.0,0.0 
 01/01  03:29:00,33.45,25.3130113538509,30.784655909945027,25.3130113538509,0.0,32579.236621601383,30.784655909945027,0.0,0.0,0.07572256000000001,18.44,0.0,30.741408464491137,0.07572256000000001,0.07572256000000001,0.0,0.0,0.07572256000000001,0.0,0.0,0.0,0.0,0.0,0.0,0.0 
 01/01  03:30:00,34.06,24.89635136747868,30.85503803738397,24.89635136747868,0.0,32121.061686804827,30.85503803738397,0.0,0.0,0.07572256000000001,18.12,0.0,30.784655909945027,0.07572256000000001,0.07572256000000001,0.0,0.0,0.07572256000000001,0.0,0.0,0.0,0.0,0.0,0.0,0.0 
 01/01  03:31:00,34.09,25.0737165333249,30.93623847093912,25.0737165333249,0.0,23765.887286361263,30.93623847093912,0.0,0.0,0.07572256000000001,20.06,0.0,30.85503803738397,0.07572256000000001,0.07572256000000001,0.0,0.0,0.07572256000000001,0.0,0.0,0.0,0.0,0.0,0.0,0.0 
 01/01  03:32:00,34.1,25.370635316341655,31.01546902639266,25.370635316341655,0.0,26121.38840758847,31.01546902639266,0.0,0.0,0.07572256000000001,19.86,0.0,30.93623847093912,0.07572256000000001,0.07572256000000001,0.0,0.0,0.07572256000000001,0.0,0.0,0.0,0.0,0.0,0.0,0.0 
 01/01  03:33:00,34.1,25.37168366149289,31.087611009931184,25.37168366149289,0.0,30060.727227885876,31.087611009931184,0.0,0.0,0.07572256000000001,19.03,0.0,31.01546902639266,0.07572256000000001,0.07572256000000001,0.0,0.0,0.07572256000000001,0.0,0.0,0.0,0.0,0.0,0.0,0.0 
 01/01  03:34:00,34.08,25.145121421865447,31.151554525358986,25.145121421865447,0.0,31025.082124226632,31.151554525358986,0.0,0.0,0.07572256000000001,18.6,0.0,31.087611009931184,0.07572256000000001,0.07572256000000001,0.0,0.0,0.07572256000000001,0.0,0.0,0.0,0.0,0.0,0.0,0.0 
 01/01  03:35:00,34.11,24.888034063180825,31.209425102981267,24.888034063180825,0.0,30991.510749550158,31.209425102981267,0.0,0.0,0.07572256000000001,18.35,0.0,31.151554525358986,0.07572256000000001,0.07572256000000001,0.0,0.0,0.07572256000000001,0.0,0.0,0.0,0.0,0.0,0.0,0.0 
 01/01  03:36:00,33.95,24.723810987214637,31.257355285607925,24.723810987214637,0.0,30450.096227800597,31.257355285607925,0.0,0.0,0.07572256000000001,18.3,0.0,31.209425102981267,0.07572256000000001,0.07572256000000001,0.0,0.0,0.07572256000000001,0.0,0.0,0.0,0.0,0.0,0.0,0.0 
 01/01  03:37:00,33.98,24.65596139546195,31.29881719451548,24.65596139546195,0.0,30128.498662765793,31.29881719451548,0.0,0.0,0.07572256000000001,18.3,0.0,31.257355285607925,0.07572256000000001,0.07572256000000001,0.0,0.0,0.07572256000000001,0.0,0.0,0.0,0.0,0.0,0.0,0.0 
 01/01  03:38:00,34.04,24.252627217731455,31.337818301647008,24.252627217731455,0.0,37736.70187771273,31.337818301647008,0.0,0.0,0.10856608,18.7,0.0,31.29881719451548,0.10856608,0.10856608,0.0,0.0,0.10856608,0.0,0.0,0.0,0.0,0.0,0.0,0.0 
 01/01  03:39:00,34.0,24.356846134031457,31.37333117107872,24.356846134031457,0.0,25261.700054966546,31.37333117107872,0.0,0.0,0.09419704,20.07,0.0,31.337818301647008,0.09419704,0.09419704,0.0,0.0,0.09419704,0.0,0.0,0.0,0.0,0.0,0.0,0.0 
 01/01  03:40:00,34.1,25.079700587332887,31.408398097826474,25.079700587332887,0.0,18437.170618361786,31.408398097826474,0.0,0.0,0.09419704,21.95,0.0,31.37333117107872,0.09419704,0.09419704,0.0,0.0,0.09419704,0.0,0.0,0.0,0.0,0.0,0.0,0.0 
 01/01  03:41:00,34.17,26.09883927999423,31.44416514617221,26.09883927999423,0.0,14248.668718591998,31.44416514617221,0.0,0.0,0.09419704,23.68,0.0,31.408398097826474,0.09419704,0.09419704,0.0,0.0,0.09419704,0.0,0.0,0.0,0.0,0.0,0.0,0.0 
 01/01  03:42:00,34.21,26.97871880970661,31.47986381235713,26.97871880970661,0.0,14130.363950301407,31.47986381235713,0.0,0.0,0.09419704,24.58,0.0,31.44416514617221,0.09419704,0.09419704,0.0,0.0,0.09419704,0.0,0.0,0.0,0.0,0.0,0.0,0.0 
 01/01  03:43:00,34.24,27.09094672115021,31.514544349141264,27.09094672115021,0.0,23451.30322701433,31.514544349141264,0.0,0.0,0.09419704,23.11,0.0,31.47986381235713,0.09419704,0.09419704,0.0,0.0,0.09419704,0.0,0.0,0.0,0.0,0.0,0.0,0.0 
 01/01  03:44:00,34.18,26.511399267617005,31.545128527238564,26.511399267617005,0.0,29050.472621249883,31.545128527238564,0.0,0.0,0.09419704,21.58,0.0,31.514544349141264,0.09419704,0.09419704,0.0,0.0,0.09419704,0.0,0.0,0.0,0.0,0.0,0.0,0.0 
 01/01  03:45:00,34.14,25.70824226524716,31.57073468496505,25.70824226524716,0.0,30975.910152657958,31.57073468496505,0.0,0.0,0.09419704,20.45,0.0,31.545128527238564,0.09419704,0.09419704,0.0,0.0,0.09419704,0.0,0.0,0.0,0.0,0.0,0.0,0.0 
 01/01  03:46:00,32.95,25.023931853206456,31.557202681768914,25.023931853206456,0.0,31716.3443788355,31.557202681768914,0.0,0.0,0.09419704,19.64,0.0,31.57073468496505,0.09419704,0.09419704,0.0,0.0,0.09419704,0.0,0.0,0.0,0.0,0.0,0.0,0.0 
 01/01  03:47:00,32.73,24.532970897463304,31.51505838467443,24.532970897463304,0.0,32653.238815113986,31.51505838467443,0.0,0.0,0.09419704,18.99,0.0,31.557202681768914,0.09419704,0.09419704,0.0,0.0,0.09419704,0.0,0.0,0.0,0.0,0.0,0.0,0.0 
 01/01  03:48:00,32.64,24.186867491871816,31.461997678631445,24.186867491871816,0.0,33383.11368429756,31.461997678631445,0.0,0.0,0.09419704,18.52,0.0,31.51505838467443,0.09419704,0.09419704,0.0,0.0,0.09419704,0.0,0.0,0.0,0.0,0.0,0.0,0.0 
 01/01  03:49:00,32.65,23.924344184636066,31.41048704404762,23.924344184636066,0.0,33957.35210001938,31.41048704404762,0.0,0.0,0.09419704,18.16,0.0,31.461997678631445,0.09419704,0.09419704,0.0,0.0,0.09419704,0.0,0.0,0.0,0.0,0.0,0.0,0.0 
 01/01  03:50:00,32.54,23.713222419828856,31.361296645162124,23.713222419828856,0.0,34290.26311362372,31.361296645162124,0.0,0.0,0.09419704,17.89,0.0,31.41048704404762,0.09419704,0.09419704,0.0,0.0,0.09419704,0.0,0.0,0.0,0.0,0.0,0.0,0.0 
 01/01  03:51:00,32.6,23.529479737552684,31.31771352626124,23.529479737552684,0.0,34723.22778180759,31.31771352626124,0.0,0.0,0.09419704,17.63,0.0,31.361296645162124,0.09419704,0.09419704,0.0,0.0,0.09419704,0.0,0.0,0.0,0.0,0.0,0.0,0.0 
 01/01  03:52:00,32.6,23.38318644578025,31.279486921795023,23.38318644578025,0.0,34672.36220842503,31.279486921795023,0.0,0.0,0.09419704,17.49,0.0,31.31771352626124,0.09419704,0.09419704,0.0,0.0,0.09419704,0.0,0.0,0.0,0.0,0.0,0.0,0.0 
 01/01  03:53:00,32.58,23.25277922661912,31.245002947681506,23.25277922661912,0.0,35070.77540842488,31.245002947681506,0.0,0.0,0.09419704,17.29,0.0,31.279486921795023,0.09419704,0.09419704,0.0,0.0,0.09419704,0.0,0.0,0.0,0.0,0.0,0.0,0.0 
 01/01  03:54:00,32.52,23.140151164237952,31.211917184707612,23.140151164237952,0.0,35104.36329080843,31.211917184707612,0.0,0.0,0.09419704,17.17,0.0,31.245002947681506,0.09419704,0.09419704,0.0,0.0,0.09419704,0.0,0.0,0.0,0.0,0.0,0.0,0.0 
 01/01  03:55:00,32.5,23.04599115787217,31.1802137942651,23.04599115787217,0.0,35130.31298437538,31.1802137942651,0.0,0.0,0.09419704,17.07,0.0,31.211917184707612,0.09419704,0.09419704,0.0,0.0,0.09419704,0.0,0.0,0.0,0.0,0.0,0.0,0.0 
 01/01  03:56:00,32.59,22.969851030947545,31.153512413105812,22.969851030947545,0.0,35087.25208662469,31.153512413105812,0.0,0.0,0.09419704,17.0,0.0,31.1802137942651,0.09419704,0.09419704,0.0,0.0,0.09419704,0.0,0.0,0.0,0.0,0.0,0.0,0.0 
 01/01  03:57:00,32.66,22.906593363863216,31.133150607221165,22.906593363863216,0.0,35062.50289891417,31.133150607221165,0.0,0.0,0.09419704,16.94,0.0,31.153512413105812,0.09419704,0.09419704,0.0,0.0,0.09419704,0.0,0.0,0.0,0.0,0.0,0.0,0.0 
 01/01  03:58:00,32.66,22.833617307937143,31.116868562737725,22.833617307937143,0.0,35392.92177634659,31.116868562737725,0.0,0.0,0.09419704,16.81,0.0,31.133150607221165,0.09419704,0.09419704,0.0,0.0,0.09419704,0.0,0.0,0.0,0.0,0.0,0.0,0.0 
 01/01  03:59:00,32.7,22.755343632502743,31.10405546031799,22.755343632502743,0.0,35456.43263307336,31.10405546031799,0.0,0.0,0.09419704,16.72,0.0,31.116868562737725,0.09419704,0.09419704,0.0,0.0,0.09419704,0.0,0.0,0.0,0.0,0.0,0.0,0.0 
 01/01  04:00:00,32.74,22.691821712313885,31.094552394503072,22.691821712313885,0.0,35253.774070042964,31.094552394503072,0.0,0.0,0.09419704,16.69,0.0,31.10405546031799,0.09419704,0.09419704,0.0,0.0,0.09419704,0.0,0.0,0.0,0.0,0.0,0.0,0.0,49104000.0 
 01/01  04:01:00,32.84,22.624642887550984,31.089999494920832,22.624642887550984,0.0,35559.37011699655,31.089999494920832,0.0,0.0,0.09419704,16.57,0.0,31.094552394503072,0.09419704,0.09419704,0.0,0.0,0.09419704,0.0,0.0,0.0,0.0,0.0,0.0,0.0 
 01/01  04:02:00,32.75,22.565748755946753,31.085454923823885,22.565748755946753,0.0,35384.77838109241,31.085454923823885,0.0,0.0,0.09419704,16.54,0.0,31.089999494920832,0.09419704,0.09419704,0.0,0.0,0.09419704,0.0,0.0,0.0,0.0,0.0,0.0,0.0 
 01/01  04:03:00,32.79,22.52324550493326,31.081535451529007,22.52324550493326,0.0,35189.65834618124,31.081535451529007,0.0,0.0,0.09419704,16.53,0.0,31.085454923823885,0.09419704,0.09419704,0.0,0.0,0.09419704,0.0,0.0,0.0,0.0,0.0,0.0,0.0 
 01/01  04:04:00,32.72,22.49034018438684,31.07614754122845,22.49034018438684,0.0,35110.83053715089,31.07614754122845,0.0,0.0,0.09419704,16.51,0.0,31.081535451529007,0.09419704,0.09419704,0.0,0.0,0.09419704,0.0,0.0,0.0,0.0,0.0,0.0,0.0 
 01/01  04:05:00,32.61,22.459604382010394,31.066789779676043,22.459604382010394,0.0,35045.44545572404,31.066789779676043,0.0,0.0,0.09419704,16.49,0.0,31.07614754122845,0.09419704,0.09419704,0.0,0.0,0.09419704,0.0,0.0,0.0,0.0,0.0,0.0,0.0 
 01/01  04:06:00,32.65,22.430443343891273,31.057014382006646,22.430443343891273,0.0,34930.76935133363,31.057014382006646,0.0,0.0,0.09419704,16.48,0.0,31.066789779676043,0.09419704,0.09419704,0.0,0.0,0.09419704,0.0,0.0,0.0,0.0,0.0,0.0,0.0 
 01/01  04:07:00,32.7,22.402919523516438,31.049731607442432,22.402919523516438,0.0,34825.8328868216,31.049731607442432,0.0,0.0,0.09419704,16.47,0.0,31.057014382006646,0.09419704,0.09419704,0.0,0.0,0.09419704,0.0,0.0,0.0,0.0,0.0,0.0,0.0 
 01/01  04:08:00,32.6,22.611182409435596,31.041452690567212,22.611182409435596,0.0,29941.918242741063,31.041452690567212,0.0,0.0,0.09419704,17.51,0.0,31.049731607442432,0.09419704,0.09419704,0.0,0.0,0.09419704,0.0,0.0,0.0,0.0,0.0,0.0,0.0 
 01/01  04:09:00,32.62,22.612039221831978,31.033209813075764,22.612039221831978,0.0,35522.4354520057,31.033209813075764,0.0,0.0,0.09419704,16.56,0.0,31.041452690567212,0.09419704,0.09419704,0.0,0.0,0.09419704,0.0,0.0,0.0,0.0,0.0,0.0,0.0 
 01/01  04:10:00,32.67,22.439440182875565,31.02713402946223,22.439440182875565,0.0,35976.723373317494,31.02713402946223,0.0,0.0,0.09419704,16.31,0.0,31.033209813075764,0.09419704,0.09419704,0.0,0.0,0.09419704,0.0,0.0,0.0,0.0,0.0,0.0,0.0 
 01/01  04:11:00,32.67,22.27363000437935,31.0227233818617,22.27363000437935,0.0,35238.37350852811,31.0227233818617,0.0,0.0,0.09419704,16.27,0.0,31.02713402946223,0.09419704,0.09419704,0.0,0.0,0.09419704,0.0,0.0,0.0,0.0,0.0,0.0,0.0 
 01/01  04:12:00,32.6,22.200137011400344,31.0171169767675,22.200137011400344,0.0,34505.04619705677,31.0171169767675,0.0,0.0,0.09419704,16.32,0.0,31.0227233818617,0.09419704,0.09419704,0.0,0.0,0.09419704,0.0,0.0,0.0,0.0,0.0,0.0,0.0 
 01/01  04:13:00,32.48,22.173483251766484,31.007225857320975,22.173483251766484,0.0,34636.921581695766,31.007225857320975,0.0,0.0,0.09419704,16.27,0.0,31.0171169767675,0.09419704,0.09419704,0.0,0.0,0.09419704,0.0,0.0,0.0,0.0,0.0,0.0,0.0 
 01/01  04:14:00,32.45,22.15781460587388,30.994597832465555,22.15781460587388,0.0,34543.14312798089,30.994597832465555,0.0,0.0,0.09419704,16.27,0.0,31.007225857320975,0.09419704,0.09419704,0.0,0.0,0.09419704,0.0,0.0,0.0,0.0,0.0,0.0,0.0 
 01/01  04:15:00,32.46,22.13286774430864,30.982046702519465,22.13286774430864,0.0,34571.703669968454,30.982046702519465,0.0,0.0,0.09419704,16.24,0.0,30.994597832465555,0.09419704,0.09419704,0.0,0.0,0.09419704,0.0,0.0,0.0,0.0,0.0,0.0,0.0 
 01/01  04:16:00,32.54,22.098656140384502,30.973110140676887,22.098656140384502,0.0,34545.270149518816,30.973110140676887,0.0,0.0,0.09419704,16.21,0.0,30.982046702519465,0.09419704,0.09419704,0.0,0.0,0.09419704,0.0,0.0,0.0,0.0,0.0,0.0,0.0 
 01/01  04:17:00,30.19,22.076759311511566,30.8957975703214,22.076759311511566,0.0,34179.8208115187,30.8957975703214,0.0,0.0,0.09419704,16.25,0.0,30.973110140676887,0.09419704,0.09419704,0.0,0.0,0.09419704,0.0,0.0,0.0,0.0,0.0,0.0,0.0 
 01/01  04:18:00,29.1,22.068943454075896,30.747178268699912,22.068943454075896,0.0,33956.508796502014,30.747178268699912,0.0,0.0,0.09419704,16.28,0.0,30.8957975703214,0.09419704,0.09419704,0.0,0.0,0.09419704,0.0,0.0,0.0,0.0,0.0,0.0,0.0 
 01/01  04:19:00,29.15,22.061290463447637,30.57641576155383,22.061290463447637,0.0,33911.08978853668,30.57641576155383,0.0,0.0,0.09419704,16.28,0.0,30.747178268699912,0.09419704,0.09419704,0.0,0.0,0.09419704,0.0,0.0,0.0,0.0,0.0,0.0,0.0 
 01/01  04:20:00,29.16,22.057094677299915,30.413657662897574,22.057094677299915,0.0,33651.33897501582,30.413657662897574,0.0,0.0,0.09419704,16.32,0.0,30.57641576155383,0.09419704,0.09419704,0.0,0.0,0.09419704,0.0,0.0,0.0,0.0,0.0,0.0,0.0 
 01/01  04:21:00,29.28,22.066933596883736,30.271541038677785,22.066933596883736,0.0,33239.52629627134,30.271541038677785,0.0,0.0,0.09419704,16.4,0.0,30.413657662897574,0.09419704,0.09419704,0.0,0.0,0.09419704,0.0,0.0,0.0,0.0,0.0,0.0,0.0 
 01/01  04:22:00,29.33,22.058118972980413,30.14924219213046,22.058118972980413,0.0,33539.69030037774,30.14924219213046,0.0,0.0,0.09419704,16.34,0.0,30.271541038677785,0.09419704,0.09419704,0.0,0.0,0.09419704,0.0,0.0,0.0,0.0,0.0,0.0,0.0 
 01/01  04:23:00,29.33,22.032618839071205,30.04149902639254,22.032618839071205,0.0,33507.43576753608,30.04149902639254,0.0,0.0,0.09419704,16.32,0.0,30.14924219213046,0.09419704,0.09419704,0.0,0.0,0.09419704,0.0,0.0,0.0,0.0,0.0,0.0,0.0 
 01/01  04:24:00,29.4,21.986175887504835,29.946619311556123,21.986175887504835,0.0,33761.33373794446,29.946619311556123,0.0,0.0,0.09419704,16.23,0.0,30.04149902639254,0.09419704,0.09419704,0.0,0.0,0.09419704,0.0,0.0,0.0,0.0,0.0,0.0,0.0 
 01/01  04:25:00,29.44,21.9408127906924,29.86290699684508,21.9408127906924,0.0,33609.471398713984,29.86290699684508,0.0,0.0,0.09419704,16.21,0.0,29.946619311556123,0.09419704,0.09419704,0.0,0.0,0.09419704,0.0,0.0,0.0,0.0,0.0,0.0,0.0 
 01/01  04:26:00,29.48,21.909849473192764,29.78904351910251,21.909849473192764,0.0,33424.87551285629,29.78904351910251,0.0,0.0,0.09419704,16.21,0.0,29.86290699684508,0.09419704,0.09419704,0.0,0.0,0.09419704,0.0,0.0,0.0,0.0,0.0,0.0,0.0 
 01/01  04:27:00,29.61,21.877003186226393,29.726753729101787,21.877003186226393,0.0,33582.05275552832,29.726753729101787,0.0,0.0,0.09419704,16.15,0.0,29.78904351910251,0.09419704,0.09419704,0.0,0.0,0.09419704,0.0,0.0,0.0,0.0,0.0,0.0,0.0 
 01/01  04:28:00,29.73,21.837171205623452,29.67642313129469,21.837171205623452,0.0,33639.49435696458,29.67642313129469,0.0,0.0,0.09419704,16.1,0.0,29.726753729101787,0.09419704,0.09419704,0.0,0.0,0.09419704,0.0,0.0,0.0,0.0,0.0,0.0,0.0 
 01/01  04:29:00,29.8,21.819725229814736,29.635867759995467,21.819725229814736,0.0,33124.161088759894,29.635867759995467,0.0,0.0,0.09419704,16.17,0.0,29.67642313129469,0.09419704,0.09419704,0.0,0.0,0.09419704,0.0,0.0,0.0,0.0,0.0,0.0,0.0 
 01/01  04:30:00,29.86,23.4343684117983,29.602904819783127,23.4343684117983,0.0,0.0,29.602904819783127,0.0,0.0,0.0,21.819725229814736,0.0,29.635867759995467,0.0,0.0,0.0,0.0,0.0,0.0,0.0,0.0,0.0,0.0,0.0,0.0 
 01/01  04:31:00,30.04,25.57512116425182,29.579848068960523,25.57512116425182,0.0,0.0,29.579848068960523,0.0,0.0,0.0,23.4343684117983,0.0,29.602904819783127,0.0,0.0,0.0,0.0,0.0,0.0,0.0,0.0,0.0,0.0,0.0,0.0 
 01/01  04:32:00,32.75,27.361718371097663,29.643997520620054,27.361718371097663,0.0,0.0,29.643997520620054,0.0,0.0,0.0,25.57512116425182,0.0,29.579848068960523,0.0,0.0,0.0,0.0,0.0,0.0,0.0,0.0,0.0,0.0,0.0,0.0 
 01/01  04:33:00,32.72,28.5844968996544,29.755313031796174,28.5844968996544,0.0,0.0,29.755313031796174,0.0,0.0,0.0,27.361718371097663,0.0,29.643997520620054,0.0,0.0,0.0,0.0,0.0,0.0,0.0,0.0,0.0,0.0,0.0,0.0 
 01/01  04:34:00,32.59,29.381690690373286,29.870721193710057,29.381690690373286,0.0,0.0,29.870721193710057,0.0,0.0,0.0,28.5844968996544,0.0,29.755313031796174,0.0,0.0,0.0,0.0,0.0,0.0,0.0,0.0,0.0,0.0,0.0,0.0 
 01/01  04:35:00,32.63,29.934874398736664,29.975857679029694,29.934874398736664,0.0,0.0,29.975857679029694,0.0,0.0,0.0,29.381690690373286,0.0,29.870721193710057,0.0,0.0,0.0,0.0,0.0,0.0,0.0,0.0,0.0,0.0,0.0,0.0 
 01/01  04:36:00,32.62,30.362488459804613,30.068489810997235,30.362488459804613,0.0,0.0,30.068489810997235,0.0,0.0,0.0,29.934874398736664,0.0,29.975857679029694,0.0,0.0,0.0,0.0,0.0,0.0,0.0,0.0,0.0,0.0,0.0,0.0 
 01/01  04:37:00,32.58,30.723677298515423,30.14947049809972,30.723677298515423,0.0,0.0,30.14947049809972,0.0,0.0,0.0,30.362488459804613,0.0,30.068489810997235,0.0,0.0,0.0,0.0,0.0,0.0,0.0,0.0,0.0,0.0,0.0,0.0 
 01/01  04:38:00,32.69,31.04144713432693,30.224776680901087,31.04144713432693,0.0,0.0,30.224776680901087,0.0,0.0,0.0,30.723677298515423,0.0,30.14947049809972,0.0,0.0,0.0,0.0,0.0,0.0,0.0,0.0,0.0,0.0,0.0,0.0 
 01/01  04:39:00,32.7,31.325604686032868,30.295177725409143,31.325604686032868,0.0,0.0,30.295177725409143,0.0,0.0,0.0,31.04144713432693,0.0,30.224776680901087,0.0,0.0,0.0,0.0,0.0,0.0,0.0,0.0,0.0,0.0,0.0,0.0 
 01/01  04:40:00,32.72,31.58513767156786,30.360647933613922,31.58513767156786,0.0,0.0,30.360647933613922,0.0,0.0,0.0,31.325604686032868,0.0,30.295177725409143,0.0,0.0,0.0,0.0,0.0,0.0,0.0,0.0,0.0,0.0,0.0,0.0 
 01/01  04:41:00,32.79,31.824022351452566,30.42277941961756,31.824022351452566,0.0,0.0,30.42277941961756,0.0,0.0,0.0,31.58513767156786,0.0,30.360647933613922,0.0,0.0,0.0,0.0,0.0,0.0,0.0,0.0,0.0,0.0,0.0,0.0 
 01/01  04:42:00,32.85,32.038633292931905,30.482412065600375,32.038633292931905,0.0,0.0,30.482412065600375,0.0,0.0,0.0,31.824022351452566,0.0,30.42277941961756,0.0,0.0,0.0,0.0,0.0,0.0,0.0,0.0,0.0,0.0,0.0,0.0 
 01/01  04:43:00,32.68,32.226354333661504,30.53301887630159,32.226354333661504,0.0,0.0,30.53301887630159,0.0,0.0,0.0,32.038633292931905,0.0,30.482412065600375,0.0,0.0,0.0,0.0,0.0,0.0,0.0,0.0,0.0,0.0,0.0,0.0 
 01/01  04:44:00,32.69,32.38828918772643,30.57634074653796,32.38828918772643,0.0,0.0,30.57634074653796,0.0,0.0,0.0,32.226354333661504,0.0,30.53301887630159,0.0,0.0,0.0,0.0,0.0,0.0,0.0,0.0,0.0,0.0,0.0,0.0 
 01/01  04:45:00,32.71,32.52791189863623,30.61523471972528,32.52791189863623,0.0,0.0,30.61523471972528,0.0,0.0,0.0,32.38828918772643,0.0,30.57634074653796,0.0,0.0,0.0,0.0,0.0,0.0,0.0,0.0,0.0,0.0,0.0,0.0 
 01/01  04:46:00,32.75,32.649310249634006,30.65195670884943,32.649310249634006,0.0,0.0,30.65195670884943,0.0,0.0,0.0,32.52791189863623,0.0,30.61523471972528,0.0,0.0,0.0,0.0,0.0,0.0,0.0,0.0,0.0,0.0,0.0,0.0 
 01/01  04:47:00,32.77,32.756262102235404,30.686890908732575,32.756262102235404,0.0,0.0,30.686890908732575,0.0,0.0,0.0,32.649310249634006,0.0,30.65195670884943,0.0,0.0,0.0,0.0,0.0,0.0,0.0,0.0,0.0,0.0,0.0,0.0 
 01/01  04:48:00,33.07,32.851861600110965,30.728350507268125,32.851861600110965,0.0,0.0,30.728350507268125,0.0,0.0,0.0,32.756262102235404,0.0,30.686890908732575,0.0,0.0,0.0,0.0,0.0,0.0,0.0,0.0,0.0,0.0,0.0,0.0 
 01/01  04:49:00,33.78,32.93861194714539,30.79319088122178,32.93861194714539,0.0,0.0,30.79319088122178,0.0,0.0,0.0,32.851861600110965,0.0,30.728350507268125,0.0,0.0,0.0,0.0,0.0,0.0,0.0,0.0,0.0,0.0,0.0,0.0 
 01/01  04:50:00,33.85,33.01834221643792,30.869891870228244,33.01834221643792,0.0,0.0,30.869891870228244,0.0,0.0,0.0,32.93861194714539,0.0,30.79319088122178,0.0,0.0,0.0,0.0,0.0,0.0,0.0,0.0,0.0,0.0,0.0,0.0 
 01/01  04:51:00,33.88,33.09250881771562,30.94673945892711,33.09250881771562,0.0,0.0,30.94673945892711,0.0,0.0,0.0,33.01834221643792,0.0,30.869891870228244,0.0,0.0,0.0,0.0,0.0,0.0,0.0,0.0,0.0,0.0,0.0,0.0 
 01/01  04:52:00,33.8,33.16221653667615,31.015342406439373,33.16221653667615,0.0,0.0,31.015342406439373,0.0,0.0,0.0,33.09250881771562,0.0,30.94673945892711,0.0,0.0,0.0,0.0,0.0,0.0,0.0,0.0,0.0,0.0,0.0,0.0 
 01/01  04:53:00,33.78,33.22838470331264,31.074854218842482,33.22838470331264,0.0,0.0,31.074854218842482,0.0,0.0,0.0,33.16221653667615,0.0,31.015342406439373,0.0,0.0,0.0,0.0,0.0,0.0,0.0,0.0,0.0,0.0,0.0,0.0 
 01/01  04:54:00,33.68,33.291693623221505,31.12430105366695,33.291693623221505,0.0,0.0,31.12430105366695,0.0,0.0,0.0,33.22838470331264,0.0,31.074854218842482,0.0,0.0,0.0,0.0,0.0,0.0,0.0,0.0,0.0,0.0,0.0,0.0 
 01/01  04:55:00,33.74,33.35272320668088,31.16853472542905,33.35272320668088,0.0,0.0,31.16853472542905,0.0,0.0,0.0,33.291693623221505,0.0,31.12430105366695,0.0,0.0,0.0,0.0,0.0,0.0,0.0,0.0,0.0,0.0,0.0,0.0 
 01/01  04:56:00,33.68,33.411877409104335,31.20735438416106,33.411877409104335,0.0,0.0,31.20735438416106,0.0,0.0,0.0,33.35272320668088,0.0,31.16853472542905,0.0,0.0,0.0,0.0,0.0,0.0,0.0,0.0,0.0,0.0,0.0,0.0 
 01/01  04:57:00,33.78,33.46951384450934,31.244855527749174,33.46951384450934,0.0,0.0,31.244855527749174,0.0,0.0,0.0,33.411877409104335,0.0,31.20735438416106,0.0,0.0,0.0,0.0,0.0,0.0,0.0,0.0,0.0,0.0,0.0,0.0 
 01/01  04:58:00,33.8,33.52587064907252,31.281234654555206,33.52587064907252,0.0,0.0,31.281234654555206,0.0,0.0,0.0,33.46951384450934,0.0,31.244855527749174,0.0,0.0,0.0,0.0,0.0,0.0,0.0,0.0,0.0,0.0,0.0,0.0 
 01/01  04:59:00,33.77,33.581155887717614,31.31446661759903,33.581155887717614,0.0,0.0,31.31446661759903,0.0,0.0,0.0,33.52587064907252,0.0,31.281234654555206,0.0,0.0,0.0,0.0,0.0,0.0,0.0,0.0,0.0,0.0,0.0,0.0 
 01/01  05:00:00,33.7,33.63550389083579,31.342258661558546,33.63550389083579,0.0,0.0,31.342258661558546,0.0,0.0,0.0,33.581155887717614,0.0,31.31446661759903,0.0,0.0,0.0,0.0,0.0,0.0,0.0,0.0,0.0,0.0,0.0,0.0,49104000.0 
 01/01  05:01:00,33.83,33.689069465025554,31.369829584042662,33.689069465025554,0.0,0.0,31.369829584042662,0.0,0.0,0.0,33.63550389083579,0.0,31.342258661558546,0.0,0.0,0.0,0.0,0.0,0.0,0.0,0.0,0.0,0.0,0.0,0.0 
 01/01  05:02:00,33.82,33.7419340864193,31.396568985461474,33.7419340864193,0.0,0.0,31.396568985461474,0.0,0.0,0.0,33.689069465025554,0.0,31.369829584042662,0.0,0.0,0.0,0.0,0.0,0.0,0.0,0.0,0.0,0.0,0.0,0.0 
 01/01  05:03:00,33.76,33.79418066771474,31.419752678465358,33.79418066771474,0.0,0.0,31.419752678465358,0.0,0.0,0.0,33.7419340864193,0.0,31.396568985461474,0.0,0.0,0.0,0.0,0.0,0.0,0.0,0.0,0.0,0.0,0.0,0.0 
 01/01  05:04:00,33.77,33.84586177726091,31.44011244359819,33.84586177726091,0.0,0.0,31.44011244359819,0.0,0.0,0.0,33.79418066771474,0.0,31.419752678465358,0.0,0.0,0.0,0.0,0.0,0.0,0.0,0.0,0.0,0.0,0.0,0.0 
 01/01  05:05:00,32.1,33.896892793552865,31.408269923242482,33.896892793552865,0.0,0.0,31.408269923242482,0.0,0.0,0.0,33.84586177726091,0.0,31.44011244359819,0.0,0.0,0.0,0.0,0.0,0.0,0.0,0.0,0.0,0.0,0.0,0.0 
 01/01  05:06:00,30.92,33.94728171460412,31.31134501165844,33.94728171460412,0.0,0.0,31.31134501165844,0.0,0.0,0.0,33.896892793552865,0.0,31.408269923242482,0.0,0.0,0.0,0.0,0.0,0.0,0.0,0.0,0.0,0.0,0.0,0.0 
 01/01  05:07:00,30.92,33.99721698649703,31.18920964471383,33.99721698649703,0.0,0.0,31.18920964471383,0.0,0.0,0.0,33.94728171460412,0.0,31.31134501165844,0.0,0.0,0.0,0.0,0.0,0.0,0.0,0.0,0.0,0.0,0.0,0.0 
 01/01  05:08:00,30.92,34.046804496558636,31.069516098084584,34.046804496558636,0.0,0.0,31.069516098084584,0.0,0.0,0.0,33.99721698649703,0.0,31.18920964471383,0.0,0.0,0.0,0.0,0.0,0.0,0.0,0.0,0.0,0.0,0.0,0.0 
 01/01  05:09:00,30.92,34.09609950445637,30.961946696622615,34.09609950445637,0.0,0.0,30.961946696622615,0.0,0.0,0.0,34.046804496558636,0.0,31.069516098084584,0.0,0.0,0.0,0.0,0.0,0.0,0.0,0.0,0.0,0.0,0.0,0.0 
 01/01  05:10:00,30.92,34.145098970215976,30.866900441846493,34.145098970215976,0.0,0.0,30.866900441846493,0.0,0.0,0.0,34.09609950445637,0.0,30.961946696622615,0.0,0.0,0.0,0.0,0.0,0.0,0.0,0.0,0.0,0.0,0.0,0.0 
 01/01  05:11:00,30.92,34.19381235552537,30.782262102646545,34.19381235552537,0.0,0.0,30.782262102646545,0.0,0.0,0.0,34.145098970215976,0.0,30.866900441846493,0.0,0.0,0.0,0.0,0.0,0.0,0.0,0.0,0.0,0.0,0.0,0.0 
 01/01  05:12:00,30.92,34.242231382380346,30.70611412154472,34.242231382380346,0.0,0.0,30.70611412154472,0.0,0.0,0.0,34.19381235552537,0.0,30.782262102646545,0.0,0.0,0.0,0.0,0.0,0.0,0.0,0.0,0.0,0.0,0.0,0.0 
 01/01  05:13:00,31.46,34.29042058587238,30.653532353621962,34.29042058587238,0.0,0.0,30.653532353621962,0.0,0.0,0.0,34.242231382380346,0.0,30.70611412154472,0.0,0.0,0.0,0.0,0.0,0.0,0.0,0.0,0.0,0.0,0.0,0.0 
 01/01  05:14:00,32.58,34.33845252763212,30.65013153777619,34.33845252763212,0.0,0.0,30.65013153777619,0.0,0.0,0.0,34.29042058587238,0.0,30.653532353621962,0.0,0.0,0.0,0.0,0.0,0.0,0.0,0.0,0.0,0.0,0.0,0.0 
 01/01  05:15:00,32.57,34.38625975539873,30.67233133413336,34.38625975539873,0.0,0.0,30.67233133413336,0.0,0.0,0.0,34.33845252763212,0.0,30.65013153777619,0.0,0.0,0.0,0.0,0.0,0.0,0.0,0.0,0.0,0.0,0.0,0.0 
 01/01  05:16:00,32.46,34.43376729169198,30.6970869883508,34.43376729169198,0.0,0.0,30.6970869883508,0.0,0.0,0.0,34.38625975539873,0.0,30.67233133413336,0.0,0.0,0.0,0.0,0.0,0.0,0.0,0.0,0.0,0.0,0.0,0.0 
 01/01  05:17:00,32.7,34.480999487383194,30.724878825334105,34.480999487383194,0.0,0.0,30.724878825334105,0.0,0.0,0.0,34.43376729169198,0.0,30.6970869883508,0.0,0.0,0.0,0.0,0.0,0.0,0.0,0.0,0.0,0.0,0.0,0.0 
 01/01  05:18:00,32.61,34.52794615140032,30.749953393159615,34.52794615140032,0.0,0.0,30.749953393159615,0.0,0.0,0.0,34.480999487383194,0.0,30.724878825334105,0.0,0.0,0.0,0.0,0.0,0.0,0.0,0.0,0.0,0.0,0.0,0.0 
 01/01  05:19:00,32.65,34.574632653445406,30.77277847996769,34.574632653445406,0.0,0.0,30.77277847996769,0.0,0.0,0.0,34.52794615140032,0.0,30.749953393159615,0.0,0.0,0.0,0.0,0.0,0.0,0.0,0.0,0.0,0.0,0.0,0.0 
 01/01  05:20:00,32.49,34.621050790926816,30.788757909241152,34.621050790926816,0.0,0.0,30.788757909241152,0.0,0.0,0.0,34.574632653445406,0.0,30.77277847996769,0.0,0.0,0.0,0.0,0.0,0.0,0.0,0.0,0.0,0.0,0.0,0.0 
 01/01  05:21:00,32.46,34.667225411490556,30.799276081629525,34.667225411490556,0.0,0.0,30.799276081629525,0.0,0.0,0.0,34.621050790926816,0.0,30.788757909241152,0.0,0.0,0.0,0.0,0.0,0.0,0.0,0.0,0.0,0.0,0.0,0.0 
 01/01  05:22:00,32.37,34.713160259628374,30.804449998491876,34.713160259628374,0.0,0.0,30.804449998491876,0.0,0.0,0.0,34.667225411490556,0.0,30.799276081629525,0.0,0.0,0.0,0.0,0.0,0.0,0.0,0.0,0.0,0.0,0.0,0.0 
 01/01  05:23:00,32.46,34.758888606616146,30.809792078634374,34.758888606616146,0.0,0.0,30.809792078634374,0.0,0.0,0.0,34.713160259628374,0.0,30.804449998491876,0.0,0.0,0.0,0.0,0.0,0.0,0.0,0.0,0.0,0.0,0.0,0.0 
 01/01  05:24:00,32.51,34.80441589952708,30.81741486214666,34.80441589952708,0.0,0.0,30.81741486214666,0.0,0.0,0.0,34.758888606616146,0.0,30.809792078634374,0.0,0.0,0.0,0.0,0.0,0.0,0.0,0.0,0.0,0.0,0.0,0.0 
 01/01  05:25:00,32.57,34.849755106496694,30.827826778536032,34.849755106496694,0.0,0.0,30.827826778536032,0.0,0.0,0.0,34.80441589952708,0.0,30.81741486214666,0.0,0.0,0.0,0.0,0.0,0.0,0.0,0.0,0.0,0.0,0.0,0.0 
 01/01  05:26:00,32.62,34.894901925667185,30.840527031880054,34.894901925667185,0.0,0.0,30.840527031880054,0.0,0.0,0.0,34.849755106496694,0.0,30.827826778536032,0.0,0.0,0.0,0.0,0.0,0.0,0.0,0.0,0.0,0.0,0.0,0.0 
 01/01  05:27:00,32.73,34.93987109633958,30.856805741003644,34.93987109633958,0.0,0.0,30.856805741003644,0.0,0.0,0.0,34.894901925667185,0.0,30.840527031880054,0.0,0.0,0.0,0.0,0.0,0.0,0.0,0.0,0.0,0.0,0.0,0.0 
 01/01  05:28:00,32.85,34.98466293347676,30.87764800887951,34.98466293347676,0.0,0.0,30.87764800887951,0.0,0.0,0.0,34.93987109633958,0.0,30.856805741003644,0.0,0.0,0.0,0.0,0.0,0.0,0.0,0.0,0.0,0.0,0.0,0.0 
 01/01  05:29:00,32.66,35.02925940510982,30.893900043199263,35.02925940510982,0.0,0.0,30.893900043199263,0.0,0.0,0.0,34.98466293347676,0.0,30.87764800887951,0.0,0.0,0.0,0.0,0.0,0.0,0.0,0.0,0.0,0.0,0.0,0.0 
 01/01  05:30:00,33.01,35.07369333000337,30.91626628852644,35.07369333000337,0.0,0.0,30.91626628852644,0.0,0.0,0.0,35.02925940510982,0.0,30.893900043199263,0.0,0.0,0.0,0.0,0.0,0.0,0.0,0.0,0.0,0.0,0.0,0.0 
 01/01  05:31:00,33.16,35.11797903818597,30.94651095979706,35.11797903818597,0.0,0.0,30.94651095979706,0.0,0.0,0.0,35.07369333000337,0.0,30.91626628852644,0.0,0.0,0.0,0.0,0.0,0.0,0.0,0.0,0.0,0.0,0.0,0.0 
 01/01  05:32:00,33.13,35.16209193975794,30.97805830157381,35.16209193975794,0.0,0.0,30.97805830157381,0.0,0.0,0.0,35.11797903818597,0.0,30.94651095979706,0.0,0.0,0.0,0.0,0.0,0.0,0.0,0.0,0.0,0.0,0.0,0.0 
 01/01  05:33:00,33.18,35.20603562827072,31.008942897614876,35.20603562827072,0.0,0.0,31.008942897614876,0.0,0.0,0.0,35.16209193975794,0.0,30.97805830157381,0.0,0.0,0.0,0.0,0.0,0.0,0.0,0.0,0.0,0.0,0.0,0.0 
 01/01  05:34:00,33.24,35.249809863606316,31.039449476306764,35.249809863606316,0.0,0.0,31.039449476306764,0.0,0.0,0.0,35.20603562827072,0.0,31.008942897614876,0.0,0.0,0.0,0.0,0.0,0.0,0.0,0.0,0.0,0.0,0.0,0.0 
 01/01  05:35:00,33.11,35.29340923162907,31.064425581355035,35.29340923162907,0.0,0.0,31.064425581355035,0.0,0.0,0.0,35.249809863606316,0.0,31.039449476306764,0.0,0.0,0.0,0.0,0.0,0.0,0.0,0.0,0.0,0.0,0.0,0.0 
 01/01  05:36:00,33.16,35.33684147011244,31.08637478968443,35.33684147011244,0.0,0.0,31.08637478968443,0.0,0.0,0.0,35.29340923162907,0.0,31.064425581355035,0.0,0.0,0.0,0.0,0.0,0.0,0.0,0.0,0.0,0.0,0.0,0.0 
 01/01  05:37:00,33.23,35.38012625764856,31.10846337806521,35.38012625764856,0.0,0.0,31.10846337806521,0.0,0.0,0.0,35.33684147011244,0.0,31.08637478968443,0.0,0.0,0.0,0.0,0.0,0.0,0.0,0.0,0.0,0.0,0.0,0.0 
 01/01  05:38:00,33.3,35.42326512932415,31.132170823984804,35.42326512932415,0.0,0.0,31.132170823984804,0.0,0.0,0.0,35.38012625764856,0.0,31.10846337806521,0.0,0.0,0.0,0.0,0.0,0.0,0.0,0.0,0.0,0.0,0.0,0.0 
 01/01  05:39:00,33.36,35.46626490474021,31.15746242158186,35.46626490474021,0.0,0.0,31.15746242158186,0.0,0.0,0.0,35.42326512932415,0.0,31.132170823984804,0.0,0.0,0.0,0.0,0.0,0.0,0.0,0.0,0.0,0.0,0.0,0.0 
 01/01  05:40:00,33.28,35.50910779242395,31.17979094036688,35.50910779242395,0.0,0.0,31.17979094036688,0.0,0.0,0.0,35.46626490474021,0.0,31.15746242158186,0.0,0.0,0.0,0.0,0.0,0.0,0.0,0.0,0.0,0.0,0.0,0.0 
 01/01  05:41:00,33.18,35.551792504052244,31.195959616213454,35.551792504052244,0.0,0.0,31.195959616213454,0.0,0.0,0.0,35.50910779242395,0.0,31.17979094036688,0.0,0.0,0.0,0.0,0.0,0.0,0.0,0.0,0.0,0.0,0.0,0.0 
 01/01  05:42:00,33.32,35.59433761538272,31.212325438472735,35.59433761538272,0.0,0.0,31.212325438472735,0.0,0.0,0.0,35.551792504052244,0.0,31.195959616213454,0.0,0.0,0.0,0.0,0.0,0.0,0.0,0.0,0.0,0.0,0.0,0.0 
 01/01  05:43:00,33.4,35.6367582003167,31.231488115261122,35.6367582003167,0.0,0.0,31.231488115261122,0.0,0.0,0.0,35.59433761538272,0.0,31.212325438472735,0.0,0.0,0.0,0.0,0.0,0.0,0.0,0.0,0.0,0.0,0.0,0.0 
 01/01  05:44:00,32.94,35.67900142050331,31.237601634071197,35.67900142050331,0.0,0.0,31.237601634071197,0.0,0.0,0.0,35.6367582003167,0.0,31.231488115261122,0.0,0.0,0.0,0.0,0.0,0.0,0.0,0.0,0.0,0.0,0.0,0.0 
 01/01  05:45:00,30.46,35.720863561836715,31.16013081649841,35.720863561836715,0.0,0.0,31.16013081649841,0.0,0.0,0.0,35.67900142050331,0.0,31.237601634071197,0.0,0.0,0.0,0.0,0.0,0.0,0.0,0.0,0.0,0.0,0.0,0.0 
 01/01  05:46:00,30.48,35.76249236469463,31.038980053096,35.76249236469463,0.0,0.0,31.038980053096,0.0,0.0,0.0,35.720863561836715,0.0,31.16013081649841,0.0,0.0,0.0,0.0,0.0,0.0,0.0,0.0,0.0,0.0,0.0,0.0 
 01/01  05:47:00,30.54,35.80403125985309,30.914001932883945,35.80403125985309,0.0,0.0,30.914001932883945,0.0,0.0,0.0,35.76249236469463,0.0,31.038980053096,0.0,0.0,0.0,0.0,0.0,0.0,0.0,0.0,0.0,0.0,0.0,0.0 
 01/01  05:48:00,30.51,35.84551623754503,30.79984220972437,35.84551623754503,0.0,0.0,30.79984220972437,0.0,0.0,0.0,35.80403125985309,0.0,30.914001932883945,0.0,0.0,0.0,0.0,0.0,0.0,0.0,0.0,0.0,0.0,0.0,0.0 
 01/01  05:49:00,30.44,35.88693963915184,30.696663582017383,35.88693963915184,0.0,0.0,30.696663582017383,0.0,0.0,0.0,35.84551623754503,0.0,30.79984220972437,0.0,0.0,0.0,0.0,0.0,0.0,0.0,0.0,0.0,0.0,0.0,0.0 
 01/01  05:50:00,30.37,35.92827529834921,30.601417711729862,35.92827529834921,0.0,0.0,30.601417711729862,0.0,0.0,0.0,35.88693963915184,0.0,30.696663582017383,0.0,0.0,0.0,0.0,0.0,0.0,0.0,0.0,0.0,0.0,0.0,0.0 
 01/01  05:51:00,30.49,35.969530910494505,30.517563429401417,35.969530910494505,0.0,0.0,30.517563429401417,0.0,0.0,0.0,35.92827529834921,0.0,30.601417711729862,0.0,0.0,0.0,0.0,0.0,0.0,0.0,0.0,0.0,0.0,0.0,0.0 
 01/01  05:52:00,30.54,36.01069611132088,30.44499308266357,36.01069611132088,0.0,0.0,30.44499308266357,0.0,0.0,0.0,35.969530910494505,0.0,30.517563429401417,0.0,0.0,0.0,0.0,0.0,0.0,0.0,0.0,0.0,0.0,0.0,0.0 
 01/01  05:53:00,30.58,36.05176720240994,30.382146706450786,36.05176720240994,0.0,0.0,30.382146706450786,0.0,0.0,0.0,36.01069611132088,0.0,30.44499308266357,0.0,0.0,0.0,0.0,0.0,0.0,0.0,0.0,0.0,0.0,0.0,0.0 
 01/01  05:54:00,30.58,36.09273017810801,30.32637692770827,36.09273017810801,0.0,0.0,30.32637692770827,0.0,0.0,0.0,36.05176720240994,0.0,30.382146706450786,0.0,0.0,0.0,0.0,0.0,0.0,0.0,0.0,0.0,0.0,0.0,0.0 
 01/01  05:55:00,30.66,36.13359205737775,30.27840497194044,36.13359205737775,0.0,0.0,30.27840497194044,0.0,0.0,0.0,36.09273017810801,0.0,30.32637692770827,0.0,0.0,0.0,0.0,0.0,0.0,0.0,0.0,0.0,0.0,0.0,0.0 
 01/01  05:56:00,30.58,36.17433597497374,30.23388054658113,36.17433597497374,0.0,0.0,30.23388054658113,0.0,0.0,0.0,36.13359205737775,0.0,30.27840497194044,0.0,0.0,0.0,0.0,0.0,0.0,0.0,0.0,0.0,0.0,0.0,0.0 
 01/01  05:57:00,30.56,36.21496523842411,30.19167699314812,36.21496523842411,0.0,0.0,30.19167699314812,0.0,0.0,0.0,36.17433597497374,0.0,30.23388054658113,0.0,0.0,0.0,0.0,0.0,0.0,0.0,0.0,0.0,0.0,0.0,0.0 
 01/01  05:58:00,30.5,36.25547483816698,30.15053255639842,36.25547483816698,0.0,0.0,30.15053255639842,0.0,0.0,0.0,36.21496523842411,0.0,30.19167699314812,0.0,0.0,0.0,0.0,0.0,0.0,0.0,0.0,0.0,0.0,0.0,0.0 
 01/01  05:59:00,31.97,36.2960118536056,30.15597166804925,36.2960118536056,0.0,0.0,30.15597166804925,0.0,0.0,0.0,36.25547483816698,0.0,30.15053255639842,0.0,0.0,0.0,0.0,0.0,0.0,0.0,0.0,0.0,0.0,0.0,0.0 
 01/01  06:00:00,32.72,36.33656958808881,30.21166230324498,36.33656958808881,0.0,0.0,30.21166230324498,0.0,0.0,0.0,36.2960118536056,0.0,30.15597166804925,0.0,0.0,0.0,0.0,0.0,0.0,0.0,0.0,0.0,0.0,0.0,0.0,49104000.0 
 01/01  06:01:00,32.67,36.37703736736677,30.285451812229525,36.37703736736677,0.0,0.0,30.285451812229525,0.0,0.0,0.0,36.33656958808881,0.0,30.21166230324498,0.0,0.0,0.0,0.0,0.0,0.0,0.0,0.0,0.0,0.0,0.0,0.0 
 01/01  06:02:00,32.74,36.41735669859103,30.359870349632303,36.41735669859103,0.0,0.0,30.359870349632303,0.0,0.0,0.0,36.37703736736677,0.0,30.285451812229525,0.0,0.0,0.0,0.0,0.0,0.0,0.0,0.0,0.0,0.0,0.0,0.0 
 01/01  06:03:00,32.54,36.457500744779296,30.421772813684246,36.457500744779296,0.0,0.0,30.421772813684246,0.0,0.0,0.0,36.41735669859103,0.0,30.359870349632303,0.0,0.0,0.0,0.0,0.0,0.0,0.0,0.0,0.0,0.0,0.0,0.0 
 01/01  06:04:00,32.55,36.497487045133994,30.473136576887832,36.497487045133994,0.0,0.0,30.473136576887832,0.0,0.0,0.0,36.457500744779296,0.0,30.421772813684246,0.0,0.0,0.0,0.0,0.0,0.0,0.0,0.0,0.0,0.0,0.0,0.0 
 01/01  06:05:00,32.58,36.537346328223485,30.518576410046634,36.537346328223485,0.0,0.0,30.518576410046634,0.0,0.0,0.0,36.497487045133994,0.0,30.473136576887832,0.0,0.0,0.0,0.0,0.0,0.0,0.0,0.0,0.0,0.0,0.0,0.0 
 01/01  06:06:00,32.5,36.57708067596843,30.55755669350485,36.57708067596843,0.0,0.0,30.55755669350485,0.0,0.0,0.0,36.537346328223485,0.0,30.518576410046634,0.0,0.0,0.0,0.0,0.0,0.0,0.0,0.0,0.0,0.0,0.0,0.0 
 01/01  06:07:00,32.64,36.61671671274359,30.59587458683299,36.61671671274359,0.0,0.0,30.59587458683299,0.0,0.0,0.0,36.57708067596843,0.0,30.55755669350485,0.0,0.0,0.0,0.0,0.0,0.0,0.0,0.0,0.0,0.0,0.0,0.0 
 01/01  06:08:00,32.55,36.65624200899677,30.63028169092225,36.65624200899677,0.0,0.0,30.63028169092225,0.0,0.0,0.0,36.61671671274359,0.0,30.59587458683299,0.0,0.0,0.0,0.0,0.0,0.0,0.0,0.0,0.0,0.0,0.0,0.0 
 01/01  06:09:00,32.61,36.695667352185794,30.66249741671939,36.695667352185794,0.0,0.0,30.66249741671939,0.0,0.0,0.0,36.65624200899677,0.0,30.63028169092225,0.0,0.0,0.0,0.0,0.0,0.0,0.0,0.0,0.0,0.0,0.0,0.0 
 01/01  06:10:00,32.82,36.7350089782868,30.698735129067487,36.7350089782868,0.0,0.0,30.698735129067487,0.0,0.0,0.0,36.695667352185794,0.0,30.66249741671939,0.0,0.0,0.0,0.0,0.0,0.0,0.0,0.0,0.0,0.0,0.0,0.0 
 01/01  06:11:00,32.72,36.77425076453568,30.732972179944124,36.77425076453568,0.0,0.0,30.732972179944124,0.0,0.0,0.0,36.7350089782868,0.0,30.698735129067487,0.0,0.0,0.0,0.0,0.0,0.0,0.0,0.0,0.0,0.0,0.0,0.0 
 01/01  06:12:00,32.71,36.81338355892513,30.763277316872085,36.81338355892513,0.0,0.0,30.763277316872085,0.0,0.0,0.0,36.77425076453568,0.0,30.732972179944124,0.0,0.0,0.0,0.0,0.0,0.0,0.0,0.0,0.0,0.0,0.0,0.0 
 01/01  06:13:00,32.67,36.85241028927612,30.78882407889743,36.85241028927612,0.0,0.0,30.78882407889743,0.0,0.0,0.0,36.81338355892513,0.0,30.763277316872085,0.0,0.0,0.0,0.0,0.0,0.0,0.0,0.0,0.0,0.0,0.0,0.0 
 01/01  06:14:00,32.73,36.89133854364958,30.81268976724365,36.89133854364958,0.0,0.0,30.81268976724365,0.0,0.0,0.0,36.85241028927612,0.0,30.78882407889743,0.0,0.0,0.0,0.0,0.0,0.0,0.0,0.0,0.0,0.0,0.0,0.0 
 01/01  06:15:00,32.76,36.930176289486695,30.83607072316929,36.930176289486695,0.0,0.0,30.83607072316929,0.0,0.0,0.0,36.89133854364958,0.0,30.81268976724365,0.0,0.0,0.0,0.0,0.0,0.0,0.0,0.0,0.0,0.0,0.0,0.0 
 01/01  06:16:00,33.71,36.96900435508911,30.886690150737078,36.96900435508911,0.0,0.0,30.886690150737078,0.0,0.0,0.0,36.930176289486695,0.0,30.83607072316929,0.0,0.0,0.0,0.0,0.0,0.0,0.0,0.0,0.0,0.0,0.0,0.0 
 01/01  06:17:00,33.92,37.00779460144536,30.957617546131203,37.00779460144536,0.0,0.0,30.957617546131203,0.0,0.0,0.0,36.96900435508911,0.0,30.886690150737078,0.0,0.0,0.0,0.0,0.0,0.0,0.0,0.0,0.0,0.0,0.0,0.0 
 01/01  06:18:00,34.03,37.046495045392305,31.035820153876358,37.046495045392305,0.0,0.0,31.035820153876358,0.0,0.0,0.0,37.00779460144536,0.0,30.957617546131203,0.0,0.0,0.0,0.0,0.0,0.0,0.0,0.0,0.0,0.0,0.0,0.0 
 01/01  06:19:00,34.02,37.08507554562668,31.110642375505883,37.08507554562668,0.0,0.0,31.110642375505883,0.0,0.0,0.0,37.046495045392305,0.0,31.035820153876358,0.0,0.0,0.0,0.0,0.0,0.0,0.0,0.0,0.0,0.0,0.0,0.0 
 01/01  06:20:00,33.85,37.123510217358806,31.17328971296865,37.123510217358806,0.0,0.0,31.17328971296865,0.0,0.0,0.0,37.08507554562668,0.0,31.110642375505883,0.0,0.0,0.0,0.0,0.0,0.0,0.0,0.0,0.0,0.0,0.0,0.0 
 01/01  06:21:00,33.81,37.16181440522207,31.22477889362607,37.16181440522207,0.0,0.0,31.22477889362607,0.0,0.0,0.0,37.123510217358806,0.0,31.17328971296865,0.0,0.0,0.0,0.0,0.0,0.0,0.0,0.0,0.0,0.0,0.0,0.0 
 01/01  06:22:00,33.72,37.19999512810161,31.26633737416122,37.19999512810161,0.0,0.0,31.26633737416122,0.0,0.0,0.0,37.16181440522207,0.0,31.22477889362607,0.0,0.0,0.0,0.0,0.0,0.0,0.0,0.0,0.0,0.0,0.0,0.0 
 01/01  06:23:00,33.69,37.238069642458846,31.300840022066875,37.238069642458846,0.0,0.0,31.300840022066875,0.0,0.0,0.0,37.19999512810161,0.0,31.26633737416122,0.0,0.0,0.0,0.0,0.0,0.0,0.0,0.0,0.0,0.0,0.0,0.0 
 01/01  06:24:00,33.61,37.27603741181195,31.328688621849047,37.27603741181195,0.0,0.0,31.328688621849047,0.0,0.0,0.0,37.238069642458846,0.0,31.300840022066875,0.0,0.0,0.0,0.0,0.0,0.0,0.0,0.0,0.0,0.0,0.0,0.0 
 01/01  06:25:00,33.66,37.31391528745295,31.353859697206683,37.31391528745295,0.0,0.0,31.353859697206683,0.0,0.0,0.0,37.27603741181195,0.0,31.328688621849047,0.0,0.0,0.0,0.0,0.0,0.0,0.0,0.0,0.0,0.0,0.0,0.0 
 01/01  06:26:00,33.76,37.35171088167893,31.380325919036284,37.35171088167893,0.0,0.0,31.380325919036284,0.0,0.0,0.0,37.31391528745295,0.0,31.353859697206683,0.0,0.0,0.0,0.0,0.0,0.0,0.0,0.0,0.0,0.0,0.0,0.0 
 01/01  06:27:00,33.72,37.38941780566868,31.40555443398032,37.38941780566868,0.0,0.0,31.40555443398032,0.0,0.0,0.0,37.35171088167893,0.0,31.380325919036284,0.0,0.0,0.0,0.0,0.0,0.0,0.0,0.0,0.0,0.0,0.0,0.0 
 01/01  06:28:00,33.86,37.4270411709357,31.4327640235836,37.4270411709357,0.0,0.0,31.4327640235836,0.0,0.0,0.0,37.38941780566868,0.0,31.40555443398032,0.0,0.0,0.0,0.0,0.0,0.0,0.0,0.0,0.0,0.0,0.0,0.0 
 01/01  06:29:00,33.82,37.46457354612875,31.458863046744508,37.46457354612875,0.0,0.0,31.458863046744508,0.0,0.0,0.0,37.4270411709357,0.0,31.4327640235836,0.0,0.0,0.0,0.0,0.0,0.0,0.0,0.0,0.0,0.0,0.0,0.0 
 01/01  06:30:00,33.96,37.50202048940677,31.486855139786773,37.50202048940677,0.0,0.0,31.486855139786773,0.0,0.0,0.0,37.46457354612875,0.0,31.458863046744508,0.0,0.0,0.0,0.0,0.0,0.0,0.0,0.0,0.0,0.0,0.0,0.0 
 01/01  06:31:00,34.05,37.53938726262235,31.517502843368238,37.53938726262235,0.0,0.0,31.517502843368238,0.0,0.0,0.0,37.50202048940677,0.0,31.486855139786773,0.0,0.0,0.0,0.0,0.0,0.0,0.0,0.0,0.0,0.0,0.0,0.0 
 01/01  06:32:00,33.86,37.57664332026924,31.542249490384858,37.57664332026924,0.0,0.0,31.542249490384858,0.0,0.0,0.0,37.53938726262235,0.0,31.517502843368238,0.0,0.0,0.0,0.0,0.0,0.0,0.0,0.0,0.0,0.0,0.0,0.0 
 01/01  06:33:00,32.86,37.6137048100584,31.531790860604094,37.6137048100584,0.0,0.0,31.531790860604094,0.0,0.0,0.0,37.57664332026924,0.0,31.542249490384858,0.0,0.0,0.0,0.0,0.0,0.0,0.0,0.0,0.0,0.0,0.0,0.0 
 01/01  06:34:00,32.92,37.650635143525406,31.503471110799754,37.650635143525406,0.0,0.0,31.503471110799754,0.0,0.0,0.0,37.6137048100584,0.0,31.531790860604094,0.0,0.0,0.0,0.0,0.0,0.0,0.0,0.0,0.0,0.0,0.0,0.0 
 01/01  06:35:00,32.91,37.68748930217449,31.471701260885997,37.68748930217449,0.0,0.0,31.471701260885997,0.0,0.0,0.0,37.650635143525406,0.0,31.503471110799754,0.0,0.0,0.0,0.0,0.0,0.0,0.0,0.0,0.0,0.0,0.0,0.0 
 01/01  06:36:00,32.92,37.72428297906227,31.442977449966875,37.72428297906227,0.0,0.0,31.442977449966875,0.0,0.0,0.0,37.68748930217449,0.0,31.471701260885997,0.0,0.0,0.0,0.0,0.0,0.0,0.0,0.0,0.0,0.0,0.0,0.0 
 01/01  06:37:00,32.92,37.76101765989411,31.418273829079638,37.76101765989411,0.0,0.0,31.418273829079638,0.0,0.0,0.0,37.72428297906227,0.0,31.442977449966875,0.0,0.0,0.0,0.0,0.0,0.0,0.0,0.0,0.0,0.0,0.0,0.0 
 01/01  06:38:00,32.93,37.79768377788855,31.397134761839734,37.79768377788855,0.0,0.0,31.397134761839734,0.0,0.0,0.0,37.76101765989411,0.0,31.418273829079638,0.0,0.0,0.0,0.0,0.0,0.0,0.0,0.0,0.0,0.0,0.0,0.0 
 01/01  06:39:00,32.82,37.834268266986484,31.37532078799502,37.834268266986484,0.0,0.0,31.37532078799502,0.0,0.0,0.0,37.79768377788855,0.0,31.397134761839734,0.0,0.0,0.0,0.0,0.0,0.0,0.0,0.0,0.0,0.0,0.0,0.0 
 01/01  06:40:00,32.89,37.87077675517405,31.355777706180692,37.87077675517405,0.0,0.0,31.355777706180692,0.0,0.0,0.0,37.834268266986484,0.0,31.37532078799502,0.0,0.0,0.0,0.0,0.0,0.0,0.0,0.0,0.0,0.0,0.0,0.0 
 01/01  06:41:00,32.91,37.90721483548788,31.33940119681736,37.90721483548788,0.0,0.0,31.33940119681736,0.0,0.0,0.0,37.87077675517405,0.0,31.355777706180692,0.0,0.0,0.0,0.0,0.0,0.0,0.0,0.0,0.0,0.0,0.0,0.0 
 01/01  06:42:00,32.96,37.94358144642178,31.326955173617822,37.94358144642178,0.0,0.0,31.326955173617822,0.0,0.0,0.0,37.90721483548788,0.0,31.33940119681736,0.0,0.0,0.0,0.0,0.0,0.0,0.0,0.0,0.0,0.0,0.0,0.0 
 01/01  06:43:00,33.0,37.97987861521761,31.318241034009294,37.97987861521761,0.0,0.0,31.318241034009294,0.0,0.0,0.0,37.94358144642178,0.0,31.326955173617822,0.0,0.0,0.0,0.0,0.0,0.0,0.0,0.0,0.0,0.0,0.0,0.0 
 01/01  06:44:00,32.91,38.01608998761283,31.30890883512747,38.01608998761283,0.0,0.0,31.30890883512747,0.0,0.0,0.0,37.97987861521761,0.0,31.318241034009294,0.0,0.0,0.0,0.0,0.0,0.0,0.0,0.0,0.0,0.0,0.0,0.0 
 01/01  06:45:00,32.8,38.05221063590028,31.29578608058294,38.05221063590028,0.0,0.0,31.29578608058294,0.0,0.0,0.0,38.01608998761283,0.0,31.30890883512747,0.0,0.0,0.0,0.0,0.0,0.0,0.0,0.0,0.0,0.0,0.0,0.0 
 01/01  06:46:00,32.89,38.088256616801694,31.28390473147627,38.088256616801694,0.0,0.0,31.28390473147627,0.0,0.0,0.0,38.05221063590028,0.0,31.29578608058294,0.0,0.0,0.0,0.0,0.0,0.0,0.0,0.0,0.0,0.0,0.0,0.0 
 01/01  06:47:00,31.01,38.12405982778383,31.21735432524733,38.12405982778383,0.0,0.0,31.21735432524733,0.0,0.0,0.0,38.088256616801694,0.0,31.28390473147627,0.0,0.0,0.0,0.0,0.0,0.0,0.0,0.0,0.0,0.0,0.0,0.0 
 01/01  06:48:00,30.51,38.15966856500542,31.105771673255294,38.15966856500542,0.0,0.0,31.105771673255294,0.0,0.0,0.0,38.12405982778383,0.0,31.21735432524733,0.0,0.0,0.0,0.0,0.0,0.0,0.0,0.0,0.0,0.0,0.0,0.0 
 01/01  06:49:00,30.52,38.19520671107041,30.98249530594922,38.19520671107041,0.0,0.0,30.98249530594922,0.0,0.0,0.0,38.15966856500542,0.0,31.105771673255294,0.0,0.0,0.0,0.0,0.0,0.0,0.0,0.0,0.0,0.0,0.0,0.0 
 01/01  06:50:00,30.61,38.23073965156981,30.869046225142743,38.23073965156981,0.0,0.0,30.869046225142743,0.0,0.0,0.0,38.19520671107041,0.0,30.98249530594922,0.0,0.0,0.0,0.0,0.0,0.0,0.0,0.0,0.0,0.0,0.0,0.0 
 01/01  06:51:00,30.63,38.266273942523355,30.770023044341453,38.266273942523355,0.0,0.0,30.770023044341453,0.0,0.0,0.0,38.23073965156981,0.0,30.869046225142743,0.0,0.0,0.0,0.0,0.0,0.0,0.0,0.0,0.0,0.0,0.0,0.0 
 01/01  06:52:00,30.59,38.30178341960198,30.68188337555813,38.30178341960198,0.0,0.0,30.68188337555813,0.0,0.0,0.0,38.266273942523355,0.0,30.770023044341453,0.0,0.0,0.0,0.0,0.0,0.0,0.0,0.0,0.0,0.0,0.0,0.0 
 01/01  06:53:00,30.66,38.33726142655493,30.604437106293904,38.33726142655493,0.0,0.0,30.604437106293904,0.0,0.0,0.0,38.30178341960198,0.0,30.68188337555813,0.0,0.0,0.0,0.0,0.0,0.0,0.0,0.0,0.0,0.0,0.0,0.0 
 01/01  06:54:00,30.67,38.37269435252376,30.53579475875419,38.37269435252376,0.0,0.0,30.53579475875419,0.0,0.0,0.0,38.33726142655493,0.0,30.604437106293904,0.0,0.0,0.0,0.0,0.0,0.0,0.0,0.0,0.0,0.0,0.0,0.0 
 01/01  06:55:00,30.68,38.408077437756724,30.47438220596407,38.408077437756724,0.0,0.0,30.47438220596407,0.0,0.0,0.0,38.37269435252376,0.0,30.53579475875419,0.0,0.0,0.0,0.0,0.0,0.0,0.0,0.0,0.0,0.0,0.0,0.0 
 01/01  06:56:00,30.65,38.443400901685024,30.41798021664441,38.443400901685024,0.0,0.0,30.41798021664441,0.0,0.0,0.0,38.408077437756724,0.0,30.47438220596407,0.0,0.0,0.0,0.0,0.0,0.0,0.0,0.0,0.0,0.0,0.0,0.0 
 01/01  06:57:00,30.6,38.478662056799,30.364647229684003,38.478662056799,0.0,0.0,30.364647229684003,0.0,0.0,0.0,38.443400901685024,0.0,30.41798021664441,0.0,0.0,0.0,0.0,0.0,0.0,0.0,0.0,0.0,0.0,0.0,0.0 
 01/01  06:58:00,30.61,38.513863038190316,30.315245593009625,38.513863038190316,0.0,0.0,30.315245593009625,0.0,0.0,0.0,38.478662056799,0.0,30.364647229684003,0.0,0.0,0.0,0.0,0.0,0.0,0.0,0.0,0.0,0.0,0.0,0.0 
 01/01  06:59:00,30.65,38.54901246457758,30.27133926163371,38.54901246457758,0.0,0.0,30.27133926163371,0.0,0.0,0.0,38.513863038190316,0.0,30.315245593009625,0.0,0.0,0.0,0.0,0.0,0.0,0.0,0.0,0.0,0.0,0.0,0.0 
 01/01  07:00:00,30.56,38.58409785936705,30.22950800915733,38.58409785936705,0.0,0.0,30.22950800915733,0.0,0.0,0.0,38.54901246457758,0.0,30.27133926163371,0.0,0.0,0.0,0.0,0.0,0.0,0.0,0.0,0.0,0.0,0.0,0.0,49104000.0 
 01/01  07:01:00,30.68,38.619135221853746,30.19365627214301,38.619135221853746,0.0,0.0,30.19365627214301,0.0,0.0,0.0,38.58409785936705,0.0,30.22950800915733,0.0,0.0,0.0,0.0,0.0,0.0,0.0,0.0,0.0,0.0,0.0,0.0 
 01/01  07:02:00,30.68,38.65411928598476,30.162810044011287,38.65411928598476,0.0,0.0,30.162810044011287,0.0,0.0,0.0,38.619135221853746,0.0,30.19365627214301,0.0,0.0,0.0,0.0,0.0,0.0,0.0,0.0,0.0,0.0,0.0,0.0 
 01/01  07:03:00,30.68,38.68904781952841,30.135447761482265,38.68904781952841,0.0,0.0,30.135447761482265,0.0,0.0,0.0,38.65411928598476,0.0,30.162810044011287,0.0,0.0,0.0,0.0,0.0,0.0,0.0,0.0,0.0,0.0,0.0,0.0 
 01/01  07:04:00,30.68,38.723916433090274,30.11063934119628,38.723916433090274,0.0,0.0,30.11063934119628,0.0,0.0,0.0,38.68904781952841,0.0,30.135447761482265,0.0,0.0,0.0,0.0,0.0,0.0,0.0,0.0,0.0,0.0,0.0,0.0 
 01/01  07:05:00,30.68,38.75872727716702,30.087955180601064,38.75872727716702,0.0,0.0,30.087955180601064,0.0,0.0,0.0,38.723916433090274,0.0,30.11063934119628,0.0,0.0,0.0,0.0,0.0,0.0,0.0,0.0,0.0,0.0,0.0,0.0 
 01/01  07:06:00,30.68,38.79347861796437,30.067189452915244,38.79347861796437,0.0,0.0,30.067189452915244,0.0,0.0,0.0,38.75872727716702,0.0,30.087955180601064,0.0,0.0,0.0,0.0,0.0,0.0,0.0,0.0,0.0,0.0,0.0,0.0 
 01/01  07:07:00,30.68,38.82817335127175,30.048195249188446,38.82817335127175,0.0,0.0,30.048195249188446,0.0,0.0,0.0,38.79347861796437,0.0,30.067189452915244,0.0,0.0,0.0,0.0,0.0,0.0,0.0,0.0,0.0,0.0,0.0,0.0 
 01/01  07:08:00,30.68,38.8628094950113,30.03083074140925,38.8628094950113,0.0,0.0,30.03083074140925,0.0,0.0,0.0,38.82817335127175,0.0,30.048195249188446,0.0,0.0,0.0,0.0,0.0,0.0,0.0,0.0,0.0,0.0,0.0,0.0 
 01/01  07:09:00,30.68,38.89738953580727,30.014953547200623,38.89738953580727,0.0,0.0,30.014953547200623,0.0,0.0,0.0,38.8628094950113,0.0,30.03083074140925,0.0,0.0,0.0,0.0,0.0,0.0,0.0,0.0,0.0,0.0,0.0,0.0 
 01/01  07:10:00,30.68,38.93191107394864,30.000427938962893,38.93191107394864,0.0,0.0,30.000427938962893,0.0,0.0,0.0,38.89738953580727,0.0,30.014953547200623,0.0,0.0,0.0,0.0,0.0,0.0,0.0,0.0,0.0,0.0,0.0,0.0 
 01/01  07:11:00,30.68,38.966376364538256,29.987128583080953,38.966376364538256,0.0,0.0,29.987128583080953,0.0,0.0,0.0,38.93191107394864,0.0,30.000427938962893,0.0,0.0,0.0,0.0,0.0,0.0,0.0,0.0,0.0,0.0,0.0,0.0 
 01/01  07:12:00,30.68,39.00078273444618,29.974942267467473,39.00078273444618,0.0,0.0,29.974942267467473,0.0,0.0,0.0,38.966376364538256,0.0,29.987128583080953,0.0,0.0,0.0,0.0,0.0,0.0,0.0,0.0,0.0,0.0,0.0,0.0 
 01/01  07:13:00,30.68,39.03513230454644,29.963766355860834,39.03513230454644,0.0,0.0,29.963766355860834,0.0,0.0,0.0,39.00078273444618,0.0,29.974942267467473,0.0,0.0,0.0,0.0,0.0,0.0,0.0,0.0,0.0,0.0,0.0,0.0 
 01/01  07:14:00,30.68,39.06942215312718,29.953508437050473,39.06942215312718,0.0,0.0,29.953508437050473,0.0,0.0,0.0,39.03513230454644,0.0,29.963766355860834,0.0,0.0,0.0,0.0,0.0,0.0,0.0,0.0,0.0,0.0,0.0,0.0 
 01/01  07:15:00,30.68,39.1036542962511,29.944084398901666,39.1036542962511,0.0,0.0,29.944084398901666,0.0,0.0,0.0,39.06942215312718,0.0,29.953508437050473,0.0,0.0,0.0,0.0,0.0,0.0,0.0,0.0,0.0,0.0,0.0,0.0 
 01/01  07:16:00,30.68,39.137825576617594,29.9354182482912,39.137825576617594,0.0,0.0,29.9354182482912,0.0,0.0,0.0,39.1036542962511,0.0,29.944084398901666,0.0,0.0,0.0,0.0,0.0,0.0,0.0,0.0,0.0,0.0,0.0,0.0 
 01/01  07:17:00,30.68,39.171937938287115,29.9274407198098,39.171937938287115,0.0,0.0,29.9274407198098,0.0,0.0,0.0,39.137825576617594,0.0,29.9354182482912,0.0,0.0,0.0,0.0,0.0,0.0,0.0,0.0,0.0,0.0,0.0,0.0 
 01/01  07:18:00,30.68,39.20598801494424,29.920089270287693,39.20598801494424,0.0,0.0,29.920089270287693,0.0,0.0,0.0,39.171937938287115,0.0,29.9274407198098,0.0,0.0,0.0,0.0,0.0,0.0,0.0,0.0,0.0,0.0,0.0,0.0 
 01/01  07:19:00,30.68,39.23997771585961,29.913306737180527,39.23997771585961,0.0,0.0,29.913306737180527,0.0,0.0,0.0,39.20598801494424,0.0,29.920089270287693,0.0,0.0,0.0,0.0,0.0,0.0,0.0,0.0,0.0,0.0,0.0,0.0 
 01/01  07:20:00,30.68,39.27390349937249,29.907041609200107,39.27390349937249,0.0,0.0,29.907041609200107,0.0,0.0,0.0,39.23997771585961,0.0,29.913306737180527,0.0,0.0,0.0,0.0,0.0,0.0,0.0,0.0,0.0,0.0,0.0,0.0 
 01/01  07:21:00,30.68,39.307767276026,29.901246781631766,39.307767276026,0.0,0.0,29.901246781631766,0.0,0.0,0.0,39.27390349937249,0.0,29.907041609200107,0.0,0.0,0.0,0.0,0.0,0.0,0.0,0.0,0.0,0.0,0.0,0.0 
 01/01  07:22:00,30.68,39.34156536510001,29.895879742707386,39.34156536510001,0.0,0.0,29.895879742707386,0.0,0.0,0.0,39.307767276026,0.0,29.901246781631766,0.0,0.0,0.0,0.0,0.0,0.0,0.0,0.0,0.0,0.0,0.0,0.0 
 01/01  07:23:00,30.68,39.37529971096666,29.890901635811886,39.37529971096666,0.0,0.0,29.890901635811886,0.0,0.0,0.0,39.34156536510001,0.0,29.895879742707386,0.0,0.0,0.0,0.0,0.0,0.0,0.0,0.0,0.0,0.0,0.0,0.0 
 01/01  07:24:00,30.68,39.40896653007129,29.88627744809413,39.40896653007129,0.0,0.0,29.88627744809413,0.0,0.0,0.0,39.37529971096666,0.0,29.890901635811886,0.0,0.0,0.0,0.0,0.0,0.0,0.0,0.0,0.0,0.0,0.0,0.0 
 01/01  07:25:00,30.68,39.44256782828854,29.88197504339969,39.44256782828854,0.0,0.0,29.88197504339969,0.0,0.0,0.0,39.40896653007129,0.0,29.88627744809413,0.0,0.0,0.0,0.0,0.0,0.0,0.0,0.0,0.0,0.0,0.0,0.0 
 01/01  07:26:00,30.68,39.476099753310834,29.877965550047033,39.476099753310834,0.0,0.0,29.877965550047033,0.0,0.0,0.0,39.44256782828854,0.0,29.88197504339969,0.0,0.0,0.0,0.0,0.0,0.0,0.0,0.0,0.0,0.0,0.0,0.0 
 01/01  07:27:00,30.68,39.50956439450173,29.874222460496778,39.50956439450173,0.0,0.0,29.874222460496778,0.0,0.0,0.0,39.476099753310834,0.0,29.877965550047033,0.0,0.0,0.0,0.0,0.0,0.0,0.0,0.0,0.0,0.0,0.0,0.0 
 01/01  07:28:00,30.68,39.54295786134023,29.870721901854694,39.54295786134023,0.0,0.0,29.870721901854694,0.0,0.0,0.0,39.50956439450173,0.0,29.874222460496778,0.0,0.0,0.0,0.0,0.0,0.0,0.0,0.0,0.0,0.0,0.0,0.0 
 01/01  07:29:00,30.68,39.57628234278556,29.867441980399818,39.57628234278556,0.0,0.0,29.867441980399818,0.0,0.0,0.0,39.54295786134023,0.0,29.870721901854694,0.0,0.0,0.0,0.0,0.0,0.0,0.0,0.0,0.0,0.0,0.0,0.0 
 01/01  07:30:00,30.68,39.60953393638289,29.864363026066407,39.60953393638289,0.0,0.0,29.864363026066407,0.0,0.0,0.0,39.57628234278556,0.0,29.867441980399818,0.0,0.0,0.0,0.0,0.0,0.0,0.0,0.0,0.0,0.0,0.0,0.0 
 01/01  07:31:00,30.68,39.64271494120691,29.861466895121325,39.64271494120691,0.0,0.0,29.861466895121325,0.0,0.0,0.0,39.60953393638289,0.0,29.864363026066407,0.0,0.0,0.0,0.0,0.0,0.0,0.0,0.0,0.0,0.0,0.0,0.0 
 01/01  07:32:00,30.68,39.67582146470068,29.858737355026417,39.67582146470068,0.0,0.0,29.858737355026417,0.0,0.0,0.0,39.64271494120691,0.0,29.861466895121325,0.0,0.0,0.0,0.0,0.0,0.0,0.0,0.0,0.0,0.0,0.0,0.0 
 01/01  07:33:00,30.68,39.70885592158807,29.856159431800275,39.70885592158807,0.0,0.0,29.856159431800275,0.0,0.0,0.0,39.67582146470068,0.0,29.858737355026417,0.0,0.0,0.0,0.0,0.0,0.0,0.0,0.0,0.0,0.0,0.0,0.0 
 01/01  07:34:00,30.68,39.74181444676554,29.85371968273324,39.74181444676554,0.0,0.0,29.85371968273324,0.0,0.0,0.0,39.70885592158807,0.0,29.856159431800275,0.0,0.0,0.0,0.0,0.0,0.0,0.0,0.0,0.0,0.0,0.0,0.0 
 01/01  07:35:00,30.68,39.774699571913175,29.851405728655696,39.774699571913175,0.0,0.0,29.851405728655696,0.0,0.0,0.0,39.74181444676554,0.0,29.85371968273324,0.0,0.0,0.0,0.0,0.0,0.0,0.0,0.0,0.0,0.0,0.0,0.0 
 01/01  07:36:00,30.68,39.80750747304825,29.849206494466884,39.80750747304825,0.0,0.0,29.849206494466884,0.0,0.0,0.0,39.774699571913175,0.0,29.851405728655696,0.0,0.0,0.0,0.0,0.0,0.0,0.0,0.0,0.0,0.0,0.0,0.0 
 01/01  07:37:00,30.68,39.840240796691496,29.84711170228732,39.840240796691496,0.0,0.0,29.84711170228732,0.0,0.0,0.0,39.80750747304825,0.0,29.849206494466884,0.0,0.0,0.0,0.0,0.0,0.0,0.0,0.0,0.0,0.0,0.0,0.0 
 01/01  07:38:00,30.68,39.87289577025358,29.8451122091764,39.87289577025358,0.0,0.0,29.8451122091764,0.0,0.0,0.0,39.840240796691496,0.0,29.84711170228732,0.0,0.0,0.0,0.0,0.0,0.0,0.0,0.0,0.0,0.0,0.0,0.0 
 01/01  07:39:00,30.68,39.90547515033171,29.843199530727837,39.90547515033171,0.0,0.0,29.843199530727837,0.0,0.0,0.0,39.87289577025358,0.0,29.8451122091764,0.0,0.0,0.0,0.0,0.0,0.0,0.0,0.0,0.0,0.0,0.0,0.0 
 01/01  07:40:00,30.68,39.93797522313136,29.841366086024692,39.93797522313136,0.0,0.0,29.841366086024692,0.0,0.0,0.0,39.90547515033171,0.0,29.843199530727837,0.0,0.0,0.0,0.0,0.0,0.0,0.0,0.0,0.0,0.0,0.0,0.0 
 01/01  07:41:00,30.68,39.92780898499133,29.839604844909836,39.92780898499133,0.0,0.0,29.839604844909836,0.0,0.0,0.0,39.93797522313136,0.0,29.841366086024692,0.0,0.0,0.0,0.0,0.0,0.0,0.0,0.0,0.0,0.0,0.0,0.0 
 01/01  07:42:00,30.68,39.87299014451779,29.83790957546169,39.87299014451779,0.0,0.0,29.83790957546169,0.0,0.0,0.0,39.92780898499133,0.0,29.839604844909836,0.0,0.0,0.0,0.0,0.0,0.0,0.0,0.0,0.0,0.0,0.0,0.0 
 01/01  07:43:00,30.68,39.79854247934071,29.836274444310263,39.79854247934071,0.0,0.0,29.836274444310263,0.0,0.0,0.0,39.87299014451779,0.0,29.83790957546169,0.0,0.0,0.0,0.0,0.0,0.0,0.0,0.0,0.0,0.0,0.0,0.0 
 01/01  07:44:00,30.68,39.72422556465997,29.834694297831422,39.72422556465997,0.0,0.0,29.834694297831422,0.0,0.0,0.0,39.79854247934071,0.0,29.836274444310263,0.0,0.0,0.0,0.0,0.0,0.0,0.0,0.0,0.0,0.0,0.0,0.0 
 01/01  07:45:00,30.68,39.65792904299347,29.833164315389702,39.65792904299347,0.0,0.0,29.833164315389702,0.0,0.0,0.0,39.72422556465997,0.0,29.834694297831422,0.0,0.0,0.0,0.0,0.0,0.0,0.0,0.0,0.0,0.0,0.0,0.0 
 01/01  07:46:00,30.68,39.6006622730893,29.831680220245214,39.6006622730893,0.0,0.0,29.831680220245214,0.0,0.0,0.0,39.65792904299347,0.0,29.833164315389702,0.0,0.0,0.0,0.0,0.0,0.0,0.0,0.0,0.0,0.0,0.0,0.0 
 01/01  07:47:00,30.68,39.55071604497053,29.830238022264954,39.55071604497053,0.0,0.0,29.830238022264954,0.0,0.0,0.0,39.6006622730893,0.0,29.831680220245214,0.0,0.0,0.0,0.0,0.0,0.0,0.0,0.0,0.0,0.0,0.0,0.0 
 01/01  07:48:00,30.68,39.50637107512125,29.828834204622225,39.50637107512125,0.0,0.0,29.828834204622225,0.0,0.0,0.0,39.55071604497053,0.0,29.830238022264954,0.0,0.0,0.0,0.0,0.0,0.0,0.0,0.0,0.0,0.0,0.0,0.0 
 01/01  07:49:00,30.68,39.466281442957204,29.827465443395322,39.466281442957204,0.0,0.0,29.827465443395322,0.0,0.0,0.0,39.50637107512125,0.0,29.828834204622225,0.0,0.0,0.0,0.0,0.0,0.0,0.0,0.0,0.0,0.0,0.0,0.0 
 01/01  07:50:00,30.68,39.42962500805514,29.82612883751054,39.42962500805514,0.0,0.0,29.82612883751054,0.0,0.0,0.0,39.466281442957204,0.0,29.827465443395322,0.0,0.0,0.0,0.0,0.0,0.0,0.0,0.0,0.0,0.0,0.0,0.0 
 01/01  07:51:00,30.68,39.395753893784445,29.82482164317288,39.395753893784445,0.0,0.0,29.82482164317288,0.0,0.0,0.0,39.42962500805514,0.0,29.82612883751054,0.0,0.0,0.0,0.0,0.0,0.0,0.0,0.0,0.0,0.0,0.0,0.0 
 01/01  07:52:00,30.68,39.36421109449361,29.823541452685863,39.36421109449361,0.0,0.0,29.823541452685863,0.0,0.0,0.0,39.395753893784445,0.0,29.82482164317288,0.0,0.0,0.0,0.0,0.0,0.0,0.0,0.0,0.0,0.0,0.0,0.0 
 01/01  07:53:00,30.68,39.33456983807385,29.82228599350082,39.33456983807385,0.0,0.0,29.82228599350082,0.0,0.0,0.0,39.36421109449361,0.0,29.823541452685863,0.0,0.0,0.0,0.0,0.0,0.0,0.0,0.0,0.0,0.0,0.0,0.0 
 01/01  07:54:00,30.68,39.306515280396624,29.821053289451875,39.306515280396624,0.0,0.0,29.821053289451875,0.0,0.0,0.0,39.33456983807385,0.0,29.82228599350082,0.0,0.0,0.0,0.0,0.0,0.0,0.0,0.0,0.0,0.0,0.0,0.0 
 01/01  07:55:00,30.68,39.27975452275602,29.819841444527327,39.27975452275602,0.0,0.0,29.819841444527327,0.0,0.0,0.0,39.306515280396624,0.0,29.821053289451875,0.0,0.0,0.0,0.0,0.0,0.0,0.0,0.0,0.0,0.0,0.0,0.0 
 01/01  07:56:00,30.68,39.2540832839614,29.818648831011917,39.2540832839614,0.0,0.0,29.818648831011917,0.0,0.0,0.0,39.27975452275602,0.0,29.819841444527327,0.0,0.0,0.0,0.0,0.0,0.0,0.0,0.0,0.0,0.0,0.0,0.0 
 01/01  07:57:00,30.68,39.22931057201928,29.817473883833657,39.22931057201928,0.0,0.0,29.817473883833657,0.0,0.0,0.0,39.2540832839614,0.0,29.818648831011917,0.0,0.0,0.0,0.0,0.0,0.0,0.0,0.0,0.0,0.0,0.0,0.0 
 01/01  07:58:00,30.68,39.20530995791215,29.816315253662097,39.20530995791215,0.0,0.0,29.816315253662097,0.0,0.0,0.0,39.22931057201928,0.0,29.817473883833657,0.0,0.0,0.0,0.0,0.0,0.0,0.0,0.0,0.0,0.0,0.0,0.0 
 01/01  07:59:00,30.68,39.18195692028488,29.81517164348507,39.18195692028488,0.0,0.0,29.81517164348507,0.0,0.0,0.0,39.20530995791215,0.0,29.816315253662097,0.0,0.0,0.0,0.0,0.0,0.0,0.0,0.0,0.0,0.0,0.0,0.0 
 01/01  08:00:00,30.68,39.159173385618004,29.814041949357097,39.159173385618004,0.0,0.0,29.814041949357097,0.0,0.0,0.0,39.18195692028488,0.0,29.81517164348507,0.0,0.0,0.0,0.0,0.0,0.0,0.0,0.0,0.0,0.0,0.0,0.0,49104000.0 
 01/01  08:01:00,30.68,39.244917269009925,29.83417220362232,39.244917269009925,0.0,0.0,29.83417220362232,0.0,0.0,0.0,39.159173385618004,0.0,29.814041949357097,0.0,0.0,0.0,0.0,0.0,0.0,0.0,0.0,0.0,0.0,0.0,0.0 
 01/01  08:02:00,30.68,39.37637604467289,29.86618048960831,39.37637604467289,0.0,0.0,29.86618048960831,0.0,0.0,0.0,39.244917269009925,0.0,29.83417220362232,0.0,0.0,0.0,0.0,0.0,0.0,0.0,0.0,0.0,0.0,0.0,0.0 
 01/01  08:03:00,30.68,39.493575804642596,29.900071026298914,39.493575804642596,0.0,0.0,29.900071026298914,0.0,0.0,0.0,39.37637604467289,0.0,29.86618048960831,0.0,0.0,0.0,0.0,0.0,0.0,0.0,0.0,0.0,0.0,0.0,0.0 
 01/01  08:04:00,30.68,39.57520773229375,29.931307662167146,39.57520773229375,0.0,0.0,29.931307662167146,0.0,0.0,0.0,39.493575804642596,0.0,29.900071026298914,0.0,0.0,0.0,0.0,0.0,0.0,0.0,0.0,0.0,0.0,0.0,0.0 
 01/01  08:05:00,30.68,39.62437201159613,29.95900393603568,39.62437201159613,0.0,0.0,29.95900393603568,0.0,0.0,0.0,39.57520773229375,0.0,29.931307662167146,0.0,0.0,0.0,0.0,0.0,0.0,0.0,0.0,0.0,0.0,0.0,0.0 
 01/01  08:06:00,30.68,39.651438043735354,29.98358941245035,39.651438043735354,0.0,0.0,29.98358941245035,0.0,0.0,0.0,39.62437201159613,0.0,29.95900393603568,0.0,0.0,0.0,0.0,0.0,0.0,0.0,0.0,0.0,0.0,0.0,0.0 
 01/01  08:07:00,30.68,39.66516955718069,30.005635788969734,39.66516955718069,0.0,0.0,30.005635788969734,0.0,0.0,0.0,39.651438043735354,0.0,29.98358941245035,0.0,0.0,0.0,0.0,0.0,0.0,0.0,0.0,0.0,0.0,0.0,0.0 
 01/01  08:08:00,30.68,39.67091715770525,30.025545253200498,39.67091715770525,0.0,0.0,30.025545253200498,0.0,0.0,0.0,39.66516955718069,0.0,30.005635788969734,0.0,0.0,0.0,0.0,0.0,0.0,0.0,0.0,0.0,0.0,0.0,0.0 
 01/01  08:09:00,30.68,39.671516063562365,30.043570851357483,39.671516063562365,0.0,0.0,30.043570851357483,0.0,0.0,0.0,39.67091715770525,0.0,30.025545253200498,0.0,0.0,0.0,0.0,0.0,0.0,0.0,0.0,0.0,0.0,0.0,0.0 
 01/01  08:10:00,30.68,39.66849688839064,30.05989213312549,39.66849688839064,0.0,0.0,30.05989213312549,0.0,0.0,0.0,39.671516063562365,0.0,30.043570851357483,0.0,0.0,0.0,0.0,0.0,0.0,0.0,0.0,0.0,0.0,0.0,0.0 
 01/01  08:11:00,30.68,39.662822988450586,30.074660560475674,39.662822988450586,0.0,0.0,30.074660560475674,0.0,0.0,0.0,39.66849688839064,0.0,30.05989213312549,0.0,0.0,0.0,0.0,0.0,0.0,0.0,0.0,0.0,0.0,0.0,0.0 
 01/01  08:12:00,30.68,39.65520276244865,30.088015841158406,39.65520276244865,0.0,0.0,30.088015841158406,0.0,0.0,0.0,39.662822988450586,0.0,30.074660560475674,0.0,0.0,0.0,0.0,0.0,0.0,0.0,0.0,0.0,0.0,0.0,0.0 
 01/01  08:13:00,30.68,39.64618039921937,30.100087977308853,39.64618039921937,0.0,0.0,30.100087977308853,0.0,0.0,0.0,39.65520276244865,0.0,30.088015841158406,0.0,0.0,0.0,0.0,0.0,0.0,0.0,0.0,0.0,0.0,0.0,0.0 
 01/01  08:14:00,30.68,39.63616977755462,30.110996847774054,39.63616977755462,0.0,0.0,30.110996847774054,0.0,0.0,0.0,39.64618039921937,0.0,30.100087977308853,0.0,0.0,0.0,0.0,0.0,0.0,0.0,0.0,0.0,0.0,0.0,0.0 
 01/01  08:15:00,30.68,39.62546999406518,30.120851568995622,39.62546999406518,0.0,0.0,30.120851568995622,0.0,0.0,0.0,39.63616977755462,0.0,30.110996847774054,0.0,0.0,0.0,0.0,0.0,0.0,0.0,0.0,0.0,0.0,0.0,0.0 
 01/01  08:16:00,30.68,39.61429722943321,30.12975096801279,39.61429722943321,0.0,0.0,30.12975096801279,0.0,0.0,0.0,39.62546999406518,0.0,30.120851568995622,0.0,0.0,0.0,0.0,0.0,0.0,0.0,0.0,0.0,0.0,0.0,0.0 
 01/01  08:17:00,30.68,39.60280045977463,30.137784495319178,39.60280045977463,0.0,0.0,30.137784495319178,0.0,0.0,0.0,39.61429722943321,0.0,30.12975096801279,0.0,0.0,0.0,0.0,0.0,0.0,0.0,0.0,0.0,0.0,0.0,0.0 
 01/01  08:18:00,30.68,39.59108931754396,30.145033092516314,39.59108931754396,0.0,0.0,30.145033092516314,0.0,0.0,0.0,39.60280045977463,0.0,30.137784495319178,0.0,0.0,0.0,0.0,0.0,0.0,0.0,0.0,0.0,0.0,0.0,0.0 
 01/01  08:19:00,30.68,39.57923797987154,30.151570078995643,39.57923797987154,0.0,0.0,30.151570078995643,0.0,0.0,0.0,39.59108931754396,0.0,30.145033092516314,0.0,0.0,0.0,0.0,0.0,0.0,0.0,0.0,0.0,0.0,0.0,0.0 
 01/01  08:20:00,30.68,39.567304316033066,30.15746181545099,39.567304316033066,0.0,0.0,30.15746181545099,0.0,0.0,0.0,39.57923797987154,0.0,30.151570078995643,0.0,0.0,0.0,0.0,0.0,0.0,0.0,0.0,0.0,0.0,0.0,0.0 
 01/01  08:21:00,30.68,39.55532557991172,30.162768485218063,39.55532557991172,0.0,0.0,30.162768485218063,0.0,0.0,0.0,39.567304316033066,0.0,30.15746181545099,0.0,0.0,0.0,0.0,0.0,0.0,0.0,0.0,0.0,0.0,0.0,0.0 
 01/01  08:22:00,30.68,39.54333328027924,30.167544536438232,39.54333328027924,0.0,0.0,30.167544536438232,0.0,0.0,0.0,39.55532557991172,0.0,30.162768485218063,0.0,0.0,0.0,0.0,0.0,0.0,0.0,0.0,0.0,0.0,0.0,0.0 
 01/01  08:23:00,30.68,39.53134543999404,30.171839356679012,39.53134543999404,0.0,0.0,30.171839356679012,0.0,0.0,0.0,39.54333328027924,0.0,30.167544536438232,0.0,0.0,0.0,0.0,0.0,0.0,0.0,0.0,0.0,0.0,0.0,0.0 
 01/01  08:24:00,30.68,39.51937958976372,30.175697600142627,39.51937958976372,0.0,0.0,30.175697600142627,0.0,0.0,0.0,39.53134543999404,0.0,30.171839356679012,0.0,0.0,0.0,0.0,0.0,0.0,0.0,0.0,0.0,0.0,0.0,0.0 
 01/01  08:25:00,30.68,39.50744358742146,30.1791598304115,39.50744358742146,0.0,0.0,30.1791598304115,0.0,0.0,0.0,39.51937958976372,0.0,30.175697600142627,0.0,0.0,0.0,0.0,0.0,0.0,0.0,0.0,0.0,0.0,0.0,0.0 
 01/01  08:26:00,30.68,39.495547497579985,30.18226266786672,39.495547497579985,0.0,0.0,30.18226266786672,0.0,0.0,0.0,39.50744358742146,0.0,30.1791598304115,0.0,0.0,0.0,0.0,0.0,0.0,0.0,0.0,0.0,0.0,0.0,0.0 
 01/01  08:27:00,30.68,39.483693828391694,30.185039398382234,39.483693828391694,0.0,0.0,30.185039398382234,0.0,0.0,0.0,39.495547497579985,0.0,30.18226266786672,0.0,0.0,0.0,0.0,0.0,0.0,0.0,0.0,0.0,0.0,0.0,0.0 
 01/01  08:28:00,30.68,39.471888628089,30.187520099247486,39.471888628089,0.0,0.0,30.187520099247486,0.0,0.0,0.0,39.483693828391694,0.0,30.185039398382234,0.0,0.0,0.0,0.0,0.0,0.0,0.0,0.0,0.0,0.0,0.0,0.0 
 01/01  08:29:00,30.68,39.46013160185447,30.189732095168402,39.46013160185447,0.0,0.0,30.189732095168402,0.0,0.0,0.0,39.471888628089,0.0,30.187520099247486,0.0,0.0,0.0,0.0,0.0,0.0,0.0,0.0,0.0,0.0,0.0,0.0 
 01/01  08:30:00,30.68,39.44842660758524,30.191700046948498,39.44842660758524,0.0,0.0,30.191700046948498,0.0,0.0,0.0,39.46013160185447,0.0,30.189732095168402,0.0,0.0,0.0,0.0,0.0,0.0,0.0,0.0,0.0,0.0,0.0,0.0 
 01/01  08:31:00,30.68,39.43677190010421,30.193446439177166,39.43677190010421,0.0,0.0,30.193446439177166,0.0,0.0,0.0,39.44842660758524,0.0,30.191700046948498,0.0,0.0,0.0,0.0,0.0,0.0,0.0,0.0,0.0,0.0,0.0,0.0 
 01/01  08:32:00,30.68,39.425170124870704,30.194991506888634,39.425170124870704,0.0,0.0,30.194991506888634,0.0,0.0,0.0,39.43677190010421,0.0,30.193446439177166,0.0,0.0,0.0,0.0,0.0,0.0,0.0,0.0,0.0,0.0,0.0,0.0 
 01/01  08:33:00,30.68,39.41361881223027,30.196353705400153,39.41361881223027,0.0,0.0,30.196353705400153,0.0,0.0,0.0,39.425170124870704,0.0,30.194991506888634,0.0,0.0,0.0,0.0,0.0,0.0,0.0,0.0,0.0,0.0,0.0,0.0 
 01/01  08:34:00,30.68,39.402119926023346,30.197549689557935,39.402119926023346,0.0,0.0,30.197549689557935,0.0,0.0,0.0,39.41361881223027,0.0,30.196353705400153,0.0,0.0,0.0,0.0,0.0,0.0,0.0,0.0,0.0,0.0,0.0,0.0 
 01/01  08:35:00,30.68,39.390670664190054,30.198594625701183,39.390670664190054,0.0,0.0,30.198594625701183,0.0,0.0,0.0,39.402119926023346,0.0,30.197549689557935,0.0,0.0,0.0,0.0,0.0,0.0,0.0,0.0,0.0,0.0,0.0,0.0 
 01/01  08:36:00,30.68,39.37927260041007,30.199502171054984,39.37927260041007,0.0,0.0,30.199502171054984,0.0,0.0,0.0,39.390670664190054,0.0,30.198594625701183,0.0,0.0,0.0,0.0,0.0,0.0,0.0,0.0,0.0,0.0,0.0,0.0 
 01/01  08:37:00,30.68,39.367922812242504,30.20028484317006,39.367922812242504,0.0,0.0,30.20028484317006,0.0,0.0,0.0,39.37927260041007,0.0,30.199502171054984,0.0,0.0,0.0,0.0,0.0,0.0,0.0,0.0,0.0,0.0,0.0,0.0 
 01/01  08:38:00,30.68,39.35662264511656,30.200953860252937,39.35662264511656,0.0,0.0,30.200953860252937,0.0,0.0,0.0,39.367922812242504,0.0,30.20028484317006,0.0,0.0,0.0,0.0,0.0,0.0,0.0,0.0,0.0,0.0,0.0,0.0 
 01/01  08:39:00,30.68,39.345369170305055,30.201519503062755,39.345369170305055,0.0,0.0,30.201519503062755,0.0,0.0,0.0,39.35662264511656,0.0,30.200953860252937,0.0,0.0,0.0,0.0,0.0,0.0,0.0,0.0,0.0,0.0,0.0,0.0 
 01/01  08:40:00,30.68,39.33416359611835,30.201991035384562,39.33416359611835,0.0,0.0,30.201991035384562,0.0,0.0,0.0,39.345369170305055,0.0,30.201519503062755,0.0,0.0,0.0,0.0,0.0,0.0,0.0,0.0,0.0,0.0,0.0,0.0 
 01/01  08:41:00,30.68,39.323003047955034,30.202376919826282,39.323003047955034,0.0,0.0,30.202376919826282,0.0,0.0,0.0,39.33416359611835,0.0,30.201991035384562,0.0,0.0,0.0,0.0,0.0,0.0,0.0,0.0,0.0,0.0,0.0,0.0 
 01/01  08:42:00,30.68,39.311888649052385,30.20268475514195,39.311888649052385,0.0,0.0,30.20268475514195,0.0,0.0,0.0,39.323003047955034,0.0,30.202376919826282,0.0,0.0,0.0,0.0,0.0,0.0,0.0,0.0,0.0,0.0,0.0,0.0 
 01/01  08:43:00,30.68,39.30081760969915,30.202921556989278,39.30081760969915,0.0,0.0,30.202921556989278,0.0,0.0,0.0,39.311888649052385,0.0,30.20268475514195,0.0,0.0,0.0,0.0,0.0,0.0,0.0,0.0,0.0,0.0,0.0,0.0 
 01/01  08:44:00,30.68,39.28979099826397,30.203093576990845,39.28979099826397,0.0,0.0,30.203093576990845,0.0,0.0,0.0,39.30081760969915,0.0,30.202921556989278,0.0,0.0,0.0,0.0,0.0,0.0,0.0,0.0,0.0,0.0,0.0,0.0 
 01/01  08:45:00,30.68,39.27880612422374,30.203206582040252,39.27880612422374,0.0,0.0,30.203206582040252,0.0,0.0,0.0,39.28979099826397,0.0,30.203093576990845,0.0,0.0,0.0,0.0,0.0,0.0,0.0,0.0,0.0,0.0,0.0,0.0 
 01/01  08:46:00,30.68,39.2678640189203,30.203265759686857,39.2678640189203,0.0,0.0,30.203265759686857,0.0,0.0,0.0,39.27880612422374,0.0,30.203206582040252,0.0,0.0,0.0,0.0,0.0,0.0,0.0,0.0,0.0,0.0,0.0,0.0 
 01/01  08:47:00,30.68,39.25696209615085,30.203275867738885,39.25696209615085,0.0,0.0,30.203275867738885,0.0,0.0,0.0,39.2678640189203,0.0,30.203265759686857,0.0,0.0,0.0,0.0,0.0,0.0,0.0,0.0,0.0,0.0,0.0,0.0 
 01/01  08:48:00,30.68,39.24610136097525,30.2032411628168,39.24610136097525,0.0,0.0,30.2032411628168,0.0,0.0,0.0,39.25696209615085,0.0,30.203275867738885,0.0,0.0,0.0,0.0,0.0,0.0,0.0,0.0,0.0,0.0,0.0,0.0 
 01/01  08:49:00,30.68,39.2352793315606,30.203165614271,39.2352793315606,0.0,0.0,30.203165614271,0.0,0.0,0.0,39.24610136097525,0.0,30.2032411628168,0.0,0.0,0.0,0.0,0.0,0.0,0.0,0.0,0.0,0.0,0.0,0.0 
 01/01  08:50:00,30.68,39.224496993291424,30.2030527317141,39.224496993291424,0.0,0.0,30.2030527317141,0.0,0.0,0.0,39.2352793315606,0.0,30.203165614271,0.0,0.0,0.0,0.0,0.0,0.0,0.0,0.0,0.0,0.0,0.0,0.0 
 01/01  08:51:00,30.68,39.21375196597761,30.20290578098914,39.21375196597761,0.0,0.0,30.20290578098914,0.0,0.0,0.0,39.224496993291424,0.0,30.2030527317141,0.0,0.0,0.0,0.0,0.0,0.0,0.0,0.0,0.0,0.0,0.0,0.0 
 01/01  08:52:00,30.68,39.203045219480614,30.202727694892367,39.203045219480614,0.0,0.0,30.202727694892367,0.0,0.0,0.0,39.21375196597761,0.0,30.20290578098914,0.0,0.0,0.0,0.0,0.0,0.0,0.0,0.0,0.0,0.0,0.0,0.0 
 01/01  08:53:00,30.68,39.19237447106384,30.202521175746053,39.19237447106384,0.0,0.0,30.202521175746053,0.0,0.0,0.0,39.203045219480614,0.0,30.202727694892367,0.0,0.0,0.0,0.0,0.0,0.0,0.0,0.0,0.0,0.0,0.0,0.0 
 01/01  08:54:00,30.68,39.18174067773502,30.20228863055982,39.18174067773502,0.0,0.0,30.20228863055982,0.0,0.0,0.0,39.19237447106384,0.0,30.202521175746053,0.0,0.0,0.0,0.0,0.0,0.0,0.0,0.0,0.0,0.0,0.0,0.0 
 01/01  08:55:00,30.68,39.17114164931487,30.20203233396757,39.17114164931487,0.0,0.0,30.20203233396757,0.0,0.0,0.0,39.18174067773502,0.0,30.20228863055982,0.0,0.0,0.0,0.0,0.0,0.0,0.0,0.0,0.0,0.0,0.0,0.0 
 01/01  08:56:00,30.68,39.16057833171385,30.201754276282983,39.16057833171385,0.0,0.0,30.201754276282983,0.0,0.0,0.0,39.17114164931487,0.0,30.20203233396757,0.0,0.0,0.0,0.0,0.0,0.0,0.0,0.0,0.0,0.0,0.0,0.0 
 01/01  08:57:00,30.68,39.150048622142734,30.201456330451645,39.150048622142734,0.0,0.0,30.201456330451645,0.0,0.0,0.0,39.16057833171385,0.0,30.201754276282983,0.0,0.0,0.0,0.0,0.0,0.0,0.0,0.0,0.0,0.0,0.0,0.0 
 01/01  08:58:00,30.68,39.13955345659774,30.20114017656074,39.13955345659774,0.0,0.0,30.20114017656074,0.0,0.0,0.0,39.150048622142734,0.0,30.201456330451645,0.0,0.0,0.0,0.0,0.0,0.0,0.0,0.0,0.0,0.0,0.0,0.0 
 01/01  08:59:00,30.68,39.129090814493324,30.200807370037833,39.129090814493324,0.0,0.0,30.200807370037833,0.0,0.0,0.0,39.13955345659774,0.0,30.20114017656074,0.0,0.0,0.0,0.0,0.0,0.0,0.0,0.0,0.0,0.0,0.0,0.0 
 01/01  09:00:00,30.68,39.11866162272801,30.200459289551503,39.11866162272801,0.0,0.0,30.200459289551503,0.0,0.0,0.0,39.129090814493324,0.0,30.200807370037833,0.0,0.0,0.0,0.0,0.0,0.0,0.0,0.0,0.0,0.0,0.0,0.0,88387200.0 
 01/01  09:01:00,30.68,39.10826393785816,30.200097260544428,39.10826393785816,0.0,0.0,30.200097260544428,0.0,0.0,0.0,39.11866162272801,0.0,30.200459289551503,0.0,0.0,0.0,0.0,0.0,0.0,0.0,0.0,0.0,0.0,0.0,0.0 
 01/01  09:02:00,30.68,39.097898678262155,30.199722427255576,39.097898678262155,0.0,0.0,30.199722427255576,0.0,0.0,0.0,39.10826393785816,0.0,30.200097260544428,0.0,0.0,0.0,0.0,0.0,0.0,0.0,0.0,0.0,0.0,0.0,0.0 
 01/01  09:03:00,30.68,39.08756397278128,30.19933588132672,39.08756397278128,0.0,0.0,30.19933588132672,0.0,0.0,0.0,39.097898678262155,0.0,30.199722427255576,0.0,0.0,0.0,0.0,0.0,0.0,0.0,0.0,0.0,0.0,0.0,0.0 
 01/01  09:04:00,30.68,39.07726073169368,30.198938602565075,39.07726073169368,0.0,0.0,30.198938602565075,0.0,0.0,0.0,39.08756397278128,0.0,30.19933588132672,0.0,0.0,0.0,0.0,0.0,0.0,0.0,0.0,0.0,0.0,0.0,0.0 
 01/01  09:05:00,30.68,39.06698715151507,30.198531501446276,39.06698715151507,0.0,0.0,30.198531501446276,0.0,0.0,0.0,39.07726073169368,0.0,30.198938602565075,0.0,0.0,0.0,0.0,0.0,0.0,0.0,0.0,0.0,0.0,0.0,0.0 
 01/01  09:06:00,30.68,39.05674413473745,30.198115381274164,39.05674413473745,0.0,0.0,30.198115381274164,0.0,0.0,0.0,39.06698715151507,0.0,30.198531501446276,0.0,0.0,0.0,0.0,0.0,0.0,0.0,0.0,0.0,0.0,0.0,0.0 
 01/01  09:07:00,30.68,39.04652994120591,30.19769103088525,39.04652994120591,0.0,0.0,30.19769103088525,0.0,0.0,0.0,39.05674413473745,0.0,30.198115381274164,0.0,0.0,0.0,0.0,0.0,0.0,0.0,0.0,0.0,0.0,0.0,0.0 
 01/01  09:08:00,30.68,39.03634546586908,30.197259120098813,39.03634546586908,0.0,0.0,30.197259120098813,0.0,0.0,0.0,39.04652994120591,0.0,30.19769103088525,0.0,0.0,0.0,0.0,0.0,0.0,0.0,0.0,0.0,0.0,0.0,0.0 
 01/01  09:09:00,30.68,39.0261890278263,30.196820298014593,39.0261890278263,0.0,0.0,30.196820298014593,0.0,0.0,0.0,39.03634546586908,0.0,30.197259120098813,0.0,0.0,0.0,0.0,0.0,0.0,0.0,0.0,0.0,0.0,0.0,0.0 
 01/01  09:10:00,30.68,39.016061514677254,30.1963751496541,39.016061514677254,0.0,0.0,30.1963751496541,0.0,0.0,0.0,39.0261890278263,0.0,30.196820298014593,0.0,0.0,0.0,0.0,0.0,0.0,0.0,0.0,0.0,0.0,0.0,0.0 
 01/01  09:11:00,30.68,39.00596130096661,30.195924218945652,39.00596130096661,0.0,0.0,30.195924218945652,0.0,0.0,0.0,39.016061514677254,0.0,30.1963751496541,0.0,0.0,0.0,0.0,0.0,0.0,0.0,0.0,0.0,0.0,0.0,0.0 
 01/01  09:12:00,30.68,38.99588926710657,30.19546798449204,38.99588926710657,0.0,0.0,30.19546798449204,0.0,0.0,0.0,39.00596130096661,0.0,30.195924218945652,0.0,0.0,0.0,0.0,0.0,0.0,0.0,0.0,0.0,0.0,0.0,0.0 
 01/01  09:13:00,30.68,38.98584383953558,30.195006927911738,38.98584383953558,0.0,0.0,30.195006927911738,0.0,0.0,0.0,38.99588926710657,0.0,30.19546798449204,0.0,0.0,0.0,0.0,0.0,0.0,0.0,0.0,0.0,0.0,0.0,0.0 
 01/01  09:14:00,30.68,38.97582589161754,30.19454145051664,38.97582589161754,0.0,0.0,30.19454145051664,0.0,0.0,0.0,38.98584383953558,0.0,30.195006927911738,0.0,0.0,0.0,0.0,0.0,0.0,0.0,0.0,0.0,0.0,0.0,0.0 
 01/01  09:15:00,30.68,38.965833898378854,30.194071947440936,38.965833898378854,0.0,0.0,30.194071947440936,0.0,0.0,0.0,38.97582589161754,0.0,30.19454145051664,0.0,0.0,0.0,0.0,0.0,0.0,0.0,0.0,0.0,0.0,0.0,0.0 
 01/01  09:16:00,30.68,38.955868726259354,30.193598778567456,38.955868726259354,0.0,0.0,30.193598778567456,0.0,0.0,0.0,38.965833898378854,0.0,30.194071947440936,0.0,0.0,0.0,0.0,0.0,0.0,0.0,0.0,0.0,0.0,0.0,0.0 
 01/01  09:17:00,30.68,38.94592889579988,30.19312227654266,38.94592889579988,0.0,0.0,30.19312227654266,0.0,0.0,0.0,38.955868726259354,0.0,30.193598778567456,0.0,0.0,0.0,0.0,0.0,0.0,0.0,0.0,0.0,0.0,0.0,0.0 
 01/01  09:18:00,30.68,38.93601526663062,30.192642734592688,38.93601526663062,0.0,0.0,30.192642734592688,0.0,0.0,0.0,38.94592889579988,0.0,30.19312227654266,0.0,0.0,0.0,0.0,0.0,0.0,0.0,0.0,0.0,0.0,0.0,0.0 
 01/01  09:19:00,30.68,38.926126401951564,30.19216045546198,38.926126401951564,0.0,0.0,30.19216045546198,0.0,0.0,0.0,38.93601526663062,0.0,30.192642734592688,0.0,0.0,0.0,0.0,0.0,0.0,0.0,0.0,0.0,0.0,0.0,0.0 
 01/01  09:20:00,30.68,38.9162631546911,30.19167568659117,38.9162631546911,0.0,0.0,30.19167568659117,0.0,0.0,0.0,38.926126401951564,0.0,30.19216045546198,0.0,0.0,0.0,0.0,0.0,0.0,0.0,0.0,0.0,0.0,0.0,0.0 
 01/01  09:21:00,30.68,38.90642412805752,30.19118867483754,38.90642412805752,0.0,0.0,30.19118867483754,0.0,0.0,0.0,38.9162631546911,0.0,30.19167568659117,0.0,0.0,0.0,0.0,0.0,0.0,0.0,0.0,0.0,0.0,0.0,0.0 
 01/01  09:22:00,30.68,38.89661016838141,30.190699649687293,38.89661016838141,0.0,0.0,30.190699649687293,0.0,0.0,0.0,38.90642412805752,0.0,30.19118867483754,0.0,0.0,0.0,0.0,0.0,0.0,0.0,0.0,0.0,0.0,0.0,0.0 
 01/01  09:23:00,30.68,38.8868199164189,30.190208819742697,38.8868199164189,0.0,0.0,30.190208819742697,0.0,0.0,0.0,38.89661016838141,0.0,30.190699649687293,0.0,0.0,0.0,0.0,0.0,0.0,0.0,0.0,0.0,0.0,0.0,0.0 
 01/01  09:24:00,30.68,38.8770542120043,30.189716370753573,38.8770542120043,0.0,0.0,30.189716370753573,0.0,0.0,0.0,38.8868199164189,0.0,30.190208819742697,0.0,0.0,0.0,0.0,0.0,0.0,0.0,0.0,0.0,0.0,0.0,0.0 
 01/01  09:25:00,30.68,38.867311731158274,30.18922249901984,38.867311731158274,0.0,0.0,30.18922249901984,0.0,0.0,0.0,38.8770542120043,0.0,30.189716370753573,0.0,0.0,0.0,0.0,0.0,0.0,0.0,0.0,0.0,0.0,0.0,0.0 
 01/01  09:26:00,30.68,38.85759330731903,30.18872736234466,38.85759330731903,0.0,0.0,30.18872736234466,0.0,0.0,0.0,38.867311731158274,0.0,30.18922249901984,0.0,0.0,0.0,0.0,0.0,0.0,0.0,0.0,0.0,0.0,0.0,0.0 
 01/01  09:27:00,30.68,38.8478976496529,30.1882311190873,38.8478976496529,0.0,0.0,30.1882311190873,0.0,0.0,0.0,38.85759330731903,0.0,30.18872736234466,0.0,0.0,0.0,0.0,0.0,0.0,0.0,0.0,0.0,0.0,0.0,0.0 
 01/01  09:28:00,30.68,38.83822558530166,30.187733921650132,38.83822558530166,0.0,0.0,30.187733921650132,0.0,0.0,0.0,38.8478976496529,0.0,30.1882311190873,0.0,0.0,0.0,0.0,0.0,0.0,0.0,0.0,0.0,0.0,0.0,0.0 
 01/01  09:29:00,30.68,38.82857585461071,30.18723590409923,38.82857585461071,0.0,0.0,30.18723590409923,0.0,0.0,0.0,38.83822558530166,0.0,30.187733921650132,0.0,0.0,0.0,0.0,0.0,0.0,0.0,0.0,0.0,0.0,0.0,0.0 
 01/01  09:30:00,30.68,38.818949278524606,30.186737188610195,38.818949278524606,0.0,0.0,30.186737188610195,0.0,0.0,0.0,38.82857585461071,0.0,30.18723590409923,0.0,0.0,0.0,0.0,0.0,0.0,0.0,0.0,0.0,0.0,0.0,0.0 
 01/01  09:31:00,30.68,38.80934462674241,30.18623790638907,38.80934462674241,0.0,0.0,30.18623790638907,0.0,0.0,0.0,38.818949278524606,0.0,30.186737188610195,0.0,0.0,0.0,0.0,0.0,0.0,0.0,0.0,0.0,0.0,0.0,0.0 
 01/01  09:32:00,30.68,38.79976271411068,30.18573816190424,38.79976271411068,0.0,0.0,30.18573816190424,0.0,0.0,0.0,38.80934462674241,0.0,30.18623790638907,0.0,0.0,0.0,0.0,0.0,0.0,0.0,0.0,0.0,0.0,0.0,0.0 
 01/01  09:33:00,30.68,38.79020233798715,30.185238059246576,38.79020233798715,0.0,0.0,30.185238059246576,0.0,0.0,0.0,38.79976271411068,0.0,30.18573816190424,0.0,0.0,0.0,0.0,0.0,0.0,0.0,0.0,0.0,0.0,0.0,0.0 
 01/01  09:34:00,30.68,38.780664307219496,30.18473770404142,38.780664307219496,0.0,0.0,30.18473770404142,0.0,0.0,0.0,38.79020233798715,0.0,30.185238059246576,0.0,0.0,0.0,0.0,0.0,0.0,0.0,0.0,0.0,0.0,0.0,0.0 
 01/01  09:35:00,30.68,38.771147445249746,30.184237184292815,38.771147445249746,0.0,0.0,30.184237184292815,0.0,0.0,0.0,38.780664307219496,0.0,30.18473770404142,0.0,0.0,0.0,0.0,0.0,0.0,0.0,0.0,0.0,0.0,0.0,0.0 
 01/01  09:36:00,30.68,38.76165255502589,30.18373658360699,38.76165255502589,0.0,0.0,30.18373658360699,0.0,0.0,0.0,38.771147445249746,0.0,30.184237184292815,0.0,0.0,0.0,0.0,0.0,0.0,0.0,0.0,0.0,0.0,0.0,0.0 
 01/01  09:37:00,30.68,38.75217848461126,30.18323599207134,38.75217848461126,0.0,0.0,30.18323599207134,0.0,0.0,0.0,38.76165255502589,0.0,30.18373658360699,0.0,0.0,0.0,0.0,0.0,0.0,0.0,0.0,0.0,0.0,0.0,0.0 
 01/01  09:38:00,30.68,38.74272603115302,30.18273548157336,38.74272603115302,0.0,0.0,30.18273548157336,0.0,0.0,0.0,38.75217848461126,0.0,30.18323599207134,0.0,0.0,0.0,0.0,0.0,0.0,0.0,0.0,0.0,0.0,0.0,0.0 
 01/01  09:39:00,30.68,38.733294065975954,30.182235121857413,38.733294065975954,0.0,0.0,30.182235121857413,0.0,0.0,0.0,38.74272603115302,0.0,30.18273548157336,0.0,0.0,0.0,0.0,0.0,0.0,0.0,0.0,0.0,0.0,0.0,0.0 
 01/01  09:40:00,30.68,38.72388338052511,30.18173498923692,38.72388338052511,0.0,0.0,30.18173498923692,0.0,0.0,0.0,38.733294065975954,0.0,30.182235121857413,0.0,0.0,0.0,0.0,0.0,0.0,0.0,0.0,0.0,0.0,0.0,0.0 
 01/01  09:41:00,30.68,38.71449286812183,30.181235142321103,38.71449286812183,0.0,0.0,30.181235142321103,0.0,0.0,0.0,38.72388338052511,0.0,30.18173498923692,0.0,0.0,0.0,0.0,0.0,0.0,0.0,0.0,0.0,0.0,0.0,0.0 
 01/01  09:42:00,30.68,38.70512331460724,30.180735640589514,38.70512331460724,0.0,0.0,30.180735640589514,0.0,0.0,0.0,38.71449286812183,0.0,30.181235142321103,0.0,0.0,0.0,0.0,0.0,0.0,0.0,0.0,0.0,0.0,0.0,0.0 
 01/01  09:43:00,30.68,38.69577363412231,30.180236547194717,38.69577363412231,0.0,0.0,30.180236547194717,0.0,0.0,0.0,38.70512331460724,0.0,30.180735640589514,0.0,0.0,0.0,0.0,0.0,0.0,0.0,0.0,0.0,0.0,0.0,0.0 
 01/01  09:44:00,30.68,38.68644460700188,30.179737913487838,38.68644460700188,0.0,0.0,30.179737913487838,0.0,0.0,0.0,38.69577363412231,0.0,30.180236547194717,0.0,0.0,0.0,0.0,0.0,0.0,0.0,0.0,0.0,0.0,0.0,0.0 
 01/01  09:45:00,30.68,38.6771351671107,30.179239786706653,38.6771351671107,0.0,0.0,30.179239786706653,0.0,0.0,0.0,38.68644460700188,0.0,30.179737913487838,0.0,0.0,0.0,0.0,0.0,0.0,0.0,0.0,0.0,0.0,0.0,0.0 
 01/01  09:46:00,30.68,38.667846089374095,30.178742224097828,38.667846089374095,0.0,0.0,30.178742224097828,0.0,0.0,0.0,38.6771351671107,0.0,30.179239786706653,0.0,0.0,0.0,0.0,0.0,0.0,0.0,0.0,0.0,0.0,0.0,0.0 
 01/01  09:47:00,30.68,38.658576326359714,30.178245264852226,38.658576326359714,0.0,0.0,30.178245264852226,0.0,0.0,0.0,38.667846089374095,0.0,30.178742224097828,0.0,0.0,0.0,0.0,0.0,0.0,0.0,0.0,0.0,0.0,0.0,0.0 
 01/01  09:48:00,30.68,38.64932664767939,30.177748952817424,38.64932664767939,0.0,0.0,30.177748952817424,0.0,0.0,0.0,38.658576326359714,0.0,30.178245264852226,0.0,0.0,0.0,0.0,0.0,0.0,0.0,0.0,0.0,0.0,0.0,0.0 
 01/01  09:49:00,30.68,38.64009602365201,30.17725333281882,38.64009602365201,0.0,0.0,30.17725333281882,0.0,0.0,0.0,38.64932664767939,0.0,30.177748952817424,0.0,0.0,0.0,0.0,0.0,0.0,0.0,0.0,0.0,0.0,0.0,0.0 
 01/01  09:50:00,30.68,38.63088521867062,30.1767584427988,38.63088521867062,0.0,0.0,30.1767584427988,0.0,0.0,0.0,38.64009602365201,0.0,30.17725333281882,0.0,0.0,0.0,0.0,0.0,0.0,0.0,0.0,0.0,0.0,0.0,0.0 
 01/01  09:51:00,30.68,38.621693219917795,30.176264314712984,38.621693219917795,0.0,0.0,30.176264314712984,0.0,0.0,0.0,38.63088521867062,0.0,30.1767584427988,0.0,0.0,0.0,0.0,0.0,0.0,0.0,0.0,0.0,0.0,0.0,0.0 
 01/01  09:52:00,30.68,38.61252078666134,30.175770992891874,38.61252078666134,0.0,0.0,30.175770992891874,0.0,0.0,0.0,38.621693219917795,0.0,30.176264314712984,0.0,0.0,0.0,0.0,0.0,0.0,0.0,0.0,0.0,0.0,0.0,0.0 
 01/01  09:53:00,30.68,38.603366922119044,30.1752785032482,38.603366922119044,0.0,0.0,30.1752785032482,0.0,0.0,0.0,38.61252078666134,0.0,30.175770992891874,0.0,0.0,0.0,0.0,0.0,0.0,0.0,0.0,0.0,0.0,0.0,0.0 
 01/01  09:54:00,30.68,38.594232380525675,30.174786879111945,38.594232380525675,0.0,0.0,30.174786879111945,0.0,0.0,0.0,38.603366922119044,0.0,30.1752785032482,0.0,0.0,0.0,0.0,0.0,0.0,0.0,0.0,0.0,0.0,0.0,0.0 
 01/01  09:55:00,30.68,38.58511618036055,30.174296152369926,38.58511618036055,0.0,0.0,30.174296152369926,0.0,0.0,0.0,38.594232380525675,0.0,30.174786879111945,0.0,0.0,0.0,0.0,0.0,0.0,0.0,0.0,0.0,0.0,0.0,0.0 
 01/01  09:56:00,30.68,38.57601907091615,30.17380635187862,38.57601907091615,0.0,0.0,30.17380635187862,0.0,0.0,0.0,38.58511618036055,0.0,30.174296152369926,0.0,0.0,0.0,0.0,0.0,0.0,0.0,0.0,0.0,0.0,0.0,0.0 
 01/01  09:57:00,30.68,38.566940085210256,30.173317498860136,38.566940085210256,0.0,0.0,30.173317498860136,0.0,0.0,0.0,38.57601907091615,0.0,30.17380635187862,0.0,0.0,0.0,0.0,0.0,0.0,0.0,0.0,0.0,0.0,0.0,0.0 
 01/01  09:58:00,30.68,38.55787996768226,30.17282962852761,38.55787996768226,0.0,0.0,30.17282962852761,0.0,0.0,0.0,38.566940085210256,0.0,30.173317498860136,0.0,0.0,0.0,0.0,0.0,0.0,0.0,0.0,0.0,0.0,0.0,0.0 
 01/01  09:59:00,30.68,38.54883776521224,30.17234275741904,38.54883776521224,0.0,0.0,30.17234275741904,0.0,0.0,0.0,38.55787996768226,0.0,30.17282962852761,0.0,0.0,0.0,0.0,0.0,0.0,0.0,0.0,0.0,0.0,0.0,0.0 
 01/01  10:00:00,30.68,38.539814217474124,30.171856911513732,38.539814217474124,0.0,0.0,30.171856911513732,0.0,0.0,0.0,38.54883776521224,0.0,30.17234275741904,0.0,0.0,0.0,0.0,0.0,0.0,0.0,0.0,0.0,0.0,0.0,0.0,88387200.0 
 01/01  10:01:00,30.68,38.530808384577526,30.171372113254645,38.530808384577526,0.0,0.0,30.171372113254645,0.0,0.0,0.0,38.539814217474124,0.0,30.171856911513732,0.0,0.0,0.0,0.0,0.0,0.0,0.0,0.0,0.0,0.0,0.0,0.0 
 01/01  10:02:00,30.68,38.521821001516805,30.17088838511189,38.521821001516805,0.0,0.0,30.17088838511189,0.0,0.0,0.0,38.530808384577526,0.0,30.171372113254645,0.0,0.0,0.0,0.0,0.0,0.0,0.0,0.0,0.0,0.0,0.0,0.0 
 01/01  10:03:00,30.68,38.512851141038546,30.170405740540723,38.512851141038546,0.0,0.0,30.170405740540723,0.0,0.0,0.0,38.521821001516805,0.0,30.17088838511189,0.0,0.0,0.0,0.0,0.0,0.0,0.0,0.0,0.0,0.0,0.0,0.0 
 01/01  10:04:00,30.68,38.50389953354164,30.1699242080633,38.50389953354164,0.0,0.0,30.1699242080633,0.0,0.0,0.0,38.512851141038546,0.0,30.170405740540723,0.0,0.0,0.0,0.0,0.0,0.0,0.0,0.0,0.0,0.0,0.0,0.0 
 01/01  10:05:00,30.68,38.49496526385443,30.169443797414946,38.49496526385443,0.0,0.0,30.169443797414946,0.0,0.0,0.0,38.50389953354164,0.0,30.1699242080633,0.0,0.0,0.0,0.0,0.0,0.0,0.0,0.0,0.0,0.0,0.0,0.0 
 01/01  10:06:00,30.68,38.48604905786279,30.16896452925115,38.48604905786279,0.0,0.0,30.16896452925115,0.0,0.0,0.0,38.49496526385443,0.0,30.169443797414946,0.0,0.0,0.0,0.0,0.0,0.0,0.0,0.0,0.0,0.0,0.0,0.0 
 01/01  10:07:00,30.68,38.47715001195608,30.168486418925706,38.47715001195608,0.0,0.0,30.168486418925706,0.0,0.0,0.0,38.48604905786279,0.0,30.16896452925115,0.0,0.0,0.0,0.0,0.0,0.0,0.0,0.0,0.0,0.0,0.0,0.0 
 01/01  10:08:00,30.68,38.46826884758764,30.16800948426586,38.46826884758764,0.0,0.0,30.16800948426586,0.0,0.0,0.0,38.47715001195608,0.0,30.168486418925706,0.0,0.0,0.0,0.0,0.0,0.0,0.0,0.0,0.0,0.0,0.0,0.0 
 01/01  10:09:00,30.68,38.45940467221929,30.16753373296817,38.45940467221929,0.0,0.0,30.16753373296817,0.0,0.0,0.0,38.46826884758764,0.0,30.16800948426586,0.0,0.0,0.0,0.0,0.0,0.0,0.0,0.0,0.0,0.0,0.0,0.0 
 01/01  10:10:00,30.68,38.45055820295065,30.167059188472308,38.45055820295065,0.0,0.0,30.167059188472308,0.0,0.0,0.0,38.45940467221929,0.0,30.16753373296817,0.0,0.0,0.0,0.0,0.0,0.0,0.0,0.0,0.0,0.0,0.0,0.0 
 01/01  10:11:00,30.68,38.441728557857196,30.166585855469055,38.441728557857196,0.0,0.0,30.166585855469055,0.0,0.0,0.0,38.45055820295065,0.0,30.167059188472308,0.0,0.0,0.0,0.0,0.0,0.0,0.0,0.0,0.0,0.0,0.0,0.0 
 01/01  10:12:00,30.68,38.43291644976161,30.166113750634185,38.43291644976161,0.0,0.0,30.166113750634185,0.0,0.0,0.0,38.441728557857196,0.0,30.166585855469055,0.0,0.0,0.0,0.0,0.0,0.0,0.0,0.0,0.0,0.0,0.0,0.0 
 01/01  10:13:00,30.68,38.4241210069219,30.165642883880167,38.4241210069219,0.0,0.0,30.165642883880167,0.0,0.0,0.0,38.43291644976161,0.0,30.166113750634185,0.0,0.0,0.0,0.0,0.0,0.0,0.0,0.0,0.0,0.0,0.0,0.0 
 01/01  10:14:00,30.68,38.41534293795889,30.16517326955812,38.41534293795889,0.0,0.0,30.16517326955812,0.0,0.0,0.0,38.4241210069219,0.0,30.165642883880167,0.0,0.0,0.0,0.0,0.0,0.0,0.0,0.0,0.0,0.0,0.0,0.0 
 01/01  10:15:00,30.68,38.40658138090764,30.1647049110157,38.40658138090764,0.0,0.0,30.1647049110157,0.0,0.0,0.0,38.41534293795889,0.0,30.16517326955812,0.0,0.0,0.0,0.0,0.0,0.0,0.0,0.0,0.0,0.0,0.0,0.0 
 01/01  10:16:00,30.68,38.39783704026023,30.16423782771842,38.39783704026023,0.0,0.0,30.16423782771842,0.0,0.0,0.0,38.40658138090764,0.0,30.1647049110157,0.0,0.0,0.0,0.0,0.0,0.0,0.0,0.0,0.0,0.0,0.0,0.0 
 01/01  10:17:00,30.68,38.38910906344724,30.16377202055773,38.38910906344724,0.0,0.0,30.16377202055773,0.0,0.0,0.0,38.39783704026023,0.0,30.16423782771842,0.0,0.0,0.0,0.0,0.0,0.0,0.0,0.0,0.0,0.0,0.0,0.0 
 01/01  10:18:00,30.68,38.38039815090328,30.163307503154456,38.38039815090328,0.0,0.0,30.163307503154456,0.0,0.0,0.0,38.38910906344724,0.0,30.16377202055773,0.0,0.0,0.0,0.0,0.0,0.0,0.0,0.0,0.0,0.0,0.0,0.0 
 01/01  10:19:00,30.68,38.37170345909516,30.16284428117425,38.37170345909516,0.0,0.0,30.16284428117425,0.0,0.0,0.0,38.38039815090328,0.0,30.163307503154456,0.0,0.0,0.0,0.0,0.0,0.0,0.0,0.0,0.0,0.0,0.0,0.0 
 01/01  10:20:00,30.68,38.36302568446934,30.162382366301024,38.36302568446934,0.0,0.0,30.162382366301024,0.0,0.0,0.0,38.37170345909516,0.0,30.16284428117425,0.0,0.0,0.0,0.0,0.0,0.0,0.0,0.0,0.0,0.0,0.0,0.0 
 01/01  10:21:00,30.68,38.35436399219035,30.161921758555756,38.35436399219035,0.0,0.0,30.161921758555756,0.0,0.0,0.0,38.36302568446934,0.0,30.162382366301024,0.0,0.0,0.0,0.0,0.0,0.0,0.0,0.0,0.0,0.0,0.0,0.0 
 01/01  10:22:00,30.68,38.3457190747841,30.16146247422152,38.3457190747841,0.0,0.0,30.16146247422152,0.0,0.0,0.0,38.35436399219035,0.0,30.161921758555756,0.0,0.0,0.0,0.0,0.0,0.0,0.0,0.0,0.0,0.0,0.0,0.0 
 01/01  10:23:00,30.68,38.33709010579347,30.16100451129919,38.33709010579347,0.0,0.0,30.16100451129919,0.0,0.0,0.0,38.3457190747841,0.0,30.16146247422152,0.0,0.0,0.0,0.0,0.0,0.0,0.0,0.0,0.0,0.0,0.0,0.0 
 01/01  10:24:00,30.68,38.328477773889595,30.16054788101223,38.328477773889595,0.0,0.0,30.16054788101223,0.0,0.0,0.0,38.33709010579347,0.0,30.16100451129919,0.0,0.0,0.0,0.0,0.0,0.0,0.0,0.0,0.0,0.0,0.0,0.0 
 01/01  10:25:00,30.68,38.31988126069252,30.16009258567147,38.31988126069252,0.0,0.0,30.16009258567147,0.0,0.0,0.0,38.328477773889595,0.0,30.16054788101223,0.0,0.0,0.0,0.0,0.0,0.0,0.0,0.0,0.0,0.0,0.0,0.0 
 01/01  10:26:00,30.68,38.31130125108254,30.15963863487297,38.31130125108254,0.0,0.0,30.15963863487297,0.0,0.0,0.0,38.31988126069252,0.0,30.16009258567147,0.0,0.0,0.0,0.0,0.0,0.0,0.0,0.0,0.0,0.0,0.0,0.0 
 01/01  10:27:00,30.68,38.302736934472364,30.159186026073776,38.302736934472364,0.0,0.0,30.159186026073776,0.0,0.0,0.0,38.31130125108254,0.0,30.15963863487297,0.0,0.0,0.0,0.0,0.0,0.0,0.0,0.0,0.0,0.0,0.0,0.0 
 01/01  10:28:00,30.68,38.29418899201364,30.158734772960415,38.29418899201364,0.0,0.0,30.158734772960415,0.0,0.0,0.0,38.302736934472364,0.0,30.159186026073776,0.0,0.0,0.0,0.0,0.0,0.0,0.0,0.0,0.0,0.0,0.0,0.0 
 01/01  10:29:00,30.68,38.28565662064296,30.15828487132554,38.28565662064296,0.0,0.0,30.15828487132554,0.0,0.0,0.0,38.29418899201364,0.0,30.158734772960415,0.0,0.0,0.0,0.0,0.0,0.0,0.0,0.0,0.0,0.0,0.0,0.0 
 01/01  10:30:00,30.68,38.277140497843725,30.15783633047964,38.277140497843725,0.0,0.0,30.15783633047964,0.0,0.0,0.0,38.28565662064296,0.0,30.15828487132554,0.0,0.0,0.0,0.0,0.0,0.0,0.0,0.0,0.0,0.0,0.0,0.0 
 01/01  10:31:00,30.68,38.26863982782222,30.15738915006416,38.26863982782222,0.0,0.0,30.15738915006416,0.0,0.0,0.0,38.277140497843725,0.0,30.15783633047964,0.0,0.0,0.0,0.0,0.0,0.0,0.0,0.0,0.0,0.0,0.0,0.0 
 01/01  10:32:00,30.68,38.2601552844523,30.156943338016937,38.2601552844523,0.0,0.0,30.156943338016937,0.0,0.0,0.0,38.26863982782222,0.0,30.15738915006416,0.0,0.0,0.0,0.0,0.0,0.0,0.0,0.0,0.0,0.0,0.0,0.0 
 01/01  10:33:00,30.68,38.25168607896949,30.15649888981561,38.25168607896949,0.0,0.0,30.15649888981561,0.0,0.0,0.0,38.2601552844523,0.0,30.156943338016937,0.0,0.0,0.0,0.0,0.0,0.0,0.0,0.0,0.0,0.0,0.0,0.0 
 01/01  10:34:00,30.68,38.24323288169513,30.15605581699841,38.24323288169513,0.0,0.0,30.15605581699841,0.0,0.0,0.0,38.25168607896949,0.0,30.15649888981561,0.0,0.0,0.0,0.0,0.0,0.0,0.0,0.0,0.0,0.0,0.0,0.0 
 01/01  10:35:00,30.68,38.23479491066617,30.15561411367452,38.23479491066617,0.0,0.0,30.15561411367452,0.0,0.0,0.0,38.24323288169513,0.0,30.15605581699841,0.0,0.0,0.0,0.0,0.0,0.0,0.0,0.0,0.0,0.0,0.0,0.0 
 01/01  10:36:00,30.68,38.22637283270671,30.155173787609147,38.22637283270671,0.0,0.0,30.155173787609147,0.0,0.0,0.0,38.23479491066617,0.0,30.15561411367452,0.0,0.0,0.0,0.0,0.0,0.0,0.0,0.0,0.0,0.0,0.0,0.0 
 01/01  10:37:00,30.68,38.21796587243947,30.154734836312336,38.21796587243947,0.0,0.0,30.154734836312336,0.0,0.0,0.0,38.22637283270671,0.0,30.155173787609147,0.0,0.0,0.0,0.0,0.0,0.0,0.0,0.0,0.0,0.0,0.0,0.0 
 01/01  10:38:00,30.68,38.209574693245145,30.15429726639099,38.209574693245145,0.0,0.0,30.15429726639099,0.0,0.0,0.0,38.21796587243947,0.0,30.154734836312336,0.0,0.0,0.0,0.0,0.0,0.0,0.0,0.0,0.0,0.0,0.0,0.0 
 01/01  10:39:00,30.68,38.2011985261277,30.153861071799465,38.2011985261277,0.0,0.0,30.153861071799465,0.0,0.0,0.0,38.209574693245145,0.0,30.15429726639099,0.0,0.0,0.0,0.0,0.0,0.0,0.0,0.0,0.0,0.0,0.0,0.0 
 01/01  10:40:00,30.68,38.19283803107647,30.153426262279435,38.19283803107647,0.0,0.0,30.153426262279435,0.0,0.0,0.0,38.2011985261277,0.0,30.153861071799465,0.0,0.0,0.0,0.0,0.0,0.0,0.0,0.0,0.0,0.0,0.0,0.0 
 01/01  10:41:00,30.68,38.18449244528281,30.152992830666744,38.18449244528281,0.0,0.0,30.152992830666744,0.0,0.0,0.0,38.19283803107647,0.0,30.153426262279435,0.0,0.0,0.0,0.0,0.0,0.0,0.0,0.0,0.0,0.0,0.0,0.0 
 01/01  10:42:00,30.68,38.17616242539552,30.15256078346683,38.17616242539552,0.0,0.0,30.15256078346683,0.0,0.0,0.0,38.18449244528281,0.0,30.152992830666744,0.0,0.0,0.0,0.0,0.0,0.0,0.0,0.0,0.0,0.0,0.0,0.0 
 01/01  10:43:00,30.68,38.167847214609125,30.152130116486884,38.167847214609125,0.0,0.0,30.152130116486884,0.0,0.0,0.0,38.17616242539552,0.0,30.15256078346683,0.0,0.0,0.0,0.0,0.0,0.0,0.0,0.0,0.0,0.0,0.0,0.0 
 01/01  10:44:00,30.68,38.1595474662811,30.15170083525691,38.1595474662811,0.0,0.0,30.15170083525691,0.0,0.0,0.0,38.167847214609125,0.0,30.152130116486884,0.0,0.0,0.0,0.0,0.0,0.0,0.0,0.0,0.0,0.0,0.0,0.0 
 01/01  10:45:00,30.68,38.15126242943434,30.151272932567856,38.15126242943434,0.0,0.0,30.151272932567856,0.0,0.0,0.0,38.1595474662811,0.0,30.15170083525691,0.0,0.0,0.0,0.0,0.0,0.0,0.0,0.0,0.0,0.0,0.0,0.0 
 01/01  10:46:00,30.68,38.142992754182735,30.150846416644956,38.142992754182735,0.0,0.0,30.150846416644956,0.0,0.0,0.0,38.15126242943434,0.0,30.151272932567856,0.0,0.0,0.0,0.0,0.0,0.0,0.0,0.0,0.0,0.0,0.0,0.0 
 01/01  10:47:00,30.68,38.13473769521147,30.150421279373205,38.13473769521147,0.0,0.0,30.150421279373205,0.0,0.0,0.0,38.142992754182735,0.0,30.150846416644956,0.0,0.0,0.0,0.0,0.0,0.0,0.0,0.0,0.0,0.0,0.0,0.0 
 01/01  10:48:00,30.68,38.12649789943722,30.149997526221803,38.12649789943722,0.0,0.0,30.149997526221803,0.0,0.0,0.0,38.13473769521147,0.0,30.150421279373205,0.0,0.0,0.0,0.0,0.0,0.0,0.0,0.0,0.0,0.0,0.0,0.0 
 01/01  10:49:00,30.68,38.118272627049514,30.14957515163816,38.118272627049514,0.0,0.0,30.14957515163816,0.0,0.0,0.0,38.12649789943722,0.0,30.149997526221803,0.0,0.0,0.0,0.0,0.0,0.0,0.0,0.0,0.0,0.0,0.0,0.0 
 01/01  10:50:00,30.68,38.11006252181289,30.149154160273707,38.11006252181289,0.0,0.0,30.149154160273707,0.0,0.0,0.0,38.118272627049514,0.0,30.14957515163816,0.0,0.0,0.0,0.0,0.0,0.0,0.0,0.0,0.0,0.0,0.0,0.0 
 01/01  10:51:00,30.68,38.10186684927092,30.14873454404092,38.10186684927092,0.0,0.0,30.14873454404092,0.0,0.0,0.0,38.11006252181289,0.0,30.149154160273707,0.0,0.0,0.0,0.0,0.0,0.0,0.0,0.0,0.0,0.0,0.0,0.0 
 01/01  10:52:00,30.68,38.09368625007966,30.14831630987401,38.09368625007966,0.0,0.0,30.14831630987401,0.0,0.0,0.0,38.10186684927092,0.0,30.14873454404092,0.0,0.0,0.0,0.0,0.0,0.0,0.0,0.0,0.0,0.0,0.0,0.0 
 01/01  10:53:00,30.68,38.085519994993646,30.1478994489625,38.085519994993646,0.0,0.0,30.1478994489625,0.0,0.0,0.0,38.09368625007966,0.0,30.14831630987401,0.0,0.0,0.0,0.0,0.0,0.0,0.0,0.0,0.0,0.0,0.0,0.0 
 01/01  10:54:00,30.68,38.0773687216029,30.14748396591742,38.0773687216029,0.0,0.0,30.14748396591742,0.0,0.0,0.0,38.085519994993646,0.0,30.1478994489625,0.0,0.0,0.0,0.0,0.0,0.0,0.0,0.0,0.0,0.0,0.0,0.0 
 01/01  10:55:00,30.68,38.06923170573675,30.147069854104586,38.06923170573675,0.0,0.0,30.147069854104586,0.0,0.0,0.0,38.0773687216029,0.0,30.14748396591742,0.0,0.0,0.0,0.0,0.0,0.0,0.0,0.0,0.0,0.0,0.0,0.0 
 01/01  10:56:00,30.68,38.061109581960324,30.14665711745556,38.061109581960324,0.0,0.0,30.14665711745556,0.0,0.0,0.0,38.06923170573675,0.0,30.147069854104586,0.0,0.0,0.0,0.0,0.0,0.0,0.0,0.0,0.0,0.0,0.0,0.0 
 01/01  10:57:00,30.68,38.05300163104782,30.1462457472336,38.05300163104782,0.0,0.0,30.1462457472336,0.0,0.0,0.0,38.061109581960324,0.0,30.14665711745556,0.0,0.0,0.0,0.0,0.0,0.0,0.0,0.0,0.0,0.0,0.0,0.0 
 01/01  10:58:00,30.68,38.04490848457944,30.145835749268077,38.04490848457944,0.0,0.0,30.145835749268077,0.0,0.0,0.0,38.05300163104782,0.0,30.1462457472336,0.0,0.0,0.0,0.0,0.0,0.0,0.0,0.0,0.0,0.0,0.0,0.0 
 01/01  10:59:00,30.68,38.03682942815042,30.14542711425841,38.03682942815042,0.0,0.0,30.14542711425841,0.0,0.0,0.0,38.04490848457944,0.0,30.145835749268077,0.0,0.0,0.0,0.0,0.0,0.0,0.0,0.0,0.0,0.0,0.0,0.0 
 01/01  11:00:00,30.68,38.02876509039479,30.145019846102773,38.02876509039479,0.0,0.0,30.145019846102773,0.0,0.0,0.0,38.03682942815042,0.0,30.14542711425841,0.0,0.0,0.0,0.0,0.0,0.0,0.0,0.0,0.0,0.0,0.0,0.0,88387200.0 
 01/01  11:01:00,30.68,38.02071476161066,30.144613937313707,38.02071476161066,0.0,0.0,30.144613937313707,0.0,0.0,0.0,38.02876509039479,0.0,30.145019846102773,0.0,0.0,0.0,0.0,0.0,0.0,0.0,0.0,0.0,0.0,0.0,0.0 
 01/01  11:02:00,30.68,38.012679067523436,30.14420939123209,38.012679067523436,0.0,0.0,30.14420939123209,0.0,0.0,0.0,38.02071476161066,0.0,30.144613937313707,0.0,0.0,0.0,0.0,0.0,0.0,0.0,0.0,0.0,0.0,0.0,0.0 
 01/01  11:03:00,30.68,38.004657303021375,30.143806198657504,38.004657303021375,0.0,0.0,30.143806198657504,0.0,0.0,0.0,38.012679067523436,0.0,30.14420939123209,0.0,0.0,0.0,0.0,0.0,0.0,0.0,0.0,0.0,0.0,0.0,0.0 
 01/01  11:04:00,30.68,37.996650090957765,30.143404364469866,37.996650090957765,0.0,0.0,30.143404364469866,0.0,0.0,0.0,38.004657303021375,0.0,30.143806198657504,0.0,0.0,0.0,0.0,0.0,0.0,0.0,0.0,0.0,0.0,0.0,0.0 
 01/01  11:05:00,30.68,37.98865673070328,30.1430038790439,37.98865673070328,0.0,0.0,30.1430038790439,0.0,0.0,0.0,37.996650090957765,0.0,30.143404364469866,0.0,0.0,0.0,0.0,0.0,0.0,0.0,0.0,0.0,0.0,0.0,0.0 
 01/01  11:06:00,30.68,37.98067784227445,30.142604745684157,37.98067784227445,0.0,0.0,30.142604745684157,0.0,0.0,0.0,37.98865673070328,0.0,30.1430038790439,0.0,0.0,0.0,0.0,0.0,0.0,0.0,0.0,0.0,0.0,0.0,0.0 
 01/01  11:07:00,30.68,37.97271272942145,30.142206956237573,37.97271272942145,0.0,0.0,30.142206956237573,0.0,0.0,0.0,37.98067784227445,0.0,30.142604745684157,0.0,0.0,0.0,0.0,0.0,0.0,0.0,0.0,0.0,0.0,0.0,0.0 
 01/01  11:08:00,30.68,37.964762009358395,30.141810513559875,37.964762009358395,0.0,0.0,30.141810513559875,0.0,0.0,0.0,37.97271272942145,0.0,30.142206956237573,0.0,0.0,0.0,0.0,0.0,0.0,0.0,0.0,0.0,0.0,0.0,0.0 
 01/01  11:09:00,30.68,37.956824990116495,30.141415408137192,37.956824990116495,0.0,0.0,30.141415408137192,0.0,0.0,0.0,37.964762009358395,0.0,30.141810513559875,0.0,0.0,0.0,0.0,0.0,0.0,0.0,0.0,0.0,0.0,0.0,0.0 
 01/01  11:10:00,30.68,37.94890228614075,30.141021644030296,37.94890228614075,0.0,0.0,30.141021644030296,0.0,0.0,0.0,37.956824990116495,0.0,30.141415408137192,0.0,0.0,0.0,0.0,0.0,0.0,0.0,0.0,0.0,0.0,0.0,0.0 
 01/01  11:11:00,30.68,37.940993209649356,30.14062921142236,37.940993209649356,0.0,0.0,30.14062921142236,0.0,0.0,0.0,37.94890228614075,0.0,30.141021644030296,0.0,0.0,0.0,0.0,0.0,0.0,0.0,0.0,0.0,0.0,0.0,0.0 
 01/01  11:12:00,30.68,37.93309837235055,30.14023811312279,37.93309837235055,0.0,0.0,30.14023811312279,0.0,0.0,0.0,37.940993209649356,0.0,30.14062921142236,0.0,0.0,0.0,0.0,0.0,0.0,0.0,0.0,0.0,0.0,0.0,0.0 
 01/01  11:13:00,30.68,37.92521709055941,30.139848340467573,37.92521709055941,0.0,0.0,30.139848340467573,0.0,0.0,0.0,37.93309837235055,0.0,30.14023811312279,0.0,0.0,0.0,0.0,0.0,0.0,0.0,0.0,0.0,0.0,0.0,0.0 
 01/01  11:14:00,30.68,37.91734997327873,30.139459895914104,37.91734997327873,0.0,0.0,30.139459895914104,0.0,0.0,0.0,37.92521709055941,0.0,30.139848340467573,0.0,0.0,0.0,0.0,0.0,0.0,0.0,0.0,0.0,0.0,0.0,0.0 
 01/01  11:15:00,30.68,37.90949634083436,30.139072769756655,37.90949634083436,0.0,0.0,30.139072769756655,0.0,0.0,0.0,37.91734997327873,0.0,30.139459895914104,0.0,0.0,0.0,0.0,0.0,0.0,0.0,0.0,0.0,0.0,0.0,0.0 
 01/01  11:16:00,30.68,37.90165679955423,30.13868696534695,37.90165679955423,0.0,0.0,30.13868696534695,0.0,0.0,0.0,37.90949634083436,0.0,30.139072769756655,0.0,0.0,0.0,0.0,0.0,0.0,0.0,0.0,0.0,0.0,0.0,0.0 
 01/01  11:17:00,30.68,37.8938306736923,30.13830247278361,37.8938306736923,0.0,0.0,30.13830247278361,0.0,0.0,0.0,37.90165679955423,0.0,30.13868696534695,0.0,0.0,0.0,0.0,0.0,0.0,0.0,0.0,0.0,0.0,0.0,0.0 
 01/01  11:18:00,30.68,37.886018566931284,30.137919294462463,37.886018566931284,0.0,0.0,30.137919294462463,0.0,0.0,0.0,37.8938306736923,0.0,30.13830247278361,0.0,0.0,0.0,0.0,0.0,0.0,0.0,0.0,0.0,0.0,0.0,0.0 
 01/01  11:19:00,30.68,37.8782198073742,30.1375374213359,37.8782198073742,0.0,0.0,30.1375374213359,0.0,0.0,0.0,37.886018566931284,0.0,30.137919294462463,0.0,0.0,0.0,0.0,0.0,0.0,0.0,0.0,0.0,0.0,0.0,0.0 
 01/01  11:20:00,30.68,37.87043499608735,30.13715685553442,37.87043499608735,0.0,0.0,30.13715685553442,0.0,0.0,0.0,37.8782198073742,0.0,30.1375374213359,0.0,0.0,0.0,0.0,0.0,0.0,0.0,0.0,0.0,0.0,0.0,0.0 
 01/01  11:21:00,30.68,37.86266346494699,30.136777587258408,37.86266346494699,0.0,0.0,30.136777587258408,0.0,0.0,0.0,37.87043499608735,0.0,30.13715685553442,0.0,0.0,0.0,0.0,0.0,0.0,0.0,0.0,0.0,0.0,0.0,0.0 
 01/01  11:22:00,30.68,37.85490581243102,30.136399619243743,37.85490581243102,0.0,0.0,30.136399619243743,0.0,0.0,0.0,37.86266346494699,0.0,30.136777587258408,0.0,0.0,0.0,0.0,0.0,0.0,0.0,0.0,0.0,0.0,0.0,0.0 
 01/01  11:23:00,30.68,37.84716137411629,30.136022941590088,37.84716137411629,0.0,0.0,30.136022941590088,0.0,0.0,0.0,37.85490581243102,0.0,30.136399619243743,0.0,0.0,0.0,0.0,0.0,0.0,0.0,0.0,0.0,0.0,0.0,0.0 
 01/01  11:24:00,30.68,37.83943074591945,30.1356475563477,37.83943074591945,0.0,0.0,30.1356475563477,0.0,0.0,0.0,37.84716137411629,0.0,30.136022941590088,0.0,0.0,0.0,0.0,0.0,0.0,0.0,0.0,0.0,0.0,0.0,0.0 
 01/01  11:25:00,30.68,37.83171326704818,30.13527345419058,37.83171326704818,0.0,0.0,30.13527345419058,0.0,0.0,0.0,37.83943074591945,0.0,30.1356475563477,0.0,0.0,0.0,0.0,0.0,0.0,0.0,0.0,0.0,0.0,0.0,0.0 
 01/01  11:26:00,30.68,37.82400953088441,30.134900636981854,37.82400953088441,0.0,0.0,30.134900636981854,0.0,0.0,0.0,37.83171326704818,0.0,30.13527345419058,0.0,0.0,0.0,0.0,0.0,0.0,0.0,0.0,0.0,0.0,0.0,0.0 
 01/01  11:27:00,30.68,37.81631888019962,30.134529094907283,37.81631888019962,0.0,0.0,30.134529094907283,0.0,0.0,0.0,37.82400953088441,0.0,30.134900636981854,0.0,0.0,0.0,0.0,0.0,0.0,0.0,0.0,0.0,0.0,0.0,0.0 
 01/01  11:28:00,30.68,37.80864190586657,30.13415883016677,37.80864190586657,0.0,0.0,30.13415883016677,0.0,0.0,0.0,37.81631888019962,0.0,30.134529094907283,0.0,0.0,0.0,0.0,0.0,0.0,0.0,0.0,0.0,0.0,0.0,0.0 
 01/01  11:29:00,30.68,37.80097795415633,30.13378983292931,37.80097795415633,0.0,0.0,30.13378983292931,0.0,0.0,0.0,37.80864190586657,0.0,30.13415883016677,0.0,0.0,0.0,0.0,0.0,0.0,0.0,0.0,0.0,0.0,0.0,0.0 
 01/01  11:30:00,30.68,37.793327613457485,30.133422104956164,37.793327613457485,0.0,0.0,30.133422104956164,0.0,0.0,0.0,37.80097795415633,0.0,30.13378983292931,0.0,0.0,0.0,0.0,0.0,0.0,0.0,0.0,0.0,0.0,0.0,0.0 
 01/01  11:31:00,30.68,37.78569023347884,30.133055636728862,37.78569023347884,0.0,0.0,30.133055636728862,0.0,0.0,0.0,37.793327613457485,0.0,30.133422104956164,0.0,0.0,0.0,0.0,0.0,0.0,0.0,0.0,0.0,0.0,0.0,0.0 
 01/01  11:32:00,30.68,37.778066400149,30.13269042989132,37.778066400149,0.0,0.0,30.13269042989132,0.0,0.0,0.0,37.78569023347884,0.0,30.133055636728862,0.0,0.0,0.0,0.0,0.0,0.0,0.0,0.0,0.0,0.0,0.0,0.0 
 01/01  11:33:00,30.68,37.77045546655511,30.13232647467652,37.77045546655511,0.0,0.0,30.13232647467652,0.0,0.0,0.0,37.778066400149,0.0,30.13269042989132,0.0,0.0,0.0,0.0,0.0,0.0,0.0,0.0,0.0,0.0,0.0,0.0 
 01/01  11:34:00,30.68,37.762858016189455,30.131963772814554,37.762858016189455,0.0,0.0,30.131963772814554,0.0,0.0,0.0,37.77045546655511,0.0,30.13232647467652,0.0,0.0,0.0,0.0,0.0,0.0,0.0,0.0,0.0,0.0,0.0,0.0 
 01/01  11:35:00,30.68,37.75527340546039,30.13160231459553,37.75527340546039,0.0,0.0,30.13160231459553,0.0,0.0,0.0,37.762858016189455,0.0,30.131963772814554,0.0,0.0,0.0,0.0,0.0,0.0,0.0,0.0,0.0,0.0,0.0,0.0 
 01/01  11:36:00,30.68,37.74770221544674,30.131242101536827,37.74770221544674,0.0,0.0,30.131242101536827,0.0,0.0,0.0,37.75527340546039,0.0,30.13160231459553,0.0,0.0,0.0,0.0,0.0,0.0,0.0,0.0,0.0,0.0,0.0,0.0 
 01/01  11:37:00,30.68,37.74014380582329,30.130883123996096,37.74014380582329,0.0,0.0,30.130883123996096,0.0,0.0,0.0,37.74770221544674,0.0,30.131242101536827,0.0,0.0,0.0,0.0,0.0,0.0,0.0,0.0,0.0,0.0,0.0,0.0 
 01/01  11:38:00,30.68,37.7325987552778,30.130525383436225,37.7325987552778,0.0,0.0,30.130525383436225,0.0,0.0,0.0,37.74014380582329,0.0,30.130883123996096,0.0,0.0,0.0,0.0,0.0,0.0,0.0,0.0,0.0,0.0,0.0,0.0 
 01/01  11:39:00,30.68,37.725066426698575,30.130168870185127,37.725066426698575,0.0,0.0,30.130168870185127,0.0,0.0,0.0,37.7325987552778,0.0,30.130525383436225,0.0,0.0,0.0,0.0,0.0,0.0,0.0,0.0,0.0,0.0,0.0,0.0 
 01/01  11:40:00,30.68,37.717547396404036,30.129813585559013,37.717547396404036,0.0,0.0,30.129813585559013,0.0,0.0,0.0,37.725066426698575,0.0,30.130168870185127,0.0,0.0,0.0,0.0,0.0,0.0,0.0,0.0,0.0,0.0,0.0,0.0 
 01/01  11:41:00,30.68,37.71004103044521,30.12945952000901,37.71004103044521,0.0,0.0,30.12945952000901,0.0,0.0,0.0,37.717547396404036,0.0,30.129813585559013,0.0,0.0,0.0,0.0,0.0,0.0,0.0,0.0,0.0,0.0,0.0,0.0 
 01/01  11:42:00,30.68,37.70254790279239,30.129106674846444,37.70254790279239,0.0,0.0,30.129106674846444,0.0,0.0,0.0,37.71004103044521,0.0,30.12945952000901,0.0,0.0,0.0,0.0,0.0,0.0,0.0,0.0,0.0,0.0,0.0,0.0 
 01/01  11:43:00,30.68,37.69506738261038,30.128755040361593,37.69506738261038,0.0,0.0,30.128755040361593,0.0,0.0,0.0,37.70254790279239,0.0,30.129106674846444,0.0,0.0,0.0,0.0,0.0,0.0,0.0,0.0,0.0,0.0,0.0,0.0 
 01/01  11:44:00,30.68,37.68760004154195,30.12840461786869,37.68760004154195,0.0,0.0,30.12840461786869,0.0,0.0,0.0,37.69506738261038,0.0,30.128755040361593,0.0,0.0,0.0,0.0,0.0,0.0,0.0,0.0,0.0,0.0,0.0,0.0 
 01/01  11:45:00,30.68,37.68014525181856,30.128055397828874,37.68014525181856,0.0,0.0,30.128055397828874,0.0,0.0,0.0,37.68760004154195,0.0,30.12840461786869,0.0,0.0,0.0,0.0,0.0,0.0,0.0,0.0,0.0,0.0,0.0,0.0 
 01/01  11:46:00,30.68,37.67270358277561,30.127707381193623,37.67270358277561,0.0,0.0,30.127707381193623,0.0,0.0,0.0,37.68014525181856,0.0,30.128055397828874,0.0,0.0,0.0,0.0,0.0,0.0,0.0,0.0,0.0,0.0,0.0,0.0 
 01/01  11:47:00,30.68,37.665274409665784,30.127360558606753,37.665274409665784,0.0,0.0,30.127360558606753,0.0,0.0,0.0,37.67270358277561,0.0,30.127707381193623,0.0,0.0,0.0,0.0,0.0,0.0,0.0,0.0,0.0,0.0,0.0,0.0 
 01/01  11:48:00,30.68,37.657858299536635,30.127014931206325,37.657858299536635,0.0,0.0,30.127014931206325,0.0,0.0,0.0,37.665274409665784,0.0,30.127360558606753,0.0,0.0,0.0,0.0,0.0,0.0,0.0,0.0,0.0,0.0,0.0,0.0 
 01/01  11:49:00,30.68,37.6504546306183,30.126670489262583,37.6504546306183,0.0,0.0,30.126670489262583,0.0,0.0,0.0,37.657858299536635,0.0,30.127014931206325,0.0,0.0,0.0,0.0,0.0,0.0,0.0,0.0,0.0,0.0,0.0,0.0 
 01/01  11:50:00,30.68,37.643063967689635,30.126327233969235,37.643063967689635,0.0,0.0,30.126327233969235,0.0,0.0,0.0,37.6504546306183,0.0,30.126670489262583,0.0,0.0,0.0,0.0,0.0,0.0,0.0,0.0,0.0,0.0,0.0,0.0 
 01/01  11:51:00,30.68,37.63568569191591,30.12598515595164,37.63568569191591,0.0,0.0,30.12598515595164,0.0,0.0,0.0,37.643063967689635,0.0,30.126327233969235,0.0,0.0,0.0,0.0,0.0,0.0,0.0,0.0,0.0,0.0,0.0,0.0 
 01/01  11:52:00,30.68,37.628320365825786,30.125644255840417,37.628320365825786,0.0,0.0,30.125644255840417,0.0,0.0,0.0,37.63568569191591,0.0,30.12598515595164,0.0,0.0,0.0,0.0,0.0,0.0,0.0,0.0,0.0,0.0,0.0,0.0 
 01/01  11:53:00,30.68,37.620967373479,30.125304524497434,37.620967373479,0.0,0.0,30.125304524497434,0.0,0.0,0.0,37.628320365825786,0.0,30.125644255840417,0.0,0.0,0.0,0.0,0.0,0.0,0.0,0.0,0.0,0.0,0.0,0.0 
 01/01  11:54:00,30.68,37.61362727517208,30.12496596291674,37.61362727517208,0.0,0.0,30.12496596291674,0.0,0.0,0.0,37.620967373479,0.0,30.125304524497434,0.0,0.0,0.0,0.0,0.0,0.0,0.0,0.0,0.0,0.0,0.0,0.0 
 01/01  11:55:00,30.68,37.606299457819816,30.124628561388647,37.606299457819816,0.0,0.0,30.124628561388647,0.0,0.0,0.0,37.61362727517208,0.0,30.12496596291674,0.0,0.0,0.0,0.0,0.0,0.0,0.0,0.0,0.0,0.0,0.0,0.0 
 01/01  11:56:00,30.68,37.59898447950429,30.12429232101131,37.59898447950429,0.0,0.0,30.12429232101131,0.0,0.0,0.0,37.606299457819816,0.0,30.124628561388647,0.0,0.0,0.0,0.0,0.0,0.0,0.0,0.0,0.0,0.0,0.0,0.0 
 01/01  11:57:00,30.68,37.59168172995738,30.12395723259952,37.59168172995738,0.0,0.0,30.12395723259952,0.0,0.0,0.0,37.59898447950429,0.0,30.12429232101131,0.0,0.0,0.0,0.0,0.0,0.0,0.0,0.0,0.0,0.0,0.0,0.0 
 01/01  11:58:00,30.68,37.58439176506391,30.12362329650227,37.58439176506391,0.0,0.0,30.12362329650227,0.0,0.0,0.0,37.59168172995738,0.0,30.12395723259952,0.0,0.0,0.0,0.0,0.0,0.0,0.0,0.0,0.0,0.0,0.0,0.0 
 01/01  11:59:00,30.68,37.577113977336154,30.12329050381926,37.577113977336154,0.0,0.0,30.12329050381926,0.0,0.0,0.0,37.58439176506391,0.0,30.12362329650227,0.0,0.0,0.0,0.0,0.0,0.0,0.0,0.0,0.0,0.0,0.0,0.0 
 01/01  12:00:00,30.68,37.56984892047848,30.122958855425733,37.56984892047848,0.0,0.0,30.122958855425733,0.0,0.0,0.0,37.577113977336154,0.0,30.12329050381926,0.0,0.0,0.0,0.0,0.0,0.0,0.0,0.0,0.0,0.0,0.0,0.0,88387200.0 
 01/01  12:01:00,30.68,37.56259598974817,30.122628341664623,37.56259598974817,0.0,0.0,30.122628341664623,0.0,0.0,0.0,37.56984892047848,0.0,30.122958855425733,0.0,0.0,0.0,0.0,0.0,0.0,0.0,0.0,0.0,0.0,0.0,0.0 
 01/01  12:02:00,30.68,37.55535573668553,30.122298963558922,37.55535573668553,0.0,0.0,30.122298963558922,0.0,0.0,0.0,37.56259598974817,0.0,30.122628341664623,0.0,0.0,0.0,0.0,0.0,0.0,0.0,0.0,0.0,0.0,0.0,0.0 
 01/01  12:03:00,30.68,37.548127559258646,30.121970712130853,37.548127559258646,0.0,0.0,30.121970712130853,0.0,0.0,0.0,37.55535573668553,0.0,30.122298963558922,0.0,0.0,0.0,0.0,0.0,0.0,0.0,0.0,0.0,0.0,0.0,0.0 
 01/01  12:04:00,30.68,37.54091200685994,30.121643587480328,37.54091200685994,0.0,0.0,30.121643587480328,0.0,0.0,0.0,37.548127559258646,0.0,30.121970712130853,0.0,0.0,0.0,0.0,0.0,0.0,0.0,0.0,0.0,0.0,0.0,0.0 
 01/01  12:05:00,30.68,37.53370848013512,30.121317580957143,37.53370848013512,0.0,0.0,30.121317580957143,0.0,0.0,0.0,37.54091200685994,0.0,30.121643587480328,0.0,0.0,0.0,0.0,0.0,0.0,0.0,0.0,0.0,0.0,0.0,0.0 
 01/01  12:06:00,30.68,37.52651752634422,30.12099269333686,37.52651752634422,0.0,0.0,30.12099269333686,0.0,0.0,0.0,37.53370848013512,0.0,30.121317580957143,0.0,0.0,0.0,0.0,0.0,0.0,0.0,0.0,0.0,0.0,0.0,0.0 
 01/01  12:07:00,30.68,37.51933854877874,30.12066891503911,37.51933854877874,0.0,0.0,30.12066891503911,0.0,0.0,0.0,37.52651752634422,0.0,30.12099269333686,0.0,0.0,0.0,0.0,0.0,0.0,0.0,0.0,0.0,0.0,0.0,0.0 
 01/01  12:08:00,30.68,37.5121720925818,30.120346247026877,37.5121720925818,0.0,0.0,30.120346247026877,0.0,0.0,0.0,37.51933854877874,0.0,30.12066891503911,0.0,0.0,0.0,0.0,0.0,0.0,0.0,0.0,0.0,0.0,0.0,0.0 
 01/01  12:09:00,30.68,37.50501756365958,30.120024680541544,37.50501756365958,0.0,0.0,30.120024680541544,0.0,0.0,0.0,37.5121720925818,0.0,30.120346247026877,0.0,0.0,0.0,0.0,0.0,0.0,0.0,0.0,0.0,0.0,0.0,0.0 
 01/01  12:10:00,30.68,37.497875505053074,30.119704215461685,37.497875505053074,0.0,0.0,30.119704215461685,0.0,0.0,0.0,37.50501756365958,0.0,30.120024680541544,0.0,0.0,0.0,0.0,0.0,0.0,0.0,0.0,0.0,0.0,0.0,0.0 
 01/01  12:11:00,30.68,37.49074532525332,30.11938484339542,37.49074532525332,0.0,0.0,30.11938484339542,0.0,0.0,0.0,37.497875505053074,0.0,30.119704215461685,0.0,0.0,0.0,0.0,0.0,0.0,0.0,0.0,0.0,0.0,0.0,0.0 
 01/01  12:12:00,30.68,37.48362756521391,30.1190665650358,37.48362756521391,0.0,0.0,30.1190665650358,0.0,0.0,0.0,37.49074532525332,0.0,30.11938484339542,0.0,0.0,0.0,0.0,0.0,0.0,0.0,0.0,0.0,0.0,0.0,0.0 
 01/01  12:13:00,30.68,37.47652163598156,30.1187493709,37.47652163598156,0.0,0.0,30.1187493709,0.0,0.0,0.0,37.48362756521391,0.0,30.1190665650358,0.0,0.0,0.0,0.0,0.0,0.0,0.0,0.0,0.0,0.0,0.0,0.0 
 01/01  12:14:00,30.68,37.46942807643659,30.118433261905697,37.46942807643659,0.0,0.0,30.118433261905697,0.0,0.0,0.0,37.47652163598156,0.0,30.1187493709,0.0,0.0,0.0,0.0,0.0,0.0,0.0,0.0,0.0,0.0,0.0,0.0 
 01/01  12:15:00,30.68,37.4623463001534,30.118118229523574,37.4623463001534,0.0,0.0,30.118118229523574,0.0,0.0,0.0,37.46942807643659,0.0,30.118433261905697,0.0,0.0,0.0,0.0,0.0,0.0,0.0,0.0,0.0,0.0,0.0,0.0 
 01/01  12:16:00,30.68,37.45527684395309,30.11780427343724,37.45527684395309,0.0,0.0,30.11780427343724,0.0,0.0,0.0,37.4623463001534,0.0,30.118118229523574,0.0,0.0,0.0,0.0,0.0,0.0,0.0,0.0,0.0,0.0,0.0,0.0 
 01/01  12:17:00,30.68,37.44821912391042,30.117491385519802,37.44821912391042,0.0,0.0,30.117491385519802,0.0,0.0,0.0,37.45527684395309,0.0,30.11780427343724,0.0,0.0,0.0,0.0,0.0,0.0,0.0,0.0,0.0,0.0,0.0,0.0 
 01/01  12:18:00,30.68,37.44117367480082,30.117179566398175,37.44117367480082,0.0,0.0,30.117179566398175,0.0,0.0,0.0,37.44821912391042,0.0,30.117491385519802,0.0,0.0,0.0,0.0,0.0,0.0,0.0,0.0,0.0,0.0,0.0,0.0 
 01/01  12:19:00,30.68,37.43413991517312,30.116868806705764,37.43413991517312,0.0,0.0,30.116868806705764,0.0,0.0,0.0,37.44117367480082,0.0,30.117179566398175,0.0,0.0,0.0,0.0,0.0,0.0,0.0,0.0,0.0,0.0,0.0,0.0 
 01/01  12:20:00,30.68,37.427118377770526,30.116559107330943,37.427118377770526,0.0,0.0,30.116559107330943,0.0,0.0,0.0,37.43413991517312,0.0,30.116868806705764,0.0,0.0,0.0,0.0,0.0,0.0,0.0,0.0,0.0,0.0,0.0,0.0 
 01/01  12:21:00,30.68,37.42010848359035,30.11625045998693,37.42010848359035,0.0,0.0,30.11625045998693,0.0,0.0,0.0,37.427118377770526,0.0,30.116559107330943,0.0,0.0,0.0,0.0,0.0,0.0,0.0,0.0,0.0,0.0,0.0,0.0 
 01/01  12:22:00,30.68,37.41311076335672,30.115942864196498,37.41311076335672,0.0,0.0,30.115942864196498,0.0,0.0,0.0,37.42010848359035,0.0,30.11625045998693,0.0,0.0,0.0,0.0,0.0,0.0,0.0,0.0,0.0,0.0,0.0,0.0 
 01/01  12:23:00,30.68,37.40612464049066,30.115636312118152,37.40612464049066,0.0,0.0,30.115636312118152,0.0,0.0,0.0,37.41311076335672,0.0,30.115942864196498,0.0,0.0,0.0,0.0,0.0,0.0,0.0,0.0,0.0,0.0,0.0,0.0 
 01/01  12:24:00,30.68,37.3991506437104,30.115330804350137,37.3991506437104,0.0,0.0,30.115330804350137,0.0,0.0,0.0,37.40612464049066,0.0,30.115636312118152,0.0,0.0,0.0,0.0,0.0,0.0,0.0,0.0,0.0,0.0,0.0,0.0 
 01/01  12:25:00,30.68,37.39218819883685,30.115026331686714,37.39218819883685,0.0,0.0,30.115026331686714,0.0,0.0,0.0,37.3991506437104,0.0,30.115330804350137,0.0,0.0,0.0,0.0,0.0,0.0,0.0,0.0,0.0,0.0,0.0,0.0 
 01/01  12:26:00,30.68,37.38523783259596,30.11472289503587,37.38523783259596,0.0,0.0,30.11472289503587,0.0,0.0,0.0,37.39218819883685,0.0,30.115026331686714,0.0,0.0,0.0,0.0,0.0,0.0,0.0,0.0,0.0,0.0,0.0,0.0 
 01/01  12:27:00,30.68,37.37829897318576,30.11442048640038,37.37829897318576,0.0,0.0,30.11442048640038,0.0,0.0,0.0,37.38523783259596,0.0,30.11472289503587,0.0,0.0,0.0,0.0,0.0,0.0,0.0,0.0,0.0,0.0,0.0,0.0 
 01/01  12:28:00,30.68,37.3713721453545,30.11411910520887,37.3713721453545,0.0,0.0,30.11411910520887,0.0,0.0,0.0,37.37829897318576,0.0,30.11442048640038,0.0,0.0,0.0,0.0,0.0,0.0,0.0,0.0,0.0,0.0,0.0,0.0 
 01/01  12:29:00,30.68,37.36445677965609,30.113818743952528,37.36445677965609,0.0,0.0,30.113818743952528,0.0,0.0,0.0,37.3713721453545,0.0,30.11411910520887,0.0,0.0,0.0,0.0,0.0,0.0,0.0,0.0,0.0,0.0,0.0,0.0 
 01/01  12:30:00,30.68,37.35755339887783,30.113519403256937,37.35755339887783,0.0,0.0,30.113519403256937,0.0,0.0,0.0,37.36445677965609,0.0,30.113818743952528,0.0,0.0,0.0,0.0,0.0,0.0,0.0,0.0,0.0,0.0,0.0,0.0 
 01/01  12:31:00,30.68,37.350661435909785,30.113221074126084,37.350661435909785,0.0,0.0,30.113221074126084,0.0,0.0,0.0,37.35755339887783,0.0,30.113519403256937,0.0,0.0,0.0,0.0,0.0,0.0,0.0,0.0,0.0,0.0,0.0,0.0 
 01/01  12:32:00,30.68,37.343781411597135,30.11292375752964,37.343781411597135,0.0,0.0,30.11292375752964,0.0,0.0,0.0,37.350661435909785,0.0,30.113221074126084,0.0,0.0,0.0,0.0,0.0,0.0,0.0,0.0,0.0,0.0,0.0,0.0 
 01/01  12:33:00,30.68,37.336912761148085,30.112627445785503,37.336912761148085,0.0,0.0,30.112627445785503,0.0,0.0,0.0,37.343781411597135,0.0,30.11292375752964,0.0,0.0,0.0,0.0,0.0,0.0,0.0,0.0,0.0,0.0,0.0,0.0 
 01/01  12:34:00,30.68,37.33005600348717,30.112332138261888,37.33005600348717,0.0,0.0,30.112332138261888,0.0,0.0,0.0,37.336912761148085,0.0,30.112627445785503,0.0,0.0,0.0,0.0,0.0,0.0,0.0,0.0,0.0,0.0,0.0,0.0 
 01/01  12:35:00,30.68,37.32321057612391,30.11203782778819,37.32321057612391,0.0,0.0,30.11203782778819,0.0,0.0,0.0,37.33005600348717,0.0,30.112332138261888,0.0,0.0,0.0,0.0,0.0,0.0,0.0,0.0,0.0,0.0,0.0,0.0 
 01/01  12:36:00,30.68,37.31637699608528,30.11174451502627,37.31637699608528,0.0,0.0,30.11174451502627,0.0,0.0,0.0,37.32321057612391,0.0,30.11203782778819,0.0,0.0,0.0,0.0,0.0,0.0,0.0,0.0,0.0,0.0,0.0,0.0 
 01/01  12:37:00,30.68,37.309554703165965,30.111452191187354,37.309554703165965,0.0,0.0,30.111452191187354,0.0,0.0,0.0,37.31637699608528,0.0,30.11174451502627,0.0,0.0,0.0,0.0,0.0,0.0,0.0,0.0,0.0,0.0,0.0,0.0 
 01/01  12:38:00,30.68,37.30274421251969,30.11116085729518,37.30274421251969,0.0,0.0,30.11116085729518,0.0,0.0,0.0,37.309554703165965,0.0,30.111452191187354,0.0,0.0,0.0,0.0,0.0,0.0,0.0,0.0,0.0,0.0,0.0,0.0 
 01/01  12:39:00,30.68,37.29594496621006,30.110870505960445,37.29594496621006,0.0,0.0,30.110870505960445,0.0,0.0,0.0,37.30274421251969,0.0,30.11116085729518,0.0,0.0,0.0,0.0,0.0,0.0,0.0,0.0,0.0,0.0,0.0,0.0 
 01/01  12:40:00,30.68,37.28915747754182,30.110581136480498,37.28915747754182,0.0,0.0,30.110581136480498,0.0,0.0,0.0,37.29594496621006,0.0,30.110870505960445,0.0,0.0,0.0,0.0,0.0,0.0,0.0,0.0,0.0,0.0,0.0,0.0 
 01/01  12:41:00,30.68,37.28238119083053,30.11029274198996,37.28238119083053,0.0,0.0,30.11029274198996,0.0,0.0,0.0,37.28915747754182,0.0,30.110581136480498,0.0,0.0,0.0,0.0,0.0,0.0,0.0,0.0,0.0,0.0,0.0,0.0 
 01/01  12:42:00,30.68,37.27561661755547,30.11000532316308,37.27561661755547,0.0,0.0,30.11000532316308,0.0,0.0,0.0,37.28238119083053,0.0,30.11029274198996,0.0,0.0,0.0,0.0,0.0,0.0,0.0,0.0,0.0,0.0,0.0,0.0 
 01/01  12:43:00,30.68,37.2688632042662,30.109718871388395,37.2688632042662,0.0,0.0,30.109718871388395,0.0,0.0,0.0,37.27561661755547,0.0,30.11000532316308,0.0,0.0,0.0,0.0,0.0,0.0,0.0,0.0,0.0,0.0,0.0,0.0 
 01/01  12:44:00,30.68,37.26212146063864,30.10943338771482,37.26212146063864,0.0,0.0,30.10943338771482,0.0,0.0,0.0,37.2688632042662,0.0,30.109718871388395,0.0,0.0,0.0,0.0,0.0,0.0,0.0,0.0,0.0,0.0,0.0,0.0 
 01/01  12:45:00,30.68,37.255390835436955,30.10914886500776,37.255390835436955,0.0,0.0,30.10914886500776,0.0,0.0,0.0,37.26212146063864,0.0,30.10943338771482,0.0,0.0,0.0,0.0,0.0,0.0,0.0,0.0,0.0,0.0,0.0,0.0 
 01/01  12:46:00,30.68,37.24867183655375,30.10886530247189,37.24867183655375,0.0,0.0,30.10886530247189,0.0,0.0,0.0,37.255390835436955,0.0,30.10914886500776,0.0,0.0,0.0,0.0,0.0,0.0,0.0,0.0,0.0,0.0,0.0,0.0 
 01/01  12:47:00,30.68,37.24196391494729,30.108582693507827,37.24196391494729,0.0,0.0,30.108582693507827,0.0,0.0,0.0,37.24867183655375,0.0,30.10886530247189,0.0,0.0,0.0,0.0,0.0,0.0,0.0,0.0,0.0,0.0,0.0,0.0 
 01/01  12:48:00,30.68,37.23526757674496,30.108301038775554,37.23526757674496,0.0,0.0,30.108301038775554,0.0,0.0,0.0,37.24196391494729,0.0,30.108582693507827,0.0,0.0,0.0,0.0,0.0,0.0,0.0,0.0,0.0,0.0,0.0,0.0 
 01/01  12:49:00,30.68,37.22858227507729,30.108020329811467,37.22858227507729,0.0,0.0,30.108020329811467,0.0,0.0,0.0,37.23526757674496,0.0,30.108301038775554,0.0,0.0,0.0,0.0,0.0,0.0,0.0,0.0,0.0,0.0,0.0,0.0 
 01/01  12:50:00,30.68,37.22190851432219,30.107740567664045,37.22190851432219,0.0,0.0,30.107740567664045,0.0,0.0,0.0,37.22858227507729,0.0,30.108020329811467,0.0,0.0,0.0,0.0,0.0,0.0,0.0,0.0,0.0,0.0,0.0,0.0 
 01/01  12:51:00,30.68,37.21524574975984,30.107461745421052,37.21524574975984,0.0,0.0,30.107461745421052,0.0,0.0,0.0,37.22190851432219,0.0,30.107740567664045,0.0,0.0,0.0,0.0,0.0,0.0,0.0,0.0,0.0,0.0,0.0,0.0 
 01/01  12:52:00,30.68,37.20859448403258,30.107183862179532,37.20859448403258,0.0,0.0,30.107183862179532,0.0,0.0,0.0,37.21524574975984,0.0,30.107461745421052,0.0,0.0,0.0,0.0,0.0,0.0,0.0,0.0,0.0,0.0,0.0,0.0 
 01/01  12:53:00,30.68,37.20195417454699,30.10690691157589,37.20195417454699,0.0,0.0,30.10690691157589,0.0,0.0,0.0,37.20859448403258,0.0,30.107183862179532,0.0,0.0,0.0,0.0,0.0,0.0,0.0,0.0,0.0,0.0,0.0,0.0 
 01/01  12:54:00,30.68,37.19532532222169,30.10663089423893,37.19532532222169,0.0,0.0,30.10663089423893,0.0,0.0,0.0,37.20195417454699,0.0,30.10690691157589,0.0,0.0,0.0,0.0,0.0,0.0,0.0,0.0,0.0,0.0,0.0,0.0 
 01/01  12:55:00,30.68,37.18870738656616,30.106355801834198,37.18870738656616,0.0,0.0,30.106355801834198,0.0,0.0,0.0,37.19532532222169,0.0,30.10663089423893,0.0,0.0,0.0,0.0,0.0,0.0,0.0,0.0,0.0,0.0,0.0,0.0 
 01/01  12:56:00,30.68,37.18210086678576,30.106081635395537,37.18210086678576,0.0,0.0,30.106081635395537,0.0,0.0,0.0,37.18870738656616,0.0,30.106355801834198,0.0,0.0,0.0,0.0,0.0,0.0,0.0,0.0,0.0,0.0,0.0,0.0 
 01/01  12:57:00,30.68,37.175505224469305,30.10580838821292,37.175505224469305,0.0,0.0,30.10580838821292,0.0,0.0,0.0,37.18210086678576,0.0,30.106081635395537,0.0,0.0,0.0,0.0,0.0,0.0,0.0,0.0,0.0,0.0,0.0,0.0 
 01/01  12:58:00,30.68,37.168920957117805,30.10553605927249,37.168920957117805,0.0,0.0,30.10553605927249,0.0,0.0,0.0,37.175505224469305,0.0,30.10580838821292,0.0,0.0,0.0,0.0,0.0,0.0,0.0,0.0,0.0,0.0,0.0,0.0 
 01/01  12:59:00,30.68,37.1623475267722,30.105264642428665,37.1623475267722,0.0,0.0,30.105264642428665,0.0,0.0,0.0,37.168920957117805,0.0,30.10553605927249,0.0,0.0,0.0,0.0,0.0,0.0,0.0,0.0,0.0,0.0,0.0,0.0 
 01/01  13:00:00,30.68,37.155785361331205,30.104994138273632,37.155785361331205,0.0,0.0,30.104994138273632,0.0,0.0,0.0,37.1623475267722,0.0,30.105264642428665,0.0,0.0,0.0,0.0,0.0,0.0,0.0,0.0,0.0,0.0,0.0,0.0,88387200.0 
 01/01  13:01:00,30.68,37.14923389997529,30.104724538594365,37.14923389997529,0.0,0.0,30.104724538594365,0.0,0.0,0.0,37.155785361331205,0.0,30.104994138273632,0.0,0.0,0.0,0.0,0.0,0.0,0.0,0.0,0.0,0.0,0.0,0.0 
 01/01  13:02:00,30.68,37.14269364788664,30.10445584440584,37.14269364788664,0.0,0.0,30.10445584440584,0.0,0.0,0.0,37.14923389997529,0.0,30.104724538594365,0.0,0.0,0.0,0.0,0.0,0.0,0.0,0.0,0.0,0.0,0.0,0.0 
 01/01  13:03:00,30.68,37.13616409637545,30.104188049189407,37.13616409637545,0.0,0.0,30.104188049189407,0.0,0.0,0.0,37.14269364788664,0.0,30.10445584440584,0.0,0.0,0.0,0.0,0.0,0.0,0.0,0.0,0.0,0.0,0.0,0.0 
 01/01  13:04:00,30.68,37.12964575830649,30.103921151824576,37.12964575830649,0.0,0.0,30.103921151824576,0.0,0.0,0.0,37.13616409637545,0.0,30.104188049189407,0.0,0.0,0.0,0.0,0.0,0.0,0.0,0.0,0.0,0.0,0.0,0.0 
 01/01  13:05:00,30.68,37.12313811717638,30.10365514637307,37.12313811717638,0.0,0.0,30.10365514637307,0.0,0.0,0.0,37.12964575830649,0.0,30.103921151824576,0.0,0.0,0.0,0.0,0.0,0.0,0.0,0.0,0.0,0.0,0.0,0.0 
 01/01  13:06:00,30.68,37.116641671736275,30.103390033390685,37.116641671736275,0.0,0.0,30.103390033390685,0.0,0.0,0.0,37.12313811717638,0.0,30.10365514637307,0.0,0.0,0.0,0.0,0.0,0.0,0.0,0.0,0.0,0.0,0.0,0.0 
 01/01  13:07:00,30.68,37.11015589862981,30.103125804782916,37.11015589862981,0.0,0.0,30.103125804782916,0.0,0.0,0.0,37.116641671736275,0.0,30.103390033390685,0.0,0.0,0.0,0.0,0.0,0.0,0.0,0.0,0.0,0.0,0.0,0.0 
 01/01  13:08:00,30.68,37.10368129004831,30.10286246154561,37.10368129004831,0.0,0.0,30.10286246154561,0.0,0.0,0.0,37.11015589862981,0.0,30.103125804782916,0.0,0.0,0.0,0.0,0.0,0.0,0.0,0.0,0.0,0.0,0.0,0.0 
 01/01  13:09:00,30.68,37.09721732198875,30.10259999734417,37.09721732198875,0.0,0.0,30.10259999734417,0.0,0.0,0.0,37.10368129004831,0.0,30.10286246154561,0.0,0.0,0.0,0.0,0.0,0.0,0.0,0.0,0.0,0.0,0.0,0.0 
 01/01  13:10:00,30.68,37.090764483543715,30.102338410958076,37.090764483543715,0.0,0.0,30.102338410958076,0.0,0.0,0.0,37.09721732198875,0.0,30.10259999734417,0.0,0.0,0.0,0.0,0.0,0.0,0.0,0.0,0.0,0.0,0.0,0.0 
 01/01  13:11:00,30.68,37.084322251615056,30.102077696648298,37.084322251615056,0.0,0.0,30.102077696648298,0.0,0.0,0.0,37.090764483543715,0.0,30.102338410958076,0.0,0.0,0.0,0.0,0.0,0.0,0.0,0.0,0.0,0.0,0.0,0.0 
 01/01  13:12:00,30.68,37.0778911128977,30.101817854936236,37.0778911128977,0.0,0.0,30.101817854936236,0.0,0.0,0.0,37.084322251615056,0.0,30.102077696648298,0.0,0.0,0.0,0.0,0.0,0.0,0.0,0.0,0.0,0.0,0.0,0.0 
 01/01  13:13:00,30.68,37.07147054558145,30.101558877844564,37.07147054558145,0.0,0.0,30.101558877844564,0.0,0.0,0.0,37.0778911128977,0.0,30.101817854936236,0.0,0.0,0.0,0.0,0.0,0.0,0.0,0.0,0.0,0.0,0.0,0.0 
 01/01  13:14:00,30.68,37.065061034281925,30.101300766351176,37.065061034281925,0.0,0.0,30.101300766351176,0.0,0.0,0.0,37.07147054558145,0.0,30.101558877844564,0.0,0.0,0.0,0.0,0.0,0.0,0.0,0.0,0.0,0.0,0.0,0.0 
 01/01  13:15:00,30.68,37.05866205873259,30.101043514299892,37.05866205873259,0.0,0.0,30.101043514299892,0.0,0.0,0.0,37.065061034281925,0.0,30.101300766351176,0.0,0.0,0.0,0.0,0.0,0.0,0.0,0.0,0.0,0.0,0.0,0.0 
 01/01  13:16:00,30.68,37.05227410168785,30.100787120377714,37.05227410168785,0.0,0.0,30.100787120377714,0.0,0.0,0.0,37.05866205873259,0.0,30.101043514299892,0.0,0.0,0.0,0.0,0.0,0.0,0.0,0.0,0.0,0.0,0.0,0.0 
 01/01  13:17:00,30.68,37.04589664457147,30.100531579038556,37.04589664457147,0.0,0.0,30.100531579038556,0.0,0.0,0.0,37.05227410168785,0.0,30.100787120377714,0.0,0.0,0.0,0.0,0.0,0.0,0.0,0.0,0.0,0.0,0.0,0.0 
 01/01  13:18:00,30.68,37.039530168392595,30.100276890772864,37.039530168392595,0.0,0.0,30.100276890772864,0.0,0.0,0.0,37.04589664457147,0.0,30.100531579038556,0.0,0.0,0.0,0.0,0.0,0.0,0.0,0.0,0.0,0.0,0.0,0.0 
 01/01  13:19:00,30.68,37.03317415632244,30.100023047720928,37.03317415632244,0.0,0.0,30.100023047720928,0.0,0.0,0.0,37.039530168392595,0.0,30.100276890772864,0.0,0.0,0.0,0.0,0.0,0.0,0.0,0.0,0.0,0.0,0.0,0.0 
 01/01  13:20:00,30.68,37.026829087676774,30.099770050845745,37.026829087676774,0.0,0.0,30.099770050845745,0.0,0.0,0.0,37.03317415632244,0.0,30.100023047720928,0.0,0.0,0.0,0.0,0.0,0.0,0.0,0.0,0.0,0.0,0.0,0.0 
 01/01  13:21:00,30.68,37.020494447408495,30.09951789416625,37.020494447408495,0.0,0.0,30.09951789416625,0.0,0.0,0.0,37.026829087676774,0.0,30.099770050845745,0.0,0.0,0.0,0.0,0.0,0.0,0.0,0.0,0.0,0.0,0.0,0.0 
 01/01  13:22:00,30.68,37.014170713178274,30.099266576286524,37.014170713178274,0.0,0.0,30.099266576286524,0.0,0.0,0.0,37.020494447408495,0.0,30.09951789416625,0.0,0.0,0.0,0.0,0.0,0.0,0.0,0.0,0.0,0.0,0.0,0.0 
 01/01  13:23:00,30.68,37.00785737172406,30.09901609184977,37.00785737172406,0.0,0.0,30.09901609184977,0.0,0.0,0.0,37.014170713178274,0.0,30.099266576286524,0.0,0.0,0.0,0.0,0.0,0.0,0.0,0.0,0.0,0.0,0.0,0.0 
 01/01  13:24:00,30.68,37.00155489907337,30.09876644132116,37.00155489907337,0.0,0.0,30.09876644132116,0.0,0.0,0.0,37.00785737172406,0.0,30.09901609184977,0.0,0.0,0.0,0.0,0.0,0.0,0.0,0.0,0.0,0.0,0.0,0.0 
 01/01  13:25:00,30.68,36.99526278374728,30.09851761696113,36.99526278374728,0.0,0.0,30.09851761696113,0.0,0.0,0.0,37.00155489907337,0.0,30.09876644132116,0.0,0.0,0.0,0.0,0.0,0.0,0.0,0.0,0.0,0.0,0.0,0.0 
 01/01  13:26:00,30.68,36.988981500148235,30.098269619722682,36.988981500148235,0.0,0.0,30.098269619722682,0.0,0.0,0.0,36.99526278374728,0.0,30.09851761696113,0.0,0.0,0.0,0.0,0.0,0.0,0.0,0.0,0.0,0.0,0.0,0.0 
 01/01  13:27:00,30.68,36.982710538576484,30.09802244379821,36.982710538576484,0.0,0.0,30.09802244379821,0.0,0.0,0.0,36.988981500148235,0.0,30.098269619722682,0.0,0.0,0.0,0.0,0.0,0.0,0.0,0.0,0.0,0.0,0.0,0.0 
 01/01  13:28:00,30.68,36.9764503718198,30.09777608771887,36.9764503718198,0.0,0.0,30.09777608771887,0.0,0.0,0.0,36.982710538576484,0.0,30.09802244379821,0.0,0.0,0.0,0.0,0.0,0.0,0.0,0.0,0.0,0.0,0.0,0.0 
 01/01  13:29:00,30.68,36.97020049195081,30.097530546313994,36.97020049195081,0.0,0.0,30.097530546313994,0.0,0.0,0.0,36.9764503718198,0.0,30.09777608771887,0.0,0.0,0.0,0.0,0.0,0.0,0.0,0.0,0.0,0.0,0.0,0.0 
 01/01  13:30:00,30.68,36.9639613701493,30.097285820028702,36.9639613701493,0.0,0.0,30.097285820028702,0.0,0.0,0.0,36.97020049195081,0.0,30.097530546313994,0.0,0.0,0.0,0.0,0.0,0.0,0.0,0.0,0.0,0.0,0.0,0.0 
 01/01  13:31:00,30.68,36.9577325002514,30.09704190124502,36.9577325002514,0.0,0.0,30.09704190124502,0.0,0.0,0.0,36.9639613701493,0.0,30.097285820028702,0.0,0.0,0.0,0.0,0.0,0.0,0.0,0.0,0.0,0.0,0.0,0.0 
 01/01  13:32:00,30.68,36.95151435183424,30.096798790909276,36.95151435183424,0.0,0.0,30.096798790909276,0.0,0.0,0.0,36.9577325002514,0.0,30.09704190124502,0.0,0.0,0.0,0.0,0.0,0.0,0.0,0.0,0.0,0.0,0.0,0.0 
 01/01  13:33:00,30.68,36.94530642048845,30.09655648338378,36.94530642048845,0.0,0.0,30.09655648338378,0.0,0.0,0.0,36.95151435183424,0.0,30.096798790909276,0.0,0.0,0.0,0.0,0.0,0.0,0.0,0.0,0.0,0.0,0.0,0.0 
 01/01  13:34:00,30.68,36.93910917419337,30.096314977134217,36.93910917419337,0.0,0.0,30.096314977134217,0.0,0.0,0.0,36.94530642048845,0.0,30.09655648338378,0.0,0.0,0.0,0.0,0.0,0.0,0.0,0.0,0.0,0.0,0.0,0.0 
 01/01  13:35:00,30.68,36.9329221102851,30.09607426717081,36.9329221102851,0.0,0.0,30.09607426717081,0.0,0.0,0.0,36.93910917419337,0.0,30.096314977134217,0.0,0.0,0.0,0.0,0.0,0.0,0.0,0.0,0.0,0.0,0.0,0.0 
 01/01  13:36:00,30.68,36.926745695149854,30.095834353921457,36.926745695149854,0.0,0.0,30.095834353921457,0.0,0.0,0.0,36.9329221102851,0.0,30.09607426717081,0.0,0.0,0.0,0.0,0.0,0.0,0.0,0.0,0.0,0.0,0.0,0.0 
 01/01  13:37:00,30.68,36.920579427860346,30.09559522988928,36.920579427860346,0.0,0.0,30.09559522988928,0.0,0.0,0.0,36.926745695149854,0.0,30.095834353921457,0.0,0.0,0.0,0.0,0.0,0.0,0.0,0.0,0.0,0.0,0.0,0.0 
 01/01  13:38:00,30.68,36.914423773214125,30.095356896015797,36.914423773214125,0.0,0.0,30.095356896015797,0.0,0.0,0.0,36.920579427860346,0.0,30.09559522988928,0.0,0.0,0.0,0.0,0.0,0.0,0.0,0.0,0.0,0.0,0.0,0.0 
 01/01  13:39:00,30.68,36.908278232011995,30.095119346829375,36.908278232011995,0.0,0.0,30.095119346829375,0.0,0.0,0.0,36.914423773214125,0.0,30.095356896015797,0.0,0.0,0.0,0.0,0.0,0.0,0.0,0.0,0.0,0.0,0.0,0.0 
 01/01  13:40:00,30.68,36.90214326746724,30.094882580737575,36.90214326746724,0.0,0.0,30.094882580737575,0.0,0.0,0.0,36.908278232011995,0.0,30.095119346829375,0.0,0.0,0.0,0.0,0.0,0.0,0.0,0.0,0.0,0.0,0.0,0.0 
 01/01  13:41:00,30.68,36.89601838209745,30.09464659292763,36.89601838209745,0.0,0.0,30.09464659292763,0.0,0.0,0.0,36.90214326746724,0.0,30.094882580737575,0.0,0.0,0.0,0.0,0.0,0.0,0.0,0.0,0.0,0.0,0.0,0.0 
 01/01  13:42:00,30.68,36.889904037537775,30.094411383814922,36.889904037537775,0.0,0.0,30.094411383814922,0.0,0.0,0.0,36.89601838209745,0.0,30.09464659292763,0.0,0.0,0.0,0.0,0.0,0.0,0.0,0.0,0.0,0.0,0.0,0.0 
 01/01  13:43:00,30.68,36.88379973802219,30.094176946025655,36.88379973802219,0.0,0.0,30.094176946025655,0.0,0.0,0.0,36.889904037537775,0.0,30.094411383814922,0.0,0.0,0.0,0.0,0.0,0.0,0.0,0.0,0.0,0.0,0.0,0.0 
 01/01  13:44:00,30.68,36.87770594360612,30.093943280501218,36.87770594360612,0.0,0.0,30.093943280501218,0.0,0.0,0.0,36.88379973802219,0.0,30.094176946025655,0.0,0.0,0.0,0.0,0.0,0.0,0.0,0.0,0.0,0.0,0.0,0.0 
 01/01  13:45:00,30.68,36.87162216022457,30.093710381934937,36.87162216022457,0.0,0.0,30.093710381934937,0.0,0.0,0.0,36.87770594360612,0.0,30.093943280501218,0.0,0.0,0.0,0.0,0.0,0.0,0.0,0.0,0.0,0.0,0.0,0.0 
 01/01  13:46:00,30.68,36.865548846367254,30.093478248685518,36.865548846367254,0.0,0.0,30.093478248685518,0.0,0.0,0.0,36.87162216022457,0.0,30.093710381934937,0.0,0.0,0.0,0.0,0.0,0.0,0.0,0.0,0.0,0.0,0.0,0.0 
 01/01  13:47:00,30.68,36.85948550966312,30.09324687611495,36.85948550966312,0.0,0.0,30.09324687611495,0.0,0.0,0.0,36.865548846367254,0.0,30.093478248685518,0.0,0.0,0.0,0.0,0.0,0.0,0.0,0.0,0.0,0.0,0.0,0.0 
 01/01  13:48:00,30.68,36.853432607032936,30.093016264631174,36.853432607032936,0.0,0.0,30.093016264631174,0.0,0.0,0.0,36.85948550966312,0.0,30.09324687611495,0.0,0.0,0.0,0.0,0.0,0.0,0.0,0.0,0.0,0.0,0.0,0.0 
 01/01  13:49:00,30.68,36.847389647800405,30.092786406984857,36.847389647800405,0.0,0.0,30.092786406984857,0.0,0.0,0.0,36.853432607032936,0.0,30.093016264631174,0.0,0.0,0.0,0.0,0.0,0.0,0.0,0.0,0.0,0.0,0.0,0.0 
 01/01  13:50:00,30.68,36.84135708732398,30.09255730412046,36.84135708732398,0.0,0.0,30.09255730412046,0.0,0.0,0.0,36.847389647800405,0.0,30.092786406984857,0.0,0.0,0.0,0.0,0.0,0.0,0.0,0.0,0.0,0.0,0.0,0.0 
 01/01  13:51:00,30.68,36.835334436605535,30.092328950893204,36.835334436605535,0.0,0.0,30.092328950893204,0.0,0.0,0.0,36.84135708732398,0.0,30.09255730412046,0.0,0.0,0.0,0.0,0.0,0.0,0.0,0.0,0.0,0.0,0.0,0.0 
 01/01  13:52:00,30.68,36.829322149443506,30.09210134561932,36.829322149443506,0.0,0.0,30.09210134561932,0.0,0.0,0.0,36.835334436605535,0.0,30.092328950893204,0.0,0.0,0.0,0.0,0.0,0.0,0.0,0.0,0.0,0.0,0.0,0.0 
 01/01  13:53:00,30.68,36.82331973851827,30.09187448383068,36.82331973851827,0.0,0.0,30.09187448383068,0.0,0.0,0.0,36.829322149443506,0.0,30.09210134561932,0.0,0.0,0.0,0.0,0.0,0.0,0.0,0.0,0.0,0.0,0.0,0.0 
 01/01  13:54:00,30.68,36.81732765607692,30.091648365929867,36.81732765607692,0.0,0.0,30.091648365929867,0.0,0.0,0.0,36.82331973851827,0.0,30.09187448383068,0.0,0.0,0.0,0.0,0.0,0.0,0.0,0.0,0.0,0.0,0.0,0.0 
 01/01  13:55:00,30.68,36.81134541646916,30.09142298479049,36.81134541646916,0.0,0.0,30.09142298479049,0.0,0.0,0.0,36.81732765607692,0.0,30.091648365929867,0.0,0.0,0.0,0.0,0.0,0.0,0.0,0.0,0.0,0.0,0.0,0.0 
 01/01  13:56:00,30.68,36.80537347038982,30.091198341360396,36.80537347038982,0.0,0.0,30.091198341360396,0.0,0.0,0.0,36.81134541646916,0.0,30.09142298479049,0.0,0.0,0.0,0.0,0.0,0.0,0.0,0.0,0.0,0.0,0.0,0.0 
 01/01  13:57:00,30.68,36.79941133384941,30.090974430651116,36.79941133384941,0.0,0.0,30.090974430651116,0.0,0.0,0.0,36.80537347038982,0.0,30.091198341360396,0.0,0.0,0.0,0.0,0.0,0.0,0.0,0.0,0.0,0.0,0.0,0.0 
 01/01  13:58:00,30.68,36.79345945600134,30.090751250939928,36.79345945600134,0.0,0.0,30.090751250939928,0.0,0.0,0.0,36.79941133384941,0.0,30.090974430651116,0.0,0.0,0.0,0.0,0.0,0.0,0.0,0.0,0.0,0.0,0.0,0.0 
 01/01  13:59:00,30.68,36.78751735451425,30.090528797921596,36.78751735451425,0.0,0.0,30.090528797921596,0.0,0.0,0.0,36.79345945600134,0.0,30.090751250939928,0.0,0.0,0.0,0.0,0.0,0.0,0.0,0.0,0.0,0.0,0.0,0.0 
 01/01  14:00:00,30.68,36.781585476999076,30.090307071993273,36.781585476999076,0.0,0.0,30.090307071993273,0.0,0.0,0.0,36.78751735451425,0.0,30.090528797921596,0.0,0.0,0.0,0.0,0.0,0.0,0.0,0.0,0.0,0.0,0.0,0.0,88387200.0 
 01/01  14:01:00,30.68,36.77566334277293,30.090086066148334,36.77566334277293,0.0,0.0,30.090086066148334,0.0,0.0,0.0,36.781585476999076,0.0,30.090307071993273,0.0,0.0,0.0,0.0,0.0,0.0,0.0,0.0,0.0,0.0,0.0,0.0 
 01/01  14:02:00,30.68,36.76975139791415,30.089865781337224,36.76975139791415,0.0,0.0,30.089865781337224,0.0,0.0,0.0,36.77566334277293,0.0,30.090086066148334,0.0,0.0,0.0,0.0,0.0,0.0,0.0,0.0,0.0,0.0,0.0,0.0 
 01/01  14:03:00,30.68,36.76384916338566,30.089646212721945,36.76384916338566,0.0,0.0,30.089646212721945,0.0,0.0,0.0,36.76975139791415,0.0,30.089865781337224,0.0,0.0,0.0,0.0,0.0,0.0,0.0,0.0,0.0,0.0,0.0,0.0 
 01/01  14:04:00,30.68,36.75795708373234,30.089427358544253,36.75795708373234,0.0,0.0,30.089427358544253,0.0,0.0,0.0,36.76384916338566,0.0,30.089646212721945,0.0,0.0,0.0,0.0,0.0,0.0,0.0,0.0,0.0,0.0,0.0,0.0 
 01/01  14:05:00,30.68,36.75207468155365,30.089209214655735,36.75207468155365,0.0,0.0,30.089209214655735,0.0,0.0,0.0,36.75795708373234,0.0,30.089427358544253,0.0,0.0,0.0,0.0,0.0,0.0,0.0,0.0,0.0,0.0,0.0,0.0 
 01/01  14:06:00,30.68,36.74620239987091,30.08899178144908,36.74620239987091,0.0,0.0,30.08899178144908,0.0,0.0,0.0,36.75207468155365,0.0,30.089209214655735,0.0,0.0,0.0,0.0,0.0,0.0,0.0,0.0,0.0,0.0,0.0,0.0 
 01/01  14:07:00,30.68,36.74033976291484,30.088775052035743,36.74033976291484,0.0,0.0,30.088775052035743,0.0,0.0,0.0,36.74620239987091,0.0,30.08899178144908,0.0,0.0,0.0,0.0,0.0,0.0,0.0,0.0,0.0,0.0,0.0,0.0 
 01/01  14:08:00,30.68,36.73448721218698,30.08855902736954,36.73448721218698,0.0,0.0,30.08855902736954,0.0,0.0,0.0,36.74033976291484,0.0,30.088775052035743,0.0,0.0,0.0,0.0,0.0,0.0,0.0,0.0,0.0,0.0,0.0,0.0 
 01/01  14:09:00,30.68,36.728644273543004,30.08834370275881,36.728644273543004,0.0,0.0,30.08834370275881,0.0,0.0,0.0,36.73448721218698,0.0,30.08855902736954,0.0,0.0,0.0,0.0,0.0,0.0,0.0,0.0,0.0,0.0,0.0,0.0 
 01/01  14:10:00,30.68,36.722811386966114,30.088129076414436,36.722811386966114,0.0,0.0,30.088129076414436,0.0,0.0,0.0,36.728644273543004,0.0,30.08834370275881,0.0,0.0,0.0,0.0,0.0,0.0,0.0,0.0,0.0,0.0,0.0,0.0 
 01/01  14:11:00,30.68,36.716988079935874,30.087915144340307,36.716988079935874,0.0,0.0,30.087915144340307,0.0,0.0,0.0,36.722811386966114,0.0,30.088129076414436,0.0,0.0,0.0,0.0,0.0,0.0,0.0,0.0,0.0,0.0,0.0,0.0 
 01/01  14:12:00,30.68,36.71117479092172,30.08770190692673,36.71117479092172,0.0,0.0,30.08770190692673,0.0,0.0,0.0,36.716988079935874,0.0,30.087915144340307,0.0,0.0,0.0,0.0,0.0,0.0,0.0,0.0,0.0,0.0,0.0,0.0 
 01/01  14:13:00,30.68,36.705371049017764,30.087489357402486,36.705371049017764,0.0,0.0,30.087489357402486,0.0,0.0,0.0,36.71117479092172,0.0,30.08770190692673,0.0,0.0,0.0,0.0,0.0,0.0,0.0,0.0,0.0,0.0,0.0,0.0 
 01/01  14:14:00,30.68,36.69957729118532,30.08727749672622,36.69957729118532,0.0,0.0,30.08727749672622,0.0,0.0,0.0,36.705371049017764,0.0,30.087489357402486,0.0,0.0,0.0,0.0,0.0,0.0,0.0,0.0,0.0,0.0,0.0,0.0 
 01/01  14:15:00,30.68,36.693793048129045,30.0870663203492,36.693793048129045,0.0,0.0,30.0870663203492,0.0,0.0,0.0,36.69957729118532,0.0,30.08727749672622,0.0,0.0,0.0,0.0,0.0,0.0,0.0,0.0,0.0,0.0,0.0,0.0 
 01/01  14:16:00,30.68,36.68801875531009,30.086855826456294,36.68801875531009,0.0,0.0,30.086855826456294,0.0,0.0,0.0,36.693793048129045,0.0,30.0870663203492,0.0,0.0,0.0,0.0,0.0,0.0,0.0,0.0,0.0,0.0,0.0,0.0 
 01/01  14:17:00,30.68,36.68225394503657,30.086646011199562,36.68225394503657,0.0,0.0,30.086646011199562,0.0,0.0,0.0,36.68801875531009,0.0,30.086855826456294,0.0,0.0,0.0,0.0,0.0,0.0,0.0,0.0,0.0,0.0,0.0,0.0 
 01/01  14:18:00,30.68,36.67649905126948,30.086436874968953,36.67649905126948,0.0,0.0,30.086436874968953,0.0,0.0,0.0,36.68225394503657,0.0,30.086646011199562,0.0,0.0,0.0,0.0,0.0,0.0,0.0,0.0,0.0,0.0,0.0,0.0 
 01/01  14:19:00,30.68,36.670753607918805,30.086228411109666,36.670753607918805,0.0,0.0,30.086228411109666,0.0,0.0,0.0,36.67649905126948,0.0,30.086436874968953,0.0,0.0,0.0,0.0,0.0,0.0,0.0,0.0,0.0,0.0,0.0,0.0 
 01/01  14:20:00,30.68,36.66501804744992,30.086020620586233,36.66501804744992,0.0,0.0,30.086020620586233,0.0,0.0,0.0,36.670753607918805,0.0,30.086228411109666,0.0,0.0,0.0,0.0,0.0,0.0,0.0,0.0,0.0,0.0,0.0,0.0 
 01/01  14:21:00,30.68,36.659291905363105,30.08581349898896,36.659291905363105,0.0,0.0,30.08581349898896,0.0,0.0,0.0,36.66501804744992,0.0,30.086020620586233,0.0,0.0,0.0,0.0,0.0,0.0,0.0,0.0,0.0,0.0,0.0,0.0 
 01/01  14:22:00,30.68,36.65357561263545,30.085607044480422,36.65357561263545,0.0,0.0,30.085607044480422,0.0,0.0,0.0,36.659291905363105,0.0,30.08581349898896,0.0,0.0,0.0,0.0,0.0,0.0,0.0,0.0,0.0,0.0,0.0,0.0 
 01/01  14:23:00,30.68,36.64786870636082,30.085401253355823,36.64786870636082,0.0,0.0,30.085401253355823,0.0,0.0,0.0,36.65357561263545,0.0,30.085607044480422,0.0,0.0,0.0,0.0,0.0,0.0,0.0,0.0,0.0,0.0,0.0,0.0 
 01/01  14:24:00,30.68,36.6421716160305,30.085196126005457,36.6421716160305,0.0,0.0,30.085196126005457,0.0,0.0,0.0,36.64786870636082,0.0,30.085401253355823,0.0,0.0,0.0,0.0,0.0,0.0,0.0,0.0,0.0,0.0,0.0,0.0 
 01/01  14:25:00,30.68,36.63648388032094,30.08499165588879,36.63648388032094,0.0,0.0,30.08499165588879,0.0,0.0,0.0,36.6421716160305,0.0,30.085196126005457,0.0,0.0,0.0,0.0,0.0,0.0,0.0,0.0,0.0,0.0,0.0,0.0 
 01/01  14:26:00,30.68,36.63080592724235,30.084787843976127,36.63080592724235,0.0,0.0,30.084787843976127,0.0,0.0,0.0,36.63648388032094,0.0,30.08499165588879,0.0,0.0,0.0,0.0,0.0,0.0,0.0,0.0,0.0,0.0,0.0,0.0 
 01/01  14:27:00,30.68,36.625137297049974,30.084584685992283,36.625137297049974,0.0,0.0,30.084584685992283,0.0,0.0,0.0,36.63080592724235,0.0,30.084787843976127,0.0,0.0,0.0,0.0,0.0,0.0,0.0,0.0,0.0,0.0,0.0,0.0 
 01/01  14:28:00,30.68,36.619478416278454,30.084382180080638,36.619478416278454,0.0,0.0,30.084382180080638,0.0,0.0,0.0,36.625137297049974,0.0,30.084584685992283,0.0,0.0,0.0,0.0,0.0,0.0,0.0,0.0,0.0,0.0,0.0,0.0 
 01/01  14:29:00,30.68,36.61382882675966,30.08418032267466,36.61382882675966,0.0,0.0,30.08418032267466,0.0,0.0,0.0,36.619478416278454,0.0,30.084382180080638,0.0,0.0,0.0,0.0,0.0,0.0,0.0,0.0,0.0,0.0,0.0,0.0 
 01/01  14:30:00,30.68,36.60818895355555,30.083979114165942,36.60818895355555,0.0,0.0,30.083979114165942,0.0,0.0,0.0,36.61382882675966,0.0,30.08418032267466,0.0,0.0,0.0,0.0,0.0,0.0,0.0,0.0,0.0,0.0,0.0,0.0 
 01/01  14:31:00,30.68,36.602558340062664,30.083778548126713,36.602558340062664,0.0,0.0,30.083778548126713,0.0,0.0,0.0,36.60818895355555,0.0,30.083979114165942,0.0,0.0,0.0,0.0,0.0,0.0,0.0,0.0,0.0,0.0,0.0,0.0 
 01/01  14:32:00,30.68,36.59693740987764,30.0835786255337,36.59693740987764,0.0,0.0,30.0835786255337,0.0,0.0,0.0,36.602558340062664,0.0,30.083778548126713,0.0,0.0,0.0,0.0,0.0,0.0,0.0,0.0,0.0,0.0,0.0,0.0 
 01/01  14:33:00,30.68,36.59132570796246,30.083379342242612,36.59132570796246,0.0,0.0,30.083379342242612,0.0,0.0,0.0,36.59693740987764,0.0,30.0835786255337,0.0,0.0,0.0,0.0,0.0,0.0,0.0,0.0,0.0,0.0,0.0,0.0 
 01/01  14:34:00,30.68,36.58572365645001,30.0831806963813,36.58572365645001,0.0,0.0,30.0831806963813,0.0,0.0,0.0,36.59132570796246,0.0,30.083379342242612,0.0,0.0,0.0,0.0,0.0,0.0,0.0,0.0,0.0,0.0,0.0,0.0 
 01/01  14:35:00,30.68,36.580130801862865,30.082982684517518,36.580130801862865,0.0,0.0,30.082982684517518,0.0,0.0,0.0,36.58572365645001,0.0,30.0831806963813,0.0,0.0,0.0,0.0,0.0,0.0,0.0,0.0,0.0,0.0,0.0,0.0 
 01/01  14:36:00,30.68,36.574547564880746,30.082785307045743,36.574547564880746,0.0,0.0,30.082785307045743,0.0,0.0,0.0,36.580130801862865,0.0,30.082982684517518,0.0,0.0,0.0,0.0,0.0,0.0,0.0,0.0,0.0,0.0,0.0,0.0 
 01/01  14:37:00,30.68,36.56897349357888,30.082588557649938,36.56897349357888,0.0,0.0,30.082588557649938,0.0,0.0,0.0,36.574547564880746,0.0,30.082785307045743,0.0,0.0,0.0,0.0,0.0,0.0,0.0,0.0,0.0,0.0,0.0,0.0 
 01/01  14:38:00,30.68,36.56340900718008,30.08239243731414,36.56340900718008,0.0,0.0,30.08239243731414,0.0,0.0,0.0,36.56897349357888,0.0,30.082588557649938,0.0,0.0,0.0,0.0,0.0,0.0,0.0,0.0,0.0,0.0,0.0,0.0 
 01/01  14:39:00,30.68,36.55785365530939,30.082196942021554,36.55785365530939,0.0,0.0,30.082196942021554,0.0,0.0,0.0,36.56340900718008,0.0,30.08239243731414,0.0,0.0,0.0,0.0,0.0,0.0,0.0,0.0,0.0,0.0,0.0,0.0 
 01/01  14:40:00,30.68,36.55230785574301,30.082002069887672,36.55230785574301,0.0,0.0,30.082002069887672,0.0,0.0,0.0,36.55785365530939,0.0,30.082196942021554,0.0,0.0,0.0,0.0,0.0,0.0,0.0,0.0,0.0,0.0,0.0,0.0 
 01/01  14:41:00,30.68,36.546771159650774,30.08180781760997,36.546771159650774,0.0,0.0,30.08180781760997,0.0,0.0,0.0,36.55230785574301,0.0,30.082002069887672,0.0,0.0,0.0,0.0,0.0,0.0,0.0,0.0,0.0,0.0,0.0,0.0 
 01/01  14:42:00,30.68,36.54124398336556,30.08161418558604,36.54124398336556,0.0,0.0,30.08161418558604,0.0,0.0,0.0,36.546771159650774,0.0,30.08180781760997,0.0,0.0,0.0,0.0,0.0,0.0,0.0,0.0,0.0,0.0,0.0,0.0 
 01/01  14:43:00,30.68,36.53572587959363,30.081421167608976,36.53572587959363,0.0,0.0,30.081421167608976,0.0,0.0,0.0,36.54124398336556,0.0,30.08161418558604,0.0,0.0,0.0,0.0,0.0,0.0,0.0,0.0,0.0,0.0,0.0,0.0 
 01/01  14:44:00,30.68,36.53021726323052,30.08122876466913,36.53021726323052,0.0,0.0,30.08122876466913,0.0,0.0,0.0,36.53572587959363,0.0,30.081421167608976,0.0,0.0,0.0,0.0,0.0,0.0,0.0,0.0,0.0,0.0,0.0,0.0 
 01/01  14:45:00,30.68,36.524717688518244,30.081036972871928,36.524717688518244,0.0,0.0,30.081036972871928,0.0,0.0,0.0,36.53021726323052,0.0,30.08122876466913,0.0,0.0,0.0,0.0,0.0,0.0,0.0,0.0,0.0,0.0,0.0,0.0 
 01/01  14:46:00,30.68,36.51922756891862,30.080845790321636,36.51922756891862,0.0,0.0,30.080845790321636,0.0,0.0,0.0,36.524717688518244,0.0,30.081036972871928,0.0,0.0,0.0,0.0,0.0,0.0,0.0,0.0,0.0,0.0,0.0,0.0 
 01/01  14:47:00,30.68,36.51374646020048,30.080655213839464,36.51374646020048,0.0,0.0,30.080655213839464,0.0,0.0,0.0,36.51922756891862,0.0,30.080845790321636,0.0,0.0,0.0,0.0,0.0,0.0,0.0,0.0,0.0,0.0,0.0,0.0 
 01/01  14:48:00,30.68,36.508274774397364,30.0804652438252,36.508274774397364,0.0,0.0,30.0804652438252,0.0,0.0,0.0,36.51374646020048,0.0,30.080655213839464,0.0,0.0,0.0,0.0,0.0,0.0,0.0,0.0,0.0,0.0,0.0,0.0 
 01/01  14:49:00,30.68,36.50281206880407,30.08027587417785,36.50281206880407,0.0,0.0,30.08027587417785,0.0,0.0,0.0,36.508274774397364,0.0,30.0804652438252,0.0,0.0,0.0,0.0,0.0,0.0,0.0,0.0,0.0,0.0,0.0,0.0 
 01/01  14:50:00,30.68,36.49735875402692,30.080087105892986,36.49735875402692,0.0,0.0,30.080087105892986,0.0,0.0,0.0,36.50281206880407,0.0,30.08027587417785,0.0,0.0,0.0,0.0,0.0,0.0,0.0,0.0,0.0,0.0,0.0,0.0 
 01/01  14:51:00,30.68,36.491914388881995,30.079898935193572,36.491914388881995,0.0,0.0,30.079898935193572,0.0,0.0,0.0,36.49735875402692,0.0,30.080087105892986,0.0,0.0,0.0,0.0,0.0,0.0,0.0,0.0,0.0,0.0,0.0,0.0 
 01/01  14:52:00,30.68,36.486479382553746,30.07971136017442,36.486479382553746,0.0,0.0,30.07971136017442,0.0,0.0,0.0,36.491914388881995,0.0,30.079898935193572,0.0,0.0,0.0,0.0,0.0,0.0,0.0,0.0,0.0,0.0,0.0,0.0 
 01/01  14:53:00,30.68,36.48105329537521,30.079524377775765,36.48105329537521,0.0,0.0,30.079524377775765,0.0,0.0,0.0,36.486479382553746,0.0,30.07971136017442,0.0,0.0,0.0,0.0,0.0,0.0,0.0,0.0,0.0,0.0,0.0,0.0 
 01/01  14:54:00,30.68,36.47563653511621,30.079337988399807,36.47563653511621,0.0,0.0,30.079337988399807,0.0,0.0,0.0,36.48105329537521,0.0,30.079524377775765,0.0,0.0,0.0,0.0,0.0,0.0,0.0,0.0,0.0,0.0,0.0,0.0 
 01/01  14:55:00,30.68,36.4702286636177,30.079152186049527,36.4702286636177,0.0,0.0,30.079152186049527,0.0,0.0,0.0,36.47563653511621,0.0,30.079337988399807,0.0,0.0,0.0,0.0,0.0,0.0,0.0,0.0,0.0,0.0,0.0,0.0 
 01/01  14:56:00,30.68,36.464830087239406,30.078966971725503,36.464830087239406,0.0,0.0,30.078966971725503,0.0,0.0,0.0,36.4702286636177,0.0,30.079152186049527,0.0,0.0,0.0,0.0,0.0,0.0,0.0,0.0,0.0,0.0,0.0,0.0 
 01/01  14:57:00,30.68,36.45944036932635,30.078782341764345,36.45944036932635,0.0,0.0,30.078782341764345,0.0,0.0,0.0,36.464830087239406,0.0,30.078966971725503,0.0,0.0,0.0,0.0,0.0,0.0,0.0,0.0,0.0,0.0,0.0,0.0 
 01/01  14:58:00,30.68,36.45405991483332,30.078598294253382,36.45405991483332,0.0,0.0,30.078598294253382,0.0,0.0,0.0,36.45944036932635,0.0,30.078782341764345,0.0,0.0,0.0,0.0,0.0,0.0,0.0,0.0,0.0,0.0,0.0,0.0 
 01/01  14:59:00,30.68,36.448688288607336,30.078414826247325,36.448688288607336,0.0,0.0,30.078414826247325,0.0,0.0,0.0,36.45405991483332,0.0,30.078598294253382,0.0,0.0,0.0,0.0,0.0,0.0,0.0,0.0,0.0,0.0,0.0,0.0 
 01/01  15:00:00,30.68,36.443325894196036,30.078231938150694,36.443325894196036,0.0,0.0,30.078231938150694,0.0,0.0,0.0,36.448688288607336,0.0,30.078414826247325,0.0,0.0,0.0,0.0,0.0,0.0,0.0,0.0,0.0,0.0,0.0,0.0,88387200.0 
 01/01  15:01:00,30.68,36.4379722979453,30.078049624068115,36.4379722979453,0.0,0.0,30.078049624068115,0.0,0.0,0.0,36.443325894196036,0.0,30.078231938150694,0.0,0.0,0.0,0.0,0.0,0.0,0.0,0.0,0.0,0.0,0.0,0.0 
 01/01  15:02:00,30.68,36.43262790200774,30.077867885004636,36.43262790200774,0.0,0.0,30.077867885004636,0.0,0.0,0.0,36.4379722979453,0.0,30.078049624068115,0.0,0.0,0.0,0.0,0.0,0.0,0.0,0.0,0.0,0.0,0.0,0.0 
 01/01  15:03:00,30.68,36.427292274218736,30.077686717406557,36.427292274218736,0.0,0.0,30.077686717406557,0.0,0.0,0.0,36.43262790200774,0.0,30.077867885004636,0.0,0.0,0.0,0.0,0.0,0.0,0.0,0.0,0.0,0.0,0.0,0.0 
 01/01  15:04:00,30.68,36.421965815339085,30.07750611935554,36.421965815339085,0.0,0.0,30.07750611935554,0.0,0.0,0.0,36.427292274218736,0.0,30.077686717406557,0.0,0.0,0.0,0.0,0.0,0.0,0.0,0.0,0.0,0.0,0.0,0.0 
 01/01  15:05:00,30.68,36.41664809468918,30.07732608801656,36.41664809468918,0.0,0.0,30.07732608801656,0.0,0.0,0.0,36.421965815339085,0.0,30.07750611935554,0.0,0.0,0.0,0.0,0.0,0.0,0.0,0.0,0.0,0.0,0.0,0.0 
 01/01  15:06:00,30.68,36.41133951164043,30.077146623796654,36.41133951164043,0.0,0.0,30.077146623796654,0.0,0.0,0.0,36.41664809468918,0.0,30.07732608801656,0.0,0.0,0.0,0.0,0.0,0.0,0.0,0.0,0.0,0.0,0.0,0.0 
 01/01  15:07:00,30.68,36.4060396369978,30.07696772090015,36.4060396369978,0.0,0.0,30.07696772090015,0.0,0.0,0.0,36.41133951164043,0.0,30.077146623796654,0.0,0.0,0.0,0.0,0.0,0.0,0.0,0.0,0.0,0.0,0.0,0.0 
 01/01  15:08:00,30.68,36.400748868747804,30.076789380336294,36.400748868747804,0.0,0.0,30.076789380336294,0.0,0.0,0.0,36.4060396369978,0.0,30.07696772090015,0.0,0.0,0.0,0.0,0.0,0.0,0.0,0.0,0.0,0.0,0.0,0.0 
 01/01  15:09:00,30.68,36.3954667791718,30.07661159865735,36.3954667791718,0.0,0.0,30.07661159865735,0.0,0.0,0.0,36.400748868747804,0.0,30.076789380336294,0.0,0.0,0.0,0.0,0.0,0.0,0.0,0.0,0.0,0.0,0.0,0.0 
 01/01  15:10:00,30.68,36.39019376487934,30.076434373940963,36.39019376487934,0.0,0.0,30.076434373940963,0.0,0.0,0.0,36.3954667791718,0.0,30.07661159865735,0.0,0.0,0.0,0.0,0.0,0.0,0.0,0.0,0.0,0.0,0.0,0.0 
 01/01  15:11:00,30.68,36.3849293996232,30.07625770345819,36.3849293996232,0.0,0.0,30.07625770345819,0.0,0.0,0.0,36.39019376487934,0.0,30.076434373940963,0.0,0.0,0.0,0.0,0.0,0.0,0.0,0.0,0.0,0.0,0.0,0.0 
 01/01  15:12:00,30.68,36.37967407863715,30.07608158761861,36.37967407863715,0.0,0.0,30.07608158761861,0.0,0.0,0.0,36.3849293996232,0.0,30.07625770345819,0.0,0.0,0.0,0.0,0.0,0.0,0.0,0.0,0.0,0.0,0.0,0.0 
 01/01  15:13:00,30.68,36.37442737714423,30.075906020724318,36.37442737714423,0.0,0.0,30.075906020724318,0.0,0.0,0.0,36.37967407863715,0.0,30.07608158761861,0.0,0.0,0.0,0.0,0.0,0.0,0.0,0.0,0.0,0.0,0.0,0.0 
 01/01  15:14:00,30.68,36.36918968900668,30.075731003788583,36.36918968900668,0.0,0.0,30.075731003788583,0.0,0.0,0.0,36.37442737714423,0.0,30.075906020724318,0.0,0.0,0.0,0.0,0.0,0.0,0.0,0.0,0.0,0.0,0.0,0.0 
 01/01  15:15:00,30.68,36.363960590909784,30.07555653346646,36.363960590909784,0.0,0.0,30.07555653346646,0.0,0.0,0.0,36.36918968900668,0.0,30.075731003788583,0.0,0.0,0.0,0.0,0.0,0.0,0.0,0.0,0.0,0.0,0.0,0.0 
 01/01  15:16:00,30.68,36.35874047535231,30.075382607833745,36.35874047535231,0.0,0.0,30.075382607833745,0.0,0.0,0.0,36.363960590909784,0.0,30.07555653346646,0.0,0.0,0.0,0.0,0.0,0.0,0.0,0.0,0.0,0.0,0.0,0.0 
 01/01  15:17:00,30.68,36.35352892047692,30.075209224264313,36.35352892047692,0.0,0.0,30.075209224264313,0.0,0.0,0.0,36.35874047535231,0.0,30.075382607833745,0.0,0.0,0.0,0.0,0.0,0.0,0.0,0.0,0.0,0.0,0.0,0.0 
 01/01  15:18:00,30.68,36.348326317417595,30.07503638317112,36.348326317417595,0.0,0.0,30.07503638317112,0.0,0.0,0.0,36.35352892047692,0.0,30.075209224264313,0.0,0.0,0.0,0.0,0.0,0.0,0.0,0.0,0.0,0.0,0.0,0.0 
 01/01  15:19:00,30.68,36.3431322457747,30.07486407895293,36.3431322457747,0.0,0.0,30.07486407895293,0.0,0.0,0.0,36.348326317417595,0.0,30.07503638317112,0.0,0.0,0.0,0.0,0.0,0.0,0.0,0.0,0.0,0.0,0.0,0.0 
 01/01  15:20:00,30.68,36.33794709532807,30.074692312627576,36.33794709532807,0.0,0.0,30.074692312627576,0.0,0.0,0.0,36.3431322457747,0.0,30.07486407895293,0.0,0.0,0.0,0.0,0.0,0.0,0.0,0.0,0.0,0.0,0.0,0.0 
 01/01  15:21:00,30.68,36.33277044712288,30.07452108095033,36.33277044712288,0.0,0.0,30.07452108095033,0.0,0.0,0.0,36.33794709532807,0.0,30.074692312627576,0.0,0.0,0.0,0.0,0.0,0.0,0.0,0.0,0.0,0.0,0.0,0.0 
 01/01  15:22:00,30.68,36.32760268958649,30.074350381997473,36.32760268958649,0.0,0.0,30.074350381997473,0.0,0.0,0.0,36.33277044712288,0.0,30.07452108095033,0.0,0.0,0.0,0.0,0.0,0.0,0.0,0.0,0.0,0.0,0.0,0.0 
 01/01  15:23:00,30.68,36.322443405212084,30.07418021324265,36.322443405212084,0.0,0.0,30.07418021324265,0.0,0.0,0.0,36.32760268958649,0.0,30.074350381997473,0.0,0.0,0.0,0.0,0.0,0.0,0.0,0.0,0.0,0.0,0.0,0.0 
 01/01  15:24:00,30.68,36.317292981078396,30.07401057510288,36.317292981078396,0.0,0.0,30.07401057510288,0.0,0.0,0.0,36.322443405212084,0.0,30.07418021324265,0.0,0.0,0.0,0.0,0.0,0.0,0.0,0.0,0.0,0.0,0.0,0.0 
 01/01  15:25:00,30.68,36.3121510011152,30.073841462072316,36.3121510011152,0.0,0.0,30.073841462072316,0.0,0.0,0.0,36.317292981078396,0.0,30.07401057510288,0.0,0.0,0.0,0.0,0.0,0.0,0.0,0.0,0.0,0.0,0.0,0.0 
 01/01  15:26:00,30.68,36.30701785106137,30.073672875173507,36.30701785106137,0.0,0.0,30.073672875173507,0.0,0.0,0.0,36.3121510011152,0.0,30.073841462072316,0.0,0.0,0.0,0.0,0.0,0.0,0.0,0.0,0.0,0.0,0.0,0.0 
 01/01  15:27:00,30.68,36.30189311628206,30.07350481125911,36.30189311628206,0.0,0.0,30.07350481125911,0.0,0.0,0.0,36.30701785106137,0.0,30.073672875173507,0.0,0.0,0.0,0.0,0.0,0.0,0.0,0.0,0.0,0.0,0.0,0.0 
 01/01  15:28:00,30.68,36.29677718117414,30.07333726840769,36.29677718117414,0.0,0.0,30.07333726840769,0.0,0.0,0.0,36.30189311628206,0.0,30.07350481125911,0.0,0.0,0.0,0.0,0.0,0.0,0.0,0.0,0.0,0.0,0.0,0.0 
 01/01  15:29:00,30.68,36.29166963253712,30.073170244189384,36.29166963253712,0.0,0.0,30.073170244189384,0.0,0.0,0.0,36.29677718117414,0.0,30.07333726840769,0.0,0.0,0.0,0.0,0.0,0.0,0.0,0.0,0.0,0.0,0.0,0.0 
 01/01  15:30:00,30.68,36.286570853433275,30.07300373902563,36.286570853433275,0.0,0.0,30.07300373902563,0.0,0.0,0.0,36.29166963253712,0.0,30.073170244189384,0.0,0.0,0.0,0.0,0.0,0.0,0.0,0.0,0.0,0.0,0.0,0.0 
 01/01  15:31:00,30.68,36.28148043208752,30.072837747504476,36.28148043208752,0.0,0.0,30.072837747504476,0.0,0.0,0.0,36.286570853433275,0.0,30.07300373902563,0.0,0.0,0.0,0.0,0.0,0.0,0.0,0.0,0.0,0.0,0.0,0.0 
 01/01  15:32:00,30.68,36.27639875023172,30.072672270653168,36.27639875023172,0.0,0.0,30.072672270653168,0.0,0.0,0.0,36.28148043208752,0.0,30.072837747504476,0.0,0.0,0.0,0.0,0.0,0.0,0.0,0.0,0.0,0.0,0.0,0.0 
 01/01  15:33:00,30.68,36.271325397512335,30.072507305418764,36.271325397512335,0.0,0.0,30.072507305418764,0.0,0.0,0.0,36.27639875023172,0.0,30.072672270653168,0.0,0.0,0.0,0.0,0.0,0.0,0.0,0.0,0.0,0.0,0.0,0.0 
 01/01  15:34:00,30.68,36.26626075433568,30.07234284988363,36.26626075433568,0.0,0.0,30.07234284988363,0.0,0.0,0.0,36.271325397512335,0.0,30.072507305418764,0.0,0.0,0.0,0.0,0.0,0.0,0.0,0.0,0.0,0.0,0.0,0.0 
 01/01  15:35:00,30.68,36.26120441176536,30.072178901710906,36.26120441176536,0.0,0.0,30.072178901710906,0.0,0.0,0.0,36.26626075433568,0.0,30.07234284988363,0.0,0.0,0.0,0.0,0.0,0.0,0.0,0.0,0.0,0.0,0.0,0.0 
 01/01  15:36:00,30.68,36.25615674888659,30.072015461326266,36.25615674888659,0.0,0.0,30.072015461326266,0.0,0.0,0.0,36.26120441176536,0.0,30.072178901710906,0.0,0.0,0.0,0.0,0.0,0.0,0.0,0.0,0.0,0.0,0.0,0.0 
 01/01  15:37:00,30.68,36.25111735817306,30.071852523409426,36.25111735817306,0.0,0.0,30.071852523409426,0.0,0.0,0.0,36.25615674888659,0.0,30.072015461326266,0.0,0.0,0.0,0.0,0.0,0.0,0.0,0.0,0.0,0.0,0.0,0.0 
 01/01  15:38:00,30.68,36.24608661739464,30.07169008899132,36.24608661739464,0.0,0.0,30.07169008899132,0.0,0.0,0.0,36.25111735817306,0.0,30.071852523409426,0.0,0.0,0.0,0.0,0.0,0.0,0.0,0.0,0.0,0.0,0.0,0.0 
 01/01  15:39:00,30.68,36.24106412043661,30.071528155109498,36.24106412043661,0.0,0.0,30.071528155109498,0.0,0.0,0.0,36.24608661739464,0.0,30.07169008899132,0.0,0.0,0.0,0.0,0.0,0.0,0.0,0.0,0.0,0.0,0.0,0.0 
 01/01  15:40:00,30.68,36.23605024375547,30.071366719850204,36.23605024375547,0.0,0.0,30.071366719850204,0.0,0.0,0.0,36.24106412043661,0.0,30.071528155109498,0.0,0.0,0.0,0.0,0.0,0.0,0.0,0.0,0.0,0.0,0.0,0.0 
 01/01  15:41:00,30.68,36.231044582636066,30.071205780964828,36.231044582636066,0.0,0.0,30.071205780964828,0.0,0.0,0.0,36.23605024375547,0.0,30.071366719850204,0.0,0.0,0.0,0.0,0.0,0.0,0.0,0.0,0.0,0.0,0.0,0.0 
 01/01  15:42:00,30.68,36.22604751222533,30.07104533888171,36.22604751222533,0.0,0.0,30.07104533888171,0.0,0.0,0.0,36.231044582636066,0.0,30.071205780964828,0.0,0.0,0.0,0.0,0.0,0.0,0.0,0.0,0.0,0.0,0.0,0.0 
 01/01  15:43:00,30.68,36.22105862920949,30.070885388368776,36.22105862920949,0.0,0.0,30.070885388368776,0.0,0.0,0.0,36.22604751222533,0.0,30.07104533888171,0.0,0.0,0.0,0.0,0.0,0.0,0.0,0.0,0.0,0.0,0.0,0.0 
 01/01  15:44:00,30.68,36.21607830743609,30.07072593045848,36.21607830743609,0.0,0.0,30.07072593045848,0.0,0.0,0.0,36.22105862920949,0.0,30.070885388368776,0.0,0.0,0.0,0.0,0.0,0.0,0.0,0.0,0.0,0.0,0.0,0.0 
 01/01  15:45:00,30.68,36.21110614498471,30.070566962273947,36.21110614498471,0.0,0.0,30.070566962273947,0.0,0.0,0.0,36.21607830743609,0.0,30.07072593045848,0.0,0.0,0.0,0.0,0.0,0.0,0.0,0.0,0.0,0.0,0.0,0.0 
 01/01  15:46:00,30.68,36.20614251439978,30.070408481904558,36.20614251439978,0.0,0.0,30.070408481904558,0.0,0.0,0.0,36.21110614498471,0.0,30.070566962273947,0.0,0.0,0.0,0.0,0.0,0.0,0.0,0.0,0.0,0.0,0.0,0.0 
 01/01  15:47:00,30.68,36.201187015151135,30.07025048718481,36.201187015151135,0.0,0.0,30.07025048718481,0.0,0.0,0.0,36.20614251439978,0.0,30.070408481904558,0.0,0.0,0.0,0.0,0.0,0.0,0.0,0.0,0.0,0.0,0.0,0.0 
 01/01  15:48:00,30.68,36.196240018487124,30.07009297854385,36.196240018487124,0.0,0.0,30.07009297854385,0.0,0.0,0.0,36.201187015151135,0.0,30.07025048718481,0.0,0.0,0.0,0.0,0.0,0.0,0.0,0.0,0.0,0.0,0.0,0.0 
 01/01  15:49:00,30.68,36.191301125264694,30.069935950834484,36.191301125264694,0.0,0.0,30.069935950834484,0.0,0.0,0.0,36.196240018487124,0.0,30.07009297854385,0.0,0.0,0.0,0.0,0.0,0.0,0.0,0.0,0.0,0.0,0.0,0.0 
 01/01  15:50:00,30.68,36.186370705443025,30.069779405088937,36.186370705443025,0.0,0.0,30.069779405088937,0.0,0.0,0.0,36.191301125264694,0.0,30.069935950834484,0.0,0.0,0.0,0.0,0.0,0.0,0.0,0.0,0.0,0.0,0.0,0.0 
 01/01  15:51:00,30.68,36.181448361257665,30.069623338511988,36.181448361257665,0.0,0.0,30.069623338511988,0.0,0.0,0.0,36.186370705443025,0.0,30.069779405088937,0.0,0.0,0.0,0.0,0.0,0.0,0.0,0.0,0.0,0.0,0.0,0.0 
 01/01  15:52:00,30.68,36.17653446138506,30.069467749196395,36.17653446138506,0.0,0.0,30.069467749196395,0.0,0.0,0.0,36.181448361257665,0.0,30.069623338511988,0.0,0.0,0.0,0.0,0.0,0.0,0.0,0.0,0.0,0.0,0.0,0.0 
 01/01  15:53:00,30.68,36.171628609434194,30.06931263505617,36.171628609434194,0.0,0.0,30.06931263505617,0.0,0.0,0.0,36.17653446138506,0.0,30.069467749196395,0.0,0.0,0.0,0.0,0.0,0.0,0.0,0.0,0.0,0.0,0.0,0.0 
 01/01  15:54:00,30.68,36.16673117279776,30.069157996520946,36.16673117279776,0.0,0.0,30.069157996520946,0.0,0.0,0.0,36.171628609434194,0.0,30.06931263505617,0.0,0.0,0.0,0.0,0.0,0.0,0.0,0.0,0.0,0.0,0.0,0.0 
 01/01  15:55:00,30.68,36.161841756460625,30.069003828526807,36.161841756460625,0.0,0.0,30.069003828526807,0.0,0.0,0.0,36.16673117279776,0.0,30.069157996520946,0.0,0.0,0.0,0.0,0.0,0.0,0.0,0.0,0.0,0.0,0.0,0.0 
 01/01  15:56:00,30.68,36.1569607265358,30.06885013210558,36.1569607265358,0.0,0.0,30.06885013210558,0.0,0.0,0.0,36.161841756460625,0.0,30.069003828526807,0.0,0.0,0.0,0.0,0.0,0.0,0.0,0.0,0.0,0.0,0.0,0.0 
 01/01  15:57:00,30.68,36.152087689373516,30.06869690454131,36.152087689373516,0.0,0.0,30.06869690454131,0.0,0.0,0.0,36.1569607265358,0.0,30.06885013210558,0.0,0.0,0.0,0.0,0.0,0.0,0.0,0.0,0.0,0.0,0.0,0.0 
 01/01  15:58:00,30.68,36.14722300981564,30.068544143931607,36.14722300981564,0.0,0.0,30.068544143931607,0.0,0.0,0.0,36.152087689373516,0.0,30.06869690454131,0.0,0.0,0.0,0.0,0.0,0.0,0.0,0.0,0.0,0.0,0.0,0.0 
 01/01  15:59:00,30.68,36.14236629557645,30.0683918482675,36.14236629557645,0.0,0.0,30.0683918482675,0.0,0.0,0.0,36.14722300981564,0.0,30.068544143931607,0.0,0.0,0.0,0.0,0.0,0.0,0.0,0.0,0.0,0.0,0.0,0.0 
 01/01  16:00:00,30.68,36.137517910226975,30.068240017979615,36.137517910226975,0.0,0.0,30.068240017979615,0.0,0.0,0.0,36.14236629557645,0.0,30.0683918482675,0.0,0.0,0.0,0.0,0.0,0.0,0.0,0.0,0.0,0.0,0.0,0.0,88387200.0 
 01/01  16:01:00,30.68,36.132677462838515,30.068088648086324,36.132677462838515,0.0,0.0,30.068088648086324,0.0,0.0,0.0,36.137517910226975,0.0,30.068240017979615,0.0,0.0,0.0,0.0,0.0,0.0,0.0,0.0,0.0,0.0,0.0,0.0 
 01/01  16:02:00,30.68,36.127845315722126,30.067937739619325,36.127845315722126,0.0,0.0,30.067937739619325,0.0,0.0,0.0,36.132677462838515,0.0,30.068088648086324,0.0,0.0,0.0,0.0,0.0,0.0,0.0,0.0,0.0,0.0,0.0,0.0 
 01/01  16:03:00,30.68,36.12302107930065,30.06778728993998,36.12302107930065,0.0,0.0,30.06778728993998,0.0,0.0,0.0,36.127845315722126,0.0,30.067937739619325,0.0,0.0,0.0,0.0,0.0,0.0,0.0,0.0,0.0,0.0,0.0,0.0 
 01/01  16:04:00,30.68,36.118205114622945,30.06763729715235,36.118205114622945,0.0,0.0,30.06763729715235,0.0,0.0,0.0,36.12302107930065,0.0,30.06778728993998,0.0,0.0,0.0,0.0,0.0,0.0,0.0,0.0,0.0,0.0,0.0,0.0 
 01/01  16:05:00,30.68,36.11339703346296,30.067487759322308,36.11339703346296,0.0,0.0,30.067487759322308,0.0,0.0,0.0,36.118205114622945,0.0,30.06763729715235,0.0,0.0,0.0,0.0,0.0,0.0,0.0,0.0,0.0,0.0,0.0,0.0 
 01/01  16:06:00,30.68,36.108597195612695,30.0673386768821,36.108597195612695,0.0,0.0,30.0673386768821,0.0,0.0,0.0,36.11339703346296,0.0,30.067487759322308,0.0,0.0,0.0,0.0,0.0,0.0,0.0,0.0,0.0,0.0,0.0,0.0 
 01/01  16:07:00,30.68,36.10380521419249,30.067190044931568,36.10380521419249,0.0,0.0,30.067190044931568,0.0,0.0,0.0,36.108597195612695,0.0,30.0673386768821,0.0,0.0,0.0,0.0,0.0,0.0,0.0,0.0,0.0,0.0,0.0,0.0 
 01/01  16:08:00,30.68,36.099021447741436,30.067041864502688,36.099021447741436,0.0,0.0,30.067041864502688,0.0,0.0,0.0,36.10380521419249,0.0,30.067190044931568,0.0,0.0,0.0,0.0,0.0,0.0,0.0,0.0,0.0,0.0,0.0,0.0 
 01/01  16:09:00,30.68,36.09424551071937,30.066894133032314,36.09424551071937,0.0,0.0,30.066894133032314,0.0,0.0,0.0,36.099021447741436,0.0,30.067041864502688,0.0,0.0,0.0,0.0,0.0,0.0,0.0,0.0,0.0,0.0,0.0,0.0 
 01/01  16:10:00,30.68,36.08947776042016,30.06674684863261,36.08947776042016,0.0,0.0,30.06674684863261,0.0,0.0,0.0,36.09424551071937,0.0,30.066894133032314,0.0,0.0,0.0,0.0,0.0,0.0,0.0,0.0,0.0,0.0,0.0,0.0 
 01/01  16:11:00,30.68,36.08471781264086,30.06660000944218,36.08471781264086,0.0,0.0,30.06660000944218,0.0,0.0,0.0,36.08947776042016,0.0,30.06674684863261,0.0,0.0,0.0,0.0,0.0,0.0,0.0,0.0,0.0,0.0,0.0,0.0 
 01/01  16:12:00,30.68,36.079966023430025,30.06645361589536,36.079966023430025,0.0,0.0,30.06645361589536,0.0,0.0,0.0,36.08471781264086,0.0,30.06660000944218,0.0,0.0,0.0,0.0,0.0,0.0,0.0,0.0,0.0,0.0,0.0,0.0 
 01/01  16:13:00,30.68,36.07522200991483,30.066307663172502,36.07522200991483,0.0,0.0,30.066307663172502,0.0,0.0,0.0,36.079966023430025,0.0,30.06645361589536,0.0,0.0,0.0,0.0,0.0,0.0,0.0,0.0,0.0,0.0,0.0,0.0 
 01/01  16:14:00,30.68,36.07048612690475,30.06616215230599,36.07048612690475,0.0,0.0,30.06616215230599,0.0,0.0,0.0,36.07522200991483,0.0,30.066307663172502,0.0,0.0,0.0,0.0,0.0,0.0,0.0,0.0,0.0,0.0,0.0,0.0 
 01/01  16:15:00,30.68,36.06575799285665,30.066017080806176,36.06575799285665,0.0,0.0,30.066017080806176,0.0,0.0,0.0,36.07048612690475,0.0,30.06616215230599,0.0,0.0,0.0,0.0,0.0,0.0,0.0,0.0,0.0,0.0,0.0,0.0 
 01/01  16:16:00,30.68,36.06103796134667,30.065872446794607,36.06103796134667,0.0,0.0,30.065872446794607,0.0,0.0,0.0,36.06575799285665,0.0,30.066017080806176,0.0,0.0,0.0,0.0,0.0,0.0,0.0,0.0,0.0,0.0,0.0,0.0 
 01/01  16:17:00,30.68,36.056325652149916,30.06572824848044,36.056325652149916,0.0,0.0,30.06572824848044,0.0,0.0,0.0,36.06103796134667,0.0,30.065872446794607,0.0,0.0,0.0,0.0,0.0,0.0,0.0,0.0,0.0,0.0,0.0,0.0 
 01/01  16:18:00,30.68,36.05162141761186,30.065584486300647,36.05162141761186,0.0,0.0,30.065584486300647,0.0,0.0,0.0,36.056325652149916,0.0,30.06572824848044,0.0,0.0,0.0,0.0,0.0,0.0,0.0,0.0,0.0,0.0,0.0,0.0 
 01/01  16:19:00,30.68,36.046924878829145,30.06544115551526,36.046924878829145,0.0,0.0,30.06544115551526,0.0,0.0,0.0,36.05162141761186,0.0,30.065584486300647,0.0,0.0,0.0,0.0,0.0,0.0,0.0,0.0,0.0,0.0,0.0,0.0 
 01/01  16:20:00,30.68,36.04223638692267,30.06529825715751,36.04223638692267,0.0,0.0,30.06529825715751,0.0,0.0,0.0,36.046924878829145,0.0,30.06544115551526,0.0,0.0,0.0,0.0,0.0,0.0,0.0,0.0,0.0,0.0,0.0,0.0 
 01/01  16:21:00,30.68,36.03755556430075,30.06515578880966,36.03755556430075,0.0,0.0,30.06515578880966,0.0,0.0,0.0,36.04223638692267,0.0,30.06529825715751,0.0,0.0,0.0,0.0,0.0,0.0,0.0,0.0,0.0,0.0,0.0,0.0 
 01/01  16:22:00,30.68,36.03288276085848,30.06501374860417,36.03288276085848,0.0,0.0,30.06501374860417,0.0,0.0,0.0,36.03755556430075,0.0,30.06515578880966,0.0,0.0,0.0,0.0,0.0,0.0,0.0,0.0,0.0,0.0,0.0,0.0 
 01/01  16:23:00,30.68,36.02821760031689,30.064872134818938,36.02821760031689,0.0,0.0,30.064872134818938,0.0,0.0,0.0,36.03288276085848,0.0,30.06501374860417,0.0,0.0,0.0,0.0,0.0,0.0,0.0,0.0,0.0,0.0,0.0,0.0 
 01/01  16:24:00,30.68,36.0235604313556,30.064730947894077,36.0235604313556,0.0,0.0,30.064730947894077,0.0,0.0,0.0,36.02821760031689,0.0,30.064872134818938,0.0,0.0,0.0,0.0,0.0,0.0,0.0,0.0,0.0,0.0,0.0,0.0 
 01/01  16:25:00,30.68,36.01891087899687,30.064590183168345,36.01891087899687,0.0,0.0,30.064590183168345,0.0,0.0,0.0,36.0235604313556,0.0,30.064730947894077,0.0,0.0,0.0,0.0,0.0,0.0,0.0,0.0,0.0,0.0,0.0,0.0 
 01/01  16:26:00,30.68,36.01426929070647,30.064449841675827,36.01426929070647,0.0,0.0,30.064449841675827,0.0,0.0,0.0,36.01891087899687,0.0,30.064590183168345,0.0,0.0,0.0,0.0,0.0,0.0,0.0,0.0,0.0,0.0,0.0,0.0 
 01/01  16:27:00,30.68,36.00963529281049,30.06430992106852,36.00963529281049,0.0,0.0,30.06430992106852,0.0,0.0,0.0,36.01426929070647,0.0,30.064449841675827,0.0,0.0,0.0,0.0,0.0,0.0,0.0,0.0,0.0,0.0,0.0,0.0 
 01/01  16:28:00,30.68,36.00500923156447,30.064170419490374,36.00500923156447,0.0,0.0,30.064170419490374,0.0,0.0,0.0,36.00963529281049,0.0,30.06430992106852,0.0,0.0,0.0,0.0,0.0,0.0,0.0,0.0,0.0,0.0,0.0,0.0 
 01/01  16:29:00,30.68,36.00039073458995,30.064031335285048,36.00039073458995,0.0,0.0,30.064031335285048,0.0,0.0,0.0,36.00500923156447,0.0,30.064170419490374,0.0,0.0,0.0,0.0,0.0,0.0,0.0,0.0,0.0,0.0,0.0,0.0 
 01/01  16:30:00,30.68,35.99578014693671,30.063892668894947,35.99578014693671,0.0,0.0,30.063892668894947,0.0,0.0,0.0,36.00039073458995,0.0,30.064031335285048,0.0,0.0,0.0,0.0,0.0,0.0,0.0,0.0,0.0,0.0,0.0,0.0 
 01/01  16:31:00,30.68,35.99117709751847,30.063754415735033,35.99117709751847,0.0,0.0,30.063754415735033,0.0,0.0,0.0,35.99578014693671,0.0,30.063892668894947,0.0,0.0,0.0,0.0,0.0,0.0,0.0,0.0,0.0,0.0,0.0,0.0 
 01/01  16:32:00,30.68,35.986581930186055,30.06361657683864,35.986581930186055,0.0,0.0,30.06361657683864,0.0,0.0,0.0,35.99117709751847,0.0,30.063754415735033,0.0,0.0,0.0,0.0,0.0,0.0,0.0,0.0,0.0,0.0,0.0,0.0 
 01/01  16:33:00,30.68,35.98199427513981,30.063479149923864,35.98199427513981,0.0,0.0,30.063479149923864,0.0,0.0,0.0,35.986581930186055,0.0,30.06361657683864,0.0,0.0,0.0,0.0,0.0,0.0,0.0,0.0,0.0,0.0,0.0,0.0 
 01/01  16:34:00,30.68,35.977414475030194,30.06334213314537,35.977414475030194,0.0,0.0,30.06334213314537,0.0,0.0,0.0,35.98199427513981,0.0,30.063479149923864,0.0,0.0,0.0,0.0,0.0,0.0,0.0,0.0,0.0,0.0,0.0,0.0 
 01/01  16:35:00,30.68,35.972842161341866,30.063205524908877,35.972842161341866,0.0,0.0,30.063205524908877,0.0,0.0,0.0,35.977414475030194,0.0,30.06334213314537,0.0,0.0,0.0,0.0,0.0,0.0,0.0,0.0,0.0,0.0,0.0,0.0 
 01/01  16:36:00,30.68,35.96827767553569,30.0630693256578,35.96827767553569,0.0,0.0,30.0630693256578,0.0,0.0,0.0,35.972842161341866,0.0,30.063205524908877,0.0,0.0,0.0,0.0,0.0,0.0,0.0,0.0,0.0,0.0,0.0,0.0 
 01/01  16:37:00,30.68,35.963720650374825,30.062933530881033,35.963720650374825,0.0,0.0,30.062933530881033,0.0,0.0,0.0,35.96827767553569,0.0,30.0630693256578,0.0,0.0,0.0,0.0,0.0,0.0,0.0,0.0,0.0,0.0,0.0,0.0 
 01/01  16:38:00,30.68,35.95917142613012,30.062798141610198,35.95917142613012,0.0,0.0,30.062798141610198,0.0,0.0,0.0,35.963720650374825,0.0,30.062933530881033,0.0,0.0,0.0,0.0,0.0,0.0,0.0,0.0,0.0,0.0,0.0,0.0 
 01/01  16:39:00,30.68,35.95462963683901,30.062663155626872,35.95462963683901,0.0,0.0,30.062663155626872,0.0,0.0,0.0,35.95917142613012,0.0,30.062798141610198,0.0,0.0,0.0,0.0,0.0,0.0,0.0,0.0,0.0,0.0,0.0,0.0 
 01/01  16:40:00,30.68,35.95009562158542,30.06252857109667,35.95009562158542,0.0,0.0,30.06252857109667,0.0,0.0,0.0,35.95462963683901,0.0,30.062663155626872,0.0,0.0,0.0,0.0,0.0,0.0,0.0,0.0,0.0,0.0,0.0,0.0 
 01/01  16:41:00,30.68,35.94556901567876,30.062394386484712,35.94556901567876,0.0,0.0,30.062394386484712,0.0,0.0,0.0,35.95009562158542,0.0,30.06252857109667,0.0,0.0,0.0,0.0,0.0,0.0,0.0,0.0,0.0,0.0,0.0,0.0 
 01/01  16:42:00,30.68,35.94105015702565,30.062260602234925,35.94105015702565,0.0,0.0,30.062260602234925,0.0,0.0,0.0,35.94556901567876,0.0,30.062394386484712,0.0,0.0,0.0,0.0,0.0,0.0,0.0,0.0,0.0,0.0,0.0,0.0 
 01/01  16:43:00,30.68,35.93653868220098,30.062127213908404,35.93653868220098,0.0,0.0,30.062127213908404,0.0,0.0,0.0,35.94105015702565,0.0,30.062260602234925,0.0,0.0,0.0,0.0,0.0,0.0,0.0,0.0,0.0,0.0,0.0,0.0 
 01/01  16:44:00,30.68,35.932034927931454,30.061994222534352,35.932034927931454,0.0,0.0,30.061994222534352,0.0,0.0,0.0,35.93653868220098,0.0,30.062127213908404,0.0,0.0,0.0,0.0,0.0,0.0,0.0,0.0,0.0,0.0,0.0,0.0 
 01/01  16:45:00,30.68,35.92753853205464,30.06186162595553,35.92753853205464,0.0,0.0,30.06186162595553,0.0,0.0,0.0,35.932034927931454,0.0,30.061994222534352,0.0,0.0,0.0,0.0,0.0,0.0,0.0,0.0,0.0,0.0,0.0,0.0 
 01/01  16:46:00,30.68,35.92304983012792,30.061729422348936,35.92304983012792,0.0,0.0,30.061729422348936,0.0,0.0,0.0,35.92753853205464,0.0,30.06186162595553,0.0,0.0,0.0,0.0,0.0,0.0,0.0,0.0,0.0,0.0,0.0,0.0 
 01/01  16:47:00,30.68,35.91856846124377,30.061597610236923,35.91856846124377,0.0,0.0,30.061597610236923,0.0,0.0,0.0,35.92304983012792,0.0,30.061729422348936,0.0,0.0,0.0,0.0,0.0,0.0,0.0,0.0,0.0,0.0,0.0,0.0 
 01/01  16:48:00,30.68,35.91409475979124,30.061466190064117,35.91409475979124,0.0,0.0,30.061466190064117,0.0,0.0,0.0,35.91856846124377,0.0,30.061597610236923,0.0,0.0,0.0,0.0,0.0,0.0,0.0,0.0,0.0,0.0,0.0,0.0 
 01/01  16:49:00,30.68,35.909628366116905,30.061335157462945,35.909628366116905,0.0,0.0,30.061335157462945,0.0,0.0,0.0,35.91409475979124,0.0,30.061466190064117,0.0,0.0,0.0,0.0,0.0,0.0,0.0,0.0,0.0,0.0,0.0,0.0 
 01/01  16:50:00,30.68,35.90516961344576,30.06120451346053,35.90516961344576,0.0,0.0,30.06120451346053,0.0,0.0,0.0,35.909628366116905,0.0,30.061335157462945,0.0,0.0,0.0,0.0,0.0,0.0,0.0,0.0,0.0,0.0,0.0,0.0 
 01/01  16:51:00,30.68,35.90071814337366,30.06107425595945,35.90071814337366,0.0,0.0,30.06107425595945,0.0,0.0,0.0,35.90516961344576,0.0,30.06120451346053,0.0,0.0,0.0,0.0,0.0,0.0,0.0,0.0,0.0,0.0,0.0,0.0 
 01/01  16:52:00,30.68,35.89627428796312,30.06094438314928,35.89627428796312,0.0,0.0,30.06094438314928,0.0,0.0,0.0,35.90071814337366,0.0,30.06107425595945,0.0,0.0,0.0,0.0,0.0,0.0,0.0,0.0,0.0,0.0,0.0,0.0 
 01/01  16:53:00,30.68,35.891837690056164,30.06081489360807,35.891837690056164,0.0,0.0,30.06081489360807,0.0,0.0,0.0,35.89627428796312,0.0,30.06094438314928,0.0,0.0,0.0,0.0,0.0,0.0,0.0,0.0,0.0,0.0,0.0,0.0 
 01/01  16:54:00,30.68,35.88740868056007,30.060685787781527,35.88740868056007,0.0,0.0,30.060685787781527,0.0,0.0,0.0,35.891837690056164,0.0,30.06081489360807,0.0,0.0,0.0,0.0,0.0,0.0,0.0,0.0,0.0,0.0,0.0,0.0 
 01/01  16:55:00,30.68,35.88298690355796,30.06055706137258,35.88298690355796,0.0,0.0,30.06055706137258,0.0,0.0,0.0,35.88740868056007,0.0,30.060685787781527,0.0,0.0,0.0,0.0,0.0,0.0,0.0,0.0,0.0,0.0,0.0,0.0 
 01/01  16:56:00,30.68,35.87857268880469,30.060428715406385,35.87857268880469,0.0,0.0,30.060428715406385,0.0,0.0,0.0,35.88298690355796,0.0,30.06055706137258,0.0,0.0,0.0,0.0,0.0,0.0,0.0,0.0,0.0,0.0,0.0,0.0 
 01/01  16:57:00,30.68,35.87416568161974,30.06030074784385,35.87416568161974,0.0,0.0,30.06030074784385,0.0,0.0,0.0,35.87857268880469,0.0,30.060428715406385,0.0,0.0,0.0,0.0,0.0,0.0,0.0,0.0,0.0,0.0,0.0,0.0 
 01/01  16:58:00,30.68,35.869766210607544,30.060173156888176,35.869766210607544,0.0,0.0,30.060173156888176,0.0,0.0,0.0,35.87416568161974,0.0,30.06030074784385,0.0,0.0,0.0,0.0,0.0,0.0,0.0,0.0,0.0,0.0,0.0,0.0 
 01/01  16:59:00,30.68,35.865373922318966,30.060045941171634,35.865373922318966,0.0,0.0,30.060045941171634,0.0,0.0,0.0,35.869766210607544,0.0,30.060173156888176,0.0,0.0,0.0,0.0,0.0,0.0,0.0,0.0,0.0,0.0,0.0,0.0 
 01/01  17:00:00,30.68,35.86098914421836,30.05991910114154,35.86098914421836,0.0,0.0,30.05991910114154,0.0,0.0,0.0,35.865373922318966,0.0,30.060045941171634,0.0,0.0,0.0,0.0,0.0,0.0,0.0,0.0,0.0,0.0,0.0,0.0,88387200.0 
 01/01  17:01:00,30.68,35.85661152408501,30.059792632570794,35.85661152408501,0.0,0.0,30.059792632570794,0.0,0.0,0.0,35.86098914421836,0.0,30.05991910114154,0.0,0.0,0.0,0.0,0.0,0.0,0.0,0.0,0.0,0.0,0.0,0.0 
 01/01  17:02:00,30.68,35.852241388240095,30.059666536483018,35.852241388240095,0.0,0.0,30.059666536483018,0.0,0.0,0.0,35.85661152408501,0.0,30.059792632570794,0.0,0.0,0.0,0.0,0.0,0.0,0.0,0.0,0.0,0.0,0.0,0.0 
 01/01  17:03:00,30.68,35.84787838568534,30.05954081089624,35.84787838568534,0.0,0.0,30.05954081089624,0.0,0.0,0.0,35.852241388240095,0.0,30.059666536483018,0.0,0.0,0.0,0.0,0.0,0.0,0.0,0.0,0.0,0.0,0.0,0.0 
 01/01  17:04:00,30.68,35.8435228416075,30.059415454028102,35.8435228416075,0.0,0.0,30.059415454028102,0.0,0.0,0.0,35.84787838568534,0.0,30.05954081089624,0.0,0.0,0.0,0.0,0.0,0.0,0.0,0.0,0.0,0.0,0.0,0.0 
 01/01  17:05:00,30.68,35.83917440622951,30.059290464563244,35.83917440622951,0.0,0.0,30.059290464563244,0.0,0.0,0.0,35.8435228416075,0.0,30.059415454028102,0.0,0.0,0.0,0.0,0.0,0.0,0.0,0.0,0.0,0.0,0.0,0.0 
 01/01  17:06:00,30.68,35.83483340360598,30.059165842950325,35.83483340360598,0.0,0.0,30.059165842950325,0.0,0.0,0.0,35.83917440622951,0.0,30.059290464563244,0.0,0.0,0.0,0.0,0.0,0.0,0.0,0.0,0.0,0.0,0.0,0.0 
 01/01  17:07:00,30.68,35.83049948517512,30.05904158503051,35.83049948517512,0.0,0.0,30.05904158503051,0.0,0.0,0.0,35.83483340360598,0.0,30.059165842950325,0.0,0.0,0.0,0.0,0.0,0.0,0.0,0.0,0.0,0.0,0.0,0.0 
 01/01  17:08:00,30.68,35.82617297385869,30.05891769182493,35.82617297385869,0.0,0.0,30.05891769182493,0.0,0.0,0.0,35.83049948517512,0.0,30.05904158503051,0.0,0.0,0.0,0.0,0.0,0.0,0.0,0.0,0.0,0.0,0.0,0.0 
 01/01  17:09:00,30.68,35.82185352230847,30.058794161406123,35.82185352230847,0.0,0.0,30.058794161406123,0.0,0.0,0.0,35.82617297385869,0.0,30.05891769182493,0.0,0.0,0.0,0.0,0.0,0.0,0.0,0.0,0.0,0.0,0.0,0.0 
 01/01  17:10:00,30.68,35.81754145232374,30.05867099200576,35.81754145232374,0.0,0.0,30.05867099200576,0.0,0.0,0.0,35.82185352230847,0.0,30.058794161406123,0.0,0.0,0.0,0.0,0.0,0.0,0.0,0.0,0.0,0.0,0.0,0.0 
 01/01  17:11:00,30.68,35.813236417764216,30.05854818235825,35.813236417764216,0.0,0.0,30.05854818235825,0.0,0.0,0.0,35.81754145232374,0.0,30.05867099200576,0.0,0.0,0.0,0.0,0.0,0.0,0.0,0.0,0.0,0.0,0.0,0.0 
 01/01  17:12:00,30.68,35.8089387393084,30.058425732912987,35.8089387393084,0.0,0.0,30.058425732912987,0.0,0.0,0.0,35.813236417764216,0.0,30.05854818235825,0.0,0.0,0.0,0.0,0.0,0.0,0.0,0.0,0.0,0.0,0.0,0.0 
 01/01  17:13:00,30.68,35.80464807201478,30.058303639577858,35.80464807201478,0.0,0.0,30.058303639577858,0.0,0.0,0.0,35.8089387393084,0.0,30.058425732912987,0.0,0.0,0.0,0.0,0.0,0.0,0.0,0.0,0.0,0.0,0.0,0.0 
 01/01  17:14:00,30.68,35.80036473544721,30.058181903371196,35.80036473544721,0.0,0.0,30.058181903371196,0.0,0.0,0.0,35.80464807201478,0.0,30.058303639577858,0.0,0.0,0.0,0.0,0.0,0.0,0.0,0.0,0.0,0.0,0.0,0.0 
 01/01  17:15:00,30.68,35.79608838586522,30.058060522418362,35.79608838586522,0.0,0.0,30.058060522418362,0.0,0.0,0.0,35.80036473544721,0.0,30.058181903371196,0.0,0.0,0.0,0.0,0.0,0.0,0.0,0.0,0.0,0.0,0.0,0.0 
 01/01  17:16:00,30.68,35.79181934171852,30.057939494965638,35.79181934171852,0.0,0.0,30.057939494965638,0.0,0.0,0.0,35.79608838586522,0.0,30.058060522418362,0.0,0.0,0.0,0.0,0.0,0.0,0.0,0.0,0.0,0.0,0.0,0.0 
 01/01  17:17:00,30.68,35.787557260462606,30.05781881979549,35.787557260462606,0.0,0.0,30.05781881979549,0.0,0.0,0.0,35.79181934171852,0.0,30.057939494965638,0.0,0.0,0.0,0.0,0.0,0.0,0.0,0.0,0.0,0.0,0.0,0.0 
 01/01  17:18:00,30.68,35.78330245943706,30.05769849735804,35.78330245943706,0.0,0.0,30.05769849735804,0.0,0.0,0.0,35.787557260462606,0.0,30.05781881979549,0.0,0.0,0.0,0.0,0.0,0.0,0.0,0.0,0.0,0.0,0.0,0.0 
 01/01  17:19:00,30.68,35.7790545972894,30.05757852362685,35.7790545972894,0.0,0.0,30.05757852362685,0.0,0.0,0.0,35.78330245943706,0.0,30.05769849735804,0.0,0.0,0.0,0.0,0.0,0.0,0.0,0.0,0.0,0.0,0.0,0.0 
 01/01  17:20:00,30.68,35.77481399025313,30.057458899617345,35.77481399025313,0.0,0.0,30.057458899617345,0.0,0.0,0.0,35.7790545972894,0.0,30.05757852362685,0.0,0.0,0.0,0.0,0.0,0.0,0.0,0.0,0.0,0.0,0.0,0.0 
 01/01  17:21:00,30.68,35.7705802981618,30.05733962350623,35.7705802981618,0.0,0.0,30.05733962350623,0.0,0.0,0.0,35.77481399025313,0.0,30.057458899617345,0.0,0.0,0.0,0.0,0.0,0.0,0.0,0.0,0.0,0.0,0.0,0.0 
 01/01  17:22:00,30.68,35.766353836151836,30.057220693555042,35.766353836151836,0.0,0.0,30.057220693555042,0.0,0.0,0.0,35.7705802981618,0.0,30.05733962350623,0.0,0.0,0.0,0.0,0.0,0.0,0.0,0.0,0.0,0.0,0.0,0.0 
 01/01  17:23:00,30.68,35.76213426523748,30.057102108593025,35.76213426523748,0.0,0.0,30.057102108593025,0.0,0.0,0.0,35.766353836151836,0.0,30.057220693555042,0.0,0.0,0.0,0.0,0.0,0.0,0.0,0.0,0.0,0.0,0.0,0.0 
 01/01  17:24:00,30.68,35.75792189945425,30.056983869071633,35.75792189945425,0.0,0.0,30.056983869071633,0.0,0.0,0.0,35.76213426523748,0.0,30.057102108593025,0.0,0.0,0.0,0.0,0.0,0.0,0.0,0.0,0.0,0.0,0.0,0.0 
 01/01  17:25:00,30.68,35.75371640099765,30.056865971029936,35.75371640099765,0.0,0.0,30.056865971029936,0.0,0.0,0.0,35.75792189945425,0.0,30.056983869071633,0.0,0.0,0.0,0.0,0.0,0.0,0.0,0.0,0.0,0.0,0.0,0.0 
 01/01  17:26:00,30.68,35.749518082812074,30.056748415481476,35.749518082812074,0.0,0.0,30.056748415481476,0.0,0.0,0.0,35.75371640099765,0.0,30.056865971029936,0.0,0.0,0.0,0.0,0.0,0.0,0.0,0.0,0.0,0.0,0.0,0.0 
 01/01  17:27:00,30.68,35.74532660826621,30.056631200654227,35.74532660826621,0.0,0.0,30.056631200654227,0.0,0.0,0.0,35.749518082812074,0.0,30.056748415481476,0.0,0.0,0.0,0.0,0.0,0.0,0.0,0.0,0.0,0.0,0.0,0.0 
 01/01  17:28:00,30.68,35.7411422892139,30.05651432482704,35.7411422892139,0.0,0.0,30.05651432482704,0.0,0.0,0.0,35.74532660826621,0.0,30.056631200654227,0.0,0.0,0.0,0.0,0.0,0.0,0.0,0.0,0.0,0.0,0.0,0.0 
 01/01  17:29:00,30.68,35.73696479019599,30.056397786875955,35.73696479019599,0.0,0.0,30.056397786875955,0.0,0.0,0.0,35.7411422892139,0.0,30.05651432482704,0.0,0.0,0.0,0.0,0.0,0.0,0.0,0.0,0.0,0.0,0.0,0.0 
 01/01  17:30:00,30.68,35.732794421979825,30.056281587255302,35.732794421979825,0.0,0.0,30.056281587255302,0.0,0.0,0.0,35.73696479019599,0.0,30.056397786875955,0.0,0.0,0.0,0.0,0.0,0.0,0.0,0.0,0.0,0.0,0.0,0.0 
 01/01  17:31:00,30.68,35.72863085027196,30.056165722069743,35.72863085027196,0.0,0.0,30.056165722069743,0.0,0.0,0.0,35.732794421979825,0.0,30.056281587255302,0.0,0.0,0.0,0.0,0.0,0.0,0.0,0.0,0.0,0.0,0.0,0.0 
 01/01  17:32:00,30.68,35.724474384759766,30.056050192331476,35.724474384759766,0.0,0.0,30.056050192331476,0.0,0.0,0.0,35.72863085027196,0.0,30.056165722069743,0.0,0.0,0.0,0.0,0.0,0.0,0.0,0.0,0.0,0.0,0.0,0.0 
 01/01  17:33:00,30.68,35.72032469231129,30.055934996318193,35.72032469231129,0.0,0.0,30.055934996318193,0.0,0.0,0.0,35.724474384759766,0.0,30.056050192331476,0.0,0.0,0.0,0.0,0.0,0.0,0.0,0.0,0.0,0.0,0.0,0.0 
 01/01  17:34:00,30.68,35.71618208153513,30.055820132325618,35.71618208153513,0.0,0.0,30.055820132325618,0.0,0.0,0.0,35.72032469231129,0.0,30.055934996318193,0.0,0.0,0.0,0.0,0.0,0.0,0.0,0.0,0.0,0.0,0.0,0.0 
 01/01  17:35:00,30.68,35.71204622045761,30.055705599273356,35.71204622045761,0.0,0.0,30.055705599273356,0.0,0.0,0.0,35.71618208153513,0.0,30.055820132325618,0.0,0.0,0.0,0.0,0.0,0.0,0.0,0.0,0.0,0.0,0.0,0.0 
 01/01  17:36:00,30.68,35.707917416615295,30.055591397616244,35.707917416615295,0.0,0.0,30.055591397616244,0.0,0.0,0.0,35.71204622045761,0.0,30.055705599273356,0.0,0.0,0.0,0.0,0.0,0.0,0.0,0.0,0.0,0.0,0.0,0.0 
 01/01  17:37:00,30.68,35.703795339187955,30.05547752352059,35.703795339187955,0.0,0.0,30.05547752352059,0.0,0.0,0.0,35.707917416615295,0.0,30.055591397616244,0.0,0.0,0.0,0.0,0.0,0.0,0.0,0.0,0.0,0.0,0.0,0.0 
 01/01  17:38:00,30.68,35.69968029464094,30.05536397799389,35.69968029464094,0.0,0.0,30.05536397799389,0.0,0.0,0.0,35.703795339187955,0.0,30.05547752352059,0.0,0.0,0.0,0.0,0.0,0.0,0.0,0.0,0.0,0.0,0.0,0.0 
 01/01  17:39:00,30.68,35.69557195330423,30.05525075935876,35.69557195330423,0.0,0.0,30.05525075935876,0.0,0.0,0.0,35.69968029464094,0.0,30.05536397799389,0.0,0.0,0.0,0.0,0.0,0.0,0.0,0.0,0.0,0.0,0.0,0.0 
 01/01  17:40:00,30.68,35.69147062057866,30.05513786592494,35.69147062057866,0.0,0.0,30.05513786592494,0.0,0.0,0.0,35.69557195330423,0.0,30.05525075935876,0.0,0.0,0.0,0.0,0.0,0.0,0.0,0.0,0.0,0.0,0.0,0.0 
 01/01  17:41:00,30.68,35.68737596793973,30.055025296651237,35.68737596793973,0.0,0.0,30.055025296651237,0.0,0.0,0.0,35.69147062057866,0.0,30.05513786592494,0.0,0.0,0.0,0.0,0.0,0.0,0.0,0.0,0.0,0.0,0.0,0.0 
 01/01  17:42:00,30.68,35.68328829972279,30.05491305199056,35.68328829972279,0.0,0.0,30.05491305199056,0.0,0.0,0.0,35.68737596793973,0.0,30.055025296651237,0.0,0.0,0.0,0.0,0.0,0.0,0.0,0.0,0.0,0.0,0.0,0.0 
 01/01  17:43:00,30.68,35.67921962554473,30.05480112816813,35.67921962554473,0.0,0.0,30.05480112816813,0.0,0.0,0.0,35.68328829972279,0.0,30.05491305199056,0.0,0.0,0.0,0.0,0.0,0.0,0.0,0.0,0.0,0.0,0.0,0.0 
 01/01  17:44:00,30.68,35.67518129085297,30.054689526185538,35.67518129085297,0.0,0.0,30.054689526185538,0.0,0.0,0.0,35.67921962554473,0.0,30.05480112816813,0.0,0.0,0.0,0.0,0.0,0.0,0.0,0.0,0.0,0.0,0.0,0.0 
 01/01  17:45:00,30.68,35.67117347251826,30.054578244408564,35.67117347251826,0.0,0.0,30.054578244408564,0.0,0.0,0.0,35.67518129085297,0.0,30.054689526185538,0.0,0.0,0.0,0.0,0.0,0.0,0.0,0.0,0.0,0.0,0.0,0.0 
 01/01  17:46:00,30.68,35.66719142021164,30.054467281161507,35.66719142021164,0.0,0.0,30.054467281161507,0.0,0.0,0.0,35.67117347251826,0.0,30.054578244408564,0.0,0.0,0.0,0.0,0.0,0.0,0.0,0.0,0.0,0.0,0.0,0.0 
 01/01  17:47:00,30.68,35.66322899259578,30.054356635441668,35.66322899259578,0.0,0.0,30.054356635441668,0.0,0.0,0.0,35.66719142021164,0.0,30.054467281161507,0.0,0.0,0.0,0.0,0.0,0.0,0.0,0.0,0.0,0.0,0.0,0.0 
 01/01  17:48:00,30.68,35.65928230644189,30.05424630770126,35.65928230644189,0.0,0.0,30.05424630770126,0.0,0.0,0.0,35.66322899259578,0.0,30.054356635441668,0.0,0.0,0.0,0.0,0.0,0.0,0.0,0.0,0.0,0.0,0.0,0.0 
 01/01  17:49:00,30.68,35.65534832288144,30.054136294224943,35.65534832288144,0.0,0.0,30.054136294224943,0.0,0.0,0.0,35.65928230644189,0.0,30.05424630770126,0.0,0.0,0.0,0.0,0.0,0.0,0.0,0.0,0.0,0.0,0.0,0.0 
 01/01  17:50:00,30.68,35.65142585623209,30.054026596010118,35.65142585623209,0.0,0.0,30.054026596010118,0.0,0.0,0.0,35.65534832288144,0.0,30.054136294224943,0.0,0.0,0.0,0.0,0.0,0.0,0.0,0.0,0.0,0.0,0.0,0.0 
 01/01  17:51:00,30.68,35.64751354502074,30.053917211466274,35.64751354502074,0.0,0.0,30.053917211466274,0.0,0.0,0.0,35.65142585623209,0.0,30.054026596010118,0.0,0.0,0.0,0.0,0.0,0.0,0.0,0.0,0.0,0.0,0.0,0.0 
 01/01  17:52:00,30.68,35.64361108861724,30.053808138934723,35.64361108861724,0.0,0.0,30.053808138934723,0.0,0.0,0.0,35.64751354502074,0.0,30.053917211466274,0.0,0.0,0.0,0.0,0.0,0.0,0.0,0.0,0.0,0.0,0.0,0.0 
 01/01  17:53:00,30.68,35.63971760585837,30.053699377451704,35.63971760585837,0.0,0.0,30.053699377451704,0.0,0.0,0.0,35.64361108861724,0.0,30.053808138934723,0.0,0.0,0.0,0.0,0.0,0.0,0.0,0.0,0.0,0.0,0.0,0.0 
 01/01  17:54:00,30.68,35.63583308664537,30.05359092747098,35.63583308664537,0.0,0.0,30.05359092747098,0.0,0.0,0.0,35.63971760585837,0.0,30.053699377451704,0.0,0.0,0.0,0.0,0.0,0.0,0.0,0.0,0.0,0.0,0.0,0.0 
 01/01  17:55:00,30.68,35.63195686806181,30.053482785337472,35.63195686806181,0.0,0.0,30.053482785337472,0.0,0.0,0.0,35.63583308664537,0.0,30.05359092747098,0.0,0.0,0.0,0.0,0.0,0.0,0.0,0.0,0.0,0.0,0.0,0.0 
 01/01  17:56:00,30.68,35.62808910245866,30.053374952046955,35.62808910245866,0.0,0.0,30.053374952046955,0.0,0.0,0.0,35.63195686806181,0.0,30.053482785337472,0.0,0.0,0.0,0.0,0.0,0.0,0.0,0.0,0.0,0.0,0.0,0.0 
 01/01  17:57:00,30.68,35.62422925672056,30.05326742605323,35.62422925672056,0.0,0.0,30.05326742605323,0.0,0.0,0.0,35.62808910245866,0.0,30.053374952046955,0.0,0.0,0.0,0.0,0.0,0.0,0.0,0.0,0.0,0.0,0.0,0.0 
 01/01  17:58:00,30.68,35.62037757337074,30.053160205718473,35.62037757337074,0.0,0.0,30.053160205718473,0.0,0.0,0.0,35.62422925672056,0.0,30.05326742605323,0.0,0.0,0.0,0.0,0.0,0.0,0.0,0.0,0.0,0.0,0.0,0.0 
 01/01  17:59:00,30.68,35.61653358918106,30.053053290119024,35.61653358918106,0.0,0.0,30.053053290119024,0.0,0.0,0.0,35.62037757337074,0.0,30.053160205718473,0.0,0.0,0.0,0.0,0.0,0.0,0.0,0.0,0.0,0.0,0.0,0.0 
 01/01  18:00:00,30.68,35.61269759182839,30.05294667971515,35.61269759182839,0.0,0.0,30.05294667971515,0.0,0.0,0.0,35.61653358918106,0.0,30.053053290119024,0.0,0.0,0.0,0.0,0.0,0.0,0.0,0.0,0.0,0.0,0.0,0.0,88387200.0 
 01/01  18:01:00,30.68,35.50369138400682,30.031745729237624,35.50369138400682,0.0,0.0,30.031745729237624,0.0,0.0,0.0,35.61269759182839,0.0,30.05294667971515,0.0,0.0,0.0,0.0,0.0,0.0,0.0,0.0,0.0,0.0,0.0,0.0 
 01/01  18:02:00,30.68,35.35188900353893,29.99879738519121,35.35188900353893,0.0,0.0,29.99879738519121,0.0,0.0,0.0,35.50369138400682,0.0,30.031745729237624,0.0,0.0,0.0,0.0,0.0,0.0,0.0,0.0,0.0,0.0,0.0,0.0 
 01/01  18:03:00,30.68,35.21470682325589,29.964036451443338,35.21470682325589,0.0,0.0,29.964036451443338,0.0,0.0,0.0,35.35188900353893,0.0,29.99879738519121,0.0,0.0,0.0,0.0,0.0,0.0,0.0,0.0,0.0,0.0,0.0,0.0 
 01/01  18:04:00,30.68,35.11131971521633,29.931955015135323,35.11131971521633,0.0,0.0,29.931955015135323,0.0,0.0,0.0,35.21470682325589,0.0,29.964036451443338,0.0,0.0,0.0,0.0,0.0,0.0,0.0,0.0,0.0,0.0,0.0,0.0 
 01/01  18:05:00,30.68,35.03810151309544,29.903414994463517,35.03810151309544,0.0,0.0,29.903414994463517,0.0,0.0,0.0,35.11131971521633,0.0,29.931955015135323,0.0,0.0,0.0,0.0,0.0,0.0,0.0,0.0,0.0,0.0,0.0,0.0 
 01/01  18:06:00,30.68,34.98534021750179,29.877974727793514,34.98534021750179,0.0,0.0,29.877974727793514,0.0,0.0,0.0,35.03810151309544,0.0,29.903414994463517,0.0,0.0,0.0,0.0,0.0,0.0,0.0,0.0,0.0,0.0,0.0,0.0 
 01/01  18:07:00,30.68,34.94517816732208,29.855056737346235,34.94517816732208,0.0,0.0,29.855056737346235,0.0,0.0,0.0,34.98534021750179,0.0,29.877974727793514,0.0,0.0,0.0,0.0,0.0,0.0,0.0,0.0,0.0,0.0,0.0,0.0 
 01/01  18:08:00,30.68,34.91295630283208,29.834255995780563,34.91295630283208,0.0,0.0,29.834255995780563,0.0,0.0,0.0,34.94517816732208,0.0,29.855056737346235,0.0,0.0,0.0,0.0,0.0,0.0,0.0,0.0,0.0,0.0,0.0,0.0 
 01/01  18:09:00,30.68,34.88619936629257,29.815317994899175,34.88619936629257,0.0,0.0,29.815317994899175,0.0,0.0,0.0,34.91295630283208,0.0,29.834255995780563,0.0,0.0,0.0,0.0,0.0,0.0,0.0,0.0,0.0,0.0,0.0,0.0 
 01/01  18:10:00,30.68,34.8635256583865,29.79806272653207,34.8635256583865,0.0,0.0,29.79806272653207,0.0,0.0,0.0,34.88619936629257,0.0,29.815317994899175,0.0,0.0,0.0,0.0,0.0,0.0,0.0,0.0,0.0,0.0,0.0,0.0 
 01/01  18:11:00,30.68,34.843998293541404,29.782338947040675,34.843998293541404,0.0,0.0,29.782338947040675,0.0,0.0,0.0,34.8635256583865,0.0,29.79806272653207,0.0,0.0,0.0,0.0,0.0,0.0,0.0,0.0,0.0,0.0,0.0,0.0 
 01/01  18:12:00,30.68,34.82690209074129,29.76800782704008,34.82690209074129,0.0,0.0,29.76800782704008,0.0,0.0,0.0,34.843998293541404,0.0,29.782338947040675,0.0,0.0,0.0,0.0,0.0,0.0,0.0,0.0,0.0,0.0,0.0,0.0 
 01/01  18:13:00,30.68,34.81165890484272,29.754940600548014,34.81165890484272,0.0,0.0,29.754940600548014,0.0,0.0,0.0,34.82690209074129,0.0,29.76800782704008,0.0,0.0,0.0,0.0,0.0,0.0,0.0,0.0,0.0,0.0,0.0,0.0 
 01/01  18:14:00,30.68,34.79782513626904,29.743018977436115,34.79782513626904,0.0,0.0,29.743018977436115,0.0,0.0,0.0,34.81165890484272,0.0,29.754940600548014,0.0,0.0,0.0,0.0,0.0,0.0,0.0,0.0,0.0,0.0,0.0,0.0 
 01/01  18:15:00,30.68,34.785058097804445,29.732135517405105,34.785058097804445,0.0,0.0,29.732135517405105,0.0,0.0,0.0,34.79782513626904,0.0,29.743018977436115,0.0,0.0,0.0,0.0,0.0,0.0,0.0,0.0,0.0,0.0,0.0,0.0 
 01/01  18:16:00,30.68,34.77310836750199,29.72219319493548,34.77310836750199,0.0,0.0,29.72219319493548,0.0,0.0,0.0,34.785058097804445,0.0,29.732135517405105,0.0,0.0,0.0,0.0,0.0,0.0,0.0,0.0,0.0,0.0,0.0,0.0 
 01/01  18:17:00,30.68,34.761785048860716,29.713104296300976,34.761785048860716,0.0,0.0,29.713104296300976,0.0,0.0,0.0,34.77310836750199,0.0,29.72219319493548,0.0,0.0,0.0,0.0,0.0,0.0,0.0,0.0,0.0,0.0,0.0,0.0 
 01/01  18:18:00,30.68,34.75095047845078,29.70478962999827,34.75095047845078,0.0,0.0,29.70478962999827,0.0,0.0,0.0,34.761785048860716,0.0,29.713104296300976,0.0,0.0,0.0,0.0,0.0,0.0,0.0,0.0,0.0,0.0,0.0,0.0 
 01/01  18:19:00,30.68,34.74049629107027,29.697177483780884,34.74049629107027,0.0,0.0,29.697177483780884,0.0,0.0,0.0,34.75095047845078,0.0,29.70478962999827,0.0,0.0,0.0,0.0,0.0,0.0,0.0,0.0,0.0,0.0,0.0,0.0 
 01/01  18:20:00,30.68,34.7303446422375,29.69020306654301,34.7303446422375,0.0,0.0,29.69020306654301,0.0,0.0,0.0,34.74049629107027,0.0,29.697177483780884,0.0,0.0,0.0,0.0,0.0,0.0,0.0,0.0,0.0,0.0,0.0,0.0 
 01/01  18:21:00,30.68,34.72043223373336,29.683807595276708,34.72043223373336,0.0,0.0,29.683807595276708,0.0,0.0,0.0,34.7303446422375,0.0,29.69020306654301,0.0,0.0,0.0,0.0,0.0,0.0,0.0,0.0,0.0,0.0,0.0,0.0 
 01/01  18:22:00,30.68,34.71071448225806,29.677937961697015,34.71071448225806,0.0,0.0,29.677937961697015,0.0,0.0,0.0,34.72043223373336,0.0,29.683807595276708,0.0,0.0,0.0,0.0,0.0,0.0,0.0,0.0,0.0,0.0,0.0,0.0 
 01/01  18:23:00,30.68,34.7011536975596,29.672545945667736,34.7011536975596,0.0,0.0,29.672545945667736,0.0,0.0,0.0,34.71071448225806,0.0,29.677937961697015,0.0,0.0,0.0,0.0,0.0,0.0,0.0,0.0,0.0,0.0,0.0,0.0 
 01/01  18:24:00,30.68,34.69172426079089,29.667587999771655,34.69172426079089,0.0,0.0,29.667587999771655,0.0,0.0,0.0,34.7011536975596,0.0,29.672545945667736,0.0,0.0,0.0,0.0,0.0,0.0,0.0,0.0,0.0,0.0,0.0,0.0 
 01/01  18:25:00,30.68,34.68240322751068,29.663024501583603,34.68240322751068,0.0,0.0,29.663024501583603,0.0,0.0,0.0,34.69172426079089,0.0,29.667587999771655,0.0,0.0,0.0,0.0,0.0,0.0,0.0,0.0,0.0,0.0,0.0,0.0 
 01/01  18:26:00,30.68,34.67317584286194,29.658819719620446,34.67317584286194,0.0,0.0,29.658819719620446,0.0,0.0,0.0,34.68240322751068,0.0,29.663024501583603,0.0,0.0,0.0,0.0,0.0,0.0,0.0,0.0,0.0,0.0,0.0,0.0 
 01/01  18:27:00,30.68,34.66402770661814,29.65494110605804,34.66402770661814,0.0,0.0,29.65494110605804,0.0,0.0,0.0,34.67317584286194,0.0,29.658819719620446,0.0,0.0,0.0,0.0,0.0,0.0,0.0,0.0,0.0,0.0,0.0,0.0 
 01/01  18:28:00,30.68,34.654950319983556,29.65135928199813,34.654950319983556,0.0,0.0,29.65135928199813,0.0,0.0,0.0,34.66402770661814,0.0,29.65494110605804,0.0,0.0,0.0,0.0,0.0,0.0,0.0,0.0,0.0,0.0,0.0,0.0 
 01/01  18:29:00,30.68,34.64593428850894,29.64804748583887,34.64593428850894,0.0,0.0,29.64804748583887,0.0,0.0,0.0,34.654950319983556,0.0,29.65135928199813,0.0,0.0,0.0,0.0,0.0,0.0,0.0,0.0,0.0,0.0,0.0,0.0 
 01/01  18:30:00,30.68,34.63697474669749,29.644981594013743,34.63697474669749,0.0,0.0,29.644981594013743,0.0,0.0,0.0,34.64593428850894,0.0,29.64804748583887,0.0,0.0,0.0,0.0,0.0,0.0,0.0,0.0,0.0,0.0,0.0,0.0 
 01/01  18:31:00,30.68,34.628065275804346,29.64213954031819,34.628065275804346,0.0,0.0,29.64213954031819,0.0,0.0,0.0,34.63697474669749,0.0,29.644981594013743,0.0,0.0,0.0,0.0,0.0,0.0,0.0,0.0,0.0,0.0,0.0,0.0 
 01/01  18:32:00,30.68,34.61920314006818,29.639501494456884,34.61920314006818,0.0,0.0,29.639501494456884,0.0,0.0,0.0,34.628065275804346,0.0,29.64213954031819,0.0,0.0,0.0,0.0,0.0,0.0,0.0,0.0,0.0,0.0,0.0,0.0 
 01/01  18:33:00,30.68,34.61038372051169,29.637049301039454,34.61038372051169,0.0,0.0,29.637049301039454,0.0,0.0,0.0,34.61920314006818,0.0,29.639501494456884,0.0,0.0,0.0,0.0,0.0,0.0,0.0,0.0,0.0,0.0,0.0,0.0 
 01/01  18:34:00,30.68,34.60160554223573,29.634766604887158,34.60160554223573,0.0,0.0,29.634766604887158,0.0,0.0,0.0,34.61038372051169,0.0,29.637049301039454,0.0,0.0,0.0,0.0,0.0,0.0,0.0,0.0,0.0,0.0,0.0,0.0 
 01/01  18:35:00,30.68,34.59286509820054,29.632638445784156,34.59286509820054,0.0,0.0,29.632638445784156,0.0,0.0,0.0,34.60160554223573,0.0,29.634766604887158,0.0,0.0,0.0,0.0,0.0,0.0,0.0,0.0,0.0,0.0,0.0,0.0 
 01/01  18:36:00,30.68,34.58416166849191,29.630651382137525,34.58416166849191,0.0,0.0,29.630651382137525,0.0,0.0,0.0,34.59286509820054,0.0,29.632638445784156,0.0,0.0,0.0,0.0,0.0,0.0,0.0,0.0,0.0,0.0,0.0,0.0 
 01/01  18:37:00,30.68,34.57549245132894,29.628793030547598,34.57549245132894,0.0,0.0,29.628793030547598,0.0,0.0,0.0,34.58416166849191,0.0,29.630651382137525,0.0,0.0,0.0,0.0,0.0,0.0,0.0,0.0,0.0,0.0,0.0,0.0 
 01/01  18:38:00,30.68,34.56685718483276,29.627052323667716,34.56685718483276,0.0,0.0,29.627052323667716,0.0,0.0,0.0,34.57549245132894,0.0,29.628793030547598,0.0,0.0,0.0,0.0,0.0,0.0,0.0,0.0,0.0,0.0,0.0,0.0 
 01/01  18:39:00,30.68,34.5582535289428,29.625419058156773,34.5582535289428,0.0,0.0,29.625419058156773,0.0,0.0,0.0,34.56685718483276,0.0,29.627052323667716,0.0,0.0,0.0,0.0,0.0,0.0,0.0,0.0,0.0,0.0,0.0,0.0 
 01/01  18:40:00,30.68,34.54968150384333,29.62388407320226,34.54968150384333,0.0,0.0,29.62388407320226,0.0,0.0,0.0,34.5582535289428,0.0,29.625419058156773,0.0,0.0,0.0,0.0,0.0,0.0,0.0,0.0,0.0,0.0,0.0,0.0 
 01/01  18:41:00,30.68,34.54113908299334,29.622438941457407,34.54113908299334,0.0,0.0,29.622438941457407,0.0,0.0,0.0,34.54968150384333,0.0,29.62388407320226,0.0,0.0,0.0,0.0,0.0,0.0,0.0,0.0,0.0,0.0,0.0,0.0 
 01/01  18:42:00,30.68,34.53262646320043,29.621076129905994,34.53262646320043,0.0,0.0,29.621076129905994,0.0,0.0,0.0,34.54113908299334,0.0,29.622438941457407,0.0,0.0,0.0,0.0,0.0,0.0,0.0,0.0,0.0,0.0,0.0,0.0 
 01/01  18:43:00,30.68,34.524141839525925,29.61978862816735,34.524141839525925,0.0,0.0,29.61978862816735,0.0,0.0,0.0,34.53262646320043,0.0,29.621076129905994,0.0,0.0,0.0,0.0,0.0,0.0,0.0,0.0,0.0,0.0,0.0,0.0 
 01/01  18:44:00,30.68,34.51568552140206,29.61857022345567,34.51568552140206,0.0,0.0,29.61857022345567,0.0,0.0,0.0,34.524141839525925,0.0,29.61978862816735,0.0,0.0,0.0,0.0,0.0,0.0,0.0,0.0,0.0,0.0,0.0,0.0 
 01/01  18:45:00,30.68,34.5072558671413,29.61741513101922,34.5072558671413,0.0,0.0,29.61741513101922,0.0,0.0,0.0,34.51568552140206,0.0,29.61857022345567,0.0,0.0,0.0,0.0,0.0,0.0,0.0,0.0,0.0,0.0,0.0,0.0 
 01/01  18:46:00,30.68,34.49885325936096,29.616318184085213,34.49885325936096,0.0,0.0,29.616318184085213,0.0,0.0,0.0,34.5072558671413,0.0,29.61741513101922,0.0,0.0,0.0,0.0,0.0,0.0,0.0,0.0,0.0,0.0,0.0,0.0 
 01/01  18:47:00,30.68,34.49047618156884,29.615274591315472,34.49047618156884,0.0,0.0,29.615274591315472,0.0,0.0,0.0,34.49885325936096,0.0,29.616318184085213,0.0,0.0,0.0,0.0,0.0,0.0,0.0,0.0,0.0,0.0,0.0,0.0 
 01/01  18:48:00,30.68,34.48212506484204,29.61428010312002,34.48212506484204,0.0,0.0,29.61428010312002,0.0,0.0,0.0,34.49047618156884,0.0,29.615274591315472,0.0,0.0,0.0,0.0,0.0,0.0,0.0,0.0,0.0,0.0,0.0,0.0 
 01/01  18:49:00,30.68,34.47379849228664,29.613330706899546,34.47379849228664,0.0,0.0,29.613330706899546,0.0,0.0,0.0,34.48212506484204,0.0,29.61428010312002,0.0,0.0,0.0,0.0,0.0,0.0,0.0,0.0,0.0,0.0,0.0,0.0 
 01/01  18:50:00,30.68,34.46549692763514,29.612422891230448,34.46549692763514,0.0,0.0,29.612422891230448,0.0,0.0,0.0,34.47379849228664,0.0,29.613330706899546,0.0,0.0,0.0,0.0,0.0,0.0,0.0,0.0,0.0,0.0,0.0,0.0 
 01/01  18:51:00,30.68,34.45721903577235,29.61155333969853,34.45721903577235,0.0,0.0,29.61155333969853,0.0,0.0,0.0,34.46549692763514,0.0,29.612422891230448,0.0,0.0,0.0,0.0,0.0,0.0,0.0,0.0,0.0,0.0,0.0,0.0 
 01/01  18:52:00,30.68,34.44896530276985,29.61071911299954,34.44896530276985,0.0,0.0,29.61071911299954,0.0,0.0,0.0,34.45721903577235,0.0,29.61155333969853,0.0,0.0,0.0,0.0,0.0,0.0,0.0,0.0,0.0,0.0,0.0,0.0 
 01/01  18:53:00,30.68,34.440734462453996,29.609917454422266,34.440734462453996,0.0,0.0,29.609917454422266,0.0,0.0,0.0,34.44896530276985,0.0,29.61071911299954,0.0,0.0,0.0,0.0,0.0,0.0,0.0,0.0,0.0,0.0,0.0,0.0 
 01/01  18:54:00,30.68,34.432527016334724,29.60914594707742,34.432527016334724,0.0,0.0,29.60914594707742,0.0,0.0,0.0,34.440734462453996,0.0,29.609917454422266,0.0,0.0,0.0,0.0,0.0,0.0,0.0,0.0,0.0,0.0,0.0,0.0 
 01/01  18:55:00,30.68,34.424341757604815,29.608402260627592,34.424341757604815,0.0,0.0,29.608402260627592,0.0,0.0,0.0,34.432527016334724,0.0,29.60914594707742,0.0,0.0,0.0,0.0,0.0,0.0,0.0,0.0,0.0,0.0,0.0,0.0 
 01/01  18:56:00,30.68,34.41617919850423,29.60768439356154,34.41617919850423,0.0,0.0,29.60768439356154,0.0,0.0,0.0,34.424341757604815,0.0,29.608402260627592,0.0,0.0,0.0,0.0,0.0,0.0,0.0,0.0,0.0,0.0,0.0,0.0 
 01/01  18:57:00,30.68,34.40803818420724,29.606990416475025,34.40803818420724,0.0,0.0,29.606990416475025,0.0,0.0,0.0,34.41617919850423,0.0,29.60768439356154,0.0,0.0,0.0,0.0,0.0,0.0,0.0,0.0,0.0,0.0,0.0,0.0 
 01/01  18:58:00,30.68,34.39991923437283,29.606318638387663,34.39991923437283,0.0,0.0,29.606318638387663,0.0,0.0,0.0,34.40803818420724,0.0,29.606990416475025,0.0,0.0,0.0,0.0,0.0,0.0,0.0,0.0,0.0,0.0,0.0,0.0 
 01/01  18:59:00,30.68,34.391821240300644,29.60566744816559,34.391821240300644,0.0,0.0,29.60566744816559,0.0,0.0,0.0,34.39991923437283,0.0,29.606318638387663,0.0,0.0,0.0,0.0,0.0,0.0,0.0,0.0,0.0,0.0,0.0,0.0 
 01/01  19:00:00,30.68,34.38374472670567,29.60503545685435,34.38374472670567,0.0,0.0,29.60503545685435,0.0,0.0,0.0,34.391821240300644,0.0,29.60566744816559,0.0,0.0,0.0,0.0,0.0,0.0,0.0,0.0,0.0,0.0,0.0,0.0,49104000.0 
 01/01  19:01:00,30.68,34.375688626237356,29.60442128471259,34.375688626237356,0.0,0.0,29.60442128471259,0.0,0.0,0.0,34.38374472670567,0.0,29.60503545685435,0.0,0.0,0.0,0.0,0.0,0.0,0.0,0.0,0.0,0.0,0.0,0.0 
 01/01  19:02:00,30.68,34.36765346693353,29.603823778472524,34.36765346693353,0.0,0.0,29.603823778472524,0.0,0.0,0.0,34.375688626237356,0.0,29.60442128471259,0.0,0.0,0.0,0.0,0.0,0.0,0.0,0.0,0.0,0.0,0.0,0.0 
 01/01  19:03:00,30.68,34.35963821882373,29.603241793742953,34.35963821882373,0.0,0.0,29.603241793742953,0.0,0.0,0.0,34.36765346693353,0.0,29.603823778472524,0.0,0.0,0.0,0.0,0.0,0.0,0.0,0.0,0.0,0.0,0.0,0.0 
 01/01  19:04:00,30.68,34.35164341197666,29.60267434320464,34.35164341197666,0.0,0.0,29.60267434320464,0.0,0.0,0.0,34.35963821882373,0.0,29.603241793742953,0.0,0.0,0.0,0.0,0.0,0.0,0.0,0.0,0.0,0.0,0.0,0.0 
 01/01  19:05:00,30.68,34.34366805043405,29.60212046571743,34.34366805043405,0.0,0.0,29.60212046571743,0.0,0.0,0.0,34.35164341197666,0.0,29.60267434320464,0.0,0.0,0.0,0.0,0.0,0.0,0.0,0.0,0.0,0.0,0.0,0.0 
 01/01  19:06:00,30.68,34.33571266532097,29.6015793522689,34.33571266532097,0.0,0.0,29.6015793522689,0.0,0.0,0.0,34.34366805043405,0.0,29.60212046571743,0.0,0.0,0.0,0.0,0.0,0.0,0.0,0.0,0.0,0.0,0.0,0.0 
 01/01  19:07:00,30.68,34.32777629179763,29.601050165055806,34.32777629179763,0.0,0.0,29.601050165055806,0.0,0.0,0.0,34.33571266532097,0.0,29.6015793522689,0.0,0.0,0.0,0.0,0.0,0.0,0.0,0.0,0.0,0.0,0.0,0.0 
 01/01  19:08:00,30.68,34.31985946129051,29.60053223031345,34.31985946129051,0.0,0.0,29.60053223031345,0.0,0.0,0.0,34.32777629179763,0.0,29.601050165055806,0.0,0.0,0.0,0.0,0.0,0.0,0.0,0.0,0.0,0.0,0.0,0.0 
 01/01  19:09:00,30.68,34.311961237555415,29.600024852088897,34.311961237555415,0.0,0.0,29.600024852088897,0.0,0.0,0.0,34.31985946129051,0.0,29.60053223031345,0.0,0.0,0.0,0.0,0.0,0.0,0.0,0.0,0.0,0.0,0.0,0.0 
 01/01  19:10:00,30.68,34.30408215173885,29.59952744263008,34.30408215173885,0.0,0.0,29.59952744263008,0.0,0.0,0.0,34.311961237555415,0.0,29.600024852088897,0.0,0.0,0.0,0.0,0.0,0.0,0.0,0.0,0.0,0.0,0.0,0.0 
 01/01  19:11:00,30.68,34.2962212939779,29.599039413313577,34.2962212939779,0.0,0.0,29.599039413313577,0.0,0.0,0.0,34.30408215173885,0.0,29.59952744263008,0.0,0.0,0.0,0.0,0.0,0.0,0.0,0.0,0.0,0.0,0.0,0.0 
 01/01  19:12:00,30.68,34.28837919468043,29.59856028475964,34.28837919468043,0.0,0.0,29.59856028475964,0.0,0.0,0.0,34.2962212939779,0.0,29.599039413313577,0.0,0.0,0.0,0.0,0.0,0.0,0.0,0.0,0.0,0.0,0.0,0.0 
 01/01  19:13:00,30.68,34.28055496839597,29.598089531751892,34.28055496839597,0.0,0.0,29.598089531751892,0.0,0.0,0.0,34.28837919468043,0.0,29.59856028475964,0.0,0.0,0.0,0.0,0.0,0.0,0.0,0.0,0.0,0.0,0.0,0.0 
 01/01  19:14:00,30.68,34.27274914442851,29.597626753744695,34.27274914442851,0.0,0.0,29.597626753744695,0.0,0.0,0.0,34.28055496839597,0.0,29.598089531751892,0.0,0.0,0.0,0.0,0.0,0.0,0.0,0.0,0.0,0.0,0.0,0.0 
 01/01  19:15:00,30.68,34.2649608599929,29.59717151410043,34.2649608599929,0.0,0.0,29.59717151410043,0.0,0.0,0.0,34.27274914442851,0.0,29.597626753744695,0.0,0.0,0.0,0.0,0.0,0.0,0.0,0.0,0.0,0.0,0.0,0.0 
 01/01  19:16:00,30.68,34.257190642997294,29.59672345413293,34.257190642997294,0.0,0.0,29.59672345413293,0.0,0.0,0.0,34.2649608599929,0.0,29.59717151410043,0.0,0.0,0.0,0.0,0.0,0.0,0.0,0.0,0.0,0.0,0.0,0.0 
 01/01  19:17:00,30.68,34.24943765174104,29.59628220154549,34.24943765174104,0.0,0.0,29.59628220154549,0.0,0.0,0.0,34.257190642997294,0.0,29.59672345413293,0.0,0.0,0.0,0.0,0.0,0.0,0.0,0.0,0.0,0.0,0.0,0.0 
 01/01  19:18:00,30.68,34.24170241251699,29.59584746612661,34.24170241251699,0.0,0.0,29.59584746612661,0.0,0.0,0.0,34.24943765174104,0.0,29.59628220154549,0.0,0.0,0.0,0.0,0.0,0.0,0.0,0.0,0.0,0.0,0.0,0.0 
 01/01  19:19:00,30.68,34.23398410328854,29.595418905756045,34.23398410328854,0.0,0.0,29.595418905756045,0.0,0.0,0.0,34.24170241251699,0.0,29.59584746612661,0.0,0.0,0.0,0.0,0.0,0.0,0.0,0.0,0.0,0.0,0.0,0.0 
 01/01  19:20:00,30.68,34.22628324853915,29.594996277174918,34.22628324853915,0.0,0.0,29.594996277174918,0.0,0.0,0.0,34.23398410328854,0.0,29.595418905756045,0.0,0.0,0.0,0.0,0.0,0.0,0.0,0.0,0.0,0.0,0.0,0.0 
 01/01  19:21:00,30.68,34.21859904461149,29.594579296122337,34.21859904461149,0.0,0.0,29.594579296122337,0.0,0.0,0.0,34.22628324853915,0.0,29.594996277174918,0.0,0.0,0.0,0.0,0.0,0.0,0.0,0.0,0.0,0.0,0.0,0.0 
 01/01  19:22:00,30.68,34.21093201403138,29.594167736881783,34.21093201403138,0.0,0.0,29.594167736881783,0.0,0.0,0.0,34.21859904461149,0.0,29.594579296122337,0.0,0.0,0.0,0.0,0.0,0.0,0.0,0.0,0.0,0.0,0.0,0.0 
 01/01  19:23:00,30.68,34.203281370357224,29.593761354968702,34.203281370357224,0.0,0.0,29.593761354968702,0.0,0.0,0.0,34.21093201403138,0.0,29.594167736881783,0.0,0.0,0.0,0.0,0.0,0.0,0.0,0.0,0.0,0.0,0.0,0.0 
 01/01  19:24:00,30.68,34.195647634038885,29.593359970093406,34.195647634038885,0.0,0.0,29.593359970093406,0.0,0.0,0.0,34.203281370357224,0.0,29.593761354968702,0.0,0.0,0.0,0.0,0.0,0.0,0.0,0.0,0.0,0.0,0.0,0.0 
 01/01  19:25:00,30.68,34.1880300347751,29.59296334955814,34.1880300347751,0.0,0.0,29.59296334955814,0.0,0.0,0.0,34.195647634038885,0.0,29.593359970093406,0.0,0.0,0.0,0.0,0.0,0.0,0.0,0.0,0.0,0.0,0.0,0.0 
 01/01  19:26:00,30.68,34.180429090851625,29.592571341862552,34.180429090851625,0.0,0.0,29.592571341862552,0.0,0.0,0.0,34.1880300347751,0.0,29.59296334955814,0.0,0.0,0.0,0.0,0.0,0.0,0.0,0.0,0.0,0.0,0.0,0.0 
 01/01  19:27:00,30.68,34.17284404713284,29.592183754162384,34.17284404713284,0.0,0.0,29.592183754162384,0.0,0.0,0.0,34.180429090851625,0.0,29.592571341862552,0.0,0.0,0.0,0.0,0.0,0.0,0.0,0.0,0.0,0.0,0.0,0.0 
 01/01  19:28:00,30.68,34.16527541966542,29.591800439190873,34.16527541966542,0.0,0.0,29.591800439190873,0.0,0.0,0.0,34.17284404713284,0.0,29.592183754162384,0.0,0.0,0.0,0.0,0.0,0.0,0.0,0.0,0.0,0.0,0.0,0.0 
 01/01  19:29:00,30.68,34.15772246758057,29.591421229670967,34.15772246758057,0.0,0.0,29.591421229670967,0.0,0.0,0.0,34.16527541966542,0.0,29.591800439190873,0.0,0.0,0.0,0.0,0.0,0.0,0.0,0.0,0.0,0.0,0.0,0.0 
 01/01  19:30:00,30.68,34.15018570462269,29.591046010219316,34.15018570462269,0.0,0.0,29.591046010219316,0.0,0.0,0.0,34.15772246758057,0.0,29.591421229670967,0.0,0.0,0.0,0.0,0.0,0.0,0.0,0.0,0.0,0.0,0.0,0.0 
 01/01  19:31:00,30.68,34.142664403379676,29.59067461521936,34.142664403379676,0.0,0.0,29.59067461521936,0.0,0.0,0.0,34.15018570462269,0.0,29.591046010219316,0.0,0.0,0.0,0.0,0.0,0.0,0.0,0.0,0.0,0.0,0.0,0.0 
 01/01  19:32:00,30.68,34.13515907525272,29.590306947616646,34.13515907525272,0.0,0.0,29.590306947616646,0.0,0.0,0.0,34.142664403379676,0.0,29.59067461521936,0.0,0.0,0.0,0.0,0.0,0.0,0.0,0.0,0.0,0.0,0.0,0.0 
 01/01  19:33:00,30.68,34.12766900551873,29.58994287086011,34.12766900551873,0.0,0.0,29.58994287086011,0.0,0.0,0.0,34.13515907525272,0.0,29.590306947616646,0.0,0.0,0.0,0.0,0.0,0.0,0.0,0.0,0.0,0.0,0.0,0.0 
 01/01  19:34:00,30.68,34.120194703199324,29.589582284932423,34.120194703199324,0.0,0.0,29.589582284932423,0.0,0.0,0.0,34.12766900551873,0.0,29.58994287086011,0.0,0.0,0.0,0.0,0.0,0.0,0.0,0.0,0.0,0.0,0.0,0.0 
 01/01  19:35:00,30.68,34.11273546556659,29.589225070495008,34.11273546556659,0.0,0.0,29.589225070495008,0.0,0.0,0.0,34.120194703199324,0.0,29.589582284932423,0.0,0.0,0.0,0.0,0.0,0.0,0.0,0.0,0.0,0.0,0.0,0.0 
 01/01  19:36:00,30.68,34.10529179924156,29.58887115127027,34.10529179924156,0.0,0.0,29.58887115127027,0.0,0.0,0.0,34.11273546556659,0.0,29.589225070495008,0.0,0.0,0.0,0.0,0.0,0.0,0.0,0.0,0.0,0.0,0.0,0.0 
 01/01  19:37:00,30.68,34.097863012850894,29.58852040406179,34.097863012850894,0.0,0.0,29.58852040406179,0.0,0.0,0.0,34.10529179924156,0.0,29.58887115127027,0.0,0.0,0.0,0.0,0.0,0.0,0.0,0.0,0.0,0.0,0.0,0.0 
 01/01  19:38:00,30.68,34.09044961059663,29.58817276480859,34.09044961059663,0.0,0.0,29.58817276480859,0.0,0.0,0.0,34.097863012850894,0.0,29.58852040406179,0.0,0.0,0.0,0.0,0.0,0.0,0.0,0.0,0.0,0.0,0.0,0.0 
 01/01  19:39:00,30.68,34.083050911854805,29.58782813272916,34.083050911854805,0.0,0.0,29.58782813272916,0.0,0.0,0.0,34.09044961059663,0.0,29.58817276480859,0.0,0.0,0.0,0.0,0.0,0.0,0.0,0.0,0.0,0.0,0.0,0.0 
 01/01  19:40:00,30.68,34.07566741840155,29.587486436997196,34.07566741840155,0.0,0.0,29.587486436997196,0.0,0.0,0.0,34.083050911854805,0.0,29.58782813272916,0.0,0.0,0.0,0.0,0.0,0.0,0.0,0.0,0.0,0.0,0.0,0.0 
 01/01  19:41:00,30.68,34.06829845981622,29.587147589025015,34.06829845981622,0.0,0.0,29.587147589025015,0.0,0.0,0.0,34.07566741840155,0.0,29.587486436997196,0.0,0.0,0.0,0.0,0.0,0.0,0.0,0.0,0.0,0.0,0.0,0.0 
 01/01  19:42:00,30.68,34.06094453544445,29.586811536680642,34.06094453544445,0.0,0.0,29.586811536680642,0.0,0.0,0.0,34.06829845981622,0.0,29.587147589025015,0.0,0.0,0.0,0.0,0.0,0.0,0.0,0.0,0.0,0.0,0.0,0.0 
 01/01  19:43:00,30.68,34.05360498455153,29.586478184573654,34.05360498455153,0.0,0.0,29.586478184573654,0.0,0.0,0.0,34.06094453544445,0.0,29.586811536680642,0.0,0.0,0.0,0.0,0.0,0.0,0.0,0.0,0.0,0.0,0.0,0.0 
 01/01  19:44:00,30.68,34.046280304050775,29.586147489148725,34.046280304050775,0.0,0.0,29.586147489148725,0.0,0.0,0.0,34.05360498455153,0.0,29.586478184573654,0.0,0.0,0.0,0.0,0.0,0.0,0.0,0.0,0.0,0.0,0.0,0.0 
 01/01  19:45:00,30.68,34.03896984242379,29.58581937318236,34.03896984242379,0.0,0.0,29.58581937318236,0.0,0.0,0.0,34.046280304050775,0.0,29.586147489148725,0.0,0.0,0.0,0.0,0.0,0.0,0.0,0.0,0.0,0.0,0.0,0.0 
 01/01  19:46:00,30.68,34.03167409415672,29.58549378443392,34.03167409415672,0.0,0.0,29.58549378443392,0.0,0.0,0.0,34.03896984242379,0.0,29.58581937318236,0.0,0.0,0.0,0.0,0.0,0.0,0.0,0.0,0.0,0.0,0.0,0.0 
 01/01  19:47:00,30.68,34.02439241650069,29.58517065477621,34.02439241650069,0.0,0.0,29.58517065477621,0.0,0.0,0.0,34.03167409415672,0.0,29.58549378443392,0.0,0.0,0.0,0.0,0.0,0.0,0.0,0.0,0.0,0.0,0.0,0.0 
 01/01  19:48:00,30.68,34.017125301523464,29.58484994741912,34.017125301523464,0.0,0.0,29.58484994741912,0.0,0.0,0.0,34.02439241650069,0.0,29.58517065477621,0.0,0.0,0.0,0.0,0.0,0.0,0.0,0.0,0.0,0.0,0.0,0.0 
 01/01  19:49:00,30.68,34.00987211483509,29.584531585925962,34.00987211483509,0.0,0.0,29.584531585925962,0.0,0.0,0.0,34.017125301523464,0.0,29.58484994741912,0.0,0.0,0.0,0.0,0.0,0.0,0.0,0.0,0.0,0.0,0.0,0.0 
 01/01  19:50:00,30.68,34.002633346096246,29.584215539862253,34.002633346096246,0.0,0.0,29.584215539862253,0.0,0.0,0.0,34.00987211483509,0.0,29.584531585925962,0.0,0.0,0.0,0.0,0.0,0.0,0.0,0.0,0.0,0.0,0.0,0.0 
 01/01  19:51:00,30.68,33.995408368892015,29.583901748129925,33.995408368892015,0.0,0.0,29.583901748129925,0.0,0.0,0.0,34.002633346096246,0.0,29.584215539862253,0.0,0.0,0.0,0.0,0.0,0.0,0.0,0.0,0.0,0.0,0.0,0.0 
 01/01  19:52:00,30.68,33.98819767048879,29.583590170730197,33.98819767048879,0.0,0.0,29.583590170730197,0.0,0.0,0.0,33.995408368892015,0.0,29.583901748129925,0.0,0.0,0.0,0.0,0.0,0.0,0.0,0.0,0.0,0.0,0.0,0.0 
 01/01  19:53:00,30.68,33.98100063208856,29.583280753685855,33.98100063208856,0.0,0.0,29.583280753685855,0.0,0.0,0.0,33.98819767048879,0.0,29.583590170730197,0.0,0.0,0.0,0.0,0.0,0.0,0.0,0.0,0.0,0.0,0.0,0.0 
 01/01  19:54:00,30.68,33.973817738575455,29.582973470271526,33.973817738575455,0.0,0.0,29.582973470271526,0.0,0.0,0.0,33.98100063208856,0.0,29.583280753685855,0.0,0.0,0.0,0.0,0.0,0.0,0.0,0.0,0.0,0.0,0.0,0.0 
 01/01  19:55:00,30.68,33.96664837843267,29.582668257497197,33.96664837843267,0.0,0.0,29.582668257497197,0.0,0.0,0.0,33.973817738575455,0.0,29.582973470271526,0.0,0.0,0.0,0.0,0.0,0.0,0.0,0.0,0.0,0.0,0.0,0.0 
 01/01  19:56:00,30.68,33.959493034188284,29.582365093596874,33.959493034188284,0.0,0.0,29.582365093596874,0.0,0.0,0.0,33.96664837843267,0.0,29.582668257497197,0.0,0.0,0.0,0.0,0.0,0.0,0.0,0.0,0.0,0.0,0.0,0.0 
 01/01  19:57:00,30.68,33.95235110129326,29.58206392894864,33.95235110129326,0.0,0.0,29.58206392894864,0.0,0.0,0.0,33.959493034188284,0.0,29.582365093596874,0.0,0.0,0.0,0.0,0.0,0.0,0.0,0.0,0.0,0.0,0.0,0.0 
 01/01  19:58:00,30.68,33.94522305992886,29.581764731914443,33.94522305992886,0.0,0.0,29.581764731914443,0.0,0.0,0.0,33.95235110129326,0.0,29.58206392894864,0.0,0.0,0.0,0.0,0.0,0.0,0.0,0.0,0.0,0.0,0.0,0.0 
 01/01  19:59:00,30.68,33.938108312226596,29.58146745868427,33.938108312226596,0.0,0.0,29.58146745868427,0.0,0.0,0.0,33.94522305992886,0.0,29.581764731914443,0.0,0.0,0.0,0.0,0.0,0.0,0.0,0.0,0.0,0.0,0.0,0.0 
 01/01  20:00:00,30.68,33.93100733603839,29.58117208936173,33.93100733603839,0.0,0.0,29.58117208936173,0.0,0.0,0.0,33.938108312226596,0.0,29.58146745868427,0.0,0.0,0.0,0.0,0.0,0.0,0.0,0.0,0.0,0.0,0.0,0.0,49104000.0 
 01/01  20:01:00,30.68,33.923919539901256,29.58087857086669,33.923919539901256,0.0,0.0,29.58087857086669,0.0,0.0,0.0,33.93100733603839,0.0,29.58117208936173,0.0,0.0,0.0,0.0,0.0,0.0,0.0,0.0,0.0,0.0,0.0,0.0 
 01/01  20:02:00,30.68,33.91684539936703,29.580586887351846,33.91684539936703,0.0,0.0,29.580586887351846,0.0,0.0,0.0,33.923919539901256,0.0,29.58087857086669,0.0,0.0,0.0,0.0,0.0,0.0,0.0,0.0,0.0,0.0,0.0,0.0 
 01/01  20:03:00,30.68,33.90978432912332,29.580296997666938,33.90978432912332,0.0,0.0,29.580296997666938,0.0,0.0,0.0,33.91684539936703,0.0,29.580586887351846,0.0,0.0,0.0,0.0,0.0,0.0,0.0,0.0,0.0,0.0,0.0,0.0 
 01/01  20:04:00,30.68,33.902736802435214,29.580008876093114,33.902736802435214,0.0,0.0,29.580008876093114,0.0,0.0,0.0,33.90978432912332,0.0,29.580296997666938,0.0,0.0,0.0,0.0,0.0,0.0,0.0,0.0,0.0,0.0,0.0,0.0 
 01/01  20:05:00,30.68,33.895702239893104,29.579722486387862,33.895702239893104,0.0,0.0,29.579722486387862,0.0,0.0,0.0,33.902736802435214,0.0,29.580008876093114,0.0,0.0,0.0,0.0,0.0,0.0,0.0,0.0,0.0,0.0,0.0,0.0 
 01/01  20:06:00,30.68,33.88868111249807,29.579437813444443,33.88868111249807,0.0,0.0,29.579437813444443,0.0,0.0,0.0,33.895702239893104,0.0,29.579722486387862,0.0,0.0,0.0,0.0,0.0,0.0,0.0,0.0,0.0,0.0,0.0,0.0 
 01/01  20:07:00,30.68,33.88167284652648,29.579154811738658,33.88167284652648,0.0,0.0,29.579154811738658,0.0,0.0,0.0,33.88868111249807,0.0,29.579437813444443,0.0,0.0,0.0,0.0,0.0,0.0,0.0,0.0,0.0,0.0,0.0,0.0 
 01/01  20:08:00,30.68,33.874677910744964,29.578873469595496,33.874677910744964,0.0,0.0,29.578873469595496,0.0,0.0,0.0,33.88167284652648,0.0,29.579154811738658,0.0,0.0,0.0,0.0,0.0,0.0,0.0,0.0,0.0,0.0,0.0,0.0 
 01/01  20:09:00,30.68,33.86769573689934,29.578593752325048,33.86769573689934,0.0,0.0,29.578593752325048,0.0,0.0,0.0,33.874677910744964,0.0,29.578873469595496,0.0,0.0,0.0,0.0,0.0,0.0,0.0,0.0,0.0,0.0,0.0,0.0 
 01/01  20:10:00,30.68,33.86072679153376,29.57831563854369,33.86072679153376,0.0,0.0,29.57831563854369,0.0,0.0,0.0,33.86769573689934,0.0,29.578593752325048,0.0,0.0,0.0,0.0,0.0,0.0,0.0,0.0,0.0,0.0,0.0,0.0 
 01/01  20:11:00,30.68,33.85377051166276,29.57803909781855,33.85377051166276,0.0,0.0,29.57803909781855,0.0,0.0,0.0,33.86072679153376,0.0,29.57831563854369,0.0,0.0,0.0,0.0,0.0,0.0,0.0,0.0,0.0,0.0,0.0,0.0 
 01/01  20:12:00,30.68,33.84682736163838,29.577764118508842,33.84682736163838,0.0,0.0,29.577764118508842,0.0,0.0,0.0,33.85377051166276,0.0,29.57803909781855,0.0,0.0,0.0,0.0,0.0,0.0,0.0,0.0,0.0,0.0,0.0,0.0 
 01/01  20:13:00,30.68,33.83989678356078,29.577490661021628,33.83989678356078,0.0,0.0,29.577490661021628,0.0,0.0,0.0,33.84682736163838,0.0,29.577764118508842,0.0,0.0,0.0,0.0,0.0,0.0,0.0,0.0,0.0,0.0,0.0,0.0 
 01/01  20:14:00,30.68,33.8329792396072,29.57721871671202,33.8329792396072,0.0,0.0,29.57721871671202,0.0,0.0,0.0,33.83989678356078,0.0,29.577490661021628,0.0,0.0,0.0,0.0,0.0,0.0,0.0,0.0,0.0,0.0,0.0,0.0 
 01/01  20:15:00,30.68,33.82607417678585,29.576948255955287,33.82607417678585,0.0,0.0,29.576948255955287,0.0,0.0,0.0,33.8329792396072,0.0,29.57721871671202,0.0,0.0,0.0,0.0,0.0,0.0,0.0,0.0,0.0,0.0,0.0,0.0 
 01/01  20:16:00,30.68,33.819182055122496,29.57667926064185,33.819182055122496,0.0,0.0,29.57667926064185,0.0,0.0,0.0,33.82607417678585,0.0,29.576948255955287,0.0,0.0,0.0,0.0,0.0,0.0,0.0,0.0,0.0,0.0,0.0,0.0 
 01/01  20:17:00,30.68,33.81230232636432,29.576411704917252,33.81230232636432,0.0,0.0,29.576411704917252,0.0,0.0,0.0,33.819182055122496,0.0,29.57667926064185,0.0,0.0,0.0,0.0,0.0,0.0,0.0,0.0,0.0,0.0,0.0,0.0 
 01/01  20:18:00,30.68,33.80543544841302,29.57614557972043,33.80543544841302,0.0,0.0,29.57614557972043,0.0,0.0,0.0,33.81230232636432,0.0,29.576411704917252,0.0,0.0,0.0,0.0,0.0,0.0,0.0,0.0,0.0,0.0,0.0,0.0 
 01/01  20:19:00,30.68,33.798580877597516,29.57588085022724,33.798580877597516,0.0,0.0,29.57588085022724,0.0,0.0,0.0,33.80543544841302,0.0,29.57614557972043,0.0,0.0,0.0,0.0,0.0,0.0,0.0,0.0,0.0,0.0,0.0,0.0 
 01/01  20:20:00,30.68,33.79173906971408,29.575617510051934,33.79173906971408,0.0,0.0,29.575617510051934,0.0,0.0,0.0,33.798580877597516,0.0,29.57588085022724,0.0,0.0,0.0,0.0,0.0,0.0,0.0,0.0,0.0,0.0,0.0,0.0 
 01/01  20:21:00,30.68,33.784909485525915,29.575355533632074,33.784909485525915,0.0,0.0,29.575355533632074,0.0,0.0,0.0,33.79173906971408,0.0,29.575617510051934,0.0,0.0,0.0,0.0,0.0,0.0,0.0,0.0,0.0,0.0,0.0,0.0 
 01/01  20:22:00,30.68,33.778092578747675,29.575094905396114,33.778092578747675,0.0,0.0,29.575094905396114,0.0,0.0,0.0,33.784909485525915,0.0,29.575355533632074,0.0,0.0,0.0,0.0,0.0,0.0,0.0,0.0,0.0,0.0,0.0,0.0 
 01/01  20:23:00,30.68,33.77128781443719,29.574835603174613,33.77128781443719,0.0,0.0,29.574835603174613,0.0,0.0,0.0,33.778092578747675,0.0,29.575094905396114,0.0,0.0,0.0,0.0,0.0,0.0,0.0,0.0,0.0,0.0,0.0,0.0 
 01/01  20:24:00,30.68,33.764495644249784,29.574577619872745,33.764495644249784,0.0,0.0,29.574577619872745,0.0,0.0,0.0,33.77128781443719,0.0,29.574835603174613,0.0,0.0,0.0,0.0,0.0,0.0,0.0,0.0,0.0,0.0,0.0,0.0 
 01/01  20:25:00,30.68,33.757715537405105,29.574320924574277,33.757715537405105,0.0,0.0,29.574320924574277,0.0,0.0,0.0,33.764495644249784,0.0,29.574577619872745,0.0,0.0,0.0,0.0,0.0,0.0,0.0,0.0,0.0,0.0,0.0,0.0 
 01/01  20:26:00,30.68,33.750947943523904,29.574065512615096,33.750947943523904,0.0,0.0,29.574065512615096,0.0,0.0,0.0,33.757715537405105,0.0,29.574320924574277,0.0,0.0,0.0,0.0,0.0,0.0,0.0,0.0,0.0,0.0,0.0,0.0 
 01/01  20:27:00,30.68,33.74419233585752,29.57381136175028,33.74419233585752,0.0,0.0,29.57381136175028,0.0,0.0,0.0,33.750947943523904,0.0,29.574065512615096,0.0,0.0,0.0,0.0,0.0,0.0,0.0,0.0,0.0,0.0,0.0,0.0 
 01/01  20:28:00,30.68,33.737449162011124,29.573558458419097,33.737449162011124,0.0,0.0,29.573558458419097,0.0,0.0,0.0,33.74419233585752,0.0,29.57381136175028,0.0,0.0,0.0,0.0,0.0,0.0,0.0,0.0,0.0,0.0,0.0,0.0 
 01/01  20:29:00,30.68,33.730717899154385,29.573306783468734,33.730717899154385,0.0,0.0,29.573306783468734,0.0,0.0,0.0,33.737449162011124,0.0,29.573558458419097,0.0,0.0,0.0,0.0,0.0,0.0,0.0,0.0,0.0,0.0,0.0,0.0 
 01/01  20:30:00,30.68,33.723998992896085,29.57305633133319,33.723998992896085,0.0,0.0,29.57305633133319,0.0,0.0,0.0,33.730717899154385,0.0,29.573306783468734,0.0,0.0,0.0,0.0,0.0,0.0,0.0,0.0,0.0,0.0,0.0,0.0 
 01/01  20:31:00,30.68,33.7172919242124,29.572807074347885,33.7172919242124,0.0,0.0,29.572807074347885,0.0,0.0,0.0,33.723998992896085,0.0,29.57305633133319,0.0,0.0,0.0,0.0,0.0,0.0,0.0,0.0,0.0,0.0,0.0,0.0 
 01/01  20:32:00,30.68,33.71059713674076,29.572559009184967,33.71059713674076,0.0,0.0,29.572559009184967,0.0,0.0,0.0,33.7172919242124,0.0,29.572807074347885,0.0,0.0,0.0,0.0,0.0,0.0,0.0,0.0,0.0,0.0,0.0,0.0 
 01/01  20:33:00,30.68,33.703914115155655,29.572312116348364,33.703914115155655,0.0,0.0,29.572312116348364,0.0,0.0,0.0,33.71059713674076,0.0,29.572559009184967,0.0,0.0,0.0,0.0,0.0,0.0,0.0,0.0,0.0,0.0,0.0,0.0 
 01/01  20:34:00,30.68,33.697243301139586,29.572066383899212,33.697243301139586,0.0,0.0,29.572066383899212,0.0,0.0,0.0,33.703914115155655,0.0,29.572312116348364,0.0,0.0,0.0,0.0,0.0,0.0,0.0,0.0,0.0,0.0,0.0,0.0 
 01/01  20:35:00,30.68,33.69058418296484,29.571821795187553,33.69058418296484,0.0,0.0,29.571821795187553,0.0,0.0,0.0,33.697243301139586,0.0,29.572066383899212,0.0,0.0,0.0,0.0,0.0,0.0,0.0,0.0,0.0,0.0,0.0,0.0 
 01/01  20:36:00,30.68,33.6839372003839,29.571578345855052,33.6839372003839,0.0,0.0,29.571578345855052,0.0,0.0,0.0,33.69058418296484,0.0,29.571821795187553,0.0,0.0,0.0,0.0,0.0,0.0,0.0,0.0,0.0,0.0,0.0,0.0 
 01/01  20:37:00,30.68,33.67730184516677,29.57133601097495,33.67730184516677,0.0,0.0,29.57133601097495,0.0,0.0,0.0,33.6839372003839,0.0,29.571578345855052,0.0,0.0,0.0,0.0,0.0,0.0,0.0,0.0,0.0,0.0,0.0,0.0 
 01/01  20:38:00,30.68,33.670678555153394,29.571094788270678,33.670678555153394,0.0,0.0,29.571094788270678,0.0,0.0,0.0,33.67730184516677,0.0,29.57133601097495,0.0,0.0,0.0,0.0,0.0,0.0,0.0,0.0,0.0,0.0,0.0,0.0 
 01/01  20:39:00,30.68,33.664066825522426,29.570854660548953,33.664066825522426,0.0,0.0,29.570854660548953,0.0,0.0,0.0,33.670678555153394,0.0,29.571094788270678,0.0,0.0,0.0,0.0,0.0,0.0,0.0,0.0,0.0,0.0,0.0,0.0 
 01/01  20:40:00,30.68,33.65746709222604,29.57061561719659,33.65746709222604,0.0,0.0,29.57061561719659,0.0,0.0,0.0,33.664066825522426,0.0,29.570854660548953,0.0,0.0,0.0,0.0,0.0,0.0,0.0,0.0,0.0,0.0,0.0,0.0 
 01/01  20:41:00,30.68,33.65087885376623,29.570377643661004,33.65087885376623,0.0,0.0,29.570377643661004,0.0,0.0,0.0,33.65746709222604,0.0,29.57061561719659,0.0,0.0,0.0,0.0,0.0,0.0,0.0,0.0,0.0,0.0,0.0,0.0 
 01/01  20:42:00,30.68,33.644302544218036,29.570140736548627,33.644302544218036,0.0,0.0,29.570140736548627,0.0,0.0,0.0,33.65087885376623,0.0,29.570377643661004,0.0,0.0,0.0,0.0,0.0,0.0,0.0,0.0,0.0,0.0,0.0,0.0 
 01/01  20:43:00,30.68,33.63773766532469,29.569904873259134,33.63773766532469,0.0,0.0,29.569904873259134,0.0,0.0,0.0,33.644302544218036,0.0,29.570140736548627,0.0,0.0,0.0,0.0,0.0,0.0,0.0,0.0,0.0,0.0,0.0,0.0 
 01/01  20:44:00,30.68,33.631184649311116,29.569670052351515,33.631184649311116,0.0,0.0,29.569670052351515,0.0,0.0,0.0,33.63773766532469,0.0,29.569904873259134,0.0,0.0,0.0,0.0,0.0,0.0,0.0,0.0,0.0,0.0,0.0,0.0 
 01/01  20:45:00,30.68,33.62464300107537,29.56943625857922,33.62464300107537,0.0,0.0,29.56943625857922,0.0,0.0,0.0,33.631184649311116,0.0,29.569670052351515,0.0,0.0,0.0,0.0,0.0,0.0,0.0,0.0,0.0,0.0,0.0,0.0 
 01/01  20:46:00,30.68,33.61811315100859,29.569203482425756,33.61811315100859,0.0,0.0,29.569203482425756,0.0,0.0,0.0,33.62464300107537,0.0,29.56943625857922,0.0,0.0,0.0,0.0,0.0,0.0,0.0,0.0,0.0,0.0,0.0,0.0 
 01/01  20:47:00,30.68,33.61159460709725,29.568971711112372,33.61159460709725,0.0,0.0,29.568971711112372,0.0,0.0,0.0,33.61811315100859,0.0,29.569203482425756,0.0,0.0,0.0,0.0,0.0,0.0,0.0,0.0,0.0,0.0,0.0,0.0 
 01/01  20:48:00,30.68,33.60508779791639,29.568740942025475,33.60508779791639,0.0,0.0,29.568740942025475,0.0,0.0,0.0,33.61159460709725,0.0,29.568971711112372,0.0,0.0,0.0,0.0,0.0,0.0,0.0,0.0,0.0,0.0,0.0,0.0 
 01/01  20:49:00,30.68,33.59859223446417,29.568511154559413,33.59859223446417,0.0,0.0,29.568511154559413,0.0,0.0,0.0,33.60508779791639,0.0,29.568740942025475,0.0,0.0,0.0,0.0,0.0,0.0,0.0,0.0,0.0,0.0,0.0,0.0 
 01/01  20:50:00,30.68,33.592108343517744,29.568282347945143,33.592108343517744,0.0,0.0,29.568282347945143,0.0,0.0,0.0,33.59859223446417,0.0,29.568511154559413,0.0,0.0,0.0,0.0,0.0,0.0,0.0,0.0,0.0,0.0,0.0,0.0 
 01/01  20:51:00,30.68,33.585635639019614,29.56805450859658,33.585635639019614,0.0,0.0,29.56805450859658,0.0,0.0,0.0,33.592108343517744,0.0,29.568282347945143,0.0,0.0,0.0,0.0,0.0,0.0,0.0,0.0,0.0,0.0,0.0,0.0 
 01/01  20:52:00,30.68,33.57917454596731,29.56782762791526,33.57917454596731,0.0,0.0,29.56782762791526,0.0,0.0,0.0,33.585635639019614,0.0,29.56805450859658,0.0,0.0,0.0,0.0,0.0,0.0,0.0,0.0,0.0,0.0,0.0,0.0 
 01/01  20:53:00,30.68,33.572724581182406,29.567601694634973,33.572724581182406,0.0,0.0,29.567601694634973,0.0,0.0,0.0,33.57917454596731,0.0,29.56782762791526,0.0,0.0,0.0,0.0,0.0,0.0,0.0,0.0,0.0,0.0,0.0,0.0 
 01/01  20:54:00,30.68,33.566286167899904,29.567376706778763,33.566286167899904,0.0,0.0,29.567376706778763,0.0,0.0,0.0,33.572724581182406,0.0,29.567601694634973,0.0,0.0,0.0,0.0,0.0,0.0,0.0,0.0,0.0,0.0,0.0,0.0 
 01/01  20:55:00,30.68,33.559858825757914,29.567152645462965,33.559858825757914,0.0,0.0,29.567152645462965,0.0,0.0,0.0,33.566286167899904,0.0,29.567376706778763,0.0,0.0,0.0,0.0,0.0,0.0,0.0,0.0,0.0,0.0,0.0,0.0 
 01/01  20:56:00,30.68,33.55344297624573,29.566929510462224,33.55344297624573,0.0,0.0,29.566929510462224,0.0,0.0,0.0,33.559858825757914,0.0,29.567152645462965,0.0,0.0,0.0,0.0,0.0,0.0,0.0,0.0,0.0,0.0,0.0,0.0 
 01/01  20:57:00,30.68,33.5470381417555,29.566707289614797,33.5470381417555,0.0,0.0,29.566707289614797,0.0,0.0,0.0,33.55344297624573,0.0,29.566929510462224,0.0,0.0,0.0,0.0,0.0,0.0,0.0,0.0,0.0,0.0,0.0,0.0 
 01/01  20:58:00,30.68,33.54064474204869,29.56648597509545,33.54064474204869,0.0,0.0,29.56648597509545,0.0,0.0,0.0,33.5470381417555,0.0,29.566707289614797,0.0,0.0,0.0,0.0,0.0,0.0,0.0,0.0,0.0,0.0,0.0,0.0 
 01/01  20:59:00,30.68,33.53426230221866,29.566265556933487,33.53426230221866,0.0,0.0,29.566265556933487,0.0,0.0,0.0,33.54064474204869,0.0,29.56648597509545,0.0,0.0,0.0,0.0,0.0,0.0,0.0,0.0,0.0,0.0,0.0,0.0 
 01/01  21:00:00,30.68,33.52789124031423,29.566046033672773,33.52789124031423,0.0,0.0,29.566046033672773,0.0,0.0,0.0,33.53426230221866,0.0,29.566265556933487,0.0,0.0,0.0,0.0,0.0,0.0,0.0,0.0,0.0,0.0,0.0,0.0,49104000.0 
 01/01  21:01:00,30.68,33.5215310840737,29.565827387922496,33.5215310840737,0.0,0.0,29.565827387922496,0.0,0.0,0.0,33.52789124031423,0.0,29.566046033672773,0.0,0.0,0.0,0.0,0.0,0.0,0.0,0.0,0.0,0.0,0.0,0.0 
 01/01  21:02:00,30.68,33.51518224984551,29.565609619897188,33.51518224984551,0.0,0.0,29.565609619897188,0.0,0.0,0.0,33.5215310840737,0.0,29.565827387922496,0.0,0.0,0.0,0.0,0.0,0.0,0.0,0.0,0.0,0.0,0.0,0.0 
 01/01  21:03:00,30.68,33.508844267959354,29.56539271866155,33.508844267959354,0.0,0.0,29.56539271866155,0.0,0.0,0.0,33.51518224984551,0.0,29.565609619897188,0.0,0.0,0.0,0.0,0.0,0.0,0.0,0.0,0.0,0.0,0.0,0.0 
 01/01  21:04:00,30.68,33.50251755308448,29.565176677044384,33.50251755308448,0.0,0.0,29.565176677044384,0.0,0.0,0.0,33.508844267959354,0.0,29.56539271866155,0.0,0.0,0.0,0.0,0.0,0.0,0.0,0.0,0.0,0.0,0.0,0.0 
 01/01  21:05:00,30.68,33.496201638095066,29.564961486189013,33.496201638095066,0.0,0.0,29.564961486189013,0.0,0.0,0.0,33.50251755308448,0.0,29.565176677044384,0.0,0.0,0.0,0.0,0.0,0.0,0.0,0.0,0.0,0.0,0.0,0.0 
 01/01  21:06:00,30.68,33.48989693599372,29.564747145066427,33.48989693599372,0.0,0.0,29.564747145066427,0.0,0.0,0.0,33.496201638095066,0.0,29.564961486189013,0.0,0.0,0.0,0.0,0.0,0.0,0.0,0.0,0.0,0.0,0.0,0.0 
 01/01  21:07:00,30.68,33.483602982148895,29.564533637586184,33.483602982148895,0.0,0.0,29.564533637586184,0.0,0.0,0.0,33.48989693599372,0.0,29.564747145066427,0.0,0.0,0.0,0.0,0.0,0.0,0.0,0.0,0.0,0.0,0.0,0.0 
 01/01  21:08:00,30.68,33.47732018790782,29.56432096431961,33.47732018790782,0.0,0.0,29.56432096431961,0.0,0.0,0.0,33.483602982148895,0.0,29.564533637586184,0.0,0.0,0.0,0.0,0.0,0.0,0.0,0.0,0.0,0.0,0.0,0.0 
 01/01  21:09:00,30.68,33.47104809108594,29.56410911539297,33.47104809108594,0.0,0.0,29.56410911539297,0.0,0.0,0.0,33.47732018790782,0.0,29.56432096431961,0.0,0.0,0.0,0.0,0.0,0.0,0.0,0.0,0.0,0.0,0.0,0.0 
 01/01  21:10:00,30.68,33.46478710139262,29.563898084192363,33.46478710139262,0.0,0.0,29.563898084192363,0.0,0.0,0.0,33.47104809108594,0.0,29.56410911539297,0.0,0.0,0.0,0.0,0.0,0.0,0.0,0.0,0.0,0.0,0.0,0.0 
 01/01  21:11:00,30.68,33.45853675905098,29.5636878628245,33.45853675905098,0.0,0.0,29.5636878628245,0.0,0.0,0.0,33.46478710139262,0.0,29.563898084192363,0.0,0.0,0.0,0.0,0.0,0.0,0.0,0.0,0.0,0.0,0.0,0.0 
 01/01  21:12:00,30.68,33.452297472148324,29.56347845061318,33.452297472148324,0.0,0.0,29.56347845061318,0.0,0.0,0.0,33.45853675905098,0.0,29.5636878628245,0.0,0.0,0.0,0.0,0.0,0.0,0.0,0.0,0.0,0.0,0.0,0.0 
 01/01  21:13:00,30.68,33.44606878326723,29.563269832607322,33.44606878326723,0.0,0.0,29.563269832607322,0.0,0.0,0.0,33.452297472148324,0.0,29.56347845061318,0.0,0.0,0.0,0.0,0.0,0.0,0.0,0.0,0.0,0.0,0.0,0.0 
 01/01  21:14:00,30.68,33.43985109888327,29.563062009669547,33.43985109888327,0.0,0.0,29.563062009669547,0.0,0.0,0.0,33.44606878326723,0.0,29.563269832607322,0.0,0.0,0.0,0.0,0.0,0.0,0.0,0.0,0.0,0.0,0.0,0.0 
 01/01  21:15:00,30.68,33.43364396389986,29.562854972850364,33.43364396389986,0.0,0.0,29.562854972850364,0.0,0.0,0.0,33.43985109888327,0.0,29.563062009669547,0.0,0.0,0.0,0.0,0.0,0.0,0.0,0.0,0.0,0.0,0.0,0.0 
 01/01  21:16:00,30.68,33.42744778319883,29.562648716014643,33.42744778319883,0.0,0.0,29.562648716014643,0.0,0.0,0.0,33.43364396389986,0.0,29.562854972850364,0.0,0.0,0.0,0.0,0.0,0.0,0.0,0.0,0.0,0.0,0.0,0.0 
 01/01  21:17:00,30.68,33.42126210396466,29.562443232106776,33.42126210396466,0.0,0.0,29.562443232106776,0.0,0.0,0.0,33.42744778319883,0.0,29.562648716014643,0.0,0.0,0.0,0.0,0.0,0.0,0.0,0.0,0.0,0.0,0.0,0.0 
 01/01  21:18:00,30.68,33.415087329494504,29.56223852074376,33.415087329494504,0.0,0.0,29.56223852074376,0.0,0.0,0.0,33.42126210396466,0.0,29.562443232106776,0.0,0.0,0.0,0.0,0.0,0.0,0.0,0.0,0.0,0.0,0.0,0.0 
 01/01  21:19:00,30.68,33.40892300921951,29.56203456797788,33.40892300921951,0.0,0.0,29.56203456797788,0.0,0.0,0.0,33.415087329494504,0.0,29.56223852074376,0.0,0.0,0.0,0.0,0.0,0.0,0.0,0.0,0.0,0.0,0.0,0.0 
 01/01  21:20:00,30.68,33.40276954486473,29.56183137491035,33.40276954486473,0.0,0.0,29.56183137491035,0.0,0.0,0.0,33.40892300921951,0.0,29.56203456797788,0.0,0.0,0.0,0.0,0.0,0.0,0.0,0.0,0.0,0.0,0.0,0.0 
 01/01  21:21:00,30.68,33.39662648806834,29.56162893339985,33.39662648806834,0.0,0.0,29.56162893339985,0.0,0.0,0.0,33.40276954486473,0.0,29.56183137491035,0.0,0.0,0.0,0.0,0.0,0.0,0.0,0.0,0.0,0.0,0.0,0.0 
 01/01  21:22:00,30.68,33.39049423899683,29.561427237724747,33.39049423899683,0.0,0.0,29.561427237724747,0.0,0.0,0.0,33.39662648806834,0.0,29.56162893339985,0.0,0.0,0.0,0.0,0.0,0.0,0.0,0.0,0.0,0.0,0.0,0.0 
 01/01  21:23:00,30.68,33.38437235146188,29.56122628156045,33.38437235146188,0.0,0.0,29.56122628156045,0.0,0.0,0.0,33.39049423899683,0.0,29.561427237724747,0.0,0.0,0.0,0.0,0.0,0.0,0.0,0.0,0.0,0.0,0.0,0.0 
 01/01  21:24:00,30.68,33.378261224084206,29.561026064767834,33.378261224084206,0.0,0.0,29.561026064767834,0.0,0.0,0.0,33.38437235146188,0.0,29.56122628156045,0.0,0.0,0.0,0.0,0.0,0.0,0.0,0.0,0.0,0.0,0.0,0.0 
 01/01  21:25:00,30.68,33.372160412815546,29.56082657428574,33.372160412815546,0.0,0.0,29.56082657428574,0.0,0.0,0.0,33.378261224084206,0.0,29.561026064767834,0.0,0.0,0.0,0.0,0.0,0.0,0.0,0.0,0.0,0.0,0.0,0.0 
 01/01  21:26:00,30.68,33.36607031474518,29.560627811410136,33.36607031474518,0.0,0.0,29.560627811410136,0.0,0.0,0.0,33.372160412815546,0.0,29.56082657428574,0.0,0.0,0.0,0.0,0.0,0.0,0.0,0.0,0.0,0.0,0.0,0.0 
 01/01  21:27:00,30.68,33.35999048793096,29.56042976870821,33.35999048793096,0.0,0.0,29.56042976870821,0.0,0.0,0.0,33.36607031474518,0.0,29.560627811410136,0.0,0.0,0.0,0.0,0.0,0.0,0.0,0.0,0.0,0.0,0.0,0.0 
 01/01  21:28:00,30.68,33.353921327935815,29.560232440816375,33.353921327935815,0.0,0.0,29.560232440816375,0.0,0.0,0.0,33.35999048793096,0.0,29.56042976870821,0.0,0.0,0.0,0.0,0.0,0.0,0.0,0.0,0.0,0.0,0.0,0.0 
 01/01  21:29:00,30.68,33.34786239489496,29.560035822049382,33.34786239489496,0.0,0.0,29.560035822049382,0.0,0.0,0.0,33.353921327935815,0.0,29.560232440816375,0.0,0.0,0.0,0.0,0.0,0.0,0.0,0.0,0.0,0.0,0.0,0.0 
 01/01  21:30:00,30.68,33.34181408286424,29.55983991247079,33.34181408286424,0.0,0.0,29.55983991247079,0.0,0.0,0.0,33.34786239489496,0.0,29.560035822049382,0.0,0.0,0.0,0.0,0.0,0.0,0.0,0.0,0.0,0.0,0.0,0.0 
 01/01  21:31:00,30.68,33.33577595402458,29.559644699805432,33.33577595402458,0.0,0.0,29.559644699805432,0.0,0.0,0.0,33.34181408286424,0.0,29.55983991247079,0.0,0.0,0.0,0.0,0.0,0.0,0.0,0.0,0.0,0.0,0.0,0.0 
 01/01  21:32:00,30.68,33.32974840092821,29.559450185507863,33.32974840092821,0.0,0.0,29.559450185507863,0.0,0.0,0.0,33.33577595402458,0.0,29.559644699805432,0.0,0.0,0.0,0.0,0.0,0.0,0.0,0.0,0.0,0.0,0.0,0.0 
 01/01  21:33:00,30.68,33.323730987774404,29.55925636276867,33.323730987774404,0.0,0.0,29.55925636276867,0.0,0.0,0.0,33.32974840092821,0.0,29.559450185507863,0.0,0.0,0.0,0.0,0.0,0.0,0.0,0.0,0.0,0.0,0.0,0.0 
 01/01  21:34:00,30.68,33.31772410562776,29.55906322653596,33.31772410562776,0.0,0.0,29.55906322653596,0.0,0.0,0.0,33.323730987774404,0.0,29.55925636276867,0.0,0.0,0.0,0.0,0.0,0.0,0.0,0.0,0.0,0.0,0.0,0.0 
 01/01  21:35:00,30.68,33.31172732067532,29.558870771685815,33.31172732067532,0.0,0.0,29.558870771685815,0.0,0.0,0.0,33.31772410562776,0.0,29.55906322653596,0.0,0.0,0.0,0.0,0.0,0.0,0.0,0.0,0.0,0.0,0.0,0.0 
 01/01  21:36:00,30.68,33.30574102250497,29.558678998450493,33.30574102250497,0.0,0.0,29.558678998450493,0.0,0.0,0.0,33.31172732067532,0.0,29.558870771685815,0.0,0.0,0.0,0.0,0.0,0.0,0.0,0.0,0.0,0.0,0.0,0.0 
 01/01  21:37:00,30.68,33.29976477927018,29.55848789525439,33.29976477927018,0.0,0.0,29.55848789525439,0.0,0.0,0.0,33.30574102250497,0.0,29.558678998450493,0.0,0.0,0.0,0.0,0.0,0.0,0.0,0.0,0.0,0.0,0.0,0.0 
 01/01  21:38:00,30.68,33.29379897908998,29.55829746368066,33.29379897908998,0.0,0.0,29.55829746368066,0.0,0.0,0.0,33.29976477927018,0.0,29.55848789525439,0.0,0.0,0.0,0.0,0.0,0.0,0.0,0.0,0.0,0.0,0.0,0.0 
 01/01  21:39:00,30.68,33.28784319205063,29.55810769746995,33.28784319205063,0.0,0.0,29.55810769746995,0.0,0.0,0.0,33.29379897908998,0.0,29.55829746368066,0.0,0.0,0.0,0.0,0.0,0.0,0.0,0.0,0.0,0.0,0.0,0.0 
 01/01  21:40:00,30.68,33.281897804811855,29.5579185918425,33.281897804811855,0.0,0.0,29.5579185918425,0.0,0.0,0.0,33.28784319205063,0.0,29.55810769746995,0.0,0.0,0.0,0.0,0.0,0.0,0.0,0.0,0.0,0.0,0.0,0.0 
 01/01  21:41:00,30.68,33.27596238937417,29.557730142168257,33.27596238937417,0.0,0.0,29.557730142168257,0.0,0.0,0.0,33.281897804811855,0.0,29.5579185918425,0.0,0.0,0.0,0.0,0.0,0.0,0.0,0.0,0.0,0.0,0.0,0.0 
 01/01  21:42:00,30.68,33.27003733095165,29.55754234881957,33.27003733095165,0.0,0.0,29.55754234881957,0.0,0.0,0.0,33.27596238937417,0.0,29.557730142168257,0.0,0.0,0.0,0.0,0.0,0.0,0.0,0.0,0.0,0.0,0.0,0.0 
 01/01  21:43:00,30.68,33.26412220343281,29.557355200845333,33.26412220343281,0.0,0.0,29.557355200845333,0.0,0.0,0.0,33.27003733095165,0.0,29.55754234881957,0.0,0.0,0.0,0.0,0.0,0.0,0.0,0.0,0.0,0.0,0.0,0.0 
 01/01  21:44:00,30.68,33.258217390593835,29.557168699932404,33.258217390593835,0.0,0.0,29.557168699932404,0.0,0.0,0.0,33.26412220343281,0.0,29.557355200845333,0.0,0.0,0.0,0.0,0.0,0.0,0.0,0.0,0.0,0.0,0.0,0.0 
 01/01  21:45:00,30.68,33.2523224681844,29.556982840308464,33.2523224681844,0.0,0.0,29.556982840308464,0.0,0.0,0.0,33.258217390593835,0.0,29.557168699932404,0.0,0.0,0.0,0.0,0.0,0.0,0.0,0.0,0.0,0.0,0.0,0.0 
 01/01  21:46:00,30.68,33.24643781855125,29.55679761743271,33.24643781855125,0.0,0.0,29.55679761743271,0.0,0.0,0.0,33.2523224681844,0.0,29.556982840308464,0.0,0.0,0.0,0.0,0.0,0.0,0.0,0.0,0.0,0.0,0.0,0.0 
 01/01  21:47:00,30.68,33.240563019288004,29.556613027111485,33.240563019288004,0.0,0.0,29.556613027111485,0.0,0.0,0.0,33.24643781855125,0.0,29.55679761743271,0.0,0.0,0.0,0.0,0.0,0.0,0.0,0.0,0.0,0.0,0.0,0.0 
 01/01  21:48:00,30.68,33.234698451324334,29.55642906983413,33.234698451324334,0.0,0.0,29.55642906983413,0.0,0.0,0.0,33.240563019288004,0.0,29.556613027111485,0.0,0.0,0.0,0.0,0.0,0.0,0.0,0.0,0.0,0.0,0.0,0.0 
 01/01  21:49:00,30.68,33.2288436940713,29.556245735210076,33.2288436940713,0.0,0.0,29.556245735210076,0.0,0.0,0.0,33.234698451324334,0.0,29.55642906983413,0.0,0.0,0.0,0.0,0.0,0.0,0.0,0.0,0.0,0.0,0.0,0.0 
 01/01  21:50:00,30.68,33.22299912705016,29.556063025010324,33.22299912705016,0.0,0.0,29.556063025010324,0.0,0.0,0.0,33.2288436940713,0.0,29.556245735210076,0.0,0.0,0.0,0.0,0.0,0.0,0.0,0.0,0.0,0.0,0.0,0.0 
 01/01  21:51:00,30.68,33.21716433146871,29.555880933896184,33.21716433146871,0.0,0.0,29.555880933896184,0.0,0.0,0.0,33.22299912705016,0.0,29.556063025010324,0.0,0.0,0.0,0.0,0.0,0.0,0.0,0.0,0.0,0.0,0.0,0.0 
 01/01  21:52:00,30.68,33.21133968544682,29.55569945753871,33.21133968544682,0.0,0.0,29.55569945753871,0.0,0.0,0.0,33.21716433146871,0.0,29.555880933896184,0.0,0.0,0.0,0.0,0.0,0.0,0.0,0.0,0.0,0.0,0.0,0.0 
 01/01  21:53:00,30.68,33.205524771972534,29.55551859213181,33.205524771972534,0.0,0.0,29.55551859213181,0.0,0.0,0.0,33.21133968544682,0.0,29.55569945753871,0.0,0.0,0.0,0.0,0.0,0.0,0.0,0.0,0.0,0.0,0.0,0.0 
 01/01  21:54:00,30.68,33.199719967775515,29.555338338262988,33.199719967775515,0.0,0.0,29.555338338262988,0.0,0.0,0.0,33.205524771972534,0.0,29.55551859213181,0.0,0.0,0.0,0.0,0.0,0.0,0.0,0.0,0.0,0.0,0.0,0.0 
 01/01  21:55:00,30.68,33.19392485759953,29.555158686046553,33.19392485759953,0.0,0.0,29.555158686046553,0.0,0.0,0.0,33.199719967775515,0.0,29.555338338262988,0.0,0.0,0.0,0.0,0.0,0.0,0.0,0.0,0.0,0.0,0.0,0.0 
 01/01  21:56:00,30.68,33.18813981678983,29.554979637320834,33.18813981678983,0.0,0.0,29.554979637320834,0.0,0.0,0.0,33.19392485759953,0.0,29.555158686046553,0.0,0.0,0.0,0.0,0.0,0.0,0.0,0.0,0.0,0.0,0.0,0.0 
 01/01  21:57:00,30.68,33.182364431831054,29.554801187133545,33.182364431831054,0.0,0.0,29.554801187133545,0.0,0.0,0.0,33.18813981678983,0.0,29.554979637320834,0.0,0.0,0.0,0.0,0.0,0.0,0.0,0.0,0.0,0.0,0.0,0.0 
 01/01  21:58:00,30.68,33.176599076693016,29.554623331343006,33.176599076693016,0.0,0.0,29.554623331343006,0.0,0.0,0.0,33.182364431831054,0.0,29.554801187133545,0.0,0.0,0.0,0.0,0.0,0.0,0.0,0.0,0.0,0.0,0.0,0.0 
 01/01  21:59:00,30.68,33.17084333957963,29.554446066486577,33.17084333957963,0.0,0.0,29.554446066486577,0.0,0.0,0.0,33.176599076693016,0.0,29.554623331343006,0.0,0.0,0.0,0.0,0.0,0.0,0.0,0.0,0.0,0.0,0.0,0.0 
 01/01  22:00:00,30.68,33.16509759309691,29.55426939323226,33.16509759309691,0.0,0.0,29.55426939323226,0.0,0.0,0.0,33.17084333957963,0.0,29.554446066486577,0.0,0.0,0.0,0.0,0.0,0.0,0.0,0.0,0.0,0.0,0.0,0.0,49104000.0 
 01/01  22:01:00,30.68,33.1593614271497,29.554093302148868,33.1593614271497,0.0,0.0,29.554093302148868,0.0,0.0,0.0,33.16509759309691,0.0,29.55426939323226,0.0,0.0,0.0,0.0,0.0,0.0,0.0,0.0,0.0,0.0,0.0,0.0 
 01/01  22:02:00,30.68,33.153635212985115,29.55391779512632,33.153635212985115,0.0,0.0,29.55391779512632,0.0,0.0,0.0,33.1593614271497,0.0,29.554093302148868,0.0,0.0,0.0,0.0,0.0,0.0,0.0,0.0,0.0,0.0,0.0,0.0 
 01/01  22:03:00,30.68,33.147918542194695,29.553742867556142,33.147918542194695,0.0,0.0,29.553742867556142,0.0,0.0,0.0,33.153635212985115,0.0,29.55391779512632,0.0,0.0,0.0,0.0,0.0,0.0,0.0,0.0,0.0,0.0,0.0,0.0 
 01/01  22:04:00,30.68,33.142211784672234,29.553568515461702,33.142211784672234,0.0,0.0,29.553568515461702,0.0,0.0,0.0,33.147918542194695,0.0,29.553742867556142,0.0,0.0,0.0,0.0,0.0,0.0,0.0,0.0,0.0,0.0,0.0,0.0 
 01/01  22:05:00,30.68,33.13651453367716,29.55339473568454,33.13651453367716,0.0,0.0,29.55339473568454,0.0,0.0,0.0,33.142211784672234,0.0,29.553568515461702,0.0,0.0,0.0,0.0,0.0,0.0,0.0,0.0,0.0,0.0,0.0,0.0 
 01/01  22:06:00,30.68,33.130827157764664,29.553221528957543,33.130827157764664,0.0,0.0,29.553221528957543,0.0,0.0,0.0,33.13651453367716,0.0,29.55339473568454,0.0,0.0,0.0,0.0,0.0,0.0,0.0,0.0,0.0,0.0,0.0,0.0 
 01/01  22:07:00,30.68,33.12514925184689,29.55304888625947,33.12514925184689,0.0,0.0,29.55304888625947,0.0,0.0,0.0,33.130827157764664,0.0,29.553221528957543,0.0,0.0,0.0,0.0,0.0,0.0,0.0,0.0,0.0,0.0,0.0,0.0 
 01/01  22:08:00,30.68,33.11948118314235,29.552876809518317,33.11948118314235,0.0,0.0,29.552876809518317,0.0,0.0,0.0,33.12514925184689,0.0,29.55304888625947,0.0,0.0,0.0,0.0,0.0,0.0,0.0,0.0,0.0,0.0,0.0,0.0 
 01/01  22:09:00,30.68,33.11382254819414,29.552705294432194,33.11382254819414,0.0,0.0,29.552705294432194,0.0,0.0,0.0,33.11948118314235,0.0,29.552876809518317,0.0,0.0,0.0,0.0,0.0,0.0,0.0,0.0,0.0,0.0,0.0,0.0 
 01/01  22:10:00,30.68,33.10817371289495,29.55253433717064,33.10817371289495,0.0,0.0,29.55253433717064,0.0,0.0,0.0,33.11382254819414,0.0,29.552705294432194,0.0,0.0,0.0,0.0,0.0,0.0,0.0,0.0,0.0,0.0,0.0,0.0 
 01/01  22:11:00,30.68,33.102534275411145,29.55236393484579,33.102534275411145,0.0,0.0,29.55236393484579,0.0,0.0,0.0,33.10817371289495,0.0,29.55253433717064,0.0,0.0,0.0,0.0,0.0,0.0,0.0,0.0,0.0,0.0,0.0,0.0 
 01/01  22:12:00,30.68,33.09690460031559,29.552194088243215,33.09690460031559,0.0,0.0,29.552194088243215,0.0,0.0,0.0,33.102534275411145,0.0,29.55236393484579,0.0,0.0,0.0,0.0,0.0,0.0,0.0,0.0,0.0,0.0,0.0,0.0 
 01/01  22:13:00,30.68,33.09128428737561,29.55202478871422,33.09128428737561,0.0,0.0,29.55202478871422,0.0,0.0,0.0,33.09690460031559,0.0,29.552194088243215,0.0,0.0,0.0,0.0,0.0,0.0,0.0,0.0,0.0,0.0,0.0,0.0 
 01/01  22:14:00,30.68,33.08567369985515,29.55185603821542,33.08567369985515,0.0,0.0,29.55185603821542,0.0,0.0,0.0,33.09128428737561,0.0,29.55202478871422,0.0,0.0,0.0,0.0,0.0,0.0,0.0,0.0,0.0,0.0,0.0,0.0 
 01/01  22:15:00,30.68,33.08007243911112,29.551687832721306,33.08007243911112,0.0,0.0,29.551687832721306,0.0,0.0,0.0,33.08567369985515,0.0,29.55185603821542,0.0,0.0,0.0,0.0,0.0,0.0,0.0,0.0,0.0,0.0,0.0,0.0 
 01/01  22:16:00,30.68,33.074480867101975,29.55152016853371,33.074480867101975,0.0,0.0,29.55152016853371,0.0,0.0,0.0,33.08007243911112,0.0,29.551687832721306,0.0,0.0,0.0,0.0,0.0,0.0,0.0,0.0,0.0,0.0,0.0,0.0 
 01/01  22:17:00,30.68,33.06889858675963,29.551353043008202,33.06889858675963,0.0,0.0,29.551353043008202,0.0,0.0,0.0,33.074480867101975,0.0,29.55152016853371,0.0,0.0,0.0,0.0,0.0,0.0,0.0,0.0,0.0,0.0,0.0,0.0 
 01/01  22:18:00,30.68,33.06332595874238,29.55118645697471,33.06332595874238,0.0,0.0,29.55118645697471,0.0,0.0,0.0,33.06889858675963,0.0,29.551353043008202,0.0,0.0,0.0,0.0,0.0,0.0,0.0,0.0,0.0,0.0,0.0,0.0 
 01/01  22:19:00,30.68,33.057762587547366,29.551020402125555,33.057762587547366,0.0,0.0,29.551020402125555,0.0,0.0,0.0,33.06332595874238,0.0,29.55118645697471,0.0,0.0,0.0,0.0,0.0,0.0,0.0,0.0,0.0,0.0,0.0,0.0 
 01/01  22:20:00,30.68,33.05220883254206,29.550854880438955,33.05220883254206,0.0,0.0,29.550854880438955,0.0,0.0,0.0,33.057762587547366,0.0,29.551020402125555,0.0,0.0,0.0,0.0,0.0,0.0,0.0,0.0,0.0,0.0,0.0,0.0 
 01/01  22:21:00,30.68,33.04666429976859,29.550689888139612,33.04666429976859,0.0,0.0,29.550689888139612,0.0,0.0,0.0,33.05220883254206,0.0,29.550854880438955,0.0,0.0,0.0,0.0,0.0,0.0,0.0,0.0,0.0,0.0,0.0,0.0 
 01/01  22:22:00,30.68,33.04112934731116,29.550525421649745,33.04112934731116,0.0,0.0,29.550525421649745,0.0,0.0,0.0,33.04666429976859,0.0,29.550689888139612,0.0,0.0,0.0,0.0,0.0,0.0,0.0,0.0,0.0,0.0,0.0,0.0 
 01/01  22:23:00,30.68,33.03560358274802,29.550361478544332,33.03560358274802,0.0,0.0,29.550361478544332,0.0,0.0,0.0,33.04112934731116,0.0,29.550525421649745,0.0,0.0,0.0,0.0,0.0,0.0,0.0,0.0,0.0,0.0,0.0,0.0 
 01/01  22:24:00,30.68,33.03008736288654,29.550198059690313,33.03008736288654,0.0,0.0,29.550198059690313,0.0,0.0,0.0,33.03560358274802,0.0,29.550361478544332,0.0,0.0,0.0,0.0,0.0,0.0,0.0,0.0,0.0,0.0,0.0,0.0 
 01/01  22:25:00,30.68,33.024580296827125,29.550035157093156,33.024580296827125,0.0,0.0,29.550035157093156,0.0,0.0,0.0,33.03008736288654,0.0,29.550198059690313,0.0,0.0,0.0,0.0,0.0,0.0,0.0,0.0,0.0,0.0,0.0,0.0 
 01/01  22:26:00,30.68,33.019082740106306,29.549872772746873,33.019082740106306,0.0,0.0,29.549872772746873,0.0,0.0,0.0,33.024580296827125,0.0,29.550035157093156,0.0,0.0,0.0,0.0,0.0,0.0,0.0,0.0,0.0,0.0,0.0,0.0 
 01/01  22:27:00,30.68,33.0135943033318,29.54971090310362,33.0135943033318,0.0,0.0,29.54971090310362,0.0,0.0,0.0,33.019082740106306,0.0,29.549872772746873,0.0,0.0,0.0,0.0,0.0,0.0,0.0,0.0,0.0,0.0,0.0,0.0 
 01/01  22:28:00,30.68,33.008115340777145,29.549549544696045,33.008115340777145,0.0,0.0,29.549549544696045,0.0,0.0,0.0,33.0135943033318,0.0,29.54971090310362,0.0,0.0,0.0,0.0,0.0,0.0,0.0,0.0,0.0,0.0,0.0,0.0 
 01/01  22:29:00,30.68,33.00264546454889,29.5493886952977,33.00264546454889,0.0,0.0,29.5493886952977,0.0,0.0,0.0,33.008115340777145,0.0,29.549549544696045,0.0,0.0,0.0,0.0,0.0,0.0,0.0,0.0,0.0,0.0,0.0,0.0 
 01/01  22:30:00,30.68,32.99718502766096,29.549228355806488,32.99718502766096,0.0,0.0,29.549228355806488,0.0,0.0,0.0,33.00264546454889,0.0,29.5493886952977,0.0,0.0,0.0,0.0,0.0,0.0,0.0,0.0,0.0,0.0,0.0,0.0 
 01/01  22:31:00,30.68,32.9917336437092,29.54906851851604,32.9917336437092,0.0,0.0,29.54906851851604,0.0,0.0,0.0,32.99718502766096,0.0,29.549228355806488,0.0,0.0,0.0,0.0,0.0,0.0,0.0,0.0,0.0,0.0,0.0,0.0 
 01/01  22:32:00,30.68,32.9862916644558,29.548909185430553,32.9862916644558,0.0,0.0,29.548909185430553,0.0,0.0,0.0,32.9917336437092,0.0,29.54906851851604,0.0,0.0,0.0,0.0,0.0,0.0,0.0,0.0,0.0,0.0,0.0,0.0 
 01/01  22:33:00,30.68,32.98085870496558,29.54875035320826,32.98085870496558,0.0,0.0,29.54875035320826,0.0,0.0,0.0,32.9862916644558,0.0,29.548909185430553,0.0,0.0,0.0,0.0,0.0,0.0,0.0,0.0,0.0,0.0,0.0,0.0 
 01/01  22:34:00,30.68,32.97543511575743,29.54859201848185,32.97543511575743,0.0,0.0,29.54859201848185,0.0,0.0,0.0,32.98085870496558,0.0,29.54875035320826,0.0,0.0,0.0,0.0,0.0,0.0,0.0,0.0,0.0,0.0,0.0,0.0 
 01/01  22:35:00,30.68,32.97002051336157,29.54843417920312,32.97002051336157,0.0,0.0,29.54843417920312,0.0,0.0,0.0,32.97543511575743,0.0,29.54859201848185,0.0,0.0,0.0,0.0,0.0,0.0,0.0,0.0,0.0,0.0,0.0,0.0 
 01/01  22:36:00,30.68,32.96461524705868,29.548276836293734,32.96461524705868,0.0,0.0,29.548276836293734,0.0,0.0,0.0,32.97002051336157,0.0,29.54843417920312,0.0,0.0,0.0,0.0,0.0,0.0,0.0,0.0,0.0,0.0,0.0,0.0 
 01/01  22:37:00,30.68,32.95921893483113,29.548119982311587,32.95921893483113,0.0,0.0,29.548119982311587,0.0,0.0,0.0,32.96461524705868,0.0,29.548276836293734,0.0,0.0,0.0,0.0,0.0,0.0,0.0,0.0,0.0,0.0,0.0,0.0 
 01/01  22:38:00,30.68,32.953831924721776,29.547963619264817,32.953831924721776,0.0,0.0,29.547963619264817,0.0,0.0,0.0,32.95921893483113,0.0,29.548119982311587,0.0,0.0,0.0,0.0,0.0,0.0,0.0,0.0,0.0,0.0,0.0,0.0 
 01/01  22:39:00,30.68,32.94845383615675,29.547807743997897,32.94845383615675,0.0,0.0,29.547807743997897,0.0,0.0,0.0,32.953831924721776,0.0,29.547963619264817,0.0,0.0,0.0,0.0,0.0,0.0,0.0,0.0,0.0,0.0,0.0,0.0 
 01/01  22:40:00,30.68,32.94308501595406,29.5476523532342,32.94308501595406,0.0,0.0,29.5476523532342,0.0,0.0,0.0,32.94845383615675,0.0,29.547807743997897,0.0,0.0,0.0,0.0,0.0,0.0,0.0,0.0,0.0,0.0,0.0,0.0 
 01/01  22:41:00,30.68,32.93772508497172,29.547497445085817,32.93772508497172,0.0,0.0,29.547497445085817,0.0,0.0,0.0,32.94308501595406,0.0,29.5476523532342,0.0,0.0,0.0,0.0,0.0,0.0,0.0,0.0,0.0,0.0,0.0,0.0 
 01/01  22:42:00,30.68,32.93237438880634,29.547343020492498,32.93237438880634,0.0,0.0,29.547343020492498,0.0,0.0,0.0,32.93772508497172,0.0,29.547497445085817,0.0,0.0,0.0,0.0,0.0,0.0,0.0,0.0,0.0,0.0,0.0,0.0 
 01/01  22:43:00,30.68,32.92703254973214,29.54718907225582,32.92703254973214,0.0,0.0,29.54718907225582,0.0,0.0,0.0,32.93237438880634,0.0,29.547343020492498,0.0,0.0,0.0,0.0,0.0,0.0,0.0,0.0,0.0,0.0,0.0,0.0 
 01/01  22:44:00,30.68,32.92169991213242,29.547035602383353,32.92169991213242,0.0,0.0,29.547035602383353,0.0,0.0,0.0,32.92703254973214,0.0,29.54718907225582,0.0,0.0,0.0,0.0,0.0,0.0,0.0,0.0,0.0,0.0,0.0,0.0 
 01/01  22:45:00,30.68,32.91637609969455,29.54688260788904,32.91637609969455,0.0,0.0,29.54688260788904,0.0,0.0,0.0,32.92169991213242,0.0,29.547035602383353,0.0,0.0,0.0,0.0,0.0,0.0,0.0,0.0,0.0,0.0,0.0,0.0 
 01/01  22:46:00,30.68,32.91106145558851,29.54673008557938,32.91106145558851,0.0,0.0,29.54673008557938,0.0,0.0,0.0,32.91637609969455,0.0,29.54688260788904,0.0,0.0,0.0,0.0,0.0,0.0,0.0,0.0,0.0,0.0,0.0,0.0 
 01/01  22:47:00,30.68,32.905755604905295,29.54657803371154,32.905755604905295,0.0,0.0,29.54657803371154,0.0,0.0,0.0,32.91106145558851,0.0,29.54673008557938,0.0,0.0,0.0,0.0,0.0,0.0,0.0,0.0,0.0,0.0,0.0,0.0 
 01/01  22:48:00,30.68,32.90045888961266,29.54642645323888,32.90045888961266,0.0,0.0,29.54642645323888,0.0,0.0,0.0,32.905755604905295,0.0,29.54657803371154,0.0,0.0,0.0,0.0,0.0,0.0,0.0,0.0,0.0,0.0,0.0,0.0 
 01/01  22:49:00,30.68,32.89517093619178,29.546275337188742,32.89517093619178,0.0,0.0,29.546275337188742,0.0,0.0,0.0,32.90045888961266,0.0,29.54642645323888,0.0,0.0,0.0,0.0,0.0,0.0,0.0,0.0,0.0,0.0,0.0,0.0 
 01/01  22:50:00,30.68,32.88989208541275,29.546124687564504,32.88989208541275,0.0,0.0,29.546124687564504,0.0,0.0,0.0,32.89517093619178,0.0,29.546275337188742,0.0,0.0,0.0,0.0,0.0,0.0,0.0,0.0,0.0,0.0,0.0,0.0 
 01/01  22:51:00,30.68,32.884621965137796,29.54597450153474,32.884621965137796,0.0,0.0,29.54597450153474,0.0,0.0,0.0,32.88989208541275,0.0,29.546124687564504,0.0,0.0,0.0,0.0,0.0,0.0,0.0,0.0,0.0,0.0,0.0,0.0 
 01/01  22:52:00,30.68,32.87936091494303,29.545824775982496,32.87936091494303,0.0,0.0,29.545824775982496,0.0,0.0,0.0,32.884621965137796,0.0,29.54597450153474,0.0,0.0,0.0,0.0,0.0,0.0,0.0,0.0,0.0,0.0,0.0,0.0 
 01/01  22:53:00,30.68,32.87410856406623,29.5456755092962,32.87410856406623,0.0,0.0,29.5456755092962,0.0,0.0,0.0,32.87936091494303,0.0,29.545824775982496,0.0,0.0,0.0,0.0,0.0,0.0,0.0,0.0,0.0,0.0,0.0,0.0 
 01/01  22:54:00,30.68,32.86886525089489,29.545526702438607,32.86886525089489,0.0,0.0,29.545526702438607,0.0,0.0,0.0,32.87410856406623,0.0,29.5456755092962,0.0,0.0,0.0,0.0,0.0,0.0,0.0,0.0,0.0,0.0,0.0,0.0 
 01/01  22:55:00,30.68,32.86363060603064,29.545378348646206,32.86363060603064,0.0,0.0,29.545378348646206,0.0,0.0,0.0,32.86886525089489,0.0,29.545526702438607,0.0,0.0,0.0,0.0,0.0,0.0,0.0,0.0,0.0,0.0,0.0,0.0 
 01/01  22:56:00,30.68,32.85840496668062,29.545230449914296,32.85840496668062,0.0,0.0,29.545230449914296,0.0,0.0,0.0,32.86363060603064,0.0,29.545378348646206,0.0,0.0,0.0,0.0,0.0,0.0,0.0,0.0,0.0,0.0,0.0,0.0 
 01/01  22:57:00,30.68,32.85318796480138,29.545083003551962,32.85318796480138,0.0,0.0,29.545083003551962,0.0,0.0,0.0,32.85840496668062,0.0,29.545230449914296,0.0,0.0,0.0,0.0,0.0,0.0,0.0,0.0,0.0,0.0,0.0,0.0 
 01/01  22:58:00,30.68,32.84797993642219,29.54493600651206,32.84797993642219,0.0,0.0,29.54493600651206,0.0,0.0,0.0,32.85318796480138,0.0,29.545083003551962,0.0,0.0,0.0,0.0,0.0,0.0,0.0,0.0,0.0,0.0,0.0,0.0 
 01/01  22:59:00,30.68,32.84278051484688,29.54478945730121,32.84278051484688,0.0,0.0,29.54478945730121,0.0,0.0,0.0,32.84797993642219,0.0,29.54493600651206,0.0,0.0,0.0,0.0,0.0,0.0,0.0,0.0,0.0,0.0,0.0,0.0 
 01/01  23:00:00,30.68,32.83759003493311,29.544643356887487,32.83759003493311,0.0,0.0,29.544643356887487,0.0,0.0,0.0,32.84278051484688,0.0,29.54478945730121,0.0,0.0,0.0,0.0,0.0,0.0,0.0,0.0,0.0,0.0,0.0,0.0,49104000.0 
 01/01  23:01:00,30.68,32.83240813132619,29.544497698701726,32.83240813132619,0.0,0.0,29.544497698701726,0.0,0.0,0.0,32.83759003493311,0.0,29.544643356887487,0.0,0.0,0.0,0.0,0.0,0.0,0.0,0.0,0.0,0.0,0.0,0.0 
 01/01  23:02:00,30.68,32.82723513771617,29.544352484728478,32.82723513771617,0.0,0.0,29.544352484728478,0.0,0.0,0.0,32.83240813132619,0.0,29.544497698701726,0.0,0.0,0.0,0.0,0.0,0.0,0.0,0.0,0.0,0.0,0.0,0.0 
 01/01  23:03:00,30.68,32.822070690078334,29.544207712406045,32.822070690078334,0.0,0.0,29.544207712406045,0.0,0.0,0.0,32.82723513771617,0.0,29.544352484728478,0.0,0.0,0.0,0.0,0.0,0.0,0.0,0.0,0.0,0.0,0.0,0.0 
 01/01  23:04:00,30.68,32.816915120940834,29.544063378753062,32.816915120940834,0.0,0.0,29.544063378753062,0.0,0.0,0.0,32.822070690078334,0.0,29.544207712406045,0.0,0.0,0.0,0.0,0.0,0.0,0.0,0.0,0.0,0.0,0.0,0.0 
 01/01  23:05:00,30.68,32.811768067602024,29.54391948238501,32.811768067602024,0.0,0.0,29.54391948238501,0.0,0.0,0.0,32.816915120940834,0.0,29.544063378753062,0.0,0.0,0.0,0.0,0.0,0.0,0.0,0.0,0.0,0.0,0.0,0.0 
 01/01  23:06:00,30.68,32.80662986143587,29.543776024274276,32.80662986143587,0.0,0.0,29.543776024274276,0.0,0.0,0.0,32.811768067602024,0.0,29.54391948238501,0.0,0.0,0.0,0.0,0.0,0.0,0.0,0.0,0.0,0.0,0.0,0.0 
 01/01  23:07:00,30.68,32.80150014105481,29.543632998035225,32.80150014105481,0.0,0.0,29.543632998035225,0.0,0.0,0.0,32.80662986143587,0.0,29.543776024274276,0.0,0.0,0.0,0.0,0.0,0.0,0.0,0.0,0.0,0.0,0.0,0.0 
 01/01  23:08:00,30.68,32.796379236678135,29.543490405641496,32.796379236678135,0.0,0.0,29.543490405641496,0.0,0.0,0.0,32.80150014105481,0.0,29.543632998035225,0.0,0.0,0.0,0.0,0.0,0.0,0.0,0.0,0.0,0.0,0.0,0.0 
 01/01  23:09:00,30.68,32.79126678822863,29.54334824465214,32.79126678822863,0.0,0.0,29.54334824465214,0.0,0.0,0.0,32.796379236678135,0.0,29.543490405641496,0.0,0.0,0.0,0.0,0.0,0.0,0.0,0.0,0.0,0.0,0.0,0.0 
 01/01  23:10:00,30.68,32.78616312477896,29.543206512148956,32.78616312477896,0.0,0.0,29.543206512148956,0.0,0.0,0.0,32.79126678822863,0.0,29.54334824465214,0.0,0.0,0.0,0.0,0.0,0.0,0.0,0.0,0.0,0.0,0.0,0.0 
 01/01  23:11:00,30.68,32.78106788754919,29.543065206848112,32.78106788754919,0.0,0.0,29.543065206848112,0.0,0.0,0.0,32.78616312477896,0.0,29.543206512148956,0.0,0.0,0.0,0.0,0.0,0.0,0.0,0.0,0.0,0.0,0.0,0.0 
 01/01  23:12:00,30.68,32.77598140447317,29.542924329724883,32.77598140447317,0.0,0.0,29.542924329724883,0.0,0.0,0.0,32.78106788754919,0.0,29.543065206848112,0.0,0.0,0.0,0.0,0.0,0.0,0.0,0.0,0.0,0.0,0.0,0.0 
 01/01  23:13:00,30.68,32.77090331806341,29.5427838745662,32.77090331806341,0.0,0.0,29.5427838745662,0.0,0.0,0.0,32.77598140447317,0.0,29.542924329724883,0.0,0.0,0.0,0.0,0.0,0.0,0.0,0.0,0.0,0.0,0.0,0.0 
 01/01  23:14:00,30.68,32.76583395511613,29.54264384333296,32.76583395511613,0.0,0.0,29.54264384333296,0.0,0.0,0.0,32.77090331806341,0.0,29.5427838745662,0.0,0.0,0.0,0.0,0.0,0.0,0.0,0.0,0.0,0.0,0.0,0.0 
 01/01  23:15:00,30.68,32.7607729594287,29.542504233695105,32.7607729594287,0.0,0.0,29.542504233695105,0.0,0.0,0.0,32.76583395511613,0.0,29.54264384333296,0.0,0.0,0.0,0.0,0.0,0.0,0.0,0.0,0.0,0.0,0.0,0.0 
 01/01  23:16:00,30.68,32.7557206566651,29.542365042792987,32.7557206566651,0.0,0.0,29.542365042792987,0.0,0.0,0.0,32.7607729594287,0.0,29.542504233695105,0.0,0.0,0.0,0.0,0.0,0.0,0.0,0.0,0.0,0.0,0.0,0.0 
 01/01  23:17:00,30.68,32.750676691900864,29.542226269433833,32.750676691900864,0.0,0.0,29.542226269433833,0.0,0.0,0.0,32.7557206566651,0.0,29.542365042792987,0.0,0.0,0.0,0.0,0.0,0.0,0.0,0.0,0.0,0.0,0.0,0.0 
 01/01  23:18:00,30.68,32.745641389670496,29.54208791459267,32.745641389670496,0.0,0.0,29.54208791459267,0.0,0.0,0.0,32.750676691900864,0.0,29.542226269433833,0.0,0.0,0.0,0.0,0.0,0.0,0.0,0.0,0.0,0.0,0.0,0.0 
 01/01  23:19:00,30.68,32.74061439632192,29.541949972217544,32.74061439632192,0.0,0.0,29.541949972217544,0.0,0.0,0.0,32.745641389670496,0.0,29.54208791459267,0.0,0.0,0.0,0.0,0.0,0.0,0.0,0.0,0.0,0.0,0.0,0.0 
 01/01  23:20:00,30.68,32.735596035270014,29.54181244425407,32.735596035270014,0.0,0.0,29.54181244425407,0.0,0.0,0.0,32.74061439632192,0.0,29.541949972217544,0.0,0.0,0.0,0.0,0.0,0.0,0.0,0.0,0.0,0.0,0.0,0.0 
 01/01  23:21:00,30.68,32.730585954126184,29.54167532847389,32.730585954126184,0.0,0.0,29.54167532847389,0.0,0.0,0.0,32.735596035270014,0.0,29.54181244425407,0.0,0.0,0.0,0.0,0.0,0.0,0.0,0.0,0.0,0.0,0.0,0.0 
 01/01  23:22:00,30.68,32.72558447518394,29.541538622071926,32.72558447518394,0.0,0.0,29.541538622071926,0.0,0.0,0.0,32.730585954126184,0.0,29.54167532847389,0.0,0.0,0.0,0.0,0.0,0.0,0.0,0.0,0.0,0.0,0.0,0.0 
 01/01  23:23:00,30.68,32.72059124731277,29.541402323938364,32.72059124731277,0.0,0.0,29.541402323938364,0.0,0.0,0.0,32.72558447518394,0.0,29.541538622071926,0.0,0.0,0.0,0.0,0.0,0.0,0.0,0.0,0.0,0.0,0.0,0.0 
 01/01  23:24:00,30.68,32.71560659169354,29.541266435045877,32.71560659169354,0.0,0.0,29.541266435045877,0.0,0.0,0.0,32.72059124731277,0.0,29.541402323938364,0.0,0.0,0.0,0.0,0.0,0.0,0.0,0.0,0.0,0.0,0.0,0.0 
 01/01  23:25:00,30.68,32.71063015844503,29.541130949493994,32.71063015844503,0.0,0.0,29.541130949493994,0.0,0.0,0.0,32.71560659169354,0.0,29.541266435045877,0.0,0.0,0.0,0.0,0.0,0.0,0.0,0.0,0.0,0.0,0.0,0.0 
 01/01  23:26:00,30.68,32.7056622676402,29.54099586921132,32.7056622676402,0.0,0.0,29.54099586921132,0.0,0.0,0.0,32.71063015844503,0.0,29.541130949493994,0.0,0.0,0.0,0.0,0.0,0.0,0.0,0.0,0.0,0.0,0.0,0.0 
 01/01  23:27:00,30.68,32.70070257064513,29.54086119206307,32.70070257064513,0.0,0.0,29.54086119206307,0.0,0.0,0.0,32.7056622676402,0.0,29.54099586921132,0.0,0.0,0.0,0.0,0.0,0.0,0.0,0.0,0.0,0.0,0.0,0.0 
 01/01  23:28:00,30.68,32.6957513864253,29.540726915295007,32.6957513864253,0.0,0.0,29.540726915295007,0.0,0.0,0.0,32.70070257064513,0.0,29.54086119206307,0.0,0.0,0.0,0.0,0.0,0.0,0.0,0.0,0.0,0.0,0.0,0.0 
 01/01  23:29:00,30.68,32.69080836758459,29.54059303787249,32.69080836758459,0.0,0.0,29.54059303787249,0.0,0.0,0.0,32.6957513864253,0.0,29.540726915295007,0.0,0.0,0.0,0.0,0.0,0.0,0.0,0.0,0.0,0.0,0.0,0.0 
 01/01  23:30:00,30.68,32.68587383198881,29.540459560763416,32.68587383198881,0.0,0.0,29.540459560763416,0.0,0.0,0.0,32.69080836758459,0.0,29.54059303787249,0.0,0.0,0.0,0.0,0.0,0.0,0.0,0.0,0.0,0.0,0.0,0.0 
 01/01  23:31:00,30.68,32.68094743347171,29.540326478209483,32.68094743347171,0.0,0.0,29.540326478209483,0.0,0.0,0.0,32.68587383198881,0.0,29.540459560763416,0.0,0.0,0.0,0.0,0.0,0.0,0.0,0.0,0.0,0.0,0.0,0.0 
 01/01  23:32:00,30.68,32.67602948880455,29.54019379212035,32.67602948880455,0.0,0.0,29.54019379212035,0.0,0.0,0.0,32.68094743347171,0.0,29.540326478209483,0.0,0.0,0.0,0.0,0.0,0.0,0.0,0.0,0.0,0.0,0.0,0.0 
 01/01  23:33:00,30.68,32.67111965304748,29.54006150044742,32.67111965304748,0.0,0.0,29.54006150044742,0.0,0.0,0.0,32.67602948880455,0.0,29.54019379212035,0.0,0.0,0.0,0.0,0.0,0.0,0.0,0.0,0.0,0.0,0.0,0.0 
 01/01  23:34:00,30.68,32.666218241878745,29.539929600484403,32.666218241878745,0.0,0.0,29.539929600484403,0.0,0.0,0.0,32.67111965304748,0.0,29.54006150044742,0.0,0.0,0.0,0.0,0.0,0.0,0.0,0.0,0.0,0.0,0.0,0.0 
 01/01  23:35:00,30.68,32.66132491157878,29.53979809126572,32.66132491157878,0.0,0.0,29.53979809126572,0.0,0.0,0.0,32.666218241878745,0.0,29.539929600484403,0.0,0.0,0.0,0.0,0.0,0.0,0.0,0.0,0.0,0.0,0.0,0.0 
 01/01  23:36:00,30.68,32.65643997673979,29.539666973753675,32.65643997673979,0.0,0.0,29.539666973753675,0.0,0.0,0.0,32.66132491157878,0.0,29.53979809126572,0.0,0.0,0.0,0.0,0.0,0.0,0.0,0.0,0.0,0.0,0.0,0.0 
 01/01  23:37:00,30.68,32.65156309485371,29.539536242325372,32.65156309485371,0.0,0.0,29.539536242325372,0.0,0.0,0.0,32.65643997673979,0.0,29.539666973753675,0.0,0.0,0.0,0.0,0.0,0.0,0.0,0.0,0.0,0.0,0.0,0.0 
 01/01  23:38:00,30.68,32.64669457943108,29.539405898871724,32.64669457943108,0.0,0.0,29.539405898871724,0.0,0.0,0.0,32.65156309485371,0.0,29.539536242325372,0.0,0.0,0.0,0.0,0.0,0.0,0.0,0.0,0.0,0.0,0.0,0.0 
 01/01  23:39:00,30.68,32.641834089172015,29.539275941425487,32.641834089172015,0.0,0.0,29.539275941425487,0.0,0.0,0.0,32.64669457943108,0.0,29.539405898871724,0.0,0.0,0.0,0.0,0.0,0.0,0.0,0.0,0.0,0.0,0.0,0.0 
 01/01  23:40:00,30.68,32.636981936506984,29.539146367327383,32.636981936506984,0.0,0.0,29.539146367327383,0.0,0.0,0.0,32.641834089172015,0.0,29.539275941425487,0.0,0.0,0.0,0.0,0.0,0.0,0.0,0.0,0.0,0.0,0.0,0.0 
 01/01  23:41:00,30.68,32.632137781336546,29.53901717567667,32.632137781336546,0.0,0.0,29.53901717567667,0.0,0.0,0.0,32.636981936506984,0.0,29.539146367327383,0.0,0.0,0.0,0.0,0.0,0.0,0.0,0.0,0.0,0.0,0.0,0.0 
 01/01  23:42:00,30.68,32.62730193502091,29.53888836743043,32.62730193502091,0.0,0.0,29.53888836743043,0.0,0.0,0.0,32.632137781336546,0.0,29.53901717567667,0.0,0.0,0.0,0.0,0.0,0.0,0.0,0.0,0.0,0.0,0.0,0.0 
 01/01  23:43:00,30.68,32.62247405865456,29.53875993709565,32.62247405865456,0.0,0.0,29.53875993709565,0.0,0.0,0.0,32.62730193502091,0.0,29.53888836743043,0.0,0.0,0.0,0.0,0.0,0.0,0.0,0.0,0.0,0.0,0.0,0.0 
 01/01  23:44:00,30.68,32.61765446252609,29.53863188654511,32.61765446252609,0.0,0.0,29.53863188654511,0.0,0.0,0.0,32.62247405865456,0.0,29.53875993709565,0.0,0.0,0.0,0.0,0.0,0.0,0.0,0.0,0.0,0.0,0.0,0.0 
 01/01  23:45:00,30.68,32.612842808921485,29.538504213888707,32.612842808921485,0.0,0.0,29.538504213888707,0.0,0.0,0.0,32.61765446252609,0.0,29.53863188654511,0.0,0.0,0.0,0.0,0.0,0.0,0.0,0.0,0.0,0.0,0.0,0.0 
 01/01  23:46:00,30.68,32.60803940706466,29.538376916513485,32.60803940706466,0.0,0.0,29.538376916513485,0.0,0.0,0.0,32.612842808921485,0.0,29.538504213888707,0.0,0.0,0.0,0.0,0.0,0.0,0.0,0.0,0.0,0.0,0.0,0.0 
 01/01  23:47:00,30.68,32.60324392042431,29.538249993579903,32.60324392042431,0.0,0.0,29.538249993579903,0.0,0.0,0.0,32.60803940706466,0.0,29.538376916513485,0.0,0.0,0.0,0.0,0.0,0.0,0.0,0.0,0.0,0.0,0.0,0.0 
 01/01  23:48:00,30.68,32.598456657161634,29.538123446040284,32.598456657161634,0.0,0.0,29.538123446040284,0.0,0.0,0.0,32.60324392042431,0.0,29.538249993579903,0.0,0.0,0.0,0.0,0.0,0.0,0.0,0.0,0.0,0.0,0.0,0.0 
 01/01  23:49:00,30.68,32.593677281926034,29.537997268526603,32.593677281926034,0.0,0.0,29.537997268526603,0.0,0.0,0.0,32.598456657161634,0.0,29.538123446040284,0.0,0.0,0.0,0.0,0.0,0.0,0.0,0.0,0.0,0.0,0.0,0.0 
 01/01  23:50:00,30.68,32.58890610182037,29.537871462894074,32.58890610182037,0.0,0.0,29.537871462894074,0.0,0.0,0.0,32.593677281926034,0.0,29.537997268526603,0.0,0.0,0.0,0.0,0.0,0.0,0.0,0.0,0.0,0.0,0.0,0.0 
 01/01  23:51:00,30.68,32.58414278266873,29.53774602732561,32.58414278266873,0.0,0.0,29.53774602732561,0.0,0.0,0.0,32.58890610182037,0.0,29.537871462894074,0.0,0.0,0.0,0.0,0.0,0.0,0.0,0.0,0.0,0.0,0.0,0.0 
 01/01  23:52:00,30.68,32.579387630521204,29.537620959253346,32.579387630521204,0.0,0.0,29.537620959253346,0.0,0.0,0.0,32.58414278266873,0.0,29.53774602732561,0.0,0.0,0.0,0.0,0.0,0.0,0.0,0.0,0.0,0.0,0.0,0.0 
 01/01  23:53:00,30.68,32.5746403123661,29.537496257894624,32.5746403123661,0.0,0.0,29.537496257894624,0.0,0.0,0.0,32.579387630521204,0.0,29.537620959253346,0.0,0.0,0.0,0.0,0.0,0.0,0.0,0.0,0.0,0.0,0.0,0.0 
 01/01  23:54:00,30.68,32.56990113320593,29.537371924196183,32.56990113320593,0.0,0.0,29.537371924196183,0.0,0.0,0.0,32.5746403123661,0.0,29.537496257894624,0.0,0.0,0.0,0.0,0.0,0.0,0.0,0.0,0.0,0.0,0.0,0.0 
 01/01  23:55:00,30.68,32.565169761193474,29.537247952908814,32.565169761193474,0.0,0.0,29.537247952908814,0.0,0.0,0.0,32.56990113320593,0.0,29.537371924196183,0.0,0.0,0.0,0.0,0.0,0.0,0.0,0.0,0.0,0.0,0.0,0.0 
 01/01  23:56:00,30.68,32.560446500282445,29.5371243458691,32.560446500282445,0.0,0.0,29.5371243458691,0.0,0.0,0.0,32.565169761193474,0.0,29.537247952908814,0.0,0.0,0.0,0.0,0.0,0.0,0.0,0.0,0.0,0.0,0.0,0.0 
 01/01  23:57:00,30.68,32.55573101978508,29.53700110132765,32.55573101978508,0.0,0.0,29.53700110132765,0.0,0.0,0.0,32.560446500282445,0.0,29.5371243458691,0.0,0.0,0.0,0.0,0.0,0.0,0.0,0.0,0.0,0.0,0.0,0.0 
 01/01  23:58:00,30.68,32.55102362261529,29.53687821675919,32.55102362261529,0.0,0.0,29.53687821675919,0.0,0.0,0.0,32.55573101978508,0.0,29.53700110132765,0.0,0.0,0.0,0.0,0.0,0.0,0.0,0.0,0.0,0.0,0.0,0.0 
 01/01  23:59:00,30.68,32.54632397923611,29.536755691432898,32.54632397923611,0.0,0.0,29.536755691432898,0.0,0.0,0.0,32.55102362261529,0.0,29.53687821675919,0.0,0.0,0.0,0.0,0.0,0.0,0.0,0.0,0.0,0.0,0.0,0.0 
 01/01  24:00:00,30.68,32.54163239152283,29.536633526288345,32.54163239152283,0.0,0.0,29.536633526288345,0.0,0.0,0.0,32.54632397923611,0.0,29.536755691432898,0.0,0.0,0.0,0.0,0.0,0.0,0.0,0.0,0.0,0.0,0.0,0.0,49104000.0 
