Date/Time,Environment:Site Outdoor Air Drybulb Temperature [C](TimeStep),CHAMBER_THERMALZONE:Zone Mean Air Temperature [C](TimeStep),HANGER_THERMALZONE:Zone Mean Air Temperature [C](TimeStep),CHAMBER_THERMALZONE:Zone Air Temperature [C](TimeStep),CHAMBER_THERMALZONE:Zone Air System Sensible Heating Energy [J](TimeStep),CHAMBER_THERMALZONE:Zone Air System Sensible Cooling Energy [J](TimeStep),HANGER_THERMALZONE:Zone Air Temperature [C](TimeStep),HANGER_THERMALZONE:Zone Air System Sensible Heating Energy [J](TimeStep),HANGER_THERMALZONE:Zone Air System Sensible Cooling Energy [J](TimeStep),NODE 6:System Node Mass Flow Rate [kg/s](TimeStep),NODE 5:System Node Mass Flow Rate [kg/s](TimeStep),NODE 4:System Node Mass Flow Rate [kg/s](TimeStep),NODE 3:System Node Mass Flow Rate [kg/s](TimeStep),NODE 2:System Node Mass Flow Rate [kg/s](TimeStep),NODE 1:System Node Mass Flow Rate [kg/s](TimeStep),CHAMBER_SPLITAC OA NODE:System Node Mass Flow Rate [kg/s](TimeStep),MODEL OUTDOOR AIR NODE:System Node Mass Flow Rate [kg/s](TimeStep),CHAMBER_IDEALLOADS OUTDOOR AIR INLET NODE:System Node Mass Flow Rate [kg/s](TimeStep),HANGER_IDEALLOADS OUTDOOR AIR INLET NODE:System Node Mass Flow Rate [kg/s](TimeStep),CHAMBER_THERMALZONE:Zone Mechanical Ventilation Mass Flow Rate [kg/s](TimeStep),HANGER_THERMALZONE:Zone Mechanical Ventilation Mass Flow Rate [kg/s](TimeStep),Electricity:Facility [J](Hourly) 
 07/21  00:01:00,22.2,33.069129402700085,30.353781232949924,33.069129402700085,0.0,0.0,30.353781232949924,0.0,0.0,0.0,0.0,0.0,0.0,0.0,0.0,0.0,0.0,0.0,0.0,0.0,0.0 
 07/21  00:02:00,22.2,33.141057052759905,30.34087318230597,33.141057052759905,0.0,0.0,30.34087318230597,0.0,0.0,0.0,0.0,0.0,0.0,0.0,0.0,0.0,0.0,0.0,0.0,0.0,0.0 
 07/21  00:03:00,22.2,33.23053126767587,30.327955083886756,33.23053126767587,0.0,0.0,30.327955083886756,0.0,0.0,0.0,0.0,0.0,0.0,0.0,0.0,0.0,0.0,0.0,0.0,0.0,0.0 
 07/21  00:04:00,22.2,33.32082324017445,30.31507532076019,33.32082324017445,0.0,0.0,30.31507532076019,0.0,0.0,0.0,0.0,0.0,0.0,0.0,0.0,0.0,0.0,0.0,0.0,0.0,0.0 
 07/21  00:05:00,22.2,33.40515335510675,30.30224574322696,33.40515335510675,0.0,0.0,30.30224574322696,0.0,0.0,0.0,0.0,0.0,0.0,0.0,0.0,0.0,0.0,0.0,0.0,0.0,0.0 
 07/21  00:06:00,22.2,33.48225711694062,30.289464835601713,33.48225711694062,0.0,0.0,30.289464835601713,0.0,0.0,0.0,0.0,0.0,0.0,0.0,0.0,0.0,0.0,0.0,0.0,0.0,0.0 
 07/21  00:07:00,22.2,33.55313011830219,30.276729054708827,33.55313011830219,0.0,0.0,30.276729054708827,0.0,0.0,0.0,0.0,0.0,0.0,0.0,0.0,0.0,0.0,0.0,0.0,0.0,0.0 
 07/21  00:08:00,22.2,33.618900668149976,30.264036246007322,33.618900668149976,0.0,0.0,30.264036246007322,0.0,0.0,0.0,0.0,0.0,0.0,0.0,0.0,0.0,0.0,0.0,0.0,0.0,0.0 
 07/21  00:09:00,22.2,33.6805502335136,30.25138527814326,33.6805502335136,0.0,0.0,30.25138527814326,0.0,0.0,0.0,0.0,0.0,0.0,0.0,0.0,0.0,0.0,0.0,0.0,0.0,0.0 
 07/21  00:10:00,22.2,33.73872657467346,30.23877558297935,33.73872657467346,0.0,0.0,30.23877558297935,0.0,0.0,0.0,0.0,0.0,0.0,0.0,0.0,0.0,0.0,0.0,0.0,0.0,0.0 
 07/21  00:11:00,22.2,33.79399835744994,30.226206540236912,33.79399835744994,0.0,0.0,30.226206540236912,0.0,0.0,0.0,0.0,0.0,0.0,0.0,0.0,0.0,0.0,0.0,0.0,0.0,0.0 
 07/21  00:12:00,22.2,33.84679112213192,30.213677529724976,33.84679112213192,0.0,0.0,30.213677529724976,0.0,0.0,0.0,0.0,0.0,0.0,0.0,0.0,0.0,0.0,0.0,0.0,0.0,0.0 
 07/21  00:13:00,22.2,33.89751878614457,30.201187684415817,33.89751878614457,0.0,0.0,30.201187684415817,0.0,0.0,0.0,0.0,0.0,0.0,0.0,0.0,0.0,0.0,0.0,0.0,0.0,0.0 
 07/21  00:14:00,22.2,33.946493333355875,30.18873614949071,33.946493333355875,0.0,0.0,30.18873614949071,0.0,0.0,0.0,0.0,0.0,0.0,0.0,0.0,0.0,0.0,0.0,0.0,0.0,0.0 
 07/21  00:15:00,22.2,33.994011904702646,30.17632187142044,33.994011904702646,0.0,0.0,30.17632187142044,0.0,0.0,0.0,0.0,0.0,0.0,0.0,0.0,0.0,0.0,0.0,0.0,0.0,0.0 
 07/21  00:16:00,22.2,34.040285561986686,30.16394380866237,34.040285561986686,0.0,0.0,30.16394380866237,0.0,0.0,0.0,0.0,0.0,0.0,0.0,0.0,0.0,0.0,0.0,0.0,0.0,0.0 
 07/21  00:17:00,22.2,34.08551617662221,30.151600769894216,34.08551617662221,0.0,0.0,30.151600769894216,0.0,0.0,0.0,0.0,0.0,0.0,0.0,0.0,0.0,0.0,0.0,0.0,0.0,0.0 
 07/21  00:18:00,22.2,34.12983937777232,30.13929160293254,34.12983937777232,0.0,0.0,30.13929160293254,0.0,0.0,0.0,0.0,0.0,0.0,0.0,0.0,0.0,0.0,0.0,0.0,0.0,0.0 
 07/21  00:19:00,22.2,34.17339126187645,30.12701501131675,34.17339126187645,0.0,0.0,30.12701501131675,0.0,0.0,0.0,0.0,0.0,0.0,0.0,0.0,0.0,0.0,0.0,0.0,0.0,0.0 
 07/21  00:20:00,22.2,34.21625770223731,30.11476977028085,34.21625770223731,0.0,0.0,30.11476977028085,0.0,0.0,0.0,0.0,0.0,0.0,0.0,0.0,0.0,0.0,0.0,0.0,0.0,0.0 
 07/21  00:21:00,22.2,34.2585319533269,30.102554551689625,34.2585319533269,0.0,0.0,30.102554551689625,0.0,0.0,0.0,0.0,0.0,0.0,0.0,0.0,0.0,0.0,0.0,0.0,0.0,0.0 
 07/21  00:22:00,22.2,34.3002679949752,30.090368092830833,34.3002679949752,0.0,0.0,30.090368092830833,0.0,0.0,0.0,0.0,0.0,0.0,0.0,0.0,0.0,0.0,0.0,0.0,0.0,0.0 
 07/21  00:23:00,22.2,34.34153132242112,30.078209069143057,34.34153132242112,0.0,0.0,30.078209069143057,0.0,0.0,0.0,0.0,0.0,0.0,0.0,0.0,0.0,0.0,0.0,0.0,0.0,0.0 
 07/21  00:24:00,22.2,34.382355556329344,30.06607623829275,34.382355556329344,0.0,0.0,30.06607623829275,0.0,0.0,0.0,0.0,0.0,0.0,0.0,0.0,0.0,0.0,0.0,0.0,0.0,0.0 
 07/21  00:25:00,22.2,34.422788147215925,30.053968303814443,34.422788147215925,0.0,0.0,30.053968303814443,0.0,0.0,0.0,0.0,0.0,0.0,0.0,0.0,0.0,0.0,0.0,0.0,0.0,0.0 
 07/21  00:26:00,22.2,34.462849734414476,30.041884064666892,34.462849734414476,0.0,0.0,30.041884064666892,0.0,0.0,0.0,0.0,0.0,0.0,0.0,0.0,0.0,0.0,0.0,0.0,0.0,0.0 
 07/21  00:27:00,22.2,34.502575948026376,30.02982229283308,34.502575948026376,0.0,0.0,30.02982229283308,0.0,0.0,0.0,0.0,0.0,0.0,0.0,0.0,0.0,0.0,0.0,0.0,0.0,0.0 
 07/21  00:28:00,22.2,34.541979119462184,30.017781842570074,34.541979119462184,0.0,0.0,30.017781842570074,0.0,0.0,0.0,0.0,0.0,0.0,0.0,0.0,0.0,0.0,0.0,0.0,0.0,0.0 
 07/21  00:29:00,22.2,34.581087024709866,30.005761564981928,34.581087024709866,0.0,0.0,30.005761564981928,0.0,0.0,0.0,0.0,0.0,0.0,0.0,0.0,0.0,0.0,0.0,0.0,0.0,0.0 
 07/21  00:30:00,22.2,34.61990663075317,29.99376039403627,34.61990663075317,0.0,0.0,29.99376039403627,0.0,0.0,0.0,0.0,0.0,0.0,0.0,0.0,0.0,0.0,0.0,0.0,0.0,0.0 
 07/21  00:31:00,22.2,34.658460391675376,29.981777265145134,34.658460391675376,0.0,0.0,29.981777265145134,0.0,0.0,0.0,0.0,0.0,0.0,0.0,0.0,0.0,0.0,0.0,0.0,0.0,0.0 
 07/21  00:32:00,22.2,34.6967517684408,29.969811194510942,34.6967517684408,0.0,0.0,29.969811194510942,0.0,0.0,0.0,0.0,0.0,0.0,0.0,0.0,0.0,0.0,0.0,0.0,0.0,0.0 
 07/21  00:33:00,22.2,34.734799524704705,29.95786121456733,34.734799524704705,0.0,0.0,29.95786121456733,0.0,0.0,0.0,0.0,0.0,0.0,0.0,0.0,0.0,0.0,0.0,0.0,0.0,0.0 
 07/21  00:34:00,22.2,34.77260479860094,29.945926424879122,34.77260479860094,0.0,0.0,29.945926424879122,0.0,0.0,0.0,0.0,0.0,0.0,0.0,0.0,0.0,0.0,0.0,0.0,0.0,0.0 
 07/21  00:35:00,22.2,34.81018372924829,29.9340059529334,34.81018372924829,0.0,0.0,29.9340059529334,0.0,0.0,0.0,0.0,0.0,0.0,0.0,0.0,0.0,0.0,0.0,0.0,0.0,0.0 
 07/21  00:36:00,22.2,34.84753589469645,29.922098986965604,34.84753589469645,0.0,0.0,29.922098986965604,0.0,0.0,0.0,0.0,0.0,0.0,0.0,0.0,0.0,0.0,0.0,0.0,0.0,0.0 
 07/21  00:37:00,22.2,34.88467551809698,29.910204746973697,34.88467551809698,0.0,0.0,29.910204746973697,0.0,0.0,0.0,0.0,0.0,0.0,0.0,0.0,0.0,0.0,0.0,0.0,0.0,0.0 
 07/21  00:38:00,22.2,34.92160111688415,29.898322506011798,34.92160111688415,0.0,0.0,29.898322506011798,0.0,0.0,0.0,0.0,0.0,0.0,0.0,0.0,0.0,0.0,0.0,0.0,0.0,0.0 
 07/21  00:39:00,22.2,34.95832547868533,29.886451575989415,34.95832547868533,0.0,0.0,29.886451575989415,0.0,0.0,0.0,0.0,0.0,0.0,0.0,0.0,0.0,0.0,0.0,0.0,0.0,0.0 
 07/21  00:40:00,22.2,34.99484639330662,29.874591312099906,34.99484639330662,0.0,0.0,29.874591312099906,0.0,0.0,0.0,0.0,0.0,0.0,0.0,0.0,0.0,0.0,0.0,0.0,0.0,0.0 
 07/21  00:41:00,22.2,35.03117554554675,29.86274111275056,35.03117554554675,0.0,0.0,29.86274111275056,0.0,0.0,0.0,0.0,0.0,0.0,0.0,0.0,0.0,0.0,0.0,0.0,0.0,0.0 
 07/21  00:42:00,22.2,35.06731022385032,29.850900412205085,35.06731022385032,0.0,0.0,29.850900412205085,0.0,0.0,0.0,0.0,0.0,0.0,0.0,0.0,0.0,0.0,0.0,0.0,0.0,0.0 
 07/21  00:43:00,22.2,35.103261245501095,29.839068691298007,35.103261245501095,0.0,0.0,29.839068691298007,0.0,0.0,0.0,0.0,0.0,0.0,0.0,0.0,0.0,0.0,0.0,0.0,0.0,0.0 
 07/21  00:44:00,22.2,35.13902555426862,29.82724545862106,35.13902555426862,0.0,0.0,29.82724545862106,0.0,0.0,0.0,0.0,0.0,0.0,0.0,0.0,0.0,0.0,0.0,0.0,0.0,0.0 
 07/21  00:45:00,22.2,35.17461326977296,29.81543027150614,35.17461326977296,0.0,0.0,29.81543027150614,0.0,0.0,0.0,0.0,0.0,0.0,0.0,0.0,0.0,0.0,0.0,0.0,0.0,0.0 
 07/21  00:46:00,22.2,35.210021101544065,29.803622709743347,35.210021101544065,0.0,0.0,29.803622709743347,0.0,0.0,0.0,0.0,0.0,0.0,0.0,0.0,0.0,0.0,0.0,0.0,0.0,0.0 
 07/21  00:47:00,22.2,35.24525859646248,29.791822401770965,35.24525859646248,0.0,0.0,29.791822401770965,0.0,0.0,0.0,0.0,0.0,0.0,0.0,0.0,0.0,0.0,0.0,0.0,0.0,0.0 
 07/21  00:48:00,22.2,35.28032230886791,29.780028992413712,35.28032230886791,0.0,0.0,29.780028992413712,0.0,0.0,0.0,0.0,0.0,0.0,0.0,0.0,0.0,0.0,0.0,0.0,0.0,0.0 
 07/21  00:49:00,22.2,35.31522130635103,29.768242177443806,35.31522130635103,0.0,0.0,29.768242177443806,0.0,0.0,0.0,0.0,0.0,0.0,0.0,0.0,0.0,0.0,0.0,0.0,0.0,0.0 
 07/21  00:50:00,22.2,35.349952045363366,29.75646166264044,35.349952045363366,0.0,0.0,29.75646166264044,0.0,0.0,0.0,0.0,0.0,0.0,0.0,0.0,0.0,0.0,0.0,0.0,0.0,0.0 
 07/21  00:51:00,22.2,35.38452318517269,29.74468720373793,35.38452318517269,0.0,0.0,29.74468720373793,0.0,0.0,0.0,0.0,0.0,0.0,0.0,0.0,0.0,0.0,0.0,0.0,0.0,0.0 
 07/21  00:52:00,22.2,35.41893112627343,29.732918564543656,35.41893112627343,0.0,0.0,29.732918564543656,0.0,0.0,0.0,0.0,0.0,0.0,0.0,0.0,0.0,0.0,0.0,0.0,0.0,0.0 
 07/21  00:53:00,22.2,35.45318417423468,29.721155556252466,35.45318417423468,0.0,0.0,29.721155556252466,0.0,0.0,0.0,0.0,0.0,0.0,0.0,0.0,0.0,0.0,0.0,0.0,0.0,0.0 
 07/21  00:54:00,22.2,35.487278704463556,29.70939799407848,35.487278704463556,0.0,0.0,29.70939799407848,0.0,0.0,0.0,0.0,0.0,0.0,0.0,0.0,0.0,0.0,0.0,0.0,0.0,0.0 
 07/21  00:55:00,22.2,35.521222711393456,29.69764574130761,35.521222711393456,0.0,0.0,29.69764574130761,0.0,0.0,0.0,0.0,0.0,0.0,0.0,0.0,0.0,0.0,0.0,0.0,0.0,0.0 
 07/21  00:56:00,22.2,35.555012568129264,29.685898661284597,35.555012568129264,0.0,0.0,29.685898661284597,0.0,0.0,0.0,0.0,0.0,0.0,0.0,0.0,0.0,0.0,0.0,0.0,0.0,0.0 
 07/21  00:57:00,22.2,35.58865599151689,29.674156662583016,35.58865599151689,0.0,0.0,29.674156662583016,0.0,0.0,0.0,0.0,0.0,0.0,0.0,0.0,0.0,0.0,0.0,0.0,0.0,0.0 
 07/21  00:58:00,22.2,35.62214936915942,29.66241965374942,35.62214936915942,0.0,0.0,29.66241965374942,0.0,0.0,0.0,0.0,0.0,0.0,0.0,0.0,0.0,0.0,0.0,0.0,0.0,0.0 
 07/21  00:59:00,22.2,35.65550016705478,29.650687585010196,35.65550016705478,0.0,0.0,29.650687585010196,0.0,0.0,0.0,0.0,0.0,0.0,0.0,0.0,0.0,0.0,0.0,0.0,0.0,0.0 
 07/21  01:00:00,22.2,35.688704799629726,29.638960404513924,35.688704799629726,0.0,0.0,29.638960404513924,0.0,0.0,0.0,0.0,0.0,0.0,0.0,0.0,0.0,0.0,0.0,0.0,0.0,0.0,49104000.0 
 07/21  01:01:00,22.1,35.721750596127904,29.62722240994606,35.721750596127904,0.0,0.0,29.62722240994606,0.0,0.0,0.0,0.0,0.0,0.0,0.0,0.0,0.0,0.0,0.0,0.0,0.0,0.0 
 07/21  01:02:00,22.1,35.75464528545591,29.615479708802788,35.75464528545591,0.0,0.0,29.615479708802788,0.0,0.0,0.0,0.0,0.0,0.0,0.0,0.0,0.0,0.0,0.0,0.0,0.0,0.0 
 07/21  01:03:00,22.1,35.787406674828134,29.60373914632376,35.787406674828134,0.0,0.0,29.60373914632376,0.0,0.0,0.0,0.0,0.0,0.0,0.0,0.0,0.0,0.0,0.0,0.0,0.0,0.0 
 07/21  01:04:00,22.1,35.82003520300969,29.592003969927397,35.82003520300969,0.0,0.0,29.592003969927397,0.0,0.0,0.0,0.0,0.0,0.0,0.0,0.0,0.0,0.0,0.0,0.0,0.0,0.0 
 07/21  01:05:00,22.1,35.8525373516716,29.580275023524766,35.8525373516716,0.0,0.0,29.580275023524766,0.0,0.0,0.0,0.0,0.0,0.0,0.0,0.0,0.0,0.0,0.0,0.0,0.0,0.0 
 07/21  01:06:00,22.1,35.88490802185984,29.568552248362135,35.88490802185984,0.0,0.0,29.568552248362135,0.0,0.0,0.0,0.0,0.0,0.0,0.0,0.0,0.0,0.0,0.0,0.0,0.0,0.0 
 07/21  01:07:00,22.1,35.917152418033346,29.556835493151702,35.917152418033346,0.0,0.0,29.556835493151702,0.0,0.0,0.0,0.0,0.0,0.0,0.0,0.0,0.0,0.0,0.0,0.0,0.0,0.0 
 07/21  01:08:00,22.1,35.94926622068397,29.545124693989976,35.94926622068397,0.0,0.0,29.545124693989976,0.0,0.0,0.0,0.0,0.0,0.0,0.0,0.0,0.0,0.0,0.0,0.0,0.0,0.0 
 07/21  01:09:00,22.1,35.9812553732157,29.533419898297364,35.9812553732157,0.0,0.0,29.533419898297364,0.0,0.0,0.0,0.0,0.0,0.0,0.0,0.0,0.0,0.0,0.0,0.0,0.0,0.0 
 07/21  01:10:00,22.1,36.01311620776501,29.521721193187457,36.01311620776501,0.0,0.0,29.521721193187457,0.0,0.0,0.0,0.0,0.0,0.0,0.0,0.0,0.0,0.0,0.0,0.0,0.0,0.0 
 07/21  01:11:00,22.1,36.04485480755915,29.510028706579565,36.04485480755915,0.0,0.0,29.510028706579565,0.0,0.0,0.0,0.0,0.0,0.0,0.0,0.0,0.0,0.0,0.0,0.0,0.0,0.0 
 07/21  01:12:00,22.1,36.07646770503436,29.498342573857755,36.07646770503436,0.0,0.0,29.498342573857755,0.0,0.0,0.0,0.0,0.0,0.0,0.0,0.0,0.0,0.0,0.0,0.0,0.0,0.0 
 07/21  01:13:00,22.1,36.10796091030328,29.48666295661113,36.10796091030328,0.0,0.0,29.48666295661113,0.0,0.0,0.0,0.0,0.0,0.0,0.0,0.0,0.0,0.0,0.0,0.0,0.0,0.0 
 07/21  01:14:00,22.1,36.13933107359576,29.474990028414666,36.13933107359576,0.0,0.0,29.474990028414666,0.0,0.0,0.0,0.0,0.0,0.0,0.0,0.0,0.0,0.0,0.0,0.0,0.0,0.0 
 07/21  01:15:00,22.1,36.17058410758851,29.463323986694316,36.17058410758851,0.0,0.0,29.463323986694316,0.0,0.0,0.0,0.0,0.0,0.0,0.0,0.0,0.0,0.0,0.0,0.0,0.0,0.0 
 07/21  01:16:00,22.1,36.20171676260714,29.45166503920585,36.20171676260714,0.0,0.0,29.45166503920585,0.0,0.0,0.0,0.0,0.0,0.0,0.0,0.0,0.0,0.0,0.0,0.0,0.0,0.0 
 07/21  01:17:00,22.1,36.2327348424106,29.440013414931478,36.2327348424106,0.0,0.0,29.440013414931478,0.0,0.0,0.0,0.0,0.0,0.0,0.0,0.0,0.0,0.0,0.0,0.0,0.0,0.0 
 07/21  01:18:00,22.1,36.263635183313625,29.428369354226124,36.263635183313625,0.0,0.0,29.428369354226124,0.0,0.0,0.0,0.0,0.0,0.0,0.0,0.0,0.0,0.0,0.0,0.0,0.0,0.0 
 07/21  01:19:00,22.1,36.294423472989784,29.416733106214682,36.294423472989784,0.0,0.0,29.416733106214682,0.0,0.0,0.0,0.0,0.0,0.0,0.0,0.0,0.0,0.0,0.0,0.0,0.0,0.0 
 07/21  01:20:00,22.1,36.32509662699015,29.4051049362994,36.32509662699015,0.0,0.0,29.4051049362994,0.0,0.0,0.0,0.0,0.0,0.0,0.0,0.0,0.0,0.0,0.0,0.0,0.0,0.0 
 07/21  01:21:00,22.1,36.35566021592867,29.393485112944358,36.35566021592867,0.0,0.0,29.393485112944358,0.0,0.0,0.0,0.0,0.0,0.0,0.0,0.0,0.0,0.0,0.0,0.0,0.0,0.0 
 07/21  01:22:00,22.1,36.38611123310307,29.381873914717403,36.38611123310307,0.0,0.0,29.381873914717403,0.0,0.0,0.0,0.0,0.0,0.0,0.0,0.0,0.0,0.0,0.0,0.0,0.0,0.0 
 07/21  01:23:00,22.1,36.416455134033754,29.37027162226715,36.416455134033754,0.0,0.0,29.37027162226715,0.0,0.0,0.0,0.0,0.0,0.0,0.0,0.0,0.0,0.0,0.0,0.0,0.0,0.0 
 07/21  01:24:00,22.1,36.44668898998482,29.35867853014098,36.44668898998482,0.0,0.0,29.35867853014098,0.0,0.0,0.0,0.0,0.0,0.0,0.0,0.0,0.0,0.0,0.0,0.0,0.0,0.0 
 07/21  01:25:00,22.1,36.47681814387482,29.347094919065082,36.47681814387482,0.0,0.0,29.347094919065082,0.0,0.0,0.0,0.0,0.0,0.0,0.0,0.0,0.0,0.0,0.0,0.0,0.0,0.0 
 07/21  01:26:00,22.1,36.50683974484178,29.33552109341819,36.50683974484178,0.0,0.0,29.33552109341819,0.0,0.0,0.0,0.0,0.0,0.0,0.0,0.0,0.0,0.0,0.0,0.0,0.0,0.0 
 07/21  01:27:00,22.1,36.53675902513413,29.323957340242387,36.53675902513413,0.0,0.0,29.323957340242387,0.0,0.0,0.0,0.0,0.0,0.0,0.0,0.0,0.0,0.0,0.0,0.0,0.0,0.0 
 07/21  01:28:00,22.1,36.56657321044612,29.31240396210616,36.56657321044612,0.0,0.0,29.31240396210616,0.0,0.0,0.0,0.0,0.0,0.0,0.0,0.0,0.0,0.0,0.0,0.0,0.0,0.0 
 07/21  01:29:00,22.1,36.59628742338342,29.300861247013966,36.59628742338342,0.0,0.0,29.300861247013966,0.0,0.0,0.0,0.0,0.0,0.0,0.0,0.0,0.0,0.0,0.0,0.0,0.0,0.0 
 07/21  01:30:00,22.1,36.62589896341421,29.289329505173605,36.62589896341421,0.0,0.0,29.289329505173605,0.0,0.0,0.0,0.0,0.0,0.0,0.0,0.0,0.0,0.0,0.0,0.0,0.0,0.0 
 07/21  01:31:00,22.1,36.655412843704795,29.27780901322269,36.655412843704795,0.0,0.0,29.27780901322269,0.0,0.0,0.0,0.0,0.0,0.0,0.0,0.0,0.0,0.0,0.0,0.0,0.0,0.0 
 07/21  01:32:00,22.1,36.68482643342633,29.266300083560395,36.68482643342633,0.0,0.0,29.266300083560395,0.0,0.0,0.0,0.0,0.0,0.0,0.0,0.0,0.0,0.0,0.0,0.0,0.0,0.0 
 07/21  01:33:00,22.1,36.714144635983835,29.254802993811527,36.714144635983835,0.0,0.0,29.254802993811527,0.0,0.0,0.0,0.0,0.0,0.0,0.0,0.0,0.0,0.0,0.0,0.0,0.0,0.0 
 07/21  01:34:00,22.1,36.74336488527276,29.24331804591727,36.74336488527276,0.0,0.0,29.24331804591727,0.0,0.0,0.0,0.0,0.0,0.0,0.0,0.0,0.0,0.0,0.0,0.0,0.0,0.0 
 07/21  01:35:00,22.1,36.77249197444725,29.23184551346406,36.77249197444725,0.0,0.0,29.23184551346406,0.0,0.0,0.0,0.0,0.0,0.0,0.0,0.0,0.0,0.0,0.0,0.0,0.0,0.0 
 07/21  01:36:00,22.1,36.801523396669516,29.22038570254107,36.801523396669516,0.0,0.0,29.22038570254107,0.0,0.0,0.0,0.0,0.0,0.0,0.0,0.0,0.0,0.0,0.0,0.0,0.0,0.0 
 07/21  01:37:00,22.1,36.83046383450389,29.208938868831275,36.83046383450389,0.0,0.0,29.208938868831275,0.0,0.0,0.0,0.0,0.0,0.0,0.0,0.0,0.0,0.0,0.0,0.0,0.0,0.0 
 07/21  01:38:00,22.1,36.859310834826275,29.197505316589453,36.859310834826275,0.0,0.0,29.197505316589453,0.0,0.0,0.0,0.0,0.0,0.0,0.0,0.0,0.0,0.0,0.0,0.0,0.0,0.0 
 07/21  01:39:00,22.1,36.88806896965538,29.18608530077168,36.88806896965538,0.0,0.0,29.18608530077168,0.0,0.0,0.0,0.0,0.0,0.0,0.0,0.0,0.0,0.0,0.0,0.0,0.0,0.0 
 07/21  01:40:00,22.1,36.91673583422699,29.174679109315715,36.91673583422699,0.0,0.0,29.174679109315715,0.0,0.0,0.0,0.0,0.0,0.0,0.0,0.0,0.0,0.0,0.0,0.0,0.0,0.0 
 07/21  01:41:00,22.1,36.94531589057898,29.1632869908789,36.94531589057898,0.0,0.0,29.1632869908789,0.0,0.0,0.0,0.0,0.0,0.0,0.0,0.0,0.0,0.0,0.0,0.0,0.0,0.0 
 07/21  01:42:00,22.1,36.973806777350525,29.15190923603491,36.973806777350525,0.0,0.0,29.15190923603491,0.0,0.0,0.0,0.0,0.0,0.0,0.0,0.0,0.0,0.0,0.0,0.0,0.0,0.0 
 07/21  01:43:00,22.1,37.0022128477372,29.140546071224335,37.0022128477372,0.0,0.0,29.140546071224335,0.0,0.0,0.0,0.0,0.0,0.0,0.0,0.0,0.0,0.0,0.0,0.0,0.0,0.0 
 07/21  01:44:00,22.1,37.03053177933406,29.129197782755156,37.03053177933406,0.0,0.0,29.129197782755156,0.0,0.0,0.0,0.0,0.0,0.0,0.0,0.0,0.0,0.0,0.0,0.0,0.0,0.0 
 07/21  01:45:00,22.1,37.05876781819586,29.117864596224994,37.05876781819586,0.0,0.0,29.117864596224994,0.0,0.0,0.0,0.0,0.0,0.0,0.0,0.0,0.0,0.0,0.0,0.0,0.0,0.0 
 07/21  01:46:00,22.1,37.0869186769787,29.10654677721561,37.0869186769787,0.0,0.0,29.10654677721561,0.0,0.0,0.0,0.0,0.0,0.0,0.0,0.0,0.0,0.0,0.0,0.0,0.0,0.0 
 07/21  01:47:00,22.1,37.11498849680681,29.095244544099327,37.11498849680681,0.0,0.0,29.095244544099327,0.0,0.0,0.0,0.0,0.0,0.0,0.0,0.0,0.0,0.0,0.0,0.0,0.0,0.0 
 07/21  01:48:00,22.1,37.14297502205048,29.08395816466426,37.14297502205048,0.0,0.0,29.08395816466426,0.0,0.0,0.0,0.0,0.0,0.0,0.0,0.0,0.0,0.0,0.0,0.0,0.0,0.0 
 07/21  01:49:00,22.1,37.17088229154428,29.07268783202527,37.17088229154428,0.0,0.0,29.07268783202527,0.0,0.0,0.0,0.0,0.0,0.0,0.0,0.0,0.0,0.0,0.0,0.0,0.0,0.0 
 07/21  01:50:00,22.1,37.19870807853854,29.061433808313474,37.19870807853854,0.0,0.0,29.061433808313474,0.0,0.0,0.0,0.0,0.0,0.0,0.0,0.0,0.0,0.0,0.0,0.0,0.0,0.0 
 07/21  01:51:00,22.1,37.22645632256093,29.050196286597824,37.22645632256093,0.0,0.0,29.050196286597824,0.0,0.0,0.0,0.0,0.0,0.0,0.0,0.0,0.0,0.0,0.0,0.0,0.0,0.0 
 07/21  01:52:00,22.1,37.25412482336766,29.038975504980197,37.25412482336766,0.0,0.0,29.038975504980197,0.0,0.0,0.0,0.0,0.0,0.0,0.0,0.0,0.0,0.0,0.0,0.0,0.0,0.0 
 07/21  01:53:00,22.1,37.281717424415675,29.027771649230303,37.281717424415675,0.0,0.0,29.027771649230303,0.0,0.0,0.0,0.0,0.0,0.0,0.0,0.0,0.0,0.0,0.0,0.0,0.0,0.0 
 07/21  01:54:00,22.1,37.30923194999301,29.01658496004846,37.30923194999301,0.0,0.0,29.01658496004846,0.0,0.0,0.0,0.0,0.0,0.0,0.0,0.0,0.0,0.0,0.0,0.0,0.0,0.0 
 07/21  01:55:00,22.1,37.33667215089326,29.005415595831323,37.33667215089326,0.0,0.0,29.005415595831323,0.0,0.0,0.0,0.0,0.0,0.0,0.0,0.0,0.0,0.0,0.0,0.0,0.0,0.0 
 07/21  01:56:00,22.1,37.36403587430232,28.994263791073543,37.36403587430232,0.0,0.0,28.994263791073543,0.0,0.0,0.0,0.0,0.0,0.0,0.0,0.0,0.0,0.0,0.0,0.0,0.0,0.0 
 07/21  01:57:00,22.1,37.3913267818565,28.983129705538463,37.3913267818565,0.0,0.0,28.983129705538463,0.0,0.0,0.0,0.0,0.0,0.0,0.0,0.0,0.0,0.0,0.0,0.0,0.0,0.0 
 07/21  01:58:00,22.1,37.41854274228882,28.972013547326146,37.41854274228882,0.0,0.0,28.972013547326146,0.0,0.0,0.0,0.0,0.0,0.0,0.0,0.0,0.0,0.0,0.0,0.0,0.0,0.0 
 07/21  01:59:00,22.1,37.44568733162202,28.960915469431598,37.44568733162202,0.0,0.0,28.960915469431598,0.0,0.0,0.0,0.0,0.0,0.0,0.0,0.0,0.0,0.0,0.0,0.0,0.0,0.0 
 07/21  02:00:00,22.1,37.472758439017696,28.949835683585093,37.472758439017696,0.0,0.0,28.949835683585093,0.0,0.0,0.0,0.0,0.0,0.0,0.0,0.0,0.0,0.0,0.0,0.0,0.0,0.0,49104000.0 
 07/21  02:01:00,22.0,37.49974128121005,28.93875848445041,37.49974128121005,0.0,0.0,28.93875848445041,0.0,0.0,0.0,0.0,0.0,0.0,0.0,0.0,0.0,0.0,0.0,0.0,0.0,0.0 
 07/21  02:02:00,22.0,37.52664413913845,28.92769025074692,37.52664413913845,0.0,0.0,28.92769025074692,0.0,0.0,0.0,0.0,0.0,0.0,0.0,0.0,0.0,0.0,0.0,0.0,0.0,0.0 
 07/21  02:03:00,22.0,37.55348033602817,28.91663798894951,37.55348033602817,0.0,0.0,28.91663798894951,0.0,0.0,0.0,0.0,0.0,0.0,0.0,0.0,0.0,0.0,0.0,0.0,0.0,0.0 
 07/21  02:04:00,22.0,37.58025141032199,28.905605115040686,37.58025141032199,0.0,0.0,28.905605115040686,0.0,0.0,0.0,0.0,0.0,0.0,0.0,0.0,0.0,0.0,0.0,0.0,0.0,0.0 
 07/21  02:05:00,22.0,37.606960368408515,28.894592539014823,37.606960368408515,0.0,0.0,28.894592539014823,0.0,0.0,0.0,0.0,0.0,0.0,0.0,0.0,0.0,0.0,0.0,0.0,0.0,0.0 
 07/21  02:06:00,22.0,37.6336036367596,28.883600333055202,37.6336036367596,0.0,0.0,28.883600333055202,0.0,0.0,0.0,0.0,0.0,0.0,0.0,0.0,0.0,0.0,0.0,0.0,0.0,0.0 
 07/21  02:07:00,22.0,37.66018315788735,28.872628359575824,37.66018315788735,0.0,0.0,28.872628359575824,0.0,0.0,0.0,0.0,0.0,0.0,0.0,0.0,0.0,0.0,0.0,0.0,0.0,0.0 
 07/21  02:08:00,22.0,37.686696059047,28.861676659133334,37.686696059047,0.0,0.0,28.861676659133334,0.0,0.0,0.0,0.0,0.0,0.0,0.0,0.0,0.0,0.0,0.0,0.0,0.0,0.0 
 07/21  02:09:00,22.0,37.713145061882784,28.850745280592303,37.713145061882784,0.0,0.0,28.850745280592303,0.0,0.0,0.0,0.0,0.0,0.0,0.0,0.0,0.0,0.0,0.0,0.0,0.0,0.0 
 07/21  02:10:00,22.0,37.73952786569407,28.839834369741006,37.73952786569407,0.0,0.0,28.839834369741006,0.0,0.0,0.0,0.0,0.0,0.0,0.0,0.0,0.0,0.0,0.0,0.0,0.0,0.0 
 07/21  02:11:00,22.0,37.76584740795994,28.82894403805143,37.76584740795994,0.0,0.0,28.82894403805143,0.0,0.0,0.0,0.0,0.0,0.0,0.0,0.0,0.0,0.0,0.0,0.0,0.0,0.0 
 07/21  02:12:00,22.0,37.79210153988232,28.818074473262783,37.79210153988232,0.0,0.0,28.818074473262783,0.0,0.0,0.0,0.0,0.0,0.0,0.0,0.0,0.0,0.0,0.0,0.0,0.0,0.0 
 07/21  02:13:00,22.0,37.8182932135639,28.807225783874426,37.8182932135639,0.0,0.0,28.807225783874426,0.0,0.0,0.0,0.0,0.0,0.0,0.0,0.0,0.0,0.0,0.0,0.0,0.0,0.0 
 07/21  02:14:00,22.0,37.84442035602714,28.796398181794387,37.84442035602714,0.0,0.0,28.796398181794387,0.0,0.0,0.0,0.0,0.0,0.0,0.0,0.0,0.0,0.0,0.0,0.0,0.0,0.0 
 07/21  02:15:00,22.0,37.87048590880763,28.785591812100176,37.87048590880763,0.0,0.0,28.785591812100176,0.0,0.0,0.0,0.0,0.0,0.0,0.0,0.0,0.0,0.0,0.0,0.0,0.0,0.0 
 07/21  02:16:00,22.0,37.89648785978573,28.774806885881496,37.89648785978573,0.0,0.0,28.774806885881496,0.0,0.0,0.0,0.0,0.0,0.0,0.0,0.0,0.0,0.0,0.0,0.0,0.0,0.0 
 07/21  02:17:00,22.0,37.922429127347115,28.76404357082207,37.922429127347115,0.0,0.0,28.76404357082207,0.0,0.0,0.0,0.0,0.0,0.0,0.0,0.0,0.0,0.0,0.0,0.0,0.0,0.0 
 07/21  02:18:00,22.0,37.948307749580515,28.753302110252847,37.948307749580515,0.0,0.0,28.753302110252847,0.0,0.0,0.0,0.0,0.0,0.0,0.0,0.0,0.0,0.0,0.0,0.0,0.0,0.0 
 07/21  02:19:00,22.0,37.97412661374236,28.74258265900664,37.97412661374236,0.0,0.0,28.74258265900664,0.0,0.0,0.0,0.0,0.0,0.0,0.0,0.0,0.0,0.0,0.0,0.0,0.0,0.0 
 07/21  02:20:00,22.0,37.99988380503497,28.731885473075256,37.99988380503497,0.0,0.0,28.731885473075256,0.0,0.0,0.0,0.0,0.0,0.0,0.0,0.0,0.0,0.0,0.0,0.0,0.0,0.0 
 07/21  02:21:00,22.0,38.02558217764162,28.72121072803336,38.02558217764162,0.0,0.0,28.72121072803336,0.0,0.0,0.0,0.0,0.0,0.0,0.0,0.0,0.0,0.0,0.0,0.0,0.0,0.0 
 07/21  02:22:00,22.0,38.05121986587621,28.710558657861693,38.05121986587621,0.0,0.0,28.710558657861693,0.0,0.0,0.0,0.0,0.0,0.0,0.0,0.0,0.0,0.0,0.0,0.0,0.0,0.0 
 07/21  02:23:00,22.0,38.07679969152344,28.699929440944775,38.07679969152344,0.0,0.0,28.699929440944775,0.0,0.0,0.0,0.0,0.0,0.0,0.0,0.0,0.0,0.0,0.0,0.0,0.0,0.0 
 07/21  02:24:00,22.0,38.102319841254584,28.689323326553566,38.102319841254584,0.0,0.0,28.689323326553566,0.0,0.0,0.0,0.0,0.0,0.0,0.0,0.0,0.0,0.0,0.0,0.0,0.0,0.0 
 07/21  02:25:00,22.0,38.12778310519522,28.678740460217156,38.12778310519522,0.0,0.0,28.678740460217156,0.0,0.0,0.0,0.0,0.0,0.0,0.0,0.0,0.0,0.0,0.0,0.0,0.0,0.0 
 07/21  02:26:00,22.0,38.15318772459666,28.668181088993105,38.15318772459666,0.0,0.0,28.668181088993105,0.0,0.0,0.0,0.0,0.0,0.0,0.0,0.0,0.0,0.0,0.0,0.0,0.0,0.0 
 07/21  02:27:00,22.0,38.1785364575745,28.65764536687554,38.1785364575745,0.0,0.0,28.65764536687554,0.0,0.0,0.0,0.0,0.0,0.0,0.0,0.0,0.0,0.0,0.0,0.0,0.0,0.0 
 07/21  02:28:00,22.0,38.2038276001375,28.647133505495596,38.2038276001375,0.0,0.0,28.647133505495596,0.0,0.0,0.0,0.0,0.0,0.0,0.0,0.0,0.0,0.0,0.0,0.0,0.0,0.0 
 07/21  02:29:00,22.0,38.229063876648446,28.636645652064352,38.229063876648446,0.0,0.0,28.636645652064352,0.0,0.0,0.0,0.0,0.0,0.0,0.0,0.0,0.0,0.0,0.0,0.0,0.0,0.0 
 07/21  02:30:00,22.0,38.254243635807896,28.626182027199466,38.254243635807896,0.0,0.0,28.626182027199466,0.0,0.0,0.0,0.0,0.0,0.0,0.0,0.0,0.0,0.0,0.0,0.0,0.0,0.0 
 07/21  02:31:00,22.0,38.27936956530393,28.615742736646776,38.27936956530393,0.0,0.0,28.615742736646776,0.0,0.0,0.0,0.0,0.0,0.0,0.0,0.0,0.0,0.0,0.0,0.0,0.0,0.0 
 07/21  02:32:00,22.0,38.30444006254247,28.60532799392975,38.30444006254247,0.0,0.0,28.60532799392975,0.0,0.0,0.0,0.0,0.0,0.0,0.0,0.0,0.0,0.0,0.0,0.0,0.0,0.0 
 07/21  02:33:00,22.0,38.32945777490593,28.594937910745116,38.32945777490593,0.0,0.0,28.594937910745116,0.0,0.0,0.0,0.0,0.0,0.0,0.0,0.0,0.0,0.0,0.0,0.0,0.0,0.0 
 07/21  02:34:00,22.0,38.35442114317091,28.584572660215482,38.35442114317091,0.0,0.0,28.584572660215482,0.0,0.0,0.0,0.0,0.0,0.0,0.0,0.0,0.0,0.0,0.0,0.0,0.0,0.0 
 07/21  02:35:00,22.0,38.379332770600556,28.574232345484837,38.379332770600556,0.0,0.0,28.574232345484837,0.0,0.0,0.0,0.0,0.0,0.0,0.0,0.0,0.0,0.0,0.0,0.0,0.0,0.0 
 07/21  02:36:00,22.0,38.40419113527963,28.563917148304988,38.40419113527963,0.0,0.0,28.563917148304988,0.0,0.0,0.0,0.0,0.0,0.0,0.0,0.0,0.0,0.0,0.0,0.0,0.0,0.0 
 07/21  02:37:00,22.0,38.428998792812095,28.553627127844152,38.428998792812095,0.0,0.0,28.553627127844152,0.0,0.0,0.0,0.0,0.0,0.0,0.0,0.0,0.0,0.0,0.0,0.0,0.0,0.0 
 07/21  02:38:00,22.0,38.45375425234569,28.543362458128218,38.45375425234569,0.0,0.0,28.543362458128218,0.0,0.0,0.0,0.0,0.0,0.0,0.0,0.0,0.0,0.0,0.0,0.0,0.0,0.0 
 07/21  02:39:00,22.0,38.478460018887944,28.533123205696516,38.478460018887944,0.0,0.0,28.533123205696516,0.0,0.0,0.0,0.0,0.0,0.0,0.0,0.0,0.0,0.0,0.0,0.0,0.0,0.0 
 07/21  02:40:00,22.0,38.5031146266382,28.522909502359017,38.5031146266382,0.0,0.0,28.522909502359017,0.0,0.0,0.0,0.0,0.0,0.0,0.0,0.0,0.0,0.0,0.0,0.0,0.0,0.0 
 07/21  02:41:00,22.0,38.52772052786497,28.512721407096922,38.52772052786497,0.0,0.0,28.512721407096922,0.0,0.0,0.0,0.0,0.0,0.0,0.0,0.0,0.0,0.0,0.0,0.0,0.0,0.0 
 07/21  02:42:00,22.0,38.55227627631939,28.502559061704613,38.55227627631939,0.0,0.0,28.502559061704613,0.0,0.0,0.0,0.0,0.0,0.0,0.0,0.0,0.0,0.0,0.0,0.0,0.0,0.0 
 07/21  02:43:00,22.0,38.57678427025608,28.49242248081948,38.57678427025608,0.0,0.0,28.49242248081948,0.0,0.0,0.0,0.0,0.0,0.0,0.0,0.0,0.0,0.0,0.0,0.0,0.0,0.0 
 07/21  02:44:00,22.0,38.6012430781461,28.48231179911106,38.6012430781461,0.0,0.0,28.48231179911106,0.0,0.0,0.0,0.0,0.0,0.0,0.0,0.0,0.0,0.0,0.0,0.0,0.0,0.0 
 07/21  02:45:00,22.0,38.625655043805395,28.47222704106524,38.625655043805395,0.0,0.0,28.47222704106524,0.0,0.0,0.0,0.0,0.0,0.0,0.0,0.0,0.0,0.0,0.0,0.0,0.0,0.0 
 07/21  02:46:00,22.0,38.65001874632175,28.46216829842151,38.65001874632175,0.0,0.0,28.46216829842151,0.0,0.0,0.0,0.0,0.0,0.0,0.0,0.0,0.0,0.0,0.0,0.0,0.0,0.0 
 07/21  02:47:00,22.0,38.674336475420525,28.452135589879457,38.674336475420525,0.0,0.0,28.452135589879457,0.0,0.0,0.0,0.0,0.0,0.0,0.0,0.0,0.0,0.0,0.0,0.0,0.0,0.0 
 07/21  02:48:00,22.0,38.698606817425045,28.442129018963207,38.698606817425045,0.0,0.0,28.442129018963207,0.0,0.0,0.0,0.0,0.0,0.0,0.0,0.0,0.0,0.0,0.0,0.0,0.0,0.0 
 07/21  02:49:00,22.0,38.72283200897987,28.43214856044023,38.72283200897987,0.0,0.0,28.43214856044023,0.0,0.0,0.0,0.0,0.0,0.0,0.0,0.0,0.0,0.0,0.0,0.0,0.0,0.0 
 07/21  02:50:00,22.0,38.74701064093552,28.422194311767065,38.74701064093552,0.0,0.0,28.422194311767065,0.0,0.0,0.0,0.0,0.0,0.0,0.0,0.0,0.0,0.0,0.0,0.0,0.0,0.0 
 07/21  02:51:00,22.0,38.771144898402234,28.412266260243477,38.771144898402234,0.0,0.0,28.412266260243477,0.0,0.0,0.0,0.0,0.0,0.0,0.0,0.0,0.0,0.0,0.0,0.0,0.0,0.0 
 07/21  02:52:00,22.0,38.79523337464879,28.40236446030193,38.79523337464879,0.0,0.0,28.40236446030193,0.0,0.0,0.0,0.0,0.0,0.0,0.0,0.0,0.0,0.0,0.0,0.0,0.0,0.0 
 07/21  02:53:00,22.0,38.81927820520986,28.39248889544319,38.81927820520986,0.0,0.0,28.39248889544319,0.0,0.0,0.0,0.0,0.0,0.0,0.0,0.0,0.0,0.0,0.0,0.0,0.0,0.0 
 07/21  02:54:00,22.0,38.84327798418047,28.38263963386894,38.84327798418047,0.0,0.0,28.38263963386894,0.0,0.0,0.0,0.0,0.0,0.0,0.0,0.0,0.0,0.0,0.0,0.0,0.0,0.0 
 07/21  02:55:00,22.0,38.86723479977517,28.37281661595535,38.86723479977517,0.0,0.0,28.37281661595535,0.0,0.0,0.0,0.0,0.0,0.0,0.0,0.0,0.0,0.0,0.0,0.0,0.0,0.0 
 07/21  02:56:00,22.0,38.8911472457564,28.363019905186178,38.8911472457564,0.0,0.0,28.363019905186178,0.0,0.0,0.0,0.0,0.0,0.0,0.0,0.0,0.0,0.0,0.0,0.0,0.0,0.0 
 07/21  02:57:00,22.0,38.915017365469424,28.35324945712335,38.915017365469424,0.0,0.0,28.35324945712335,0.0,0.0,0.0,0.0,0.0,0.0,0.0,0.0,0.0,0.0,0.0,0.0,0.0,0.0 
 07/21  02:58:00,22.0,38.93884375154046,28.34350529261222,38.93884375154046,0.0,0.0,28.34350529261222,0.0,0.0,0.0,0.0,0.0,0.0,0.0,0.0,0.0,0.0,0.0,0.0,0.0,0.0 
 07/21  02:59:00,22.0,38.962628405005766,28.333787365446774,38.962628405005766,0.0,0.0,28.333787365446774,0.0,0.0,0.0,0.0,0.0,0.0,0.0,0.0,0.0,0.0,0.0,0.0,0.0,0.0 
 07/21  03:00:00,22.0,38.98636991683706,28.32409571232889,38.98636991683706,0.0,0.0,28.32409571232889,0.0,0.0,0.0,0.0,0.0,0.0,0.0,0.0,0.0,0.0,0.0,0.0,0.0,0.0,49104000.0 
 07/21  03:01:00,21.9,39.01007856250317,28.314406332320555,39.01007856250317,0.0,0.0,28.314406332320555,0.0,0.0,0.0,0.0,0.0,0.0,0.0,0.0,0.0,0.0,0.0,0.0,0.0,0.0 
 07/21  03:02:00,21.9,39.03374818097848,28.304728613064093,39.03374818097848,0.0,0.0,28.304728613064093,0.0,0.0,0.0,0.0,0.0,0.0,0.0,0.0,0.0,0.0,0.0,0.0,0.0,0.0 
 07/21  03:03:00,21.9,39.05737617843488,28.29507290158701,39.05737617843488,0.0,0.0,28.29507290158701,0.0,0.0,0.0,0.0,0.0,0.0,0.0,0.0,0.0,0.0,0.0,0.0,0.0,0.0 
 07/21  03:04:00,21.9,39.08095950489872,28.28544411803462,39.08095950489872,0.0,0.0,28.28544411803462,0.0,0.0,0.0,0.0,0.0,0.0,0.0,0.0,0.0,0.0,0.0,0.0,0.0,0.0 
 07/21  03:05:00,21.9,39.10450021733037,28.275843391333375,39.10450021733037,0.0,0.0,28.275843391333375,0.0,0.0,0.0,0.0,0.0,0.0,0.0,0.0,0.0,0.0,0.0,0.0,0.0,0.0 
 07/21  03:06:00,21.9,39.127997602432174,28.26627054981716,39.127997602432174,0.0,0.0,28.26627054981716,0.0,0.0,0.0,0.0,0.0,0.0,0.0,0.0,0.0,0.0,0.0,0.0,0.0,0.0 
 07/21  03:07:00,21.9,39.151454129582156,28.25672511226479,39.151454129582156,0.0,0.0,28.25672511226479,0.0,0.0,0.0,0.0,0.0,0.0,0.0,0.0,0.0,0.0,0.0,0.0,0.0,0.0 
 07/21  03:08:00,21.9,39.174868763881015,28.247206843720036,39.174868763881015,0.0,0.0,28.247206843720036,0.0,0.0,0.0,0.0,0.0,0.0,0.0,0.0,0.0,0.0,0.0,0.0,0.0,0.0 
 07/21  03:09:00,21.9,39.19824355287314,28.237715518386157,39.19824355287314,0.0,0.0,28.237715518386157,0.0,0.0,0.0,0.0,0.0,0.0,0.0,0.0,0.0,0.0,0.0,0.0,0.0,0.0 
 07/21  03:10:00,21.9,39.22157720398126,28.22825100072968,39.22157720398126,0.0,0.0,28.22825100072968,0.0,0.0,0.0,0.0,0.0,0.0,0.0,0.0,0.0,0.0,0.0,0.0,0.0,0.0 
 07/21  03:11:00,21.9,39.244871607626834,28.218813084607064,39.244871607626834,0.0,0.0,28.218813084607064,0.0,0.0,0.0,0.0,0.0,0.0,0.0,0.0,0.0,0.0,0.0,0.0,0.0,0.0 
 07/21  03:12:00,21.9,39.2681254067824,28.209401606315375,39.2681254067824,0.0,0.0,28.209401606315375,0.0,0.0,0.0,0.0,0.0,0.0,0.0,0.0,0.0,0.0,0.0,0.0,0.0,0.0 
 07/21  03:13:00,21.9,39.29134043034156,28.20001625181878,39.29134043034156,0.0,0.0,28.20001625181878,0.0,0.0,0.0,0.0,0.0,0.0,0.0,0.0,0.0,0.0,0.0,0.0,0.0,0.0 
 07/21  03:14:00,21.9,39.31451528945362,28.190656786305087,39.31451528945362,0.0,0.0,28.190656786305087,0.0,0.0,0.0,0.0,0.0,0.0,0.0,0.0,0.0,0.0,0.0,0.0,0.0,0.0 
 07/21  03:15:00,21.9,39.33765176470288,28.181322852374706,39.33765176470288,0.0,0.0,28.181322852374706,0.0,0.0,0.0,0.0,0.0,0.0,0.0,0.0,0.0,0.0,0.0,0.0,0.0,0.0 
 07/21  03:16:00,21.9,39.36074843720709,28.172014116360668,39.36074843720709,0.0,0.0,28.172014116360668,0.0,0.0,0.0,0.0,0.0,0.0,0.0,0.0,0.0,0.0,0.0,0.0,0.0,0.0 
 07/21  03:17:00,21.9,39.38380704503665,28.162730172804412,39.38380704503665,0.0,0.0,28.162730172804412,0.0,0.0,0.0,0.0,0.0,0.0,0.0,0.0,0.0,0.0,0.0,0.0,0.0,0.0 
 07/21  03:18:00,21.9,39.40682613601731,28.15347066391909,39.40682613601731,0.0,0.0,28.15347066391909,0.0,0.0,0.0,0.0,0.0,0.0,0.0,0.0,0.0,0.0,0.0,0.0,0.0,0.0 
 07/21  03:19:00,21.9,39.429807407949774,28.144235112672987,39.429807407949774,0.0,0.0,28.144235112672987,0.0,0.0,0.0,0.0,0.0,0.0,0.0,0.0,0.0,0.0,0.0,0.0,0.0,0.0 
 07/21  03:20:00,21.9,39.45274936644708,28.13502313336197,39.45274936644708,0.0,0.0,28.13502313336197,0.0,0.0,0.0,0.0,0.0,0.0,0.0,0.0,0.0,0.0,0.0,0.0,0.0,0.0 
 07/21  03:21:00,21.9,39.47565366807306,28.125834253419963,39.47565366807306,0.0,0.0,28.125834253419963,0.0,0.0,0.0,0.0,0.0,0.0,0.0,0.0,0.0,0.0,0.0,0.0,0.0,0.0 
 07/21  03:22:00,21.9,39.49851876465698,28.116668037623167,39.49851876465698,0.0,0.0,28.116668037623167,0.0,0.0,0.0,0.0,0.0,0.0,0.0,0.0,0.0,0.0,0.0,0.0,0.0,0.0 
 07/21  03:23:00,21.9,39.521346270278336,28.107524013995928,39.521346270278336,0.0,0.0,28.107524013995928,0.0,0.0,0.0,0.0,0.0,0.0,0.0,0.0,0.0,0.0,0.0,0.0,0.0,0.0 
 07/21  03:24:00,21.9,39.544134572573135,28.098401767678418,39.544134572573135,0.0,0.0,28.098401767678418,0.0,0.0,0.0,0.0,0.0,0.0,0.0,0.0,0.0,0.0,0.0,0.0,0.0,0.0 
 07/21  03:25:00,21.9,39.566885243897396,28.089300800631218,39.566885243897396,0.0,0.0,28.089300800631218,0.0,0.0,0.0,0.0,0.0,0.0,0.0,0.0,0.0,0.0,0.0,0.0,0.0,0.0 
 07/21  03:26:00,21.9,39.589596600981196,28.080220708234826,39.589596600981196,0.0,0.0,28.080220708234826,0.0,0.0,0.0,0.0,0.0,0.0,0.0,0.0,0.0,0.0,0.0,0.0,0.0,0.0 
 07/21  03:27:00,21.9,39.6122701782597,28.071161030945664,39.6122701782597,0.0,0.0,28.071161030945664,0.0,0.0,0.0,0.0,0.0,0.0,0.0,0.0,0.0,0.0,0.0,0.0,0.0,0.0 
 07/21  03:28:00,21.9,39.634904219639786,28.06212134588827,39.634904219639786,0.0,0.0,28.06212134588827,0.0,0.0,0.0,0.0,0.0,0.0,0.0,0.0,0.0,0.0,0.0,0.0,0.0,0.0 
 07/21  03:29:00,21.9,39.657500228469374,28.053101219889193,39.657500228469374,0.0,0.0,28.053101219889193,0.0,0.0,0.0,0.0,0.0,0.0,0.0,0.0,0.0,0.0,0.0,0.0,0.0,0.0 
 07/21  03:30:00,21.9,39.680056378631065,28.04410027054115,39.680056378631065,0.0,0.0,28.04410027054115,0.0,0.0,0.0,0.0,0.0,0.0,0.0,0.0,0.0,0.0,0.0,0.0,0.0,0.0 
 07/21  03:31:00,21.9,39.702574151536716,28.035118058288113,39.702574151536716,0.0,0.0,28.035118058288113,0.0,0.0,0.0,0.0,0.0,0.0,0.0,0.0,0.0,0.0,0.0,0.0,0.0,0.0 
 07/21  03:32:00,21.9,39.72505165770936,28.026154225353007,39.72505165770936,0.0,0.0,28.026154225353007,0.0,0.0,0.0,0.0,0.0,0.0,0.0,0.0,0.0,0.0,0.0,0.0,0.0,0.0 
 07/21  03:33:00,21.9,39.7474903670509,28.01720838120614,39.7474903670509,0.0,0.0,28.01720838120614,0.0,0.0,0.0,0.0,0.0,0.0,0.0,0.0,0.0,0.0,0.0,0.0,0.0,0.0 
 07/21  03:34:00,21.9,39.769888336054315,28.008280160620547,39.769888336054315,0.0,0.0,28.008280160620547,0.0,0.0,0.0,0.0,0.0,0.0,0.0,0.0,0.0,0.0,0.0,0.0,0.0,0.0 
 07/21  03:35:00,21.9,39.79224703375154,27.999369206061367,39.79224703375154,0.0,0.0,27.999369206061367,0.0,0.0,0.0,0.0,0.0,0.0,0.0,0.0,0.0,0.0,0.0,0.0,0.0,0.0 
 07/21  03:36:00,21.9,39.814564473375974,27.990475197322773,39.814564473375974,0.0,0.0,27.990475197322773,0.0,0.0,0.0,0.0,0.0,0.0,0.0,0.0,0.0,0.0,0.0,0.0,0.0,0.0 
 07/21  03:37:00,21.9,39.83684213305931,27.98159777517239,39.83684213305931,0.0,0.0,27.98159777517239,0.0,0.0,0.0,0.0,0.0,0.0,0.0,0.0,0.0,0.0,0.0,0.0,0.0,0.0 
 07/21  03:38:00,21.9,39.85907799393687,27.97273664694763,39.85907799393687,0.0,0.0,27.97273664694763,0.0,0.0,0.0,0.0,0.0,0.0,0.0,0.0,0.0,0.0,0.0,0.0,0.0,0.0 
 07/21  03:39:00,21.9,39.88127355191709,27.96389150245809,39.88127355191709,0.0,0.0,27.96389150245809,0.0,0.0,0.0,0.0,0.0,0.0,0.0,0.0,0.0,0.0,0.0,0.0,0.0,0.0 
 07/21  03:40:00,21.9,39.90342676679857,27.955062043918097,39.90342676679857,0.0,0.0,27.955062043918097,0.0,0.0,0.0,0.0,0.0,0.0,0.0,0.0,0.0,0.0,0.0,0.0,0.0,0.0 
 07/21  03:41:00,21.9,39.925539159294885,27.94624799323894,39.925539159294885,0.0,0.0,27.94624799323894,0.0,0.0,0.0,0.0,0.0,0.0,0.0,0.0,0.0,0.0,0.0,0.0,0.0,0.0 
 07/21  03:42:00,21.9,39.9476086777039,27.937449096797646,39.9476086777039,0.0,0.0,27.937449096797646,0.0,0.0,0.0,0.0,0.0,0.0,0.0,0.0,0.0,0.0,0.0,0.0,0.0,0.0 
 07/21  03:43:00,21.9,39.96963687279554,27.928665073973523,39.96963687279554,0.0,0.0,27.928665073973523,0.0,0.0,0.0,0.0,0.0,0.0,0.0,0.0,0.0,0.0,0.0,0.0,0.0,0.0 
 07/21  03:44:00,21.9,39.99162168998315,27.919895697793372,39.99162168998315,0.0,0.0,27.919895697793372,0.0,0.0,0.0,0.0,0.0,0.0,0.0,0.0,0.0,0.0,0.0,0.0,0.0,0.0 
 07/21  03:45:00,21.9,40.01356471360834,27.911140733393946,40.01356471360834,0.0,0.0,27.911140733393946,0.0,0.0,0.0,0.0,0.0,0.0,0.0,0.0,0.0,0.0,0.0,0.0,0.0,0.0 
 07/21  03:46:00,21.9,40.03546389348125,27.90239994812857,40.03546389348125,0.0,0.0,27.90239994812857,0.0,0.0,0.0,0.0,0.0,0.0,0.0,0.0,0.0,0.0,0.0,0.0,0.0,0.0 
 07/21  03:47:00,21.9,40.057320849447294,27.89367313606964,40.057320849447294,0.0,0.0,27.89367313606964,0.0,0.0,0.0,0.0,0.0,0.0,0.0,0.0,0.0,0.0,0.0,0.0,0.0,0.0 
 07/21  03:48:00,21.9,40.07913354166997,27.884960106315432,40.07913354166997,0.0,0.0,27.884960106315432,0.0,0.0,0.0,0.0,0.0,0.0,0.0,0.0,0.0,0.0,0.0,0.0,0.0,0.0 
 07/21  03:49:00,21.9,40.10090362606287,27.87626064781141,40.10090362606287,0.0,0.0,27.87626064781141,0.0,0.0,0.0,0.0,0.0,0.0,0.0,0.0,0.0,0.0,0.0,0.0,0.0,0.0 
 07/21  03:50:00,21.9,40.12262907786496,27.867574594210048,40.12262907786496,0.0,0.0,27.867574594210048,0.0,0.0,0.0,0.0,0.0,0.0,0.0,0.0,0.0,0.0,0.0,0.0,0.0,0.0 
 07/21  03:51:00,21.9,40.14431158849479,27.858901776183902,40.14431158849479,0.0,0.0,27.858901776183902,0.0,0.0,0.0,0.0,0.0,0.0,0.0,0.0,0.0,0.0,0.0,0.0,0.0,0.0 
 07/21  03:52:00,21.9,40.16594915188845,27.850242020070056,40.16594915188845,0.0,0.0,27.850242020070056,0.0,0.0,0.0,0.0,0.0,0.0,0.0,0.0,0.0,0.0,0.0,0.0,0.0,0.0 
 07/21  03:53:00,21.9,40.187543493517445,27.841595181807374,40.187543493517445,0.0,0.0,27.841595181807374,0.0,0.0,0.0,0.0,0.0,0.0,0.0,0.0,0.0,0.0,0.0,0.0,0.0,0.0 
 07/21  03:54:00,21.9,40.20909262868833,27.832961126624067,40.20909262868833,0.0,0.0,27.832961126624067,0.0,0.0,0.0,0.0,0.0,0.0,0.0,0.0,0.0,0.0,0.0,0.0,0.0,0.0 
 07/21  03:55:00,21.9,40.230598314806144,27.824339702230528,40.230598314806144,0.0,0.0,27.824339702230528,0.0,0.0,0.0,0.0,0.0,0.0,0.0,0.0,0.0,0.0,0.0,0.0,0.0,0.0 
 07/21  03:56:00,21.9,40.25205859042619,27.815730795890584,40.25205859042619,0.0,0.0,27.815730795890584,0.0,0.0,0.0,0.0,0.0,0.0,0.0,0.0,0.0,0.0,0.0,0.0,0.0,0.0 
 07/21  03:57:00,21.9,40.273475242295106,27.80713429306172,40.273475242295106,0.0,0.0,27.80713429306172,0.0,0.0,0.0,0.0,0.0,0.0,0.0,0.0,0.0,0.0,0.0,0.0,0.0,0.0 
 07/21  03:58:00,21.9,40.29484633344381,27.798550071537857,40.29484633344381,0.0,0.0,27.798550071537857,0.0,0.0,0.0,0.0,0.0,0.0,0.0,0.0,0.0,0.0,0.0,0.0,0.0,0.0 
 07/21  03:59:00,21.9,40.31617367706131,27.7899780384353,40.31617367706131,0.0,0.0,27.7899780384353,0.0,0.0,0.0,0.0,0.0,0.0,0.0,0.0,0.0,0.0,0.0,0.0,0.0,0.0 
 07/21  04:00:00,21.9,40.33745536135822,27.78141810751432,40.33745536135822,0.0,0.0,27.78141810751432,0.0,0.0,0.0,0.0,0.0,0.0,0.0,0.0,0.0,0.0,0.0,0.0,0.0,0.0,49104000.0 
 07/21  04:01:00,21.9,40.35870917997169,27.772865584585308,40.35870917997169,0.0,0.0,27.772865584585308,0.0,0.0,0.0,0.0,0.0,0.0,0.0,0.0,0.0,0.0,0.0,0.0,0.0,0.0 
 07/21  04:02:00,21.9,40.37992413012365,27.76432220493073,40.37992413012365,0.0,0.0,27.76432220493073,0.0,0.0,0.0,0.0,0.0,0.0,0.0,0.0,0.0,0.0,0.0,0.0,0.0,0.0 
 07/21  04:03:00,21.9,40.4010933944159,27.755789904582958,40.4010933944159,0.0,0.0,27.755789904582958,0.0,0.0,0.0,0.0,0.0,0.0,0.0,0.0,0.0,0.0,0.0,0.0,0.0,0.0 
 07/21  04:04:00,21.9,40.42221197691911,27.747269554376018,40.42221197691911,0.0,0.0,27.747269554376018,0.0,0.0,0.0,0.0,0.0,0.0,0.0,0.0,0.0,0.0,0.0,0.0,0.0,0.0 
 07/21  04:05:00,21.9,40.44328207863322,27.738761334364938,40.44328207863322,0.0,0.0,27.738761334364938,0.0,0.0,0.0,0.0,0.0,0.0,0.0,0.0,0.0,0.0,0.0,0.0,0.0,0.0 
 07/21  04:06:00,21.9,40.46430321847455,27.730265155058877,40.46430321847455,0.0,0.0,27.730265155058877,0.0,0.0,0.0,0.0,0.0,0.0,0.0,0.0,0.0,0.0,0.0,0.0,0.0,0.0 
 07/21  04:07:00,21.9,40.48527845952272,27.72178087187634,40.48527845952272,0.0,0.0,27.72178087187634,0.0,0.0,0.0,0.0,0.0,0.0,0.0,0.0,0.0,0.0,0.0,0.0,0.0,0.0 
 07/21  04:08:00,21.9,40.50620672523825,27.71330840397417,40.50620672523825,0.0,0.0,27.71330840397417,0.0,0.0,0.0,0.0,0.0,0.0,0.0,0.0,0.0,0.0,0.0,0.0,0.0,0.0 
 07/21  04:09:00,21.9,40.52709033298603,27.704847683791193,40.52709033298603,0.0,0.0,27.704847683791193,0.0,0.0,0.0,0.0,0.0,0.0,0.0,0.0,0.0,0.0,0.0,0.0,0.0,0.0 
 07/21  04:10:00,21.9,40.547927737692255,27.69639863864661,40.547927737692255,0.0,0.0,27.69639863864661,0.0,0.0,0.0,0.0,0.0,0.0,0.0,0.0,0.0,0.0,0.0,0.0,0.0,0.0 
 07/21  04:11:00,21.9,40.568721016760776,27.68796121141877,40.568721016760776,0.0,0.0,27.68796121141877,0.0,0.0,0.0,0.0,0.0,0.0,0.0,0.0,0.0,0.0,0.0,0.0,0.0,0.0 
 07/21  04:12:00,21.9,40.5894685304628,27.679535340120296,40.5894685304628,0.0,0.0,27.679535340120296,0.0,0.0,0.0,0.0,0.0,0.0,0.0,0.0,0.0,0.0,0.0,0.0,0.0,0.0 
 07/21  04:13:00,21.9,40.610172295111724,27.671120925831072,40.610172295111724,0.0,0.0,27.671120925831072,0.0,0.0,0.0,0.0,0.0,0.0,0.0,0.0,0.0,0.0,0.0,0.0,0.0,0.0 
 07/21  04:14:00,21.9,40.63083064266541,27.662717895239126,40.63083064266541,0.0,0.0,27.662717895239126,0.0,0.0,0.0,0.0,0.0,0.0,0.0,0.0,0.0,0.0,0.0,0.0,0.0,0.0 
 07/21  04:15:00,21.9,40.65144555049059,27.654326153554898,40.65144555049059,0.0,0.0,27.654326153554898,0.0,0.0,0.0,0.0,0.0,0.0,0.0,0.0,0.0,0.0,0.0,0.0,0.0,0.0 
 07/21  04:16:00,21.9,40.67201533467869,27.645945588715776,40.67201533467869,0.0,0.0,27.645945588715776,0.0,0.0,0.0,0.0,0.0,0.0,0.0,0.0,0.0,0.0,0.0,0.0,0.0,0.0 
 07/21  04:17:00,21.9,40.69254194502919,27.637576099333945,40.69254194502919,0.0,0.0,27.637576099333945,0.0,0.0,0.0,0.0,0.0,0.0,0.0,0.0,0.0,0.0,0.0,0.0,0.0,0.0 
 07/21  04:18:00,21.9,40.713023690919464,27.629217584263777,40.713023690919464,0.0,0.0,27.629217584263777,0.0,0.0,0.0,0.0,0.0,0.0,0.0,0.0,0.0,0.0,0.0,0.0,0.0,0.0 
 07/21  04:19:00,21.9,40.73346250218352,27.620869909822183,40.73346250218352,0.0,0.0,27.620869909822183,0.0,0.0,0.0,0.0,0.0,0.0,0.0,0.0,0.0,0.0,0.0,0.0,0.0,0.0 
 07/21  04:20:00,21.9,40.75385668427717,27.612532975648747,40.75385668427717,0.0,0.0,27.612532975648747,0.0,0.0,0.0,0.0,0.0,0.0,0.0,0.0,0.0,0.0,0.0,0.0,0.0,0.0 
 07/21  04:21:00,21.9,40.77420814947294,27.60420666631775,40.77420814947294,0.0,0.0,27.60420666631775,0.0,0.0,0.0,0.0,0.0,0.0,0.0,0.0,0.0,0.0,0.0,0.0,0.0,0.0 
 07/21  04:22:00,21.9,40.79451519770749,27.59589085796521,40.79451519770749,0.0,0.0,27.59589085796521,0.0,0.0,0.0,0.0,0.0,0.0,0.0,0.0,0.0,0.0,0.0,0.0,0.0,0.0 
 07/21  04:23:00,21.9,40.81477972377281,27.587585443667354,40.81477972377281,0.0,0.0,27.587585443667354,0.0,0.0,0.0,0.0,0.0,0.0,0.0,0.0,0.0,0.0,0.0,0.0,0.0,0.0 
 07/21  04:24:00,21.9,40.83500001926359,27.579290324099038,40.83500001926359,0.0,0.0,27.579290324099038,0.0,0.0,0.0,0.0,0.0,0.0,0.0,0.0,0.0,0.0,0.0,0.0,0.0,0.0 
 07/21  04:25:00,21.9,40.85517796136063,27.571005374109166,40.85517796136063,0.0,0.0,27.571005374109166,0.0,0.0,0.0,0.0,0.0,0.0,0.0,0.0,0.0,0.0,0.0,0.0,0.0,0.0 
 07/21  04:26:00,21.9,40.875311831080644,27.562730506609338,40.875311831080644,0.0,0.0,27.562730506609338,0.0,0.0,0.0,0.0,0.0,0.0,0.0,0.0,0.0,0.0,0.0,0.0,0.0,0.0 
 07/21  04:27:00,21.9,40.895403488585096,27.554465624749344,40.895403488585096,0.0,0.0,27.554465624749344,0.0,0.0,0.0,0.0,0.0,0.0,0.0,0.0,0.0,0.0,0.0,0.0,0.0,0.0 
 07/21  04:28:00,21.9,40.91545120347082,27.54621062694241,40.91545120347082,0.0,0.0,27.54621062694241,0.0,0.0,0.0,0.0,0.0,0.0,0.0,0.0,0.0,0.0,0.0,0.0,0.0,0.0 
 07/21  04:29:00,21.9,40.93545682045462,27.537965432086157,40.93545682045462,0.0,0.0,27.537965432086157,0.0,0.0,0.0,0.0,0.0,0.0,0.0,0.0,0.0,0.0,0.0,0.0,0.0,0.0 
 07/21  04:30:00,21.9,40.95541859844478,27.529729968333914,40.95541859844478,0.0,0.0,27.529729968333914,0.0,0.0,0.0,0.0,0.0,0.0,0.0,0.0,0.0,0.0,0.0,0.0,0.0,0.0 
 07/21  04:31:00,21.9,40.97533836913983,27.52150414142069,40.97533836913983,0.0,0.0,27.52150414142069,0.0,0.0,0.0,0.0,0.0,0.0,0.0,0.0,0.0,0.0,0.0,0.0,0.0,0.0 
 07/21  04:32:00,21.9,40.99521438285446,27.513287894999102,40.99521438285446,0.0,0.0,27.513287894999102,0.0,0.0,0.0,0.0,0.0,0.0,0.0,0.0,0.0,0.0,0.0,0.0,0.0,0.0 
 07/21  04:33:00,21.9,41.015048461220225,27.505081165175614,41.015048461220225,0.0,0.0,27.505081165175614,0.0,0.0,0.0,0.0,0.0,0.0,0.0,0.0,0.0,0.0,0.0,0.0,0.0,0.0 
 07/21  04:34:00,21.9,41.03483884901907,27.496883883086905,41.03483884901907,0.0,0.0,27.496883883086905,0.0,0.0,0.0,0.0,0.0,0.0,0.0,0.0,0.0,0.0,0.0,0.0,0.0,0.0 
 07/21  04:35:00,21.9,41.054587360920706,27.48869600138862,41.054587360920706,0.0,0.0,27.48869600138862,0.0,0.0,0.0,0.0,0.0,0.0,0.0,0.0,0.0,0.0,0.0,0.0,0.0,0.0 
 07/21  04:36:00,21.9,41.07429223976618,27.480517481051855,41.07429223976618,0.0,0.0,27.480517481051855,0.0,0.0,0.0,0.0,0.0,0.0,0.0,0.0,0.0,0.0,0.0,0.0,0.0,0.0 
 07/21  04:37:00,21.9,41.09395529619854,27.472348261624912,41.09395529619854,0.0,0.0,27.472348261624912,0.0,0.0,0.0,0.0,0.0,0.0,0.0,0.0,0.0,0.0,0.0,0.0,0.0,0.0 
 07/21  04:38:00,21.9,41.11357477485732,27.464188319154125,41.11357477485732,0.0,0.0,27.464188319154125,0.0,0.0,0.0,0.0,0.0,0.0,0.0,0.0,0.0,0.0,0.0,0.0,0.0,0.0 
 07/21  04:39:00,21.9,41.133152484890914,27.456037622323656,41.133152484890914,0.0,0.0,27.456037622323656,0.0,0.0,0.0,0.0,0.0,0.0,0.0,0.0,0.0,0.0,0.0,0.0,0.0,0.0 
 07/21  04:40:00,21.9,41.15268667633168,27.44789613397124,41.15268667633168,0.0,0.0,27.44789613397124,0.0,0.0,0.0,0.0,0.0,0.0,0.0,0.0,0.0,0.0,0.0,0.0,0.0,0.0 
 07/21  04:41:00,21.9,41.17217915882547,27.439763837848623,41.17217915882547,0.0,0.0,27.439763837848623,0.0,0.0,0.0,0.0,0.0,0.0,0.0,0.0,0.0,0.0,0.0,0.0,0.0,0.0 
 07/21  04:42:00,21.9,41.19162819105179,27.431640725204097,41.19162819105179,0.0,0.0,27.431640725204097,0.0,0.0,0.0,0.0,0.0,0.0,0.0,0.0,0.0,0.0,0.0,0.0,0.0,0.0 
 07/21  04:43:00,21.9,41.21103558455402,27.42352676509749,41.21103558455402,0.0,0.0,27.42352676509749,0.0,0.0,0.0,0.0,0.0,0.0,0.0,0.0,0.0,0.0,0.0,0.0,0.0,0.0 
 07/21  04:44:00,21.9,41.2303996094638,27.41542196242694,41.2303996094638,0.0,0.0,27.41542196242694,0.0,0.0,0.0,0.0,0.0,0.0,0.0,0.0,0.0,0.0,0.0,0.0,0.0,0.0 
 07/21  04:45:00,21.9,41.24972208004136,27.407326313355146,41.24972208004136,0.0,0.0,27.407326313355146,0.0,0.0,0.0,0.0,0.0,0.0,0.0,0.0,0.0,0.0,0.0,0.0,0.0,0.0 
 07/21  04:46:00,21.9,41.26900128018404,27.39923980813388,41.26900128018404,0.0,0.0,27.39923980813388,0.0,0.0,0.0,0.0,0.0,0.0,0.0,0.0,0.0,0.0,0.0,0.0,0.0,0.0 
 07/21  04:47:00,21.9,41.28823902716057,27.391162456019238,41.28823902716057,0.0,0.0,27.391162456019238,0.0,0.0,0.0,0.0,0.0,0.0,0.0,0.0,0.0,0.0,0.0,0.0,0.0,0.0 
 07/21  04:48:00,21.9,41.3074336204611,27.38309427401331,41.3074336204611,0.0,0.0,27.38309427401331,0.0,0.0,0.0,0.0,0.0,0.0,0.0,0.0,0.0,0.0,0.0,0.0,0.0,0.0 
 07/21  04:49:00,21.9,41.326586880203976,27.375035254719897,41.326586880203976,0.0,0.0,27.375035254719897,0.0,0.0,0.0,0.0,0.0,0.0,0.0,0.0,0.0,0.0,0.0,0.0,0.0,0.0 
 07/21  04:50:00,21.9,41.345697122847625,27.366985427198337,41.345697122847625,0.0,0.0,27.366985427198337,0.0,0.0,0.0,0.0,0.0,0.0,0.0,0.0,0.0,0.0,0.0,0.0,0.0,0.0 
 07/21  04:51:00,21.9,41.36476617083674,27.358944809141448,41.36476617083674,0.0,0.0,27.358944809141448,0.0,0.0,0.0,0.0,0.0,0.0,0.0,0.0,0.0,0.0,0.0,0.0,0.0,0.0 
 07/21  04:52:00,21.9,41.38379235857295,27.35091341334519,41.38379235857295,0.0,0.0,27.35091341334519,0.0,0.0,0.0,0.0,0.0,0.0,0.0,0.0,0.0,0.0,0.0,0.0,0.0,0.0 
 07/21  04:53:00,21.9,41.40277751002538,27.342891268675928,41.40277751002538,0.0,0.0,27.342891268675928,0.0,0.0,0.0,0.0,0.0,0.0,0.0,0.0,0.0,0.0,0.0,0.0,0.0,0.0 
 07/21  04:54:00,21.9,41.42171997817122,27.334878413095332,41.42171997817122,0.0,0.0,27.334878413095332,0.0,0.0,0.0,0.0,0.0,0.0,0.0,0.0,0.0,0.0,0.0,0.0,0.0,0.0 
 07/21  04:55:00,21.9,41.44062158750262,27.326874856871836,41.44062158750262,0.0,0.0,27.326874856871836,0.0,0.0,0.0,0.0,0.0,0.0,0.0,0.0,0.0,0.0,0.0,0.0,0.0,0.0 
 07/21  04:56:00,21.9,41.45948070991982,27.31888064847706,41.45948070991982,0.0,0.0,27.31888064847706,0.0,0.0,0.0,0.0,0.0,0.0,0.0,0.0,0.0,0.0,0.0,0.0,0.0,0.0 
 07/21  04:57:00,21.9,41.47829916930657,27.31089582148043,41.47829916930657,0.0,0.0,27.31089582148043,0.0,0.0,0.0,0.0,0.0,0.0,0.0,0.0,0.0,0.0,0.0,0.0,0.0,0.0 
 07/21  04:58:00,21.9,41.49707535660329,27.30292040645025,41.49707535660329,0.0,0.0,27.30292040645025,0.0,0.0,0.0,0.0,0.0,0.0,0.0,0.0,0.0,0.0,0.0,0.0,0.0,0.0 
 07/21  04:59:00,21.9,41.51581109388178,27.29495444641915,41.51581109388178,0.0,0.0,27.29495444641915,0.0,0.0,0.0,0.0,0.0,0.0,0.0,0.0,0.0,0.0,0.0,0.0,0.0,0.0 
 07/21  05:00:00,21.9,41.53450479105727,27.28699799568324,41.53450479105727,0.0,0.0,27.28699799568324,0.0,0.0,0.0,0.0,0.0,0.0,0.0,0.0,0.0,0.0,0.0,0.0,0.0,0.0,49104000.0 
 07/21  05:01:00,21.8,41.5531636498827,27.27902819972071,41.5531636498827,0.0,0.0,27.27902819972071,0.0,0.0,0.0,0.0,0.0,0.0,0.0,0.0,0.0,0.0,0.0,0.0,0.0,0.0 
 07/21  05:02:00,21.8,41.57178299888875,27.271054053418798,41.57178299888875,0.0,0.0,27.271054053418798,0.0,0.0,0.0,0.0,0.0,0.0,0.0,0.0,0.0,0.0,0.0,0.0,0.0,0.0 
 07/21  05:03:00,21.8,41.59036171871895,27.263085554840796,41.59036171871895,0.0,0.0,27.263085554840796,0.0,0.0,0.0,0.0,0.0,0.0,0.0,0.0,0.0,0.0,0.0,0.0,0.0,0.0 
 07/21  05:04:00,21.8,41.60889720244985,27.25512745813251,41.60889720244985,0.0,0.0,27.25512745813251,0.0,0.0,0.0,0.0,0.0,0.0,0.0,0.0,0.0,0.0,0.0,0.0,0.0,0.0 
 07/21  05:05:00,21.8,41.627391381133016,27.247180970524195,41.627391381133016,0.0,0.0,27.247180970524195,0.0,0.0,0.0,0.0,0.0,0.0,0.0,0.0,0.0,0.0,0.0,0.0,0.0,0.0 
 07/21  05:06:00,21.8,41.64584318421798,27.239245992793755,41.64584318421798,0.0,0.0,27.239245992793755,0.0,0.0,0.0,0.0,0.0,0.0,0.0,0.0,0.0,0.0,0.0,0.0,0.0,0.0 
 07/21  05:07:00,21.8,41.66425481777532,27.231322206259723,41.66425481777532,0.0,0.0,27.231322206259723,0.0,0.0,0.0,0.0,0.0,0.0,0.0,0.0,0.0,0.0,0.0,0.0,0.0,0.0 
 07/21  05:08:00,21.8,41.682625013743674,27.22340946117673,41.682625013743674,0.0,0.0,27.22340946117673,0.0,0.0,0.0,0.0,0.0,0.0,0.0,0.0,0.0,0.0,0.0,0.0,0.0,0.0 
 07/21  05:09:00,21.8,41.70095571101211,27.21550769648545,41.70095571101211,0.0,0.0,27.21550769648545,0.0,0.0,0.0,0.0,0.0,0.0,0.0,0.0,0.0,0.0,0.0,0.0,0.0,0.0 
 07/21  05:10:00,21.8,41.7192454901552,27.20761689476814,41.7192454901552,0.0,0.0,27.20761689476814,0.0,0.0,0.0,0.0,0.0,0.0,0.0,0.0,0.0,0.0,0.0,0.0,0.0,0.0 
 07/21  05:11:00,21.8,41.73749619667138,27.199737042773318,41.73749619667138,0.0,0.0,27.199737042773318,0.0,0.0,0.0,0.0,0.0,0.0,0.0,0.0,0.0,0.0,0.0,0.0,0.0,0.0 
 07/21  05:12:00,21.8,41.75570638713783,27.19186812676243,41.75570638713783,0.0,0.0,27.19186812676243,0.0,0.0,0.0,0.0,0.0,0.0,0.0,0.0,0.0,0.0,0.0,0.0,0.0,0.0 
 07/21  05:13:00,21.8,41.77387787455705,27.18401007507591,41.77387787455705,0.0,0.0,27.18401007507591,0.0,0.0,0.0,0.0,0.0,0.0,0.0,0.0,0.0,0.0,0.0,0.0,0.0,0.0 
 07/21  05:14:00,21.8,41.79200921281538,27.176162844248246,41.79200921281538,0.0,0.0,27.176162844248246,0.0,0.0,0.0,0.0,0.0,0.0,0.0,0.0,0.0,0.0,0.0,0.0,0.0,0.0 
 07/21  05:15:00,21.8,41.810102189327516,27.168326349969956,41.810102189327516,0.0,0.0,27.168326349969956,0.0,0.0,0.0,0.0,0.0,0.0,0.0,0.0,0.0,0.0,0.0,0.0,0.0,0.0 
 07/21  05:16:00,21.8,41.8281553570068,27.160500498331018,41.8281553570068,0.0,0.0,27.160500498331018,0.0,0.0,0.0,0.0,0.0,0.0,0.0,0.0,0.0,0.0,0.0,0.0,0.0,0.0 
 07/21  05:17:00,21.8,41.8461704803108,27.15268518644826,41.8461704803108,0.0,0.0,27.15268518644826,0.0,0.0,0.0,0.0,0.0,0.0,0.0,0.0,0.0,0.0,0.0,0.0,0.0,0.0 
 07/21  05:18:00,21.8,41.864146110417934,27.144880319523075,41.864146110417934,0.0,0.0,27.144880319523075,0.0,0.0,0.0,0.0,0.0,0.0,0.0,0.0,0.0,0.0,0.0,0.0,0.0,0.0 
 07/21  05:19:00,21.8,41.88208398964394,27.137085754792235,41.88208398964394,0.0,0.0,27.137085754792235,0.0,0.0,0.0,0.0,0.0,0.0,0.0,0.0,0.0,0.0,0.0,0.0,0.0,0.0 
 07/21  05:20:00,21.8,41.899982663544634,27.129301389775083,41.899982663544634,0.0,0.0,27.129301389775083,0.0,0.0,0.0,0.0,0.0,0.0,0.0,0.0,0.0,0.0,0.0,0.0,0.0,0.0 
 07/21  05:21:00,21.8,41.917843851252044,27.121527092093313,41.917843851252044,0.0,0.0,27.121527092093313,0.0,0.0,0.0,0.0,0.0,0.0,0.0,0.0,0.0,0.0,0.0,0.0,0.0,0.0 
 07/21  05:22:00,21.8,41.93566608719615,27.113762731565973,41.93566608719615,0.0,0.0,27.113762731565973,0.0,0.0,0.0,0.0,0.0,0.0,0.0,0.0,0.0,0.0,0.0,0.0,0.0,0.0 
 07/21  05:23:00,21.8,41.953451066002216,27.10600817966759,41.953451066002216,0.0,0.0,27.10600817966759,0.0,0.0,0.0,0.0,0.0,0.0,0.0,0.0,0.0,0.0,0.0,0.0,0.0,0.0 
 07/21  05:24:00,21.8,41.971197305837514,27.098263325846847,41.971197305837514,0.0,0.0,27.098263325846847,0.0,0.0,0.0,0.0,0.0,0.0,0.0,0.0,0.0,0.0,0.0,0.0,0.0,0.0 
 07/21  05:25:00,21.8,41.988906476417476,27.09052802250355,41.988906476417476,0.0,0.0,27.09052802250355,0.0,0.0,0.0,0.0,0.0,0.0,0.0,0.0,0.0,0.0,0.0,0.0,0.0,0.0 
 07/21  05:26:00,21.8,42.00657707614734,27.082802168918143,42.00657707614734,0.0,0.0,27.082802168918143,0.0,0.0,0.0,0.0,0.0,0.0,0.0,0.0,0.0,0.0,0.0,0.0,0.0,0.0 
 07/21  05:27:00,21.8,42.02421075087605,27.07508564355849,42.02421075087605,0.0,0.0,27.07508564355849,0.0,0.0,0.0,0.0,0.0,0.0,0.0,0.0,0.0,0.0,0.0,0.0,0.0,0.0 
 07/21  05:28:00,21.8,42.04180597793131,27.067378331942255,42.04180597793131,0.0,0.0,27.067378331942255,0.0,0.0,0.0,0.0,0.0,0.0,0.0,0.0,0.0,0.0,0.0,0.0,0.0,0.0 
 07/21  05:29:00,21.8,42.05936438179523,27.059680128018737,42.05936438179523,0.0,0.0,27.059680128018737,0.0,0.0,0.0,0.0,0.0,0.0,0.0,0.0,0.0,0.0,0.0,0.0,0.0,0.0 
 07/21  05:30:00,21.8,42.07688441956638,27.051990945818062,42.07688441956638,0.0,0.0,27.051990945818062,0.0,0.0,0.0,0.0,0.0,0.0,0.0,0.0,0.0,0.0,0.0,0.0,0.0,0.0 
 07/21  05:31:00,21.8,42.09436769798995,27.04431066855777,42.09436769798995,0.0,0.0,27.04431066855777,0.0,0.0,0.0,0.0,0.0,0.0,0.0,0.0,0.0,0.0,0.0,0.0,0.0,0.0 
 07/21  05:32:00,21.8,42.11178450408396,27.036639665410977,42.11178450408396,0.0,0.0,27.036639665410977,0.0,0.0,0.0,0.0,0.0,0.0,0.0,0.0,0.0,0.0,0.0,0.0,0.0,0.0 
 07/21  05:33:00,21.8,42.12917160051485,27.028977422788806,42.12917160051485,0.0,0.0,27.028977422788806,0.0,0.0,0.0,0.0,0.0,0.0,0.0,0.0,0.0,0.0,0.0,0.0,0.0,0.0 
 07/21  05:34:00,21.8,42.14651299674176,27.021324070056515,42.14651299674176,0.0,0.0,27.021324070056515,0.0,0.0,0.0,0.0,0.0,0.0,0.0,0.0,0.0,0.0,0.0,0.0,0.0,0.0 
 07/21  05:35:00,21.8,42.163835203300735,27.013679186957678,42.163835203300735,0.0,0.0,27.013679186957678,0.0,0.0,0.0,0.0,0.0,0.0,0.0,0.0,0.0,0.0,0.0,0.0,0.0,0.0 
 07/21  05:36:00,21.8,42.181112917485606,27.006043026843916,42.181112917485606,0.0,0.0,27.006043026843916,0.0,0.0,0.0,0.0,0.0,0.0,0.0,0.0,0.0,0.0,0.0,0.0,0.0,0.0 
 07/21  05:37:00,21.8,42.19836868552675,26.998415202462574,42.19836868552675,0.0,0.0,26.998415202462574,0.0,0.0,0.0,0.0,0.0,0.0,0.0,0.0,0.0,0.0,0.0,0.0,0.0,0.0 
 07/21  05:38:00,21.8,42.215577055930176,26.990795982449637,42.215577055930176,0.0,0.0,26.990795982449637,0.0,0.0,0.0,0.0,0.0,0.0,0.0,0.0,0.0,0.0,0.0,0.0,0.0,0.0 
 07/21  05:39:00,21.8,42.232761389290246,26.983184999966618,42.232761389290246,0.0,0.0,26.983184999966618,0.0,0.0,0.0,0.0,0.0,0.0,0.0,0.0,0.0,0.0,0.0,0.0,0.0,0.0 
 07/21  05:40:00,21.8,42.24989718264768,26.97558251495436,42.24989718264768,0.0,0.0,26.97558251495436,0.0,0.0,0.0,0.0,0.0,0.0,0.0,0.0,0.0,0.0,0.0,0.0,0.0,0.0 
 07/21  05:41:00,21.8,42.26698010536666,26.967988628098112,42.26698010536666,0.0,0.0,26.967988628098112,0.0,0.0,0.0,0.0,0.0,0.0,0.0,0.0,0.0,0.0,0.0,0.0,0.0,0.0 
 07/21  05:42:00,21.8,42.28401422084148,26.96040325800282,42.28401422084148,0.0,0.0,26.96040325800282,0.0,0.0,0.0,0.0,0.0,0.0,0.0,0.0,0.0,0.0,0.0,0.0,0.0,0.0 
 07/21  05:43:00,21.8,42.30100447907907,26.952826302829266,42.30100447907907,0.0,0.0,26.952826302829266,0.0,0.0,0.0,0.0,0.0,0.0,0.0,0.0,0.0,0.0,0.0,0.0,0.0,0.0 
 07/21  05:44:00,21.8,42.31795298993384,26.945257715166786,42.31795298993384,0.0,0.0,26.945257715166786,0.0,0.0,0.0,0.0,0.0,0.0,0.0,0.0,0.0,0.0,0.0,0.0,0.0,0.0 
 07/21  05:45:00,21.8,42.334863830545615,26.937697451812,42.334863830545615,0.0,0.0,26.937697451812,0.0,0.0,0.0,0.0,0.0,0.0,0.0,0.0,0.0,0.0,0.0,0.0,0.0,0.0 
 07/21  05:46:00,21.8,42.3517371327548,26.930145481106834,42.3517371327548,0.0,0.0,26.930145481106834,0.0,0.0,0.0,0.0,0.0,0.0,0.0,0.0,0.0,0.0,0.0,0.0,0.0,0.0 
 07/21  05:47:00,21.8,42.3685750957564,26.92260178919351,42.3685750957564,0.0,0.0,26.92260178919351,0.0,0.0,0.0,0.0,0.0,0.0,0.0,0.0,0.0,0.0,0.0,0.0,0.0,0.0 
 07/21  05:48:00,21.8,42.38537646226804,26.915066379115203,42.38537646226804,0.0,0.0,26.915066379115203,0.0,0.0,0.0,0.0,0.0,0.0,0.0,0.0,0.0,0.0,0.0,0.0,0.0,0.0 
 07/21  05:49:00,21.8,42.402142711607326,26.907539228366776,42.402142711607326,0.0,0.0,26.907539228366776,0.0,0.0,0.0,0.0,0.0,0.0,0.0,0.0,0.0,0.0,0.0,0.0,0.0,0.0 
 07/21  05:50:00,21.8,42.41887225347903,26.90002035549216,42.41887225347903,0.0,0.0,26.90002035549216,0.0,0.0,0.0,0.0,0.0,0.0,0.0,0.0,0.0,0.0,0.0,0.0,0.0,0.0 
 07/21  05:51:00,21.8,42.435566470738905,26.892509764680455,42.435566470738905,0.0,0.0,26.892509764680455,0.0,0.0,0.0,0.0,0.0,0.0,0.0,0.0,0.0,0.0,0.0,0.0,0.0,0.0 
 07/21  05:52:00,21.8,42.45222376191671,26.88500746277623,42.45222376191671,0.0,0.0,26.88500746277623,0.0,0.0,0.0,0.0,0.0,0.0,0.0,0.0,0.0,0.0,0.0,0.0,0.0,0.0 
 07/21  05:53:00,21.8,42.46884553653508,26.87751346690588,42.46884553653508,0.0,0.0,26.87751346690588,0.0,0.0,0.0,0.0,0.0,0.0,0.0,0.0,0.0,0.0,0.0,0.0,0.0,0.0 
 07/21  05:54:00,21.8,42.485430233533826,26.870027809227725,42.485430233533826,0.0,0.0,26.870027809227725,0.0,0.0,0.0,0.0,0.0,0.0,0.0,0.0,0.0,0.0,0.0,0.0,0.0,0.0 
 07/21  05:55:00,21.8,42.50197930131642,26.862550492159205,42.50197930131642,0.0,0.0,26.862550492159205,0.0,0.0,0.0,0.0,0.0,0.0,0.0,0.0,0.0,0.0,0.0,0.0,0.0,0.0 
 07/21  05:56:00,21.8,42.518491225370006,26.85508155915876,42.518491225370006,0.0,0.0,26.85508155915876,0.0,0.0,0.0,0.0,0.0,0.0,0.0,0.0,0.0,0.0,0.0,0.0,0.0,0.0 
 07/21  05:57:00,21.8,42.534967488971674,26.847621035850516,42.534967488971674,0.0,0.0,26.847621035850516,0.0,0.0,0.0,0.0,0.0,0.0,0.0,0.0,0.0,0.0,0.0,0.0,0.0,0.0 
 07/21  05:58:00,21.8,42.55140662048573,26.840168950816093,42.55140662048573,0.0,0.0,26.840168950816093,0.0,0.0,0.0,0.0,0.0,0.0,0.0,0.0,0.0,0.0,0.0,0.0,0.0,0.0 
 07/21  05:59:00,21.8,42.5678101295953,26.832725339761566,42.5678101295953,0.0,0.0,26.832725339761566,0.0,0.0,0.0,0.0,0.0,0.0,0.0,0.0,0.0,0.0,0.0,0.0,0.0,0.0 
 07/21  06:00:00,21.8,42.58417658097008,26.82529025427037,42.58417658097008,0.0,0.0,26.82529025427037,0.0,0.0,0.0,0.0,0.0,0.0,0.0,0.0,0.0,0.0,0.0,0.0,0.0,0.0,49104000.0 
 07/21  06:01:00,23.0,42.60061195536965,26.818087038787333,42.60061195536965,0.0,0.0,26.818087038787333,0.0,0.0,0.0,0.0,0.0,0.0,0.0,0.0,0.0,0.0,0.0,0.0,0.0,0.0 
 07/21  06:02:00,23.0,42.61705513642077,26.811028672003932,42.61705513642077,0.0,0.0,26.811028672003932,0.0,0.0,0.0,0.0,0.0,0.0,0.0,0.0,0.0,0.0,0.0,0.0,0.0,0.0 
 07/21  06:03:00,23.0,42.63345084535496,26.804018134928967,42.63345084535496,0.0,0.0,26.804018134928967,0.0,0.0,0.0,0.0,0.0,0.0,0.0,0.0,0.0,0.0,0.0,0.0,0.0,0.0 
 07/21  06:04:00,23.0,42.64977725774593,26.79700955282992,42.64977725774593,0.0,0.0,26.79700955282992,0.0,0.0,0.0,0.0,0.0,0.0,0.0,0.0,0.0,0.0,0.0,0.0,0.0,0.0 
 07/21  06:05:00,23.0,42.66603813925159,26.789991712139933,42.66603813925159,0.0,0.0,26.789991712139933,0.0,0.0,0.0,0.0,0.0,0.0,0.0,0.0,0.0,0.0,0.0,0.0,0.0,0.0 
 07/21  06:06:00,23.0,42.68224109077862,26.78296621228962,42.68224109077862,0.0,0.0,26.78296621228962,0.0,0.0,0.0,0.0,0.0,0.0,0.0,0.0,0.0,0.0,0.0,0.0,0.0,0.0 
 07/21  06:07:00,23.0,42.69839536494741,26.775936389745087,42.69839536494741,0.0,0.0,26.775936389745087,0.0,0.0,0.0,0.0,0.0,0.0,0.0,0.0,0.0,0.0,0.0,0.0,0.0,0.0 
 07/21  06:08:00,23.0,42.714504445517726,26.768904428615212,42.714504445517726,0.0,0.0,26.768904428615212,0.0,0.0,0.0,0.0,0.0,0.0,0.0,0.0,0.0,0.0,0.0,0.0,0.0,0.0 
 07/21  06:09:00,23.0,42.7305725764714,26.76187142060527,42.7305725764714,0.0,0.0,26.76187142060527,0.0,0.0,0.0,0.0,0.0,0.0,0.0,0.0,0.0,0.0,0.0,0.0,0.0,0.0 
 07/21  06:10:00,23.0,42.746600014203615,26.75483809746246,42.746600014203615,0.0,0.0,26.75483809746246,0.0,0.0,0.0,0.0,0.0,0.0,0.0,0.0,0.0,0.0,0.0,0.0,0.0,0.0 
 07/21  06:11:00,23.0,42.76258937248479,26.747805275570443,42.76258937248479,0.0,0.0,26.747805275570443,0.0,0.0,0.0,0.0,0.0,0.0,0.0,0.0,0.0,0.0,0.0,0.0,0.0,0.0 
 07/21  06:12:00,23.0,42.77854016407844,26.7407740968704,42.77854016407844,0.0,0.0,26.7407740968704,0.0,0.0,0.0,0.0,0.0,0.0,0.0,0.0,0.0,0.0,0.0,0.0,0.0,0.0 
 07/21  06:13:00,23.0,42.794454571861436,26.73374603162427,42.794454571861436,0.0,0.0,26.73374603162427,0.0,0.0,0.0,0.0,0.0,0.0,0.0,0.0,0.0,0.0,0.0,0.0,0.0,0.0 
 07/21  06:14:00,23.0,42.810331822953145,26.726723033226715,42.810331822953145,0.0,0.0,26.726723033226715,0.0,0.0,0.0,0.0,0.0,0.0,0.0,0.0,0.0,0.0,0.0,0.0,0.0,0.0 
 07/21  06:15:00,23.0,42.82617383928659,26.719707446207696,42.82617383928659,0.0,0.0,26.719707446207696,0.0,0.0,0.0,0.0,0.0,0.0,0.0,0.0,0.0,0.0,0.0,0.0,0.0,0.0 
 07/21  06:16:00,23.0,42.84197969698541,26.71270208504534,42.84197969698541,0.0,0.0,26.71270208504534,0.0,0.0,0.0,0.0,0.0,0.0,0.0,0.0,0.0,0.0,0.0,0.0,0.0,0.0 
 07/21  06:17:00,23.0,42.857751174799276,26.70571017731246,42.857751174799276,0.0,0.0,26.70571017731246,0.0,0.0,0.0,0.0,0.0,0.0,0.0,0.0,0.0,0.0,0.0,0.0,0.0,0.0 
 07/21  06:18:00,23.0,42.87348735929912,26.698735415021332,42.87348735929912,0.0,0.0,26.698735415021332,0.0,0.0,0.0,0.0,0.0,0.0,0.0,0.0,0.0,0.0,0.0,0.0,0.0,0.0 
 07/21  06:19:00,23.0,42.889190002082486,26.691781766657364,42.889190002082486,0.0,0.0,26.691781766657364,0.0,0.0,0.0,0.0,0.0,0.0,0.0,0.0,0.0,0.0,0.0,0.0,0.0,0.0 
 07/21  06:20:00,23.0,42.904858369654654,26.684853649229236,42.904858369654654,0.0,0.0,26.684853649229236,0.0,0.0,0.0,0.0,0.0,0.0,0.0,0.0,0.0,0.0,0.0,0.0,0.0,0.0 
 07/21  06:21:00,23.0,42.92049428544281,26.67795565731152,42.92049428544281,0.0,0.0,26.67795565731152,0.0,0.0,0.0,0.0,0.0,0.0,0.0,0.0,0.0,0.0,0.0,0.0,0.0,0.0 
 07/21  06:22:00,23.0,42.936097370113544,26.67109267348703,42.936097370113544,0.0,0.0,26.67109267348703,0.0,0.0,0.0,0.0,0.0,0.0,0.0,0.0,0.0,0.0,0.0,0.0,0.0,0.0 
 07/21  06:23:00,23.0,42.951669603500704,26.66426969235963,42.951669603500704,0.0,0.0,26.66426969235963,0.0,0.0,0.0,0.0,0.0,0.0,0.0,0.0,0.0,0.0,0.0,0.0,0.0,0.0 
 07/21  06:24:00,23.0,42.967211131232034,26.657491939863554,42.967211131232034,0.0,0.0,26.657491939863554,0.0,0.0,0.0,0.0,0.0,0.0,0.0,0.0,0.0,0.0,0.0,0.0,0.0,0.0 
 07/21  06:25:00,23.0,42.98272415322434,26.650764538418226,42.98272415322434,0.0,0.0,26.650764538418226,0.0,0.0,0.0,0.0,0.0,0.0,0.0,0.0,0.0,0.0,0.0,0.0,0.0,0.0 
 07/21  06:26:00,23.0,42.99820948861603,26.64409286197258,42.99820948861603,0.0,0.0,26.64409286197258,0.0,0.0,0.0,0.0,0.0,0.0,0.0,0.0,0.0,0.0,0.0,0.0,0.0,0.0 
 07/21  06:27:00,23.0,43.01366958983004,26.637482114682367,43.01366958983004,0.0,0.0,26.637482114682367,0.0,0.0,0.0,0.0,0.0,0.0,0.0,0.0,0.0,0.0,0.0,0.0,0.0,0.0 
 07/21  06:28:00,23.0,43.029106058158796,26.630937598887837,43.029106058158796,0.0,0.0,26.630937598887837,0.0,0.0,0.0,0.0,0.0,0.0,0.0,0.0,0.0,0.0,0.0,0.0,0.0,0.0 
 07/21  06:29:00,23.0,43.04452159367959,26.624464463923196,43.04452159367959,0.0,0.0,26.624464463923196,0.0,0.0,0.0,0.0,0.0,0.0,0.0,0.0,0.0,0.0,0.0,0.0,0.0,0.0 
 07/21  06:30:00,23.0,43.05991863913281,26.618067977415038,43.05991863913281,0.0,0.0,26.618067977415038,0.0,0.0,0.0,0.0,0.0,0.0,0.0,0.0,0.0,0.0,0.0,0.0,0.0,0.0 
 07/21  06:31:00,23.0,43.075300101078405,26.61175304553929,43.075300101078405,0.0,0.0,26.61175304553929,0.0,0.0,0.0,0.0,0.0,0.0,0.0,0.0,0.0,0.0,0.0,0.0,0.0,0.0 
 07/21  06:32:00,23.0,43.090669273845805,26.60552479537373,43.090669273845805,0.0,0.0,26.60552479537373,0.0,0.0,0.0,0.0,0.0,0.0,0.0,0.0,0.0,0.0,0.0,0.0,0.0,0.0 
 07/21  06:33:00,23.0,43.10602920007994,26.599387981375912,43.10602920007994,0.0,0.0,26.599387981375912,0.0,0.0,0.0,0.0,0.0,0.0,0.0,0.0,0.0,0.0,0.0,0.0,0.0,0.0 
 07/21  06:34:00,23.0,43.121383994497286,26.59334741349437,43.121383994497286,0.0,0.0,26.59334741349437,0.0,0.0,0.0,0.0,0.0,0.0,0.0,0.0,0.0,0.0,0.0,0.0,0.0,0.0 
 07/21  06:35:00,23.0,43.13673674682275,26.587407599272233,43.13673674682275,0.0,0.0,26.587407599272233,0.0,0.0,0.0,0.0,0.0,0.0,0.0,0.0,0.0,0.0,0.0,0.0,0.0,0.0 
 07/21  06:36:00,23.0,43.152092331300985,26.58157315369867,43.152092331300985,0.0,0.0,26.58157315369867,0.0,0.0,0.0,0.0,0.0,0.0,0.0,0.0,0.0,0.0,0.0,0.0,0.0,0.0 
 07/21  06:37:00,23.0,43.16745378820665,26.575848150697183,43.16745378820665,0.0,0.0,26.575848150697183,0.0,0.0,0.0,0.0,0.0,0.0,0.0,0.0,0.0,0.0,0.0,0.0,0.0,0.0 
 07/21  06:38:00,23.0,43.18282667263681,26.5702369112681,43.18282667263681,0.0,0.0,26.5702369112681,0.0,0.0,0.0,0.0,0.0,0.0,0.0,0.0,0.0,0.0,0.0,0.0,0.0,0.0 
 07/21  06:39:00,23.0,43.19821388053781,26.564743232168716,43.19821388053781,0.0,0.0,26.564743232168716,0.0,0.0,0.0,0.0,0.0,0.0,0.0,0.0,0.0,0.0,0.0,0.0,0.0,0.0 
 07/21  06:40:00,23.0,43.21362156090062,26.559370959433178,43.21362156090062,0.0,0.0,26.559370959433178,0.0,0.0,0.0,0.0,0.0,0.0,0.0,0.0,0.0,0.0,0.0,0.0,0.0,0.0 
 07/21  06:41:00,23.0,43.22905237829972,26.55412352775761,43.22905237829972,0.0,0.0,26.55412352775761,0.0,0.0,0.0,0.0,0.0,0.0,0.0,0.0,0.0,0.0,0.0,0.0,0.0,0.0 
 07/21  06:42:00,23.0,43.244512986806086,26.54900449791286,43.244512986806086,0.0,0.0,26.54900449791286,0.0,0.0,0.0,0.0,0.0,0.0,0.0,0.0,0.0,0.0,0.0,0.0,0.0,0.0 
 07/21  06:43:00,23.0,43.260005743720015,26.54401676197751,43.260005743720015,0.0,0.0,26.54401676197751,0.0,0.0,0.0,0.0,0.0,0.0,0.0,0.0,0.0,0.0,0.0,0.0,0.0,0.0 
 07/21  06:44:00,23.0,43.27553772130795,26.539163513839743,43.27553772130795,0.0,0.0,26.539163513839743,0.0,0.0,0.0,0.0,0.0,0.0,0.0,0.0,0.0,0.0,0.0,0.0,0.0,0.0 
 07/21  06:45:00,23.0,43.29111090608075,26.534447330602134,43.29111090608075,0.0,0.0,26.534447330602134,0.0,0.0,0.0,0.0,0.0,0.0,0.0,0.0,0.0,0.0,0.0,0.0,0.0,0.0 
 07/21  06:46:00,23.0,43.30673270566042,26.52987087089647,43.30673270566042,0.0,0.0,26.52987087089647,0.0,0.0,0.0,0.0,0.0,0.0,0.0,0.0,0.0,0.0,0.0,0.0,0.0,0.0 
 07/21  06:47:00,23.0,43.32240468473634,26.52543633169931,43.32240468473634,0.0,0.0,26.52543633169931,0.0,0.0,0.0,0.0,0.0,0.0,0.0,0.0,0.0,0.0,0.0,0.0,0.0,0.0 
 07/21  06:48:00,23.0,43.338134508787974,26.521146090476766,43.338134508787974,0.0,0.0,26.521146090476766,0.0,0.0,0.0,0.0,0.0,0.0,0.0,0.0,0.0,0.0,0.0,0.0,0.0,0.0 
 07/21  06:49:00,23.0,43.35392328171875,26.517001793191433,43.35392328171875,0.0,0.0,26.517001793191433,0.0,0.0,0.0,0.0,0.0,0.0,0.0,0.0,0.0,0.0,0.0,0.0,0.0,0.0 
 07/21  06:50:00,23.0,43.36977885566399,26.51300546894614,43.36977885566399,0.0,0.0,26.51300546894614,0.0,0.0,0.0,0.0,0.0,0.0,0.0,0.0,0.0,0.0,0.0,0.0,0.0,0.0 
 07/21  06:51:00,23.0,43.385701846224734,26.509158494816464,43.385701846224734,0.0,0.0,26.509158494816464,0.0,0.0,0.0,0.0,0.0,0.0,0.0,0.0,0.0,0.0,0.0,0.0,0.0,0.0 
 07/21  06:52:00,23.0,43.401700228066524,26.50546238977794,43.401700228066524,0.0,0.0,26.50546238977794,0.0,0.0,0.0,0.0,0.0,0.0,0.0,0.0,0.0,0.0,0.0,0.0,0.0,0.0 
 07/21  06:53:00,23.0,43.41777411168844,26.501918205964348,43.41777411168844,0.0,0.0,26.501918205964348,0.0,0.0,0.0,0.0,0.0,0.0,0.0,0.0,0.0,0.0,0.0,0.0,0.0,0.0 
 07/21  06:54:00,23.0,43.433958815387754,26.498527317562512,43.433958815387754,0.0,0.0,26.498527317562512,0.0,0.0,0.0,0.0,0.0,0.0,0.0,0.0,0.0,0.0,0.0,0.0,0.0,0.0 
 07/21  06:55:00,23.0,43.45022024594748,26.495290215443067,43.45022024594748,0.0,0.0,26.495290215443067,0.0,0.0,0.0,0.0,0.0,0.0,0.0,0.0,0.0,0.0,0.0,0.0,0.0,0.0 
 07/21  06:56:00,23.0,43.466580471316014,26.49220798158245,43.466580471316014,0.0,0.0,26.49220798158245,0.0,0.0,0.0,0.0,0.0,0.0,0.0,0.0,0.0,0.0,0.0,0.0,0.0,0.0 
 07/21  06:57:00,23.0,43.483041350439876,26.489281008854068,43.483041350439876,0.0,0.0,26.489281008854068,0.0,0.0,0.0,0.0,0.0,0.0,0.0,0.0,0.0,0.0,0.0,0.0,0.0,0.0 
 07/21  06:58:00,23.0,43.49960656884846,26.486509867326966,43.49960656884846,0.0,0.0,26.486509867326966,0.0,0.0,0.0,0.0,0.0,0.0,0.0,0.0,0.0,0.0,0.0,0.0,0.0,0.0 
 07/21  06:59:00,23.0,43.51627291745336,26.48389467291011,43.51627291745336,0.0,0.0,26.48389467291011,0.0,0.0,0.0,0.0,0.0,0.0,0.0,0.0,0.0,0.0,0.0,0.0,0.0,0.0 
 07/21  07:00:00,23.0,43.53304622699131,26.481435868780796,43.53304622699131,0.0,0.0,26.481435868780796,0.0,0.0,0.0,0.0,0.0,0.0,0.0,0.0,0.0,0.0,0.0,0.0,0.0,0.0,49104000.0 
 07/21  07:01:00,24.2,43.55002674568845,26.479352703643652,43.55002674568845,0.0,0.0,26.479352703643652,0.0,0.0,0.0,0.0,0.0,0.0,0.0,0.0,0.0,0.0,0.0,0.0,0.0,0.0 
 07/21  07:02:00,24.2,43.567161730892806,26.477559952942308,43.567161730892806,0.0,0.0,26.477559952942308,0.0,0.0,0.0,0.0,0.0,0.0,0.0,0.0,0.0,0.0,0.0,0.0,0.0,0.0 
 07/21  07:03:00,24.2,43.58439159225994,26.475961906681228,43.58439159225994,0.0,0.0,26.475961906681228,0.0,0.0,0.0,0.0,0.0,0.0,0.0,0.0,0.0,0.0,0.0,0.0,0.0,0.0 
 07/21  07:04:00,24.2,43.601703831177154,26.47451332203244,43.601703831177154,0.0,0.0,26.47451332203244,0.0,0.0,0.0,0.0,0.0,0.0,0.0,0.0,0.0,0.0,0.0,0.0,0.0,0.0 
 07/21  07:05:00,24.2,43.61909789389554,26.47320253422545,43.61909789389554,0.0,0.0,26.47320253422545,0.0,0.0,0.0,0.0,0.0,0.0,0.0,0.0,0.0,0.0,0.0,0.0,0.0,0.0 
 07/21  07:06:00,24.2,43.636590762625104,26.472030823043454,43.636590762625104,0.0,0.0,26.472030823043454,0.0,0.0,0.0,0.0,0.0,0.0,0.0,0.0,0.0,0.0,0.0,0.0,0.0,0.0 
 07/21  07:07:00,24.2,43.65418698274839,26.47100045761221,43.65418698274839,0.0,0.0,26.47100045761221,0.0,0.0,0.0,0.0,0.0,0.0,0.0,0.0,0.0,0.0,0.0,0.0,0.0,0.0 
 07/21  07:08:00,24.2,43.67189927782137,26.470113160141818,43.67189927782137,0.0,0.0,26.470113160141818,0.0,0.0,0.0,0.0,0.0,0.0,0.0,0.0,0.0,0.0,0.0,0.0,0.0,0.0 
 07/21  07:09:00,24.2,43.689726763917555,26.469368958353506,43.689726763917555,0.0,0.0,26.469368958353506,0.0,0.0,0.0,0.0,0.0,0.0,0.0,0.0,0.0,0.0,0.0,0.0,0.0,0.0 
 07/21  07:10:00,24.2,43.7076787670434,26.46876781214192,43.7076787670434,0.0,0.0,26.46876781214192,0.0,0.0,0.0,0.0,0.0,0.0,0.0,0.0,0.0,0.0,0.0,0.0,0.0,0.0 
 07/21  07:11:00,24.2,43.72575238272596,26.468309259517756,43.72575238272596,0.0,0.0,26.468309259517756,0.0,0.0,0.0,0.0,0.0,0.0,0.0,0.0,0.0,0.0,0.0,0.0,0.0,0.0 
 07/21  07:12:00,24.2,43.743956027494036,26.467993429935863,43.743956027494036,0.0,0.0,26.467993429935863,0.0,0.0,0.0,0.0,0.0,0.0,0.0,0.0,0.0,0.0,0.0,0.0,0.0,0.0 
 07/21  07:13:00,24.2,43.76228601869323,26.46781983979053,43.76228601869323,0.0,0.0,26.46781983979053,0.0,0.0,0.0,0.0,0.0,0.0,0.0,0.0,0.0,0.0,0.0,0.0,0.0,0.0 
 07/21  07:14:00,24.2,43.78075033806607,26.46778881004992,43.78075033806607,0.0,0.0,26.46778881004992,0.0,0.0,0.0,0.0,0.0,0.0,0.0,0.0,0.0,0.0,0.0,0.0,0.0,0.0 
 07/21  07:15:00,24.2,43.79934474013083,26.467900063382615,43.79934474013083,0.0,0.0,26.467900063382615,0.0,0.0,0.0,0.0,0.0,0.0,0.0,0.0,0.0,0.0,0.0,0.0,0.0,0.0 
 07/21  07:16:00,24.2,43.818076922602785,26.468153697372216,43.818076922602785,0.0,0.0,26.468153697372216,0.0,0.0,0.0,0.0,0.0,0.0,0.0,0.0,0.0,0.0,0.0,0.0,0.0,0.0 
 07/21  07:17:00,24.2,43.836942233662356,26.468549303084853,43.836942233662356,0.0,0.0,26.468549303084853,0.0,0.0,0.0,0.0,0.0,0.0,0.0,0.0,0.0,0.0,0.0,0.0,0.0,0.0 
 07/21  07:18:00,24.2,43.85594824793304,26.46908679593303,43.85594824793304,0.0,0.0,26.46908679593303,0.0,0.0,0.0,0.0,0.0,0.0,0.0,0.0,0.0,0.0,0.0,0.0,0.0,0.0 
 07/21  07:19:00,24.2,43.87509004620683,26.469764970138815,43.87509004620683,0.0,0.0,26.469764970138815,0.0,0.0,0.0,0.0,0.0,0.0,0.0,0.0,0.0,0.0,0.0,0.0,0.0,0.0 
 07/21  07:20:00,24.2,43.89437521837109,26.47058281100263,43.89437521837109,0.0,0.0,26.47058281100263,0.0,0.0,0.0,0.0,0.0,0.0,0.0,0.0,0.0,0.0,0.0,0.0,0.0,0.0 
 07/21  07:21:00,24.2,43.913798678586076,26.471537503582187,43.913798678586076,0.0,0.0,26.471537503582187,0.0,0.0,0.0,0.0,0.0,0.0,0.0,0.0,0.0,0.0,0.0,0.0,0.0,0.0 
 07/21  07:22:00,24.2,43.93336813974942,26.47262349982147,43.93336813974942,0.0,0.0,26.47262349982147,0.0,0.0,0.0,0.0,0.0,0.0,0.0,0.0,0.0,0.0,0.0,0.0,0.0,0.0 
 07/21  07:23:00,24.2,43.95307841699038,26.47384057508019,43.95307841699038,0.0,0.0,26.47384057508019,0.0,0.0,0.0,0.0,0.0,0.0,0.0,0.0,0.0,0.0,0.0,0.0,0.0,0.0 
 07/21  07:24:00,24.2,43.97293742251051,26.47519824150383,43.97293742251051,0.0,0.0,26.47519824150383,0.0,0.0,0.0,0.0,0.0,0.0,0.0,0.0,0.0,0.0,0.0,0.0,0.0,0.0 
 07/21  07:25:00,24.2,43.99293991000742,26.476705053253436,43.99293991000742,0.0,0.0,26.476705053253436,0.0,0.0,0.0,0.0,0.0,0.0,0.0,0.0,0.0,0.0,0.0,0.0,0.0,0.0 
 07/21  07:26:00,24.2,44.013094032811765,26.478368271480868,44.013094032811765,0.0,0.0,26.478368271480868,0.0,0.0,0.0,0.0,0.0,0.0,0.0,0.0,0.0,0.0,0.0,0.0,0.0,0.0 
 07/21  07:27:00,24.2,44.033394493115715,26.48019272652923,44.033394493115715,0.0,0.0,26.48019272652923,0.0,0.0,0.0,0.0,0.0,0.0,0.0,0.0,0.0,0.0,0.0,0.0,0.0,0.0 
 07/21  07:28:00,24.2,44.05384969291683,26.48218274846621,44.05384969291683,0.0,0.0,26.48218274846621,0.0,0.0,0.0,0.0,0.0,0.0,0.0,0.0,0.0,0.0,0.0,0.0,0.0,0.0 
 07/21  07:29:00,24.2,44.0744542701129,26.484341643609152,44.0744542701129,0.0,0.0,26.484341643609152,0.0,0.0,0.0,0.0,0.0,0.0,0.0,0.0,0.0,0.0,0.0,0.0,0.0,0.0 
 07/21  07:30:00,24.2,44.09521685333562,26.48667296699956,44.09521685333562,0.0,0.0,26.48667296699956,0.0,0.0,0.0,0.0,0.0,0.0,0.0,0.0,0.0,0.0,0.0,0.0,0.0,0.0 
 07/21  07:31:00,24.2,44.116131987824936,26.489179063041302,44.116131987824936,0.0,0.0,26.489179063041302,0.0,0.0,0.0,0.0,0.0,0.0,0.0,0.0,0.0,0.0,0.0,0.0,0.0,0.0 
 07/21  07:32:00,24.2,44.13720848484077,26.491862892390667,44.13720848484077,0.0,0.0,26.491862892390667,0.0,0.0,0.0,0.0,0.0,0.0,0.0,0.0,0.0,0.0,0.0,0.0,0.0,0.0 
 07/21  07:33:00,24.2,44.1584407607098,26.494726362045444,44.1584407607098,0.0,0.0,26.494726362045444,0.0,0.0,0.0,0.0,0.0,0.0,0.0,0.0,0.0,0.0,0.0,0.0,0.0,0.0 
 07/21  07:34:00,24.2,44.17983775176037,26.497771642002313,44.17983775176037,0.0,0.0,26.497771642002313,0.0,0.0,0.0,0.0,0.0,0.0,0.0,0.0,0.0,0.0,0.0,0.0,0.0,0.0 
 07/21  07:35:00,24.2,44.201393708097946,26.501000153496324,44.201393708097946,0.0,0.0,26.501000153496324,0.0,0.0,0.0,0.0,0.0,0.0,0.0,0.0,0.0,0.0,0.0,0.0,0.0,0.0 
 07/21  07:36:00,24.2,44.22311762770414,26.504413758633618,44.22311762770414,0.0,0.0,26.504413758633618,0.0,0.0,0.0,0.0,0.0,0.0,0.0,0.0,0.0,0.0,0.0,0.0,0.0,0.0 
 07/21  07:37:00,24.2,44.24500356131398,26.5080131710538,44.24500356131398,0.0,0.0,26.5080131710538,0.0,0.0,0.0,0.0,0.0,0.0,0.0,0.0,0.0,0.0,0.0,0.0,0.0,0.0 
 07/21  07:38:00,24.2,44.26706050542579,26.51179986637068,44.26706050542579,0.0,0.0,26.51179986637068,0.0,0.0,0.0,0.0,0.0,0.0,0.0,0.0,0.0,0.0,0.0,0.0,0.0,0.0 
 07/21  07:39:00,24.2,44.289282285771925,26.51577432743307,44.289282285771925,0.0,0.0,26.51577432743307,0.0,0.0,0.0,0.0,0.0,0.0,0.0,0.0,0.0,0.0,0.0,0.0,0.0,0.0 
 07/21  07:40:00,24.2,44.311677838823066,26.519937412921042,44.311677838823066,0.0,0.0,26.519937412921042,0.0,0.0,0.0,0.0,0.0,0.0,0.0,0.0,0.0,0.0,0.0,0.0,0.0,0.0 
 07/21  07:41:00,24.2,44.29070995156234,26.524289332283775,44.29070995156234,0.0,0.0,26.524289332283775,0.0,0.0,0.0,0.0,0.0,0.0,0.0,0.0,0.0,0.0,0.0,0.0,0.0,0.0 
 07/21  07:42:00,24.2,44.22472058328857,26.5288307574108,44.22472058328857,0.0,0.0,26.5288307574108,0.0,0.0,0.0,0.0,0.0,0.0,0.0,0.0,0.0,0.0,0.0,0.0,0.0,0.0 
 07/21  07:43:00,24.2,44.13943421686717,26.53356127316024,44.13943421686717,0.0,0.0,26.53356127316024,0.0,0.0,0.0,0.0,0.0,0.0,0.0,0.0,0.0,0.0,0.0,0.0,0.0,0.0 
 07/21  07:44:00,24.2,44.05501001558272,26.538481329642874,44.05501001558272,0.0,0.0,26.538481329642874,0.0,0.0,0.0,0.0,0.0,0.0,0.0,0.0,0.0,0.0,0.0,0.0,0.0,0.0 
 07/21  07:45:00,24.2,43.97934966335012,26.543590430934007,43.97934966335012,0.0,0.0,26.543590430934007,0.0,0.0,0.0,0.0,0.0,0.0,0.0,0.0,0.0,0.0,0.0,0.0,0.0,0.0 
 07/21  07:46:00,24.2,43.91333836705196,26.54888851902616,43.91333836705196,0.0,0.0,26.54888851902616,0.0,0.0,0.0,0.0,0.0,0.0,0.0,0.0,0.0,0.0,0.0,0.0,0.0,0.0 
 07/21  07:47:00,24.2,43.85510367734852,26.554374898657723,43.85510367734852,0.0,0.0,26.554374898657723,0.0,0.0,0.0,0.0,0.0,0.0,0.0,0.0,0.0,0.0,0.0,0.0,0.0,0.0 
 07/21  07:48:00,24.2,43.802836221682185,26.560049465349714,43.802836221682185,0.0,0.0,26.560049465349714,0.0,0.0,0.0,0.0,0.0,0.0,0.0,0.0,0.0,0.0,0.0,0.0,0.0,0.0 
 07/21  07:49:00,24.2,43.75511991949671,26.565911058574727,43.75511991949671,0.0,0.0,26.565911058574727,0.0,0.0,0.0,0.0,0.0,0.0,0.0,0.0,0.0,0.0,0.0,0.0,0.0,0.0 
 07/21  07:50:00,24.2,43.711117198413724,26.571959413804507,43.711117198413724,0.0,0.0,26.571959413804507,0.0,0.0,0.0,0.0,0.0,0.0,0.0,0.0,0.0,0.0,0.0,0.0,0.0,0.0 
 07/21  07:51:00,24.2,43.670153636378004,26.578193377832644,43.670153636378004,0.0,0.0,26.578193377832644,0.0,0.0,0.0,0.0,0.0,0.0,0.0,0.0,0.0,0.0,0.0,0.0,0.0,0.0 
 07/21  07:52:00,24.2,43.63177678851926,26.58461227680857,43.63177678851926,0.0,0.0,26.58461227680857,0.0,0.0,0.0,0.0,0.0,0.0,0.0,0.0,0.0,0.0,0.0,0.0,0.0,0.0 
 07/21  07:53:00,24.2,43.59554301040762,26.591214870803284,43.59554301040762,0.0,0.0,26.591214870803284,0.0,0.0,0.0,0.0,0.0,0.0,0.0,0.0,0.0,0.0,0.0,0.0,0.0,0.0 
 07/21  07:54:00,24.2,43.561146807855565,26.598000557742168,43.561146807855565,0.0,0.0,26.598000557742168,0.0,0.0,0.0,0.0,0.0,0.0,0.0,0.0,0.0,0.0,0.0,0.0,0.0,0.0 
 07/21  07:55:00,24.2,43.528282123254534,26.60496777063498,43.528282123254534,0.0,0.0,26.60496777063498,0.0,0.0,0.0,0.0,0.0,0.0,0.0,0.0,0.0,0.0,0.0,0.0,0.0,0.0 
 07/21  07:56:00,24.2,43.496756270106566,26.612115915939736,43.496756270106566,0.0,0.0,26.612115915939736,0.0,0.0,0.0,0.0,0.0,0.0,0.0,0.0,0.0,0.0,0.0,0.0,0.0,0.0 
 07/21  07:57:00,24.2,43.46636689537952,26.619443683239854,43.46636689537952,0.0,0.0,26.619443683239854,0.0,0.0,0.0,0.0,0.0,0.0,0.0,0.0,0.0,0.0,0.0,0.0,0.0,0.0 
 07/21  07:58:00,24.2,43.43699978130226,26.62695052424343,43.43699978130226,0.0,0.0,26.62695052424343,0.0,0.0,0.0,0.0,0.0,0.0,0.0,0.0,0.0,0.0,0.0,0.0,0.0,0.0 
 07/21  07:59:00,24.2,43.40851948111594,26.634635786794234,43.40851948111594,0.0,0.0,26.634635786794234,0.0,0.0,0.0,0.0,0.0,0.0,0.0,0.0,0.0,0.0,0.0,0.0,0.0,0.0 
 07/21  08:00:00,24.2,43.38085983061936,26.642496848274224,43.38085983061936,0.0,0.0,26.642496848274224,0.0,0.0,0.0,0.0,0.0,0.0,0.0,0.0,0.0,0.0,0.0,0.0,0.0,0.0,49104000.0 
 07/21  08:01:00,25.4,43.46340633711814,26.674342961348763,43.46340633711814,0.0,0.0,26.674342961348763,0.0,0.0,0.0,0.0,0.0,0.0,0.0,0.0,0.0,0.0,0.0,0.0,0.0,0.0 
 07/21  08:02:00,25.4,43.59221172200282,26.72096986569851,43.59221172200282,0.0,0.0,26.72096986569851,0.0,0.0,0.0,0.0,0.0,0.0,0.0,0.0,0.0,0.0,0.0,0.0,0.0,0.0 
 07/21  08:03:00,25.4,43.70639078889654,26.772057297308464,43.70639078889654,0.0,0.0,26.772057297308464,0.0,0.0,0.0,0.0,0.0,0.0,0.0,0.0,0.0,0.0,0.0,0.0,0.0,0.0 
 07/21  08:04:00,25.4,43.78452656899673,26.822696267611462,43.78452656899673,0.0,0.0,26.822696267611462,0.0,0.0,0.0,0.0,0.0,0.0,0.0,0.0,0.0,0.0,0.0,0.0,0.0,0.0 
 07/21  08:05:00,25.4,43.82993014379121,26.871660949024186,43.82993014379121,0.0,0.0,26.871660949024186,0.0,0.0,0.0,0.0,0.0,0.0,0.0,0.0,0.0,0.0,0.0,0.0,0.0,0.0 
 07/21  08:06:00,25.4,43.853296155797565,26.919090121740084,43.853296155797565,0.0,0.0,26.919090121740084,0.0,0.0,0.0,0.0,0.0,0.0,0.0,0.0,0.0,0.0,0.0,0.0,0.0,0.0 
 07/21  08:07:00,25.4,43.863547205534196,26.965316120937416,43.863547205534196,0.0,0.0,26.965316120937416,0.0,0.0,0.0,0.0,0.0,0.0,0.0,0.0,0.0,0.0,0.0,0.0,0.0,0.0 
 07/21  08:08:00,25.4,43.86611964914203,27.01054456031269,43.86611964914203,0.0,0.0,27.01054456031269,0.0,0.0,0.0,0.0,0.0,0.0,0.0,0.0,0.0,0.0,0.0,0.0,0.0,0.0 
 07/21  08:09:00,25.4,43.863860472852956,27.054860641220387,43.863860472852956,0.0,0.0,27.054860641220387,0.0,0.0,0.0,0.0,0.0,0.0,0.0,0.0,0.0,0.0,0.0,0.0,0.0,0.0 
 07/21  08:10:00,25.4,43.8583065254952,27.098297861243104,43.8583065254952,0.0,0.0,27.098297861243104,0.0,0.0,0.0,0.0,0.0,0.0,0.0,0.0,0.0,0.0,0.0,0.0,0.0,0.0 
 07/21  08:11:00,25.4,43.85039518396059,27.14087705944784,43.85039518396059,0.0,0.0,27.14087705944784,0.0,0.0,0.0,0.0,0.0,0.0,0.0,0.0,0.0,0.0,0.0,0.0,0.0,0.0 
 07/21  08:12:00,25.4,43.840832027310014,27.18262201919486,43.840832027310014,0.0,0.0,27.18262201919486,0.0,0.0,0.0,0.0,0.0,0.0,0.0,0.0,0.0,0.0,0.0,0.0,0.0,0.0 
 07/21  08:13:00,25.4,43.83013774931786,27.22355826195389,43.83013774931786,0.0,0.0,27.22355826195389,0.0,0.0,0.0,0.0,0.0,0.0,0.0,0.0,0.0,0.0,0.0,0.0,0.0,0.0 
 07/21  08:14:00,25.4,43.81872805756321,27.263714234397934,43.81872805756321,0.0,0.0,27.263714234397934,0.0,0.0,0.0,0.0,0.0,0.0,0.0,0.0,0.0,0.0,0.0,0.0,0.0,0.0 
 07/21  08:15:00,25.4,43.8068824345726,27.303117351342685,43.8068824345726,0.0,0.0,27.303117351342685,0.0,0.0,0.0,0.0,0.0,0.0,0.0,0.0,0.0,0.0,0.0,0.0,0.0,0.0 
 07/21  08:16:00,25.4,43.794821476959356,27.341795189170913,43.794821476959356,0.0,0.0,27.341795189170913,0.0,0.0,0.0,0.0,0.0,0.0,0.0,0.0,0.0,0.0,0.0,0.0,0.0,0.0 
 07/21  08:17:00,25.4,43.782676758261275,27.379774113330843,43.782676758261275,0.0,0.0,27.379774113330843,0.0,0.0,0.0,0.0,0.0,0.0,0.0,0.0,0.0,0.0,0.0,0.0,0.0,0.0 
 07/21  08:18:00,25.4,43.770563991807244,27.41708070044005,43.770563991807244,0.0,0.0,27.41708070044005,0.0,0.0,0.0,0.0,0.0,0.0,0.0,0.0,0.0,0.0,0.0,0.0,0.0,0.0 
 07/21  08:19:00,25.4,43.758541688430824,27.45373967938213,43.758541688430824,0.0,0.0,27.45373967938213,0.0,0.0,0.0,0.0,0.0,0.0,0.0,0.0,0.0,0.0,0.0,0.0,0.0,0.0 
 07/21  08:20:00,25.4,43.74667504982721,27.48977639750036,43.74667504982721,0.0,0.0,27.48977639750036,0.0,0.0,0.0,0.0,0.0,0.0,0.0,0.0,0.0,0.0,0.0,0.0,0.0,0.0 
 07/21  08:21:00,25.4,43.73498697595905,27.52521463011445,43.73498697595905,0.0,0.0,27.52521463011445,0.0,0.0,0.0,0.0,0.0,0.0,0.0,0.0,0.0,0.0,0.0,0.0,0.0,0.0 
 07/21  08:22:00,25.4,43.72351714419989,27.560078019244955,43.72351714419989,0.0,0.0,27.560078019244955,0.0,0.0,0.0,0.0,0.0,0.0,0.0,0.0,0.0,0.0,0.0,0.0,0.0,0.0 
 07/21  08:23:00,25.4,43.71227015130309,27.59438909284249,43.71227015130309,0.0,0.0,27.59438909284249,0.0,0.0,0.0,0.0,0.0,0.0,0.0,0.0,0.0,0.0,0.0,0.0,0.0,0.0 
 07/21  08:24:00,25.4,43.70127223087325,27.628170401970056,43.70127223087325,0.0,0.0,27.628170401970056,0.0,0.0,0.0,0.0,0.0,0.0,0.0,0.0,0.0,0.0,0.0,0.0,0.0,0.0 
 07/21  08:25:00,25.4,43.69051848065453,27.66144274875205,43.69051848065453,0.0,0.0,27.66144274875205,0.0,0.0,0.0,0.0,0.0,0.0,0.0,0.0,0.0,0.0,0.0,0.0,0.0,0.0 
 07/21  08:26:00,25.4,43.68002801373633,27.694227337859676,43.68002801373633,0.0,0.0,27.694227337859676,0.0,0.0,0.0,0.0,0.0,0.0,0.0,0.0,0.0,0.0,0.0,0.0,0.0,0.0 
 07/21  08:27:00,25.4,43.66979107168773,27.726543886840453,43.66979107168773,0.0,0.0,27.726543886840453,0.0,0.0,0.0,0.0,0.0,0.0,0.0,0.0,0.0,0.0,0.0,0.0,0.0,0.0 
 07/21  08:28:00,25.4,43.65982297145244,27.75841185676328,43.65982297145244,0.0,0.0,27.75841185676328,0.0,0.0,0.0,0.0,0.0,0.0,0.0,0.0,0.0,0.0,0.0,0.0,0.0,0.0 
 07/21  08:29:00,25.4,43.650111523576776,27.789849683135998,43.650111523576776,0.0,0.0,27.789849683135998,0.0,0.0,0.0,0.0,0.0,0.0,0.0,0.0,0.0,0.0,0.0,0.0,0.0,0.0 
 07/21  08:30:00,25.4,43.640669981738085,27.82087573503224,43.640669981738085,0.0,0.0,27.82087573503224,0.0,0.0,0.0,0.0,0.0,0.0,0.0,0.0,0.0,0.0,0.0,0.0,0.0,0.0 
 07/21  08:31:00,25.4,43.63148498735263,27.851506781981886,43.63148498735263,0.0,0.0,27.851506781981886,0.0,0.0,0.0,0.0,0.0,0.0,0.0,0.0,0.0,0.0,0.0,0.0,0.0,0.0 
 07/21  08:32:00,25.4,43.622568632866866,27.881759921364313,43.622568632866866,0.0,0.0,27.881759921364313,0.0,0.0,0.0,0.0,0.0,0.0,0.0,0.0,0.0,0.0,0.0,0.0,0.0,0.0 
 07/21  08:33:00,25.4,43.6139070465218,27.911650915415628,43.6139070465218,0.0,0.0,27.911650915415628,0.0,0.0,0.0,0.0,0.0,0.0,0.0,0.0,0.0,0.0,0.0,0.0,0.0,0.0 
 07/21  08:34:00,25.4,43.605511625090486,27.941195257067207,43.605511625090486,0.0,0.0,27.941195257067207,0.0,0.0,0.0,0.0,0.0,0.0,0.0,0.0,0.0,0.0,0.0,0.0,0.0,0.0 
 07/21  08:35:00,25.4,43.59736832147677,27.970407555917003,43.59736832147677,0.0,0.0,27.970407555917003,0.0,0.0,0.0,0.0,0.0,0.0,0.0,0.0,0.0,0.0,0.0,0.0,0.0,0.0 
 07/21  08:36:00,25.4,43.589488071081874,27.99930235076607,43.589488071081874,0.0,0.0,27.99930235076607,0.0,0.0,0.0,0.0,0.0,0.0,0.0,0.0,0.0,0.0,0.0,0.0,0.0,0.0 
 07/21  08:37:00,25.4,43.58185682235005,28.02789276319823,43.58185682235005,0.0,0.0,28.02789276319823,0.0,0.0,0.0,0.0,0.0,0.0,0.0,0.0,0.0,0.0,0.0,0.0,0.0,0.0 
 07/21  08:38:00,25.4,43.57448516159095,28.056192232234075,43.57448516159095,0.0,0.0,28.056192232234075,0.0,0.0,0.0,0.0,0.0,0.0,0.0,0.0,0.0,0.0,0.0,0.0,0.0,0.0 
 07/21  08:39:00,25.4,43.567359117225244,28.084213036931246,43.567359117225244,0.0,0.0,28.084213036931246,0.0,0.0,0.0,0.0,0.0,0.0,0.0,0.0,0.0,0.0,0.0,0.0,0.0,0.0 
 07/21  08:40:00,25.4,43.56048897549836,28.1119672162764,43.56048897549836,0.0,0.0,28.1119672162764,0.0,0.0,0.0,0.0,0.0,0.0,0.0,0.0,0.0,0.0,0.0,0.0,0.0,0.0 
 07/21  08:41:00,25.4,43.5538608857028,28.139466085182512,43.5538608857028,0.0,0.0,28.139466085182512,0.0,0.0,0.0,0.0,0.0,0.0,0.0,0.0,0.0,0.0,0.0,0.0,0.0,0.0 
 07/21  08:42:00,25.4,43.54748485144722,28.166720914915587,43.54748485144722,0.0,0.0,28.166720914915587,0.0,0.0,0.0,0.0,0.0,0.0,0.0,0.0,0.0,0.0,0.0,0.0,0.0,0.0 
 07/21  08:43:00,25.4,43.541347162918434,28.193741752428007,43.541347162918434,0.0,0.0,28.193741752428007,0.0,0.0,0.0,0.0,0.0,0.0,0.0,0.0,0.0,0.0,0.0,0.0,0.0,0.0 
 07/21  08:44:00,25.4,43.535457543908,28.220538977878753,43.535457543908,0.0,0.0,28.220538977878753,0.0,0.0,0.0,0.0,0.0,0.0,0.0,0.0,0.0,0.0,0.0,0.0,0.0,0.0 
 07/21  08:45:00,25.4,43.529802436420276,28.247121996545673,43.529802436420276,0.0,0.0,28.247121996545673,0.0,0.0,0.0,0.0,0.0,0.0,0.0,0.0,0.0,0.0,0.0,0.0,0.0,0.0 
 07/21  08:46:00,25.4,43.52439128172087,28.273500020219696,43.52439128172087,0.0,0.0,28.273500020219696,0.0,0.0,0.0,0.0,0.0,0.0,0.0,0.0,0.0,0.0,0.0,0.0,0.0,0.0 
 07/21  08:47:00,25.4,43.519210681400544,28.299681700874743,43.519210681400544,0.0,0.0,28.299681700874743,0.0,0.0,0.0,0.0,0.0,0.0,0.0,0.0,0.0,0.0,0.0,0.0,0.0,0.0 
 07/21  08:48:00,25.4,43.51426979078523,28.325675680432198,43.51426979078523,0.0,0.0,28.325675680432198,0.0,0.0,0.0,0.0,0.0,0.0,0.0,0.0,0.0,0.0,0.0,0.0,0.0,0.0 
 07/21  08:49:00,25.4,43.509555378515635,28.35148955892852,43.509555378515635,0.0,0.0,28.35148955892852,0.0,0.0,0.0,0.0,0.0,0.0,0.0,0.0,0.0,0.0,0.0,0.0,0.0,0.0 
 07/21  08:50:00,25.4,43.50507631229162,28.37713127733742,43.50507631229162,0.0,0.0,28.37713127733742,0.0,0.0,0.0,0.0,0.0,0.0,0.0,0.0,0.0,0.0,0.0,0.0,0.0,0.0 
 07/21  08:51:00,25.4,43.50081953610353,28.402607962539925,43.50081953610353,0.0,0.0,28.402607962539925,0.0,0.0,0.0,0.0,0.0,0.0,0.0,0.0,0.0,0.0,0.0,0.0,0.0,0.0 
 07/21  08:52:00,25.4,43.496793630982914,28.42792657146165,43.496793630982914,0.0,0.0,28.42792657146165,0.0,0.0,0.0,0.0,0.0,0.0,0.0,0.0,0.0,0.0,0.0,0.0,0.0,0.0 
 07/21  08:53:00,25.4,43.49298572553437,28.453093634361952,43.49298572553437,0.0,0.0,28.453093634361952,0.0,0.0,0.0,0.0,0.0,0.0,0.0,0.0,0.0,0.0,0.0,0.0,0.0,0.0 
 07/21  08:54:00,25.4,43.48940411763149,28.478115679000194,43.48940411763149,0.0,0.0,28.478115679000194,0.0,0.0,0.0,0.0,0.0,0.0,0.0,0.0,0.0,0.0,0.0,0.0,0.0,0.0 
 07/21  08:55:00,25.4,43.4860361302801,28.50299834127647,43.4860361302801,0.0,0.0,28.50299834127647,0.0,0.0,0.0,0.0,0.0,0.0,0.0,0.0,0.0,0.0,0.0,0.0,0.0,0.0 
 07/21  08:56:00,25.4,43.482889783609096,28.527747585107875,43.482889783609096,0.0,0.0,28.527747585107875,0.0,0.0,0.0,0.0,0.0,0.0,0.0,0.0,0.0,0.0,0.0,0.0,0.0,0.0 
 07/21  08:57:00,25.4,43.47995260468995,28.55236869588902,43.47995260468995,0.0,0.0,28.55236869588902,0.0,0.0,0.0,0.0,0.0,0.0,0.0,0.0,0.0,0.0,0.0,0.0,0.0,0.0 
 07/21  08:58:00,25.4,43.477232342429225,28.576866796939843,43.477232342429225,0.0,0.0,28.576866796939843,0.0,0.0,0.0,0.0,0.0,0.0,0.0,0.0,0.0,0.0,0.0,0.0,0.0,0.0 
 07/21  08:59:00,25.4,43.4747167369339,28.601246700348966,43.4747167369339,0.0,0.0,28.601246700348966,0.0,0.0,0.0,0.0,0.0,0.0,0.0,0.0,0.0,0.0,0.0,0.0,0.0,0.0 
 07/21  09:00:00,25.4,43.472413272868145,28.625513213933615,43.472413272868145,0.0,0.0,28.625513213933615,0.0,0.0,0.0,0.0,0.0,0.0,0.0,0.0,0.0,0.0,0.0,0.0,0.0,0.0,88387200.0 
 07/21  09:01:00,25.4,43.47030991129212,28.649670388678295,43.47030991129212,0.0,0.0,28.649670388678295,0.0,0.0,0.0,0.0,0.0,0.0,0.0,0.0,0.0,0.0,0.0,0.0,0.0,0.0 
 07/21  09:02:00,25.4,43.46841387966704,28.67372258509621,43.46841387966704,0.0,0.0,28.67372258509621,0.0,0.0,0.0,0.0,0.0,0.0,0.0,0.0,0.0,0.0,0.0,0.0,0.0,0.0 
 07/21  09:03:00,25.4,43.466713366738084,28.697673608017883,43.466713366738084,0.0,0.0,28.697673608017883,0.0,0.0,0.0,0.0,0.0,0.0,0.0,0.0,0.0,0.0,0.0,0.0,0.0,0.0 
 07/21  09:04:00,25.4,43.465215349683675,28.721527102827118,43.465215349683675,0.0,0.0,28.721527102827118,0.0,0.0,0.0,0.0,0.0,0.0,0.0,0.0,0.0,0.0,0.0,0.0,0.0,0.0 
 07/21  09:05:00,25.4,43.46390825049722,28.745286507928164,43.46390825049722,0.0,0.0,28.745286507928164,0.0,0.0,0.0,0.0,0.0,0.0,0.0,0.0,0.0,0.0,0.0,0.0,0.0,0.0 
 07/21  09:06:00,25.4,43.46279880282386,28.768955254650198,43.46279880282386,0.0,0.0,28.768955254650198,0.0,0.0,0.0,0.0,0.0,0.0,0.0,0.0,0.0,0.0,0.0,0.0,0.0,0.0 
 07/21  09:07:00,25.4,43.4618756663864,28.792536148977877,43.4618756663864,0.0,0.0,28.792536148977877,0.0,0.0,0.0,0.0,0.0,0.0,0.0,0.0,0.0,0.0,0.0,0.0,0.0,0.0 
 07/21  09:08:00,25.4,43.46114533791551,28.816032303024894,43.46114533791551,0.0,0.0,28.816032303024894,0.0,0.0,0.0,0.0,0.0,0.0,0.0,0.0,0.0,0.0,0.0,0.0,0.0,0.0 
 07/21  09:09:00,25.4,43.46059671839417,28.83944641406067,43.46059671839417,0.0,0.0,28.83944641406067,0.0,0.0,0.0,0.0,0.0,0.0,0.0,0.0,0.0,0.0,0.0,0.0,0.0,0.0 
 07/21  09:10:00,25.4,43.46023607450516,28.862781062619035,43.46023607450516,0.0,0.0,28.862781062619035,0.0,0.0,0.0,0.0,0.0,0.0,0.0,0.0,0.0,0.0,0.0,0.0,0.0,0.0 
 07/21  09:11:00,25.4,43.46005255141829,28.886038766129992,43.46005255141829,0.0,0.0,28.886038766129992,0.0,0.0,0.0,0.0,0.0,0.0,0.0,0.0,0.0,0.0,0.0,0.0,0.0,0.0 
 07/21  09:12:00,25.4,43.460052194327446,28.909222085054708,43.460052194327446,0.0,0.0,28.909222085054708,0.0,0.0,0.0,0.0,0.0,0.0,0.0,0.0,0.0,0.0,0.0,0.0,0.0,0.0 
 07/21  09:13:00,25.4,43.46022439589149,28.932333115033686,43.46022439589149,0.0,0.0,28.932333115033686,0.0,0.0,0.0,0.0,0.0,0.0,0.0,0.0,0.0,0.0,0.0,0.0,0.0,0.0 
 07/21  09:14:00,25.4,43.460574992987134,28.95537428019385,43.460574992987134,0.0,0.0,28.95537428019385,0.0,0.0,0.0,0.0,0.0,0.0,0.0,0.0,0.0,0.0,0.0,0.0,0.0,0.0 
 07/21  09:15:00,25.4,43.46109363106562,28.97834770427731,43.46109363106562,0.0,0.0,28.97834770427731,0.0,0.0,0.0,0.0,0.0,0.0,0.0,0.0,0.0,0.0,0.0,0.0,0.0,0.0 
 07/21  09:16:00,25.4,43.461785959542524,29.00125539414494,43.461785959542524,0.0,0.0,29.00125539414494,0.0,0.0,0.0,0.0,0.0,0.0,0.0,0.0,0.0,0.0,0.0,0.0,0.0,0.0 
 07/21  09:17:00,25.4,43.462641885080366,29.024099340863533,43.462641885080366,0.0,0.0,29.024099340863533,0.0,0.0,0.0,0.0,0.0,0.0,0.0,0.0,0.0,0.0,0.0,0.0,0.0,0.0 
 07/21  09:18:00,25.4,43.46366689884586,29.046881525411894,43.46366689884586,0.0,0.0,29.046881525411894,0.0,0.0,0.0,0.0,0.0,0.0,0.0,0.0,0.0,0.0,0.0,0.0,0.0,0.0 
 07/21  09:19:00,25.4,43.46485117938101,29.069603476049735,43.46485117938101,0.0,0.0,29.069603476049735,0.0,0.0,0.0,0.0,0.0,0.0,0.0,0.0,0.0,0.0,0.0,0.0,0.0,0.0 
 07/21  09:20:00,25.4,43.46620009411364,29.092266950996272,43.46620009411364,0.0,0.0,29.092266950996272,0.0,0.0,0.0,0.0,0.0,0.0,0.0,0.0,0.0,0.0,0.0,0.0,0.0,0.0 
 07/21  09:21:00,25.4,43.467704103403186,29.114873373238378,43.467704103403186,0.0,0.0,29.114873373238378,0.0,0.0,0.0,0.0,0.0,0.0,0.0,0.0,0.0,0.0,0.0,0.0,0.0,0.0 
 07/21  09:22:00,25.4,43.4693684851151,29.137423932169053,43.4693684851151,0.0,0.0,29.137423932169053,0.0,0.0,0.0,0.0,0.0,0.0,0.0,0.0,0.0,0.0,0.0,0.0,0.0,0.0 
 07/21  09:23:00,25.4,43.47118398696398,29.159919712010268,43.47118398696398,0.0,0.0,29.159919712010268,0.0,0.0,0.0,0.0,0.0,0.0,0.0,0.0,0.0,0.0,0.0,0.0,0.0,0.0 
 07/21  09:24:00,25.4,43.47315582541185,29.18236160896534,43.47315582541185,0.0,0.0,29.18236160896534,0.0,0.0,0.0,0.0,0.0,0.0,0.0,0.0,0.0,0.0,0.0,0.0,0.0,0.0 
 07/21  09:25:00,25.4,43.47527503403703,29.204749881854443,43.47527503403703,0.0,0.0,29.204749881854443,0.0,0.0,0.0,0.0,0.0,0.0,0.0,0.0,0.0,0.0,0.0,0.0,0.0,0.0 
 07/21  09:26:00,25.4,43.47754678633098,29.227084631588305,43.47754678633098,0.0,0.0,29.227084631588305,0.0,0.0,0.0,0.0,0.0,0.0,0.0,0.0,0.0,0.0,0.0,0.0,0.0,0.0 
 07/21  09:27:00,25.4,43.479962392525536,29.249364919469983,43.479962392525536,0.0,0.0,29.249364919469983,0.0,0.0,0.0,0.0,0.0,0.0,0.0,0.0,0.0,0.0,0.0,0.0,0.0,0.0 
 07/21  09:28:00,25.4,43.482526990782674,29.27158635279423,43.482526990782674,0.0,0.0,29.27158635279423,0.0,0.0,0.0,0.0,0.0,0.0,0.0,0.0,0.0,0.0,0.0,0.0,0.0,0.0 
 07/21  09:29:00,25.4,43.48523215217606,29.293754004415653,43.48523215217606,0.0,0.0,29.293754004415653,0.0,0.0,0.0,0.0,0.0,0.0,0.0,0.0,0.0,0.0,0.0,0.0,0.0,0.0 
 07/21  09:30:00,25.4,43.488082977492205,29.31587442521154,43.488082977492205,0.0,0.0,29.31587442521154,0.0,0.0,0.0,0.0,0.0,0.0,0.0,0.0,0.0,0.0,0.0,0.0,0.0,0.0 
 07/21  09:31:00,25.4,43.491071278429,29.337952820969246,43.491071278429,0.0,0.0,29.337952820969246,0.0,0.0,0.0,0.0,0.0,0.0,0.0,0.0,0.0,0.0,0.0,0.0,0.0,0.0 
 07/21  09:32:00,25.4,43.49420210897358,29.35999346141415,43.49420210897358,0.0,0.0,29.35999346141415,0.0,0.0,0.0,0.0,0.0,0.0,0.0,0.0,0.0,0.0,0.0,0.0,0.0,0.0 
 07/21  09:33:00,25.4,43.49746749928382,29.38199964999923,43.49746749928382,0.0,0.0,29.38199964999923,0.0,0.0,0.0,0.0,0.0,0.0,0.0,0.0,0.0,0.0,0.0,0.0,0.0,0.0 
 07/21  09:34:00,25.4,43.50087244235486,29.403974106498385,43.50087244235486,0.0,0.0,29.403974106498385,0.0,0.0,0.0,0.0,0.0,0.0,0.0,0.0,0.0,0.0,0.0,0.0,0.0,0.0 
 07/21  09:35:00,25.4,43.50440916483731,29.425919359189823,43.50440916483731,0.0,0.0,29.425919359189823,0.0,0.0,0.0,0.0,0.0,0.0,0.0,0.0,0.0,0.0,0.0,0.0,0.0,0.0 
 07/21  09:36:00,25.4,43.508082582136765,29.44783771610285,43.508082582136765,0.0,0.0,29.44783771610285,0.0,0.0,0.0,0.0,0.0,0.0,0.0,0.0,0.0,0.0,0.0,0.0,0.0,0.0 
 07/21  09:37:00,25.4,43.511885097214744,29.469731014083997,43.511885097214744,0.0,0.0,29.469731014083997,0.0,0.0,0.0,0.0,0.0,0.0,0.0,0.0,0.0,0.0,0.0,0.0,0.0,0.0 
 07/21  09:38:00,25.4,43.51582153081668,29.491601165154115,43.51582153081668,0.0,0.0,29.491601165154115,0.0,0.0,0.0,0.0,0.0,0.0,0.0,0.0,0.0,0.0,0.0,0.0,0.0,0.0 
 07/21  09:39:00,25.4,43.519884444854874,29.513449780178135,43.519884444854874,0.0,0.0,29.513449780178135,0.0,0.0,0.0,0.0,0.0,0.0,0.0,0.0,0.0,0.0,0.0,0.0,0.0,0.0 
 07/21  09:40:00,25.4,43.52407854935427,29.535278197808864,43.52407854935427,0.0,0.0,29.535278197808864,0.0,0.0,0.0,0.0,0.0,0.0,0.0,0.0,0.0,0.0,0.0,0.0,0.0,0.0 
 07/21  09:41:00,25.4,43.528396551205205,29.55708774009363,43.528396551205205,0.0,0.0,29.55708774009363,0.0,0.0,0.0,0.0,0.0,0.0,0.0,0.0,0.0,0.0,0.0,0.0,0.0,0.0 
 07/21  09:42:00,25.4,43.53284303569459,29.578879597572584,43.53284303569459,0.0,0.0,29.578879597572584,0.0,0.0,0.0,0.0,0.0,0.0,0.0,0.0,0.0,0.0,0.0,0.0,0.0,0.0 
 07/21  09:43:00,25.4,43.53741084426813,29.60065460263783,43.53741084426813,0.0,0.0,29.60065460263783,0.0,0.0,0.0,0.0,0.0,0.0,0.0,0.0,0.0,0.0,0.0,0.0,0.0,0.0 
 07/21  09:44:00,25.4,43.54210442606154,29.622413712251422,43.54210442606154,0.0,0.0,29.622413712251422,0.0,0.0,0.0,0.0,0.0,0.0,0.0,0.0,0.0,0.0,0.0,0.0,0.0,0.0 
 07/21  09:45:00,25.4,43.546916750015654,29.64415767461004,43.546916750015654,0.0,0.0,29.64415767461004,0.0,0.0,0.0,0.0,0.0,0.0,0.0,0.0,0.0,0.0,0.0,0.0,0.0,0.0 
 07/21  09:46:00,25.4,43.55185212042001,29.66588701427601,43.55185212042001,0.0,0.0,29.66588701427601,0.0,0.0,0.0,0.0,0.0,0.0,0.0,0.0,0.0,0.0,0.0,0.0,0.0,0.0 
 07/21  09:47:00,25.4,43.55690362955794,29.687602309083548,43.55690362955794,0.0,0.0,29.687602309083548,0.0,0.0,0.0,0.0,0.0,0.0,0.0,0.0,0.0,0.0,0.0,0.0,0.0,0.0 
 07/21  09:48:00,25.4,43.562075430690165,29.709304037354062,43.562075430690165,0.0,0.0,29.709304037354062,0.0,0.0,0.0,0.0,0.0,0.0,0.0,0.0,0.0,0.0,0.0,0.0,0.0,0.0 
 07/21  09:49:00,25.4,43.56736073761696,29.73099239741196,43.56736073761696,0.0,0.0,29.73099239741196,0.0,0.0,0.0,0.0,0.0,0.0,0.0,0.0,0.0,0.0,0.0,0.0,0.0,0.0 
 07/21  09:50:00,25.4,43.572763548573704,29.752667724456565,43.572763548573704,0.0,0.0,29.752667724456565,0.0,0.0,0.0,0.0,0.0,0.0,0.0,0.0,0.0,0.0,0.0,0.0,0.0,0.0 
 07/21  09:51:00,25.4,43.57827719882055,29.774330210959004,43.57827719882055,0.0,0.0,29.774330210959004,0.0,0.0,0.0,0.0,0.0,0.0,0.0,0.0,0.0,0.0,0.0,0.0,0.0,0.0 
 07/21  09:52:00,25.4,43.58390552945696,29.79597984558212,43.58390552945696,0.0,0.0,29.79597984558212,0.0,0.0,0.0,0.0,0.0,0.0,0.0,0.0,0.0,0.0,0.0,0.0,0.0,0.0 
 07/21  09:53:00,25.4,43.58964199845549,29.817616717688345,43.58964199845549,0.0,0.0,29.817616717688345,0.0,0.0,0.0,0.0,0.0,0.0,0.0,0.0,0.0,0.0,0.0,0.0,0.0,0.0 
 07/21  09:54:00,25.4,43.59549028930426,29.839240823456752,43.59549028930426,0.0,0.0,29.839240823456752,0.0,0.0,0.0,0.0,0.0,0.0,0.0,0.0,0.0,0.0,0.0,0.0,0.0,0.0 
 07/21  09:55:00,25.4,43.60144398487404,29.86085193774285,43.60144398487404,0.0,0.0,29.86085193774285,0.0,0.0,0.0,0.0,0.0,0.0,0.0,0.0,0.0,0.0,0.0,0.0,0.0,0.0 
 07/21  09:56:00,25.4,43.607506611915625,29.882449961604806,43.607506611915625,0.0,0.0,29.882449961604806,0.0,0.0,0.0,0.0,0.0,0.0,0.0,0.0,0.0,0.0,0.0,0.0,0.0,0.0 
 07/21  09:57:00,25.4,43.61367188095753,29.90403470404906,43.61367188095753,0.0,0.0,29.90403470404906,0.0,0.0,0.0,0.0,0.0,0.0,0.0,0.0,0.0,0.0,0.0,0.0,0.0,0.0 
 07/21  09:58:00,25.4,43.61994316384625,29.925605775249345,43.61994316384625,0.0,0.0,29.925605775249345,0.0,0.0,0.0,0.0,0.0,0.0,0.0,0.0,0.0,0.0,0.0,0.0,0.0,0.0 
 07/21  09:59:00,25.4,43.626314301725735,29.94716292524659,43.626314301725735,0.0,0.0,29.94716292524659,0.0,0.0,0.0,0.0,0.0,0.0,0.0,0.0,0.0,0.0,0.0,0.0,0.0,0.0 
 07/21  10:00:00,25.4,43.632788513899555,29.968705810446036,43.632788513899555,0.0,0.0,29.968705810446036,0.0,0.0,0.0,0.0,0.0,0.0,0.0,0.0,0.0,0.0,0.0,0.0,0.0,0.0,88387200.0 
 07/21  10:01:00,27.0,43.63950218234166,29.990527736374275,43.63950218234166,0.0,0.0,29.990527736374275,0.0,0.0,0.0,0.0,0.0,0.0,0.0,0.0,0.0,0.0,0.0,0.0,0.0,0.0 
 07/21  10:02:00,27.0,43.64637314813547,30.01251311888355,43.64637314813547,0.0,0.0,30.01251311888355,0.0,0.0,0.0,0.0,0.0,0.0,0.0,0.0,0.0,0.0,0.0,0.0,0.0,0.0 
 07/21  10:03:00,27.0,43.65331666855756,30.034533222023246,43.65331666855756,0.0,0.0,30.034533222023246,0.0,0.0,0.0,0.0,0.0,0.0,0.0,0.0,0.0,0.0,0.0,0.0,0.0,0.0 
 07/21  10:04:00,27.0,43.66030938744815,30.0565266912203,43.66030938744815,0.0,0.0,30.0565266912203,0.0,0.0,0.0,0.0,0.0,0.0,0.0,0.0,0.0,0.0,0.0,0.0,0.0,0.0 
 07/21  10:05:00,27.0,43.66735110598972,30.078478210519144,43.66735110598972,0.0,0.0,30.078478210519144,0.0,0.0,0.0,0.0,0.0,0.0,0.0,0.0,0.0,0.0,0.0,0.0,0.0,0.0 
 07/21  10:06:00,27.0,43.67445878345434,30.100389325200005,43.67445878345434,0.0,0.0,30.100389325200005,0.0,0.0,0.0,0.0,0.0,0.0,0.0,0.0,0.0,0.0,0.0,0.0,0.0,0.0 
 07/21  10:07:00,27.0,43.68163827045086,30.122263820550994,43.68163827045086,0.0,0.0,30.122263820550994,0.0,0.0,0.0,0.0,0.0,0.0,0.0,0.0,0.0,0.0,0.0,0.0,0.0,0.0 
 07/21  10:08:00,27.0,43.68889893198662,30.144103971215248,43.68889893198662,0.0,0.0,30.144103971215248,0.0,0.0,0.0,0.0,0.0,0.0,0.0,0.0,0.0,0.0,0.0,0.0,0.0,0.0 
 07/21  10:09:00,27.0,43.696238767086776,30.165910584180157,43.696238767086776,0.0,0.0,30.165910584180157,0.0,0.0,0.0,0.0,0.0,0.0,0.0,0.0,0.0,0.0,0.0,0.0,0.0,0.0 
 07/21  10:10:00,27.0,43.703662099925175,30.187683669477853,43.703662099925175,0.0,0.0,30.187683669477853,0.0,0.0,0.0,0.0,0.0,0.0,0.0,0.0,0.0,0.0,0.0,0.0,0.0,0.0 
 07/21  10:11:00,27.0,43.71116478153813,30.209423368230244,43.71116478153813,0.0,0.0,30.209423368230244,0.0,0.0,0.0,0.0,0.0,0.0,0.0,0.0,0.0,0.0,0.0,0.0,0.0,0.0 
 07/21  10:12:00,27.0,43.71875004993098,30.231129840972898,43.71875004993098,0.0,0.0,30.231129840972898,0.0,0.0,0.0,0.0,0.0,0.0,0.0,0.0,0.0,0.0,0.0,0.0,0.0,0.0 
 07/21  10:13:00,27.0,43.72641342181331,30.25280331544804,43.72641342181331,0.0,0.0,30.25280331544804,0.0,0.0,0.0,0.0,0.0,0.0,0.0,0.0,0.0,0.0,0.0,0.0,0.0,0.0 
 07/21  10:14:00,27.0,43.73415766687361,30.27444422924163,43.73415766687361,0.0,0.0,30.27444422924163,0.0,0.0,0.0,0.0,0.0,0.0,0.0,0.0,0.0,0.0,0.0,0.0,0.0,0.0 
 07/21  10:15:00,27.0,43.741978152067006,30.296053147559626,43.741978152067006,0.0,0.0,30.296053147559626,0.0,0.0,0.0,0.0,0.0,0.0,0.0,0.0,0.0,0.0,0.0,0.0,0.0,0.0 
 07/21  10:16:00,27.0,43.74987730517807,30.317630522636623,43.74987730517807,0.0,0.0,30.317630522636623,0.0,0.0,0.0,0.0,0.0,0.0,0.0,0.0,0.0,0.0,0.0,0.0,0.0,0.0 
 07/21  10:17:00,27.0,43.75785046830651,30.33917709258269,43.75785046830651,0.0,0.0,30.33917709258269,0.0,0.0,0.0,0.0,0.0,0.0,0.0,0.0,0.0,0.0,0.0,0.0,0.0,0.0 
 07/21  10:18:00,27.0,43.7658998754541,30.360693540752887,43.7658998754541,0.0,0.0,30.360693540752887,0.0,0.0,0.0,0.0,0.0,0.0,0.0,0.0,0.0,0.0,0.0,0.0,0.0,0.0 
 07/21  10:19:00,27.0,43.77402095316321,30.3821805317942,43.77402095316321,0.0,0.0,30.3821805317942,0.0,0.0,0.0,0.0,0.0,0.0,0.0,0.0,0.0,0.0,0.0,0.0,0.0,0.0 
 07/21  10:20:00,27.0,43.78221585193745,30.403638828200336,43.78221585193745,0.0,0.0,30.403638828200336,0.0,0.0,0.0,0.0,0.0,0.0,0.0,0.0,0.0,0.0,0.0,0.0,0.0,0.0 
 07/21  10:21:00,27.0,43.790480144200366,30.425069239270996,43.790480144200366,0.0,0.0,30.425069239270996,0.0,0.0,0.0,0.0,0.0,0.0,0.0,0.0,0.0,0.0,0.0,0.0,0.0,0.0 
 07/21  10:22:00,27.0,43.79881596922461,30.44647237369844,43.79881596922461,0.0,0.0,30.44647237369844,0.0,0.0,0.0,0.0,0.0,0.0,0.0,0.0,0.0,0.0,0.0,0.0,0.0,0.0 
 07/21  10:23:00,27.0,43.807219075589195,30.46784904724125,43.807219075589195,0.0,0.0,30.46784904724125,0.0,0.0,0.0,0.0,0.0,0.0,0.0,0.0,0.0,0.0,0.0,0.0,0.0,0.0 
 07/21  10:24:00,27.0,43.81569163834313,30.48919994248507,43.81569163834313,0.0,0.0,30.48919994248507,0.0,0.0,0.0,0.0,0.0,0.0,0.0,0.0,0.0,0.0,0.0,0.0,0.0,0.0 
 07/21  10:25:00,27.0,43.82422959214367,30.51052565884397,43.82422959214367,0.0,0.0,30.51052565884397,0.0,0.0,0.0,0.0,0.0,0.0,0.0,0.0,0.0,0.0,0.0,0.0,0.0,0.0 
 07/21  10:26:00,27.0,43.83283517358093,30.531826827280664,43.83283517358093,0.0,0.0,30.531826827280664,0.0,0.0,0.0,0.0,0.0,0.0,0.0,0.0,0.0,0.0,0.0,0.0,0.0,0.0 
 07/21  10:27:00,27.0,43.84150449763518,30.553104071546276,43.84150449763518,0.0,0.0,30.553104071546276,0.0,0.0,0.0,0.0,0.0,0.0,0.0,0.0,0.0,0.0,0.0,0.0,0.0,0.0 
 07/21  10:28:00,27.0,43.850239869473945,30.57435776832726,43.850239869473945,0.0,0.0,30.57435776832726,0.0,0.0,0.0,0.0,0.0,0.0,0.0,0.0,0.0,0.0,0.0,0.0,0.0,0.0 
 07/21  10:29:00,27.0,43.85903756726546,30.595588456076932,43.85903756726546,0.0,0.0,30.595588456076932,0.0,0.0,0.0,0.0,0.0,0.0,0.0,0.0,0.0,0.0,0.0,0.0,0.0,0.0 
 07/21  10:30:00,27.0,43.86789995679794,30.616796505772363,43.86789995679794,0.0,0.0,30.616796505772363,0.0,0.0,0.0,0.0,0.0,0.0,0.0,0.0,0.0,0.0,0.0,0.0,0.0,0.0 
 07/21  10:31:00,27.0,43.87682345542868,30.63798217929201,43.87682345542868,0.0,0.0,30.63798217929201,0.0,0.0,0.0,0.0,0.0,0.0,0.0,0.0,0.0,0.0,0.0,0.0,0.0,0.0 
 07/21  10:32:00,27.0,43.885810470921484,30.659145744566736,43.885810470921484,0.0,0.0,30.659145744566736,0.0,0.0,0.0,0.0,0.0,0.0,0.0,0.0,0.0,0.0,0.0,0.0,0.0,0.0 
 07/21  10:33:00,27.0,43.89485753301329,30.680287449505325,43.89485753301329,0.0,0.0,30.680287449505325,0.0,0.0,0.0,0.0,0.0,0.0,0.0,0.0,0.0,0.0,0.0,0.0,0.0,0.0 
 07/21  10:34:00,27.0,43.90396706621025,30.701407289775094,43.90396706621025,0.0,0.0,30.701407289775094,0.0,0.0,0.0,0.0,0.0,0.0,0.0,0.0,0.0,0.0,0.0,0.0,0.0,0.0 
 07/21  10:35:00,27.0,43.913135686226916,30.722505417793958,43.913135686226916,0.0,0.0,30.722505417793958,0.0,0.0,0.0,0.0,0.0,0.0,0.0,0.0,0.0,0.0,0.0,0.0,0.0,0.0 
 07/21  10:36:00,27.0,43.92236580605959,30.7435818205039,43.92236580605959,0.0,0.0,30.7435818205039,0.0,0.0,0.0,0.0,0.0,0.0,0.0,0.0,0.0,0.0,0.0,0.0,0.0,0.0 
 07/21  10:37:00,27.0,43.93165410374811,30.764636389947103,43.93165410374811,0.0,0.0,30.764636389947103,0.0,0.0,0.0,0.0,0.0,0.0,0.0,0.0,0.0,0.0,0.0,0.0,0.0,0.0 
 07/21  10:38:00,27.0,43.941002952438666,30.785669022345143,43.941002952438666,0.0,0.0,30.785669022345143,0.0,0.0,0.0,0.0,0.0,0.0,0.0,0.0,0.0,0.0,0.0,0.0,0.0,0.0 
 07/21  10:39:00,27.0,43.950409073126956,30.80667960956709,43.950409073126956,0.0,0.0,30.80667960956709,0.0,0.0,0.0,0.0,0.0,0.0,0.0,0.0,0.0,0.0,0.0,0.0,0.0,0.0 
 07/21  10:40:00,27.0,43.95987477287832,30.827667799217178,43.95987477287832,0.0,0.0,30.827667799217178,0.0,0.0,0.0,0.0,0.0,0.0,0.0,0.0,0.0,0.0,0.0,0.0,0.0,0.0 
 07/21  10:41:00,27.0,43.96939680133663,30.848633404268814,43.96939680133663,0.0,0.0,30.848633404268814,0.0,0.0,0.0,0.0,0.0,0.0,0.0,0.0,0.0,0.0,0.0,0.0,0.0,0.0 
 07/21  10:42:00,27.0,43.978977376725865,30.869576074282513,43.978977376725865,0.0,0.0,30.869576074282513,0.0,0.0,0.0,0.0,0.0,0.0,0.0,0.0,0.0,0.0,0.0,0.0,0.0,0.0 
 07/21  10:43:00,27.0,43.98861326817399,30.890495388116232,43.98861326817399,0.0,0.0,30.890495388116232,0.0,0.0,0.0,0.0,0.0,0.0,0.0,0.0,0.0,0.0,0.0,0.0,0.0,0.0 
 07/21  10:44:00,27.0,43.99830658630284,30.91139092105219,43.99830658630284,0.0,0.0,30.91139092105219,0.0,0.0,0.0,0.0,0.0,0.0,0.0,0.0,0.0,0.0,0.0,0.0,0.0,0.0 
 07/21  10:45:00,27.0,44.00805411522812,30.932262269295016,44.00805411522812,0.0,0.0,30.932262269295016,0.0,0.0,0.0,0.0,0.0,0.0,0.0,0.0,0.0,0.0,0.0,0.0,0.0,0.0 
 07/21  10:46:00,27.0,44.01785784312721,30.953108793618608,44.01785784312721,0.0,0.0,30.953108793618608,0.0,0.0,0.0,0.0,0.0,0.0,0.0,0.0,0.0,0.0,0.0,0.0,0.0,0.0 
 07/21  10:47:00,27.0,44.02771456849857,30.973930040947053,44.02771456849857,0.0,0.0,30.973930040947053,0.0,0.0,0.0,0.0,0.0,0.0,0.0,0.0,0.0,0.0,0.0,0.0,0.0,0.0 
 07/21  10:48:00,27.0,44.037626145810066,30.994725401049987,44.037626145810066,0.0,0.0,30.994725401049987,0.0,0.0,0.0,0.0,0.0,0.0,0.0,0.0,0.0,0.0,0.0,0.0,0.0,0.0 
 07/21  10:49:00,27.0,44.04758939042486,31.01549423380031,44.04758939042486,0.0,0.0,31.01549423380031,0.0,0.0,0.0,0.0,0.0,0.0,0.0,0.0,0.0,0.0,0.0,0.0,0.0,0.0 
 07/21  10:50:00,27.0,44.05760601507207,31.03623588886557,44.05760601507207,0.0,0.0,31.03623588886557,0.0,0.0,0.0,0.0,0.0,0.0,0.0,0.0,0.0,0.0,0.0,0.0,0.0,0.0 
 07/21  10:51:00,27.0,44.067672856860284,31.05694977132267,44.067672856860284,0.0,0.0,31.05694977132267,0.0,0.0,0.0,0.0,0.0,0.0,0.0,0.0,0.0,0.0,0.0,0.0,0.0,0.0 
 07/21  10:52:00,27.0,44.07779148170294,31.07763505508554,44.07779148170294,0.0,0.0,31.07763505508554,0.0,0.0,0.0,0.0,0.0,0.0,0.0,0.0,0.0,0.0,0.0,0.0,0.0,0.0 
 07/21  10:53:00,27.0,44.08795875515553,31.098291117534227,44.08795875515553,0.0,0.0,31.098291117534227,0.0,0.0,0.0,0.0,0.0,0.0,0.0,0.0,0.0,0.0,0.0,0.0,0.0,0.0 
 07/21  10:54:00,27.0,44.09817609386576,31.118917170244927,44.09817609386576,0.0,0.0,31.118917170244927,0.0,0.0,0.0,0.0,0.0,0.0,0.0,0.0,0.0,0.0,0.0,0.0,0.0,0.0 
 07/21  10:55:00,27.0,44.10844039980632,31.139512426283158,44.10844039980632,0.0,0.0,31.139512426283158,0.0,0.0,0.0,0.0,0.0,0.0,0.0,0.0,0.0,0.0,0.0,0.0,0.0,0.0 
 07/21  10:56:00,27.0,44.11875294000688,31.160076063451427,44.11875294000688,0.0,0.0,31.160076063451427,0.0,0.0,0.0,0.0,0.0,0.0,0.0,0.0,0.0,0.0,0.0,0.0,0.0,0.0 
 07/21  10:57:00,27.0,44.12911066147715,31.18060734153337,44.12911066147715,0.0,0.0,31.18060734153337,0.0,0.0,0.0,0.0,0.0,0.0,0.0,0.0,0.0,0.0,0.0,0.0,0.0,0.0 
 07/21  10:58:00,27.0,44.139514682577314,31.20110528521604,44.139514682577314,0.0,0.0,31.20110528521604,0.0,0.0,0.0,0.0,0.0,0.0,0.0,0.0,0.0,0.0,0.0,0.0,0.0,0.0 
 07/21  10:59:00,27.0,44.14996200394244,31.221569141590233,44.14996200394244,0.0,0.0,31.221569141590233,0.0,0.0,0.0,0.0,0.0,0.0,0.0,0.0,0.0,0.0,0.0,0.0,0.0,0.0 
 07/21  11:00:00,27.0,44.16045359665914,31.241997987167895,44.16045359665914,0.0,0.0,31.241997987167895,0.0,0.0,0.0,0.0,0.0,0.0,0.0,0.0,0.0,0.0,0.0,0.0,0.0,0.0,88387200.0 
 07/21  11:01:00,28.5,44.17111906504453,31.26266574079317,44.17111906504453,0.0,0.0,31.26266574079317,0.0,0.0,0.0,0.0,0.0,0.0,0.0,0.0,0.0,0.0,0.0,0.0,0.0,0.0 
 07/21  11:02:00,28.5,44.18188002553582,31.2834635310802,44.18188002553582,0.0,0.0,31.2834635310802,0.0,0.0,0.0,0.0,0.0,0.0,0.0,0.0,0.0,0.0,0.0,0.0,0.0,0.0 
 07/21  11:03:00,28.5,44.1926602478627,31.304270396844114,44.1926602478627,0.0,0.0,31.304270396844114,0.0,0.0,0.0,0.0,0.0,0.0,0.0,0.0,0.0,0.0,0.0,0.0,0.0,0.0 
 07/21  11:04:00,28.5,44.20343589150757,31.325028459267955,44.20343589150757,0.0,0.0,31.325028459267955,0.0,0.0,0.0,0.0,0.0,0.0,0.0,0.0,0.0,0.0,0.0,0.0,0.0,0.0 
 07/21  11:05:00,28.5,44.21420925006785,31.34572306145114,44.21420925006785,0.0,0.0,31.34572306145114,0.0,0.0,0.0,0.0,0.0,0.0,0.0,0.0,0.0,0.0,0.0,0.0,0.0,0.0 
 07/21  11:06:00,28.5,44.22499400525906,31.366355259592396,44.22499400525906,0.0,0.0,31.366355259592396,0.0,0.0,0.0,0.0,0.0,0.0,0.0,0.0,0.0,0.0,0.0,0.0,0.0,0.0 
 07/21  11:07:00,28.5,44.235798093474784,31.386928401281445,44.235798093474784,0.0,0.0,31.386928401281445,0.0,0.0,0.0,0.0,0.0,0.0,0.0,0.0,0.0,0.0,0.0,0.0,0.0,0.0 
 07/21  11:08:00,28.5,44.24662817837026,31.407444254893413,44.24662817837026,0.0,0.0,31.407444254893413,0.0,0.0,0.0,0.0,0.0,0.0,0.0,0.0,0.0,0.0,0.0,0.0,0.0,0.0 
 07/21  11:09:00,28.5,44.25748487700552,31.42790336681542,44.25748487700552,0.0,0.0,31.42790336681542,0.0,0.0,0.0,0.0,0.0,0.0,0.0,0.0,0.0,0.0,0.0,0.0,0.0,0.0 
 07/21  11:10:00,28.5,44.26837016224385,31.44830548968612,44.26837016224385,0.0,0.0,31.44830548968612,0.0,0.0,0.0,0.0,0.0,0.0,0.0,0.0,0.0,0.0,0.0,0.0,0.0,0.0 
 07/21  11:11:00,28.5,44.27928261003561,31.468650574680293,44.27928261003561,0.0,0.0,31.468650574680293,0.0,0.0,0.0,0.0,0.0,0.0,0.0,0.0,0.0,0.0,0.0,0.0,0.0,0.0 
 07/21  11:12:00,28.5,44.29022316923368,31.488938510328968,44.29022316923368,0.0,0.0,31.488938510328968,0.0,0.0,0.0,0.0,0.0,0.0,0.0,0.0,0.0,0.0,0.0,0.0,0.0,0.0 
 07/21  11:13:00,28.5,44.30119006468568,31.509169440202232,44.30119006468568,0.0,0.0,31.509169440202232,0.0,0.0,0.0,0.0,0.0,0.0,0.0,0.0,0.0,0.0,0.0,0.0,0.0,0.0 
 07/21  11:14:00,28.5,44.31218379940963,31.529343545697404,44.31218379940963,0.0,0.0,31.529343545697404,0.0,0.0,0.0,0.0,0.0,0.0,0.0,0.0,0.0,0.0,0.0,0.0,0.0,0.0 
 07/21  11:15:00,28.5,44.3232024254213,31.549461279367605,44.3232024254213,0.0,0.0,31.549461279367605,0.0,0.0,0.0,0.0,0.0,0.0,0.0,0.0,0.0,0.0,0.0,0.0,0.0,0.0 
 07/21  11:16:00,28.5,44.33424611922034,31.569522946378395,44.33424611922034,0.0,0.0,31.569522946378395,0.0,0.0,0.0,0.0,0.0,0.0,0.0,0.0,0.0,0.0,0.0,0.0,0.0,0.0 
 07/21  11:17:00,28.5,44.34531288012114,31.58952918843539,44.34531288012114,0.0,0.0,31.58952918843539,0.0,0.0,0.0,0.0,0.0,0.0,0.0,0.0,0.0,0.0,0.0,0.0,0.0,0.0 
 07/21  11:18:00,28.5,44.35640269538077,31.60948051610509,44.35640269538077,0.0,0.0,31.60948051610509,0.0,0.0,0.0,0.0,0.0,0.0,0.0,0.0,0.0,0.0,0.0,0.0,0.0,0.0 
 07/21  11:19:00,28.5,44.367513615915506,31.629377607965363,44.367513615915506,0.0,0.0,31.629377607965363,0.0,0.0,0.0,0.0,0.0,0.0,0.0,0.0,0.0,0.0,0.0,0.0,0.0,0.0 
 07/21  11:20:00,28.5,44.378645541038914,31.649221071838955,44.378645541038914,0.0,0.0,31.649221071838955,0.0,0.0,0.0,0.0,0.0,0.0,0.0,0.0,0.0,0.0,0.0,0.0,0.0,0.0 
 07/21  11:21:00,28.5,44.389796632638514,31.669011700395284,44.389796632638514,0.0,0.0,31.669011700395284,0.0,0.0,0.0,0.0,0.0,0.0,0.0,0.0,0.0,0.0,0.0,0.0,0.0,0.0 
 07/21  11:22:00,28.5,44.40096676813629,31.688750052154685,44.40096676813629,0.0,0.0,31.688750052154685,0.0,0.0,0.0,0.0,0.0,0.0,0.0,0.0,0.0,0.0,0.0,0.0,0.0,0.0 
 07/21  11:23:00,28.5,44.41215425087263,31.70843693393559,44.41215425087263,0.0,0.0,31.70843693393559,0.0,0.0,0.0,0.0,0.0,0.0,0.0,0.0,0.0,0.0,0.0,0.0,0.0,0.0 
 07/21  11:24:00,28.5,44.423358979690576,31.728072940747907,44.423358979690576,0.0,0.0,31.728072940747907,0.0,0.0,0.0,0.0,0.0,0.0,0.0,0.0,0.0,0.0,0.0,0.0,0.0,0.0 
 07/21  11:25:00,28.5,44.434579411330546,31.747658762806765,44.434579411330546,0.0,0.0,31.747658762806765,0.0,0.0,0.0,0.0,0.0,0.0,0.0,0.0,0.0,0.0,0.0,0.0,0.0,0.0 
 07/21  11:26:00,28.5,44.44581549057991,31.767194951184752,44.44581549057991,0.0,0.0,31.767194951184752,0.0,0.0,0.0,0.0,0.0,0.0,0.0,0.0,0.0,0.0,0.0,0.0,0.0,0.0 
 07/21  11:27:00,28.5,44.45706582529383,31.78668218195659,44.45706582529383,0.0,0.0,31.78668218195659,0.0,0.0,0.0,0.0,0.0,0.0,0.0,0.0,0.0,0.0,0.0,0.0,0.0,0.0 
 07/21  11:28:00,28.5,44.468330414075155,31.80612085333405,44.468330414075155,0.0,0.0,31.80612085333405,0.0,0.0,0.0,0.0,0.0,0.0,0.0,0.0,0.0,0.0,0.0,0.0,0.0,0.0 
 07/21  11:29:00,28.5,44.479608003109995,31.825511564086895,44.479608003109995,0.0,0.0,31.825511564086895,0.0,0.0,0.0,0.0,0.0,0.0,0.0,0.0,0.0,0.0,0.0,0.0,0.0,0.0 
 07/21  11:30:00,28.5,44.49089863920742,31.844854672465974,44.49089863920742,0.0,0.0,31.844854672465974,0.0,0.0,0.0,0.0,0.0,0.0,0.0,0.0,0.0,0.0,0.0,0.0,0.0,0.0 
 07/21  11:31:00,28.5,44.50220118757108,31.864150605920134,44.50220118757108,0.0,0.0,31.864150605920134,0.0,0.0,0.0,0.0,0.0,0.0,0.0,0.0,0.0,0.0,0.0,0.0,0.0,0.0 
 07/21  11:32:00,28.5,44.513515728001266,31.883399632297763,44.513515728001266,0.0,0.0,31.883399632297763,0.0,0.0,0.0,0.0,0.0,0.0,0.0,0.0,0.0,0.0,0.0,0.0,0.0,0.0 
 07/21  11:33:00,28.5,44.52484122258212,31.90260212889824,44.52484122258212,0.0,0.0,31.90260212889824,0.0,0.0,0.0,0.0,0.0,0.0,0.0,0.0,0.0,0.0,0.0,0.0,0.0,0.0 
 07/21  11:34:00,28.5,44.53617776313797,31.92175819275898,44.53617776313797,0.0,0.0,31.92175819275898,0.0,0.0,0.0,0.0,0.0,0.0,0.0,0.0,0.0,0.0,0.0,0.0,0.0,0.0 
 07/21  11:35:00,28.5,44.547524386699656,31.940868109575586,44.547524386699656,0.0,0.0,31.940868109575586,0.0,0.0,0.0,0.0,0.0,0.0,0.0,0.0,0.0,0.0,0.0,0.0,0.0,0.0 
 07/21  11:36:00,28.5,44.558881173721446,31.959931926587334,44.558881173721446,0.0,0.0,31.959931926587334,0.0,0.0,0.0,0.0,0.0,0.0,0.0,0.0,0.0,0.0,0.0,0.0,0.0,0.0 
 07/21  11:37:00,28.5,44.570247216605836,31.978949765952336,44.570247216605836,0.0,0.0,31.978949765952336,0.0,0.0,0.0,0.0,0.0,0.0,0.0,0.0,0.0,0.0,0.0,0.0,0.0,0.0 
 07/21  11:38:00,28.5,44.581622561159236,31.997921589130144,44.581622561159236,0.0,0.0,31.997921589130144,0.0,0.0,0.0,0.0,0.0,0.0,0.0,0.0,0.0,0.0,0.0,0.0,0.0,0.0 
 07/21  11:39:00,28.5,44.59300633922705,32.01684747570134,44.59300633922705,0.0,0.0,32.01684747570134,0.0,0.0,0.0,0.0,0.0,0.0,0.0,0.0,0.0,0.0,0.0,0.0,0.0,0.0 
 07/21  11:40:00,28.5,44.60439854052836,32.0357272375621,44.60439854052836,0.0,0.0,32.0357272375621,0.0,0.0,0.0,0.0,0.0,0.0,0.0,0.0,0.0,0.0,0.0,0.0,0.0,0.0 
 07/21  11:41:00,28.5,44.615798324616385,32.05456087988765,44.615798324616385,0.0,0.0,32.05456087988765,0.0,0.0,0.0,0.0,0.0,0.0,0.0,0.0,0.0,0.0,0.0,0.0,0.0,0.0 
 07/21  11:42:00,28.5,44.62720560652382,32.07334817942671,44.62720560652382,0.0,0.0,32.07334817942671,0.0,0.0,0.0,0.0,0.0,0.0,0.0,0.0,0.0,0.0,0.0,0.0,0.0,0.0 
 07/21  11:43:00,28.5,44.63861956596875,32.092089008779034,44.63861956596875,0.0,0.0,32.092089008779034,0.0,0.0,0.0,0.0,0.0,0.0,0.0,0.0,0.0,0.0,0.0,0.0,0.0,0.0 
 07/21  11:44:00,28.5,44.65004002798044,32.11078308038921,44.65004002798044,0.0,0.0,32.11078308038921,0.0,0.0,0.0,0.0,0.0,0.0,0.0,0.0,0.0,0.0,0.0,0.0,0.0,0.0 
 07/21  11:45:00,28.5,44.661466188728674,32.12943024404281,44.661466188728674,0.0,0.0,32.12943024404281,0.0,0.0,0.0,0.0,0.0,0.0,0.0,0.0,0.0,0.0,0.0,0.0,0.0,0.0 
 07/21  11:46:00,28.5,44.67289777124864,32.148030095809446,44.67289777124864,0.0,0.0,32.148030095809446,0.0,0.0,0.0,0.0,0.0,0.0,0.0,0.0,0.0,0.0,0.0,0.0,0.0,0.0 
 07/21  11:47:00,28.5,44.68433398771396,32.16658243567556,44.68433398771396,0.0,0.0,32.16658243567556,0.0,0.0,0.0,0.0,0.0,0.0,0.0,0.0,0.0,0.0,0.0,0.0,0.0,0.0 
 07/21  11:48:00,28.5,44.695774450295595,32.18508684361544,44.695774450295595,0.0,0.0,32.18508684361544,0.0,0.0,0.0,0.0,0.0,0.0,0.0,0.0,0.0,0.0,0.0,0.0,0.0,0.0 
 07/21  11:49:00,28.5,44.70721838934476,32.20354302265286,44.70721838934476,0.0,0.0,32.20354302265286,0.0,0.0,0.0,0.0,0.0,0.0,0.0,0.0,0.0,0.0,0.0,0.0,0.0,0.0 
 07/21  11:50:00,28.5,44.71866530007506,32.221950511905106,44.71866530007506,0.0,0.0,32.221950511905106,0.0,0.0,0.0,0.0,0.0,0.0,0.0,0.0,0.0,0.0,0.0,0.0,0.0,0.0 
 07/21  11:51:00,28.5,44.73011443517031,32.24030901068244,44.73011443517031,0.0,0.0,32.24030901068244,0.0,0.0,0.0,0.0,0.0,0.0,0.0,0.0,0.0,0.0,0.0,0.0,0.0,0.0 
 07/21  11:52:00,28.5,44.74156516916722,32.25861797559596,44.74156516916722,0.0,0.0,32.25861797559596,0.0,0.0,0.0,0.0,0.0,0.0,0.0,0.0,0.0,0.0,0.0,0.0,0.0,0.0 
 07/21  11:53:00,28.5,44.75301678262926,32.27687707886273,44.75301678262926,0.0,0.0,32.27687707886273,0.0,0.0,0.0,0.0,0.0,0.0,0.0,0.0,0.0,0.0,0.0,0.0,0.0,0.0 
 07/21  11:54:00,28.5,44.76446852766217,32.29508577716849,44.76446852766217,0.0,0.0,32.29508577716849,0.0,0.0,0.0,0.0,0.0,0.0,0.0,0.0,0.0,0.0,0.0,0.0,0.0,0.0 
 07/21  11:55:00,28.5,44.77591971913817,32.31324367904902,44.77591971913817,0.0,0.0,32.31324367904902,0.0,0.0,0.0,0.0,0.0,0.0,0.0,0.0,0.0,0.0,0.0,0.0,0.0,0.0 
 07/21  11:56:00,28.5,44.78736948656188,32.33135022054854,44.78736948656188,0.0,0.0,32.33135022054854,0.0,0.0,0.0,0.0,0.0,0.0,0.0,0.0,0.0,0.0,0.0,0.0,0.0,0.0 
 07/21  11:57:00,28.5,44.798817186003944,32.34940502085326,44.798817186003944,0.0,0.0,32.34940502085326,0.0,0.0,0.0,0.0,0.0,0.0,0.0,0.0,0.0,0.0,0.0,0.0,0.0,0.0 
 07/21  11:58:00,28.5,44.81026182544076,32.36740746412568,44.81026182544076,0.0,0.0,32.36740746412568,0.0,0.0,0.0,0.0,0.0,0.0,0.0,0.0,0.0,0.0,0.0,0.0,0.0,0.0 
 07/21  11:59:00,28.5,44.8217028091545,32.38535716048747,44.8217028091545,0.0,0.0,32.38535716048747,0.0,0.0,0.0,0.0,0.0,0.0,0.0,0.0,0.0,0.0,0.0,0.0,0.0,0.0 
 07/21  12:00:00,28.5,44.833139025617655,32.403253505530564,44.833139025617655,0.0,0.0,32.403253505530564,0.0,0.0,0.0,0.0,0.0,0.0,0.0,0.0,0.0,0.0,0.0,0.0,0.0,0.0,88387200.0 
 07/21  12:01:00,28.8,44.84460113348409,32.421158287059924,44.84460113348409,0.0,0.0,32.421158287059924,0.0,0.0,0.0,0.0,0.0,0.0,0.0,0.0,0.0,0.0,0.0,0.0,0.0,0.0 
 07/21  12:02:00,28.8,44.85606925844316,32.43904644359678,44.85606925844316,0.0,0.0,32.43904644359678,0.0,0.0,0.0,0.0,0.0,0.0,0.0,0.0,0.0,0.0,0.0,0.0,0.0,0.0 
 07/21  12:03:00,28.8,44.8675256514919,32.4568903591981,44.8675256514919,0.0,0.0,32.4568903591981,0.0,0.0,0.0,0.0,0.0,0.0,0.0,0.0,0.0,0.0,0.0,0.0,0.0,0.0 
 07/21  12:04:00,28.8,44.87896319645724,32.474676527400156,44.87896319645724,0.0,0.0,32.474676527400156,0.0,0.0,0.0,0.0,0.0,0.0,0.0,0.0,0.0,0.0,0.0,0.0,0.0,0.0 
 07/21  12:05:00,28.8,44.890382679229965,32.49240141047683,44.890382679229965,0.0,0.0,32.49240141047683,0.0,0.0,0.0,0.0,0.0,0.0,0.0,0.0,0.0,0.0,0.0,0.0,0.0,0.0 
 07/21  12:06:00,28.8,44.901785741842694,32.510064855250114,44.901785741842694,0.0,0.0,32.510064855250114,0.0,0.0,0.0,0.0,0.0,0.0,0.0,0.0,0.0,0.0,0.0,0.0,0.0,0.0 
 07/21  12:07:00,28.8,44.913174554103065,32.52766741926219,44.913174554103065,0.0,0.0,32.52766741926219,0.0,0.0,0.0,0.0,0.0,0.0,0.0,0.0,0.0,0.0,0.0,0.0,0.0,0.0 
 07/21  12:08:00,28.8,44.9245490336423,32.545209130298446,44.9245490336423,0.0,0.0,32.545209130298446,0.0,0.0,0.0,0.0,0.0,0.0,0.0,0.0,0.0,0.0,0.0,0.0,0.0,0.0 
 07/21  12:09:00,28.8,44.935909685008596,32.562689943654426,44.935909685008596,0.0,0.0,32.562689943654426,0.0,0.0,0.0,0.0,0.0,0.0,0.0,0.0,0.0,0.0,0.0,0.0,0.0,0.0 
 07/21  12:10:00,28.8,44.947255251516864,32.58010948295352,44.947255251516864,0.0,0.0,32.58010948295352,0.0,0.0,0.0,0.0,0.0,0.0,0.0,0.0,0.0,0.0,0.0,0.0,0.0,0.0 
 07/21  12:11:00,28.8,44.958585817650025,32.59746762292461,44.958585817650025,0.0,0.0,32.59746762292461,0.0,0.0,0.0,0.0,0.0,0.0,0.0,0.0,0.0,0.0,0.0,0.0,0.0,0.0 
 07/21  12:12:00,28.8,44.96989981959196,32.614764077707285,44.96989981959196,0.0,0.0,32.614764077707285,0.0,0.0,0.0,0.0,0.0,0.0,0.0,0.0,0.0,0.0,0.0,0.0,0.0,0.0 
 07/21  12:13:00,28.8,44.981197322806,32.63199884929164,44.981197322806,0.0,0.0,32.63199884929164,0.0,0.0,0.0,0.0,0.0,0.0,0.0,0.0,0.0,0.0,0.0,0.0,0.0,0.0 
 07/21  12:14:00,28.8,44.992476598411216,32.64917178923605,44.992476598411216,0.0,0.0,32.64917178923605,0.0,0.0,0.0,0.0,0.0,0.0,0.0,0.0,0.0,0.0,0.0,0.0,0.0,0.0 
 07/21  12:15:00,28.8,45.00373773858124,32.666283035256605,45.00373773858124,0.0,0.0,32.666283035256605,0.0,0.0,0.0,0.0,0.0,0.0,0.0,0.0,0.0,0.0,0.0,0.0,0.0,0.0 
 07/21  12:16:00,28.8,45.014978886308285,32.683332550255834,45.014978886308285,0.0,0.0,32.683332550255834,0.0,0.0,0.0,0.0,0.0,0.0,0.0,0.0,0.0,0.0,0.0,0.0,0.0,0.0 
 07/21  12:17:00,28.8,45.02620019350124,32.70032057444249,45.02620019350124,0.0,0.0,32.70032057444249,0.0,0.0,0.0,0.0,0.0,0.0,0.0,0.0,0.0,0.0,0.0,0.0,0.0,0.0 
 07/21  12:18:00,28.8,45.03739971937872,32.71724716398362,45.03739971937872,0.0,0.0,32.71724716398362,0.0,0.0,0.0,0.0,0.0,0.0,0.0,0.0,0.0,0.0,0.0,0.0,0.0,0.0 
 07/21  12:19:00,28.8,45.04857770557821,32.73411263471491,45.04857770557821,0.0,0.0,32.73411263471491,0.0,0.0,0.0,0.0,0.0,0.0,0.0,0.0,0.0,0.0,0.0,0.0,0.0,0.0 
 07/21  12:20:00,28.8,45.059732165459224,32.75091710567574,45.059732165459224,0.0,0.0,32.75091710567574,0.0,0.0,0.0,0.0,0.0,0.0,0.0,0.0,0.0,0.0,0.0,0.0,0.0,0.0 
 07/21  12:21:00,28.8,45.070863449366946,32.76766094405112,45.070863449366946,0.0,0.0,32.76766094405112,0.0,0.0,0.0,0.0,0.0,0.0,0.0,0.0,0.0,0.0,0.0,0.0,0.0,0.0 
 07/21  12:22:00,28.8,45.08196955433095,32.7843443111266,45.08196955433095,0.0,0.0,32.7843443111266,0.0,0.0,0.0,0.0,0.0,0.0,0.0,0.0,0.0,0.0,0.0,0.0,0.0,0.0 
 07/21  12:23:00,28.8,45.093050949771445,32.8009676029281,45.093050949771445,0.0,0.0,32.8009676029281,0.0,0.0,0.0,0.0,0.0,0.0,0.0,0.0,0.0,0.0,0.0,0.0,0.0,0.0 
 07/21  12:24:00,28.8,45.10410563839149,32.81753100666118,45.10410563839149,0.0,0.0,32.81753100666118,0.0,0.0,0.0,0.0,0.0,0.0,0.0,0.0,0.0,0.0,0.0,0.0,0.0,0.0 
 07/21  12:25:00,28.8,45.11513421192591,32.83403494577581,45.11513421192591,0.0,0.0,32.83403494577581,0.0,0.0,0.0,0.0,0.0,0.0,0.0,0.0,0.0,0.0,0.0,0.0,0.0,0.0 
 07/21  12:26:00,28.8,45.12613469295301,32.850479631251815,45.12613469295301,0.0,0.0,32.850479631251815,0.0,0.0,0.0,0.0,0.0,0.0,0.0,0.0,0.0,0.0,0.0,0.0,0.0,0.0 
 07/21  12:27:00,28.8,45.137107792506,32.86686550749441,45.137107792506,0.0,0.0,32.86686550749441,0.0,0.0,0.0,0.0,0.0,0.0,0.0,0.0,0.0,0.0,0.0,0.0,0.0,0.0 
 07/21  12:28:00,28.8,45.14805156004721,32.88319282108008,45.14805156004721,0.0,0.0,32.88319282108008,0.0,0.0,0.0,0.0,0.0,0.0,0.0,0.0,0.0,0.0,0.0,0.0,0.0,0.0 
 07/21  12:29:00,28.8,45.158966818234035,32.899462042377095,45.158966818234035,0.0,0.0,32.899462042377095,0.0,0.0,0.0,0.0,0.0,0.0,0.0,0.0,0.0,0.0,0.0,0.0,0.0,0.0 
 07/21  12:30:00,28.8,45.169851645325195,32.915673447790574,45.169851645325195,0.0,0.0,32.915673447790574,0.0,0.0,0.0,0.0,0.0,0.0,0.0,0.0,0.0,0.0,0.0,0.0,0.0,0.0 
 07/21  12:31:00,28.8,45.18070696551548,32.931827552011626,45.18070696551548,0.0,0.0,32.931827552011626,0.0,0.0,0.0,0.0,0.0,0.0,0.0,0.0,0.0,0.0,0.0,0.0,0.0,0.0 
 07/21  12:32:00,28.8,45.19153088564035,32.947924670739944,45.19153088564035,0.0,0.0,32.947924670739944,0.0,0.0,0.0,0.0,0.0,0.0,0.0,0.0,0.0,0.0,0.0,0.0,0.0,0.0 
 07/21  12:33:00,28.8,45.202324421212516,32.96396535214852,45.202324421212516,0.0,0.0,32.96396535214852,0.0,0.0,0.0,0.0,0.0,0.0,0.0,0.0,0.0,0.0,0.0,0.0,0.0,0.0 
 07/21  12:34:00,28.8,45.21308570816491,32.97994996755752,45.21308570816491,0.0,0.0,32.97994996755752,0.0,0.0,0.0,0.0,0.0,0.0,0.0,0.0,0.0,0.0,0.0,0.0,0.0,0.0 
 07/21  12:35:00,28.8,45.223815844677524,32.995879103570566,45.223815844677524,0.0,0.0,32.995879103570566,0.0,0.0,0.0,0.0,0.0,0.0,0.0,0.0,0.0,0.0,0.0,0.0,0.0,0.0 
 07/21  12:36:00,28.8,45.23451299904238,33.01175316851068,45.23451299904238,0.0,0.0,33.01175316851068,0.0,0.0,0.0,0.0,0.0,0.0,0.0,0.0,0.0,0.0,0.0,0.0,0.0,0.0 
 07/21  12:37:00,28.8,45.24517834581059,33.02757280378654,45.24517834581059,0.0,0.0,33.02757280378654,0.0,0.0,0.0,0.0,0.0,0.0,0.0,0.0,0.0,0.0,0.0,0.0,0.0,0.0 
 07/21  12:38:00,28.8,45.25581009243678,33.04333845975832,45.25581009243678,0.0,0.0,33.04333845975832,0.0,0.0,0.0,0.0,0.0,0.0,0.0,0.0,0.0,0.0,0.0,0.0,0.0,0.0 
 07/21  12:39:00,28.8,45.26640948579416,33.059050807939784,45.26640948579416,0.0,0.0,33.059050807939784,0.0,0.0,0.0,0.0,0.0,0.0,0.0,0.0,0.0,0.0,0.0,0.0,0.0,0.0 
 07/21  12:40:00,28.8,45.27697478256827,33.07471035331275,45.27697478256827,0.0,0.0,33.07471035331275,0.0,0.0,0.0,0.0,0.0,0.0,0.0,0.0,0.0,0.0,0.0,0.0,0.0,0.0 
 07/21  12:41:00,28.8,45.28750729943198,33.09031779827283,45.28750729943198,0.0,0.0,33.09031779827283,0.0,0.0,0.0,0.0,0.0,0.0,0.0,0.0,0.0,0.0,0.0,0.0,0.0,0.0 
 07/21  12:42:00,28.8,45.29800535465402,33.10587367207612,45.29800535465402,0.0,0.0,33.10587367207612,0.0,0.0,0.0,0.0,0.0,0.0,0.0,0.0,0.0,0.0,0.0,0.0,0.0,0.0 
 07/21  12:43:00,28.8,45.30847033273615,33.121378722170164,45.30847033273615,0.0,0.0,33.121378722170164,0.0,0.0,0.0,0.0,0.0,0.0,0.0,0.0,0.0,0.0,0.0,0.0,0.0,0.0 
 07/21  12:44:00,28.8,45.31890062689239,33.13683350510307,45.31890062689239,0.0,0.0,33.13683350510307,0.0,0.0,0.0,0.0,0.0,0.0,0.0,0.0,0.0,0.0,0.0,0.0,0.0,0.0 
 07/21  12:45:00,28.8,45.329297687097664,33.152238781114484,45.329297687097664,0.0,0.0,33.152238781114484,0.0,0.0,0.0,0.0,0.0,0.0,0.0,0.0,0.0,0.0,0.0,0.0,0.0,0.0 
 07/21  12:46:00,28.8,45.33965999463653,33.167595147014964,45.33965999463653,0.0,0.0,33.167595147014964,0.0,0.0,0.0,0.0,0.0,0.0,0.0,0.0,0.0,0.0,0.0,0.0,0.0,0.0 
 07/21  12:47:00,28.8,45.34998906150118,33.182903377551426,45.34998906150118,0.0,0.0,33.182903377551426,0.0,0.0,0.0,0.0,0.0,0.0,0.0,0.0,0.0,0.0,0.0,0.0,0.0,0.0 
 07/21  12:48:00,28.8,45.360283468928586,33.198164075603366,45.360283468928586,0.0,0.0,33.198164075603366,0.0,0.0,0.0,0.0,0.0,0.0,0.0,0.0,0.0,0.0,0.0,0.0,0.0,0.0 
 07/21  12:49:00,28.8,45.37054478595898,33.21337804667652,45.37054478595898,0.0,0.0,33.21337804667652,0.0,0.0,0.0,0.0,0.0,0.0,0.0,0.0,0.0,0.0,0.0,0.0,0.0,0.0 
 07/21  12:50:00,28.8,45.380771703760985,33.22854590478201,45.380771703760985,0.0,0.0,33.22854590478201,0.0,0.0,0.0,0.0,0.0,0.0,0.0,0.0,0.0,0.0,0.0,0.0,0.0,0.0 
 07/21  12:51:00,28.8,45.39096584183516,33.24366845178472,45.39096584183516,0.0,0.0,33.24366845178472,0.0,0.0,0.0,0.0,0.0,0.0,0.0,0.0,0.0,0.0,0.0,0.0,0.0,0.0 
 07/21  12:52:00,28.8,45.40112600905434,33.258746327914004,45.40112600905434,0.0,0.0,33.258746327914004,0.0,0.0,0.0,0.0,0.0,0.0,0.0,0.0,0.0,0.0,0.0,0.0,0.0,0.0 
 07/21  12:53:00,28.8,45.41125386731766,33.273780335137594,45.41125386731766,0.0,0.0,33.273780335137594,0.0,0.0,0.0,0.0,0.0,0.0,0.0,0.0,0.0,0.0,0.0,0.0,0.0,0.0 
 07/21  12:54:00,28.8,45.42134834874814,33.288771104454625,45.42134834874814,0.0,0.0,33.288771104454625,0.0,0.0,0.0,0.0,0.0,0.0,0.0,0.0,0.0,0.0,0.0,0.0,0.0,0.0 
 07/21  12:55:00,28.8,45.43141114840687,33.30371945593547,45.43141114840687,0.0,0.0,33.30371945593547,0.0,0.0,0.0,0.0,0.0,0.0,0.0,0.0,0.0,0.0,0.0,0.0,0.0,0.0 
 07/21  12:56:00,28.8,45.441441325145355,33.318626018216875,45.441441325145355,0.0,0.0,33.318626018216875,0.0,0.0,0.0,0.0,0.0,0.0,0.0,0.0,0.0,0.0,0.0,0.0,0.0,0.0 
 07/21  12:57:00,28.8,45.451440597136624,33.33349159445981,45.451440597136624,0.0,0.0,33.33349159445981,0.0,0.0,0.0,0.0,0.0,0.0,0.0,0.0,0.0,0.0,0.0,0.0,0.0,0.0 
 07/21  12:58:00,28.8,45.4614081516147,33.34831682757081,45.4614081516147,0.0,0.0,33.34831682757081,0.0,0.0,0.0,0.0,0.0,0.0,0.0,0.0,0.0,0.0,0.0,0.0,0.0,0.0 
 07/21  12:59:00,28.8,45.47134571935757,33.363102509231865,45.47134571935757,0.0,0.0,33.363102509231865,0.0,0.0,0.0,0.0,0.0,0.0,0.0,0.0,0.0,0.0,0.0,0.0,0.0,0.0 
 07/21  13:00:00,28.8,45.48125261607734,33.37784926128186,45.48125261607734,0.0,0.0,33.37784926128186,0.0,0.0,0.0,0.0,0.0,0.0,0.0,0.0,0.0,0.0,0.0,0.0,0.0,0.0,88387200.0 
 07/21  13:01:00,29.1,45.491161280639,33.39261930481106,45.491161280639,0.0,0.0,33.39261930481106,0.0,0.0,0.0,0.0,0.0,0.0,0.0,0.0,0.0,0.0,0.0,0.0,0.0,0.0 
 07/21  13:02:00,29.1,45.50105280343773,33.407389146603236,45.50105280343773,0.0,0.0,33.407389146603236,0.0,0.0,0.0,0.0,0.0,0.0,0.0,0.0,0.0,0.0,0.0,0.0,0.0,0.0 
 07/21  13:03:00,29.1,45.510911912057885,33.42213272325641,45.510911912057885,0.0,0.0,33.42213272325641,0.0,0.0,0.0,0.0,0.0,0.0,0.0,0.0,0.0,0.0,0.0,0.0,0.0,0.0 
 07/21  13:04:00,29.1,45.52073248980403,33.43683794993776,45.52073248980403,0.0,0.0,33.43683794993776,0.0,0.0,0.0,0.0,0.0,0.0,0.0,0.0,0.0,0.0,0.0,0.0,0.0,0.0 
 07/21  13:05:00,29.1,45.53051741948063,33.451502480215844,45.53051741948063,0.0,0.0,33.451502480215844,0.0,0.0,0.0,0.0,0.0,0.0,0.0,0.0,0.0,0.0,0.0,0.0,0.0,0.0 
 07/21  13:06:00,29.1,45.54026943483953,33.466127349052705,45.54026943483953,0.0,0.0,33.466127349052705,0.0,0.0,0.0,0.0,0.0,0.0,0.0,0.0,0.0,0.0,0.0,0.0,0.0,0.0 
 07/21  13:07:00,29.1,45.549992681627444,33.48071425636971,45.549992681627444,0.0,0.0,33.48071425636971,0.0,0.0,0.0,0.0,0.0,0.0,0.0,0.0,0.0,0.0,0.0,0.0,0.0,0.0 
 07/21  13:08:00,29.1,45.559688420699196,33.49526438283427,45.559688420699196,0.0,0.0,33.49526438283427,0.0,0.0,0.0,0.0,0.0,0.0,0.0,0.0,0.0,0.0,0.0,0.0,0.0,0.0 
 07/21  13:09:00,29.1,45.56935904501147,33.509778764148166,45.56935904501147,0.0,0.0,33.509778764148166,0.0,0.0,0.0,0.0,0.0,0.0,0.0,0.0,0.0,0.0,0.0,0.0,0.0,0.0 
 07/21  13:10:00,29.1,45.57900487388294,33.52425816235773,45.57900487388294,0.0,0.0,33.52425816235773,0.0,0.0,0.0,0.0,0.0,0.0,0.0,0.0,0.0,0.0,0.0,0.0,0.0,0.0 
 07/21  13:11:00,29.1,45.58862775898713,33.53870346563285,45.58862775898713,0.0,0.0,33.53870346563285,0.0,0.0,0.0,0.0,0.0,0.0,0.0,0.0,0.0,0.0,0.0,0.0,0.0,0.0 
 07/21  13:12:00,29.1,45.59822792175599,33.55311543326463,45.59822792175599,0.0,0.0,33.55311543326463,0.0,0.0,0.0,0.0,0.0,0.0,0.0,0.0,0.0,0.0,0.0,0.0,0.0,0.0 
 07/21  13:13:00,29.1,45.60780705556799,33.5674950225064,45.60780705556799,0.0,0.0,33.5674950225064,0.0,0.0,0.0,0.0,0.0,0.0,0.0,0.0,0.0,0.0,0.0,0.0,0.0,0.0 
 07/21  13:14:00,29.1,45.61736541314314,33.58184304396181,45.61736541314314,0.0,0.0,33.58184304396181,0.0,0.0,0.0,0.0,0.0,0.0,0.0,0.0,0.0,0.0,0.0,0.0,0.0,0.0 
 07/21  13:15:00,29.1,45.62690456372203,33.59616048086698,45.62690456372203,0.0,0.0,33.59616048086698,0.0,0.0,0.0,0.0,0.0,0.0,0.0,0.0,0.0,0.0,0.0,0.0,0.0,0.0 
 07/21  13:16:00,29.1,45.63642481466384,33.61044818623254,45.63642481466384,0.0,0.0,33.61044818623254,0.0,0.0,0.0,0.0,0.0,0.0,0.0,0.0,0.0,0.0,0.0,0.0,0.0,0.0 
 07/21  13:17:00,29.1,45.64592763290886,33.624707152706556,45.64592763290886,0.0,0.0,33.624707152706556,0.0,0.0,0.0,0.0,0.0,0.0,0.0,0.0,0.0,0.0,0.0,0.0,0.0,0.0 
 07/21  13:18:00,29.1,45.65541340843028,33.63893822434881,45.65541340843028,0.0,0.0,33.63893822434881,0.0,0.0,0.0,0.0,0.0,0.0,0.0,0.0,0.0,0.0,0.0,0.0,0.0,0.0 
 07/21  13:19:00,29.1,45.66488352505877,33.65314239652502,45.66488352505877,0.0,0.0,33.65314239652502,0.0,0.0,0.0,0.0,0.0,0.0,0.0,0.0,0.0,0.0,0.0,0.0,0.0,0.0 
 07/21  13:20:00,29.1,45.67433847498202,33.667320491692735,45.67433847498202,0.0,0.0,33.667320491692735,0.0,0.0,0.0,0.0,0.0,0.0,0.0,0.0,0.0,0.0,0.0,0.0,0.0,0.0 
 07/21  13:21:00,29.1,45.68377956824355,33.68147346074574,45.68377956824355,0.0,0.0,33.68147346074574,0.0,0.0,0.0,0.0,0.0,0.0,0.0,0.0,0.0,0.0,0.0,0.0,0.0,0.0 
 07/21  13:22:00,29.1,45.69320740981073,33.695602097214184,45.69320740981073,0.0,0.0,33.695602097214184,0.0,0.0,0.0,0.0,0.0,0.0,0.0,0.0,0.0,0.0,0.0,0.0,0.0,0.0 
 07/21  13:23:00,29.1,45.70262323859399,33.7097072967354,45.70262323859399,0.0,0.0,33.7097072967354,0.0,0.0,0.0,0.0,0.0,0.0,0.0,0.0,0.0,0.0,0.0,0.0,0.0,0.0 
 07/21  13:24:00,29.1,45.71202777609023,33.72378978525797,45.71202777609023,0.0,0.0,33.72378978525797,0.0,0.0,0.0,0.0,0.0,0.0,0.0,0.0,0.0,0.0,0.0,0.0,0.0,0.0 
 07/21  13:25:00,29.1,45.721422188190694,33.737850403063845,45.721422188190694,0.0,0.0,33.737850403063845,0.0,0.0,0.0,0.0,0.0,0.0,0.0,0.0,0.0,0.0,0.0,0.0,0.0,0.0 
 07/21  13:26:00,29.1,41.812949568067225,33.75188980618867,41.812949568067225,0.0,69417.19209327524,33.75188980618867,0.0,0.0,0.10812304354972657,0.10812304354972657,0.0,0.0,0.10812304354972657,0.0,0.0,0.0,0.0,0.0,0.0,0.0 
 07/21  13:27:00,32.3,37.85246107288998,33.766192327572725,37.85246107288998,0.0,40665.62576708192,33.766192327572725,0.0,0.0,0.10812304354972657,0.10812304354972657,0.0,0.0,0.10812304354972657,0.0,0.0,0.0,0.0,0.0,0.0,0.0 
 07/21  13:28:00,32.36,36.032727050266665,33.780658901828154,36.032727050266665,0.0,27357.915330600037,33.780658901828154,0.0,0.0,0.10812304354972657,0.10812304354972657,0.0,0.0,0.10812304354972657,0.0,0.0,0.0,0.0,0.0,0.0,0.0 
 07/21  13:29:00,32.36,35.81282008192842,33.79516257158039,35.81282008192842,0.0,25554.993778878772,33.79516257158039,0.0,0.0,0.10812304354972657,0.10812304354972657,0.0,0.0,0.10812304354972657,0.0,0.0,0.0,0.0,0.0,0.0,0.0 
 07/21  13:30:00,32.41,36.05005727806305,33.809649667588644,36.05005727806305,0.0,27115.233209434256,33.809649667588644,0.0,0.0,0.10812304354972657,0.10812304354972657,0.0,0.0,0.10812304354972657,0.0,0.0,0.0,0.0,0.0,0.0,0.0 
 07/21  13:31:00,32.45,36.16823713008945,33.824107814333786,36.16823713008945,0.0,27923.788400133963,33.824107814333786,0.0,0.0,0.10812304354972657,0.10812304354972657,0.0,0.0,0.10812304354972657,0.0,0.0,0.0,0.0,0.0,0.0,0.0 
 07/21  13:32:00,32.44,36.12450091207284,33.838530260564575,36.12450091207284,0.0,27625.11726469631,33.838530260564575,0.0,0.0,0.10812304354972657,0.10812304354972657,0.0,0.0,0.10812304354972657,0.0,0.0,0.0,0.0,0.0,0.0,0.0 
 07/21  13:33:00,32.4,35.606753001912885,33.85291032892591,35.606753001912885,0.0,35501.40388519507,33.85291032892591,0.0,0.0,0.10812304354972657,0.10812304354972657,0.0,0.0,0.10812304354972657,0.0,0.0,0.0,0.0,0.0,0.0,0.0 
 07/21  13:34:00,32.35,34.55786898120271,33.86724391422942,34.55786898120271,0.0,43497.72947980954,33.86724391422942,0.0,0.0,0.10812304354972657,0.10812304354972657,0.0,0.0,0.10812304354972657,0.0,0.0,0.0,0.0,0.0,0.0,0.0 
 07/21  13:35:00,32.23,33.44429847927345,33.88151803322426,33.44429847927345,0.0,45063.98943744302,33.88151803322426,0.0,0.0,0.10812304354972657,0.10812304354972657,0.0,0.0,0.10812304354972657,0.0,0.0,0.0,0.0,0.0,0.0,0.0 
 07/21  13:36:00,32.12,32.64183289469223,33.89572815625648,32.64183289469223,0.0,44375.26095664302,33.89572815625648,0.0,0.0,0.10812304354972657,0.10812304354972657,0.0,0.0,0.10812304354972657,0.0,0.0,0.0,0.0,0.0,0.0,0.0 
 07/21  13:37:00,32.12,32.12767224918348,33.90989517380919,32.12767224918348,0.0,45210.2452662864,33.90989517380919,0.0,0.0,0.10812304354972657,0.10812304354972657,0.0,0.0,0.10812304354972657,0.0,0.0,0.0,0.0,0.0,0.0,0.0 
 07/21  13:38:00,32.16,31.7781784166473,33.924041245867684,31.7781784166473,0.0,45744.97470622492,33.924041245867684,0.0,0.0,0.10812304354972657,0.10812304354972657,0.0,0.0,0.10812304354972657,0.0,0.0,0.0,0.0,0.0,0.0,0.0 
 07/21  13:39:00,32.27,31.0384484598634,33.93819011038702,31.0384484598634,0.0,55669.930659654216,33.93819011038702,0.0,0.0,0.10812304354972657,0.10812304354972657,0.0,0.0,0.10812304354972657,0.0,0.0,0.0,0.0,0.0,0.0,0.0 
 07/21  13:40:00,32.29,29.88280026027375,33.95233674754896,29.88280026027375,0.0,62625.04185098979,33.95233674754896,0.0,0.0,0.10812304354972657,0.10812304354972657,0.0,0.0,0.10812304354972657,0.0,0.0,0.0,0.0,0.0,0.0,0.0 
 07/21  13:41:00,32.48,28.957556795064423,33.9665052739579,28.957556795064423,0.0,59725.694643182054,33.9665052739579,0.0,0.0,0.10812304354972657,0.10812304354972657,0.0,0.0,0.10812304354972657,0.0,0.0,0.0,0.0,0.0,0.0,0.0 
 07/21  13:42:00,32.59,28.454943210511825,33.98069743620431,28.454943210511825,0.0,58442.27131005398,33.98069743620431,0.0,0.0,0.10812304354972657,0.10812304354972657,0.0,0.0,0.10812304354972657,0.0,0.0,0.0,0.0,0.0,0.0,0.0 
 07/21  13:43:00,32.62,28.230273459033587,33.99489598425591,28.230273459033587,0.0,58077.555670144124,33.99489598425591,0.0,0.0,0.10812304354972657,0.10812304354972657,0.0,0.0,0.10812304354972657,0.0,0.0,0.0,0.0,0.0,0.0,0.0 
 07/21  13:44:00,32.44,28.087915244222245,34.00905244425367,28.087915244222245,0.0,58261.12711059886,34.00905244425367,0.0,0.0,0.10812304354972657,0.10812304354972657,0.0,0.0,0.10812304354972657,0.0,0.0,0.0,0.0,0.0,0.0,0.0 
 07/21  13:45:00,32.33,27.962586879144872,34.023153891152184,27.962586879144872,0.0,57759.072506784345,34.023153891152184,0.0,0.0,0.10812304354972657,0.10812304354972657,0.0,0.0,0.10812304354972657,0.0,0.0,0.0,0.0,0.0,0.0,0.0 
 07/21  13:46:00,32.39,27.84105548448427,34.037233534135865,27.84105548448427,0.0,57415.64828272552,34.037233534135865,0.0,0.0,0.10812304354972657,0.10812304354972657,0.0,0.0,0.10812304354972657,0.0,0.0,0.0,0.0,0.0,0.0,0.0 
 07/21  13:47:00,32.47,27.70532542411653,34.05131960360696,27.70532542411653,0.0,57510.54603877581,34.05131960360696,0.0,0.0,0.10812304354972657,0.10812304354972657,0.0,0.0,0.10812304354972657,0.0,0.0,0.0,0.0,0.0,0.0,0.0 
 07/21  13:48:00,32.62,27.56690978419021,34.06543728133847,27.56690978419021,0.0,57321.20489313918,34.06543728133847,0.0,0.0,0.10812304354972657,0.10812304354972657,0.0,0.0,0.10812304354972657,0.0,0.0,0.0,0.0,0.0,0.0,0.0 
 07/21  13:49:00,32.52,27.44334273477422,34.07955255099623,27.44334273477422,0.0,56964.373996708266,34.07955255099623,0.0,0.0,0.10812304354972657,0.10812304354972657,0.0,0.0,0.10812304354972657,0.0,0.0,0.0,0.0,0.0,0.0,0.0 
 07/21  13:50:00,32.6,27.32018821692612,34.093673078713216,27.32018821692612,0.0,57009.886583546766,34.093673078713216,0.0,0.0,0.10812304354972657,0.10812304354972657,0.0,0.0,0.10812304354972657,0.0,0.0,0.0,0.0,0.0,0.0,0.0 
 07/21  13:51:00,32.58,27.213974850277715,34.107792638779756,27.213974850277715,0.0,56502.23985355201,34.107792638779756,0.0,0.0,0.10812304354972657,0.10812304354972657,0.0,0.0,0.10812304354972657,0.0,0.0,0.0,0.0,0.0,0.0,0.0 
 07/21  13:52:00,32.61,27.116594830623654,34.121915840410026,27.116594830623654,0.0,56319.8214481281,34.121915840410026,0.0,0.0,0.10812304354972657,0.10812304354972657,0.0,0.0,0.10812304354972657,0.0,0.0,0.0,0.0,0.0,0.0,0.0 
 07/21  13:53:00,32.69,27.017172767295655,34.13605674336827,27.017172767295655,0.0,56190.407942217484,34.13605674336827,0.0,0.0,0.10812304354972657,0.10812304354972657,0.0,0.0,0.10812304354972657,0.0,0.0,0.0,0.0,0.0,0.0,0.0 
 07/21  13:54:00,32.79,26.918687784086924,34.150227500113296,26.918687784086924,0.0,55934.04516315936,34.150227500113296,0.0,0.0,0.10812304354972657,0.10812304354972657,0.0,0.0,0.10812304354972657,0.0,0.0,0.0,0.0,0.0,0.0,0.0 
 07/21  13:55:00,32.74,26.825680413731924,34.16440650428661,26.825680413731924,0.0,55647.569442704036,34.16440650428661,0.0,0.0,0.10812304354972657,0.10812304354972657,0.0,0.0,0.10812304354972657,0.0,0.0,0.0,0.0,0.0,0.0,0.0 
 07/21  13:56:00,32.75,26.730583746132503,34.178589555927225,26.730583746132503,0.0,55546.976744037565,34.178589555927225,0.0,0.0,0.10812304354972657,0.10812304354972657,0.0,0.0,0.10812304354972657,0.0,0.0,0.0,0.0,0.0,0.0,0.0 
 07/21  13:57:00,32.65,26.631011088341292,34.192758827346246,26.631011088341292,0.0,55416.576035962,34.192758827346246,0.0,0.0,0.10812304354972657,0.10812304354972657,0.0,0.0,0.10812304354972657,0.0,0.0,0.0,0.0,0.0,0.0,0.0 
 07/21  13:58:00,32.59,26.54358411971504,34.2069120962921,26.54358411971504,0.0,54967.473912737754,34.2069120962921,0.0,0.0,0.10812304354972657,0.10812304354972657,0.0,0.0,0.10812304354972657,0.0,0.0,0.0,0.0,0.0,0.0,0.0 
 07/21  13:59:00,32.54,26.450863858353145,34.22105413118,26.450863858353145,0.0,55015.90537728815,34.22105413118,0.0,0.0,0.10812304354972657,0.10812304354972657,0.0,0.0,0.10812304354972657,0.0,0.0,0.0,0.0,0.0,0.0,0.0 
 07/21  14:00:00,32.57,26.368466317082095,34.23520369292963,26.368466317082095,0.0,54533.701603300986,34.23520369292963,0.0,0.0,0.10812304354972657,0.10812304354972657,0.0,0.0,0.10812304354972657,0.0,0.0,0.0,0.0,0.0,0.0,0.0,88387200.0 
 07/21  14:01:00,32.54,26.29536155987429,34.24936143459377,26.29536155987429,0.0,54246.58478824077,34.24936143459377,0.0,0.0,0.10812304354972657,0.10812304354972657,0.0,0.0,0.10812304354972657,0.0,0.0,0.0,0.0,0.0,0.0,0.0 
 07/21  14:02:00,32.72,26.228346913302197,34.26356292255216,26.228346913302197,0.0,53933.43154324748,34.26356292255216,0.0,0.0,0.10812304354972657,0.10812304354972657,0.0,0.0,0.10812304354972657,0.0,0.0,0.0,0.0,0.0,0.0,0.0 
 07/21  14:03:00,32.68,26.16148963470161,34.2777904148264,26.16148963470161,0.0,53687.92952824426,34.2777904148264,0.0,0.0,0.10812304354972657,0.10812304354972657,0.0,0.0,0.10812304354972657,0.0,0.0,0.0,0.0,0.0,0.0,0.0 
 07/21  14:04:00,32.63,26.083696213690782,34.29202462646851,26.083696213690782,0.0,53635.99086660871,34.29202462646851,0.0,0.0,0.10812304354972657,0.10812304354972657,0.0,0.0,0.10812304354972657,0.0,0.0,0.0,0.0,0.0,0.0,0.0 
 07/21  14:05:00,32.64,26.012838268242742,34.306268020066234,26.012838268242742,0.0,53164.05728404271,34.306268020066234,0.0,0.0,0.10812304354972657,0.10812304354972657,0.0,0.0,0.10812304354972657,0.0,0.0,0.0,0.0,0.0,0.0,0.0 
 07/21  14:06:00,32.63,25.944958920091434,34.32052226685549,25.944958920091434,0.0,52978.35226942126,34.32052226685549,0.0,0.0,0.10812304354972657,0.10812304354972657,0.0,0.0,0.10812304354972657,0.0,0.0,0.0,0.0,0.0,0.0,0.0 
 07/21  14:07:00,32.61,25.88022271952668,34.33478645594994,25.88022271952668,0.0,52680.384203955895,34.33478645594994,0.0,0.0,0.10812304354972657,0.10812304354972657,0.0,0.0,0.10812304354972657,0.0,0.0,0.0,0.0,0.0,0.0,0.0 
 07/21  14:08:00,32.66,25.81821289392646,34.34907262275682,25.81821289392646,0.0,52400.574091972434,34.34907262275682,0.0,0.0,0.10812304354972657,0.10812304354972657,0.0,0.0,0.10812304354972657,0.0,0.0,0.0,0.0,0.0,0.0,0.0 
 07/21  14:09:00,32.69,25.740966493654636,34.363384876274175,25.740966493654636,0.0,52485.47817675421,34.363384876274175,0.0,0.0,0.10812304354972657,0.10812304354972657,0.0,0.0,0.10812304354972657,0.0,0.0,0.0,0.0,0.0,0.0,0.0 
 07/21  14:10:00,32.72,25.66988845989905,34.37772340662495,25.66988845989905,0.0,52012.08437526922,34.37772340662495,0.0,0.0,0.10812304354972657,0.10812304354972657,0.0,0.0,0.10812304354972657,0.0,0.0,0.0,0.0,0.0,0.0,0.0 
 07/21  14:11:00,32.79,25.58644424797449,34.39209471846291,25.58644424797449,0.0,52188.90914487479,34.39209471846291,0.0,0.0,0.10812304354972657,0.10812304354972657,0.0,0.0,0.10812304354972657,0.0,0.0,0.0,0.0,0.0,0.0,0.0 
 07/21  14:12:00,32.82,25.527235144566244,34.40649518495444,25.527235144566244,0.0,51394.973224759255,34.40649518495444,0.0,0.0,0.10812304354972657,0.10812304354972657,0.0,0.0,0.10812304354972657,0.0,0.0,0.0,0.0,0.0,0.0,0.0 
 07/21  14:13:00,32.74,25.469727067090385,34.42090110284025,25.469727067090385,0.0,51411.53615476128,34.42090110284025,0.0,0.0,0.10812304354972657,0.10812304354972657,0.0,0.0,0.10812304354972657,0.0,0.0,0.0,0.0,0.0,0.0,0.0 
 07/21  14:14:00,32.69,25.41510086375333,34.43530367570098,25.41510086375333,0.0,51047.70658042443,34.43530367570098,0.0,0.0,0.10812304354972657,0.10812304354972657,0.0,0.0,0.10812304354972657,0.0,0.0,0.0,0.0,0.0,0.0,0.0 
 07/21  14:15:00,32.72,25.36763351101184,34.44971629325581,25.36763351101184,0.0,50664.95795814006,34.44971629325581,0.0,0.0,0.10812304354972657,0.10812304354972657,0.0,0.0,0.10812304354972657,0.0,0.0,0.0,0.0,0.0,0.0,0.0 
 07/21  14:16:00,32.74,25.31187992007087,34.46414687240048,25.31187992007087,0.0,50626.61313487711,34.46414687240048,0.0,0.0,0.10812304354972657,0.10812304354972657,0.0,0.0,0.10812304354972657,0.0,0.0,0.0,0.0,0.0,0.0,0.0 
 07/21  14:17:00,32.76,25.261731377326992,34.478597702217634,25.261731377326992,0.0,50159.41729104533,34.478597702217634,0.0,0.0,0.10812304354972657,0.10812304354972657,0.0,0.0,0.10812304354972657,0.0,0.0,0.0,0.0,0.0,0.0,0.0 
 07/21  14:18:00,32.82,25.210345349659374,34.49307553030445,25.210345349659374,0.0,50016.9688107898,34.49307553030445,0.0,0.0,0.10812304354972657,0.10812304354972657,0.0,0.0,0.10812304354972657,0.0,0.0,0.0,0.0,0.0,0.0,0.0 
 07/21  14:19:00,32.75,25.144555934777227,34.50756003090052,25.144555934777227,0.0,50044.98816411301,34.50756003090052,0.0,0.0,0.10812304354972657,0.10812304354972657,0.0,0.0,0.10812304354972657,0.0,0.0,0.0,0.0,0.0,0.0,0.0 
 07/21  14:20:00,32.68,25.073519819910732,34.522036909411035,25.073519819910732,0.0,49838.27350111919,34.522036909411035,0.0,0.0,0.10812304354972657,0.10812304354972657,0.0,0.0,0.10812304354972657,0.0,0.0,0.0,0.0,0.0,0.0,0.0 
 07/21  14:21:00,32.65,25.011725277238074,34.53650805140137,25.011725277238074,0.0,49493.31103024344,34.53650805140137,0.0,0.0,0.10812304354972657,0.10812304354972657,0.0,0.0,0.10812304354972657,0.0,0.0,0.0,0.0,0.0,0.0,0.0 
 07/21  14:22:00,32.7,24.96731466067313,34.55099146553134,24.96731466067313,0.0,49064.32639290089,34.55099146553134,0.0,0.0,0.10812304354972657,0.10812304354972657,0.0,0.0,0.10812304354972657,0.0,0.0,0.0,0.0,0.0,0.0,0.0 
 07/21  14:23:00,32.61,24.934692961062932,34.5654722851419,24.934692961062932,0.0,48713.85285049235,34.5654722851419,0.0,0.0,0.10812304354972657,0.10812304354972657,0.0,0.0,0.10812304354972657,0.0,0.0,0.0,0.0,0.0,0.0,0.0 
 07/21  14:24:00,32.53,24.884639509890643,34.5799393770956,24.884639509890643,0.0,48846.666143854854,34.5799393770956,0.0,0.0,0.10812304354972657,0.10812304354972657,0.0,0.0,0.10812304354972657,0.0,0.0,0.0,0.0,0.0,0.0,0.0 
 07/21  14:25:00,32.6,24.82575994342008,34.59441553019921,24.82575994342008,0.0,48587.71757859427,34.59441553019921,0.0,0.0,0.10812304354972657,0.10812304354972657,0.0,0.0,0.10812304354972657,0.0,0.0,0.0,0.0,0.0,0.0,0.0 
 07/21  14:26:00,32.68,24.761460973382906,34.60891821708524,24.761460973382906,0.0,48492.47118156133,34.60891821708524,0.0,0.0,0.10812304354972657,0.10812304354972657,0.0,0.0,0.10812304354972657,0.0,0.0,0.0,0.0,0.0,0.0,0.0 
 07/21  14:27:00,32.68,24.69924172024528,34.623438888584715,24.69924172024528,0.0,48277.88054918202,34.623438888584715,0.0,0.0,0.10812304354972657,0.10812304354972657,0.0,0.0,0.10812304354972657,0.0,0.0,0.0,0.0,0.0,0.0,0.0 
 07/21  14:28:00,32.75,24.6409441865221,34.63798078453728,24.6409441865221,0.0,48089.4052964113,34.63798078453728,0.0,0.0,0.10812304354972657,0.10812304354972657,0.0,0.0,0.10812304354972657,0.0,0.0,0.0,0.0,0.0,0.0,0.0 
 07/21  14:29:00,32.66,24.59207010470663,34.652517559757094,24.59207010470663,0.0,47763.89489471549,34.652517559757094,0.0,0.0,0.10812304354972657,0.10812304354972657,0.0,0.0,0.10812304354972657,0.0,0.0,0.0,0.0,0.0,0.0,0.0 
 07/21  14:30:00,32.71,24.531674834496556,34.667056856599054,24.531674834496556,0.0,47894.43239496424,34.667056856599054,0.0,0.0,0.10812304354972657,0.10812304354972657,0.0,0.0,0.10812304354972657,0.0,0.0,0.0,0.0,0.0,0.0,0.0 
 07/21  14:31:00,32.78,24.475020684249564,34.681611102234854,24.475020684249564,0.0,47517.10970988451,34.681611102234854,0.0,0.0,0.10812304354972657,0.10812304354972657,0.0,0.0,0.10812304354972657,0.0,0.0,0.0,0.0,0.0,0.0,0.0 
 07/21  14:32:00,32.67,24.44105589531922,34.69615295056145,24.44105589531922,0.0,46957.90762156979,34.69615295056145,0.0,0.0,0.10812304354972657,0.10812304354972657,0.0,0.0,0.10812304354972657,0.0,0.0,0.0,0.0,0.0,0.0,0.0 
 07/21  14:33:00,32.58,24.385372333529826,34.71066602854034,24.385372333529826,0.0,47386.21317690445,34.71066602854034,0.0,0.0,0.10812304354972657,0.10812304354972657,0.0,0.0,0.10812304354972657,0.0,0.0,0.0,0.0,0.0,0.0,0.0 
 07/21  14:34:00,32.61,24.331416319078922,34.72516619373022,24.331416319078922,0.0,46893.66784391756,34.72516619373022,0.0,0.0,0.10812304354972657,0.10812304354972657,0.0,0.0,0.10812304354972657,0.0,0.0,0.0,0.0,0.0,0.0,0.0 
 07/21  14:35:00,32.55,24.285453338376577,34.73964922635496,24.285453338376577,0.0,46654.14547744951,34.73964922635496,0.0,0.0,0.10812304354972657,0.10812304354972657,0.0,0.0,0.10812304354972657,0.0,0.0,0.0,0.0,0.0,0.0,0.0 
 07/21  14:36:00,32.57,24.23938408551903,34.75412315044679,24.23938408551903,0.0,46547.108783574375,34.75412315044679,0.0,0.0,0.10812304354972657,0.10812304354972657,0.0,0.0,0.10812304354972657,0.0,0.0,0.0,0.0,0.0,0.0,0.0 
 07/21  14:37:00,32.57,24.189460366579777,34.76858892474969,24.189460366579777,0.0,46414.40321614676,34.76858892474969,0.0,0.0,0.10812304354972657,0.10812304354972657,0.0,0.0,0.10812304354972657,0.0,0.0,0.0,0.0,0.0,0.0,0.0 
 07/21  14:38:00,32.49,24.1465564123089,34.78302954412795,24.1465564123089,0.0,46062.060838668265,34.78302954412795,0.0,0.0,0.10812304354972657,0.10812304354972657,0.0,0.0,0.10812304354972657,0.0,0.0,0.0,0.0,0.0,0.0,0.0 
 07/21  14:39:00,32.65,24.076523327213373,34.797476120671824,24.076523327213373,0.0,46527.99899897693,34.797476120671824,0.0,0.0,0.10812304354972657,0.10812304354972657,0.0,0.0,0.10812304354972657,0.0,0.0,0.0,0.0,0.0,0.0,0.0 
 07/21  14:40:00,32.62,24.012211343525184,34.81191298187989,24.012211343525184,0.0,46033.08769632122,34.81191298187989,0.0,0.0,0.10812304354972657,0.10812304354972657,0.0,0.0,0.10812304354972657,0.0,0.0,0.0,0.0,0.0,0.0,0.0 
 07/21  14:41:00,32.62,23.994354360923495,34.82632938071797,23.994354360923495,0.0,45114.98588652862,34.82632938071797,0.0,0.0,0.10812304354972657,0.10812304354972657,0.0,0.0,0.10812304354972657,0.0,0.0,0.0,0.0,0.0,0.0,0.0 
 07/21  14:42:00,32.54,23.97770758321577,34.84071179913288,23.97770758321577,0.0,45270.48919322385,34.84071179913288,0.0,0.0,0.10812304354972657,0.10812304354972657,0.0,0.0,0.10812304354972657,0.0,0.0,0.0,0.0,0.0,0.0,0.0 
 07/21  14:43:00,32.48,23.973233806017245,34.85505882579167,23.973233806017245,0.0,44574.709855616544,34.85505882579167,0.0,0.0,0.10812304354972657,0.10812304354972657,0.0,0.0,0.10812304354972657,0.0,0.0,0.0,0.0,0.0,0.0,0.0 
 07/21  14:44:00,32.4,23.959322981726707,34.869369573340066,23.959322981726707,0.0,44548.65126665772,34.869369573340066,0.0,0.0,0.10812304354972657,0.10812304354972657,0.0,0.0,0.10812304354972657,0.0,0.0,0.0,0.0,0.0,0.0,0.0 
 07/21  14:45:00,32.45,23.90391253851399,34.883668617982785,23.90391253851399,0.0,44978.786881847715,34.883668617982785,0.0,0.0,0.10812304354972657,0.10812304354972657,0.0,0.0,0.10812304354972657,0.0,0.0,0.0,0.0,0.0,0.0,0.0 
 07/21  14:46:00,32.5,23.85757450379675,34.897971973472714,23.85757450379675,0.0,44270.6052604394,34.897971973472714,0.0,0.0,0.10812304354972657,0.10812304354972657,0.0,0.0,0.10812304354972657,0.0,0.0,0.0,0.0,0.0,0.0,0.0 
 07/21  14:47:00,32.54,23.823211985209674,34.912283712963806,23.823211985209674,0.0,44108.350250467265,34.912283712963806,0.0,0.0,0.10812304354972657,0.10812304354972657,0.0,0.0,0.10812304354972657,0.0,0.0,0.0,0.0,0.0,0.0,0.0 
 07/21  14:48:00,32.6,23.784211406334094,34.926607022529915,23.784211406334094,0.0,44114.993594953674,34.926607022529915,0.0,0.0,0.10812304354972657,0.10812304354972657,0.0,0.0,0.10812304354972657,0.0,0.0,0.0,0.0,0.0,0.0,0.0 
 07/21  14:49:00,32.7,23.754915575950495,34.94095037417699,23.754915575950495,0.0,43653.49376060732,34.94095037417699,0.0,0.0,0.10812304354972657,0.10812304354972657,0.0,0.0,0.10812304354972657,0.0,0.0,0.0,0.0,0.0,0.0,0.0 
 07/21  14:50:00,32.81,23.719794280678155,34.95531984279287,23.719794280678155,0.0,43685.971586677944,34.95531984279287,0.0,0.0,0.10812304354972657,0.10812304354972657,0.0,0.0,0.10812304354972657,0.0,0.0,0.0,0.0,0.0,0.0,0.0 
 07/21  14:51:00,32.71,23.673610864245703,34.96967911317381,23.673610864245703,0.0,43644.781185040105,34.96967911317381,0.0,0.0,0.10812304354972657,0.10812304354972657,0.0,0.0,0.10812304354972657,0.0,0.0,0.0,0.0,0.0,0.0,0.0 
 07/21  14:52:00,32.73,23.632832494828914,34.98402604091367,23.632832494828914,0.0,43306.60362185273,34.98402604091367,0.0,0.0,0.10812304354972657,0.10812304354972657,0.0,0.0,0.10812304354972657,0.0,0.0,0.0,0.0,0.0,0.0,0.0 
 07/21  14:53:00,32.65,23.616753735260765,34.99834776684446,23.616753735260765,0.0,42733.33637462894,34.99834776684446,0.0,0.0,0.10812304354972657,0.10812304354972657,0.0,0.0,0.10812304354972657,0.0,0.0,0.0,0.0,0.0,0.0,0.0 
 07/21  14:54:00,32.61,23.597052417265232,35.012643986418965,23.597052417265232,0.0,42801.90775391524,35.012643986418965,0.0,0.0,0.10812304354972657,0.10812304354972657,0.0,0.0,0.10812304354972657,0.0,0.0,0.0,0.0,0.0,0.0,0.0 
 07/21  14:55:00,32.62,23.549997850893135,35.02692621610978,23.549997850893135,0.0,43021.300118089806,35.02692621610978,0.0,0.0,0.10812304354972657,0.10812304354972657,0.0,0.0,0.10812304354972657,0.0,0.0,0.0,0.0,0.0,0.0,0.0 
 07/21  14:56:00,32.64,23.500218124463746,35.04120339622726,23.500218124463746,0.0,42689.77488681808,35.04120339622726,0.0,0.0,0.10812304354972657,0.10812304354972657,0.0,0.0,0.10812304354972657,0.0,0.0,0.0,0.0,0.0,0.0,0.0 
 07/21  14:57:00,32.74,23.45400560099621,35.05549350382176,23.45400560099621,0.0,42581.79478890009,35.05549350382176,0.0,0.0,0.10812304354972657,0.10812304354972657,0.0,0.0,0.10812304354972657,0.0,0.0,0.0,0.0,0.0,0.0,0.0 
 07/21  14:58:00,32.81,23.41684842925393,35.06980005066974,23.41684842925393,0.0,42334.32906523999,35.06980005066974,0.0,0.0,0.10812304354972657,0.10812304354972657,0.0,0.0,0.10812304354972657,0.0,0.0,0.0,0.0,0.0,0.0,0.0 
 07/21  14:59:00,32.82,23.381693546772528,35.0841105545623,23.381693546772528,0.0,42233.38950369471,35.0841105545623,0.0,0.0,0.10812304354972657,0.10812304354972657,0.0,0.0,0.10812304354972657,0.0,0.0,0.0,0.0,0.0,0.0,0.0 
 07/21  15:00:00,32.85,23.346885569363046,35.09841960256693,23.346885569363046,0.0,42068.16388152049,35.09841960256693,0.0,0.0,0.10812304354972657,0.10812304354972657,0.0,0.0,0.10812304354972657,0.0,0.0,0.0,0.0,0.0,0.0,0.0,88387200.0 
 07/21  15:01:00,32.71,23.322088087203394,35.1126948682547,23.322088087203394,0.0,41703.22002179607,35.1126948682547,0.0,0.0,0.10812304354972657,0.10812304354972657,0.0,0.0,0.10812304354972657,0.0,0.0,0.0,0.0,0.0,0.0,0.0 
 07/21  15:02:00,32.7,23.28812243394644,35.12694073489595,23.28812243394644,0.0,41809.990165790055,35.12694073489595,0.0,0.0,0.10812304354972657,0.10812304354972657,0.0,0.0,0.10812304354972657,0.0,0.0,0.0,0.0,0.0,0.0,0.0 
 07/21  15:03:00,32.7,23.26183946290691,35.14116780094373,23.26183946290691,0.0,41368.55830901794,35.14116780094373,0.0,0.0,0.10812304354972657,0.10812304354972657,0.0,0.0,0.10812304354972657,0.0,0.0,0.0,0.0,0.0,0.0,0.0 
 07/21  15:04:00,32.75,23.22740790423192,35.15539080626458,23.22740790423192,0.0,41472.22736280532,35.15539080626458,0.0,0.0,0.10812304354972657,0.10812304354972657,0.0,0.0,0.10812304354972657,0.0,0.0,0.0,0.0,0.0,0.0,0.0 
 07/21  15:05:00,32.68,23.196945704197233,35.16959500564608,23.196945704197233,0.0,41136.158004778525,35.16959500564608,0.0,0.0,0.10812304354972657,0.10812304354972657,0.0,0.0,0.10812304354972657,0.0,0.0,0.0,0.0,0.0,0.0,0.0 
 07/21  15:06:00,32.8,23.163509781304885,35.18380282443739,23.163509781304885,0.0,41113.26586150831,35.18380282443739,0.0,0.0,0.10812304354972657,0.10812304354972657,0.0,0.0,0.10812304354972657,0.0,0.0,0.0,0.0,0.0,0.0,0.0 
 07/21  15:07:00,32.82,23.1387107287066,35.198012381096376,23.1387107287066,0.0,40748.31505500414,35.198012381096376,0.0,0.0,0.10812304354972657,0.10812304354972657,0.0,0.0,0.10812304354972657,0.0,0.0,0.0,0.0,0.0,0.0,0.0 
 07/21  15:08:00,32.76,23.117286711347774,35.212203245184156,23.117286711347774,0.0,40605.629629384115,35.212203245184156,0.0,0.0,0.10812304354972657,0.10812304354972657,0.0,0.0,0.10812304354972657,0.0,0.0,0.0,0.0,0.0,0.0,0.0 
 07/21  15:09:00,32.74,23.101766735031664,35.22637015762485,23.101766735031664,0.0,40302.47437389953,35.22637015762485,0.0,0.0,0.10812304354972657,0.10812304354972657,0.0,0.0,0.10812304354972657,0.0,0.0,0.0,0.0,0.0,0.0,0.0 
 07/21  15:10:00,32.81,23.081909607138215,35.24052961572154,23.081909607138215,0.0,40236.82089429919,35.24052961572154,0.0,0.0,0.10812304354972657,0.10812304354972657,0.0,0.0,0.10812304354972657,0.0,0.0,0.0,0.0,0.0,0.0,0.0 
 07/21  15:11:00,32.74,23.06486882899471,35.254667096895446,23.06486882899471,0.0,39923.5402644232,35.254667096895446,0.0,0.0,0.10812304354972657,0.10812304354972657,0.0,0.0,0.10812304354972657,0.0,0.0,0.0,0.0,0.0,0.0,0.0 
 07/21  15:12:00,32.69,23.039221967736186,35.26877378683554,23.039221967736186,0.0,39952.5240885512,35.26877378683554,0.0,0.0,0.10812304354972657,0.10812304354972657,0.0,0.0,0.10812304354972657,0.0,0.0,0.0,0.0,0.0,0.0,0.0 
 07/21  15:13:00,32.75,23.005657231776734,35.282866809848066,23.005657231776734,0.0,39862.181762622655,35.282866809848066,0.0,0.0,0.10812304354972657,0.10812304354972657,0.0,0.0,0.10812304354972657,0.0,0.0,0.0,0.0,0.0,0.0,0.0 
 07/21  15:14:00,32.68,22.96669321498842,35.2969341792779,22.96669321498842,0.0,39802.478324628246,35.2969341792779,0.0,0.0,0.10812304354972657,0.10812304354972657,0.0,0.0,0.10812304354972657,0.0,0.0,0.0,0.02423037405949372,0.0,0.02423037405949372,0.0 
 07/21  15:15:00,32.62,22.964023850469008,35.31096694696641,22.964023850469008,0.0,38918.94347054905,35.31096694696641,0.0,0.0,0.10812304354972657,0.10812304354972657,0.0,0.0,0.10812304354972657,0.0,0.0,0.0,0.05072051972917673,0.0,0.05072051972917673,0.0 
 07/21  15:16:00,32.71,22.967760064673122,35.32498865772782,22.967760064673122,0.0,38943.81517139993,35.32498865772782,0.0,0.0,0.10812304354972657,0.10812304354972657,0.0,0.0,0.10812304354972657,0.0,0.0,0.0,0.05072051972917673,0.0,0.05072051972917673,0.0 
 07/21  15:17:00,32.72,23.002266302597327,35.33900057974647,23.002266302597327,0.0,37974.87555525563,35.33900057974647,0.0,0.0,0.10812304354972657,0.10812304354972657,0.0,0.0,0.10812304354972657,0.0,0.0,0.0,0.05072051972917673,0.0,0.05072051972917673,0.0 
 07/21  15:18:00,32.58,23.068378364014926,35.35297109144625,23.068378364014926,0.0,37216.4224477223,35.35297109144625,0.0,0.0,0.10812304354972657,0.10812304354972657,0.0,0.0,0.10812304354972657,0.0,0.0,0.0,0.05072051972917673,0.0,0.05072051972917673,0.0 
 07/21  15:19:00,32.62,23.102797366029954,35.366912916605116,23.102797366029954,0.0,37578.83254680651,35.366912916605116,0.0,0.0,0.10812304354972657,0.10812304354972657,0.0,0.0,0.10812304354972657,0.0,0.0,0.0,0.05072051972917673,0.0,0.05072051972917673,0.0 
 07/21  15:20:00,32.71,23.10841520425866,35.38084821702337,23.10841520425866,0.0,37349.8684755773,35.38084821702337,0.0,0.0,0.10812304354972657,0.10812304354972657,0.0,0.0,0.10812304354972657,0.0,0.0,0.0,0.05072051972917673,0.0,0.05072051972917673,0.0 
 07/21  15:21:00,32.72,23.10778558829808,35.39477333278104,23.10778558829808,0.0,37012.70628076729,35.39477333278104,0.0,0.0,0.10812304354972657,0.10812304354972657,0.0,0.0,0.10812304354972657,0.0,0.0,0.0,0.05072051972917673,0.0,0.05072051972917673,0.0 
 07/21  15:22:00,32.67,23.09772682711931,35.40867010969369,23.09772682711931,0.0,37012.32448776166,35.40867010969369,0.0,0.0,0.10812304354972657,0.10812304354972657,0.0,0.0,0.10812304354972657,0.0,0.0,0.0,0.05072051972917673,0.0,0.05072051972917673,0.0 
 07/21  15:23:00,32.57,23.112139905749373,35.42251830253251,23.112139905749373,0.0,36242.565132266085,35.42251830253251,0.0,0.0,0.10812304354972657,0.10812304354972657,0.0,0.0,0.10812304354972657,0.0,0.0,0.0,0.05072051972917673,0.0,0.05072051972917673,0.0 
 07/21  15:24:00,32.66,23.106629142788925,35.43634280568638,23.106629142788925,0.0,36672.03939562508,35.43634280568638,0.0,0.0,0.10812304354972657,0.10812304354972657,0.0,0.0,0.10812304354972657,0.0,0.0,0.0,0.05072051972917673,0.0,0.05072051972917673,0.0 
 07/21  15:25:00,32.64,23.092114773925736,35.45014237095278,23.092114773925736,0.0,36375.591370574395,35.45014237095278,0.0,0.0,0.10812304354972657,0.10812304354972657,0.0,0.0,0.10812304354972657,0.0,0.0,0.0,0.05072051972917673,0.0,0.05072051972917673,0.0 
 07/21  15:26:00,32.65,23.072087945929336,35.463916406218324,23.072087945929336,0.0,36308.81699966507,35.463916406218324,0.0,0.0,0.10812304354972657,0.10812304354972657,0.0,0.0,0.10812304354972657,0.0,0.0,0.0,0.05072051972917673,0.0,0.05072051972917673,0.0 
 07/21  15:27:00,32.7,23.056223068764773,35.4776716028286,23.056223068764773,0.0,36069.969837561795,35.4776716028286,0.0,0.0,0.10812304354972657,0.10812304354972657,0.0,0.0,0.10812304354972657,0.0,0.0,0.0,0.05072051972917673,0.0,0.05072051972917673,0.0 
 07/21  15:28:00,32.68,23.048717489920012,35.491398613410915,23.048717489920012,0.0,35820.19458898721,35.491398613410915,0.0,0.0,0.10812304354972657,0.10812304354972657,0.0,0.0,0.10812304354972657,0.0,0.0,0.0,0.05072051972917673,0.0,0.05072051972917673,0.0 
 07/21  15:29:00,32.71,23.012920861693388,35.505099016053116,23.012920861693388,0.0,36314.35680113103,35.505099016053116,0.0,0.0,0.10812304354972657,0.10812304354972657,0.0,0.0,0.10812304354972657,0.0,0.0,0.0,0.05072051972917673,0.0,0.05072051972917673,0.0 
 07/21  15:30:00,32.59,22.991378699593966,35.518747327385825,22.991378699593966,0.0,35638.12159513836,35.518747327385825,0.0,0.0,0.10812304354972657,0.10812304354972657,0.0,0.0,0.10812304354972657,0.0,0.0,0.0,0.05072051972917673,0.0,0.05072051972917673,0.0 
 07/21  15:31:00,32.56,22.963034667177283,35.53234371182734,22.963034667177283,0.0,35915.52866214043,35.53234371182734,0.0,0.0,0.10812304354972657,0.10812304354972657,0.0,0.0,0.10812304354972657,0.0,0.0,0.0,0.05072051972917673,0.0,0.05072051972917673,0.0 
 07/21  15:32:00,32.58,22.91992978652492,35.54590157319285,22.91992978652492,0.0,36028.036683212755,35.54590157319285,0.0,0.0,0.10812304354972657,0.10812304354972657,0.0,0.0,0.10812304354972657,0.0,0.0,0.0,0.05072051972917673,0.0,0.05072051972917673,0.0 
 07/21  15:33:00,32.5,22.90112761079566,35.559410785728275,22.90112761079566,0.0,35370.04517064295,35.559410785728275,0.0,0.0,0.10812304354972657,0.10812304354972657,0.0,0.0,0.10812304354972657,0.0,0.0,0.0,0.05072051972917673,0.0,0.05072051972917673,0.0 
 07/21  15:34:00,32.6,22.884120842230157,35.57289506714246,22.884120842230157,0.0,35523.162079155736,35.57289506714246,0.0,0.0,0.10812304354972657,0.10812304354972657,0.0,0.0,0.10812304354972657,0.0,0.0,0.0,0.05072051972917673,0.0,0.05072051972917673,0.0 
 07/21  15:35:00,32.57,22.86938044636177,35.58634682345208,22.86938044636177,0.0,35291.796429411625,35.58634682345208,0.0,0.0,0.10812304354972657,0.10812304354972657,0.0,0.0,0.10812304354972657,0.0,0.0,0.0,0.05072051972917673,0.0,0.05072051972917673,0.0 
 07/21  15:36:00,32.6,22.863708058792007,35.5997672756134,22.863708058792007,0.0,34987.629552771046,35.5997672756134,0.0,0.0,0.10812304354972657,0.10812304354972657,0.0,0.0,0.10812304354972657,0.0,0.0,0.0,0.05072051972917673,0.0,0.05072051972917673,0.0 
 07/21  15:37:00,32.75,22.844358704710988,35.61318009665805,22.844358704710988,0.0,35191.74552678313,35.61318009665805,0.0,0.0,0.10812304354972657,0.10812304354972657,0.0,0.0,0.10812304354972657,0.0,0.0,0.0,0.05072051972917673,0.0,0.05072051972917673,0.0 
 07/21  15:38:00,32.74,22.812068386543025,35.62656949539606,22.812068386543025,0.0,35176.4899073715,35.62656949539606,0.0,0.0,0.10812304354972657,0.10812304354972657,0.0,0.0,0.10812304354972657,0.0,0.0,0.0,0.05072051972917673,0.0,0.05072051972917673,0.0 
 07/21  15:39:00,32.71,22.770128435720334,35.63991714661957,22.770128435720334,0.0,35230.16381969704,35.63991714661957,0.0,0.0,0.10812304354972657,0.10812304354972657,0.0,0.0,0.10812304354972657,0.0,0.0,0.0,0.05072051972917673,0.0,0.05072051972917673,0.0 
 07/21  15:40:00,32.67,22.740605000846397,35.653212044316234,22.740605000846397,0.0,34900.35250774993,35.653212044316234,0.0,0.0,0.10812304354972657,0.10812304354972657,0.0,0.0,0.10812304354972657,0.0,0.0,0.0,0.05072051972917673,0.0,0.05072051972917673,0.0 
 07/21  15:41:00,32.7,22.712330749929652,35.66646329829098,22.712330749929652,0.0,34978.43355447767,35.66646329829098,0.0,0.0,0.10812304354972657,0.10812304354972657,0.0,0.0,0.10812304354972657,0.0,0.0,0.0,0.05072051972917673,0.0,0.05072051972917673,0.0 
 07/21  15:42:00,32.73,22.685136280658565,35.67967808613988,22.685136280658565,0.0,34863.91646276043,35.67967808613988,0.0,0.0,0.10812304354972657,0.10812304354972657,0.0,0.0,0.10812304354972657,0.0,0.0,0.0,0.05072051972917673,0.0,0.05072051972917673,0.0 
 07/21  15:43:00,32.73,22.662208092115304,35.69285356019595,22.662208092115304,0.0,34711.215560662735,35.69285356019595,0.0,0.0,0.10812304354972657,0.10812304354972657,0.0,0.0,0.10812304354972657,0.0,0.0,0.0,0.05072051972917673,0.0,0.05072051972917673,0.0 
 07/21  15:44:00,32.64,22.643162246033793,35.70597463531673,22.643162246033793,0.0,34584.37017459294,35.70597463531673,0.0,0.0,0.10812304354972657,0.10812304354972657,0.0,0.0,0.10812304354972657,0.0,0.0,0.0,0.05072051972917673,0.0,0.05072051972917673,0.0 
 07/21  15:45:00,32.54,22.613843619443806,35.719035298944554,22.613843619443806,0.0,34722.09230302037,35.719035298944554,0.0,0.0,0.10812304354972657,0.10812304354972657,0.0,0.0,0.10812304354972657,0.0,0.0,0.0,0.06074352586623638,0.0,0.06074352586623638,0.0 
 07/21  15:46:00,32.51,22.594711565603287,35.7320470992536,22.594711565603287,0.0,34328.28951284047,35.7320470992536,0.0,0.0,0.10812304354972657,0.10812304354972657,0.0,0.0,0.10812304354972657,0.0,0.0,0.0,0.1042306139819364,0.0,0.1042306139819364,0.0 
 07/21  15:47:00,32.6,22.579301301398075,35.74504017057466,22.579301301398075,0.0,34292.25192604066,35.74504017057466,0.0,0.0,0.10812304354972657,0.10812304354972657,0.0,0.0,0.10812304354972657,0.0,0.0,0.0,0.1042306139819364,0.0,0.1042306139819364,0.0 
 07/21  15:48:00,32.66,22.554032921233787,35.758024920718505,22.554032921233787,0.0,34390.352049470464,35.758024920718505,0.0,0.0,0.10812304354972657,0.10812304354972657,0.0,0.0,0.10812304354972657,0.0,0.0,0.0,0.1042306139819364,0.0,0.1042306139819364,0.0 
 07/21  15:49:00,32.64,22.53761727560293,35.7709871508924,22.53761727560293,0.0,34014.64189825694,35.7709871508924,0.0,0.0,0.10812304354972657,0.10812304354972657,0.0,0.0,0.10812304354972657,0.0,0.0,0.0,0.1042306139819364,0.0,0.1042306139819364,0.0 
 07/21  15:50:00,32.62,22.533101418322985,35.78391514941471,22.533101418322985,0.0,33784.775451154004,35.78391514941471,0.0,0.0,0.10812304354972657,0.10812304354972657,0.0,0.0,0.10812304354972657,0.0,0.0,0.0,0.1042306139819364,0.0,0.1042306139819364,0.0 
 07/21  15:51:00,32.48,22.529965558361262,35.7967819073405,22.529965558361262,0.0,33697.29097084078,35.7967819073405,0.0,0.0,0.10812304354972657,0.10812304354972657,0.0,0.0,0.10812304354972657,0.0,0.0,0.0,0.1042306139819364,0.0,0.1042306139819364,0.0 
 07/21  15:52:00,32.49,22.52329344168585,35.809599881737114,22.52329344168585,0.0,33586.256875073384,35.809599881737114,0.0,0.0,0.10812304354972657,0.10812304354972657,0.0,0.0,0.10812304354972657,0.0,0.0,0.0,0.1042306139819364,0.0,0.1042306139819364,0.0 
 07/21  15:53:00,32.68,22.693050183480572,35.82241456541346,22.693050183480572,0.0,29722.072828422075,35.82241456541346,0.0,0.0,0.10812304354972657,0.10812304354972657,0.0,0.0,0.10812304354972657,0.0,0.0,0.0,0.015569718271160625,0.0,0.015569718271160625,0.0 
 07/21  15:54:00,32.7,23.121029267312192,35.83522003090082,23.121029267312192,0.0,25379.881382425356,35.83522003090082,0.0,0.0,0.10812304354972657,0.10812304354972657,0.0,0.0,0.10812304354972657,0.0,0.0,0.0,0.015569718271160625,0.0,0.015569718271160625,0.0 
 07/21  15:55:00,32.77,23.537973205551175,35.84801228941541,23.537973205551175,0.0,25892.305263240225,35.84801228941541,0.0,0.0,0.10812304354972657,0.10812304354972657,0.0,0.0,0.10812304354972657,0.0,0.0,0.0,0.015569718271160625,0.0,0.015569718271160625,0.0 
 07/21  15:56:00,32.77,23.717310183935506,35.86077697205787,23.717310183935506,0.0,28018.99665249697,35.86077697205787,0.0,0.0,0.10812304354972657,0.10812304354972657,0.0,0.0,0.10812304354972657,0.0,0.0,0.0,0.015569718271160625,0.0,0.015569718271160625,0.0 
 07/21  15:57:00,32.86,23.775026051863744,35.873521130032465,23.775026051863744,0.0,27138.10054331756,35.873521130032465,0.0,0.0,0.10812304354972657,0.10812304354972657,0.0,0.0,0.10812304354972657,0.0,0.0,0.0,0.015569718271160625,0.0,0.015569718271160625,0.0 
 07/21  15:58:00,32.83,23.747056863861253,35.88622927604621,23.747056863861253,0.0,28017.442057169592,35.88622927604621,0.0,0.0,0.10812304354972657,0.10812304354972657,0.0,0.0,0.10812304354972657,0.0,0.0,0.0,0.015569718271160625,0.0,0.015569718271160625,0.0 
 07/21  15:59:00,32.81,23.71281519177956,35.89889286002709,23.71281519177956,0.0,27656.261446525714,35.89889286002709,0.0,0.0,0.10812304354972657,0.10812304354972657,0.0,0.0,0.10812304354972657,0.0,0.0,0.0,0.015569718271160625,0.0,0.015569718271160625,0.0 
 07/21  16:00:00,32.81,23.69693968961805,35.91151239008114,23.69693968961805,0.0,27550.561254137836,35.91151239008114,0.0,0.0,0.10812304354972657,0.10812304354972657,0.0,0.0,0.10812304354972657,0.0,0.0,0.0,0.015569718271160625,0.0,0.015569718271160625,0.0,88387200.0 
 07/21  16:01:00,32.82,23.729396799202387,35.92409160509643,23.729396799202387,0.0,26767.77407073995,35.92409160509643,0.0,0.0,0.10812304354972657,0.10812304354972657,0.0,0.0,0.10812304354972657,0.0,0.0,0.0,0.015569718271160625,0.0,0.015569718271160625,0.0 
 07/21  16:02:00,32.79,23.72882571642839,35.93662535773022,23.72882571642839,0.0,27696.321057006287,35.93662535773022,0.0,0.0,0.10812304354972657,0.10812304354972657,0.0,0.0,0.10812304354972657,0.0,0.0,0.0,0.015569718271160625,0.0,0.015569718271160625,0.0 
 07/21  16:03:00,32.77,23.699291753668536,35.949111877599776,23.699291753668536,0.0,27699.42473090032,35.949111877599776,0.0,0.0,0.10812304354972657,0.10812304354972657,0.0,0.0,0.10812304354972657,0.0,0.0,0.0,0.015569718271160625,0.0,0.015569718271160625,0.0 
 07/21  16:04:00,32.7,23.641250029309777,35.961539955456125,23.641250029309777,0.0,28112.046470146015,35.961539955456125,0.0,0.0,0.10812304354972657,0.10812304354972657,0.0,0.0,0.10812304354972657,0.0,0.0,0.0,0.015569718271160625,0.0,0.015569718271160625,0.0 
 07/21  16:05:00,32.62,23.52906293161306,35.973900692419676,23.52906293161306,0.0,29163.024427627213,35.973900692419676,0.0,0.0,0.10812304354972657,0.10812304354972657,0.0,0.0,0.10812304354972657,0.0,0.0,0.0,0.015569718271160625,0.0,0.015569718271160625,0.0 
 07/21  16:06:00,32.68,23.422711771526618,35.9862156748791,23.422711771526618,0.0,28920.932745883074,35.9862156748791,0.0,0.0,0.10812304354972657,0.10812304354972657,0.0,0.0,0.10812304354972657,0.0,0.0,0.0,0.015569718271160625,0.0,0.015569718271160625,0.0 
 07/21  16:07:00,32.67,23.378378174710686,35.99848687619815,23.378378174710686,0.0,28226.094853602062,35.99848687619815,0.0,0.0,0.10812304354972657,0.10812304354972657,0.0,0.0,0.10812304354972657,0.0,0.0,0.0,0.015569718271160625,0.0,0.015569718271160625,0.0 
 07/21  16:08:00,32.6,23.449864587259608,36.010699792827104,23.449864587259608,0.0,26571.064919294775,36.010699792827104,0.0,0.0,0.10812304354972657,0.10812304354972657,0.0,0.0,0.10812304354972657,0.0,0.0,0.0,0.015569718271160625,0.0,0.015569718271160625,0.0 
 07/21  16:09:00,32.64,23.520576244652034,36.02286492724243,23.520576244652034,0.0,27241.75067466629,36.02286492724243,0.0,0.0,0.10812304354972657,0.10812304354972657,0.0,0.0,0.10812304354972657,0.0,0.0,0.0,0.015569718271160625,0.0,0.015569718271160625,0.0 
 07/21  16:10:00,32.65,23.52140038753053,36.03498528222444,23.52140038753053,0.0,27913.195255539795,36.03498528222444,0.0,0.0,0.10812304354972657,0.10812304354972657,0.0,0.0,0.10812304354972657,0.0,0.0,0.0,0.015569718271160625,0.0,0.015569718271160625,0.0 
 07/21  16:11:00,32.65,23.517339187488787,36.047058476269704,23.517339187488787,0.0,27153.593066570458,36.047058476269704,0.0,0.0,0.10812304354972657,0.10812304354972657,0.0,0.0,0.10812304354972657,0.0,0.0,0.0,0.015569718271160625,0.0,0.015569718271160625,0.0 
 07/21  16:12:00,32.58,23.135875478851176,36.059068838279195,23.135875478851176,0.0,35002.22361468113,36.059068838279195,0.0,0.0,0.10812304354972657,0.10812304354972657,0.0,0.0,0.10812304354972657,0.0,0.0,0.0,0.05838644351685235,0.0,0.05838644351685235,0.0 
 07/21  16:13:00,32.49,22.70508373158176,36.07100311972503,22.70508373158176,0.0,33465.23941479786,36.07100311972503,0.0,0.0,0.10812304354972657,0.10812304354972657,0.0,0.0,0.10812304354972657,0.0,0.0,0.0,0.05838644351685235,0.0,0.05838644351685235,0.0 
 07/21  16:14:00,32.46,22.431794353378784,36.082866287274086,22.431794353378784,0.0,32577.554390756395,36.082866287274086,0.0,0.0,0.10812304354972657,0.10812304354972657,0.0,0.0,0.10812304354972657,0.0,0.0,0.0,0.05838644351685235,0.0,0.05838644351685235,0.0 
 07/21  16:15:00,32.51,22.4112203849712,36.09467829930592,22.4112203849712,0.0,30242.8017892993,36.09467829930592,0.0,0.0,0.10812304354972657,0.10812304354972657,0.0,0.0,0.10812304354972657,0.0,0.0,0.0,0.1066093209400304,0.0,0.1066093209400304,0.0 
 07/21  16:16:00,32.53,22.991718304408295,36.106444357862074,22.991718304408295,0.0,19923.65944675492,36.106444357862074,0.0,0.0,0.10812304354972657,0.10812304354972657,0.0,0.0,0.10812304354972657,0.0,0.0,0.0,0.0,0.0,0.0,0.0 
 07/21  16:17:00,28.1,24.732548630776307,36.11760253718675,24.732548630776307,0.0,0.0,36.11760253718675,0.0,0.0,0.0,0.0,0.0,0.0,0.0,0.0,0.0,0.0,0.0,0.0,0.0,0.0 
 07/21  16:18:00,28.1,26.66896231090752,36.12836490327696,26.66896231090752,0.0,0.0,36.12836490327696,0.0,0.0,0.0,0.0,0.0,0.0,0.0,0.0,0.0,0.0,0.0,0.0,0.0,0.0 
 07/21  16:19:00,28.1,28.205911793713174,36.13897085351546,28.205911793713174,0.0,0.0,36.13897085351546,0.0,0.0,0.0,0.0,0.0,0.0,0.0,0.0,0.0,0.0,0.0,0.0,0.0,0.0 
 07/21  16:20:00,28.1,29.277402644501173,36.149533079842975,29.277402644501173,0.0,0.0,36.149533079842975,0.0,0.0,0.0,0.0,0.0,0.0,0.0,0.0,0.0,0.0,0.0,0.0,0.0,0.0 
 07/21  16:21:00,28.1,30.036315141904332,36.160078235202754,30.036315141904332,0.0,0.0,36.160078235202754,0.0,0.0,0.0,0.0,0.0,0.0,0.0,0.0,0.0,0.0,0.0,0.0,0.0,0.0 
 07/21  16:22:00,28.1,30.62788869103945,36.17060085714357,30.62788869103945,0.0,0.0,36.17060085714357,0.0,0.0,0.0,0.0,0.0,0.0,0.0,0.0,0.0,0.0,0.0,0.0,0.0,0.0 
 07/21  16:23:00,28.1,31.120997044835715,36.18109104293563,31.120997044835715,0.0,0.0,36.18109104293563,0.0,0.0,0.0,0.0,0.0,0.0,0.0,0.0,0.0,0.0,0.0,0.0,0.0,0.0 
 07/21  16:24:00,28.1,31.540272390600713,36.19154164200722,31.540272390600713,0.0,0.0,36.19154164200722,0.0,0.0,0.0,0.0,0.0,0.0,0.0,0.0,0.0,0.0,0.0,0.0,0.0,0.0 
 07/21  16:25:00,28.1,31.89089354070121,36.201948552529096,31.89089354070121,0.0,0.0,36.201948552529096,0.0,0.0,0.0,0.0,0.0,0.0,0.0,0.0,0.0,0.0,0.0,0.0,0.0,0.0 
 07/21  16:26:00,28.1,32.177475036874036,36.21230836260557,32.177475036874036,0.0,0.0,36.21230836260557,0.0,0.0,0.0,0.0,0.0,0.0,0.0,0.0,0.0,0.0,0.0,0.0,0.0,0.0 
 07/21  16:27:00,28.1,32.40925646509592,36.22261803742961,32.40925646509592,0.0,0.0,36.22261803742961,0.0,0.0,0.0,0.0,0.0,0.0,0.0,0.0,0.0,0.0,0.0,0.0,0.0,0.0 
 07/21  16:28:00,28.1,32.59761037528072,36.23287413904663,32.59761037528072,0.0,0.0,36.23287413904663,0.0,0.0,0.0,0.0,0.0,0.0,0.0,0.0,0.0,0.0,0.0,0.0,0.0,0.0 
 07/21  16:29:00,28.1,32.75247220645381,36.24307303661374,32.75247220645381,0.0,0.0,36.24307303661374,0.0,0.0,0.0,0.0,0.0,0.0,0.0,0.0,0.0,0.0,0.0,0.0,0.0,0.0 
 07/21  16:30:00,28.1,32.88101948205149,36.25321060838111,32.88101948205149,0.0,0.0,36.25321060838111,0.0,0.0,0.0,0.0,0.0,0.0,0.0,0.0,0.0,0.0,0.0,0.0,0.0,0.0 
 07/21  16:31:00,28.1,32.9892394748343,36.26328293248348,32.9892394748343,0.0,0.0,36.26328293248348,0.0,0.0,0.0,0.0,0.0,0.0,0.0,0.0,0.0,0.0,0.0,0.0,0.0,0.0 
 07/21  16:32:00,28.1,33.08199403617754,36.27328547397306,33.08199403617754,0.0,0.0,36.27328547397306,0.0,0.0,0.0,0.0,0.0,0.0,0.0,0.0,0.0,0.0,0.0,0.0,0.0,0.0 
 07/21  16:33:00,28.1,33.16319350527973,36.28321390207389,33.16319350527973,0.0,0.0,36.28321390207389,0.0,0.0,0.0,0.0,0.0,0.0,0.0,0.0,0.0,0.0,0.0,0.0,0.0,0.0 
 07/21  16:34:00,28.1,33.23572638216986,36.29306363626703,33.23572638216986,0.0,0.0,36.29306363626703,0.0,0.0,0.0,0.0,0.0,0.0,0.0,0.0,0.0,0.0,0.0,0.0,0.0,0.0 
 07/21  16:35:00,28.1,33.3017856443464,36.30283016712182,33.3017856443464,0.0,0.0,36.30283016712182,0.0,0.0,0.0,0.0,0.0,0.0,0.0,0.0,0.0,0.0,0.0,0.0,0.0,0.0 
 07/21  16:36:00,28.1,33.36290503662556,36.31250869990597,33.36290503662556,0.0,0.0,36.31250869990597,0.0,0.0,0.0,0.0,0.0,0.0,0.0,0.0,0.0,0.0,0.0,0.0,0.0,0.0 
 07/21  16:37:00,28.1,33.42026167898541,36.322094939490015,33.42026167898541,0.0,0.0,36.322094939490015,0.0,0.0,0.0,0.0,0.0,0.0,0.0,0.0,0.0,0.0,0.0,0.0,0.0,0.0 
 07/21  16:38:00,28.1,33.474662263453716,36.331584113577385,33.474662263453716,0.0,0.0,36.331584113577385,0.0,0.0,0.0,0.0,0.0,0.0,0.0,0.0,0.0,0.0,0.0,0.0,0.0,0.0 
 07/21  16:39:00,28.1,33.52675535059031,36.340971921924165,33.52675535059031,0.0,0.0,36.340971921924165,0.0,0.0,0.0,0.0,0.0,0.0,0.0,0.0,0.0,0.0,0.0,0.0,0.0,0.0 
 07/21  16:40:00,28.1,33.576971855729525,36.35025399131304,33.576971855729525,0.0,0.0,36.35025399131304,0.0,0.0,0.0,0.0,0.0,0.0,0.0,0.0,0.0,0.0,0.0,0.0,0.0,0.0 
 07/21  16:41:00,28.1,33.625680977057904,36.35942621740996,33.625680977057904,0.0,0.0,36.35942621740996,0.0,0.0,0.0,0.0,0.0,0.0,0.0,0.0,0.0,0.0,0.0,0.0,0.0,0.0 
 07/21  16:42:00,28.1,33.67311351634443,36.36848433108049,33.67311351634443,0.0,0.0,36.36848433108049,0.0,0.0,0.0,0.0,0.0,0.0,0.0,0.0,0.0,0.0,0.0,0.0,0.0,0.0 
 07/21  16:43:00,28.1,33.71948707792381,36.377424783258064,33.71948707792381,0.0,0.0,36.377424783258064,0.0,0.0,0.0,0.0,0.0,0.0,0.0,0.0,0.0,0.0,0.0,0.0,0.0,0.0 
 07/21  16:44:00,28.1,33.7649244389372,36.386243583229344,33.7649244389372,0.0,0.0,36.386243583229344,0.0,0.0,0.0,0.0,0.0,0.0,0.0,0.0,0.0,0.0,0.0,0.0,0.0,0.0 
 07/21  16:45:00,28.1,33.80956008983992,36.39493736485763,33.80956008983992,0.0,0.0,36.39493736485763,0.0,0.0,0.0,0.0,0.0,0.0,0.0,0.0,0.0,0.0,0.0,0.0,0.0,0.0 
 07/21  16:46:00,28.1,33.85345814806604,36.40350274368001,33.85345814806604,0.0,0.0,36.40350274368001,0.0,0.0,0.0,0.0,0.0,0.0,0.0,0.0,0.0,0.0,0.0,0.0,0.0,0.0 
 07/21  16:47:00,28.1,33.89670690010835,36.41193667481887,33.89670690010835,0.0,0.0,36.41193667481887,0.0,0.0,0.0,0.0,0.0,0.0,0.0,0.0,0.0,0.0,0.0,0.0,0.0,0.0 
 07/21  16:48:00,28.1,33.93933821887556,36.42023594900081,33.93933821887556,0.0,0.0,36.42023594900081,0.0,0.0,0.0,0.0,0.0,0.0,0.0,0.0,0.0,0.0,0.0,0.0,0.0,0.0 
 07/21  16:49:00,28.1,33.98141412502209,36.42839816796171,33.98141412502209,0.0,0.0,36.42839816796171,0.0,0.0,0.0,0.0,0.0,0.0,0.0,0.0,0.0,0.0,0.0,0.0,0.0,0.0 
 07/21  16:50:00,28.1,34.02294847079474,36.43642043380186,34.02294847079474,0.0,0.0,36.43642043380186,0.0,0.0,0.0,0.0,0.0,0.0,0.0,0.0,0.0,0.0,0.0,0.0,0.0,0.0 
 07/21  16:51:00,28.1,34.06398792645223,36.44430051739456,34.06398792645223,0.0,0.0,36.44430051739456,0.0,0.0,0.0,0.0,0.0,0.0,0.0,0.0,0.0,0.0,0.0,0.0,0.0,0.0 
 07/21  16:52:00,28.1,34.10453609264585,36.45203614743938,34.10453609264585,0.0,0.0,36.45203614743938,0.0,0.0,0.0,0.0,0.0,0.0,0.0,0.0,0.0,0.0,0.0,0.0,0.0,0.0 
 07/21  16:53:00,28.1,34.14463037418308,36.459625386120166,34.14463037418308,0.0,0.0,36.459625386120166,0.0,0.0,0.0,0.0,0.0,0.0,0.0,0.0,0.0,0.0,0.0,0.0,0.0,0.0 
 07/21  16:54:00,28.1,34.18426843143421,36.46706608263981,34.18426843143421,0.0,0.0,36.46706608263981,0.0,0.0,0.0,0.0,0.0,0.0,0.0,0.0,0.0,0.0,0.0,0.0,0.0,0.0 
 07/21  16:55:00,28.1,34.223481863666805,36.474356919538494,34.223481863666805,0.0,0.0,36.474356919538494,0.0,0.0,0.0,0.0,0.0,0.0,0.0,0.0,0.0,0.0,0.0,0.0,0.0,0.0 
 07/21  16:56:00,28.1,34.262264825193576,36.48149599957333,34.262264825193576,0.0,0.0,36.48149599957333,0.0,0.0,0.0,0.0,0.0,0.0,0.0,0.0,0.0,0.0,0.0,0.0,0.0,0.0 
 07/21  16:57:00,28.1,34.30064512229054,36.488482084857964,34.30064512229054,0.0,0.0,36.488482084857964,0.0,0.0,0.0,0.0,0.0,0.0,0.0,0.0,0.0,0.0,0.0,0.0,0.0,0.0 
 07/21  16:58:00,28.1,34.338614805499084,36.4953138428224,34.338614805499084,0.0,0.0,36.4953138428224,0.0,0.0,0.0,0.0,0.0,0.0,0.0,0.0,0.0,0.0,0.0,0.0,0.0,0.0 
 07/21  16:59:00,28.1,34.376199089988205,36.50199022085089,34.376199089988205,0.0,0.0,36.50199022085089,0.0,0.0,0.0,0.0,0.0,0.0,0.0,0.0,0.0,0.0,0.0,0.0,0.0,0.0 
 07/21  17:00:00,28.1,34.41338874902051,36.508509875558424,34.41338874902051,0.0,0.0,36.508509875558424,0.0,0.0,0.0,0.0,0.0,0.0,0.0,0.0,0.0,0.0,0.0,0.0,0.0,0.0,88387200.0 
 07/21  17:01:00,27.4,34.450151338368784,36.51474053084053,34.450151338368784,0.0,0.0,36.51474053084053,0.0,0.0,0.0,0.0,0.0,0.0,0.0,0.0,0.0,0.0,0.0,0.0,0.0,0.0 
 07/21  17:02:00,27.4,34.48650998308372,36.52073268386824,34.48650998308372,0.0,0.0,36.52073268386824,0.0,0.0,0.0,0.0,0.0,0.0,0.0,0.0,0.0,0.0,0.0,0.0,0.0,0.0 
 07/21  17:03:00,27.4,34.52251759854575,36.52654326350786,34.52251759854575,0.0,0.0,36.52654326350786,0.0,0.0,0.0,0.0,0.0,0.0,0.0,0.0,0.0,0.0,0.0,0.0,0.0,0.0 
 07/21  17:04:00,27.4,34.55817420453036,36.53219870395324,34.55817420453036,0.0,0.0,36.53219870395324,0.0,0.0,0.0,0.0,0.0,0.0,0.0,0.0,0.0,0.0,0.0,0.0,0.0,0.0 
 07/21  17:05:00,27.4,34.59349867663786,36.53770507836984,34.59349867663786,0.0,0.0,36.53770507836984,0.0,0.0,0.0,0.0,0.0,0.0,0.0,0.0,0.0,0.0,0.0,0.0,0.0,0.0 
 07/21  17:06:00,27.4,34.628474747275455,36.543060517318175,34.628474747275455,0.0,0.0,36.543060517318175,0.0,0.0,0.0,0.0,0.0,0.0,0.0,0.0,0.0,0.0,0.0,0.0,0.0,0.0 
 07/21  17:07:00,27.4,34.66311793326345,36.54826286506965,34.66311793326345,0.0,0.0,36.54826286506965,0.0,0.0,0.0,0.0,0.0,0.0,0.0,0.0,0.0,0.0,0.0,0.0,0.0,0.0 
 07/21  17:08:00,27.4,34.69741464111167,36.55330993571089,34.69741464111167,0.0,0.0,36.55330993571089,0.0,0.0,0.0,0.0,0.0,0.0,0.0,0.0,0.0,0.0,0.0,0.0,0.0,0.0 
 07/21  17:09:00,27.4,34.73138277662263,36.55820074868651,34.73138277662263,0.0,0.0,36.55820074868651,0.0,0.0,0.0,0.0,0.0,0.0,0.0,0.0,0.0,0.0,0.0,0.0,0.0,0.0 
 07/21  17:10:00,27.4,34.76501060576687,36.56293436878392,34.76501060576687,0.0,0.0,36.56293436878392,0.0,0.0,0.0,0.0,0.0,0.0,0.0,0.0,0.0,0.0,0.0,0.0,0.0,0.0 
 07/21  17:11:00,27.4,34.798316323520574,36.567510010864,34.798316323520574,0.0,0.0,36.567510010864,0.0,0.0,0.0,0.0,0.0,0.0,0.0,0.0,0.0,0.0,0.0,0.0,0.0,0.0 
 07/21  17:12:00,27.4,34.831288545745295,36.57192640097451,34.831288545745295,0.0,0.0,36.57192640097451,0.0,0.0,0.0,0.0,0.0,0.0,0.0,0.0,0.0,0.0,0.0,0.0,0.0,0.0 
 07/21  17:13:00,27.4,34.86394510280296,36.57618289525735,34.86394510280296,0.0,0.0,36.57618289525735,0.0,0.0,0.0,0.0,0.0,0.0,0.0,0.0,0.0,0.0,0.0,0.0,0.0,0.0 
 07/21  17:14:00,27.4,34.89627473156353,36.58027795335525,34.89627473156353,0.0,0.0,36.58027795335525,0.0,0.0,0.0,0.0,0.0,0.0,0.0,0.0,0.0,0.0,0.0,0.0,0.0,0.0 
 07/21  17:15:00,27.4,34.92829487317717,36.584210501937896,34.92829487317717,0.0,0.0,36.584210501937896,0.0,0.0,0.0,0.0,0.0,0.0,0.0,0.0,0.0,0.0,0.0,0.0,0.0,0.0 
 07/21  17:16:00,27.4,34.959994340720336,36.58797920028056,34.959994340720336,0.0,0.0,36.58797920028056,0.0,0.0,0.0,0.0,0.0,0.0,0.0,0.0,0.0,0.0,0.0,0.0,0.0,0.0 
 07/21  17:17:00,27.4,34.991390174301415,36.59158279765169,34.991390174301415,0.0,0.0,36.59158279765169,0.0,0.0,0.0,0.0,0.0,0.0,0.0,0.0,0.0,0.0,0.0,0.0,0.0,0.0 
 07/21  17:18:00,27.4,35.022471196084005,36.595019621882564,35.022471196084005,0.0,0.0,36.595019621882564,0.0,0.0,0.0,0.0,0.0,0.0,0.0,0.0,0.0,0.0,0.0,0.0,0.0,0.0 
 07/21  17:19:00,27.4,35.05325402850707,36.59828875562703,35.05325402850707,0.0,0.0,36.59828875562703,0.0,0.0,0.0,0.0,0.0,0.0,0.0,0.0,0.0,0.0,0.0,0.0,0.0,0.0 
 07/21  17:20:00,27.4,35.08372744107248,36.60138846943677,35.08372744107248,0.0,0.0,36.60138846943677,0.0,0.0,0.0,0.0,0.0,0.0,0.0,0.0,0.0,0.0,0.0,0.0,0.0,0.0 
 07/21  17:21:00,27.4,35.11390763536865,36.60431762307379,35.11390763536865,0.0,0.0,36.60431762307379,0.0,0.0,0.0,0.0,0.0,0.0,0.0,0.0,0.0,0.0,0.0,0.0,0.0,0.0 
 07/21  17:22:00,27.4,35.14378327976518,36.60707491591361,35.14378327976518,0.0,0.0,36.60707491591361,0.0,0.0,0.0,0.0,0.0,0.0,0.0,0.0,0.0,0.0,0.0,0.0,0.0,0.0 
 07/21  17:23:00,27.4,35.17337016425008,36.60965921739774,35.17337016425008,0.0,0.0,36.60965921739774,0.0,0.0,0.0,0.0,0.0,0.0,0.0,0.0,0.0,0.0,0.0,0.0,0.0,0.0 
 07/21  17:24:00,27.4,35.20265682270228,36.61206904150379,35.20265682270228,0.0,0.0,36.61206904150379,0.0,0.0,0.0,0.0,0.0,0.0,0.0,0.0,0.0,0.0,0.0,0.0,0.0,0.0 
 07/21  17:25:00,27.4,35.23165865457218,36.6143037423915,35.23165865457218,0.0,0.0,36.6143037423915,0.0,0.0,0.0,0.0,0.0,0.0,0.0,0.0,0.0,0.0,0.0,0.0,0.0,0.0 
 07/21  17:26:00,27.4,35.26036404342068,36.61636187182945,35.26036404342068,0.0,0.0,36.61636187182945,0.0,0.0,0.0,0.0,0.0,0.0,0.0,0.0,0.0,0.0,0.0,0.0,0.0,0.0 
 07/21  17:27:00,27.4,35.2887880302696,36.61824262041682,35.2887880302696,0.0,0.0,36.61824262041682,0.0,0.0,0.0,0.0,0.0,0.0,0.0,0.0,0.0,0.0,0.0,0.0,0.0,0.0 
 07/21  17:28:00,27.4,35.316918849524825,36.61994504472755,35.316918849524825,0.0,0.0,36.61994504472755,0.0,0.0,0.0,0.0,0.0,0.0,0.0,0.0,0.0,0.0,0.0,0.0,0.0,0.0 
 07/21  17:29:00,27.4,35.34477122392434,36.621468392485234,35.34477122392434,0.0,0.0,36.621468392485234,0.0,0.0,0.0,0.0,0.0,0.0,0.0,0.0,0.0,0.0,0.0,0.0,0.0,0.0 
 07/21  17:30:00,27.4,35.37233325318784,36.62281157039122,35.37233325318784,0.0,0.0,36.62281157039122,0.0,0.0,0.0,0.0,0.0,0.0,0.0,0.0,0.0,0.0,0.0,0.0,0.0,0.0 
 07/21  17:31:00,27.4,35.39961938563511,36.62397438174109,35.39961938563511,0.0,0.0,36.62397438174109,0.0,0.0,0.0,0.0,0.0,0.0,0.0,0.0,0.0,0.0,0.0,0.0,0.0,0.0 
 07/21  17:32:00,27.4,35.42661760942123,36.624955825917475,35.42661760942123,0.0,0.0,36.624955825917475,0.0,0.0,0.0,0.0,0.0,0.0,0.0,0.0,0.0,0.0,0.0,0.0,0.0,0.0 
 07/21  17:33:00,27.4,35.45334214212802,36.62575558731638,35.45334214212802,0.0,0.0,36.62575558731638,0.0,0.0,0.0,0.0,0.0,0.0,0.0,0.0,0.0,0.0,0.0,0.0,0.0,0.0 
 07/21  17:34:00,27.4,35.47978088835331,36.62637324464803,35.47978088835331,0.0,0.0,36.62637324464803,0.0,0.0,0.0,0.0,0.0,0.0,0.0,0.0,0.0,0.0,0.0,0.0,0.0,0.0 
 07/21  17:35:00,27.4,35.5059478758774,36.62680859010991,35.5059478758774,0.0,0.0,36.62680859010991,0.0,0.0,0.0,0.0,0.0,0.0,0.0,0.0,0.0,0.0,0.0,0.0,0.0,0.0 
 07/21  17:36:00,27.4,35.53183095628612,36.6270610899956,35.53183095628612,0.0,0.0,36.6270610899956,0.0,0.0,0.0,0.0,0.0,0.0,0.0,0.0,0.0,0.0,0.0,0.0,0.0,0.0 
 07/21  17:37:00,27.4,35.55744400446991,36.62713114473604,35.55744400446991,0.0,0.0,36.62713114473604,0.0,0.0,0.0,0.0,0.0,0.0,0.0,0.0,0.0,0.0,0.0,0.0,0.0,0.0 
 07/21  17:38:00,27.4,35.582774850729606,36.6270183447397,35.582774850729606,0.0,0.0,36.6270183447397,0.0,0.0,0.0,0.0,0.0,0.0,0.0,0.0,0.0,0.0,0.0,0.0,0.0,0.0 
 07/21  17:39:00,27.4,35.60783724941153,36.62672297919325,35.60783724941153,0.0,0.0,36.62672297919325,0.0,0.0,0.0,0.0,0.0,0.0,0.0,0.0,0.0,0.0,0.0,0.0,0.0,0.0 
 07/21  17:40:00,27.4,35.63261904147385,36.62624523721454,35.63261904147385,0.0,0.0,36.62624523721454,0.0,0.0,0.0,0.0,0.0,0.0,0.0,0.0,0.0,0.0,0.0,0.0,0.0,0.0 
 07/21  17:41:00,27.4,35.65713388823995,36.62558550239257,35.65713388823995,0.0,0.0,36.62558550239257,0.0,0.0,0.0,0.0,0.0,0.0,0.0,0.0,0.0,0.0,0.0,0.0,0.0,0.0 
 07/21  17:42:00,27.4,35.68136967256182,36.62474381621886,35.68136967256182,0.0,0.0,36.62474381621886,0.0,0.0,0.0,0.0,0.0,0.0,0.0,0.0,0.0,0.0,0.0,0.0,0.0,0.0 
 07/21  17:43:00,27.4,35.705339985266114,36.62372113004253,35.705339985266114,0.0,0.0,36.62372113004253,0.0,0.0,0.0,0.0,0.0,0.0,0.0,0.0,0.0,0.0,0.0,0.0,0.0,0.0 
 07/21  17:44:00,27.4,35.729120530958326,36.62251754709461,35.729120530958326,0.0,0.0,36.62251754709461,0.0,0.0,0.0,0.0,0.0,0.0,0.0,0.0,0.0,0.0,0.0,0.0,0.0,0.0 
 07/21  17:45:00,27.4,35.75278116379721,36.62113382335961,35.75278116379721,0.0,0.0,36.62113382335961,0.0,0.0,0.0,0.0,0.0,0.0,0.0,0.0,0.0,0.0,0.0,0.0,0.0,0.0 
 07/21  17:46:00,27.4,35.776305661820274,36.61957058893037,35.776305661820274,0.0,0.0,36.61957058893037,0.0,0.0,0.0,0.0,0.0,0.0,0.0,0.0,0.0,0.0,0.0,0.0,0.0,0.0 
 07/21  17:47:00,27.4,35.7996742425465,36.61782861447522,35.7996742425465,0.0,0.0,36.61782861447522,0.0,0.0,0.0,0.0,0.0,0.0,0.0,0.0,0.0,0.0,0.0,0.0,0.0,0.0 
 07/21  17:48:00,27.4,35.82284170775457,36.6159083114611,35.82284170775457,0.0,0.0,36.6159083114611,0.0,0.0,0.0,0.0,0.0,0.0,0.0,0.0,0.0,0.0,0.0,0.0,0.0,0.0 
 07/21  17:49:00,27.4,35.845796557872234,36.613810968337845,35.845796557872234,0.0,0.0,36.613810968337845,0.0,0.0,0.0,0.0,0.0,0.0,0.0,0.0,0.0,0.0,0.0,0.0,0.0,0.0 
 07/21  17:50:00,27.4,35.86851209857135,36.61153702232301,35.86851209857135,0.0,0.0,36.61153702232301,0.0,0.0,0.0,0.0,0.0,0.0,0.0,0.0,0.0,0.0,0.0,0.0,0.0,0.0 
 07/21  17:51:00,27.4,35.89099181873112,36.60908753902806,35.89099181873112,0.0,0.0,36.60908753902806,0.0,0.0,0.0,0.0,0.0,0.0,0.0,0.0,0.0,0.0,0.0,0.0,0.0,0.0 
 07/21  17:52:00,27.4,35.91321831447654,36.606463478425425,35.91321831447654,0.0,0.0,36.606463478425425,0.0,0.0,0.0,0.0,0.0,0.0,0.0,0.0,0.0,0.0,0.0,0.0,0.0,0.0 
 07/21  17:53:00,27.4,35.93520010148117,36.603665918047625,35.93520010148117,0.0,0.0,36.603665918047625,0.0,0.0,0.0,0.0,0.0,0.0,0.0,0.0,0.0,0.0,0.0,0.0,0.0,0.0 
 07/21  17:54:00,27.4,35.95692278137212,36.6006955996766,35.95692278137212,0.0,0.0,36.6006955996766,0.0,0.0,0.0,0.0,0.0,0.0,0.0,0.0,0.0,0.0,0.0,0.0,0.0,0.0 
 07/21  17:55:00,27.4,35.978396761760315,36.59755411786348,35.978396761760315,0.0,0.0,36.59755411786348,0.0,0.0,0.0,0.0,0.0,0.0,0.0,0.0,0.0,0.0,0.0,0.0,0.0,0.0 
 07/21  17:56:00,27.4,35.99960920346114,36.59424223239594,35.99960920346114,0.0,0.0,36.59424223239594,0.0,0.0,0.0,0.0,0.0,0.0,0.0,0.0,0.0,0.0,0.0,0.0,0.0,0.0 
 07/21  17:57:00,27.4,36.02057159255422,36.59076129198581,36.02057159255422,0.0,0.0,36.59076129198581,0.0,0.0,0.0,0.0,0.0,0.0,0.0,0.0,0.0,0.0,0.0,0.0,0.0,0.0 
 07/21  17:58:00,27.4,36.04127206734129,36.587112550988444,36.04127206734129,0.0,0.0,36.587112550988444,0.0,0.0,0.0,0.0,0.0,0.0,0.0,0.0,0.0,0.0,0.0,0.0,0.0,0.0 
 07/21  17:59:00,27.4,36.0617227004792,36.583297332193524,36.0617227004792,0.0,0.0,36.583297332193524,0.0,0.0,0.0,0.0,0.0,0.0,0.0,0.0,0.0,0.0,0.0,0.0,0.0,0.0 
 07/21  18:00:00,27.4,36.08191222506175,36.57931663358891,36.08191222506175,0.0,0.0,36.57931663358891,0.0,0.0,0.0,0.0,0.0,0.0,0.0,0.0,0.0,0.0,0.0,0.0,0.0,0.0,88387200.0 
 07/21  18:01:00,26.5,35.99569882151019,36.55673683089592,35.99569882151019,0.0,0.0,36.55673683089592,0.0,0.0,0.0,0.0,0.0,0.0,0.0,0.0,0.0,0.0,0.0,0.0,0.0,0.0 
 07/21  18:02:00,26.5,35.865527704761945,36.522806967565636,35.865527704761945,0.0,0.0,36.522806967565636,0.0,0.0,0.0,0.0,0.0,0.0,0.0,0.0,0.0,0.0,0.0,0.0,0.0,0.0 
 07/21  18:03:00,26.5,35.749131198181196,36.48558724903775,35.749131198181196,0.0,0.0,36.48558724903775,0.0,0.0,0.0,0.0,0.0,0.0,0.0,0.0,0.0,0.0,0.0,0.0,0.0,0.0 
 07/21  18:04:00,26.5,35.66599824945583,36.44888588821661,35.66599824945583,0.0,0.0,36.44888588821661,0.0,0.0,0.0,0.0,0.0,0.0,0.0,0.0,0.0,0.0,0.0,0.0,0.0,0.0 
 07/21  18:05:00,26.5,35.61279324443119,36.41362872616244,35.61279324443119,0.0,0.0,36.41362872616244,0.0,0.0,0.0,0.0,0.0,0.0,0.0,0.0,0.0,0.0,0.0,0.0,0.0,0.0 
 07/21  18:06:00,26.5,35.580003902980366,36.37967772849707,35.580003902980366,0.0,0.0,36.37967772849707,0.0,0.0,0.0,0.0,0.0,0.0,0.0,0.0,0.0,0.0,0.0,0.0,0.0,0.0 
 07/21  18:07:00,26.5,35.559897152321696,36.34675035350023,35.559897152321696,0.0,0.0,36.34675035350023,0.0,0.0,0.0,0.0,0.0,0.0,0.0,0.0,0.0,0.0,0.0,0.0,0.0,0.0 
 07/21  18:08:00,26.5,35.54783394486481,36.31466705714611,35.54783394486481,0.0,0.0,36.31466705714611,0.0,0.0,0.0,0.0,0.0,0.0,0.0,0.0,0.0,0.0,0.0,0.0,0.0,0.0 
 07/21  18:09:00,26.5,35.54133151716135,36.28334501731504,35.54133151716135,0.0,0.0,36.28334501731504,0.0,0.0,0.0,0.0,0.0,0.0,0.0,0.0,0.0,0.0,0.0,0.0,0.0,0.0 
 07/21  18:10:00,26.5,35.538960601503156,36.2527444070472,35.538960601503156,0.0,0.0,36.2527444070472,0.0,0.0,0.0,0.0,0.0,0.0,0.0,0.0,0.0,0.0,0.0,0.0,0.0,0.0 
 07/21  18:11:00,26.5,35.53975474949223,36.222836281544936,35.53975474949223,0.0,0.0,36.222836281544936,0.0,0.0,0.0,0.0,0.0,0.0,0.0,0.0,0.0,0.0,0.0,0.0,0.0,0.0 
 07/21  18:12:00,26.5,35.54295274883745,36.19359095087397,35.54295274883745,0.0,0.0,36.19359095087397,0.0,0.0,0.0,0.0,0.0,0.0,0.0,0.0,0.0,0.0,0.0,0.0,0.0,0.0 
 07/21  18:13:00,26.5,35.547954102758204,36.16497852658317,35.547954102758204,0.0,0.0,36.16497852658317,0.0,0.0,0.0,0.0,0.0,0.0,0.0,0.0,0.0,0.0,0.0,0.0,0.0,0.0 
 07/21  18:14:00,26.5,35.55427709182174,36.1369677336717,35.55427709182174,0.0,0.0,36.1369677336717,0.0,0.0,0.0,0.0,0.0,0.0,0.0,0.0,0.0,0.0,0.0,0.0,0.0,0.0 
 07/21  18:15:00,26.5,35.56156309222542,36.1095288306834,35.56156309222542,0.0,0.0,36.1095288306834,0.0,0.0,0.0,0.0,0.0,0.0,0.0,0.0,0.0,0.0,0.0,0.0,0.0,0.0 
 07/21  18:16:00,26.5,35.569531098837096,36.08263322028961,35.569531098837096,0.0,0.0,36.08263322028961,0.0,0.0,0.0,0.0,0.0,0.0,0.0,0.0,0.0,0.0,0.0,0.0,0.0,0.0 
 07/21  18:17:00,26.5,35.57798039053301,36.056253484973176,35.57798039053301,0.0,0.0,36.056253484973176,0.0,0.0,0.0,0.0,0.0,0.0,0.0,0.0,0.0,0.0,0.0,0.0,0.0,0.0 
 07/21  18:18:00,26.5,35.58674810413406,36.03036299264286,35.58674810413406,0.0,0.0,36.03036299264286,0.0,0.0,0.0,0.0,0.0,0.0,0.0,0.0,0.0,0.0,0.0,0.0,0.0,0.0 
 07/21  18:19:00,26.5,35.595721758401346,36.00493716246588,35.595721758401346,0.0,0.0,36.00493716246588,0.0,0.0,0.0,0.0,0.0,0.0,0.0,0.0,0.0,0.0,0.0,0.0,0.0,0.0 
 07/21  18:20:00,26.5,35.60480365871563,35.97995146787677,35.60480365871563,0.0,0.0,35.97995146787677,0.0,0.0,0.0,0.0,0.0,0.0,0.0,0.0,0.0,0.0,0.0,0.0,0.0,0.0 
 07/21  18:21:00,26.5,35.61393082243191,35.95538297309646,35.61393082243191,0.0,0.0,35.95538297309646,0.0,0.0,0.0,0.0,0.0,0.0,0.0,0.0,0.0,0.0,0.0,0.0,0.0,0.0 
 07/21  18:22:00,26.5,35.623042687893616,35.931209739791626,35.623042687893616,0.0,0.0,35.931209739791626,0.0,0.0,0.0,0.0,0.0,0.0,0.0,0.0,0.0,0.0,0.0,0.0,0.0,0.0 
 07/21  18:23:00,26.5,35.63210496864605,35.907410714062635,35.63210496864605,0.0,0.0,35.907410714062635,0.0,0.0,0.0,0.0,0.0,0.0,0.0,0.0,0.0,0.0,0.0,0.0,0.0,0.0 
 07/21  18:24:00,26.5,35.64107866677858,35.88396549855395,35.64107866677858,0.0,0.0,35.88396549855395,0.0,0.0,0.0,0.0,0.0,0.0,0.0,0.0,0.0,0.0,0.0,0.0,0.0,0.0 
 07/21  18:25:00,26.5,35.649946281713895,35.860855435893704,35.649946281713895,0.0,0.0,35.860855435893704,0.0,0.0,0.0,0.0,0.0,0.0,0.0,0.0,0.0,0.0,0.0,0.0,0.0,0.0 
 07/21  18:26:00,26.5,35.65868134375712,35.83806189796003,35.65868134375712,0.0,0.0,35.83806189796003,0.0,0.0,0.0,0.0,0.0,0.0,0.0,0.0,0.0,0.0,0.0,0.0,0.0,0.0 
 07/21  18:27:00,26.5,35.66727619502748,35.8155676110581,35.66727619502748,0.0,0.0,35.8155676110581,0.0,0.0,0.0,0.0,0.0,0.0,0.0,0.0,0.0,0.0,0.0,0.0,0.0,0.0 
 07/21  18:28:00,26.5,35.67571164536328,35.79335617589529,35.67571164536328,0.0,0.0,35.79335617589529,0.0,0.0,0.0,0.0,0.0,0.0,0.0,0.0,0.0,0.0,0.0,0.0,0.0,0.0 
 07/21  18:29:00,26.5,35.68398584715172,35.77141189495533,35.68398584715172,0.0,0.0,35.77141189495533,0.0,0.0,0.0,0.0,0.0,0.0,0.0,0.0,0.0,0.0,0.0,0.0,0.0,0.0 
 07/21  18:30:00,26.5,35.69208385560502,35.749719614726864,35.69208385560502,0.0,0.0,35.749719614726864,0.0,0.0,0.0,0.0,0.0,0.0,0.0,0.0,0.0,0.0,0.0,0.0,0.0,0.0 
 07/21  18:31:00,26.5,35.70000729364251,35.72826565796232,35.70000729364251,0.0,0.0,35.72826565796232,0.0,0.0,0.0,0.0,0.0,0.0,0.0,0.0,0.0,0.0,0.0,0.0,0.0,0.0 
 07/21  18:32:00,26.5,35.707743713955566,35.707036280825804,35.707743713955566,0.0,0.0,35.707036280825804,0.0,0.0,0.0,0.0,0.0,0.0,0.0,0.0,0.0,0.0,0.0,0.0,0.0,0.0 
 07/21  18:33:00,26.5,35.71529685218839,35.68601883475935,35.71529685218839,0.0,0.0,35.68601883475935,0.0,0.0,0.0,0.0,0.0,0.0,0.0,0.0,0.0,0.0,0.0,0.0,0.0,0.0 
 07/21  18:34:00,26.5,35.72265575934548,35.665201354168836,35.72265575934548,0.0,0.0,35.665201354168836,0.0,0.0,0.0,0.0,0.0,0.0,0.0,0.0,0.0,0.0,0.0,0.0,0.0,0.0 
 07/21  18:35:00,26.5,35.7298254967858,35.644572334648444,35.7298254967858,0.0,0.0,35.644572334648444,0.0,0.0,0.0,0.0,0.0,0.0,0.0,0.0,0.0,0.0,0.0,0.0,0.0,0.0 
 07/21  18:36:00,26.5,35.73679605027801,35.624120625505526,35.73679605027801,0.0,0.0,35.624120625505526,0.0,0.0,0.0,0.0,0.0,0.0,0.0,0.0,0.0,0.0,0.0,0.0,0.0,0.0 
 07/21  18:37:00,26.5,35.7435733504515,35.60383625363319,35.7435733504515,0.0,0.0,35.60383625363319,0.0,0.0,0.0,0.0,0.0,0.0,0.0,0.0,0.0,0.0,0.0,0.0,0.0,0.0 
 07/21  18:38:00,26.5,35.75014800466169,35.5837090348612,35.75014800466169,0.0,0.0,35.5837090348612,0.0,0.0,0.0,0.0,0.0,0.0,0.0,0.0,0.0,0.0,0.0,0.0,0.0,0.0 
 07/21  18:39:00,26.5,35.75652654520929,35.56372963123409,35.75652654520929,0.0,0.0,35.56372963123409,0.0,0.0,0.0,0.0,0.0,0.0,0.0,0.0,0.0,0.0,0.0,0.0,0.0,0.0 
 07/21  18:40:00,26.5,35.76270002778703,35.543889226740646,35.76270002778703,0.0,0.0,35.543889226740646,0.0,0.0,0.0,0.0,0.0,0.0,0.0,0.0,0.0,0.0,0.0,0.0,0.0,0.0 
 07/21  18:41:00,26.5,35.768675424148704,35.52417929437453,35.768675424148704,0.0,0.0,35.52417929437453,0.0,0.0,0.0,0.0,0.0,0.0,0.0,0.0,0.0,0.0,0.0,0.0,0.0,0.0 
 07/21  18:42:00,26.5,35.77445216071769,35.50459059481434,35.77445216071769,0.0,0.0,35.50459059481434,0.0,0.0,0.0,0.0,0.0,0.0,0.0,0.0,0.0,0.0,0.0,0.0,0.0,0.0 
 07/21  18:43:00,26.5,35.78003559237447,35.48511580724397,35.78003559237447,0.0,0.0,35.48511580724397,0.0,0.0,0.0,0.0,0.0,0.0,0.0,0.0,0.0,0.0,0.0,0.0,0.0,0.0 
 07/21  18:44:00,26.5,35.785412825014625,35.46574775440347,35.785412825014625,0.0,0.0,35.46574775440347,0.0,0.0,0.0,0.0,0.0,0.0,0.0,0.0,0.0,0.0,0.0,0.0,0.0,0.0 
 07/21  18:45:00,26.5,35.79058998232175,35.446479835830715,35.79058998232175,0.0,0.0,35.446479835830715,0.0,0.0,0.0,0.0,0.0,0.0,0.0,0.0,0.0,0.0,0.0,0.0,0.0,0.0 
 07/21  18:46:00,26.5,35.79555792724165,35.42730579231758,35.79555792724165,0.0,0.0,35.42730579231758,0.0,0.0,0.0,0.0,0.0,0.0,0.0,0.0,0.0,0.0,0.0,0.0,0.0,0.0 
 07/21  18:47:00,26.5,35.800324408485714,35.408219490737736,35.800324408485714,0.0,0.0,35.408219490737736,0.0,0.0,0.0,0.0,0.0,0.0,0.0,0.0,0.0,0.0,0.0,0.0,0.0,0.0 
 07/21  18:48:00,26.5,35.804881202347275,35.38921497580586,35.804881202347275,0.0,0.0,35.38921497580586,0.0,0.0,0.0,0.0,0.0,0.0,0.0,0.0,0.0,0.0,0.0,0.0,0.0,0.0 
 07/21  18:49:00,26.5,35.809236530750375,35.370287145321406,35.809236530750375,0.0,0.0,35.370287145321406,0.0,0.0,0.0,0.0,0.0,0.0,0.0,0.0,0.0,0.0,0.0,0.0,0.0,0.0 
 07/21  18:50:00,26.5,35.81338257381717,35.351430613716424,35.81338257381717,0.0,0.0,35.351430613716424,0.0,0.0,0.0,0.0,0.0,0.0,0.0,0.0,0.0,0.0,0.0,0.0,0.0,0.0 
 07/21  18:51:00,26.5,35.81732776881283,35.33264058331059,35.81732776881283,0.0,0.0,35.33264058331059,0.0,0.0,0.0,0.0,0.0,0.0,0.0,0.0,0.0,0.0,0.0,0.0,0.0,0.0 
 07/21  18:52:00,26.5,35.821064545483225,35.313912645480976,35.821064545483225,0.0,0.0,35.313912645480976,0.0,0.0,0.0,0.0,0.0,0.0,0.0,0.0,0.0,0.0,0.0,0.0,0.0,0.0 
 07/21  18:53:00,26.5,35.82460144634222,35.295242487496786,35.82460144634222,0.0,0.0,35.295242487496786,0.0,0.0,0.0,0.0,0.0,0.0,0.0,0.0,0.0,0.0,0.0,0.0,0.0,0.0 
 07/21  18:54:00,26.5,35.82793109401894,35.27662595139266,35.82793109401894,0.0,0.0,35.27662595139266,0.0,0.0,0.0,0.0,0.0,0.0,0.0,0.0,0.0,0.0,0.0,0.0,0.0,0.0 
 07/21  18:55:00,26.5,35.83106209136209,35.25805961537786,35.83106209136209,0.0,0.0,35.25805961537786,0.0,0.0,0.0,0.0,0.0,0.0,0.0,0.0,0.0,0.0,0.0,0.0,0.0,0.0 
 07/21  18:56:00,26.5,35.83398724517316,35.239539759560046,35.83398724517316,0.0,0.0,35.239539759560046,0.0,0.0,0.0,0.0,0.0,0.0,0.0,0.0,0.0,0.0,0.0,0.0,0.0,0.0 
 07/21  18:57:00,26.5,35.83671520178222,35.22106314294172,35.83671520178222,0.0,0.0,35.22106314294172,0.0,0.0,0.0,0.0,0.0,0.0,0.0,0.0,0.0,0.0,0.0,0.0,0.0,0.0 
 07/21  18:58:00,26.5,35.8392389599695,35.202626864732906,35.8392389599695,0.0,0.0,35.202626864732906,0.0,0.0,0.0,0.0,0.0,0.0,0.0,0.0,0.0,0.0,0.0,0.0,0.0,0.0 
 07/21  18:59:00,26.5,35.8415672002478,35.18422803846718,35.8415672002478,0.0,0.0,35.18422803846718,0.0,0.0,0.0,0.0,0.0,0.0,0.0,0.0,0.0,0.0,0.0,0.0,0.0,0.0 
 07/21  19:00:00,26.5,35.84369312440478,35.16586389892037,35.84369312440478,0.0,0.0,35.16586389892037,0.0,0.0,0.0,0.0,0.0,0.0,0.0,0.0,0.0,0.0,0.0,0.0,0.0,0.0,49104000.0 
 07/21  19:01:00,25.6,35.84554701694485,35.147363533508816,35.84554701694485,0.0,0.0,35.147363533508816,0.0,0.0,0.0,0.0,0.0,0.0,0.0,0.0,0.0,0.0,0.0,0.0,0.0,0.0 
 07/21  19:02:00,25.6,35.84716675026398,35.12879045770571,35.84716675026398,0.0,0.0,35.12879045770571,0.0,0.0,0.0,0.0,0.0,0.0,0.0,0.0,0.0,0.0,0.0,0.0,0.0,0.0 
 07/21  19:03:00,25.6,35.8486035633767,35.11021607609168,35.8486035633767,0.0,0.0,35.11021607609168,0.0,0.0,0.0,0.0,0.0,0.0,0.0,0.0,0.0,0.0,0.0,0.0,0.0,0.0 
 07/21  19:04:00,25.6,35.849866601873345,35.091673374564245,35.849866601873345,0.0,0.0,35.091673374564245,0.0,0.0,0.0,0.0,0.0,0.0,0.0,0.0,0.0,0.0,0.0,0.0,0.0,0.0 
 07/21  19:05:00,25.6,35.85096318323446,35.07316902369863,35.85096318323446,0.0,0.0,35.07316902369863,0.0,0.0,0.0,0.0,0.0,0.0,0.0,0.0,0.0,0.0,0.0,0.0,0.0,0.0 
 07/21  19:06:00,25.6,35.85188065476026,35.05470010082593,35.85188065476026,0.0,0.0,35.05470010082593,0.0,0.0,0.0,0.0,0.0,0.0,0.0,0.0,0.0,0.0,0.0,0.0,0.0,0.0 
 07/21  19:07:00,25.6,35.852622052605554,35.036262857088644,35.852622052605554,0.0,0.0,35.036262857088644,0.0,0.0,0.0,0.0,0.0,0.0,0.0,0.0,0.0,0.0,0.0,0.0,0.0,0.0 
 07/21  19:08:00,25.6,35.85317787720031,35.01785417380071,35.85317787720031,0.0,0.0,35.01785417380071,0.0,0.0,0.0,0.0,0.0,0.0,0.0,0.0,0.0,0.0,0.0,0.0,0.0,0.0 
 07/21  19:09:00,25.6,35.8535547799437,34.99947206815631,35.8535547799437,0.0,0.0,34.99947206815631,0.0,0.0,0.0,0.0,0.0,0.0,0.0,0.0,0.0,0.0,0.0,0.0,0.0,0.0 
 07/21  19:10:00,25.6,35.853745874551954,34.98111519584902,35.853745874551954,0.0,0.0,34.98111519584902,0.0,0.0,0.0,0.0,0.0,0.0,0.0,0.0,0.0,0.0,0.0,0.0,0.0,0.0 
 07/21  19:11:00,25.6,35.85375898644138,34.96278215549525,35.85375898644138,0.0,0.0,34.96278215549525,0.0,0.0,0.0,0.0,0.0,0.0,0.0,0.0,0.0,0.0,0.0,0.0,0.0,0.0 
 07/21  19:12:00,25.6,35.85358803730021,34.94447159324496,35.85358803730021,0.0,0.0,34.94447159324496,0.0,0.0,0.0,0.0,0.0,0.0,0.0,0.0,0.0,0.0,0.0,0.0,0.0,0.0 
 07/21  19:13:00,25.6,35.853241133409334,34.926182524399366,35.853241133409334,0.0,0.0,34.926182524399366,0.0,0.0,0.0,0.0,0.0,0.0,0.0,0.0,0.0,0.0,0.0,0.0,0.0,0.0 
 07/21  19:14:00,25.6,35.85271266683501,34.90791364246085,35.85271266683501,0.0,0.0,34.90791364246085,0.0,0.0,0.0,0.0,0.0,0.0,0.0,0.0,0.0,0.0,0.0,0.0,0.0,0.0 
 07/21  19:15:00,25.6,35.85201088423139,34.88966382325518,35.85201088423139,0.0,0.0,34.88966382325518,0.0,0.0,0.0,0.0,0.0,0.0,0.0,0.0,0.0,0.0,0.0,0.0,0.0,0.0 
 07/21  19:16:00,25.6,35.85113056070974,34.87143218482925,35.85113056070974,0.0,0.0,34.87143218482925,0.0,0.0,0.0,0.0,0.0,0.0,0.0,0.0,0.0,0.0,0.0,0.0,0.0,0.0 
 07/21  19:17:00,25.6,35.85007999207176,34.853217658994474,35.85007999207176,0.0,0.0,34.853217658994474,0.0,0.0,0.0,0.0,0.0,0.0,0.0,0.0,0.0,0.0,0.0,0.0,0.0,0.0 
 07/21  19:18:00,25.6,35.84885425394511,34.83501925655093,35.84885425394511,0.0,0.0,34.83501925655093,0.0,0.0,0.0,0.0,0.0,0.0,0.0,0.0,0.0,0.0,0.0,0.0,0.0,0.0 
 07/21  19:19:00,25.6,35.84746161587552,34.81683632564503,35.84746161587552,0.0,0.0,34.81683632564503,0.0,0.0,0.0,0.0,0.0,0.0,0.0,0.0,0.0,0.0,0.0,0.0,0.0,0.0 
 07/21  19:20:00,25.6,35.845897394153276,34.79866795792467,35.845897394153276,0.0,0.0,34.79866795792467,0.0,0.0,0.0,0.0,0.0,0.0,0.0,0.0,0.0,0.0,0.0,0.0,0.0,0.0 
 07/21  19:21:00,25.6,35.84416978285095,34.7805133976942,35.84416978285095,0.0,0.0,34.7805133976942,0.0,0.0,0.0,0.0,0.0,0.0,0.0,0.0,0.0,0.0,0.0,0.0,0.0,0.0 
 07/21  19:22:00,25.6,35.84227429896737,34.76237215752307,35.84227429896737,0.0,0.0,34.76237215752307,0.0,0.0,0.0,0.0,0.0,0.0,0.0,0.0,0.0,0.0,0.0,0.0,0.0,0.0 
 07/21  19:23:00,25.6,35.84021902892587,34.74424355358889,35.84021902892587,0.0,0.0,34.74424355358889,0.0,0.0,0.0,0.0,0.0,0.0,0.0,0.0,0.0,0.0,0.0,0.0,0.0,0.0 
 07/21  19:24:00,25.6,35.8379996622823,34.7261270157892,35.8379996622823,0.0,0.0,34.7261270157892,0.0,0.0,0.0,0.0,0.0,0.0,0.0,0.0,0.0,0.0,0.0,0.0,0.0,0.0 
 07/21  19:25:00,25.6,35.83562415623952,34.70802227053909,35.83562415623952,0.0,0.0,34.70802227053909,0.0,0.0,0.0,0.0,0.0,0.0,0.0,0.0,0.0,0.0,0.0,0.0,0.0,0.0 
 07/21  19:26:00,25.6,35.83308835301692,34.689928838349644,35.83308835301692,0.0,0.0,34.689928838349644,0.0,0.0,0.0,0.0,0.0,0.0,0.0,0.0,0.0,0.0,0.0,0.0,0.0,0.0 
 07/21  19:27:00,25.6,35.83040006673159,34.67184635849915,35.83040006673159,0.0,0.0,34.67184635849915,0.0,0.0,0.0,0.0,0.0,0.0,0.0,0.0,0.0,0.0,0.0,0.0,0.0,0.0 
 07/21  19:28:00,25.6,35.827555278960894,34.653774755418574,35.827555278960894,0.0,0.0,34.653774755418574,0.0,0.0,0.0,0.0,0.0,0.0,0.0,0.0,0.0,0.0,0.0,0.0,0.0,0.0 
 07/21  19:29:00,25.6,35.82456165269016,34.635713739463235,35.82456165269016,0.0,0.0,34.635713739463235,0.0,0.0,0.0,0.0,0.0,0.0,0.0,0.0,0.0,0.0,0.0,0.0,0.0,0.0 
 07/21  19:30:00,25.6,35.82141530076152,34.61766315644114,35.82141530076152,0.0,0.0,34.61766315644114,0.0,0.0,0.0,0.0,0.0,0.0,0.0,0.0,0.0,0.0,0.0,0.0,0.0,0.0 
 07/21  19:31:00,25.6,35.81812373120523,34.59962309933311,35.81812373120523,0.0,0.0,34.59962309933311,0.0,0.0,0.0,0.0,0.0,0.0,0.0,0.0,0.0,0.0,0.0,0.0,0.0,0.0 
 07/21  19:32:00,25.6,35.814683183921645,34.58159349284711,35.814683183921645,0.0,0.0,34.58159349284711,0.0,0.0,0.0,0.0,0.0,0.0,0.0,0.0,0.0,0.0,0.0,0.0,0.0,0.0 
 07/21  19:33:00,25.6,35.81110101100814,34.56357433897526,35.81110101100814,0.0,0.0,34.56357433897526,0.0,0.0,0.0,0.0,0.0,0.0,0.0,0.0,0.0,0.0,0.0,0.0,0.0,0.0 
 07/21  19:34:00,25.6,35.80737357787107,34.545565931503994,35.80737357787107,0.0,0.0,34.545565931503994,0.0,0.0,0.0,0.0,0.0,0.0,0.0,0.0,0.0,0.0,0.0,0.0,0.0,0.0 
 07/21  19:35:00,25.6,35.80350808140726,34.5275683277097,35.80350808140726,0.0,0.0,34.5275683277097,0.0,0.0,0.0,0.0,0.0,0.0,0.0,0.0,0.0,0.0,0.0,0.0,0.0,0.0 
 07/21  19:36:00,25.6,35.799501012565415,34.50958173485455,35.799501012565415,0.0,0.0,34.50958173485455,0.0,0.0,0.0,0.0,0.0,0.0,0.0,0.0,0.0,0.0,0.0,0.0,0.0,0.0 
 07/21  19:37:00,25.6,35.79535941461011,34.491606556199244,35.79535941461011,0.0,0.0,34.491606556199244,0.0,0.0,0.0,0.0,0.0,0.0,0.0,0.0,0.0,0.0,0.0,0.0,0.0,0.0 
 07/21  19:38:00,25.6,35.791079904807916,34.47364306041077,35.791079904807916,0.0,0.0,34.47364306041077,0.0,0.0,0.0,0.0,0.0,0.0,0.0,0.0,0.0,0.0,0.0,0.0,0.0,0.0 
 07/21  19:39:00,25.6,35.78666937457961,34.455691553129405,35.78666937457961,0.0,0.0,34.455691553129405,0.0,0.0,0.0,0.0,0.0,0.0,0.0,0.0,0.0,0.0,0.0,0.0,0.0,0.0 
 07/21  19:40:00,25.6,35.7821245684039,34.43775263715307,35.7821245684039,0.0,0.0,34.43775263715307,0.0,0.0,0.0,0.0,0.0,0.0,0.0,0.0,0.0,0.0,0.0,0.0,0.0,0.0 
 07/21  19:41:00,25.6,35.77745222747914,34.41982666039431,35.77745222747914,0.0,0.0,34.41982666039431,0.0,0.0,0.0,0.0,0.0,0.0,0.0,0.0,0.0,0.0,0.0,0.0,0.0,0.0 
 07/21  19:42:00,25.6,35.77264922409878,34.401914136819855,35.77264922409878,0.0,0.0,34.401914136819855,0.0,0.0,0.0,0.0,0.0,0.0,0.0,0.0,0.0,0.0,0.0,0.0,0.0,0.0 
 07/21  19:43:00,25.6,35.76772215048953,34.3840157320012,35.76772215048953,0.0,0.0,34.3840157320012,0.0,0.0,0.0,0.0,0.0,0.0,0.0,0.0,0.0,0.0,0.0,0.0,0.0,0.0 
 07/21  19:44:00,25.6,35.762668006833444,34.3661320149777,35.762668006833444,0.0,0.0,34.3661320149777,0.0,0.0,0.0,0.0,0.0,0.0,0.0,0.0,0.0,0.0,0.0,0.0,0.0,0.0 
 07/21  19:45:00,25.6,35.75749323719707,34.34826356151933,35.75749323719707,0.0,0.0,34.34826356151933,0.0,0.0,0.0,0.0,0.0,0.0,0.0,0.0,0.0,0.0,0.0,0.0,0.0,0.0 
 07/21  19:46:00,25.6,35.75219496909003,34.33041125789564,35.75219496909003,0.0,0.0,34.33041125789564,0.0,0.0,0.0,0.0,0.0,0.0,0.0,0.0,0.0,0.0,0.0,0.0,0.0,0.0 
 07/21  19:47:00,25.6,35.74677949881194,34.312575731358976,35.74677949881194,0.0,0.0,34.312575731358976,0.0,0.0,0.0,0.0,0.0,0.0,0.0,0.0,0.0,0.0,0.0,0.0,0.0,0.0 
 07/21  19:48:00,25.6,35.74124407998985,34.29475780448612,35.74124407998985,0.0,0.0,34.29475780448612,0.0,0.0,0.0,0.0,0.0,0.0,0.0,0.0,0.0,0.0,0.0,0.0,0.0,0.0 
 07/21  19:49:00,25.6,35.73559486120484,34.27695842844516,35.73559486120484,0.0,0.0,34.27695842844516,0.0,0.0,0.0,0.0,0.0,0.0,0.0,0.0,0.0,0.0,0.0,0.0,0.0,0.0 
 07/21  19:50:00,25.6,35.72982922038537,34.25917851789599,35.72982922038537,0.0,0.0,34.25917851789599,0.0,0.0,0.0,0.0,0.0,0.0,0.0,0.0,0.0,0.0,0.0,0.0,0.0,0.0 
 07/21  19:51:00,25.6,35.72395315819694,34.24141899806104,35.72395315819694,0.0,0.0,34.24141899806104,0.0,0.0,0.0,0.0,0.0,0.0,0.0,0.0,0.0,0.0,0.0,0.0,0.0,0.0 
 07/21  19:52:00,25.6,35.717964174524134,34.22368115859935,35.717964174524134,0.0,0.0,34.22368115859935,0.0,0.0,0.0,0.0,0.0,0.0,0.0,0.0,0.0,0.0,0.0,0.0,0.0,0.0 
 07/21  19:53:00,25.6,35.711868121778906,34.20596608737575,35.711868121778906,0.0,0.0,34.20596608737575,0.0,0.0,0.0,0.0,0.0,0.0,0.0,0.0,0.0,0.0,0.0,0.0,0.0,0.0 
 07/21  19:54:00,25.6,35.70566261901752,34.18827518122585,35.70566261901752,0.0,0.0,34.18827518122585,0.0,0.0,0.0,0.0,0.0,0.0,0.0,0.0,0.0,0.0,0.0,0.0,0.0,0.0 
 07/21  19:55:00,25.6,35.69935337001847,34.17061007959923,35.69935337001847,0.0,0.0,34.17061007959923,0.0,0.0,0.0,0.0,0.0,0.0,0.0,0.0,0.0,0.0,0.0,0.0,0.0,0.0 
 07/21  19:56:00,25.6,35.692938109879,34.15297267078056,35.692938109879,0.0,0.0,34.15297267078056,0.0,0.0,0.0,0.0,0.0,0.0,0.0,0.0,0.0,0.0,0.0,0.0,0.0,0.0 
 07/21  19:57:00,25.6,35.68642239340769,34.135365309519074,35.68642239340769,0.0,0.0,34.135365309519074,0.0,0.0,0.0,0.0,0.0,0.0,0.0,0.0,0.0,0.0,0.0,0.0,0.0,0.0 
 07/21  19:58:00,25.6,35.67980406835268,34.117792011750915,35.67980406835268,0.0,0.0,34.117792011750915,0.0,0.0,0.0,0.0,0.0,0.0,0.0,0.0,0.0,0.0,0.0,0.0,0.0,0.0 
 07/21  19:59:00,25.6,35.673088540329566,34.100255497673565,35.673088540329566,0.0,0.0,34.100255497673565,0.0,0.0,0.0,0.0,0.0,0.0,0.0,0.0,0.0,0.0,0.0,0.0,0.0,0.0 
 07/21  20:00:00,25.6,35.666273766166285,34.08275148529779,35.666273766166285,0.0,0.0,34.08275148529779,0.0,0.0,0.0,0.0,0.0,0.0,0.0,0.0,0.0,0.0,0.0,0.0,0.0,0.0,49104000.0 
 07/21  20:01:00,24.7,35.659287501431656,34.065106448500465,35.659287501431656,0.0,0.0,34.065106448500465,0.0,0.0,0.0,0.0,0.0,0.0,0.0,0.0,0.0,0.0,0.0,0.0,0.0,0.0 
 07/21  20:02:00,24.7,35.652172053482886,34.04738269914182,35.652172053482886,0.0,0.0,34.04738269914182,0.0,0.0,0.0,0.0,0.0,0.0,0.0,0.0,0.0,0.0,0.0,0.0,0.0,0.0 
 07/21  20:03:00,24.7,35.64497466100327,34.02965120362325,35.64497466100327,0.0,0.0,34.02965120362325,0.0,0.0,0.0,0.0,0.0,0.0,0.0,0.0,0.0,0.0,0.0,0.0,0.0,0.0 
 07/21  20:04:00,24.7,35.63770868299495,34.011945325691684,35.63770868299495,0.0,0.0,34.011945325691684,0.0,0.0,0.0,0.0,0.0,0.0,0.0,0.0,0.0,0.0,0.0,0.0,0.0,0.0 
 07/21  20:05:00,24.7,35.63037747756158,33.99427229621506,35.63037747756158,0.0,0.0,33.99427229621506,0.0,0.0,0.0,0.0,0.0,0.0,0.0,0.0,0.0,0.0,0.0,0.0,0.0,0.0 
 07/21  20:06:00,24.7,35.62297270001666,33.9766300736581,35.62297270001666,0.0,0.0,33.9766300736581,0.0,0.0,0.0,0.0,0.0,0.0,0.0,0.0,0.0,0.0,0.0,0.0,0.0,0.0 
 07/21  20:07:00,24.7,35.61549346148367,33.959015395867944,35.61549346148367,0.0,0.0,33.959015395867944,0.0,0.0,0.0,0.0,0.0,0.0,0.0,0.0,0.0,0.0,0.0,0.0,0.0,0.0 
 07/21  20:08:00,24.7,35.607934547360365,33.94142603729914,35.607934547360365,0.0,0.0,33.94142603729914,0.0,0.0,0.0,0.0,0.0,0.0,0.0,0.0,0.0,0.0,0.0,0.0,0.0,0.0 
 07/21  20:09:00,24.7,35.60029861280203,33.923860594556245,35.60029861280203,0.0,0.0,33.923860594556245,0.0,0.0,0.0,0.0,0.0,0.0,0.0,0.0,0.0,0.0,0.0,0.0,0.0,0.0 
 07/21  20:10:00,24.7,35.5925829315144,33.90631840695306,35.5925829315144,0.0,0.0,33.90631840695306,0.0,0.0,0.0,0.0,0.0,0.0,0.0,0.0,0.0,0.0,0.0,0.0,0.0,0.0 
 07/21  20:11:00,24.7,35.58479121750878,33.88879863502449,35.58479121750878,0.0,0.0,33.88879863502449,0.0,0.0,0.0,0.0,0.0,0.0,0.0,0.0,0.0,0.0,0.0,0.0,0.0,0.0 
 07/21  20:12:00,24.7,35.576921398154305,33.871300663797264,35.576921398154305,0.0,0.0,33.871300663797264,0.0,0.0,0.0,0.0,0.0,0.0,0.0,0.0,0.0,0.0,0.0,0.0,0.0,0.0 
 07/21  20:13:00,24.7,35.568977361593355,33.85382384168764,35.568977361593355,0.0,0.0,33.85382384168764,0.0,0.0,0.0,0.0,0.0,0.0,0.0,0.0,0.0,0.0,0.0,0.0,0.0,0.0 
 07/21  20:14:00,24.7,35.56095735050133,33.83636753899038,35.56095735050133,0.0,0.0,33.83636753899038,0.0,0.0,0.0,0.0,0.0,0.0,0.0,0.0,0.0,0.0,0.0,0.0,0.0,0.0 
 07/21  20:15:00,24.7,35.55286530474816,33.81893100004049,35.55286530474816,0.0,0.0,33.81893100004049,0.0,0.0,0.0,0.0,0.0,0.0,0.0,0.0,0.0,0.0,0.0,0.0,0.0,0.0 
 07/21  20:16:00,24.7,35.544699695289765,33.801513770075374,35.544699695289765,0.0,0.0,33.801513770075374,0.0,0.0,0.0,0.0,0.0,0.0,0.0,0.0,0.0,0.0,0.0,0.0,0.0,0.0 
 07/21  20:17:00,24.7,35.53646443842757,33.78411508963815,35.53646443842757,0.0,0.0,33.78411508963815,0.0,0.0,0.0,0.0,0.0,0.0,0.0,0.0,0.0,0.0,0.0,0.0,0.0,0.0 
 07/21  20:18:00,24.7,35.528158149344854,33.76673441437496,35.528158149344854,0.0,0.0,33.76673441437496,0.0,0.0,0.0,0.0,0.0,0.0,0.0,0.0,0.0,0.0,0.0,0.0,0.0,0.0 
 07/21  20:19:00,24.7,35.51978465963569,33.749371163591825,35.51978465963569,0.0,0.0,33.749371163591825,0.0,0.0,0.0,0.0,0.0,0.0,0.0,0.0,0.0,0.0,0.0,0.0,0.0,0.0 
 07/21  20:20:00,24.7,35.511342666641795,33.73202480112475,35.511342666641795,0.0,0.0,33.73202480112475,0.0,0.0,0.0,0.0,0.0,0.0,0.0,0.0,0.0,0.0,0.0,0.0,0.0,0.0 
 07/21  20:21:00,24.7,35.502835881350876,33.71469467186088,35.502835881350876,0.0,0.0,33.71469467186088,0.0,0.0,0.0,0.0,0.0,0.0,0.0,0.0,0.0,0.0,0.0,0.0,0.0,0.0 
 07/21  20:22:00,24.7,35.49426304129165,33.69738042639091,35.49426304129165,0.0,0.0,33.69738042639091,0.0,0.0,0.0,0.0,0.0,0.0,0.0,0.0,0.0,0.0,0.0,0.0,0.0,0.0 
 07/21  20:23:00,24.7,35.48562771758259,33.68008143181021,35.48562771758259,0.0,0.0,33.68008143181021,0.0,0.0,0.0,0.0,0.0,0.0,0.0,0.0,0.0,0.0,0.0,0.0,0.0,0.0 
 07/21  20:24:00,24.7,35.47692865897558,33.66279728118636,35.47692865897558,0.0,0.0,33.66279728118636,0.0,0.0,0.0,0.0,0.0,0.0,0.0,0.0,0.0,0.0,0.0,0.0,0.0,0.0 
 07/21  20:25:00,24.7,35.46816928823645,33.645527541880895,35.46816928823645,0.0,0.0,33.645527541880895,0.0,0.0,0.0,0.0,0.0,0.0,0.0,0.0,0.0,0.0,0.0,0.0,0.0,0.0 
 07/21  20:26:00,24.7,35.45934834667295,33.628271842183146,35.45934834667295,0.0,0.0,33.628271842183146,0.0,0.0,0.0,0.0,0.0,0.0,0.0,0.0,0.0,0.0,0.0,0.0,0.0,0.0 
 07/21  20:27:00,24.7,35.45046910840502,33.61102970512169,35.45046910840502,0.0,0.0,33.61102970512169,0.0,0.0,0.0,0.0,0.0,0.0,0.0,0.0,0.0,0.0,0.0,0.0,0.0,0.0 
 07/21  20:28:00,24.7,35.44153029760086,33.59380095851245,35.44153029760086,0.0,0.0,33.59380095851245,0.0,0.0,0.0,0.0,0.0,0.0,0.0,0.0,0.0,0.0,0.0,0.0,0.0,0.0 
 07/21  20:29:00,24.7,35.432535045677255,33.57658516553066,35.432535045677255,0.0,0.0,33.57658516553066,0.0,0.0,0.0,0.0,0.0,0.0,0.0,0.0,0.0,0.0,0.0,0.0,0.0,0.0 
 07/21  20:30:00,24.7,35.423482057424415,33.55938211334266,35.423482057424415,0.0,0.0,33.55938211334266,0.0,0.0,0.0,0.0,0.0,0.0,0.0,0.0,0.0,0.0,0.0,0.0,0.0,0.0 
 07/21  20:31:00,24.7,35.414374331792175,33.542191566688096,35.414374331792175,0.0,0.0,33.542191566688096,0.0,0.0,0.0,0.0,0.0,0.0,0.0,0.0,0.0,0.0,0.0,0.0,0.0,0.0 
 07/21  20:32:00,24.7,35.40521055762172,33.525013353387,35.40521055762172,0.0,0.0,33.525013353387,0.0,0.0,0.0,0.0,0.0,0.0,0.0,0.0,0.0,0.0,0.0,0.0,0.0,0.0 
 07/21  20:33:00,24.7,35.39599361408258,33.507847200281276,35.39599361408258,0.0,0.0,33.507847200281276,0.0,0.0,0.0,0.0,0.0,0.0,0.0,0.0,0.0,0.0,0.0,0.0,0.0,0.0 
 07/21  20:34:00,24.7,35.3867221813281,33.4906931256427,35.3867221813281,0.0,0.0,33.4906931256427,0.0,0.0,0.0,0.0,0.0,0.0,0.0,0.0,0.0,0.0,0.0,0.0,0.0,0.0 
 07/21  20:35:00,24.7,35.37739903229351,33.473550893463134,35.37739903229351,0.0,0.0,33.473550893463134,0.0,0.0,0.0,0.0,0.0,0.0,0.0,0.0,0.0,0.0,0.0,0.0,0.0,0.0 
 07/21  20:36:00,24.7,35.36803813062911,33.456421458477365,35.36803813062911,0.0,0.0,33.456421458477365,0.0,0.0,0.0,0.0,0.0,0.0,0.0,0.0,0.0,0.0,0.0,0.0,0.0,0.0 
 07/21  20:37:00,24.7,35.35862305701084,33.43930381769177,35.35862305701084,0.0,0.0,33.43930381769177,0.0,0.0,0.0,0.0,0.0,0.0,0.0,0.0,0.0,0.0,0.0,0.0,0.0,0.0 
 07/21  20:38:00,24.7,35.34916056130535,33.4221984462128,35.34916056130535,0.0,0.0,33.4221984462128,0.0,0.0,0.0,0.0,0.0,0.0,0.0,0.0,0.0,0.0,0.0,0.0,0.0,0.0 
 07/21  20:39:00,24.7,35.339655106074495,33.4051054330298,35.339655106074495,0.0,0.0,33.4051054330298,0.0,0.0,0.0,0.0,0.0,0.0,0.0,0.0,0.0,0.0,0.0,0.0,0.0,0.0 
 07/21  20:40:00,24.7,35.33010286411342,33.388024764659285,35.33010286411342,0.0,0.0,33.388024764659285,0.0,0.0,0.0,0.0,0.0,0.0,0.0,0.0,0.0,0.0,0.0,0.0,0.0,0.0 
 07/21  20:41:00,24.7,35.32050524744576,33.37095625174787,35.32050524744576,0.0,0.0,33.37095625174787,0.0,0.0,0.0,0.0,0.0,0.0,0.0,0.0,0.0,0.0,0.0,0.0,0.0,0.0 
 07/21  20:42:00,24.7,35.31085968857703,33.35389994534403,35.31085968857703,0.0,0.0,33.35389994534403,0.0,0.0,0.0,0.0,0.0,0.0,0.0,0.0,0.0,0.0,0.0,0.0,0.0,0.0 
 07/21  20:43:00,24.7,35.301167551567204,33.33685589285223,35.301167551567204,0.0,0.0,33.33685589285223,0.0,0.0,0.0,0.0,0.0,0.0,0.0,0.0,0.0,0.0,0.0,0.0,0.0,0.0 
 07/21  20:44:00,24.7,35.29142695790853,33.31982420455733,35.29142695790853,0.0,0.0,33.31982420455733,0.0,0.0,0.0,0.0,0.0,0.0,0.0,0.0,0.0,0.0,0.0,0.0,0.0,0.0 
 07/21  20:45:00,24.7,35.281639999310606,33.30280489454443,35.281639999310606,0.0,0.0,33.30280489454443,0.0,0.0,0.0,0.0,0.0,0.0,0.0,0.0,0.0,0.0,0.0,0.0,0.0,0.0 
 07/21  20:46:00,24.7,35.271805494467046,33.285798239126414,35.271805494467046,0.0,0.0,33.285798239126414,0.0,0.0,0.0,0.0,0.0,0.0,0.0,0.0,0.0,0.0,0.0,0.0,0.0,0.0 
 07/21  20:47:00,24.7,35.261925833807915,33.268804276601124,35.261925833807915,0.0,0.0,33.268804276601124,0.0,0.0,0.0,0.0,0.0,0.0,0.0,0.0,0.0,0.0,0.0,0.0,0.0,0.0 
 07/21  20:48:00,24.7,35.25200004688785,33.2518232341689,35.25200004688785,0.0,0.0,33.2518232341689,0.0,0.0,0.0,0.0,0.0,0.0,0.0,0.0,0.0,0.0,0.0,0.0,0.0,0.0 
 07/21  20:49:00,24.7,35.242030511863135,33.23485529790682,35.242030511863135,0.0,0.0,33.23485529790682,0.0,0.0,0.0,0.0,0.0,0.0,0.0,0.0,0.0,0.0,0.0,0.0,0.0,0.0 
 07/21  20:50:00,24.7,35.23201630670682,33.21790070895427,35.23201630670682,0.0,0.0,33.21790070895427,0.0,0.0,0.0,0.0,0.0,0.0,0.0,0.0,0.0,0.0,0.0,0.0,0.0,0.0 
 07/21  20:51:00,24.7,35.22195973788616,33.20095959681886,35.22195973788616,0.0,0.0,33.20095959681886,0.0,0.0,0.0,0.0,0.0,0.0,0.0,0.0,0.0,0.0,0.0,0.0,0.0,0.0 
 07/21  20:52:00,24.7,35.2118599139089,33.18403233493102,35.2118599139089,0.0,0.0,33.18403233493102,0.0,0.0,0.0,0.0,0.0,0.0,0.0,0.0,0.0,0.0,0.0,0.0,0.0,0.0 
 07/21  20:53:00,24.7,35.20171906988705,33.167119057637,35.20171906988705,0.0,0.0,33.167119057637,0.0,0.0,0.0,0.0,0.0,0.0,0.0,0.0,0.0,0.0,0.0,0.0,0.0,0.0 
 07/21  20:54:00,24.7,35.191536348939096,33.15022007816218,35.191536348939096,0.0,0.0,33.15022007816218,0.0,0.0,0.0,0.0,0.0,0.0,0.0,0.0,0.0,0.0,0.0,0.0,0.0,0.0 
 07/21  20:55:00,24.7,35.181313920385904,33.13333565439448,35.181313920385904,0.0,0.0,33.13333565439448,0.0,0.0,0.0,0.0,0.0,0.0,0.0,0.0,0.0,0.0,0.0,0.0,0.0,0.0 
 07/21  20:56:00,24.7,35.17105096770369,33.11646610098788,35.17105096770369,0.0,0.0,33.11646610098788,0.0,0.0,0.0,0.0,0.0,0.0,0.0,0.0,0.0,0.0,0.0,0.0,0.0,0.0 
 07/21  20:57:00,24.7,35.160749599751114,33.09961161276433,35.160749599751114,0.0,0.0,33.09961161276433,0.0,0.0,0.0,0.0,0.0,0.0,0.0,0.0,0.0,0.0,0.0,0.0,0.0,0.0 
 07/21  20:58:00,24.7,35.150409045475456,33.08277261696747,35.150409045475456,0.0,0.0,33.08277261696747,0.0,0.0,0.0,0.0,0.0,0.0,0.0,0.0,0.0,0.0,0.0,0.0,0.0,0.0 
 07/21  20:59:00,24.7,35.14003135729317,33.06594930361706,35.14003135729317,0.0,0.0,33.06594930361706,0.0,0.0,0.0,0.0,0.0,0.0,0.0,0.0,0.0,0.0,0.0,0.0,0.0,0.0 
 07/21  21:00:00,24.7,35.12961581312497,33.049142035830975,35.12961581312497,0.0,0.0,33.049142035830975,0.0,0.0,0.0,0.0,0.0,0.0,0.0,0.0,0.0,0.0,0.0,0.0,0.0,0.0,49104000.0 
 07/21  21:01:00,24.3,35.11913063740077,33.032277075843375,35.11913063740077,0.0,0.0,33.032277075843375,0.0,0.0,0.0,0.0,0.0,0.0,0.0,0.0,0.0,0.0,0.0,0.0,0.0,0.0 
 07/21  21:02:00,24.3,35.1085944785773,33.01538364858397,35.1085944785773,0.0,0.0,33.01538364858397,0.0,0.0,0.0,0.0,0.0,0.0,0.0,0.0,0.0,0.0,0.0,0.0,0.0,0.0 
 07/21  21:03:00,24.3,35.09802765427871,32.99849416495151,35.09802765427871,0.0,0.0,32.99849416495151,0.0,0.0,0.0,0.0,0.0,0.0,0.0,0.0,0.0,0.0,0.0,0.0,0.0,0.0 
 07/21  21:04:00,24.3,35.08743614928188,32.98162430897036,35.08743614928188,0.0,0.0,32.98162430897036,0.0,0.0,0.0,0.0,0.0,0.0,0.0,0.0,0.0,0.0,0.0,0.0,0.0,0.0 
 07/21  21:05:00,24.3,35.07682113202196,32.96477803662132,35.07682113202196,0.0,0.0,32.96477803662132,0.0,0.0,0.0,0.0,0.0,0.0,0.0,0.0,0.0,0.0,0.0,0.0,0.0,0.0 
 07/21  21:06:00,24.3,35.06617913509697,32.947955227439245,35.06617913509697,0.0,0.0,32.947955227439245,0.0,0.0,0.0,0.0,0.0,0.0,0.0,0.0,0.0,0.0,0.0,0.0,0.0,0.0 
 07/21  21:07:00,24.3,35.05550950555668,32.931155092793354,35.05550950555668,0.0,0.0,32.931155092793354,0.0,0.0,0.0,0.0,0.0,0.0,0.0,0.0,0.0,0.0,0.0,0.0,0.0,0.0 
 07/21  21:08:00,24.3,35.044810167893026,32.91437730916644,35.044810167893026,0.0,0.0,32.91437730916644,0.0,0.0,0.0,0.0,0.0,0.0,0.0,0.0,0.0,0.0,0.0,0.0,0.0,0.0 
 07/21  21:09:00,24.3,35.03408203622242,32.897621783590274,35.03408203622242,0.0,0.0,32.897621783590274,0.0,0.0,0.0,0.0,0.0,0.0,0.0,0.0,0.0,0.0,0.0,0.0,0.0,0.0 
 07/21  21:10:00,24.3,35.02332413374551,32.8808887856572,35.02332413374551,0.0,0.0,32.8808887856572,0.0,0.0,0.0,0.0,0.0,0.0,0.0,0.0,0.0,0.0,0.0,0.0,0.0,0.0 
 07/21  21:11:00,24.3,35.01253784621255,32.86417836840771,35.01253784621255,0.0,0.0,32.86417836840771,0.0,0.0,0.0,0.0,0.0,0.0,0.0,0.0,0.0,0.0,0.0,0.0,0.0,0.0 
 07/21  21:12:00,24.3,35.0017224902097,32.84749071694523,35.0017224902097,0.0,0.0,32.84749071694523,0.0,0.0,0.0,0.0,0.0,0.0,0.0,0.0,0.0,0.0,0.0,0.0,0.0,0.0 
 07/21  21:13:00,24.3,34.990879534361135,32.83082589188988,34.990879534361135,0.0,0.0,32.83082589188988,0.0,0.0,0.0,0.0,0.0,0.0,0.0,0.0,0.0,0.0,0.0,0.0,0.0,0.0 
 07/21  21:14:00,24.3,34.98000844010229,32.81418398895615,34.98000844010229,0.0,0.0,32.81418398895615,0.0,0.0,0.0,0.0,0.0,0.0,0.0,0.0,0.0,0.0,0.0,0.0,0.0,0.0 
 07/21  21:15:00,24.3,34.96911070408379,32.79756494038943,34.96911070408379,0.0,0.0,32.79756494038943,0.0,0.0,0.0,0.0,0.0,0.0,0.0,0.0,0.0,0.0,0.0,0.0,0.0,0.0 
 07/21  21:16:00,24.3,34.95818589264946,32.78096886193495,34.95818589264946,0.0,0.0,32.78096886193495,0.0,0.0,0.0,0.0,0.0,0.0,0.0,0.0,0.0,0.0,0.0,0.0,0.0,0.0 
 07/21  21:17:00,24.3,34.947235495357596,32.7643956227386,34.947235495357596,0.0,0.0,32.7643956227386,0.0,0.0,0.0,0.0,0.0,0.0,0.0,0.0,0.0,0.0,0.0,0.0,0.0,0.0 
 07/21  21:18:00,24.3,34.936259143260465,32.747845235655625,34.936259143260465,0.0,0.0,32.747845235655625,0.0,0.0,0.0,0.0,0.0,0.0,0.0,0.0,0.0,0.0,0.0,0.0,0.0,0.0 
 07/21  21:19:00,24.3,34.925258289311145,32.73131761146035,34.925258289311145,0.0,0.0,32.73131761146035,0.0,0.0,0.0,0.0,0.0,0.0,0.0,0.0,0.0,0.0,0.0,0.0,0.0,0.0 
 07/21  21:20:00,24.3,34.91423259768742,32.71481272179065,34.91423259768742,0.0,0.0,32.71481272179065,0.0,0.0,0.0,0.0,0.0,0.0,0.0,0.0,0.0,0.0,0.0,0.0,0.0,0.0 
 07/21  21:21:00,24.3,34.90318346617083,32.698330399562685,34.90318346617083,0.0,0.0,32.698330399562685,0.0,0.0,0.0,0.0,0.0,0.0,0.0,0.0,0.0,0.0,0.0,0.0,0.0,0.0 
 07/21  21:22:00,24.3,34.89211056908926,32.68187067444806,34.89211056908926,0.0,0.0,32.68187067444806,0.0,0.0,0.0,0.0,0.0,0.0,0.0,0.0,0.0,0.0,0.0,0.0,0.0,0.0 
 07/21  21:23:00,24.3,34.88101523824843,32.665433359670956,34.88101523824843,0.0,0.0,32.665433359670956,0.0,0.0,0.0,0.0,0.0,0.0,0.0,0.0,0.0,0.0,0.0,0.0,0.0,0.0 
 07/21  21:24:00,24.3,34.86989714152802,32.649018425762385,34.86989714152802,0.0,0.0,32.649018425762385,0.0,0.0,0.0,0.0,0.0,0.0,0.0,0.0,0.0,0.0,0.0,0.0,0.0,0.0 
 07/21  21:25:00,24.3,34.858757539640955,32.63262576202899,34.858757539640955,0.0,0.0,32.63262576202899,0.0,0.0,0.0,0.0,0.0,0.0,0.0,0.0,0.0,0.0,0.0,0.0,0.0,0.0 
 07/21  21:26:00,24.3,34.84759608325293,32.616255332966844,34.84759608325293,0.0,0.0,32.616255332966844,0.0,0.0,0.0,0.0,0.0,0.0,0.0,0.0,0.0,0.0,0.0,0.0,0.0,0.0 
 07/21  21:27:00,24.3,34.83641396164746,32.599906984845575,34.83641396164746,0.0,0.0,32.599906984845575,0.0,0.0,0.0,0.0,0.0,0.0,0.0,0.0,0.0,0.0,0.0,0.0,0.0,0.0 
 07/21  21:28:00,24.3,34.82521080303353,32.58358076265885,34.82521080303353,0.0,0.0,32.58358076265885,0.0,0.0,0.0,0.0,0.0,0.0,0.0,0.0,0.0,0.0,0.0,0.0,0.0,0.0 
 07/21  21:29:00,24.3,34.813987728795205,32.567276517009994,34.813987728795205,0.0,0.0,32.567276517009994,0.0,0.0,0.0,0.0,0.0,0.0,0.0,0.0,0.0,0.0,0.0,0.0,0.0,0.0 
 07/21  21:30:00,24.3,34.80274434423093,32.55099425587996,34.80274434423093,0.0,0.0,32.55099425587996,0.0,0.0,0.0,0.0,0.0,0.0,0.0,0.0,0.0,0.0,0.0,0.0,0.0,0.0 
 07/21  21:31:00,24.3,34.7914817091104,32.53473391742984,34.7914817091104,0.0,0.0,32.53473391742984,0.0,0.0,0.0,0.0,0.0,0.0,0.0,0.0,0.0,0.0,0.0,0.0,0.0,0.0 
 07/21  21:32:00,24.3,34.78019940907737,32.51849551680359,34.78019940907737,0.0,0.0,32.51849551680359,0.0,0.0,0.0,0.0,0.0,0.0,0.0,0.0,0.0,0.0,0.0,0.0,0.0,0.0 
 07/21  21:33:00,24.3,34.768898450167114,32.50227896207941,34.768898450167114,0.0,0.0,32.50227896207941,0.0,0.0,0.0,0.0,0.0,0.0,0.0,0.0,0.0,0.0,0.0,0.0,0.0,0.0 
 07/21  21:34:00,24.3,34.75757840413768,32.48608435192653,34.75757840413768,0.0,0.0,32.48608435192653,0.0,0.0,0.0,0.0,0.0,0.0,0.0,0.0,0.0,0.0,0.0,0.0,0.0,0.0 
 07/21  21:35:00,24.3,34.746240231717344,32.46991160475772,34.746240231717344,0.0,0.0,32.46991160475772,0.0,0.0,0.0,0.0,0.0,0.0,0.0,0.0,0.0,0.0,0.0,0.0,0.0,0.0 
 07/21  21:36:00,24.3,34.734883497939556,32.45376078919055,34.734883497939556,0.0,0.0,32.45376078919055,0.0,0.0,0.0,0.0,0.0,0.0,0.0,0.0,0.0,0.0,0.0,0.0,0.0,0.0 
 07/21  21:37:00,24.3,34.72350912636959,32.437631908493444,34.72350912636959,0.0,0.0,32.437631908493444,0.0,0.0,0.0,0.0,0.0,0.0,0.0,0.0,0.0,0.0,0.0,0.0,0.0,0.0 
 07/21  21:38:00,24.3,34.71211668294391,32.42152504037589,34.71211668294391,0.0,0.0,32.42152504037589,0.0,0.0,0.0,0.0,0.0,0.0,0.0,0.0,0.0,0.0,0.0,0.0,0.0,0.0 
 07/21  21:39:00,24.3,34.70070706134895,32.40544016099806,34.70070706134895,0.0,0.0,32.40544016099806,0.0,0.0,0.0,0.0,0.0,0.0,0.0,0.0,0.0,0.0,0.0,0.0,0.0,0.0 
 07/21  21:40:00,24.3,34.68927983583314,32.38937742642798,34.68927983583314,0.0,0.0,32.38937742642798,0.0,0.0,0.0,0.0,0.0,0.0,0.0,0.0,0.0,0.0,0.0,0.0,0.0,0.0 
 07/21  21:41:00,24.3,34.67783587629379,32.37333682220936,34.67783587629379,0.0,0.0,32.37333682220936,0.0,0.0,0.0,0.0,0.0,0.0,0.0,0.0,0.0,0.0,0.0,0.0,0.0,0.0 
 07/21  21:42:00,24.3,34.66637477203036,32.35731847621813,34.66637477203036,0.0,0.0,32.35731847621813,0.0,0.0,0.0,0.0,0.0,0.0,0.0,0.0,0.0,0.0,0.0,0.0,0.0,0.0 
 07/21  21:43:00,24.3,34.65489737391092,32.34132245144438,34.65489737391092,0.0,0.0,32.34132245144438,0.0,0.0,0.0,0.0,0.0,0.0,0.0,0.0,0.0,0.0,0.0,0.0,0.0,0.0 
 07/21  21:44:00,24.3,34.643403292101176,32.32534888357901,34.643403292101176,0.0,0.0,32.32534888357901,0.0,0.0,0.0,0.0,0.0,0.0,0.0,0.0,0.0,0.0,0.0,0.0,0.0,0.0 
 07/21  21:45:00,24.3,34.631893361881616,32.30939780906092,34.631893361881616,0.0,0.0,32.30939780906092,0.0,0.0,0.0,0.0,0.0,0.0,0.0,0.0,0.0,0.0,0.0,0.0,0.0,0.0 
 07/21  21:46:00,24.3,34.62036721907271,32.29346943497609,34.62036721907271,0.0,0.0,32.29346943497609,0.0,0.0,0.0,0.0,0.0,0.0,0.0,0.0,0.0,0.0,0.0,0.0,0.0,0.0 
 07/21  21:47:00,24.3,34.60882568559876,32.277563805138364,34.60882568559876,0.0,0.0,32.277563805138364,0.0,0.0,0.0,0.0,0.0,0.0,0.0,0.0,0.0,0.0,0.0,0.0,0.0,0.0 
 07/21  21:48:00,24.3,34.59726842669927,32.26168110002999,34.59726842669927,0.0,0.0,32.26168110002999,0.0,0.0,0.0,0.0,0.0,0.0,0.0,0.0,0.0,0.0,0.0,0.0,0.0,0.0 
 07/21  21:49:00,24.3,34.58569625212521,32.24582143354124,34.58569625212521,0.0,0.0,32.24582143354124,0.0,0.0,0.0,0.0,0.0,0.0,0.0,0.0,0.0,0.0,0.0,0.0,0.0,0.0 
 07/21  21:50:00,24.3,34.57410885934381,32.22998499335253,34.57410885934381,0.0,0.0,32.22998499335253,0.0,0.0,0.0,0.0,0.0,0.0,0.0,0.0,0.0,0.0,0.0,0.0,0.0,0.0 
 07/21  21:51:00,24.3,34.56250704625188,32.214171868699324,34.56250704625188,0.0,0.0,32.214171868699324,0.0,0.0,0.0,0.0,0.0,0.0,0.0,0.0,0.0,0.0,0.0,0.0,0.0,0.0 
 07/21  21:52:00,24.3,34.55089054450331,32.198382313354166,34.55089054450331,0.0,0.0,32.198382313354166,0.0,0.0,0.0,0.0,0.0,0.0,0.0,0.0,0.0,0.0,0.0,0.0,0.0,0.0 
 07/21  21:53:00,24.3,34.539260139781014,32.18261642434562,34.539260139781014,0.0,0.0,32.18261642434562,0.0,0.0,0.0,0.0,0.0,0.0,0.0,0.0,0.0,0.0,0.0,0.0,0.0,0.0 
 07/21  21:54:00,24.3,34.52761559915524,32.16687443345907,34.52761559915524,0.0,0.0,32.16687443345907,0.0,0.0,0.0,0.0,0.0,0.0,0.0,0.0,0.0,0.0,0.0,0.0,0.0,0.0 
 07/21  21:55:00,24.3,34.51595769522859,32.15115650433946,34.51595769522859,0.0,0.0,32.15115650433946,0.0,0.0,0.0,0.0,0.0,0.0,0.0,0.0,0.0,0.0,0.0,0.0,0.0,0.0 
 07/21  21:56:00,24.3,34.50428623111035,32.13546288010897,34.50428623111035,0.0,0.0,32.13546288010897,0.0,0.0,0.0,0.0,0.0,0.0,0.0,0.0,0.0,0.0,0.0,0.0,0.0,0.0 
 07/21  21:57:00,24.3,34.49260196510114,32.11979370791657,34.49260196510114,0.0,0.0,32.11979370791657,0.0,0.0,0.0,0.0,0.0,0.0,0.0,0.0,0.0,0.0,0.0,0.0,0.0,0.0 
 07/21  21:58:00,24.3,34.48090473647933,32.10414929949406,34.48090473647933,0.0,0.0,32.10414929949406,0.0,0.0,0.0,0.0,0.0,0.0,0.0,0.0,0.0,0.0,0.0,0.0,0.0,0.0 
 07/21  21:59:00,24.3,34.46919528779517,32.088529820591816,34.46919528779517,0.0,0.0,32.088529820591816,0.0,0.0,0.0,0.0,0.0,0.0,0.0,0.0,0.0,0.0,0.0,0.0,0.0,0.0 
 07/21  22:00:00,24.3,34.4574734942363,32.07293557925296,34.4574734942363,0.0,0.0,32.07293557925296,0.0,0.0,0.0,0.0,0.0,0.0,0.0,0.0,0.0,0.0,0.0,0.0,0.0,0.0,49104000.0 
 07/21  22:01:00,23.9,34.44570655863286,32.057293004002844,34.44570655863286,0.0,0.0,32.057293004002844,0.0,0.0,0.0,0.0,0.0,0.0,0.0,0.0,0.0,0.0,0.0,0.0,0.0,0.0 
 07/21  22:02:00,23.9,34.433913565014684,32.041631201103876,34.433913565014684,0.0,0.0,32.041631201103876,0.0,0.0,0.0,0.0,0.0,0.0,0.0,0.0,0.0,0.0,0.0,0.0,0.0,0.0 
 07/21  22:03:00,23.9,34.42211345295519,32.02598251045606,34.42211345295519,0.0,0.0,32.02598251045606,0.0,0.0,0.0,0.0,0.0,0.0,0.0,0.0,0.0,0.0,0.0,0.0,0.0,0.0 
 07/21  22:04:00,23.9,34.41031272120622,32.010362586797235,34.41031272120622,0.0,0.0,32.010362586797235,0.0,0.0,0.0,0.0,0.0,0.0,0.0,0.0,0.0,0.0,0.0,0.0,0.0,0.0 
 07/21  22:05:00,23.9,34.39851133695454,31.994775575041764,34.39851133695454,0.0,0.0,31.994775575041764,0.0,0.0,0.0,0.0,0.0,0.0,0.0,0.0,0.0,0.0,0.0,0.0,0.0,0.0 
 07/21  22:06:00,23.9,34.386706402441455,31.97922173947852,34.386706402441455,0.0,0.0,31.97922173947852,0.0,0.0,0.0,0.0,0.0,0.0,0.0,0.0,0.0,0.0,0.0,0.0,0.0,0.0 
 07/21  22:07:00,23.9,34.37489610881087,31.963700804743585,34.37489610881087,0.0,0.0,31.963700804743585,0.0,0.0,0.0,0.0,0.0,0.0,0.0,0.0,0.0,0.0,0.0,0.0,0.0,0.0 
 07/21  22:08:00,23.9,34.36307892263472,31.948211334046118,34.36307892263472,0.0,0.0,31.948211334046118,0.0,0.0,0.0,0.0,0.0,0.0,0.0,0.0,0.0,0.0,0.0,0.0,0.0,0.0 
 07/21  22:09:00,23.9,34.35125461971195,31.93275203955625,34.35125461971195,0.0,0.0,31.93275203955625,0.0,0.0,0.0,0.0,0.0,0.0,0.0,0.0,0.0,0.0,0.0,0.0,0.0,0.0 
 07/21  22:10:00,23.9,34.339422739288516,31.91732218959185,34.339422739288516,0.0,0.0,31.91732218959185,0.0,0.0,0.0,0.0,0.0,0.0,0.0,0.0,0.0,0.0,0.0,0.0,0.0,0.0 
 07/21  22:11:00,23.9,34.327583553841436,31.901921153772687,34.327583553841436,0.0,0.0,31.901921153772687,0.0,0.0,0.0,0.0,0.0,0.0,0.0,0.0,0.0,0.0,0.0,0.0,0.0,0.0 
 07/21  22:12:00,23.9,34.315736876836645,31.8865485393174,34.315736876836645,0.0,0.0,31.8865485393174,0.0,0.0,0.0,0.0,0.0,0.0,0.0,0.0,0.0,0.0,0.0,0.0,0.0,0.0 
 07/21  22:13:00,23.9,34.303883091552805,31.87120390884985,34.303883091552805,0.0,0.0,31.87120390884985,0.0,0.0,0.0,0.0,0.0,0.0,0.0,0.0,0.0,0.0,0.0,0.0,0.0,0.0 
 07/21  22:14:00,23.9,34.29202214015695,31.855886928496222,34.29202214015695,0.0,0.0,31.855886928496222,0.0,0.0,0.0,0.0,0.0,0.0,0.0,0.0,0.0,0.0,0.0,0.0,0.0,0.0 
 07/21  22:15:00,23.9,34.28015446282761,31.840597168491154,34.28015446282761,0.0,0.0,31.840597168491154,0.0,0.0,0.0,0.0,0.0,0.0,0.0,0.0,0.0,0.0,0.0,0.0,0.0,0.0 
 07/21  22:16:00,23.9,34.26828009427469,31.825334355906016,34.26828009427469,0.0,0.0,31.825334355906016,0.0,0.0,0.0,0.0,0.0,0.0,0.0,0.0,0.0,0.0,0.0,0.0,0.0,0.0 
 07/21  22:17:00,23.9,34.256399498098666,31.810098081651844,34.256399498098666,0.0,0.0,31.810098081651844,0.0,0.0,0.0,0.0,0.0,0.0,0.0,0.0,0.0,0.0,0.0,0.0,0.0,0.0 
 07/21  22:18:00,23.9,34.244512766957016,31.79488807195215,34.244512766957016,0.0,0.0,31.79488807195215,0.0,0.0,0.0,0.0,0.0,0.0,0.0,0.0,0.0,0.0,0.0,0.0,0.0,0.0 
 07/21  22:19:00,23.9,34.23262036069051,31.779703973575234,34.23262036069051,0.0,0.0,31.779703973575234,0.0,0.0,0.0,0.0,0.0,0.0,0.0,0.0,0.0,0.0,0.0,0.0,0.0,0.0 
 07/21  22:20:00,23.9,34.220722405144684,31.764545530562216,34.220722405144684,0.0,0.0,31.764545530562216,0.0,0.0,0.0,0.0,0.0,0.0,0.0,0.0,0.0,0.0,0.0,0.0,0.0,0.0 
 07/21  22:21:00,23.9,34.20881934022466,31.74941238883686,34.20881934022466,0.0,0.0,31.74941238883686,0.0,0.0,0.0,0.0,0.0,0.0,0.0,0.0,0.0,0.0,0.0,0.0,0.0,0.0 
 07/21  22:22:00,23.9,34.196911308925394,31.734304346170628,34.196911308925394,0.0,0.0,31.734304346170628,0.0,0.0,0.0,0.0,0.0,0.0,0.0,0.0,0.0,0.0,0.0,0.0,0.0,0.0 
 07/21  22:23:00,23.9,34.184998722091,31.719221068538317,34.184998722091,0.0,0.0,31.719221068538317,0.0,0.0,0.0,0.0,0.0,0.0,0.0,0.0,0.0,0.0,0.0,0.0,0.0,0.0 
 07/21  22:24:00,23.9,34.17308172913628,31.70416235601436,34.17308172913628,0.0,0.0,31.70416235601436,0.0,0.0,0.0,0.0,0.0,0.0,0.0,0.0,0.0,0.0,0.0,0.0,0.0,0.0 
 07/21  22:25:00,23.9,34.16116070705837,31.689127930694863,34.16116070705837,0.0,0.0,31.689127930694863,0.0,0.0,0.0,0.0,0.0,0.0,0.0,0.0,0.0,0.0,0.0,0.0,0.0,0.0 
 07/21  22:26:00,23.9,34.14923580485462,31.67411761473874,34.14923580485462,0.0,0.0,31.67411761473874,0.0,0.0,0.0,0.0,0.0,0.0,0.0,0.0,0.0,0.0,0.0,0.0,0.0,0.0 
 07/21  22:27:00,23.9,34.1373073640366,31.65913113578405,34.1373073640366,0.0,0.0,31.65913113578405,0.0,0.0,0.0,0.0,0.0,0.0,0.0,0.0,0.0,0.0,0.0,0.0,0.0,0.0 
 07/21  22:28:00,23.9,34.12537552956263,31.644168370600067,34.12537552956263,0.0,0.0,31.644168370600067,0.0,0.0,0.0,0.0,0.0,0.0,0.0,0.0,0.0,0.0,0.0,0.0,0.0,0.0 
 07/21  22:29:00,23.9,34.113440608151954,31.629229070162005,34.113440608151954,0.0,0.0,31.629229070162005,0.0,0.0,0.0,0.0,0.0,0.0,0.0,0.0,0.0,0.0,0.0,0.0,0.0,0.0 
 07/21  22:30:00,23.9,34.10150273968776,31.61431311713563,34.10150273968776,0.0,0.0,31.61431311713563,0.0,0.0,0.0,0.0,0.0,0.0,0.0,0.0,0.0,0.0,0.0,0.0,0.0,0.0 
 07/21  22:31:00,23.9,34.08956219838597,31.599420316280035,34.08956219838597,0.0,0.0,31.599420316280035,0.0,0.0,0.0,0.0,0.0,0.0,0.0,0.0,0.0,0.0,0.0,0.0,0.0,0.0 
 07/21  22:32:00,23.9,34.07761911994338,31.584550572046805,34.07761911994338,0.0,0.0,31.584550572046805,0.0,0.0,0.0,0.0,0.0,0.0,0.0,0.0,0.0,0.0,0.0,0.0,0.0,0.0 
 07/21  22:33:00,23.9,34.065673749296984,31.569703694907354,34.065673749296984,0.0,0.0,31.569703694907354,0.0,0.0,0.0,0.0,0.0,0.0,0.0,0.0,0.0,0.0,0.0,0.0,0.0,0.0 
 07/21  22:34:00,23.9,34.05372622013064,31.554879638309036,34.05372622013064,0.0,0.0,31.554879638309036,0.0,0.0,0.0,0.0,0.0,0.0,0.0,0.0,0.0,0.0,0.0,0.0,0.0,0.0 
 07/21  22:35:00,23.9,34.041776751709726,31.540078232811698,34.041776751709726,0.0,0.0,31.540078232811698,0.0,0.0,0.0,0.0,0.0,0.0,0.0,0.0,0.0,0.0,0.0,0.0,0.0,0.0 
 07/21  22:36:00,23.9,34.02982547859943,31.525299435370723,34.02982547859943,0.0,0.0,31.525299435370723,0.0,0.0,0.0,0.0,0.0,0.0,0.0,0.0,0.0,0.0,0.0,0.0,0.0,0.0 
 07/21  22:37:00,23.9,34.017872597960675,31.510543122157777,34.017872597960675,0.0,0.0,31.510543122157777,0.0,0.0,0.0,0.0,0.0,0.0,0.0,0.0,0.0,0.0,0.0,0.0,0.0,0.0 
 07/21  22:38:00,23.9,34.00591824840246,31.4958092667129,34.00591824840246,0.0,0.0,31.4958092667129,0.0,0.0,0.0,0.0,0.0,0.0,0.0,0.0,0.0,0.0,0.0,0.0,0.0,0.0 
 07/21  22:39:00,23.9,33.993962608219256,31.48109774672503,33.993962608219256,0.0,0.0,31.48109774672503,0.0,0.0,0.0,0.0,0.0,0.0,0.0,0.0,0.0,0.0,0.0,0.0,0.0,0.0 
 07/21  22:40:00,23.9,33.98200582316487,31.46640857520788,33.98200582316487,0.0,0.0,31.46640857520788,0.0,0.0,0.0,0.0,0.0,0.0,0.0,0.0,0.0,0.0,0.0,0.0,0.0,0.0 
 07/21  22:41:00,23.9,33.97004805540692,31.45174164338332,33.97004805540692,0.0,0.0,31.45174164338332,0.0,0.0,0.0,0.0,0.0,0.0,0.0,0.0,0.0,0.0,0.0,0.0,0.0,0.0 
 07/21  22:42:00,23.9,33.95808946066732,31.437096962709898,33.95808946066732,0.0,0.0,31.437096962709898,0.0,0.0,0.0,0.0,0.0,0.0,0.0,0.0,0.0,0.0,0.0,0.0,0.0,0.0 
 07/21  22:43:00,23.9,33.94613018715556,31.422474459253024,33.94613018715556,0.0,0.0,31.422474459253024,0.0,0.0,0.0,0.0,0.0,0.0,0.0,0.0,0.0,0.0,0.0,0.0,0.0,0.0 
 07/21  22:44:00,23.9,33.93417040298522,31.40787415373469,33.93417040298522,0.0,0.0,31.40787415373469,0.0,0.0,0.0,0.0,0.0,0.0,0.0,0.0,0.0,0.0,0.0,0.0,0.0,0.0 
 07/21  22:45:00,23.9,33.92221024400354,31.393295967672103,33.92221024400354,0.0,0.0,31.393295967672103,0.0,0.0,0.0,0.0,0.0,0.0,0.0,0.0,0.0,0.0,0.0,0.0,0.0,0.0 
 07/21  22:46:00,23.9,33.91024989268897,31.378739949780396,33.91024989268897,0.0,0.0,31.378739949780396,0.0,0.0,0.0,0.0,0.0,0.0,0.0,0.0,0.0,0.0,0.0,0.0,0.0,0.0 
 07/21  22:47:00,23.9,33.89828947359311,31.364206026650788,33.89828947359311,0.0,0.0,31.364206026650788,0.0,0.0,0.0,0.0,0.0,0.0,0.0,0.0,0.0,0.0,0.0,0.0,0.0,0.0 
 07/21  22:48:00,23.9,33.88632918508034,31.349694238353678,33.88632918508034,0.0,0.0,31.349694238353678,0.0,0.0,0.0,0.0,0.0,0.0,0.0,0.0,0.0,0.0,0.0,0.0,0.0,0.0 
 07/21  22:49:00,23.9,33.874369141014036,31.335204533043367,33.874369141014036,0.0,0.0,31.335204533043367,0.0,0.0,0.0,0.0,0.0,0.0,0.0,0.0,0.0,0.0,0.0,0.0,0.0,0.0 
 07/21  22:50:00,23.9,33.86240955674327,31.320736949647937,33.86240955674327,0.0,0.0,31.320736949647937,0.0,0.0,0.0,0.0,0.0,0.0,0.0,0.0,0.0,0.0,0.0,0.0,0.0,0.0 
 07/21  22:51:00,23.9,33.850450535672,31.30629142178513,33.850450535672,0.0,0.0,31.30629142178513,0.0,0.0,0.0,0.0,0.0,0.0,0.0,0.0,0.0,0.0,0.0,0.0,0.0,0.0 
 07/21  22:52:00,23.9,33.83849231085697,31.291867999463143,33.83849231085697,0.0,0.0,31.291867999463143,0.0,0.0,0.0,0.0,0.0,0.0,0.0,0.0,0.0,0.0,0.0,0.0,0.0,0.0 
 07/21  22:53:00,23.9,33.82653497517485,31.277466605435617,33.82653497517485,0.0,0.0,31.277466605435617,0.0,0.0,0.0,0.0,0.0,0.0,0.0,0.0,0.0,0.0,0.0,0.0,0.0,0.0 
 07/21  22:54:00,23.9,33.814578779791454,31.26308726320601,33.814578779791454,0.0,0.0,31.26308726320601,0.0,0.0,0.0,0.0,0.0,0.0,0.0,0.0,0.0,0.0,0.0,0.0,0.0,0.0 
 07/21  22:55:00,23.9,33.80262380676772,31.248729887798483,33.80262380676772,0.0,0.0,31.248729887798483,0.0,0.0,0.0,0.0,0.0,0.0,0.0,0.0,0.0,0.0,0.0,0.0,0.0,0.0 
 07/21  22:56:00,23.9,33.79067032551283,31.234394466020913,33.79067032551283,0.0,0.0,31.234394466020913,0.0,0.0,0.0,0.0,0.0,0.0,0.0,0.0,0.0,0.0,0.0,0.0,0.0,0.0 
 07/21  22:57:00,23.9,33.7787184068301,31.22008084618857,33.7787184068301,0.0,0.0,31.22008084618857,0.0,0.0,0.0,0.0,0.0,0.0,0.0,0.0,0.0,0.0,0.0,0.0,0.0,0.0 
 07/21  22:58:00,23.9,33.76676833829088,31.20578892907104,33.76676833829088,0.0,0.0,31.20578892907104,0.0,0.0,0.0,0.0,0.0,0.0,0.0,0.0,0.0,0.0,0.0,0.0,0.0,0.0 
 07/21  22:59:00,23.9,33.7548201789024,31.191518334671606,33.7548201789024,0.0,0.0,31.191518334671606,0.0,0.0,0.0,0.0,0.0,0.0,0.0,0.0,0.0,0.0,0.0,0.0,0.0,0.0 
 07/21  23:00:00,23.9,33.74287423414748,31.177268893587645,33.74287423414748,0.0,0.0,31.177268893587645,0.0,0.0,0.0,0.0,0.0,0.0,0.0,0.0,0.0,0.0,0.0,0.0,0.0,0.0,49104000.0 
 07/21  23:01:00,23.5,33.73089702730166,31.16296737735165,33.73089702730166,0.0,0.0,31.16296737735165,0.0,0.0,0.0,0.0,0.0,0.0,0.0,0.0,0.0,0.0,0.0,0.0,0.0,0.0 
 07/21  23:02:00,23.5,33.71890804153107,31.14864333527663,33.71890804153107,0.0,0.0,31.14864333527663,0.0,0.0,0.0,0.0,0.0,0.0,0.0,0.0,0.0,0.0,0.0,0.0,0.0,0.0 
 07/21  23:03:00,23.5,33.70692553802287,31.134329367410604,33.70692553802287,0.0,0.0,31.134329367410604,0.0,0.0,0.0,0.0,0.0,0.0,0.0,0.0,0.0,0.0,0.0,0.0,0.0,0.0 
 07/21  23:04:00,23.5,33.69495641420855,31.120041154112872,33.69495641420855,0.0,0.0,31.120041154112872,0.0,0.0,0.0,0.0,0.0,0.0,0.0,0.0,0.0,0.0,0.0,0.0,0.0,0.0 
 07/21  23:05:00,23.5,33.682999979702366,31.105782725343865,33.682999979702366,0.0,0.0,31.105782725343865,0.0,0.0,0.0,0.0,0.0,0.0,0.0,0.0,0.0,0.0,0.0,0.0,0.0,0.0 
 07/21  23:06:00,23.5,33.67105372154679,31.091553944545918,33.67105372154679,0.0,0.0,31.091553944545918,0.0,0.0,0.0,0.0,0.0,0.0,0.0,0.0,0.0,0.0,0.0,0.0,0.0,0.0 
 07/21  23:07:00,23.5,33.65911517743089,31.07735396731317,33.65911517743089,0.0,0.0,31.07735396731317,0.0,0.0,0.0,0.0,0.0,0.0,0.0,0.0,0.0,0.0,0.0,0.0,0.0,0.0 
 07/21  23:08:00,23.5,33.647183176716545,31.063182432995323,33.647183176716545,0.0,0.0,31.063182432995323,0.0,0.0,0.0,0.0,0.0,0.0,0.0,0.0,0.0,0.0,0.0,0.0,0.0,0.0 
 07/21  23:09:00,23.5,33.63525684653854,31.049039237868648,33.63525684653854,0.0,0.0,31.049039237868648,0.0,0.0,0.0,0.0,0.0,0.0,0.0,0.0,0.0,0.0,0.0,0.0,0.0,0.0 
 07/21  23:10:00,23.5,33.62333607093323,31.034924541942544,33.62333607093323,0.0,0.0,31.034924541942544,0.0,0.0,0.0,0.0,0.0,0.0,0.0,0.0,0.0,0.0,0.0,0.0,0.0,0.0 
 07/21  23:11:00,23.5,33.61142048273036,31.020838423327728,33.61142048273036,0.0,0.0,31.020838423327728,0.0,0.0,0.0,0.0,0.0,0.0,0.0,0.0,0.0,0.0,0.0,0.0,0.0,0.0 
 07/21  23:12:00,23.5,33.599510225493006,31.006781052455885,33.599510225493006,0.0,0.0,31.006781052455885,0.0,0.0,0.0,0.0,0.0,0.0,0.0,0.0,0.0,0.0,0.0,0.0,0.0,0.0 
 07/21  23:13:00,23.5,33.58760505399741,30.992752485587282,33.58760505399741,0.0,0.0,30.992752485587282,0.0,0.0,0.0,0.0,0.0,0.0,0.0,0.0,0.0,0.0,0.0,0.0,0.0,0.0 
 07/21  23:14:00,23.5,33.575705229039826,30.97875286795539,33.575705229039826,0.0,0.0,30.97875286795539,0.0,0.0,0.0,0.0,0.0,0.0,0.0,0.0,0.0,0.0,0.0,0.0,0.0,0.0 
 07/21  23:15:00,23.5,33.56381057569883,30.964782236660184,33.56381057569883,0.0,0.0,30.964782236660184,0.0,0.0,0.0,0.0,0.0,0.0,0.0,0.0,0.0,0.0,0.0,0.0,0.0,0.0 
 07/21  23:16:00,23.5,33.55192144162323,30.950840735047024,33.55192144162323,0.0,0.0,30.950840735047024,0.0,0.0,0.0,0.0,0.0,0.0,0.0,0.0,0.0,0.0,0.0,0.0,0.0,0.0 
 07/21  23:17:00,23.5,33.540037692363924,30.936928395646923,33.540037692363924,0.0,0.0,30.936928395646923,0.0,0.0,0.0,0.0,0.0,0.0,0.0,0.0,0.0,0.0,0.0,0.0,0.0,0.0 
 07/21  23:18:00,23.5,33.52815973675404,30.92304535510421,33.52815973675404,0.0,0.0,30.92304535510421,0.0,0.0,0.0,0.0,0.0,0.0,0.0,0.0,0.0,0.0,0.0,0.0,0.0,0.0 
 07/21  23:19:00,23.5,33.516287458468454,30.909191645292136,33.516287458468454,0.0,0.0,30.909191645292136,0.0,0.0,0.0,0.0,0.0,0.0,0.0,0.0,0.0,0.0,0.0,0.0,0.0,0.0 
 07/21  23:20:00,23.5,33.50442131386775,30.895367400008677,33.50442131386775,0.0,0.0,30.895367400008677,0.0,0.0,0.0,0.0,0.0,0.0,0.0,0.0,0.0,0.0,0.0,0.0,0.0,0.0 
 07/21  23:21:00,23.5,33.492561193564704,30.881572644666274,33.492561193564704,0.0,0.0,30.881572644666274,0.0,0.0,0.0,0.0,0.0,0.0,0.0,0.0,0.0,0.0,0.0,0.0,0.0,0.0 
 07/21  23:22:00,23.5,33.48070759677795,30.867807512449307,33.48070759677795,0.0,0.0,30.867807512449307,0.0,0.0,0.0,0.0,0.0,0.0,0.0,0.0,0.0,0.0,0.0,0.0,0.0,0.0 
 07/21  23:23:00,23.5,33.46886041572269,30.854072025800225,33.46886041572269,0.0,0.0,30.854072025800225,0.0,0.0,0.0,0.0,0.0,0.0,0.0,0.0,0.0,0.0,0.0,0.0,0.0,0.0 
 07/21  23:24:00,23.5,33.457020191317525,30.8403663150884,33.457020191317525,0.0,0.0,30.8403663150884,0.0,0.0,0.0,0.0,0.0,0.0,0.0,0.0,0.0,0.0,0.0,0.0,0.0,0.0 
 07/21  23:25:00,23.5,33.44518681406888,30.82669039972122,33.44518681406888,0.0,0.0,30.82669039972122,0.0,0.0,0.0,0.0,0.0,0.0,0.0,0.0,0.0,0.0,0.0,0.0,0.0,0.0 
 07/21  23:26:00,23.5,33.43336086602476,30.81304440947674,33.43336086602476,0.0,0.0,30.81304440947674,0.0,0.0,0.0,0.0,0.0,0.0,0.0,0.0,0.0,0.0,0.0,0.0,0.0,0.0 
 07/21  23:27:00,23.5,33.42154223300875,30.79942836061812,33.42154223300875,0.0,0.0,30.79942836061812,0.0,0.0,0.0,0.0,0.0,0.0,0.0,0.0,0.0,0.0,0.0,0.0,0.0,0.0 
 07/21  23:28:00,23.5,33.40973153691045,30.78584238104677,33.40973153691045,0.0,0.0,30.78584238104677,0.0,0.0,0.0,0.0,0.0,0.0,0.0,0.0,0.0,0.0,0.0,0.0,0.0,0.0 
 07/21  23:29:00,23.5,33.39792865558846,30.7722864855762,33.39792865558846,0.0,0.0,30.7722864855762,0.0,0.0,0.0,0.0,0.0,0.0,0.0,0.0,0.0,0.0,0.0,0.0,0.0,0.0 
 07/21  23:30:00,23.5,33.386134248321994,30.758760802924506,33.386134248321994,0.0,0.0,30.758760802924506,0.0,0.0,0.0,0.0,0.0,0.0,0.0,0.0,0.0,0.0,0.0,0.0,0.0,0.0 
 07/21  23:31:00,23.5,33.37434818132223,30.745265342654513,33.37434818132223,0.0,0.0,30.745265342654513,0.0,0.0,0.0,0.0,0.0,0.0,0.0,0.0,0.0,0.0,0.0,0.0,0.0,0.0 
 07/21  23:32:00,23.5,33.36257114770254,30.73180023414512,33.36257114770254,0.0,0.0,30.73180023414512,0.0,0.0,0.0,0.0,0.0,0.0,0.0,0.0,0.0,0.0,0.0,0.0,0.0,0.0 
 07/21  23:33:00,23.5,33.35080299814012,30.718365486449436,33.35080299814012,0.0,0.0,30.718365486449436,0.0,0.0,0.0,0.0,0.0,0.0,0.0,0.0,0.0,0.0,0.0,0.0,0.0,0.0 
 07/21  23:34:00,23.5,33.339044455238714,30.70496122437293,33.339044455238714,0.0,0.0,30.70496122437293,0.0,0.0,0.0,0.0,0.0,0.0,0.0,0.0,0.0,0.0,0.0,0.0,0.0,0.0 
 07/21  23:35:00,23.5,33.32729535034422,30.69158745606007,33.32729535034422,0.0,0.0,30.69158745606007,0.0,0.0,0.0,0.0,0.0,0.0,0.0,0.0,0.0,0.0,0.0,0.0,0.0,0.0 
 07/21  23:36:00,23.5,33.315556430807234,30.678244308812403,33.315556430807234,0.0,0.0,30.678244308812403,0.0,0.0,0.0,0.0,0.0,0.0,0.0,0.0,0.0,0.0,0.0,0.0,0.0,0.0 
 07/21  23:37:00,23.5,33.3038275052074,30.664931782269626,33.3038275052074,0.0,0.0,30.664931782269626,0.0,0.0,0.0,0.0,0.0,0.0,0.0,0.0,0.0,0.0,0.0,0.0,0.0,0.0 
 07/21  23:38:00,23.5,33.29210934085425,30.651650003726086,33.29210934085425,0.0,0.0,30.651650003726086,0.0,0.0,0.0,0.0,0.0,0.0,0.0,0.0,0.0,0.0,0.0,0.0,0.0,0.0 
 07/21  23:39:00,23.5,33.280401720687706,30.638398973670217,33.280401720687706,0.0,0.0,30.638398973670217,0.0,0.0,0.0,0.0,0.0,0.0,0.0,0.0,0.0,0.0,0.0,0.0,0.0,0.0 
 07/21  23:40:00,23.5,33.268705427418425,30.625178810542433,33.268705427418425,0.0,0.0,30.625178810542433,0.0,0.0,0.0,0.0,0.0,0.0,0.0,0.0,0.0,0.0,0.0,0.0,0.0,0.0 
 07/21  23:41:00,23.5,33.2570202161455,30.611989513399337,33.2570202161455,0.0,0.0,30.611989513399337,0.0,0.0,0.0,0.0,0.0,0.0,0.0,0.0,0.0,0.0,0.0,0.0,0.0,0.0 
 07/21  23:42:00,23.5,33.24534688083521,30.59883120338618,33.24534688083521,0.0,0.0,30.59883120338618,0.0,0.0,0.0,0.0,0.0,0.0,0.0,0.0,0.0,0.0,0.0,0.0,0.0,0.0 
 07/21  23:43:00,23.5,33.233685147249595,30.585703867148208,33.233685147249595,0.0,0.0,30.585703867148208,0.0,0.0,0.0,0.0,0.0,0.0,0.0,0.0,0.0,0.0,0.0,0.0,0.0,0.0 
 07/21  23:44:00,23.5,33.22203581697708,30.572607624165894,33.22203581697708,0.0,0.0,30.572607624165894,0.0,0.0,0.0,0.0,0.0,0.0,0.0,0.0,0.0,0.0,0.0,0.0,0.0,0.0 
 07/21  23:45:00,23.5,33.21039858562382,30.559542462688313,33.21039858562382,0.0,0.0,30.559542462688313,0.0,0.0,0.0,0.0,0.0,0.0,0.0,0.0,0.0,0.0,0.0,0.0,0.0,0.0 
 07/21  23:46:00,23.5,33.198774259313566,30.546508488656496,33.198774259313566,0.0,0.0,30.546508488656496,0.0,0.0,0.0,0.0,0.0,0.0,0.0,0.0,0.0,0.0,0.0,0.0,0.0,0.0 
 07/21  23:47:00,23.5,33.18716250328811,30.53350568810856,33.18716250328811,0.0,0.0,30.53350568810856,0.0,0.0,0.0,0.0,0.0,0.0,0.0,0.0,0.0,0.0,0.0,0.0,0.0,0.0 
 07/21  23:48:00,23.5,33.17556412565513,30.520534169613324,33.17556412565513,0.0,0.0,30.520534169613324,0.0,0.0,0.0,0.0,0.0,0.0,0.0,0.0,0.0,0.0,0.0,0.0,0.0,0.0 
 07/21  23:49:00,23.5,33.163978761605634,30.5075939030859,33.163978761605634,0.0,0.0,30.5075939030859,0.0,0.0,0.0,0.0,0.0,0.0,0.0,0.0,0.0,0.0,0.0,0.0,0.0,0.0 
 07/21  23:50:00,23.5,33.15240721917557,30.494684993890115,33.15240721917557,0.0,0.0,30.494684993890115,0.0,0.0,0.0,0.0,0.0,0.0,0.0,0.0,0.0,0.0,0.0,0.0,0.0,0.0 
 07/21  23:51:00,23.5,33.140849104244275,30.481807414423386,33.140849104244275,0.0,0.0,30.481807414423386,0.0,0.0,0.0,0.0,0.0,0.0,0.0,0.0,0.0,0.0,0.0,0.0,0.0,0.0 
 07/21  23:52:00,23.5,33.12930522316014,30.468961252386208,33.12930522316014,0.0,0.0,30.468961252386208,0.0,0.0,0.0,0.0,0.0,0.0,0.0,0.0,0.0,0.0,0.0,0.0,0.0,0.0 
 07/21  23:53:00,23.5,33.11777515356118,30.456146477539153,33.11777515356118,0.0,0.0,30.456146477539153,0.0,0.0,0.0,0.0,0.0,0.0,0.0,0.0,0.0,0.0,0.0,0.0,0.0,0.0 
 07/21  23:54:00,23.5,33.106259698870915,30.443363180575282,33.106259698870915,0.0,0.0,30.443363180575282,0.0,0.0,0.0,0.0,0.0,0.0,0.0,0.0,0.0,0.0,0.0,0.0,0.0,0.0 
 07/21  23:55:00,23.5,33.094758409800725,30.43061131210399,33.094758409800725,0.0,0.0,30.43061131210399,0.0,0.0,0.0,0.0,0.0,0.0,0.0,0.0,0.0,0.0,0.0,0.0,0.0,0.0 
 07/21  23:56:00,23.5,33.08327208592917,30.417890958735317,33.08327208592917,0.0,0.0,30.417890958735317,0.0,0.0,0.0,0.0,0.0,0.0,0.0,0.0,0.0,0.0,0.0,0.0,0.0,0.0 
 07/21  23:57:00,23.5,33.071800252524014,30.405202074871422,33.071800252524014,0.0,0.0,30.405202074871422,0.0,0.0,0.0,0.0,0.0,0.0,0.0,0.0,0.0,0.0,0.0,0.0,0.0,0.0 
 07/21  23:58:00,23.5,33.06034370465911,30.392544726276537,33.06034370465911,0.0,0.0,30.392544726276537,0.0,0.0,0.0,0.0,0.0,0.0,0.0,0.0,0.0,0.0,0.0,0.0,0.0,0.0 
 07/21  23:59:00,23.5,33.0489019437457,30.3799188648386,33.0489019437457,0.0,0.0,30.3799188648386,0.0,0.0,0.0,0.0,0.0,0.0,0.0,0.0,0.0,0.0,0.0,0.0,0.0,0.0 
 07/21  24:00:00,23.5,33.03747575990266,30.36732456031595,33.03747575990266,0.0,0.0,30.36732456031595,0.0,0.0,0.0,0.0,0.0,0.0,0.0,0.0,0.0,0.0,0.0,0.0,0.0,0.0,49104000.0 
 07/21  00:01:00,22.2,32.52434512402207,30.13258846758198,32.52434512402207,0.0,0.0,30.13258846758198,0.0,0.0,0.0,0.0,0.0,0.0,0.0,0.0,0.0,0.0,0.0,0.0,0.0,0.0 
 07/21  00:02:00,22.2,32.59713009943224,30.12011424812932,32.59713009943224,0.0,0.0,30.12011424812932,0.0,0.0,0.0,0.0,0.0,0.0,0.0,0.0,0.0,0.0,0.0,0.0,0.0,0.0 
 07/21  00:03:00,22.2,32.6874582892593,30.107628335365714,32.6874582892593,0.0,0.0,30.107628335365714,0.0,0.0,0.0,0.0,0.0,0.0,0.0,0.0,0.0,0.0,0.0,0.0,0.0,0.0 
 07/21  00:04:00,22.2,32.778615544245014,30.095179246171504,32.778615544245014,0.0,0.0,30.095179246171504,0.0,0.0,0.0,0.0,0.0,0.0,0.0,0.0,0.0,0.0,0.0,0.0,0.0,0.0 
 07/21  00:05:00,22.2,32.86382565795559,30.08277889942544,32.86382565795559,0.0,0.0,30.08277889942544,0.0,0.0,0.0,0.0,0.0,0.0,0.0,0.0,0.0,0.0,0.0,0.0,0.0,0.0 
 07/21  00:06:00,22.2,32.94182120495403,30.07042582026736,32.94182120495403,0.0,0.0,30.07042582026736,0.0,0.0,0.0,0.0,0.0,0.0,0.0,0.0,0.0,0.0,0.0,0.0,0.0,0.0 
 07/21  00:07:00,22.2,33.013593301617064,30.058116508316754,33.013593301617064,0.0,0.0,30.058116508316754,0.0,0.0,0.0,0.0,0.0,0.0,0.0,0.0,0.0,0.0,0.0,0.0,0.0,0.0 
 07/21  00:08:00,22.2,33.08026658756616,30.04584884298946,33.08026658756616,0.0,0.0,30.04584884298946,0.0,0.0,0.0,0.0,0.0,0.0,0.0,0.0,0.0,0.0,0.0,0.0,0.0,0.0 
 07/21  00:09:00,22.2,33.142820155835985,30.033621731169013,33.142820155835985,0.0,0.0,30.033621731169013,0.0,0.0,0.0,0.0,0.0,0.0,0.0,0.0,0.0,0.0,0.0,0.0,0.0,0.0 
 07/21  00:10:00,22.2,33.2019003229691,30.021434641072073,33.2019003229691,0.0,0.0,30.021434641072073,0.0,0.0,0.0,0.0,0.0,0.0,0.0,0.0,0.0,0.0,0.0,0.0,0.0,0.0 
 07/21  00:11:00,22.2,33.25807494490723,30.009286986969077,33.25807494490723,0.0,0.0,30.009286986969077,0.0,0.0,0.0,0.0,0.0,0.0,0.0,0.0,0.0,0.0,0.0,0.0,0.0,0.0 
 07/21  00:12:00,22.2,33.311769016467565,29.997178178725363,33.311769016467565,0.0,0.0,29.997178178725363,0.0,0.0,0.0,0.0,0.0,0.0,0.0,0.0,0.0,0.0,0.0,0.0,0.0,0.0 
 07/21  00:13:00,22.2,33.36339617545454,29.98510738514992,33.36339617545454,0.0,0.0,29.98510738514992,0.0,0.0,0.0,0.0,0.0,0.0,0.0,0.0,0.0,0.0,0.0,0.0,0.0,0.0 
 07/21  00:14:00,22.2,33.41326818252525,29.973073778059273,33.41326818252525,0.0,0.0,29.973073778059273,0.0,0.0,0.0,0.0,0.0,0.0,0.0,0.0,0.0,0.0,0.0,0.0,0.0,0.0 
 07/21  00:15:00,22.2,33.461682130368345,29.961076333926098,33.461682130368345,0.0,0.0,29.961076333926098,0.0,0.0,0.0,0.0,0.0,0.0,0.0,0.0,0.0,0.0,0.0,0.0,0.0,0.0 
 07/21  00:16:00,22.2,33.5088490135672,29.949114039492493,33.5088490135672,0.0,0.0,29.949114039492493,0.0,0.0,0.0,0.0,0.0,0.0,0.0,0.0,0.0,0.0,0.0,0.0,0.0,0.0 
 07/21  00:17:00,22.2,33.55497076664652,29.93718573009627,33.55497076664652,0.0,0.0,29.93718573009627,0.0,0.0,0.0,0.0,0.0,0.0,0.0,0.0,0.0,0.0,0.0,0.0,0.0,0.0 
 07/21  00:18:00,22.2,33.600183015827895,29.92529027621165,33.600183015827895,0.0,0.0,29.92529027621165,0.0,0.0,0.0,0.0,0.0,0.0,0.0,0.0,0.0,0.0,0.0,0.0,0.0,0.0 
 07/21  00:19:00,22.2,33.64462195984824,29.91342640968675,33.64462195984824,0.0,0.0,29.91342640968675,0.0,0.0,0.0,0.0,0.0,0.0,0.0,0.0,0.0,0.0,0.0,0.0,0.0,0.0 
 07/21  00:20:00,22.2,33.68837348347929,29.901592925269355,33.68837348347929,0.0,0.0,29.901592925269355,0.0,0.0,0.0,0.0,0.0,0.0,0.0,0.0,0.0,0.0,0.0,0.0,0.0,0.0 
 07/21  00:21:00,22.2,33.731530948612296,29.889788517484565,33.731530948612296,0.0,0.0,29.889788517484565,0.0,0.0,0.0,0.0,0.0,0.0,0.0,0.0,0.0,0.0,0.0,0.0,0.0,0.0 
 07/21  00:22:00,22.2,33.774148341019064,29.878011944687948,33.774148341019064,0.0,0.0,29.878011944687948,0.0,0.0,0.0,0.0,0.0,0.0,0.0,0.0,0.0,0.0,0.0,0.0,0.0,0.0 
 07/21  00:23:00,22.2,33.816291256313754,29.866261901669397,33.816291256313754,0.0,0.0,29.866261901669397,0.0,0.0,0.0,0.0,0.0,0.0,0.0,0.0,0.0,0.0,0.0,0.0,0.0,0.0 
 07/21  00:24:00,22.2,33.857993309892244,29.854537161645318,33.857993309892244,0.0,0.0,29.854537161645318,0.0,0.0,0.0,0.0,0.0,0.0,0.0,0.0,0.0,0.0,0.0,0.0,0.0,0.0 
 07/21  00:25:00,22.2,33.899302042764745,29.842836449113467,33.899302042764745,0.0,0.0,29.842836449113467,0.0,0.0,0.0,0.0,0.0,0.0,0.0,0.0,0.0,0.0,0.0,0.0,0.0,0.0 
 07/21  00:26:00,22.2,33.940238077669854,29.831158575586628,33.940238077669854,0.0,0.0,29.831158575586628,0.0,0.0,0.0,0.0,0.0,0.0,0.0,0.0,0.0,0.0,0.0,0.0,0.0,0.0 
 07/21  00:27:00,22.2,33.98083712601399,29.819502328655467,33.98083712601399,0.0,0.0,29.819502328655467,0.0,0.0,0.0,0.0,0.0,0.0,0.0,0.0,0.0,0.0,0.0,0.0,0.0,0.0 
 07/21  00:28:00,22.2,34.02111149307697,29.807866576835565,34.02111149307697,0.0,0.0,29.807866576835565,0.0,0.0,0.0,0.0,0.0,0.0,0.0,0.0,0.0,0.0,0.0,0.0,0.0,0.0 
 07/21  00:29:00,22.2,34.06108902875404,29.79625018388324,34.06108902875404,0.0,0.0,29.79625018388324,0.0,0.0,0.0,0.0,0.0,0.0,0.0,0.0,0.0,0.0,0.0,0.0,0.0,0.0 
 07/21  00:30:00,22.2,34.10077666653058,29.784652092968333,34.10077666653058,0.0,0.0,29.784652092968333,0.0,0.0,0.0,0.0,0.0,0.0,0.0,0.0,0.0,0.0,0.0,0.0,0.0,0.0 
 07/21  00:31:00,22.2,34.14019692887108,29.773071254094642,34.14019692887108,0.0,0.0,29.773071254094642,0.0,0.0,0.0,0.0,0.0,0.0,0.0,0.0,0.0,0.0,0.0,0.0,0.0,0.0 
 07/21  00:32:00,22.2,34.179353237820656,29.76150669014816,34.179353237820656,0.0,0.0,29.76150669014816,0.0,0.0,0.0,0.0,0.0,0.0,0.0,0.0,0.0,0.0,0.0,0.0,0.0,0.0 
 07/21  00:33:00,22.2,34.21826442147345,29.749957443381035,34.21826442147345,0.0,0.0,29.749957443381035,0.0,0.0,0.0,0.0,0.0,0.0,0.0,0.0,0.0,0.0,0.0,0.0,0.0,0.0 
 07/21  00:34:00,22.2,34.25693157517929,29.7384226221636,34.25693157517929,0.0,0.0,29.7384226221636,0.0,0.0,0.0,0.0,0.0,0.0,0.0,0.0,0.0,0.0,0.0,0.0,0.0,0.0 
 07/21  00:35:00,22.2,34.295370899771896,29.72690136140315,34.295370899771896,0.0,0.0,29.72690136140315,0.0,0.0,0.0,0.0,0.0,0.0,0.0,0.0,0.0,0.0,0.0,0.0,0.0,0.0 
 07/21  00:36:00,22.2,34.333581927824426,29.715392853699512,34.333581927824426,0.0,0.0,29.715392853699512,0.0,0.0,0.0,0.0,0.0,0.0,0.0,0.0,0.0,0.0,0.0,0.0,0.0,0.0 
 07/21  00:37:00,22.2,34.371578942368416,29.703896328867614,34.371578942368416,0.0,0.0,29.703896328867614,0.0,0.0,0.0,0.0,0.0,0.0,0.0,0.0,0.0,0.0,0.0,0.0,0.0,0.0 
 07/21  00:38:00,22.2,34.40936041352327,29.692411062360808,34.40936041352327,0.0,0.0,29.692411062360808,0.0,0.0,0.0,0.0,0.0,0.0,0.0,0.0,0.0,0.0,0.0,0.0,0.0,0.0 
 07/21  00:39:00,22.2,34.44693918758739,29.68093637174402,34.44693918758739,0.0,0.0,29.68093637174402,0.0,0.0,0.0,0.0,0.0,0.0,0.0,0.0,0.0,0.0,0.0,0.0,0.0,0.0 
 07/21  00:40:00,22.2,34.48431300582335,29.669471617171904,34.48431300582335,0.0,0.0,29.669471617171904,0.0,0.0,0.0,0.0,0.0,0.0,0.0,0.0,0.0,0.0,0.0,0.0,0.0,0.0 
 07/21  00:41:00,22.2,34.521493610921205,29.658016200843257,34.521493610921205,0.0,0.0,29.658016200843257,0.0,0.0,0.0,0.0,0.0,0.0,0.0,0.0,0.0,0.0,0.0,0.0,0.0,0.0 
 07/21  00:42:00,22.2,34.55847824198293,29.646569558106282,34.55847824198293,0.0,0.0,29.646569558106282,0.0,0.0,0.0,0.0,0.0,0.0,0.0,0.0,0.0,0.0,0.0,0.0,0.0,0.0 
 07/21  00:43:00,22.2,34.59527777369119,29.635131176390203,34.59527777369119,0.0,0.0,29.635131176390203,0.0,0.0,0.0,0.0,0.0,0.0,0.0,0.0,0.0,0.0,0.0,0.0,0.0,0.0 
 07/21  00:44:00,22.2,34.63188909997382,29.623700563881865,34.63188909997382,0.0,0.0,29.623700563881865,0.0,0.0,0.0,0.0,0.0,0.0,0.0,0.0,0.0,0.0,0.0,0.0,0.0,0.0 
 07/21  00:45:00,22.2,34.6683223975447,29.612277280857988,34.6683223975447,0.0,0.0,29.612277280857988,0.0,0.0,0.0,0.0,0.0,0.0,0.0,0.0,0.0,0.0,0.0,0.0,0.0,0.0 
 07/21  00:46:00,22.2,34.70457432580091,29.600860909618245,34.70457432580091,0.0,0.0,29.600860909618245,0.0,0.0,0.0,0.0,0.0,0.0,0.0,0.0,0.0,0.0,0.0,0.0,0.0,0.0 
 07/21  00:47:00,22.2,34.74065448853012,29.58945108010684,34.74065448853012,0.0,0.0,29.58945108010684,0.0,0.0,0.0,0.0,0.0,0.0,0.0,0.0,0.0,0.0,0.0,0.0,0.0,0.0 
 07/21  00:48:00,22.2,34.77655938979123,29.578047436226356,34.77655938979123,0.0,0.0,29.578047436226356,0.0,0.0,0.0,0.0,0.0,0.0,0.0,0.0,0.0,0.0,0.0,0.0,0.0,0.0 
 07/21  00:49:00,22.2,34.812298153966466,29.566649678358534,34.812298153966466,0.0,0.0,29.566649678358534,0.0,0.0,0.0,0.0,0.0,0.0,0.0,0.0,0.0,0.0,0.0,0.0,0.0,0.0 
 07/21  00:50:00,22.2,34.84786718717649,29.555257510229673,34.84786718717649,0.0,0.0,29.555257510229673,0.0,0.0,0.0,0.0,0.0,0.0,0.0,0.0,0.0,0.0,0.0,0.0,0.0,0.0 
 07/21  00:51:00,22.2,34.88327520540458,29.543870688919938,34.88327520540458,0.0,0.0,29.543870688919938,0.0,0.0,0.0,0.0,0.0,0.0,0.0,0.0,0.0,0.0,0.0,0.0,0.0,0.0 
 07/21  00:52:00,22.2,34.91851855883051,29.532488979342837,34.91851855883051,0.0,0.0,29.532488979342837,0.0,0.0,0.0,0.0,0.0,0.0,0.0,0.0,0.0,0.0,0.0,0.0,0.0,0.0 
 07/21  00:53:00,22.2,34.95360560968125,29.521112192907534,34.95360560968125,0.0,0.0,29.521112192907534,0.0,0.0,0.0,0.0,0.0,0.0,0.0,0.0,0.0,0.0,0.0,0.0,0.0,0.0 
 07/21  00:54:00,22.2,34.98853268310937,29.509740142827958,34.98853268310937,0.0,0.0,29.509740142827958,0.0,0.0,0.0,0.0,0.0,0.0,0.0,0.0,0.0,0.0,0.0,0.0,0.0,0.0 
 07/21  00:55:00,22.2,35.023307830153584,29.498372695904262,35.023307830153584,0.0,0.0,29.498372695904262,0.0,0.0,0.0,0.0,0.0,0.0,0.0,0.0,0.0,0.0,0.0,0.0,0.0,0.0 
 07/21  00:56:00,22.2,35.05792737375313,29.487009712600337,35.05792737375313,0.0,0.0,29.487009712600337,0.0,0.0,0.0,0.0,0.0,0.0,0.0,0.0,0.0,0.0,0.0,0.0,0.0,0.0 
 07/21  00:57:00,22.2,35.09239908730291,29.475651102015522,35.09239908730291,0.0,0.0,29.475651102015522,0.0,0.0,0.0,0.0,0.0,0.0,0.0,0.0,0.0,0.0,0.0,0.0,0.0,0.0 
 07/21  00:58:00,22.2,35.126719308347205,29.464296773124843,35.126719308347205,0.0,0.0,29.464296773124843,0.0,0.0,0.0,0.0,0.0,0.0,0.0,0.0,0.0,0.0,0.0,0.0,0.0,0.0 
 07/21  00:59:00,22.2,35.16089555936791,29.45294667575748,35.16089555936791,0.0,0.0,29.45294667575748,0.0,0.0,0.0,0.0,0.0,0.0,0.0,0.0,0.0,0.0,0.0,0.0,0.0,0.0 
 07/21  01:00:00,22.2,35.19492420485034,29.441600755611198,35.19492420485034,0.0,0.0,29.441600755611198,0.0,0.0,0.0,0.0,0.0,0.0,0.0,0.0,0.0,0.0,0.0,0.0,0.0,0.0,49104000.0 
 07/21  01:01:00,22.1,35.228792413329984,29.43024318901028,35.228792413329984,0.0,0.0,29.43024318901028,0.0,0.0,0.0,0.0,0.0,0.0,0.0,0.0,0.0,0.0,0.0,0.0,0.0,0.0 
 07/21  01:02:00,22.1,35.26250798482547,29.418880126262476,35.26250798482547,0.0,0.0,29.418880126262476,0.0,0.0,0.0,0.0,0.0,0.0,0.0,0.0,0.0,0.0,0.0,0.0,0.0,0.0 
 07/21  01:03:00,22.1,35.29608889966149,29.40751846489993,35.29608889966149,0.0,0.0,29.40751846489993,0.0,0.0,0.0,0.0,0.0,0.0,0.0,0.0,0.0,0.0,0.0,0.0,0.0,0.0 
 07/21  01:04:00,22.1,35.32953559074119,29.396161477467825,35.32953559074119,0.0,0.0,29.396161477467825,0.0,0.0,0.0,0.0,0.0,0.0,0.0,0.0,0.0,0.0,0.0,0.0,0.0,0.0 
 07/21  01:05:00,22.1,35.362854593505396,29.38481001379394,35.362854593505396,0.0,0.0,29.38481001379394,0.0,0.0,0.0,0.0,0.0,0.0,0.0,0.0,0.0,0.0,0.0,0.0,0.0,0.0 
 07/21  01:06:00,22.1,35.39604074265841,29.37346401230193,35.39604074265841,0.0,0.0,29.37346401230193,0.0,0.0,0.0,0.0,0.0,0.0,0.0,0.0,0.0,0.0,0.0,0.0,0.0,0.0 
 07/21  01:07:00,22.1,35.42909928365945,29.362123323293837,35.42909928365945,0.0,0.0,29.362123323293837,0.0,0.0,0.0,0.0,0.0,0.0,0.0,0.0,0.0,0.0,0.0,0.0,0.0,0.0 
 07/21  01:08:00,22.1,35.46202583781839,29.350787879048365,35.46202583781839,0.0,0.0,29.350787879048365,0.0,0.0,0.0,0.0,0.0,0.0,0.0,0.0,0.0,0.0,0.0,0.0,0.0,0.0 
 07/21  01:09:00,22.1,35.49482639874539,29.33945772706623,35.49482639874539,0.0,0.0,29.33945772706623,0.0,0.0,0.0,0.0,0.0,0.0,0.0,0.0,0.0,0.0,0.0,0.0,0.0,0.0 
 07/21  01:10:00,22.1,35.527497245763676,29.328132954857395,35.527497245763676,0.0,0.0,29.328132954857395,0.0,0.0,0.0,0.0,0.0,0.0,0.0,0.0,0.0,0.0,0.0,0.0,0.0,0.0 
 07/21  01:11:00,22.1,35.56004451541775,29.31681369000724,35.56004451541775,0.0,0.0,29.31681369000724,0.0,0.0,0.0,0.0,0.0,0.0,0.0,0.0,0.0,0.0,0.0,0.0,0.0,0.0 
 07/21  01:12:00,22.1,35.59246468906471,29.305500065714245,35.59246468906471,0.0,0.0,29.305500065714245,0.0,0.0,0.0,0.0,0.0,0.0,0.0,0.0,0.0,0.0,0.0,0.0,0.0,0.0 
 07/21  01:13:00,22.1,35.624763830944175,29.294192246677483,35.624763830944175,0.0,0.0,29.294192246677483,0.0,0.0,0.0,0.0,0.0,0.0,0.0,0.0,0.0,0.0,0.0,0.0,0.0,0.0 
 07/21  01:14:00,22.1,35.65693854104142,29.282890403714074,35.65693854104142,0.0,0.0,29.282890403714074,0.0,0.0,0.0,0.0,0.0,0.0,0.0,0.0,0.0,0.0,0.0,0.0,0.0,0.0 
 07/21  01:15:00,22.1,35.68899478660709,29.27159473477461,35.68899478660709,0.0,0.0,29.27159473477461,0.0,0.0,0.0,0.0,0.0,0.0,0.0,0.0,0.0,0.0,0.0,0.0,0.0,0.0 
 07/21  01:16:00,22.1,35.72092926832128,29.26030544827867,35.72092926832128,0.0,0.0,29.26030544827867,0.0,0.0,0.0,0.0,0.0,0.0,0.0,0.0,0.0,0.0,0.0,0.0,0.0,0.0 
 07/21  01:17:00,22.1,35.75274784474181,29.249022773093692,35.75274784474181,0.0,0.0,29.249022773093692,0.0,0.0,0.0,0.0,0.0,0.0,0.0,0.0,0.0,0.0,0.0,0.0,0.0,0.0 
 07/21  01:18:00,22.1,35.78444730292975,29.237746947710107,35.78444730292975,0.0,0.0,29.237746947710107,0.0,0.0,0.0,0.0,0.0,0.0,0.0,0.0,0.0,0.0,0.0,0.0,0.0,0.0 
 07/21  01:19:00,22.1,35.8160333854085,29.226478224614727,35.8160333854085,0.0,0.0,29.226478224614727,0.0,0.0,0.0,0.0,0.0,0.0,0.0,0.0,0.0,0.0,0.0,0.0,0.0,0.0 
 07/21  01:20:00,22.1,35.847502958728626,29.21521686684898,35.847502958728626,0.0,0.0,29.21521686684898,0.0,0.0,0.0,0.0,0.0,0.0,0.0,0.0,0.0,0.0,0.0,0.0,0.0,0.0 
 07/21  01:21:00,22.1,35.878861648301665,29.203963143734182,35.878861648301665,0.0,0.0,29.203963143734182,0.0,0.0,0.0,0.0,0.0,0.0,0.0,0.0,0.0,0.0,0.0,0.0,0.0,0.0 
 07/21  01:22:00,22.1,35.91010639859647,29.19271733488059,35.91010639859647,0.0,0.0,29.19271733488059,0.0,0.0,0.0,0.0,0.0,0.0,0.0,0.0,0.0,0.0,0.0,0.0,0.0,0.0 
 07/21  01:23:00,22.1,35.94124271982026,29.181479721179997,35.94124271982026,0.0,0.0,29.181479721179997,0.0,0.0,0.0,0.0,0.0,0.0,0.0,0.0,0.0,0.0,0.0,0.0,0.0,0.0 
 07/21  01:24:00,22.1,35.97226763453079,29.170250595737183,35.97226763453079,0.0,0.0,29.170250595737183,0.0,0.0,0.0,0.0,0.0,0.0,0.0,0.0,0.0,0.0,0.0,0.0,0.0,0.0 
 07/21  01:25:00,22.1,36.00318654018867,29.159030242955716,36.00318654018867,0.0,0.0,29.159030242955716,0.0,0.0,0.0,0.0,0.0,0.0,0.0,0.0,0.0,0.0,0.0,0.0,0.0,0.0 
 07/21  01:26:00,22.1,36.0339965373179,29.14781896528021,36.0339965373179,0.0,0.0,29.14781896528021,0.0,0.0,0.0,0.0,0.0,0.0,0.0,0.0,0.0,0.0,0.0,0.0,0.0,0.0 
 07/21  01:27:00,22.1,36.06470291254581,29.13661705095275,36.06470291254581,0.0,0.0,29.13661705095275,0.0,0.0,0.0,0.0,0.0,0.0,0.0,0.0,0.0,0.0,0.0,0.0,0.0,0.0 
 07/21  01:28:00,22.1,36.0953028430275,29.125424803955948,36.0953028430275,0.0,0.0,29.125424803955948,0.0,0.0,0.0,0.0,0.0,0.0,0.0,0.0,0.0,0.0,0.0,0.0,0.0,0.0 
 07/21  01:29:00,22.1,36.125801505575566,29.114242512875162,36.125801505575566,0.0,0.0,29.114242512875162,0.0,0.0,0.0,0.0,0.0,0.0,0.0,0.0,0.0,0.0,0.0,0.0,0.0,0.0 
 07/21  01:30:00,22.1,36.15619615118489,29.103070486863892,36.15619615118489,0.0,0.0,29.103070486863892,0.0,0.0,0.0,0.0,0.0,0.0,0.0,0.0,0.0,0.0,0.0,0.0,0.0,0.0 
 07/21  01:31:00,22.1,36.18649184705407,29.09190900651259,36.18649184705407,0.0,0.0,29.09190900651259,0.0,0.0,0.0,0.0,0.0,0.0,0.0,0.0,0.0,0.0,0.0,0.0,0.0,0.0 
 07/21  01:32:00,22.1,36.21668591394347,29.08075838266114,36.21668591394347,0.0,0.0,29.08075838266114,0.0,0.0,0.0,0.0,0.0,0.0,0.0,0.0,0.0,0.0,0.0,0.0,0.0,0.0 
 07/21  01:33:00,22.1,36.24678330911668,29.069618894421513,36.24678330911668,0.0,0.0,29.069618894421513,0.0,0.0,0.0,0.0,0.0,0.0,0.0,0.0,0.0,0.0,0.0,0.0,0.0,0.0 
 07/21  01:34:00,22.1,36.27678141812124,29.0584908454584,36.27678141812124,0.0,0.0,29.0584908454584,0.0,0.0,0.0,0.0,0.0,0.0,0.0,0.0,0.0,0.0,0.0,0.0,0.0,0.0 
 07/21  01:35:00,22.1,36.30668508779908,29.04737451021208,36.30668508779908,0.0,0.0,29.04737451021208,0.0,0.0,0.0,0.0,0.0,0.0,0.0,0.0,0.0,0.0,0.0,0.0,0.0,0.0 
 07/21  01:36:00,22.1,36.336491763029954,29.036270194035332,36.336491763029954,0.0,0.0,29.036270194035332,0.0,0.0,0.0,0.0,0.0,0.0,0.0,0.0,0.0,0.0,0.0,0.0,0.0,0.0 
 07/21  01:37:00,22.1,36.36620617989896,29.025178156771013,36.36620617989896,0.0,0.0,29.025178156771013,0.0,0.0,0.0,0.0,0.0,0.0,0.0,0.0,0.0,0.0,0.0,0.0,0.0,0.0 
 07/21  01:38:00,22.1,36.39582583706884,29.01409870141546,36.39582583706884,0.0,0.0,29.01409870141546,0.0,0.0,0.0,0.0,0.0,0.0,0.0,0.0,0.0,0.0,0.0,0.0,0.0,0.0 
 07/21  01:39:00,22.1,36.42535535991604,29.003032084627904,36.42535535991604,0.0,0.0,29.003032084627904,0.0,0.0,0.0,0.0,0.0,0.0,0.0,0.0,0.0,0.0,0.0,0.0,0.0,0.0 
 07/21  01:40:00,22.1,36.45479229553695,28.99197859630495,36.45479229553695,0.0,0.0,28.99197859630495,0.0,0.0,0.0,0.0,0.0,0.0,0.0,0.0,0.0,0.0,0.0,0.0,0.0,0.0 
 07/21  01:41:00,22.1,36.484141159167756,28.9809384861595,36.484141159167756,0.0,0.0,28.9809384861595,0.0,0.0,0.0,0.0,0.0,0.0,0.0,0.0,0.0,0.0,0.0,0.0,0.0,0.0 
 07/21  01:42:00,22.1,36.5133995413865,28.96991204427249,36.5133995413865,0.0,0.0,28.96991204427249,0.0,0.0,0.0,0.0,0.0,0.0,0.0,0.0,0.0,0.0,0.0,0.0,0.0,0.0 
 07/21  01:43:00,22.1,36.542571848430995,28.95889950138253,36.542571848430995,0.0,0.0,28.95889950138253,0.0,0.0,0.0,0.0,0.0,0.0,0.0,0.0,0.0,0.0,0.0,0.0,0.0,0.0 
 07/21  01:44:00,22.1,36.57165570991788,28.947901142767286,36.57165570991788,0.0,0.0,28.947901142767286,0.0,0.0,0.0,0.0,0.0,0.0,0.0,0.0,0.0,0.0,0.0,0.0,0.0,0.0 
 07/21  01:45:00,22.1,36.60065542479068,28.936917195876077,36.60065542479068,0.0,0.0,28.936917195876077,0.0,0.0,0.0,0.0,0.0,0.0,0.0,0.0,0.0,0.0,0.0,0.0,0.0,0.0 
 07/21  01:46:00,22.1,36.629568657813785,28.925947928415397,36.629568657813785,0.0,0.0,28.925947928415397,0.0,0.0,0.0,0.0,0.0,0.0,0.0,0.0,0.0,0.0,0.0,0.0,0.0,0.0 
 07/21  01:47:00,22.1,36.65839960284902,28.91499355995004,36.65839960284902,0.0,0.0,28.91499355995004,0.0,0.0,0.0,0.0,0.0,0.0,0.0,0.0,0.0,0.0,0.0,0.0,0.0,0.0 
 07/21  01:48:00,22.1,36.68714595646554,28.904054357951793,36.68714595646554,0.0,0.0,28.904054357951793,0.0,0.0,0.0,0.0,0.0,0.0,0.0,0.0,0.0,0.0,0.0,0.0,0.0,0.0 
 07/21  01:49:00,22.1,36.715811810085874,28.893130519910585,36.715811810085874,0.0,0.0,28.893130519910585,0.0,0.0,0.0,0.0,0.0,0.0,0.0,0.0,0.0,0.0,0.0,0.0,0.0,0.0 
 07/21  01:50:00,22.1,36.74439488925295,28.882222307091144,36.74439488925295,0.0,0.0,28.882222307091144,0.0,0.0,0.0,0.0,0.0,0.0,0.0,0.0,0.0,0.0,0.0,0.0,0.0,0.0 
 07/21  01:51:00,22.1,36.77289918593411,28.871329914504166,36.77289918593411,0.0,0.0,28.871329914504166,0.0,0.0,0.0,0.0,0.0,0.0,0.0,0.0,0.0,0.0,0.0,0.0,0.0,0.0 
 07/21  01:52:00,22.1,36.80132245227475,28.8604535824817,36.80132245227475,0.0,0.0,28.8604535824817,0.0,0.0,0.0,0.0,0.0,0.0,0.0,0.0,0.0,0.0,0.0,0.0,0.0,0.0 
 07/21  01:53:00,22.1,36.82966858402406,28.849593498067474,36.82966858402406,0.0,0.0,28.849593498067474,0.0,0.0,0.0,0.0,0.0,0.0,0.0,0.0,0.0,0.0,0.0,0.0,0.0,0.0 
 07/21  01:54:00,22.1,36.857935357958375,28.83874990176435,36.857935357958375,0.0,0.0,28.83874990176435,0.0,0.0,0.0,0.0,0.0,0.0,0.0,0.0,0.0,0.0,0.0,0.0,0.0,0.0 
 07/21  01:55:00,22.1,36.88612657701667,28.827922956369612,36.88612657701667,0.0,0.0,28.827922956369612,0.0,0.0,0.0,0.0,0.0,0.0,0.0,0.0,0.0,0.0,0.0,0.0,0.0,0.0 
 07/21  01:56:00,22.1,36.91424004097438,28.81711289562134,36.91424004097438,0.0,0.0,28.81711289562134,0.0,0.0,0.0,0.0,0.0,0.0,0.0,0.0,0.0,0.0,0.0,0.0,0.0,0.0 
 07/21  01:57:00,22.1,36.942279463466754,28.80631988126634,36.942279463466754,0.0,0.0,28.80631988126634,0.0,0.0,0.0,0.0,0.0,0.0,0.0,0.0,0.0,0.0,0.0,0.0,0.0,0.0 
 07/21  01:58:00,22.1,36.970242665919315,28.795544123690355,36.970242665919315,0.0,0.0,28.795544123690355,0.0,0.0,0.0,0.0,0.0,0.0,0.0,0.0,0.0,0.0,0.0,0.0,0.0,0.0 
 07/21  01:59:00,22.1,36.99813327620758,28.78478577719932,36.99813327620758,0.0,0.0,28.78478577719932,0.0,0.0,0.0,0.0,0.0,0.0,0.0,0.0,0.0,0.0,0.0,0.0,0.0,0.0 
 07/21  02:00:00,22.1,37.02594913629025,28.77404505339852,37.02594913629025,0.0,0.0,28.77404505339852,0.0,0.0,0.0,0.0,0.0,0.0,0.0,0.0,0.0,0.0,0.0,0.0,0.0,0.0,49104000.0 
 07/21  02:01:00,22.0,37.05367531937527,28.76330613877043,37.05367531937527,0.0,0.0,28.76330613877043,0.0,0.0,0.0,0.0,0.0,0.0,0.0,0.0,0.0,0.0,0.0,0.0,0.0,0.0 
 07/21  02:02:00,22.0,37.08132016914573,28.75257545340648,37.08132016914573,0.0,0.0,28.75257545340648,0.0,0.0,0.0,0.0,0.0,0.0,0.0,0.0,0.0,0.0,0.0,0.0,0.0,0.0 
 07/21  02:03:00,22.0,37.10889716586238,28.741860055958714,37.10889716586238,0.0,0.0,28.741860055958714,0.0,0.0,0.0,0.0,0.0,0.0,0.0,0.0,0.0,0.0,0.0,0.0,0.0,0.0 
 07/21  02:04:00,22.0,37.13640784000656,28.731163405594135,37.13640784000656,0.0,0.0,28.731163405594135,0.0,0.0,0.0,0.0,0.0,0.0,0.0,0.0,0.0,0.0,0.0,0.0,0.0,0.0 
 07/21  02:05:00,22.0,37.16385524648121,28.720486429910657,37.16385524648121,0.0,0.0,28.720486429910657,0.0,0.0,0.0,0.0,0.0,0.0,0.0,0.0,0.0,0.0,0.0,0.0,0.0,0.0 
 07/21  02:06:00,22.0,37.191235749203024,28.70982920322975,37.191235749203024,0.0,0.0,28.70982920322975,0.0,0.0,0.0,0.0,0.0,0.0,0.0,0.0,0.0,0.0,0.0,0.0,0.0,0.0 
 07/21  02:07:00,22.0,37.2185513280442,28.699191590069972,37.2185513280442,0.0,0.0,28.699191590069972,0.0,0.0,0.0,0.0,0.0,0.0,0.0,0.0,0.0,0.0,0.0,0.0,0.0,0.0 
 07/21  02:08:00,22.0,37.24579905462545,28.688573627849024,37.24579905462545,0.0,0.0,28.688573627849024,0.0,0.0,0.0,0.0,0.0,0.0,0.0,0.0,0.0,0.0,0.0,0.0,0.0,0.0 
 07/21  02:09:00,22.0,37.27298169654046,28.677975365595568,37.27298169654046,0.0,0.0,28.677975365595568,0.0,0.0,0.0,0.0,0.0,0.0,0.0,0.0,0.0,0.0,0.0,0.0,0.0,0.0 
 07/21  02:10:00,22.0,37.30009690334949,28.667396950094993,37.30009690334949,0.0,0.0,28.667396950094993,0.0,0.0,0.0,0.0,0.0,0.0,0.0,0.0,0.0,0.0,0.0,0.0,0.0,0.0 
 07/21  02:11:00,22.0,37.32714766130986,28.65683849304275,37.32714766130986,0.0,0.0,28.65683849304275,0.0,0.0,0.0,0.0,0.0,0.0,0.0,0.0,0.0,0.0,0.0,0.0,0.0,0.0 
 07/21  02:12:00,22.0,37.354131773448024,28.64630018111034,37.354131773448024,0.0,0.0,28.64630018111034,0.0,0.0,0.0,0.0,0.0,0.0,0.0,0.0,0.0,0.0,0.0,0.0,0.0,0.0 
 07/21  02:13:00,22.0,37.38105224134517,28.63578212610223,37.38105224134517,0.0,0.0,28.63578212610223,0.0,0.0,0.0,0.0,0.0,0.0,0.0,0.0,0.0,0.0,0.0,0.0,0.0,0.0 
 07/21  02:14:00,22.0,37.40790694459033,28.625284538357583,37.40790694459033,0.0,0.0,28.625284538357583,0.0,0.0,0.0,0.0,0.0,0.0,0.0,0.0,0.0,0.0,0.0,0.0,0.0,0.0 
 07/21  02:15:00,22.0,37.43469887457966,28.61480756398458,37.43469887457966,0.0,0.0,28.61480756398458,0.0,0.0,0.0,0.0,0.0,0.0,0.0,0.0,0.0,0.0,0.0,0.0,0.0,0.0 
 07/21  02:16:00,22.0,37.461425972296,28.604351415494357,37.461425972296,0.0,0.0,28.604351415494357,0.0,0.0,0.0,0.0,0.0,0.0,0.0,0.0,0.0,0.0,0.0,0.0,0.0,0.0 
 07/21  02:17:00,22.0,37.48809120617586,28.593916261032447,37.48809120617586,0.0,0.0,28.593916261032447,0.0,0.0,0.0,0.0,0.0,0.0,0.0,0.0,0.0,0.0,0.0,0.0,0.0,0.0 
 07/21  02:18:00,22.0,37.51469256776319,28.58350234311071,37.51469256776319,0.0,0.0,28.58350234311071,0.0,0.0,0.0,0.0,0.0,0.0,0.0,0.0,0.0,0.0,0.0,0.0,0.0,0.0 
 07/21  02:19:00,22.0,37.54123299440548,28.573109820059205,37.54123299440548,0.0,0.0,28.573109820059205,0.0,0.0,0.0,0.0,0.0,0.0,0.0,0.0,0.0,0.0,0.0,0.0,0.0,0.0 
 07/21  02:20:00,22.0,37.56771052499159,28.562738946590166,37.56771052499159,0.0,0.0,28.562738946590166,0.0,0.0,0.0,0.0,0.0,0.0,0.0,0.0,0.0,0.0,0.0,0.0,0.0,0.0 
 07/21  02:21:00,22.0,37.594128063749224,28.55238989955228,37.594128063749224,0.0,0.0,28.55238989955228,0.0,0.0,0.0,0.0,0.0,0.0,0.0,0.0,0.0,0.0,0.0,0.0,0.0,0.0 
 07/21  02:22:00,22.0,37.62048369883977,28.542062914600542,37.62048369883977,0.0,0.0,28.542062914600542,0.0,0.0,0.0,0.0,0.0,0.0,0.0,0.0,0.0,0.0,0.0,0.0,0.0,0.0 
 07/21  02:23:00,22.0,37.646780301998135,28.53175817082319,37.646780301998135,0.0,0.0,28.53175817082319,0.0,0.0,0.0,0.0,0.0,0.0,0.0,0.0,0.0,0.0,0.0,0.0,0.0,0.0 
 07/21  02:24:00,22.0,37.673016013861535,28.521475916941604,37.673016013861535,0.0,0.0,28.521475916941604,0.0,0.0,0.0,0.0,0.0,0.0,0.0,0.0,0.0,0.0,0.0,0.0,0.0,0.0 
 07/21  02:25:00,22.0,37.69919367438489,28.511216302169334,37.69919367438489,0.0,0.0,28.511216302169334,0.0,0.0,0.0,0.0,0.0,0.0,0.0,0.0,0.0,0.0,0.0,0.0,0.0,0.0 
 07/21  02:26:00,22.0,37.72531147887796,28.500979572540736,37.72531147887796,0.0,0.0,28.500979572540736,0.0,0.0,0.0,0.0,0.0,0.0,0.0,0.0,0.0,0.0,0.0,0.0,0.0,0.0 
 07/21  02:27:00,22.0,37.75137223515098,28.490765883513937,37.75137223515098,0.0,0.0,28.490765883513937,0.0,0.0,0.0,0.0,0.0,0.0,0.0,0.0,0.0,0.0,0.0,0.0,0.0,0.0 
 07/21  02:28:00,22.0,37.77737419334859,28.480575448588688,37.77737419334859,0.0,0.0,28.480575448588688,0.0,0.0,0.0,0.0,0.0,0.0,0.0,0.0,0.0,0.0,0.0,0.0,0.0,0.0 
 07/21  02:29:00,22.0,37.80332012738792,28.47040841585468,37.80332012738792,0.0,0.0,28.47040841585468,0.0,0.0,0.0,0.0,0.0,0.0,0.0,0.0,0.0,0.0,0.0,0.0,0.0,0.0 
 07/21  02:30:00,22.0,37.82920834017533,28.46026500557848,37.82920834017533,0.0,0.0,28.46026500557848,0.0,0.0,0.0,0.0,0.0,0.0,0.0,0.0,0.0,0.0,0.0,0.0,0.0,0.0 
 07/21  02:31:00,22.0,37.85504156881252,28.45014532729958,37.85504156881252,0.0,0.0,28.45014532729958,0.0,0.0,0.0,0.0,0.0,0.0,0.0,0.0,0.0,0.0,0.0,0.0,0.0,0.0 
 07/21  02:32:00,22.0,37.88081816497883,28.440049593695203,37.88081816497883,0.0,0.0,28.440049593695203,0.0,0.0,0.0,0.0,0.0,0.0,0.0,0.0,0.0,0.0,0.0,0.0,0.0,0.0 
 07/21  02:33:00,22.0,37.90654082533223,28.42997791804105,37.90654082533223,0.0,0.0,28.42997791804105,0.0,0.0,0.0,0.0,0.0,0.0,0.0,0.0,0.0,0.0,0.0,0.0,0.0,0.0 
 07/21  02:34:00,22.0,37.93220794499164,28.419930475444367,37.93220794499164,0.0,0.0,28.419930475444367,0.0,0.0,0.0,0.0,0.0,0.0,0.0,0.0,0.0,0.0,0.0,0.0,0.0,0.0 
 07/21  02:35:00,22.0,37.95782217636196,28.40990737002232,37.95782217636196,0.0,0.0,28.40990737002232,0.0,0.0,0.0,0.0,0.0,0.0,0.0,0.0,0.0,0.0,0.0,0.0,0.0,0.0 
 07/21  02:36:00,22.0,37.983381951942704,28.399908783292865,37.983381951942704,0.0,0.0,28.399908783292865,0.0,0.0,0.0,0.0,0.0,0.0,0.0,0.0,0.0,0.0,0.0,0.0,0.0,0.0 
 07/21  02:37:00,22.0,38.00888987635067,28.389934778254705,38.00888987635067,0.0,0.0,28.389934778254705,0.0,0.0,0.0,0.0,0.0,0.0,0.0,0.0,0.0,0.0,0.0,0.0,0.0,0.0 
 07/21  02:38:00,22.0,38.03434441322569,28.37998552818858,38.03434441322569,0.0,0.0,28.37998552818858,0.0,0.0,0.0,0.0,0.0,0.0,0.0,0.0,0.0,0.0,0.0,0.0,0.0,0.0 
 07/21  02:39:00,22.0,38.059748116464085,28.370061101256457,38.059748116464085,0.0,0.0,28.370061101256457,0.0,0.0,0.0,0.0,0.0,0.0,0.0,0.0,0.0,0.0,0.0,0.0,0.0,0.0 
 07/21  02:40:00,22.0,38.08509947483994,28.360161631296464,38.08509947483994,0.0,0.0,28.360161631296464,0.0,0.0,0.0,0.0,0.0,0.0,0.0,0.0,0.0,0.0,0.0,0.0,0.0,0.0 
 07/21  02:41:00,22.0,38.110400989391124,28.350287178295474,38.110400989391124,0.0,0.0,28.350287178295474,0.0,0.0,0.0,0.0,0.0,0.0,0.0,0.0,0.0,0.0,0.0,0.0,0.0,0.0 
 07/21  02:42:00,22.0,38.13565116853197,28.34043788387095,38.13565116853197,0.0,0.0,28.34043788387095,0.0,0.0,0.0,0.0,0.0,0.0,0.0,0.0,0.0,0.0,0.0,0.0,0.0,0.0 
 07/21  02:43:00,22.0,38.16085245917069,28.330613766468463,38.16085245917069,0.0,0.0,28.330613766468463,0.0,0.0,0.0,0.0,0.0,0.0,0.0,0.0,0.0,0.0,0.0,0.0,0.0,0.0 
 07/21  02:44:00,22.0,38.18600338453542,28.320814960059735,38.18600338453542,0.0,0.0,28.320814960059735,0.0,0.0,0.0,0.0,0.0,0.0,0.0,0.0,0.0,0.0,0.0,0.0,0.0,0.0 
 07/21  02:45:00,22.0,38.21110633698312,28.311041490744984,38.21110633698312,0.0,0.0,28.311041490744984,0.0,0.0,0.0,0.0,0.0,0.0,0.0,0.0,0.0,0.0,0.0,0.0,0.0,0.0 
 07/21  02:46:00,22.0,38.23615985045766,28.301293452288736,38.23615985045766,0.0,0.0,28.301293452288736,0.0,0.0,0.0,0.0,0.0,0.0,0.0,0.0,0.0,0.0,0.0,0.0,0.0,0.0 
 07/21  02:47:00,22.0,38.26116626311518,28.291570864382944,38.26116626311518,0.0,0.0,28.291570864382944,0.0,0.0,0.0,0.0,0.0,0.0,0.0,0.0,0.0,0.0,0.0,0.0,0.0,0.0 
 07/21  02:48:00,22.0,38.28612411623888,28.281873830384892,38.28612411623888,0.0,0.0,28.281873830384892,0.0,0.0,0.0,0.0,0.0,0.0,0.0,0.0,0.0,0.0,0.0,0.0,0.0,0.0 
 07/21  02:49:00,22.0,38.311035694795414,28.272202328811694,38.311035694795414,0.0,0.0,28.272202328811694,0.0,0.0,0.0,0.0,0.0,0.0,0.0,0.0,0.0,0.0,0.0,0.0,0.0,0.0 
 07/21  02:50:00,22.0,38.33589954470308,28.262556456427383,38.33589954470308,0.0,0.0,28.262556456427383,0.0,0.0,0.0,0.0,0.0,0.0,0.0,0.0,0.0,0.0,0.0,0.0,0.0,0.0 
 07/21  02:51:00,22.0,38.36071789928653,28.252936202105207,38.36071789928653,0.0,0.0,28.252936202105207,0.0,0.0,0.0,0.0,0.0,0.0,0.0,0.0,0.0,0.0,0.0,0.0,0.0,0.0 
 07/21  02:52:00,22.0,38.385489306993875,28.24334162226219,38.385489306993875,0.0,0.0,28.24334162226219,0.0,0.0,0.0,0.0,0.0,0.0,0.0,0.0,0.0,0.0,0.0,0.0,0.0,0.0 
 07/21  02:53:00,22.0,38.41021595146686,28.233772701351935,38.41021595146686,0.0,0.0,28.233772701351935,0.0,0.0,0.0,0.0,0.0,0.0,0.0,0.0,0.0,0.0,0.0,0.0,0.0,0.0 
 07/21  02:54:00,22.0,38.43489638209435,28.224229507389513,38.43489638209435,0.0,0.0,28.224229507389513,0.0,0.0,0.0,0.0,0.0,0.0,0.0,0.0,0.0,0.0,0.0,0.0,0.0,0.0 
 07/21  02:55:00,22.0,38.45953273509064,28.214711984417022,38.45953273509064,0.0,0.0,28.214711984417022,0.0,0.0,0.0,0.0,0.0,0.0,0.0,0.0,0.0,0.0,0.0,0.0,0.0,0.0 
 07/21  02:56:00,22.0,38.48412355962915,28.205220195206415,38.48412355962915,0.0,0.0,28.205220195206415,0.0,0.0,0.0,0.0,0.0,0.0,0.0,0.0,0.0,0.0,0.0,0.0,0.0,0.0 
 07/21  02:57:00,22.0,38.508670946946985,28.195754096832566,38.508670946946985,0.0,0.0,28.195754096832566,0.0,0.0,0.0,0.0,0.0,0.0,0.0,0.0,0.0,0.0,0.0,0.0,0.0,0.0 
 07/21  02:58:00,22.0,38.533173445200724,28.186313712065772,38.533173445200724,0.0,0.0,28.186313712065772,0.0,0.0,0.0,0.0,0.0,0.0,0.0,0.0,0.0,0.0,0.0,0.0,0.0,0.0 
 07/21  02:59:00,22.0,38.55763310320979,28.176898995594442,38.55763310320979,0.0,0.0,28.176898995594442,0.0,0.0,0.0,0.0,0.0,0.0,0.0,0.0,0.0,0.0,0.0,0.0,0.0,0.0 
 07/21  03:00:00,22.0,38.58204846759727,28.16750998389849,38.58204846759727,0.0,0.0,28.16750998389849,0.0,0.0,0.0,0.0,0.0,0.0,0.0,0.0,0.0,0.0,0.0,0.0,0.0,0.0,49104000.0 
 07/21  03:01:00,21.9,38.60643025523372,28.158122839990593,38.60643025523372,0.0,0.0,28.158122839990593,0.0,0.0,0.0,0.0,0.0,0.0,0.0,0.0,0.0,0.0,0.0,0.0,0.0,0.0 
 07/21  03:02:00,21.9,38.63077203665919,28.148746877629016,38.63077203665919,0.0,0.0,28.148746877629016,0.0,0.0,0.0,0.0,0.0,0.0,0.0,0.0,0.0,0.0,0.0,0.0,0.0,0.0 
 07/21  03:03:00,21.9,38.65507105185752,28.13939236383951,38.65507105185752,0.0,0.0,28.13939236383951,0.0,0.0,0.0,0.0,0.0,0.0,0.0,0.0,0.0,0.0,0.0,0.0,0.0,0.0 
 07/21  03:04:00,21.9,38.67932412909488,28.130064180994392,38.67932412909488,0.0,0.0,28.130064180994392,0.0,0.0,0.0,0.0,0.0,0.0,0.0,0.0,0.0,0.0,0.0,0.0,0.0,0.0 
 07/21  03:05:00,21.9,38.70353338036237,28.120763456430144,38.70353338036237,0.0,0.0,28.120763456430144,0.0,0.0,0.0,0.0,0.0,0.0,0.0,0.0,0.0,0.0,0.0,0.0,0.0,0.0 
 07/21  03:06:00,21.9,38.727698081411724,28.111490031748897,38.727698081411724,0.0,0.0,28.111490031748897,0.0,0.0,0.0,0.0,0.0,0.0,0.0,0.0,0.0,0.0,0.0,0.0,0.0,0.0 
 07/21  03:07:00,21.9,38.75182077774957,28.102243438691406,38.75182077774957,0.0,0.0,28.102243438691406,0.0,0.0,0.0,0.0,0.0,0.0,0.0,0.0,0.0,0.0,0.0,0.0,0.0,0.0 
 07/21  03:08:00,21.9,38.775900408697545,28.09302344543232,38.775900408697545,0.0,0.0,28.09302344543232,0.0,0.0,0.0,0.0,0.0,0.0,0.0,0.0,0.0,0.0,0.0,0.0,0.0,0.0 
 07/21  03:09:00,21.9,38.79993907937307,28.0838298286154,38.79993907937307,0.0,0.0,28.0838298286154,0.0,0.0,0.0,0.0,0.0,0.0,0.0,0.0,0.0,0.0,0.0,0.0,0.0,0.0 
 07/21  03:10:00,21.9,38.823935459496234,28.07466245477648,38.823935459496234,0.0,0.0,28.07466245477648,0.0,0.0,0.0,0.0,0.0,0.0,0.0,0.0,0.0,0.0,0.0,0.0,0.0,0.0 
 07/21  03:11:00,21.9,38.84789149084456,28.06552111885448,38.84789149084456,0.0,0.0,28.06552111885448,0.0,0.0,0.0,0.0,0.0,0.0,0.0,0.0,0.0,0.0,0.0,0.0,0.0,0.0 
 07/21  03:12:00,21.9,38.87180577590154,28.05640565732538,38.87180577590154,0.0,0.0,28.05640565732538,0.0,0.0,0.0,0.0,0.0,0.0,0.0,0.0,0.0,0.0,0.0,0.0,0.0,0.0 
 07/21  03:13:00,21.9,38.89568019314073,28.047315760133333,38.89568019314073,0.0,0.0,28.047315760133333,0.0,0.0,0.0,0.0,0.0,0.0,0.0,0.0,0.0,0.0,0.0,0.0,0.0,0.0 
 07/21  03:14:00,21.9,38.91951331211594,28.03825119229913,38.91951331211594,0.0,0.0,28.03825119229913,0.0,0.0,0.0,0.0,0.0,0.0,0.0,0.0,0.0,0.0,0.0,0.0,0.0,0.0 
 07/21  03:15:00,21.9,38.9433069618433,28.02921159838563,38.9433069618433,0.0,0.0,28.02921159838563,0.0,0.0,0.0,0.0,0.0,0.0,0.0,0.0,0.0,0.0,0.0,0.0,0.0,0.0 
 07/21  03:16:00,21.9,38.967059681135176,28.020196647092135,38.967059681135176,0.0,0.0,28.020196647092135,0.0,0.0,0.0,0.0,0.0,0.0,0.0,0.0,0.0,0.0,0.0,0.0,0.0,0.0 
 07/21  03:17:00,21.9,38.9907732557203,28.011205934306354,38.9907732557203,0.0,0.0,28.011205934306354,0.0,0.0,0.0,0.0,0.0,0.0,0.0,0.0,0.0,0.0,0.0,0.0,0.0,0.0 
 07/21  03:18:00,21.9,39.01444619076243,28.002239102499964,39.01444619076243,0.0,0.0,28.002239102499964,0.0,0.0,0.0,0.0,0.0,0.0,0.0,0.0,0.0,0.0,0.0,0.0,0.0,0.0 
 07/21  03:19:00,21.9,39.038080231238986,27.99329567849795,39.038080231238986,0.0,0.0,27.99329567849795,0.0,0.0,0.0,0.0,0.0,0.0,0.0,0.0,0.0,0.0,0.0,0.0,0.0,0.0 
 07/21  03:20:00,21.9,39.06167383996961,27.984375276281998,39.06167383996961,0.0,0.0,27.984375276281998,0.0,0.0,0.0,0.0,0.0,0.0,0.0,0.0,0.0,0.0,0.0,0.0,0.0,0.0 
 07/21  03:21:00,21.9,39.085228720376065,27.975477425014937,39.085228720376065,0.0,0.0,27.975477425014937,0.0,0.0,0.0,0.0,0.0,0.0,0.0,0.0,0.0,0.0,0.0,0.0,0.0,0.0 
 07/21  03:22:00,21.9,39.10874328148467,27.966601691552682,39.10874328148467,0.0,0.0,27.966601691552682,0.0,0.0,0.0,0.0,0.0,0.0,0.0,0.0,0.0,0.0,0.0,0.0,0.0,0.0 
 07/21  03:23:00,21.9,39.13221918400117,27.95774760495656,39.13221918400117,0.0,0.0,27.95774760495656,0.0,0.0,0.0,0.0,0.0,0.0,0.0,0.0,0.0,0.0,0.0,0.0,0.0,0.0 
 07/21  03:24:00,21.9,39.155654772818394,27.94891475029224,39.155654772818394,0.0,0.0,27.94891475029224,0.0,0.0,0.0,0.0,0.0,0.0,0.0,0.0,0.0,0.0,0.0,0.0,0.0,0.0 
 07/21  03:25:00,21.9,39.179051666736505,27.94010263296675,39.179051666736505,0.0,0.0,27.94010263296675,0.0,0.0,0.0,0.0,0.0,0.0,0.0,0.0,0.0,0.0,0.0,0.0,0.0,0.0 
 07/21  03:26:00,21.9,39.20240813984449,27.931310847668033,39.20240813984449,0.0,0.0,27.931310847668033,0.0,0.0,0.0,0.0,0.0,0.0,0.0,0.0,0.0,0.0,0.0,0.0,0.0,0.0 
 07/21  03:27:00,21.9,39.22572577286818,27.922538936162557,39.22572577286818,0.0,0.0,27.922538936162557,0.0,0.0,0.0,0.0,0.0,0.0,0.0,0.0,0.0,0.0,0.0,0.0,0.0,0.0 
 07/21  03:28:00,21.9,39.24900276720181,27.913786477211392,39.24900276720181,0.0,0.0,27.913786477211392,0.0,0.0,0.0,0.0,0.0,0.0,0.0,0.0,0.0,0.0,0.0,0.0,0.0,0.0 
 07/21  03:29:00,21.9,39.27224067234666,27.905053038257883,39.27224067234666,0.0,0.0,27.905053038257883,0.0,0.0,0.0,0.0,0.0,0.0,0.0,0.0,0.0,0.0,0.0,0.0,0.0,0.0 
 07/21  03:30:00,21.9,39.295437619817875,27.896338236407555,39.295437619817875,0.0,0.0,27.896338236407555,0.0,0.0,0.0,0.0,0.0,0.0,0.0,0.0,0.0,0.0,0.0,0.0,0.0,0.0 
 07/21  03:31:00,21.9,39.3185951370522,27.88764163509923,39.3185951370522,0.0,0.0,27.88764163509923,0.0,0.0,0.0,0.0,0.0,0.0,0.0,0.0,0.0,0.0,0.0,0.0,0.0,0.0 
 07/21  03:32:00,21.9,39.341711292360614,27.878962875475814,39.341711292360614,0.0,0.0,27.878962875475814,0.0,0.0,0.0,0.0,0.0,0.0,0.0,0.0,0.0,0.0,0.0,0.0,0.0,0.0 
 07/21  03:33:00,21.9,39.36478760154547,27.8703015679223,39.36478760154547,0.0,0.0,27.8703015679223,0.0,0.0,0.0,0.0,0.0,0.0,0.0,0.0,0.0,0.0,0.0,0.0,0.0,0.0 
 07/21  03:34:00,21.9,39.3878220790491,27.861657348451207,39.3878220790491,0.0,0.0,27.861657348451207,0.0,0.0,0.0,0.0,0.0,0.0,0.0,0.0,0.0,0.0,0.0,0.0,0.0,0.0 
 07/21  03:35:00,21.9,39.41081623968034,27.85302985979191,39.41081623968034,0.0,0.0,27.85302985979191,0.0,0.0,0.0,0.0,0.0,0.0,0.0,0.0,0.0,0.0,0.0,0.0,0.0,0.0 
 07/21  03:36:00,21.9,39.43376805478594,27.844418780923725,39.43376805478594,0.0,0.0,27.844418780923725,0.0,0.0,0.0,0.0,0.0,0.0,0.0,0.0,0.0,0.0,0.0,0.0,0.0,0.0 
 07/21  03:37:00,21.9,39.45667904814994,27.8358237552606,39.45667904814994,0.0,0.0,27.8358237552606,0.0,0.0,0.0,0.0,0.0,0.0,0.0,0.0,0.0,0.0,0.0,0.0,0.0,0.0 
 07/21  03:38:00,21.9,39.47954715918547,27.827244488779307,39.47954715918547,0.0,0.0,27.827244488779307,0.0,0.0,0.0,0.0,0.0,0.0,0.0,0.0,0.0,0.0,0.0,0.0,0.0,0.0 
 07/21  03:39:00,21.9,39.502373929326275,27.818680671926934,39.502373929326275,0.0,0.0,27.818680671926934,0.0,0.0,0.0,0.0,0.0,0.0,0.0,0.0,0.0,0.0,0.0,0.0,0.0,0.0 
 07/21  03:40:00,21.9,39.52515727681178,27.810132007887187,39.52515727681178,0.0,0.0,27.810132007887187,0.0,0.0,0.0,0.0,0.0,0.0,0.0,0.0,0.0,0.0,0.0,0.0,0.0,0.0 
 07/21  03:41:00,21.9,39.54789876775082,27.801598218610163,39.54789876775082,0.0,0.0,27.801598218610163,0.0,0.0,0.0,0.0,0.0,0.0,0.0,0.0,0.0,0.0,0.0,0.0,0.0,0.0 
 07/21  03:42:00,21.9,39.57059630904249,27.79307904946006,39.57059630904249,0.0,0.0,27.79307904946006,0.0,0.0,0.0,0.0,0.0,0.0,0.0,0.0,0.0,0.0,0.0,0.0,0.0,0.0 
 07/21  03:43:00,21.9,39.593251496718544,27.784574222245386,39.593251496718544,0.0,0.0,27.784574222245386,0.0,0.0,0.0,0.0,0.0,0.0,0.0,0.0,0.0,0.0,0.0,0.0,0.0,0.0 
 07/21  03:44:00,21.9,39.61586223495059,27.77608350848221,39.61586223495059,0.0,0.0,27.77608350848221,0.0,0.0,0.0,0.0,0.0,0.0,0.0,0.0,0.0,0.0,0.0,0.0,0.0,0.0 
 07/21  03:45:00,21.9,39.63843015320513,27.76760667379736,39.63843015320513,0.0,0.0,27.76760667379736,0.0,0.0,0.0,0.0,0.0,0.0,0.0,0.0,0.0,0.0,0.0,0.0,0.0,0.0 
 07/21  03:46:00,21.9,39.66095316020369,27.759143486369386,39.66095316020369,0.0,0.0,27.759143486369386,0.0,0.0,0.0,0.0,0.0,0.0,0.0,0.0,0.0,0.0,0.0,0.0,0.0,0.0 
 07/21  03:47:00,21.9,39.683432920776326,27.750693740209076,39.683432920776326,0.0,0.0,27.750693740209076,0.0,0.0,0.0,0.0,0.0,0.0,0.0,0.0,0.0,0.0,0.0,0.0,0.0,0.0 
 07/21  03:48:00,21.9,39.705867354147,27.742257243319965,39.705867354147,0.0,0.0,27.742257243319965,0.0,0.0,0.0,0.0,0.0,0.0,0.0,0.0,0.0,0.0,0.0,0.0,0.0,0.0 
 07/21  03:49:00,21.9,39.72825816107072,27.733833786977492,39.72825816107072,0.0,0.0,27.733833786977492,0.0,0.0,0.0,0.0,0.0,0.0,0.0,0.0,0.0,0.0,0.0,0.0,0.0,0.0 
 07/21  03:50:00,21.9,39.75060327599177,27.725423203283555,39.75060327599177,0.0,0.0,27.725423203283555,0.0,0.0,0.0,0.0,0.0,0.0,0.0,0.0,0.0,0.0,0.0,0.0,0.0,0.0 
 07/21  03:51:00,21.9,39.77290443502431,27.717025323357742,39.77290443502431,0.0,0.0,27.717025323357742,0.0,0.0,0.0,0.0,0.0,0.0,0.0,0.0,0.0,0.0,0.0,0.0,0.0,0.0 
 07/21  03:52:00,21.9,39.795159591450556,27.708639974320274,39.795159591450556,0.0,0.0,27.708639974320274,0.0,0.0,0.0,0.0,0.0,0.0,0.0,0.0,0.0,0.0,0.0,0.0,0.0,0.0 
 07/21  03:53:00,21.9,39.817370515289646,27.700267012037823,39.817370515289646,0.0,0.0,27.700267012037823,0.0,0.0,0.0,0.0,0.0,0.0,0.0,0.0,0.0,0.0,0.0,0.0,0.0,0.0 
 07/21  03:54:00,21.9,39.83953518133128,27.691906300656164,39.83953518133128,0.0,0.0,27.691906300656164,0.0,0.0,0.0,0.0,0.0,0.0,0.0,0.0,0.0,0.0,0.0,0.0,0.0,0.0 
 07/21  03:55:00,21.9,39.86165539137838,27.683557690196857,39.86165539137838,0.0,0.0,27.683557690196857,0.0,0.0,0.0,0.0,0.0,0.0,0.0,0.0,0.0,0.0,0.0,0.0,0.0,0.0 
 07/21  03:56:00,21.9,39.883729143602785,27.67522106641474,39.883729143602785,0.0,0.0,27.67522106641474,0.0,0.0,0.0,0.0,0.0,0.0,0.0,0.0,0.0,0.0,0.0,0.0,0.0,0.0 
 07/21  03:57:00,21.9,39.90575826899813,27.666896315243903,39.90575826899813,0.0,0.0,27.666896315243903,0.0,0.0,0.0,0.0,0.0,0.0,0.0,0.0,0.0,0.0,0.0,0.0,0.0,0.0 
 07/21  03:58:00,21.9,39.92774079034196,27.658583315289924,39.92774079034196,0.0,0.0,27.658583315289924,0.0,0.0,0.0,0.0,0.0,0.0,0.0,0.0,0.0,0.0,0.0,0.0,0.0,0.0 
 07/21  03:59:00,21.9,39.94967856491854,27.65028197365197,39.94967856491854,0.0,0.0,27.65028197365197,0.0,0.0,0.0,0.0,0.0,0.0,0.0,0.0,0.0,0.0,0.0,0.0,0.0,0.0 
 07/21  04:00:00,21.9,39.97156964081222,27.64199220307829,39.97156964081222,0.0,0.0,27.64199220307829,0.0,0.0,0.0,0.0,0.0,0.0,0.0,0.0,0.0,0.0,0.0,0.0,0.0,0.0,49104000.0 
 07/21  04:01:00,21.9,39.99343220571011,27.63370947010282,39.99343220571011,0.0,0.0,27.63370947010282,0.0,0.0,0.0,0.0,0.0,0.0,0.0,0.0,0.0,0.0,0.0,0.0,0.0,0.0 
 07/21  04:02:00,21.9,40.01525501663939,27.62543544036044,40.01525501663939,0.0,0.0,27.62543544036044,0.0,0.0,0.0,0.0,0.0,0.0,0.0,0.0,0.0,0.0,0.0,0.0,0.0,0.0 
 07/21  04:03:00,21.9,40.037031109556445,27.61717197396907,40.037031109556445,0.0,0.0,27.61717197396907,0.0,0.0,0.0,0.0,0.0,0.0,0.0,0.0,0.0,0.0,0.0,0.0,0.0,0.0 
 07/21  04:04:00,21.9,40.058755379850545,27.608919905471627,40.058755379850545,0.0,0.0,27.608919905471627,0.0,0.0,0.0,0.0,0.0,0.0,0.0,0.0,0.0,0.0,0.0,0.0,0.0,0.0 
 07/21  04:05:00,21.9,40.080430079419294,27.600679406178486,40.080430079419294,0.0,0.0,27.600679406178486,0.0,0.0,0.0,0.0,0.0,0.0,0.0,0.0,0.0,0.0,0.0,0.0,0.0,0.0 
 07/21  04:06:00,21.9,40.102054717233536,27.592450397626912,40.102054717233536,0.0,0.0,27.592450397626912,0.0,0.0,0.0,0.0,0.0,0.0,0.0,0.0,0.0,0.0,0.0,0.0,0.0,0.0 
 07/21  04:07:00,21.9,40.12363242572287,27.584232747127764,40.12363242572287,0.0,0.0,27.584232747127764,0.0,0.0,0.0,0.0,0.0,0.0,0.0,0.0,0.0,0.0,0.0,0.0,0.0,0.0 
 07/21  04:08:00,21.9,40.145162104866145,27.576026376573136,40.145162104866145,0.0,0.0,27.576026376573136,0.0,0.0,0.0,0.0,0.0,0.0,0.0,0.0,0.0,0.0,0.0,0.0,0.0,0.0 
 07/21  04:09:00,21.9,40.166646124567784,27.5678312200451,40.166646124567784,0.0,0.0,27.5678312200451,0.0,0.0,0.0,0.0,0.0,0.0,0.0,0.0,0.0,0.0,0.0,0.0,0.0,0.0 
 07/21  04:10:00,21.9,40.18808290554283,27.55964720588478,40.18808290554283,0.0,0.0,27.55964720588478,0.0,0.0,0.0,0.0,0.0,0.0,0.0,0.0,0.0,0.0,0.0,0.0,0.0,0.0 
 07/21  04:11:00,21.9,40.20947457211465,27.551474277146983,40.20947457211465,0.0,0.0,27.551474277146983,0.0,0.0,0.0,0.0,0.0,0.0,0.0,0.0,0.0,0.0,0.0,0.0,0.0,0.0 
 07/21  04:12:00,21.9,40.23081944786479,27.543312371193057,40.23081944786479,0.0,0.0,27.543312371193057,0.0,0.0,0.0,0.0,0.0,0.0,0.0,0.0,0.0,0.0,0.0,0.0,0.0,0.0 
 07/21  04:13:00,21.9,40.25211959440987,27.535161391834308,40.25211959440987,0.0,0.0,27.535161391834308,0.0,0.0,0.0,0.0,0.0,0.0,0.0,0.0,0.0,0.0,0.0,0.0,0.0,0.0 
 07/21  04:14:00,21.9,40.27337330604428,27.5270212648495,40.27337330604428,0.0,0.0,27.5270212648495,0.0,0.0,0.0,0.0,0.0,0.0,0.0,0.0,0.0,0.0,0.0,0.0,0.0,0.0 
 07/21  04:15:00,21.9,40.294582604381795,27.518891896465355,40.294582604381795,0.0,0.0,27.518891896465355,0.0,0.0,0.0,0.0,0.0,0.0,0.0,0.0,0.0,0.0,0.0,0.0,0.0,0.0 
 07/21  04:16:00,21.9,40.31574576722537,27.510773175944962,40.31574576722537,0.0,0.0,27.510773175944962,0.0,0.0,0.0,0.0,0.0,0.0,0.0,0.0,0.0,0.0,0.0,0.0,0.0,0.0 
 07/21  04:17:00,21.9,40.33686478789987,27.50266500242474,40.33686478789987,0.0,0.0,27.50266500242474,0.0,0.0,0.0,0.0,0.0,0.0,0.0,0.0,0.0,0.0,0.0,0.0,0.0,0.0 
 07/21  04:18:00,21.9,40.35793793718094,27.49456727431104,40.35793793718094,0.0,0.0,27.49456727431104,0.0,0.0,0.0,0.0,0.0,0.0,0.0,0.0,0.0,0.0,0.0,0.0,0.0,0.0 
 07/21  04:19:00,21.9,40.37896718796722,27.486479860697404,40.37896718796722,0.0,0.0,27.486479860697404,0.0,0.0,0.0,0.0,0.0,0.0,0.0,0.0,0.0,0.0,0.0,0.0,0.0,0.0 
 07/21  04:20:00,21.9,40.39995080699625,27.47840266035541,40.39995080699625,0.0,0.0,27.47840266035541,0.0,0.0,0.0,0.0,0.0,0.0,0.0,0.0,0.0,0.0,0.0,0.0,0.0,0.0 
 07/21  04:21:00,21.9,40.420890749289505,27.47033555887787,40.420890749289505,0.0,0.0,27.47033555887787,0.0,0.0,0.0,0.0,0.0,0.0,0.0,0.0,0.0,0.0,0.0,0.0,0.0,0.0 
 07/21  04:22:00,21.9,40.44178527605256,27.462278433713855,40.44178527605256,0.0,0.0,27.462278433713855,0.0,0.0,0.0,0.0,0.0,0.0,0.0,0.0,0.0,0.0,0.0,0.0,0.0,0.0 
 07/21  04:23:00,21.9,40.462636324588324,27.454231178461985,40.462636324588324,0.0,0.0,27.454231178461985,0.0,0.0,0.0,0.0,0.0,0.0,0.0,0.0,0.0,0.0,0.0,0.0,0.0,0.0 
 07/21  04:24:00,21.9,40.483442147804496,27.446193693348857,40.483442147804496,0.0,0.0,27.446193693348857,0.0,0.0,0.0,0.0,0.0,0.0,0.0,0.0,0.0,0.0,0.0,0.0,0.0,0.0 
 07/21  04:25:00,21.9,40.504204665198976,27.43816585595751,40.504204665198976,0.0,0.0,27.43816585595751,0.0,0.0,0.0,0.0,0.0,0.0,0.0,0.0,0.0,0.0,0.0,0.0,0.0,0.0 
 07/21  04:26:00,21.9,40.52492211917829,27.43014757833017,40.52492211917829,0.0,0.0,27.43014757833017,0.0,0.0,0.0,0.0,0.0,0.0,0.0,0.0,0.0,0.0,0.0,0.0,0.0,0.0 
 07/21  04:27:00,21.9,40.54559641205309,27.42213876461065,40.54559641205309,0.0,0.0,27.42213876461065,0.0,0.0,0.0,0.0,0.0,0.0,0.0,0.0,0.0,0.0,0.0,0.0,0.0,0.0 
 07/21  04:28:00,21.9,40.566225774905725,27.414139314491692,40.566225774905725,0.0,0.0,27.414139314491692,0.0,0.0,0.0,0.0,0.0,0.0,0.0,0.0,0.0,0.0,0.0,0.0,0.0,0.0 
 07/21  04:29:00,21.9,40.586812094449506,27.406149147375583,40.586812094449506,0.0,0.0,27.406149147375583,0.0,0.0,0.0,0.0,0.0,0.0,0.0,0.0,0.0,0.0,0.0,0.0,0.0,0.0 
 07/21  04:30:00,21.9,40.607353591184946,27.398168190961236,40.607353591184946,0.0,0.0,27.398168190961236,0.0,0.0,0.0,0.0,0.0,0.0,0.0,0.0,0.0,0.0,0.0,0.0,0.0,0.0 
 07/21  04:31:00,21.9,40.627852138663236,27.39019635367448,40.627852138663236,0.0,0.0,27.39019635367448,0.0,0.0,0.0,0.0,0.0,0.0,0.0,0.0,0.0,0.0,0.0,0.0,0.0,0.0 
 07/21  04:32:00,21.9,40.648305948903854,27.382233578304614,40.648305948903854,0.0,0.0,27.382233578304614,0.0,0.0,0.0,0.0,0.0,0.0,0.0,0.0,0.0,0.0,0.0,0.0,0.0,0.0 
 07/21  04:33:00,21.9,40.66871688525252,27.37427980193814,40.66871688525252,0.0,0.0,27.37427980193814,0.0,0.0,0.0,0.0,0.0,0.0,0.0,0.0,0.0,0.0,0.0,0.0,0.0,0.0 
 07/21  04:34:00,21.9,40.68908315431154,27.36633495697591,40.68908315431154,0.0,0.0,27.36633495697591,0.0,0.0,0.0,0.0,0.0,0.0,0.0,0.0,0.0,0.0,0.0,0.0,0.0,0.0 
 07/21  04:35:00,21.9,40.70940661232919,27.3583989965789,40.70940661232919,0.0,0.0,27.3583989965789,0.0,0.0,0.0,0.0,0.0,0.0,0.0,0.0,0.0,0.0,0.0,0.0,0.0,0.0 
 07/21  04:36:00,21.9,40.72968546408354,27.35047188127908,40.72968546408354,0.0,0.0,27.35047188127908,0.0,0.0,0.0,0.0,0.0,0.0,0.0,0.0,0.0,0.0,0.0,0.0,0.0,0.0 
 07/21  04:37:00,21.9,40.749921561662134,27.34255355329733,40.749921561662134,0.0,0.0,27.34255355329733,0.0,0.0,0.0,0.0,0.0,0.0,0.0,0.0,0.0,0.0,0.0,0.0,0.0,0.0 
 07/21  04:38:00,21.9,40.770113111758015,27.33464398784619,40.770113111758015,0.0,0.0,27.33464398784619,0.0,0.0,0.0,0.0,0.0,0.0,0.0,0.0,0.0,0.0,0.0,0.0,0.0,0.0 
 07/21  04:39:00,21.9,40.79026196483062,27.32674315460587,40.79026196483062,0.0,0.0,27.32674315460587,0.0,0.0,0.0,0.0,0.0,0.0,0.0,0.0,0.0,0.0,0.0,0.0,0.0,0.0 
 07/21  04:40:00,21.9,40.81036633308143,27.31885101768813,40.81036633308143,0.0,0.0,27.31885101768813,0.0,0.0,0.0,0.0,0.0,0.0,0.0,0.0,0.0,0.0,0.0,0.0,0.0,0.0 
 07/21  04:41:00,21.9,40.83042806733419,27.310967561380068,40.83042806733419,0.0,0.0,27.310967561380068,0.0,0.0,0.0,0.0,0.0,0.0,0.0,0.0,0.0,0.0,0.0,0.0,0.0,0.0 
 07/21  04:42:00,21.9,40.85044538855171,27.303092776534363,40.85044538855171,0.0,0.0,27.303092776534363,0.0,0.0,0.0,0.0,0.0,0.0,0.0,0.0,0.0,0.0,0.0,0.0,0.0,0.0 
 07/21  04:43:00,21.9,40.870420149322086,27.295226634892295,40.870420149322086,0.0,0.0,27.295226634892295,0.0,0.0,0.0,0.0,0.0,0.0,0.0,0.0,0.0,0.0,0.0,0.0,0.0,0.0 
 07/21  04:44:00,21.9,40.89035058217284,27.287369140573897,40.89035058217284,0.0,0.0,27.287369140573897,0.0,0.0,0.0,0.0,0.0,0.0,0.0,0.0,0.0,0.0,0.0,0.0,0.0,0.0 
 07/21  04:45:00,21.9,40.910238542275664,27.279520290775547,40.910238542275664,0.0,0.0,27.279520290775547,0.0,0.0,0.0,0.0,0.0,0.0,0.0,0.0,0.0,0.0,0.0,0.0,0.0,0.0 
 07/21  04:46:00,21.9,40.9300822760348,27.271680077059546,40.9300822760348,0.0,0.0,27.271680077059546,0.0,0.0,0.0,0.0,0.0,0.0,0.0,0.0,0.0,0.0,0.0,0.0,0.0,0.0 
 07/21  04:47:00,21.9,40.94988364149728,27.263848509266666,40.94988364149728,0.0,0.0,27.263848509266666,0.0,0.0,0.0,0.0,0.0,0.0,0.0,0.0,0.0,0.0,0.0,0.0,0.0,0.0 
 07/21  04:48:00,21.9,40.96964090076951,27.25602560406567,40.96964090076951,0.0,0.0,27.25602560406567,0.0,0.0,0.0,0.0,0.0,0.0,0.0,0.0,0.0,0.0,0.0,0.0,0.0,0.0 
 07/21  04:49:00,21.9,40.989355914615075,27.248211356770067,40.989355914615075,0.0,0.0,27.248211356770067,0.0,0.0,0.0,0.0,0.0,0.0,0.0,0.0,0.0,0.0,0.0,0.0,0.0,0.0 
 07/21  04:50:00,21.9,41.00902696221652,27.240405795734763,41.00902696221652,0.0,0.0,27.240405795734763,0.0,0.0,0.0,0.0,0.0,0.0,0.0,0.0,0.0,0.0,0.0,0.0,0.0,0.0 
 07/21  04:51:00,21.9,41.0286559065309,27.232608939736426,41.0286559065309,0.0,0.0,27.232608939736426,0.0,0.0,0.0,0.0,0.0,0.0,0.0,0.0,0.0,0.0,0.0,0.0,0.0,0.0 
 07/21  04:52:00,21.9,41.04824104479047,27.224820802932246,41.04824104479047,0.0,0.0,27.224820802932246,0.0,0.0,0.0,0.0,0.0,0.0,0.0,0.0,0.0,0.0,0.0,0.0,0.0,0.0 
 07/21  04:53:00,21.9,41.067784241344285,27.217041414834462,41.067784241344285,0.0,0.0,27.217041414834462,0.0,0.0,0.0,0.0,0.0,0.0,0.0,0.0,0.0,0.0,0.0,0.0,0.0,0.0 
 07/21  04:54:00,21.9,41.08728381210534,27.20927081314486,41.08728381210534,0.0,0.0,27.20927081314486,0.0,0.0,0.0,0.0,0.0,0.0,0.0,0.0,0.0,0.0,0.0,0.0,0.0,0.0 
 07/21  04:55:00,21.9,41.10674162181382,27.201509010877427,41.10674162181382,0.0,0.0,27.201509010877427,0.0,0.0,0.0,0.0,0.0,0.0,0.0,0.0,0.0,0.0,0.0,0.0,0.0,0.0 
 07/21  04:56:00,21.9,41.12615600541,27.193756055878463,41.12615600541,0.0,0.0,27.193756055878463,0.0,0.0,0.0,0.0,0.0,0.0,0.0,0.0,0.0,0.0,0.0,0.0,0.0,0.0 
 07/21  04:57:00,21.9,41.14552882689436,27.186011982861388,41.14552882689436,0.0,0.0,27.186011982861388,0.0,0.0,0.0,0.0,0.0,0.0,0.0,0.0,0.0,0.0,0.0,0.0,0.0,0.0 
 07/21  04:58:00,21.9,41.16485844035047,27.178276823809256,41.16485844035047,0.0,0.0,27.178276823809256,0.0,0.0,0.0,0.0,0.0,0.0,0.0,0.0,0.0,0.0,0.0,0.0,0.0,0.0 
 07/21  04:59:00,21.9,41.18414670783646,27.170550622463697,41.18414670783646,0.0,0.0,27.170550622463697,0.0,0.0,0.0,0.0,0.0,0.0,0.0,0.0,0.0,0.0,0.0,0.0,0.0,0.0 
 07/21  05:00:00,21.9,41.20339200251326,27.16283343293663,41.20339200251326,0.0,0.0,27.16283343293663,0.0,0.0,0.0,0.0,0.0,0.0,0.0,0.0,0.0,0.0,0.0,0.0,0.0,0.0,49104000.0 
 07/21  05:01:00,21.8,41.22260188876182,27.155102530714817,41.22260188876182,0.0,0.0,27.155102530714817,0.0,0.0,0.0,0.0,0.0,0.0,0.0,0.0,0.0,0.0,0.0,0.0,0.0,0.0 
 07/21  05:02:00,21.8,41.24177147337174,27.147366853456788,41.24177147337174,0.0,0.0,27.147366853456788,0.0,0.0,0.0,0.0,0.0,0.0,0.0,0.0,0.0,0.0,0.0,0.0,0.0,0.0 
 07/21  05:03:00,21.8,41.2608995009624,27.139636337442273,41.2608995009624,0.0,0.0,27.139636337442273,0.0,0.0,0.0,0.0,0.0,0.0,0.0,0.0,0.0,0.0,0.0,0.0,0.0,0.0 
 07/21  05:04:00,21.8,41.2799832648594,27.131915707803486,41.2799832648594,0.0,0.0,27.131915707803486,0.0,0.0,0.0,0.0,0.0,0.0,0.0,0.0,0.0,0.0,0.0,0.0,0.0,0.0 
 07/21  05:05:00,21.8,41.29902474275501,27.124206165168875,41.29902474275501,0.0,0.0,27.124206165168875,0.0,0.0,0.0,0.0,0.0,0.0,0.0,0.0,0.0,0.0,0.0,0.0,0.0,0.0 
 07/21  05:06:00,21.8,41.31802285540885,27.116507618097152,41.31802285540885,0.0,0.0,27.116507618097152,0.0,0.0,0.0,0.0,0.0,0.0,0.0,0.0,0.0,0.0,0.0,0.0,0.0,0.0 
 07/21  05:07:00,21.8,41.33697987234188,27.108819760017425,41.33697987234188,0.0,0.0,27.108819760017425,0.0,0.0,0.0,0.0,0.0,0.0,0.0,0.0,0.0,0.0,0.0,0.0,0.0,0.0 
 07/21  05:08:00,21.8,41.35589450406688,27.101142445474043,41.35589450406688,0.0,0.0,27.101142445474043,0.0,0.0,0.0,0.0,0.0,0.0,0.0,0.0,0.0,0.0,0.0,0.0,0.0,0.0 
 07/21  05:09:00,21.8,41.37476873727774,27.093475616233604,41.37476873727774,0.0,0.0,27.093475616233604,0.0,0.0,0.0,0.0,0.0,0.0,0.0,0.0,0.0,0.0,0.0,0.0,0.0,0.0 
 07/21  05:10:00,21.8,41.39360112115498,27.085819256765312,41.39360112115498,0.0,0.0,27.085819256765312,0.0,0.0,0.0,0.0,0.0,0.0,0.0,0.0,0.0,0.0,0.0,0.0,0.0,0.0 
 07/21  05:11:00,21.8,41.41239354382031,27.07817335483661,41.41239354382031,0.0,0.0,27.07817335483661,0.0,0.0,0.0,0.0,0.0,0.0,0.0,0.0,0.0,0.0,0.0,0.0,0.0,0.0 
 07/21  05:12:00,21.8,41.43114452817433,27.070537896970947,41.43114452817433,0.0,0.0,27.070537896970947,0.0,0.0,0.0,0.0,0.0,0.0,0.0,0.0,0.0,0.0,0.0,0.0,0.0,0.0 
 07/21  05:13:00,21.8,41.449855928378945,27.062912814767216,41.449855928378945,0.0,0.0,27.062912814767216,0.0,0.0,0.0,0.0,0.0,0.0,0.0,0.0,0.0,0.0,0.0,0.0,0.0,0.0 
 07/21  05:14:00,21.8,41.468526263750995,27.055298064831078,41.468526263750995,0.0,0.0,27.055298064831078,0.0,0.0,0.0,0.0,0.0,0.0,0.0,0.0,0.0,0.0,0.0,0.0,0.0,0.0 
 07/21  05:15:00,21.8,41.48715736191266,27.047693564632233,41.48715736191266,0.0,0.0,27.047693564632233,0.0,0.0,0.0,0.0,0.0,0.0,0.0,0.0,0.0,0.0,0.0,0.0,0.0,0.0 
 07/21  05:16:00,21.8,41.505747740631726,27.04009922230191,41.505747740631726,0.0,0.0,27.04009922230191,0.0,0.0,0.0,0.0,0.0,0.0,0.0,0.0,0.0,0.0,0.0,0.0,0.0,0.0 
 07/21  05:17:00,21.8,41.52429920392628,27.032514936304327,41.52429920392628,0.0,0.0,27.032514936304327,0.0,0.0,0.0,0.0,0.0,0.0,0.0,0.0,0.0,0.0,0.0,0.0,0.0,0.0 
 07/21  05:18:00,21.8,41.54281026753672,27.02494061231522,41.54281026753672,0.0,0.0,27.02494061231522,0.0,0.0,0.0,0.0,0.0,0.0,0.0,0.0,0.0,0.0,0.0,0.0,0.0,0.0 
 07/21  05:19:00,21.8,41.561282712930044,27.017376110875958,41.561282712930044,0.0,0.0,27.017376110875958,0.0,0.0,0.0,0.0,0.0,0.0,0.0,0.0,0.0,0.0,0.0,0.0,0.0,0.0 
 07/21  05:20:00,21.8,41.57971505010851,27.009821329595614,41.57971505010851,0.0,0.0,27.009821329595614,0.0,0.0,0.0,0.0,0.0,0.0,0.0,0.0,0.0,0.0,0.0,0.0,0.0,0.0 
 07/21  05:21:00,21.8,41.59810903707699,27.002276137826925,41.59810903707699,0.0,0.0,27.002276137826925,0.0,0.0,0.0,0.0,0.0,0.0,0.0,0.0,0.0,0.0,0.0,0.0,0.0,0.0 
 07/21  05:22:00,21.8,41.61646317268767,26.994740407351223,41.61646317268767,0.0,0.0,26.994740407351223,0.0,0.0,0.0,0.0,0.0,0.0,0.0,0.0,0.0,0.0,0.0,0.0,0.0,0.0 
 07/21  05:23:00,21.8,41.634779190229736,26.98721401089954,41.634779190229736,0.0,0.0,26.98721401089954,0.0,0.0,0.0,0.0,0.0,0.0,0.0,0.0,0.0,0.0,0.0,0.0,0.0,0.0 
 07/21  05:24:00,21.8,41.65305557231761,26.97969683829512,41.65305557231761,0.0,0.0,26.97969683829512,0.0,0.0,0.0,0.0,0.0,0.0,0.0,0.0,0.0,0.0,0.0,0.0,0.0,0.0 
 07/21  05:25:00,21.8,41.671294027161615,26.972188745081027,41.671294027161615,0.0,0.0,26.972188745081027,0.0,0.0,0.0,0.0,0.0,0.0,0.0,0.0,0.0,0.0,0.0,0.0,0.0,0.0 
 07/21  05:26:00,21.8,41.68949301766772,26.964689630494526,41.68949301766772,0.0,0.0,26.964689630494526,0.0,0.0,0.0,0.0,0.0,0.0,0.0,0.0,0.0,0.0,0.0,0.0,0.0,0.0 
 07/21  05:27:00,21.8,41.70765422803484,26.95719937456799,41.70765422803484,0.0,0.0,26.95719937456799,0.0,0.0,0.0,0.0,0.0,0.0,0.0,0.0,0.0,0.0,0.0,0.0,0.0,0.0 
 07/21  05:28:00,21.8,41.725776100162186,26.949717864600245,41.725776100162186,0.0,0.0,26.949717864600245,0.0,0.0,0.0,0.0,0.0,0.0,0.0,0.0,0.0,0.0,0.0,0.0,0.0,0.0 
 07/21  05:29:00,21.8,41.74386029675225,26.942244995621056,41.74386029675225,0.0,0.0,26.942244995621056,0.0,0.0,0.0,0.0,0.0,0.0,0.0,0.0,0.0,0.0,0.0,0.0,0.0,0.0 
 07/21  05:30:00,21.8,41.76190523955726,26.934780681867295,41.76190523955726,0.0,0.0,26.934780681867295,0.0,0.0,0.0,0.0,0.0,0.0,0.0,0.0,0.0,0.0,0.0,0.0,0.0,0.0 
 07/21  05:31:00,21.8,41.77991257342312,26.927324809493285,41.77991257342312,0.0,0.0,26.927324809493285,0.0,0.0,0.0,0.0,0.0,0.0,0.0,0.0,0.0,0.0,0.0,0.0,0.0,0.0 
 07/21  05:32:00,21.8,41.797880702590795,26.91987730808031,41.797880702590795,0.0,0.0,26.91987730808031,0.0,0.0,0.0,0.0,0.0,0.0,0.0,0.0,0.0,0.0,0.0,0.0,0.0,0.0 
 07/21  05:33:00,21.8,41.81581125833387,26.912438092605097,41.81581125833387,0.0,0.0,26.912438092605097,0.0,0.0,0.0,0.0,0.0,0.0,0.0,0.0,0.0,0.0,0.0,0.0,0.0,0.0 
 07/21  05:34:00,21.8,41.83370263124587,26.905007084531366,41.83370263124587,0.0,0.0,26.905007084531366,0.0,0.0,0.0,0.0,0.0,0.0,0.0,0.0,0.0,0.0,0.0,0.0,0.0,0.0 
 07/21  05:35:00,21.8,41.85155644346575,26.897584216138537,41.85155644346575,0.0,0.0,26.897584216138537,0.0,0.0,0.0,0.0,0.0,0.0,0.0,0.0,0.0,0.0,0.0,0.0,0.0,0.0 
 07/21  05:36:00,21.8,41.86937107647101,26.890169437088844,41.86937107647101,0.0,0.0,26.890169437088844,0.0,0.0,0.0,0.0,0.0,0.0,0.0,0.0,0.0,0.0,0.0,0.0,0.0,0.0 
 07/21  05:37:00,21.8,41.887148147448876,26.882762671771776,41.887148147448876,0.0,0.0,26.882762671771776,0.0,0.0,0.0,0.0,0.0,0.0,0.0,0.0,0.0,0.0,0.0,0.0,0.0,0.0 
 07/21  05:38:00,21.8,41.90488603348026,26.87536388546434,41.90488603348026,0.0,0.0,26.87536388546434,0.0,0.0,0.0,0.0,0.0,0.0,0.0,0.0,0.0,0.0,0.0,0.0,0.0,0.0 
 07/21  05:39:00,21.8,41.92258635044046,26.86797303063426,41.92258635044046,0.0,0.0,26.86797303063426,0.0,0.0,0.0,0.0,0.0,0.0,0.0,0.0,0.0,0.0,0.0,0.0,0.0,0.0 
 07/21  05:40:00,21.8,41.940247475559794,26.860590064083308,41.940247475559794,0.0,0.0,26.860590064083308,0.0,0.0,0.0,0.0,0.0,0.0,0.0,0.0,0.0,0.0,0.0,0.0,0.0,0.0 
 07/21  05:41:00,21.8,41.95787102633401,26.853214954282492,41.95787102633401,0.0,0.0,26.853214954282492,0.0,0.0,0.0,0.0,0.0,0.0,0.0,0.0,0.0,0.0,0.0,0.0,0.0,0.0 
 07/21  05:42:00,21.8,41.97545538427686,26.845847684898256,41.97545538427686,0.0,0.0,26.845847684898256,0.0,0.0,0.0,0.0,0.0,0.0,0.0,0.0,0.0,0.0,0.0,0.0,0.0,0.0 
 07/21  05:43:00,21.8,41.99300217066896,26.83848821488783,41.99300217066896,0.0,0.0,26.83848821488783,0.0,0.0,0.0,0.0,0.0,0.0,0.0,0.0,0.0,0.0,0.0,0.0,0.0,0.0 
 07/21  05:44:00,21.8,42.01050977489621,26.831136542032258,42.01050977489621,0.0,0.0,26.831136542032258,0.0,0.0,0.0,0.0,0.0,0.0,0.0,0.0,0.0,0.0,0.0,0.0,0.0,0.0 
 07/21  05:45:00,21.8,42.02797982343803,26.823792651164403,42.02797982343803,0.0,0.0,26.823792651164403,0.0,0.0,0.0,0.0,0.0,0.0,0.0,0.0,0.0,0.0,0.0,0.0,0.0,0.0 
 07/21  05:46:00,21.8,42.04538255262302,26.81645695011443,42.04538255262302,0.0,0.0,26.81645695011443,0.0,0.0,0.0,0.0,0.0,0.0,0.0,0.0,0.0,0.0,0.0,0.0,0.0,0.0 
 07/21  05:47:00,21.8,42.06275478649031,26.809129035004148,42.06275478649031,0.0,0.0,26.809129035004148,0.0,0.0,0.0,0.0,0.0,0.0,0.0,0.0,0.0,0.0,0.0,0.0,0.0,0.0 
 07/21  05:48:00,21.8,42.080080516579166,26.801809124552836,42.080080516579166,0.0,0.0,26.801809124552836,0.0,0.0,0.0,0.0,0.0,0.0,0.0,0.0,0.0,0.0,0.0,0.0,0.0,0.0 
 07/21  05:49:00,21.8,42.09738631530519,26.794496865870354,42.09738631530519,0.0,0.0,26.794496865870354,0.0,0.0,0.0,0.0,0.0,0.0,0.0,0.0,0.0,0.0,0.0,0.0,0.0,0.0 
 07/21  05:50:00,21.8,42.11464687918924,26.787192560871798,42.11464687918924,0.0,0.0,26.787192560871798,0.0,0.0,0.0,0.0,0.0,0.0,0.0,0.0,0.0,0.0,0.0,0.0,0.0,0.0 
 07/21  05:51:00,21.8,42.13188482373304,26.77989591468836,42.13188482373304,0.0,0.0,26.77989591468836,0.0,0.0,0.0,0.0,0.0,0.0,0.0,0.0,0.0,0.0,0.0,0.0,0.0,0.0 
 07/21  05:52:00,21.8,42.14907472119889,26.772607233250792,42.14907472119889,0.0,0.0,26.772607233250792,0.0,0.0,0.0,0.0,0.0,0.0,0.0,0.0,0.0,0.0,0.0,0.0,0.0,0.0 
 07/21  05:53:00,21.8,42.16621178336906,26.765326666332857,42.16621178336906,0.0,0.0,26.765326666332857,0.0,0.0,0.0,0.0,0.0,0.0,0.0,0.0,0.0,0.0,0.0,0.0,0.0,0.0 
 07/21  05:54:00,21.8,42.18329990710821,26.75805418759398,42.18329990710821,0.0,0.0,26.75805418759398,0.0,0.0,0.0,0.0,0.0,0.0,0.0,0.0,0.0,0.0,0.0,0.0,0.0,0.0 
 07/21  05:55:00,21.8,42.20034401316179,26.750789748935972,42.20034401316179,0.0,0.0,26.750789748935972,0.0,0.0,0.0,0.0,0.0,0.0,0.0,0.0,0.0,0.0,0.0,0.0,0.0,0.0 
 07/21  05:56:00,21.8,42.21734621472498,26.743533352749687,42.21734621472498,0.0,0.0,26.743533352749687,0.0,0.0,0.0,0.0,0.0,0.0,0.0,0.0,0.0,0.0,0.0,0.0,0.0,0.0 
 07/21  05:57:00,21.8,42.2343106116979,26.736285002179173,42.2343106116979,0.0,0.0,26.736285002179173,0.0,0.0,0.0,0.0,0.0,0.0,0.0,0.0,0.0,0.0,0.0,0.0,0.0,0.0 
 07/21  05:58:00,21.8,42.2512373603077,26.72904471211882,42.2512373603077,0.0,0.0,26.72904471211882,0.0,0.0,0.0,0.0,0.0,0.0,0.0,0.0,0.0,0.0,0.0,0.0,0.0,0.0 
 07/21  05:59:00,21.8,42.268128686913755,26.721812509784478,42.268128686913755,0.0,0.0,26.721812509784478,0.0,0.0,0.0,0.0,0.0,0.0,0.0,0.0,0.0,0.0,0.0,0.0,0.0,0.0 
 07/21  06:00:00,21.8,42.28498337520453,26.71458843947667,42.28498337520453,0.0,0.0,26.71458843947667,0.0,0.0,0.0,0.0,0.0,0.0,0.0,0.0,0.0,0.0,0.0,0.0,0.0,0.0,49104000.0 
 07/21  06:01:00,23.0,42.30190722992026,26.707595934035826,42.30190722992026,0.0,0.0,26.707595934035826,0.0,0.0,0.0,0.0,0.0,0.0,0.0,0.0,0.0,0.0,0.0,0.0,0.0,0.0 
 07/21  06:02:00,23.0,42.31883909191544,26.700747963401263,42.31883909191544,0.0,0.0,26.700747963401263,0.0,0.0,0.0,0.0,0.0,0.0,0.0,0.0,0.0,0.0,0.0,0.0,0.0,0.0 
 07/21  06:03:00,23.0,42.33572364990387,26.693947480636098,42.33572364990387,0.0,0.0,26.693947480636098,0.0,0.0,0.0,0.0,0.0,0.0,0.0,0.0,0.0,0.0,0.0,0.0,0.0,0.0 
 07/21  06:04:00,23.0,42.35253895586875,26.687148584934427,42.35253895586875,0.0,0.0,26.687148584934427,0.0,0.0,0.0,0.0,0.0,0.0,0.0,0.0,0.0,0.0,0.0,0.0,0.0,0.0 
 07/21  06:05:00,23.0,42.36928867685266,26.680340048986533,42.36928867685266,0.0,0.0,26.680340048986533,0.0,0.0,0.0,0.0,0.0,0.0,0.0,0.0,0.0,0.0,0.0,0.0,0.0,0.0 
 07/21  06:06:00,23.0,42.38598026794979,26.673523467455283,42.38598026794979,0.0,0.0,26.673523467455283,0.0,0.0,0.0,0.0,0.0,0.0,0.0,0.0,0.0,0.0,0.0,0.0,0.0,0.0 
 07/21  06:07:00,23.0,42.402622904591404,26.666702176669656,42.402622904591404,0.0,0.0,26.666702176669656,0.0,0.0,0.0,0.0,0.0,0.0,0.0,0.0,0.0,0.0,0.0,0.0,0.0,0.0 
 07/21  06:08:00,23.0,42.419219956010814,26.65987835709681,42.419219956010814,0.0,0.0,26.65987835709681,0.0,0.0,0.0,0.0,0.0,0.0,0.0,0.0,0.0,0.0,0.0,0.0,0.0,0.0 
 07/21  06:09:00,23.0,42.43577562425479,26.653053097740134,42.43577562425479,0.0,0.0,26.653053097740134,0.0,0.0,0.0,0.0,0.0,0.0,0.0,0.0,0.0,0.0,0.0,0.0,0.0,0.0 
 07/21  06:10:00,23.0,42.45229007919651,26.646227127374193,42.45229007919651,0.0,0.0,26.646227127374193,0.0,0.0,0.0,0.0,0.0,0.0,0.0,0.0,0.0,0.0,0.0,0.0,0.0,0.0 
 07/21  06:11:00,23.0,42.46876591755412,26.639401258513043,42.46876591755412,0.0,0.0,26.639401258513043,0.0,0.0,0.0,0.0,0.0,0.0,0.0,0.0,0.0,0.0,0.0,0.0,0.0,0.0 
 07/21  06:12:00,23.0,42.48520258432633,26.63257662805115,42.48520258432633,0.0,0.0,26.63257662805115,0.0,0.0,0.0,0.0,0.0,0.0,0.0,0.0,0.0,0.0,0.0,0.0,0.0,0.0 
 07/21  06:13:00,23.0,42.501602261837185,26.62575470351448,42.501602261837185,0.0,0.0,26.62575470351448,0.0,0.0,0.0,0.0,0.0,0.0,0.0,0.0,0.0,0.0,0.0,0.0,0.0,0.0 
 07/21  06:14:00,23.0,42.51796412193226,26.618937432327325,42.51796412193226,0.0,0.0,26.618937432327325,0.0,0.0,0.0,0.0,0.0,0.0,0.0,0.0,0.0,0.0,0.0,0.0,0.0,0.0 
 07/21  06:15:00,23.0,42.53429009695696,26.61212715439973,42.53429009695696,0.0,0.0,26.61212715439973,0.0,0.0,0.0,0.0,0.0,0.0,0.0,0.0,0.0,0.0,0.0,0.0,0.0,0.0 
 07/21  06:16:00,23.0,42.55057921600739,26.60532667966883,42.55057921600739,0.0,0.0,26.60532667966883,0.0,0.0,0.0,0.0,0.0,0.0,0.0,0.0,0.0,0.0,0.0,0.0,0.0,0.0 
 07/21  06:17:00,23.0,42.56683327544786,26.598539230625416,42.56683327544786,0.0,0.0,26.598539230625416,0.0,0.0,0.0,0.0,0.0,0.0,0.0,0.0,0.0,0.0,0.0,0.0,0.0,0.0 
 07/21  06:18:00,23.0,42.58305132022208,26.59176849350661,42.58305132022208,0.0,0.0,26.59176849350661,0.0,0.0,0.0,0.0,0.0,0.0,0.0,0.0,0.0,0.0,0.0,0.0,0.0,0.0 
 07/21  06:19:00,23.0,42.59923512425667,26.5850184339038,42.59923512425667,0.0,0.0,26.5850184339038,0.0,0.0,0.0,0.0,0.0,0.0,0.0,0.0,0.0,0.0,0.0,0.0,0.0,0.0 
 07/21  06:20:00,23.0,42.61538391601014,26.5782934633506,42.61538391601014,0.0,0.0,26.5782934633506,0.0,0.0,0.0,0.0,0.0,0.0,0.0,0.0,0.0,0.0,0.0,0.0,0.0,0.0 
 07/21  06:21:00,23.0,42.63149954435283,26.57159817296292,42.63149954435283,0.0,0.0,26.57159817296292,0.0,0.0,0.0,0.0,0.0,0.0,0.0,0.0,0.0,0.0,0.0,0.0,0.0,0.0 
 07/21  06:22:00,23.0,42.64758159435901,26.564937442610518,42.64758159435901,0.0,0.0,26.564937442610518,0.0,0.0,0.0,0.0,0.0,0.0,0.0,0.0,0.0,0.0,0.0,0.0,0.0,0.0 
 07/21  06:23:00,23.0,42.663632073396045,26.558316264187493,42.663632073396045,0.0,0.0,26.558316264187493,0.0,0.0,0.0,0.0,0.0,0.0,0.0,0.0,0.0,0.0,0.0,0.0,0.0,0.0 
 07/21  06:24:00,23.0,42.67965109326964,26.551739860749503,42.67965109326964,0.0,0.0,26.551739860749503,0.0,0.0,0.0,0.0,0.0,0.0,0.0,0.0,0.0,0.0,0.0,0.0,0.0,0.0 
 07/21  06:25:00,23.0,42.695640882855756,26.545213355131924,42.695640882855756,0.0,0.0,26.545213355131924,0.0,0.0,0.0,0.0,0.0,0.0,0.0,0.0,0.0,0.0,0.0,0.0,0.0,0.0 
 07/21  06:26:00,23.0,42.7116022288258,26.538742119423745,42.7116022288258,0.0,0.0,26.538742119423745,0.0,0.0,0.0,0.0,0.0,0.0,0.0,0.0,0.0,0.0,0.0,0.0,0.0,0.0 
 07/21  06:27:00,23.0,42.72753761354184,26.53233135813232,42.72753761354184,0.0,0.0,26.53233135813232,0.0,0.0,0.0,0.0,0.0,0.0,0.0,0.0,0.0,0.0,0.0,0.0,0.0,0.0 
 07/21  06:28:00,23.0,42.743448606926165,26.52598637488579,42.743448606926165,0.0,0.0,26.52598637488579,0.0,0.0,0.0,0.0,0.0,0.0,0.0,0.0,0.0,0.0,0.0,0.0,0.0,0.0 
 07/21  06:29:00,23.0,42.7593379396608,26.51971232027849,42.7593379396608,0.0,0.0,26.51971232027849,0.0,0.0,0.0,0.0,0.0,0.0,0.0,0.0,0.0,0.0,0.0,0.0,0.0,0.0 
 07/21  06:30:00,23.0,42.775208024041845,26.513514463060687,42.775208024041845,0.0,0.0,26.513514463060687,0.0,0.0,0.0,0.0,0.0,0.0,0.0,0.0,0.0,0.0,0.0,0.0,0.0,0.0 
 07/21  06:31:00,23.0,42.7910617976644,26.507397713719747,42.7910617976644,0.0,0.0,26.507397713719747,0.0,0.0,0.0,0.0,0.0,0.0,0.0,0.0,0.0,0.0,0.0,0.0,0.0,0.0 
 07/21  06:32:00,23.0,42.80690252521484,26.501367201267612,42.80690252521484,0.0,0.0,26.501367201267612,0.0,0.0,0.0,0.0,0.0,0.0,0.0,0.0,0.0,0.0,0.0,0.0,0.0,0.0 
 07/21  06:33:00,23.0,42.8227332806184,26.49542768409083,42.8227332806184,0.0,0.0,26.49542768409083,0.0,0.0,0.0,0.0,0.0,0.0,0.0,0.0,0.0,0.0,0.0,0.0,0.0,0.0 
 07/21  06:34:00,23.0,42.83855814964985,26.489583976902008,42.83855814964985,0.0,0.0,26.489583976902008,0.0,0.0,0.0,0.0,0.0,0.0,0.0,0.0,0.0,0.0,0.0,0.0,0.0,0.0 
 07/21  06:35:00,23.0,42.85438025340909,26.48384059168389,42.85438025340909,0.0,0.0,26.48384059168389,0.0,0.0,0.0,0.0,0.0,0.0,0.0,0.0,0.0,0.0,0.0,0.0,0.0,0.0 
 07/21  06:36:00,23.0,42.87020443781437,26.478202147584767,42.87020443781437,0.0,0.0,26.478202147584767,0.0,0.0,0.0,0.0,0.0,0.0,0.0,0.0,0.0,0.0,0.0,0.0,0.0,0.0 
 07/21  06:37:00,23.0,42.88603377448658,26.472672725600702,42.88603377448658,0.0,0.0,26.472672725600702,0.0,0.0,0.0,0.0,0.0,0.0,0.0,0.0,0.0,0.0,0.0,0.0,0.0,0.0 
 07/21  06:38:00,23.0,42.901873790734996,26.467256651254456,42.901873790734996,0.0,0.0,26.467256651254456,0.0,0.0,0.0,0.0,0.0,0.0,0.0,0.0,0.0,0.0,0.0,0.0,0.0,0.0 
 07/21  06:39:00,23.0,42.91772741372256,26.46195772751926,42.91772741372256,0.0,0.0,26.46195772751926,0.0,0.0,0.0,0.0,0.0,0.0,0.0,0.0,0.0,0.0,0.0,0.0,0.0,0.0 
 07/21  06:40:00,23.0,42.9336007651218,26.45677980734615,42.9336007651218,0.0,0.0,26.45677980734615,0.0,0.0,0.0,0.0,0.0,0.0,0.0,0.0,0.0,0.0,0.0,0.0,0.0,0.0 
 07/21  06:41:00,23.0,42.94949654051263,26.451726331702883,42.94949654051263,0.0,0.0,26.451726331702883,0.0,0.0,0.0,0.0,0.0,0.0,0.0,0.0,0.0,0.0,0.0,0.0,0.0,0.0 
 07/21  06:42:00,23.0,42.96542136705349,26.446800867209827,42.96542136705349,0.0,0.0,26.446800867209827,0.0,0.0,0.0,0.0,0.0,0.0,0.0,0.0,0.0,0.0,0.0,0.0,0.0,0.0 
 07/21  06:43:00,23.0,42.98137763277443,26.442006314414513,42.98137763277443,0.0,0.0,26.442006314414513,0.0,0.0,0.0,0.0,0.0,0.0,0.0,0.0,0.0,0.0,0.0,0.0,0.0,0.0 
 07/21  06:44:00,23.0,42.99737238337657,26.43734587298077,42.99737238337657,0.0,0.0,26.43734587298077,0.0,0.0,0.0,0.0,0.0,0.0,0.0,0.0,0.0,0.0,0.0,0.0,0.0,0.0 
 07/21  06:45:00,23.0,43.013407635774875,26.43282212718215,43.013407635774875,0.0,0.0,26.43282212718215,0.0,0.0,0.0,0.0,0.0,0.0,0.0,0.0,0.0,0.0,0.0,0.0,0.0,0.0 
 07/21  06:46:00,23.0,43.029490771318706,26.428437743405397,43.029490771318706,0.0,0.0,26.428437743405397,0.0,0.0,0.0,0.0,0.0,0.0,0.0,0.0,0.0,0.0,0.0,0.0,0.0,0.0 
 07/21  06:47:00,23.0,43.04562338473843,26.42419492544227,43.04562338473843,0.0,0.0,26.42419492544227,0.0,0.0,0.0,0.0,0.0,0.0,0.0,0.0,0.0,0.0,0.0,0.0,0.0,0.0 
 07/21  06:48:00,23.0,43.06181311548235,26.420096057039366,43.06181311548235,0.0,0.0,26.420096057039366,0.0,0.0,0.0,0.0,0.0,0.0,0.0,0.0,0.0,0.0,0.0,0.0,0.0,0.0 
 07/21  06:49:00,23.0,43.07806109710523,26.416142792779905,43.07806109710523,0.0,0.0,26.416142792779905,0.0,0.0,0.0,0.0,0.0,0.0,0.0,0.0,0.0,0.0,0.0,0.0,0.0,0.0 
 07/21  06:50:00,23.0,43.09440261410239,26.41233720038584,43.09440261410239,0.0,0.0,26.41233720038584,0.0,0.0,0.0,0.0,0.0,0.0,0.0,0.0,0.0,0.0,0.0,0.0,0.0,0.0 
 07/21  06:51:00,23.0,43.110804394431895,26.40868063361535,43.110804394431895,0.0,0.0,26.40868063361535,0.0,0.0,0.0,0.0,0.0,0.0,0.0,0.0,0.0,0.0,0.0,0.0,0.0,0.0 
 07/21  06:52:00,23.0,43.127288438799496,26.40517465689127,43.127288438799496,0.0,0.0,26.40517465689127,0.0,0.0,0.0,0.0,0.0,0.0,0.0,0.0,0.0,0.0,0.0,0.0,0.0,0.0 
 07/21  06:53:00,23.0,43.143857687134606,26.401820346698045,43.143857687134606,0.0,0.0,26.401820346698045,0.0,0.0,0.0,0.0,0.0,0.0,0.0,0.0,0.0,0.0,0.0,0.0,0.0,0.0 
 07/21  06:54:00,23.0,43.16051575456433,26.39861901397898,43.16051575456433,0.0,0.0,26.39861901397898,0.0,0.0,0.0,0.0,0.0,0.0,0.0,0.0,0.0,0.0,0.0,0.0,0.0,0.0 
 07/21  06:55:00,23.0,43.177260479635606,26.395571216002672,43.177260479635606,0.0,0.0,26.395571216002672,0.0,0.0,0.0,0.0,0.0,0.0,0.0,0.0,0.0,0.0,0.0,0.0,0.0,0.0 
 07/21  06:56:00,23.0,43.19409771680829,26.392677985209993,43.19409771680829,0.0,0.0,26.392677985209993,0.0,0.0,0.0,0.0,0.0,0.0,0.0,0.0,0.0,0.0,0.0,0.0,0.0,0.0 
 07/21  06:57:00,23.0,43.21102467402231,26.38993969580471,43.21102467402231,0.0,0.0,26.38993969580471,0.0,0.0,0.0,0.0,0.0,0.0,0.0,0.0,0.0,0.0,0.0,0.0,0.0,0.0 
 07/21  06:58:00,23.0,43.22804825268458,26.387356933400113,43.22804825268458,0.0,0.0,26.387356933400113,0.0,0.0,0.0,0.0,0.0,0.0,0.0,0.0,0.0,0.0,0.0,0.0,0.0,0.0 
 07/21  06:59:00,23.0,43.24516647326256,26.384929826095494,43.24516647326256,0.0,0.0,26.384929826095494,0.0,0.0,0.0,0.0,0.0,0.0,0.0,0.0,0.0,0.0,0.0,0.0,0.0,0.0 
 07/21  07:00:00,23.0,43.262387330599246,26.382658825701252,43.262387330599246,0.0,0.0,26.382658825701252,0.0,0.0,0.0,0.0,0.0,0.0,0.0,0.0,0.0,0.0,0.0,0.0,0.0,0.0,49104000.0 
 07/21  07:01:00,24.2,43.27981289791766,26.380763278956874,43.27981289791766,0.0,0.0,26.380763278956874,0.0,0.0,0.0,0.0,0.0,0.0,0.0,0.0,0.0,0.0,0.0,0.0,0.0,0.0 
 07/21  07:02:00,24.2,43.29739190256258,26.37915795348725,43.29739190256258,0.0,0.0,26.37915795348725,0.0,0.0,0.0,0.0,0.0,0.0,0.0,0.0,0.0,0.0,0.0,0.0,0.0,0.0 
 07/21  07:03:00,24.2,43.31506553029309,26.377747120706353,43.31506553029309,0.0,0.0,26.377747120706353,0.0,0.0,0.0,0.0,0.0,0.0,0.0,0.0,0.0,0.0,0.0,0.0,0.0,0.0 
 07/21  07:04:00,24.2,43.332821572381256,26.376485527819483,43.332821572381256,0.0,0.0,26.376485527819483,0.0,0.0,0.0,0.0,0.0,0.0,0.0,0.0,0.0,0.0,0.0,0.0,0.0,0.0 
 07/21  07:05:00,24.2,43.35065952228694,26.375361505392302,43.35065952228694,0.0,0.0,26.375361505392302,0.0,0.0,0.0,0.0,0.0,0.0,0.0,0.0,0.0,0.0,0.0,0.0,0.0,0.0 
 07/21  07:06:00,24.2,43.36859628155268,26.37437633096693,43.36859628155268,0.0,0.0,26.37437633096693,0.0,0.0,0.0,0.0,0.0,0.0,0.0,0.0,0.0,0.0,0.0,0.0,0.0,0.0 
 07/21  07:07:00,24.2,43.386636321153084,26.373532273809147,43.386636321153084,0.0,0.0,26.373532273809147,0.0,0.0,0.0,0.0,0.0,0.0,0.0,0.0,0.0,0.0,0.0,0.0,0.0,0.0 
 07/21  07:08:00,24.2,43.40479225272335,26.372831052973286,43.40479225272335,0.0,0.0,26.372831052973286,0.0,0.0,0.0,0.0,0.0,0.0,0.0,0.0,0.0,0.0,0.0,0.0,0.0,0.0 
 07/21  07:09:00,24.2,43.42306313073858,26.37227269259345,43.42306313073858,0.0,0.0,26.37227269259345,0.0,0.0,0.0,0.0,0.0,0.0,0.0,0.0,0.0,0.0,0.0,0.0,0.0,0.0 
 07/21  07:10:00,24.2,43.441458185636264,26.3718571479909,43.441458185636264,0.0,0.0,26.3718571479909,0.0,0.0,0.0,0.0,0.0,0.0,0.0,0.0,0.0,0.0,0.0,0.0,0.0,0.0 
 07/21  07:11:00,24.2,43.45997447330084,26.371583949128098,43.45997447330084,0.0,0.0,26.371583949128098,0.0,0.0,0.0,0.0,0.0,0.0,0.0,0.0,0.0,0.0,0.0,0.0,0.0,0.0 
 07/21  07:12:00,24.2,43.478620333488955,26.371453214428747,43.478620333488955,0.0,0.0,26.371453214428747,0.0,0.0,0.0,0.0,0.0,0.0,0.0,0.0,0.0,0.0,0.0,0.0,0.0,0.0 
 07/21  07:13:00,24.2,43.49739206353309,26.37146444779616,43.49739206353309,0.0,0.0,26.37146444779616,0.0,0.0,0.0,0.0,0.0,0.0,0.0,0.0,0.0,0.0,0.0,0.0,0.0,0.0 
 07/21  07:14:00,24.2,43.51629758486215,26.371617950838257,43.51629758486215,0.0,0.0,26.371617950838257,0.0,0.0,0.0,0.0,0.0,0.0,0.0,0.0,0.0,0.0,0.0,0.0,0.0,0.0 
 07/21  07:15:00,24.2,43.535332647248715,26.371913421821567,43.535332647248715,0.0,0.0,26.371913421821567,0.0,0.0,0.0,0.0,0.0,0.0,0.0,0.0,0.0,0.0,0.0,0.0,0.0,0.0 
 07/21  07:16:00,24.2,43.55450490038698,26.372350926540513,43.55450490038698,0.0,0.0,26.372350926540513,0.0,0.0,0.0,0.0,0.0,0.0,0.0,0.0,0.0,0.0,0.0,0.0,0.0,0.0 
 07/21  07:17:00,24.2,43.57380969830586,26.372930010908888,43.57380969830586,0.0,0.0,26.372930010908888,0.0,0.0,0.0,0.0,0.0,0.0,0.0,0.0,0.0,0.0,0.0,0.0,0.0,0.0 
 07/21  07:18:00,24.2,43.593254576009805,26.373650525988243,43.593254576009805,0.0,0.0,26.373650525988243,0.0,0.0,0.0,0.0,0.0,0.0,0.0,0.0,0.0,0.0,0.0,0.0,0.0,0.0 
 07/21  07:19:00,24.2,43.61283462708781,26.374511170359945,43.61283462708781,0.0,0.0,26.374511170359945,0.0,0.0,0.0,0.0,0.0,0.0,0.0,0.0,0.0,0.0,0.0,0.0,0.0,0.0 
 07/21  07:20:00,24.2,43.63255740738939,26.37551076301979,43.63255740738939,0.0,0.0,26.37551076301979,0.0,0.0,0.0,0.0,0.0,0.0,0.0,0.0,0.0,0.0,0.0,0.0,0.0,0.0 
 07/21  07:21:00,24.2,43.65241784832895,26.376646133447306,43.65241784832895,0.0,0.0,26.376646133447306,0.0,0.0,0.0,0.0,0.0,0.0,0.0,0.0,0.0,0.0,0.0,0.0,0.0,0.0 
 07/21  07:22:00,24.2,43.6724236324792,26.37790977676624,43.6724236324792,0.0,0.0,26.37790977676624,0.0,0.0,0.0,0.0,0.0,0.0,0.0,0.0,0.0,0.0,0.0,0.0,0.0,0.0 
 07/21  07:23:00,24.2,43.692569595049996,26.379306525091906,43.692569595049996,0.0,0.0,26.379306525091906,0.0,0.0,0.0,0.0,0.0,0.0,0.0,0.0,0.0,0.0,0.0,0.0,0.0,0.0 
 07/21  07:24:00,24.2,43.71286362043091,26.380846239301615,43.71286362043091,0.0,0.0,26.380846239301615,0.0,0.0,0.0,0.0,0.0,0.0,0.0,0.0,0.0,0.0,0.0,0.0,0.0,0.0 
 07/21  07:25:00,24.2,43.73330048417151,26.38253672239658,43.73330048417151,0.0,0.0,26.38253672239658,0.0,0.0,0.0,0.0,0.0,0.0,0.0,0.0,0.0,0.0,0.0,0.0,0.0,0.0 
 07/21  07:26:00,24.2,43.753888313538795,26.384384620674773,43.753888313538795,0.0,0.0,26.384384620674773,0.0,0.0,0.0,0.0,0.0,0.0,0.0,0.0,0.0,0.0,0.0,0.0,0.0,0.0 
 07/21  07:27:00,24.2,43.774621833664774,26.386394461681274,43.774621833664774,0.0,0.0,26.386394461681274,0.0,0.0,0.0,0.0,0.0,0.0,0.0,0.0,0.0,0.0,0.0,0.0,0.0,0.0 
 07/21  07:28:00,24.2,43.795509421741144,26.388570461455423,43.795509421741144,0.0,0.0,26.388570461455423,0.0,0.0,0.0,0.0,0.0,0.0,0.0,0.0,0.0,0.0,0.0,0.0,0.0,0.0 
 07/21  07:29:00,24.2,43.81654573924553,26.39091588307383,43.81654573924553,0.0,0.0,26.39091588307383,0.0,0.0,0.0,0.0,0.0,0.0,0.0,0.0,0.0,0.0,0.0,0.0,0.0,0.0 
 07/21  07:30:00,24.2,43.83773939093964,26.393434257064413,43.83773939093964,0.0,0.0,26.393434257064413,0.0,0.0,0.0,0.0,0.0,0.0,0.0,0.0,0.0,0.0,0.0,0.0,0.0,0.0 
 07/21  07:31:00,24.2,43.85908494598508,26.396127909097935,43.85908494598508,0.0,0.0,26.396127909097935,0.0,0.0,0.0,0.0,0.0,0.0,0.0,0.0,0.0,0.0,0.0,0.0,0.0,0.0 
 07/21  07:32:00,24.2,43.880591192489554,26.3989997826719,43.880591192489554,0.0,0.0,26.3989997826719,0.0,0.0,0.0,0.0,0.0,0.0,0.0,0.0,0.0,0.0,0.0,0.0,0.0,0.0 
 07/21  07:33:00,24.2,43.90225257084185,26.402051773671083,43.90225257084185,0.0,0.0,26.402051773671083,0.0,0.0,0.0,0.0,0.0,0.0,0.0,0.0,0.0,0.0,0.0,0.0,0.0,0.0 
 07/21  07:34:00,24.2,43.924077994781925,26.405286048502926,43.924077994781925,0.0,0.0,26.405286048502926,0.0,0.0,0.0,0.0,0.0,0.0,0.0,0.0,0.0,0.0,0.0,0.0,0.0,0.0 
 07/21  07:35:00,24.2,43.94606173848047,26.408704029552645,43.94606173848047,0.0,0.0,26.408704029552645,0.0,0.0,0.0,0.0,0.0,0.0,0.0,0.0,0.0,0.0,0.0,0.0,0.0,0.0 
 07/21  07:36:00,24.2,43.968212777781545,26.412307586398008,43.968212777781545,0.0,0.0,26.412307586398008,0.0,0.0,0.0,0.0,0.0,0.0,0.0,0.0,0.0,0.0,0.0,0.0,0.0,0.0 
 07/21  07:37:00,24.2,43.990525187395335,26.41609744778894,43.990525187395335,0.0,0.0,26.41609744778894,0.0,0.0,0.0,0.0,0.0,0.0,0.0,0.0,0.0,0.0,0.0,0.0,0.0,0.0 
 07/21  07:38:00,24.2,44.013007942047786,26.420075108761868,44.013007942047786,0.0,0.0,26.420075108761868,0.0,0.0,0.0,0.0,0.0,0.0,0.0,0.0,0.0,0.0,0.0,0.0,0.0,0.0 
 07/21  07:39:00,24.2,44.0356548912942,26.42424107869636,44.0356548912942,0.0,0.0,26.42424107869636,0.0,0.0,0.0,0.0,0.0,0.0,0.0,0.0,0.0,0.0,0.0,0.0,0.0,0.0 
 07/21  07:40:00,24.2,44.05847495013066,26.428596251455993,44.05847495013066,0.0,0.0,26.428596251455993,0.0,0.0,0.0,0.0,0.0,0.0,0.0,0.0,0.0,0.0,0.0,0.0,0.0,0.0 
 07/21  07:41:00,24.2,44.03791098558355,26.43314087894117,44.03791098558355,0.0,0.0,26.43314087894117,0.0,0.0,0.0,0.0,0.0,0.0,0.0,0.0,0.0,0.0,0.0,0.0,0.0,0.0 
 07/21  07:42:00,24.2,43.9723055535947,26.437875684590093,43.9723055535947,0.0,0.0,26.437875684590093,0.0,0.0,0.0,0.0,0.0,0.0,0.0,0.0,0.0,0.0,0.0,0.0,0.0,0.0 
 07/21  07:43:00,24.2,43.887400971647594,26.442800318593832,43.887400971647594,0.0,0.0,26.442800318593832,0.0,0.0,0.0,0.0,0.0,0.0,0.0,0.0,0.0,0.0,0.0,0.0,0.0,0.0 
 07/21  07:44:00,24.2,43.803368218019806,26.44791530987164,43.803368218019806,0.0,0.0,26.44791530987164,0.0,0.0,0.0,0.0,0.0,0.0,0.0,0.0,0.0,0.0,0.0,0.0,0.0,0.0 
 07/21  07:45:00,24.2,43.72811103218332,26.453220261018824,43.72811103218332,0.0,0.0,26.453220261018824,0.0,0.0,0.0,0.0,0.0,0.0,0.0,0.0,0.0,0.0,0.0,0.0,0.0,0.0 
 07/21  07:46:00,24.2,43.662511752290314,26.458715240063526,43.662511752290314,0.0,0.0,26.458715240063526,0.0,0.0,0.0,0.0,0.0,0.0,0.0,0.0,0.0,0.0,0.0,0.0,0.0,0.0 
 07/21  07:47:00,24.2,43.60469414251612,26.464399713029316,43.60469414251612,0.0,0.0,26.464399713029316,0.0,0.0,0.0,0.0,0.0,0.0,0.0,0.0,0.0,0.0,0.0,0.0,0.0,0.0 
 07/21  07:48:00,24.2,43.552846106197606,26.47027379336867,43.552846106197606,0.0,0.0,26.47027379336867,0.0,0.0,0.0,0.0,0.0,0.0,0.0,0.0,0.0,0.0,0.0,0.0,0.0,0.0 
 07/21  07:49:00,24.2,43.505549972745044,26.476336634936157,43.505549972745044,0.0,0.0,26.476336634936157,0.0,0.0,0.0,0.0,0.0,0.0,0.0,0.0,0.0,0.0,0.0,0.0,0.0,0.0 
 07/21  07:50:00,24.2,43.46196738480701,26.482588482730797,43.46196738480701,0.0,0.0,26.482588482730797,0.0,0.0,0.0,0.0,0.0,0.0,0.0,0.0,0.0,0.0,0.0,0.0,0.0,0.0 
 07/21  07:51:00,24.2,43.42142351459283,26.4890295619472,43.42142351459283,0.0,0.0,26.4890295619472,0.0,0.0,0.0,0.0,0.0,0.0,0.0,0.0,0.0,0.0,0.0,0.0,0.0,0.0 
 07/21  07:52:00,24.2,43.38346568963768,26.49565798275547,43.38346568963768,0.0,0.0,26.49565798275547,0.0,0.0,0.0,0.0,0.0,0.0,0.0,0.0,0.0,0.0,0.0,0.0,0.0,0.0 
 07/21  07:53:00,24.2,43.347650128149176,26.502471002541082,43.347650128149176,0.0,0.0,26.502471002541082,0.0,0.0,0.0,0.0,0.0,0.0,0.0,0.0,0.0,0.0,0.0,0.0,0.0,0.0 
 07/21  07:54:00,24.2,43.313671245618,26.50946673480176,43.313671245618,0.0,0.0,26.50946673480176,0.0,0.0,0.0,0.0,0.0,0.0,0.0,0.0,0.0,0.0,0.0,0.0,0.0,0.0 
 07/21  07:55:00,24.2,43.28122295160659,26.516642532850252,43.28122295160659,0.0,0.0,26.516642532850252,0.0,0.0,0.0,0.0,0.0,0.0,0.0,0.0,0.0,0.0,0.0,0.0,0.0,0.0 
 07/21  07:56:00,24.2,43.25011254219958,26.52399679492409,43.25011254219958,0.0,0.0,26.52399679492409,0.0,0.0,0.0,0.0,0.0,0.0,0.0,0.0,0.0,0.0,0.0,0.0,0.0,0.0 
 07/21  07:57:00,24.2,43.22013768796399,26.53152714049528,43.22013768796399,0.0,0.0,26.53152714049528,0.0,0.0,0.0,0.0,0.0,0.0,0.0,0.0,0.0,0.0,0.0,0.0,0.0,0.0 
 07/21  07:58:00,24.2,43.19118418485385,26.539231688443508,43.19118418485385,0.0,0.0,26.539231688443508,0.0,0.0,0.0,0.0,0.0,0.0,0.0,0.0,0.0,0.0,0.0,0.0,0.0,0.0 
 07/21  07:59:00,24.2,43.16311662859944,26.54710803723772,43.16311662859944,0.0,0.0,26.54710803723772,0.0,0.0,0.0,0.0,0.0,0.0,0.0,0.0,0.0,0.0,0.0,0.0,0.0,0.0 
 07/21  08:00:00,24.2,43.1358688736739,26.555154398143046,43.1358688736739,0.0,0.0,26.555154398143046,0.0,0.0,0.0,0.0,0.0,0.0,0.0,0.0,0.0,0.0,0.0,0.0,0.0,0.0,49104000.0 
 07/21  08:01:00,25.4,43.1094628996431,26.563582932117015,43.1094628996431,0.0,0.0,26.563582932117015,0.0,0.0,0.0,0.0,0.0,0.0,0.0,0.0,0.0,0.0,0.0,0.0,0.0,0.0 
 07/21  08:02:00,25.4,43.083794032078956,26.572308578832775,43.083794032078956,0.0,0.0,26.572308578832775,0.0,0.0,0.0,0.0,0.0,0.0,0.0,0.0,0.0,0.0,0.0,0.0,0.0,0.0 
 07/21  08:03:00,25.4,43.058729765827266,26.581235767903397,43.058729765827266,0.0,0.0,26.581235767903397,0.0,0.0,0.0,0.0,0.0,0.0,0.0,0.0,0.0,0.0,0.0,0.0,0.0,0.0 
 07/21  08:04:00,25.4,43.034228018345594,26.590318292448615,43.034228018345594,0.0,0.0,26.590318292448615,0.0,0.0,0.0,0.0,0.0,0.0,0.0,0.0,0.0,0.0,0.0,0.0,0.0,0.0 
 07/21  08:05:00,25.4,43.01023900509303,26.599542612140226,43.01023900509303,0.0,0.0,26.599542612140226,0.0,0.0,0.0,0.0,0.0,0.0,0.0,0.0,0.0,0.0,0.0,0.0,0.0,0.0 
 07/21  08:06:00,25.4,42.98676413462496,26.608908002619312,42.98676413462496,0.0,0.0,26.608908002619312,0.0,0.0,0.0,0.0,0.0,0.0,0.0,0.0,0.0,0.0,0.0,0.0,0.0,0.0 
 07/21  08:07:00,25.4,42.96376973761084,26.618414530691293,42.96376973761084,0.0,0.0,26.618414530691293,0.0,0.0,0.0,0.0,0.0,0.0,0.0,0.0,0.0,0.0,0.0,0.0,0.0,0.0 
 07/21  08:08:00,25.4,42.941258730688034,26.628061964780123,42.941258730688034,0.0,0.0,26.628061964780123,0.0,0.0,0.0,0.0,0.0,0.0,0.0,0.0,0.0,0.0,0.0,0.0,0.0,0.0 
 07/21  08:09:00,25.4,42.919198446501696,26.637848271528267,42.919198446501696,0.0,0.0,26.637848271528267,0.0,0.0,0.0,0.0,0.0,0.0,0.0,0.0,0.0,0.0,0.0,0.0,0.0,0.0 
 07/21  08:10:00,25.4,42.897592055204385,26.647771395470915,42.897592055204385,0.0,0.0,26.647771395470915,0.0,0.0,0.0,0.0,0.0,0.0,0.0,0.0,0.0,0.0,0.0,0.0,0.0,0.0 
 07/21  08:11:00,25.4,42.876409705881414,26.65782876021399,42.876409705881414,0.0,0.0,26.65782876021399,0.0,0.0,0.0,0.0,0.0,0.0,0.0,0.0,0.0,0.0,0.0,0.0,0.0,0.0 
 07/21  08:12:00,25.4,42.855656174746315,26.668018372583024,42.855656174746315,0.0,0.0,26.668018372583024,0.0,0.0,0.0,0.0,0.0,0.0,0.0,0.0,0.0,0.0,0.0,0.0,0.0,0.0 
 07/21  08:13:00,25.4,42.835304447539954,26.67833739001001,42.835304447539954,0.0,0.0,26.67833739001001,0.0,0.0,0.0,0.0,0.0,0.0,0.0,0.0,0.0,0.0,0.0,0.0,0.0,0.0 
 07/21  08:14:00,25.4,42.81536048428679,26.688783748504243,42.81536048428679,0.0,0.0,26.688783748504243,0.0,0.0,0.0,0.0,0.0,0.0,0.0,0.0,0.0,0.0,0.0,0.0,0.0,0.0 
 07/21  08:15:00,25.4,42.795799427768756,26.69935453295314,42.795799427768756,0.0,0.0,26.69935453295314,0.0,0.0,0.0,0.0,0.0,0.0,0.0,0.0,0.0,0.0,0.0,0.0,0.0,0.0 
 07/21  08:16:00,25.4,42.77662797693348,26.710046944403068,42.77662797693348,0.0,0.0,26.710046944403068,0.0,0.0,0.0,0.0,0.0,0.0,0.0,0.0,0.0,0.0,0.0,0.0,0.0,0.0 
 07/21  08:17:00,25.4,42.757822988982504,26.720857290419815,42.757822988982504,0.0,0.0,26.720857290419815,0.0,0.0,0.0,0.0,0.0,0.0,0.0,0.0,0.0,0.0,0.0,0.0,0.0,0.0 
 07/21  08:18:00,25.4,42.739391679559176,26.731781485888067,42.739391679559176,0.0,0.0,26.731781485888067,0.0,0.0,0.0,0.0,0.0,0.0,0.0,0.0,0.0,0.0,0.0,0.0,0.0,0.0 
 07/21  08:19:00,25.4,42.7213123465027,26.74281253813351,42.7213123465027,0.0,0.0,26.74281253813351,0.0,0.0,0.0,0.0,0.0,0.0,0.0,0.0,0.0,0.0,0.0,0.0,0.0,0.0 
 07/21  08:20:00,25.4,42.70359260271304,26.753939848855953,42.70359260271304,0.0,0.0,26.753939848855953,0.0,0.0,0.0,0.0,0.0,0.0,0.0,0.0,0.0,0.0,0.0,0.0,0.0,0.0 
 07/21  08:21:00,25.4,42.686211991055245,26.76517249429237,42.686211991055245,0.0,0.0,26.76517249429237,0.0,0.0,0.0,0.0,0.0,0.0,0.0,0.0,0.0,0.0,0.0,0.0,0.0,0.0 
 07/21  08:22:00,25.4,42.66917845139974,26.776521364396398,42.66917845139974,0.0,0.0,26.776521364396398,0.0,0.0,0.0,0.0,0.0,0.0,0.0,0.0,0.0,0.0,0.0,0.0,0.0,0.0 
 07/21  08:23:00,25.4,42.65247262173083,26.787994375793936,42.65247262173083,0.0,0.0,26.787994375793936,0.0,0.0,0.0,0.0,0.0,0.0,0.0,0.0,0.0,0.0,0.0,0.0,0.0,0.0 
 07/21  08:24:00,25.4,42.63610272270457,26.79959753167253,42.63610272270457,0.0,0.0,26.79959753167253,0.0,0.0,0.0,0.0,0.0,0.0,0.0,0.0,0.0,0.0,0.0,0.0,0.0,0.0 
 07/21  08:25:00,25.4,42.62005036378503,26.81133458674058,42.62005036378503,0.0,0.0,26.81133458674058,0.0,0.0,0.0,0.0,0.0,0.0,0.0,0.0,0.0,0.0,0.0,0.0,0.0,0.0 
 07/21  08:26:00,25.4,42.60432400663224,26.823209321367248,42.60432400663224,0.0,0.0,26.823209321367248,0.0,0.0,0.0,0.0,0.0,0.0,0.0,0.0,0.0,0.0,0.0,0.0,0.0,0.0 
 07/21  08:27:00,25.4,42.588906122128144,26.83522439215299,42.588906122128144,0.0,0.0,26.83522439215299,0.0,0.0,0.0,0.0,0.0,0.0,0.0,0.0,0.0,0.0,0.0,0.0,0.0,0.0 
 07/21  08:28:00,25.4,42.573805369752094,26.847382442986376,42.573805369752094,0.0,0.0,26.847382442986376,0.0,0.0,0.0,0.0,0.0,0.0,0.0,0.0,0.0,0.0,0.0,0.0,0.0,0.0 
 07/21  08:29:00,25.4,42.559004979470615,26.859685446400626,42.559004979470615,0.0,0.0,26.859685446400626,0.0,0.0,0.0,0.0,0.0,0.0,0.0,0.0,0.0,0.0,0.0,0.0,0.0,0.0 
 07/21  08:30:00,25.4,42.54451375905202,26.87213556509083,42.54451375905202,0.0,0.0,26.87213556509083,0.0,0.0,0.0,0.0,0.0,0.0,0.0,0.0,0.0,0.0,0.0,0.0,0.0,0.0 
 07/21  08:31:00,25.4,42.53031560176066,26.88473389149494,42.53031560176066,0.0,0.0,26.88473389149494,0.0,0.0,0.0,0.0,0.0,0.0,0.0,0.0,0.0,0.0,0.0,0.0,0.0,0.0 
 07/21  08:32:00,25.4,42.5164194090246,26.897482053171476,42.5164194090246,0.0,0.0,26.897482053171476,0.0,0.0,0.0,0.0,0.0,0.0,0.0,0.0,0.0,0.0,0.0,0.0,0.0,0.0 
 07/21  08:33:00,25.4,42.50280964925621,26.910380809557658,42.50280964925621,0.0,0.0,26.910380809557658,0.0,0.0,0.0,0.0,0.0,0.0,0.0,0.0,0.0,0.0,0.0,0.0,0.0,0.0 
 07/21  08:34:00,25.4,42.48949526090057,26.923431042235883,42.48949526090057,0.0,0.0,26.923431042235883,0.0,0.0,0.0,0.0,0.0,0.0,0.0,0.0,0.0,0.0,0.0,0.0,0.0,0.0 
 07/21  08:35:00,25.4,42.476461208687674,26.936633110795423,42.476461208687674,0.0,0.0,26.936633110795423,0.0,0.0,0.0,0.0,0.0,0.0,0.0,0.0,0.0,0.0,0.0,0.0,0.0,0.0 
 07/21  08:36:00,25.4,42.46371641277823,26.94998766518666,42.46371641277823,0.0,0.0,26.94998766518666,0.0,0.0,0.0,0.0,0.0,0.0,0.0,0.0,0.0,0.0,0.0,0.0,0.0,0.0 
 07/21  08:37:00,25.4,42.45124626604114,26.963494410992112,42.45124626604114,0.0,0.0,26.963494410992112,0.0,0.0,0.0,0.0,0.0,0.0,0.0,0.0,0.0,0.0,0.0,0.0,0.0,0.0 
 07/21  08:38:00,25.4,42.439059619169925,26.977153662268837,42.439059619169925,0.0,0.0,26.977153662268837,0.0,0.0,0.0,0.0,0.0,0.0,0.0,0.0,0.0,0.0,0.0,0.0,0.0,0.0 
 07/21  08:39:00,25.4,42.42714223624676,26.990964971976812,42.42714223624676,0.0,0.0,26.990964971976812,0.0,0.0,0.0,0.0,0.0,0.0,0.0,0.0,0.0,0.0,0.0,0.0,0.0,0.0 
 07/21  08:40:00,25.4,42.4155028533165,27.00492806531782,42.4155028533165,0.0,0.0,27.00492806531782,0.0,0.0,0.0,0.0,0.0,0.0,0.0,0.0,0.0,0.0,0.0,0.0,0.0,0.0 
 07/21  08:41:00,25.4,42.40412755984752,27.01904224158002,42.40412755984752,0.0,0.0,27.01904224158002,0.0,0.0,0.0,0.0,0.0,0.0,0.0,0.0,0.0,0.0,0.0,0.0,0.0,0.0 
 07/21  08:42:00,25.4,42.39302493905182,27.03330712828339,42.39302493905182,0.0,0.0,27.03330712828339,0.0,0.0,0.0,0.0,0.0,0.0,0.0,0.0,0.0,0.0,0.0,0.0,0.0,0.0 
 07/21  08:43:00,25.4,42.3821813702993,27.047721503598442,42.3821813702993,0.0,0.0,27.047721503598442,0.0,0.0,0.0,0.0,0.0,0.0,0.0,0.0,0.0,0.0,0.0,0.0,0.0,0.0 
 07/21  08:44:00,25.4,42.371605253075465,27.062284783223127,42.371605253075465,0.0,0.0,27.062284783223127,0.0,0.0,0.0,0.0,0.0,0.0,0.0,0.0,0.0,0.0,0.0,0.0,0.0,0.0 
 07/21  08:45:00,25.4,42.36128323037603,27.076995717219987,42.36128323037603,0.0,0.0,27.076995717219987,0.0,0.0,0.0,0.0,0.0,0.0,0.0,0.0,0.0,0.0,0.0,0.0,0.0,0.0 
 07/21  08:46:00,25.4,42.351223494217756,27.091853253412427,42.351223494217756,0.0,0.0,27.091853253412427,0.0,0.0,0.0,0.0,0.0,0.0,0.0,0.0,0.0,0.0,0.0,0.0,0.0,0.0 
 07/21  08:47:00,25.4,42.3414129328806,27.106856004851167,42.3414129328806,0.0,0.0,27.106856004851167,0.0,0.0,0.0,0.0,0.0,0.0,0.0,0.0,0.0,0.0,0.0,0.0,0.0,0.0 
 07/21  08:48:00,25.4,42.33185951397808,27.122002928233364,42.33185951397808,0.0,0.0,27.122002928233364,0.0,0.0,0.0,0.0,0.0,0.0,0.0,0.0,0.0,0.0,0.0,0.0,0.0,0.0 
 07/21  08:49:00,25.4,42.322550359408325,27.137292220925122,42.322550359408325,0.0,0.0,27.137292220925122,0.0,0.0,0.0,0.0,0.0,0.0,0.0,0.0,0.0,0.0,0.0,0.0,0.0,0.0 
 07/21  08:50:00,25.4,42.31349320174847,27.152722717600874,42.31349320174847,0.0,0.0,27.152722717600874,0.0,0.0,0.0,0.0,0.0,0.0,0.0,0.0,0.0,0.0,0.0,0.0,0.0,0.0 
 07/21  08:51:00,25.4,42.3046753902864,27.168292668480657,42.3046753902864,0.0,0.0,27.168292668480657,0.0,0.0,0.0,0.0,0.0,0.0,0.0,0.0,0.0,0.0,0.0,0.0,0.0,0.0 
 07/21  08:52:00,25.4,42.29610441745581,27.18400051502741,42.29610441745581,0.0,0.0,27.18400051502741,0.0,0.0,0.0,0.0,0.0,0.0,0.0,0.0,0.0,0.0,0.0,0.0,0.0,0.0 
 07/21  08:53:00,25.4,42.287767857860196,27.199844434618047,42.287767857860196,0.0,0.0,27.199844434618047,0.0,0.0,0.0,0.0,0.0,0.0,0.0,0.0,0.0,0.0,0.0,0.0,0.0,0.0 
 07/21  08:54:00,25.4,42.27967296312385,27.2158229313661,42.27967296312385,0.0,0.0,27.2158229313661,0.0,0.0,0.0,0.0,0.0,0.0,0.0,0.0,0.0,0.0,0.0,0.0,0.0,0.0 
 07/21  08:55:00,25.4,42.27180753392914,27.231933823734856,42.27180753392914,0.0,0.0,27.231933823734856,0.0,0.0,0.0,0.0,0.0,0.0,0.0,0.0,0.0,0.0,0.0,0.0,0.0,0.0 
 07/21  08:56:00,25.4,42.264178583606856,27.248175540094724,42.264178583606856,0.0,0.0,27.248175540094724,0.0,0.0,0.0,0.0,0.0,0.0,0.0,0.0,0.0,0.0,0.0,0.0,0.0,0.0 
 07/21  08:57:00,25.4,42.25677414129342,27.26454599453683,42.25677414129342,0.0,0.0,27.26454599453683,0.0,0.0,0.0,0.0,0.0,0.0,0.0,0.0,0.0,0.0,0.0,0.0,0.0,0.0 
 07/21  08:58:00,25.4,42.249600986526744,27.281043268783094,42.249600986526744,0.0,0.0,27.281043268783094,0.0,0.0,0.0,0.0,0.0,0.0,0.0,0.0,0.0,0.0,0.0,0.0,0.0,0.0 
 07/21  08:59:00,25.4,42.24264737989643,27.29766524485319,42.24264737989643,0.0,0.0,27.29766524485319,0.0,0.0,0.0,0.0,0.0,0.0,0.0,0.0,0.0,0.0,0.0,0.0,0.0,0.0 
 07/21  09:00:00,25.4,42.23591987269378,27.314410103650108,42.23591987269378,0.0,0.0,27.314410103650108,0.0,0.0,0.0,0.0,0.0,0.0,0.0,0.0,0.0,0.0,0.0,0.0,0.0,0.0,49104000.0 
 07/21  09:01:00,25.4,42.22940695991407,27.331275413507086,42.22940695991407,0.0,0.0,27.331275413507086,0.0,0.0,0.0,0.0,0.0,0.0,0.0,0.0,0.0,0.0,0.0,0.0,0.0,0.0 
 07/21  09:02:00,25.4,42.22311497058316,27.348259317324395,42.22311497058316,0.0,0.0,27.348259317324395,0.0,0.0,0.0,0.0,0.0,0.0,0.0,0.0,0.0,0.0,0.0,0.0,0.0,0.0 
 07/21  09:03:00,25.4,42.21703263663752,27.365359514130404,42.21703263663752,0.0,0.0,27.365359514130404,0.0,0.0,0.0,0.0,0.0,0.0,0.0,0.0,0.0,0.0,0.0,0.0,0.0,0.0 
 07/21  09:04:00,25.4,42.21116607092405,27.382573843455983,42.21116607092405,0.0,0.0,27.382573843455983,0.0,0.0,0.0,0.0,0.0,0.0,0.0,0.0,0.0,0.0,0.0,0.0,0.0,0.0 
 07/21  09:05:00,25.4,42.20550424428323,27.39990000956356,42.20550424428323,0.0,0.0,27.39990000956356,0.0,0.0,0.0,0.0,0.0,0.0,0.0,0.0,0.0,0.0,0.0,0.0,0.0,0.0 
 07/21  09:06:00,25.4,42.20005305942535,27.417335988915358,42.20005305942535,0.0,0.0,27.417335988915358,0.0,0.0,0.0,0.0,0.0,0.0,0.0,0.0,0.0,0.0,0.0,0.0,0.0,0.0 
 07/21  09:07:00,25.4,42.194801727450496,27.434879229667146,42.194801727450496,0.0,0.0,27.434879229667146,0.0,0.0,0.0,0.0,0.0,0.0,0.0,0.0,0.0,0.0,0.0,0.0,0.0,0.0 
 07/21  09:08:00,25.4,42.18975594690776,27.45252773777579,42.18975594690776,0.0,0.0,27.45252773777579,0.0,0.0,0.0,0.0,0.0,0.0,0.0,0.0,0.0,0.0,0.0,0.0,0.0,0.0 
 07/21  09:09:00,25.4,42.18490516995166,27.470279180275988,42.18490516995166,0.0,0.0,27.470279180275988,0.0,0.0,0.0,0.0,0.0,0.0,0.0,0.0,0.0,0.0,0.0,0.0,0.0,0.0 
 07/21  09:10:00,25.4,42.18025489717409,27.488131387918127,42.18025489717409,0.0,0.0,27.488131387918127,0.0,0.0,0.0,0.0,0.0,0.0,0.0,0.0,0.0,0.0,0.0,0.0,0.0,0.0 
 07/21  09:11:00,25.4,42.17579482227942,27.506082179674078,42.17579482227942,0.0,0.0,27.506082179674078,0.0,0.0,0.0,0.0,0.0,0.0,0.0,0.0,0.0,0.0,0.0,0.0,0.0,0.0 
 07/21  09:12:00,25.4,42.17153025556334,27.524129687142047,42.17153025556334,0.0,0.0,27.524129687142047,0.0,0.0,0.0,0.0,0.0,0.0,0.0,0.0,0.0,0.0,0.0,0.0,0.0,0.0 
 07/21  09:13:00,25.4,42.16745113332975,27.542271651809436,42.16745113332975,0.0,0.0,27.542271651809436,0.0,0.0,0.0,0.0,0.0,0.0,0.0,0.0,0.0,0.0,0.0,0.0,0.0,0.0 
 07/21  09:14:00,25.4,42.1635625872377,27.560506396653174,42.1635625872377,0.0,0.0,27.560506396653174,0.0,0.0,0.0,0.0,0.0,0.0,0.0,0.0,0.0,0.0,0.0,0.0,0.0,0.0 
 07/21  09:15:00,25.4,42.15985479928932,27.578832008259738,42.15985479928932,0.0,0.0,27.578832008259738,0.0,0.0,0.0,0.0,0.0,0.0,0.0,0.0,0.0,0.0,0.0,0.0,0.0,0.0 
 07/21  09:16:00,25.4,42.156332740932655,27.597246732261578,42.156332740932655,0.0,0.0,27.597246732261578,0.0,0.0,0.0,0.0,0.0,0.0,0.0,0.0,0.0,0.0,0.0,0.0,0.0,0.0 
 07/21  09:17:00,25.4,42.15298684616535,27.615748849552,42.15298684616535,0.0,0.0,27.615748849552,0.0,0.0,0.0,0.0,0.0,0.0,0.0,0.0,0.0,0.0,0.0,0.0,0.0,0.0 
 07/21  09:18:00,25.4,42.149821952202096,27.634336903502113,42.149821952202096,0.0,0.0,27.634336903502113,0.0,0.0,0.0,0.0,0.0,0.0,0.0,0.0,0.0,0.0,0.0,0.0,0.0,0.0 
 07/21  09:19:00,25.4,42.14682875397406,27.653009060122997,42.14682875397406,0.0,0.0,27.653009060122997,0.0,0.0,0.0,0.0,0.0,0.0,0.0,0.0,0.0,0.0,0.0,0.0,0.0,0.0 
 07/21  09:20:00,25.4,42.144011985515384,27.671763986280435,42.144011985515384,0.0,0.0,27.671763986280435,0.0,0.0,0.0,0.0,0.0,0.0,0.0,0.0,0.0,0.0,0.0,0.0,0.0,0.0 
 07/21  09:21:00,25.4,42.14136261173217,27.690600099286538,42.14136261173217,0.0,0.0,27.690600099286538,0.0,0.0,0.0,0.0,0.0,0.0,0.0,0.0,0.0,0.0,0.0,0.0,0.0,0.0 
 07/21  09:22:00,25.4,42.1388852947147,27.70951589374989,42.1388852947147,0.0,0.0,27.70951589374989,0.0,0.0,0.0,0.0,0.0,0.0,0.0,0.0,0.0,0.0,0.0,0.0,0.0,0.0 
 07/21  09:23:00,25.4,42.136571275107755,27.72850987646824,42.136571275107755,0.0,0.0,27.72850987646824,0.0,0.0,0.0,0.0,0.0,0.0,0.0,0.0,0.0,0.0,0.0,0.0,0.0,0.0 
 07/21  09:24:00,25.4,42.134425169308344,27.747580738196383,42.134425169308344,0.0,0.0,27.747580738196383,0.0,0.0,0.0,0.0,0.0,0.0,0.0,0.0,0.0,0.0,0.0,0.0,0.0,0.0 
 07/21  09:25:00,25.4,42.13243849350962,27.7667267769096,42.13243849350962,0.0,0.0,27.7667267769096,0.0,0.0,0.0,0.0,0.0,0.0,0.0,0.0,0.0,0.0,0.0,0.0,0.0,0.0 
 07/21  09:26:00,25.4,42.13061583608592,27.785946716704427,42.13061583608592,0.0,0.0,27.785946716704427,0.0,0.0,0.0,0.0,0.0,0.0,0.0,0.0,0.0,0.0,0.0,0.0,0.0,0.0 
 07/21  09:27:00,25.4,42.12894898159134,27.805239007516764,42.12894898159134,0.0,0.0,27.805239007516764,0.0,0.0,0.0,0.0,0.0,0.0,0.0,0.0,0.0,0.0,0.0,0.0,0.0,0.0 
 07/21  09:28:00,25.4,42.12744249818261,27.824602161641042,42.12744249818261,0.0,0.0,27.824602161641042,0.0,0.0,0.0,0.0,0.0,0.0,0.0,0.0,0.0,0.0,0.0,0.0,0.0,0.0 
 07/21  09:29:00,25.4,42.126088425214284,27.84403472990035,42.126088425214284,0.0,0.0,27.84403472990035,0.0,0.0,0.0,0.0,0.0,0.0,0.0,0.0,0.0,0.0,0.0,0.0,0.0,0.0 
 07/21  09:30:00,25.4,42.124891309297254,27.863535396870837,42.124891309297254,0.0,0.0,27.863535396870837,0.0,0.0,0.0,0.0,0.0,0.0,0.0,0.0,0.0,0.0,0.0,0.0,0.0,0.0 
 07/21  09:31:00,25.4,42.123843426391055,27.883102450936974,42.123843426391055,0.0,0.0,27.883102450936974,0.0,0.0,0.0,0.0,0.0,0.0,0.0,0.0,0.0,0.0,0.0,0.0,0.0,0.0 
 07/21  09:32:00,25.4,42.12294929305327,27.902734558606628,42.12294929305327,0.0,0.0,27.902734558606628,0.0,0.0,0.0,0.0,0.0,0.0,0.0,0.0,0.0,0.0,0.0,0.0,0.0,0.0 
 07/21  09:33:00,25.4,42.122201401164,27.922430133872716,42.122201401164,0.0,0.0,27.922430133872716,0.0,0.0,0.0,0.0,0.0,0.0,0.0,0.0,0.0,0.0,0.0,0.0,0.0,0.0 
 07/21  09:34:00,25.4,42.12160422390521,27.94218758261086,42.12160422390521,0.0,0.0,27.94218758261086,0.0,0.0,0.0,0.0,0.0,0.0,0.0,0.0,0.0,0.0,0.0,0.0,0.0,0.0 
 07/21  09:35:00,25.4,42.12115044790547,27.962005327449805,42.12115044790547,0.0,0.0,27.962005327449805,0.0,0.0,0.0,0.0,0.0,0.0,0.0,0.0,0.0,0.0,0.0,0.0,0.0,0.0 
 07/21  09:36:00,25.4,42.12084448707291,27.981881903995824,42.12084448707291,0.0,0.0,27.981881903995824,0.0,0.0,0.0,0.0,0.0,0.0,0.0,0.0,0.0,0.0,0.0,0.0,0.0,0.0 
 07/21  09:37:00,25.4,42.120679202703926,28.001815490296394,42.120679202703926,0.0,0.0,28.001815490296394,0.0,0.0,0.0,0.0,0.0,0.0,0.0,0.0,0.0,0.0,0.0,0.0,0.0,0.0 
 07/21  09:38:00,25.4,42.12065893284137,28.021804624584988,42.12065893284137,0.0,0.0,28.021804624584988,0.0,0.0,0.0,0.0,0.0,0.0,0.0,0.0,0.0,0.0,0.0,0.0,0.0,0.0 
 07/21  09:39:00,25.4,42.120776695564274,28.04184762621605,42.120776695564274,0.0,0.0,28.04184762621605,0.0,0.0,0.0,0.0,0.0,0.0,0.0,0.0,0.0,0.0,0.0,0.0,0.0,0.0 
 07/21  09:40:00,25.4,42.1210367372342,28.061942793912102,42.1210367372342,0.0,0.0,28.061942793912102,0.0,0.0,0.0,0.0,0.0,0.0,0.0,0.0,0.0,0.0,0.0,0.0,0.0,0.0 
 07/21  09:41:00,25.4,42.12143221769081,28.082088467025372,42.12143221769081,0.0,0.0,28.082088467025372,0.0,0.0,0.0,0.0,0.0,0.0,0.0,0.0,0.0,0.0,0.0,0.0,0.0,0.0 
 07/21  09:42:00,25.4,42.12196727761015,28.10228307948762,42.12196727761015,0.0,0.0,28.10228307948762,0.0,0.0,0.0,0.0,0.0,0.0,0.0,0.0,0.0,0.0,0.0,0.0,0.0,0.0 
 07/21  09:43:00,25.4,42.122635206713746,28.1225247426299,42.122635206713746,0.0,0.0,28.1225247426299,0.0,0.0,0.0,0.0,0.0,0.0,0.0,0.0,0.0,0.0,0.0,0.0,0.0,0.0 
 07/21  09:44:00,25.4,42.12344002838918,28.142811900296866,42.12344002838918,0.0,0.0,28.142811900296866,0.0,0.0,0.0,0.0,0.0,0.0,0.0,0.0,0.0,0.0,0.0,0.0,0.0,0.0 
 07/21  09:45:00,25.4,42.12437515344319,28.163142810495362,42.12437515344319,0.0,0.0,28.163142810495362,0.0,0.0,0.0,0.0,0.0,0.0,0.0,0.0,0.0,0.0,0.0,0.0,0.0,0.0 
 07/21  09:46:00,25.4,42.12544447894191,28.183515696471282,42.12544447894191,0.0,0.0,28.183515696471282,0.0,0.0,0.0,0.0,0.0,0.0,0.0,0.0,0.0,0.0,0.0,0.0,0.0,0.0 
 07/21  09:47:00,25.4,42.12664153073311,28.203928849878142,42.12664153073311,0.0,0.0,28.203928849878142,0.0,0.0,0.0,0.0,0.0,0.0,0.0,0.0,0.0,0.0,0.0,0.0,0.0,0.0 
 07/21  09:48:00,25.4,42.12797007295605,28.224380641162462,42.12797007295605,0.0,0.0,28.224380641162462,0.0,0.0,0.0,0.0,0.0,0.0,0.0,0.0,0.0,0.0,0.0,0.0,0.0,0.0 
 07/21  09:49:00,25.4,42.129423742732584,28.244869162517812,42.129423742732584,0.0,0.0,28.244869162517812,0.0,0.0,0.0,0.0,0.0,0.0,0.0,0.0,0.0,0.0,0.0,0.0,0.0,0.0 
 07/21  09:50:00,25.4,42.131006166813826,28.265392813651836,42.131006166813826,0.0,0.0,28.265392813651836,0.0,0.0,0.0,0.0,0.0,0.0,0.0,0.0,0.0,0.0,0.0,0.0,0.0,0.0 
 07/21  09:51:00,25.4,42.13271109161602,28.285949847913393,42.13271109161602,0.0,0.0,28.285949847913393,0.0,0.0,0.0,0.0,0.0,0.0,0.0,0.0,0.0,0.0,0.0,0.0,0.0,0.0 
 07/21  09:52:00,25.4,42.13454200389369,28.30653846986519,42.13454200389369,0.0,0.0,28.30653846986519,0.0,0.0,0.0,0.0,0.0,0.0,0.0,0.0,0.0,0.0,0.0,0.0,0.0,0.0 
 07/21  09:53:00,25.4,42.13649275873959,28.327156978565515,42.13649275873959,0.0,0.0,28.327156978565515,0.0,0.0,0.0,0.0,0.0,0.0,0.0,0.0,0.0,0.0,0.0,0.0,0.0,0.0 
 07/21  09:54:00,25.4,42.13856670189318,28.3478037289788,42.13856670189318,0.0,0.0,28.3478037289788,0.0,0.0,0.0,0.0,0.0,0.0,0.0,0.0,0.0,0.0,0.0,0.0,0.0,0.0 
 07/21  09:55:00,25.4,42.14075779750797,28.368476836095137,42.14075779750797,0.0,0.0,28.368476836095137,0.0,0.0,0.0,0.0,0.0,0.0,0.0,0.0,0.0,0.0,0.0,0.0,0.0,0.0 
 07/21  09:56:00,25.4,42.14306925059215,28.38917468719665,42.14306925059215,0.0,0.0,28.38917468719665,0.0,0.0,0.0,0.0,0.0,0.0,0.0,0.0,0.0,0.0,0.0,0.0,0.0,0.0 
 07/21  09:57:00,25.4,42.145495135405845,28.409895556884965,42.145495135405845,0.0,0.0,28.409895556884965,0.0,0.0,0.0,0.0,0.0,0.0,0.0,0.0,0.0,0.0,0.0,0.0,0.0,0.0 
 07/21  09:58:00,25.4,42.14803851744841,28.43063765310565,42.14803851744841,0.0,0.0,28.43063765310565,0.0,0.0,0.0,0.0,0.0,0.0,0.0,0.0,0.0,0.0,0.0,0.0,0.0,0.0 
 07/21  09:59:00,25.4,42.15069358244676,28.451399304227433,42.15069358244676,0.0,0.0,28.451399304227433,0.0,0.0,0.0,0.0,0.0,0.0,0.0,0.0,0.0,0.0,0.0,0.0,0.0,0.0 
 07/21  10:00:00,25.4,42.15346325816069,28.472178874850258,42.15346325816069,0.0,0.0,28.472178874850258,0.0,0.0,0.0,0.0,0.0,0.0,0.0,0.0,0.0,0.0,0.0,0.0,0.0,0.0,49104000.0 
 07/21  10:01:00,27.0,42.15648674466014,28.493266149913815,42.15648674466014,0.0,0.0,28.493266149913815,0.0,0.0,0.0,0.0,0.0,0.0,0.0,0.0,0.0,0.0,0.0,0.0,0.0,0.0 
 07/21  10:02:00,27.0,42.15968561813666,28.51454592691498,42.15968561813666,0.0,0.0,28.51454592691498,0.0,0.0,0.0,0.0,0.0,0.0,0.0,0.0,0.0,0.0,0.0,0.0,0.0,0.0 
 07/21  10:03:00,27.0,42.162976188814795,28.535889841508226,42.162976188814795,0.0,0.0,28.535889841508226,0.0,0.0,0.0,0.0,0.0,0.0,0.0,0.0,0.0,0.0,0.0,0.0,0.0,0.0 
 07/21  10:04:00,27.0,42.16633223931644,28.557236155256547,42.16633223931644,0.0,0.0,28.557236155256547,0.0,0.0,0.0,0.0,0.0,0.0,0.0,0.0,0.0,0.0,0.0,0.0,0.0,0.0 
 07/21  10:05:00,27.0,42.16975037148731,28.578568522374976,42.16975037148731,0.0,0.0,28.578568522374976,0.0,0.0,0.0,0.0,0.0,0.0,0.0,0.0,0.0,0.0,0.0,0.0,0.0,0.0 
 07/21  10:06:00,27.0,42.1732446675978,28.59988732153058,42.1732446675978,0.0,0.0,28.59988732153058,0.0,0.0,0.0,0.0,0.0,0.0,0.0,0.0,0.0,0.0,0.0,0.0,0.0,0.0 
 07/21  10:07:00,27.0,42.1768199599104,28.621195102860298,42.1768199599104,0.0,0.0,28.621195102860298,0.0,0.0,0.0,0.0,0.0,0.0,0.0,0.0,0.0,0.0,0.0,0.0,0.0,0.0 
 07/21  10:08:00,27.0,42.180485157276806,28.642493056625398,42.180485157276806,0.0,0.0,28.642493056625398,0.0,0.0,0.0,0.0,0.0,0.0,0.0,0.0,0.0,0.0,0.0,0.0,0.0,0.0 
 07/21  10:09:00,27.0,42.18423876494,28.663780905906712,42.18423876494,0.0,0.0,28.663780905906712,0.0,0.0,0.0,0.0,0.0,0.0,0.0,0.0,0.0,0.0,0.0,0.0,0.0,0.0 
 07/21  10:10:00,27.0,42.18808531320609,28.685057703620288,42.18808531320609,0.0,0.0,28.685057703620288,0.0,0.0,0.0,0.0,0.0,0.0,0.0,0.0,0.0,0.0,0.0,0.0,0.0,0.0 
 07/21  10:11:00,27.0,42.19202124995121,28.70632261432519,42.19202124995121,0.0,0.0,28.70632261432519,0.0,0.0,0.0,0.0,0.0,0.0,0.0,0.0,0.0,0.0,0.0,0.0,0.0,0.0 
 07/21  10:12:00,27.0,42.19604992955115,28.72757493609921,42.19604992955115,0.0,0.0,28.72757493609921,0.0,0.0,0.0,0.0,0.0,0.0,0.0,0.0,0.0,0.0,0.0,0.0,0.0,0.0 
 07/21  10:13:00,27.0,42.20016730850338,28.748813997828726,42.20016730850338,0.0,0.0,28.748813997828726,0.0,0.0,0.0,0.0,0.0,0.0,0.0,0.0,0.0,0.0,0.0,0.0,0.0,0.0 
 07/21  10:14:00,27.0,42.204376173529454,28.770039454455883,42.204376173529454,0.0,0.0,28.770039454455883,0.0,0.0,0.0,0.0,0.0,0.0,0.0,0.0,0.0,0.0,0.0,0.0,0.0,0.0 
 07/21  10:15:00,27.0,42.2086722233028,28.791251052953644,42.2086722233028,0.0,0.0,28.791251052953644,0.0,0.0,0.0,0.0,0.0,0.0,0.0,0.0,0.0,0.0,0.0,0.0,0.0,0.0 
 07/21  10:16:00,27.0,42.21305784203083,28.81244852800834,42.21305784203083,0.0,0.0,28.81244852800834,0.0,0.0,0.0,0.0,0.0,0.0,0.0,0.0,0.0,0.0,0.0,0.0,0.0,0.0 
 07/21  10:17:00,27.0,42.21752861771772,28.833631867443344,42.21752861771772,0.0,0.0,28.833631867443344,0.0,0.0,0.0,0.0,0.0,0.0,0.0,0.0,0.0,0.0,0.0,0.0,0.0,0.0 
 07/21  10:18:00,27.0,42.22208669033523,28.85480110319383,42.22208669033523,0.0,0.0,28.85480110319383,0.0,0.0,0.0,0.0,0.0,0.0,0.0,0.0,0.0,0.0,0.0,0.0,0.0,0.0 
 07/21  10:19:00,27.0,42.22672765836474,28.875956201538948,42.22672765836474,0.0,0.0,28.875956201538948,0.0,0.0,0.0,0.0,0.0,0.0,0.0,0.0,0.0,0.0,0.0,0.0,0.0,0.0 
 07/21  10:20:00,27.0,42.23145353658212,28.89709732641711,42.23145353658212,0.0,0.0,28.89709732641711,0.0,0.0,0.0,0.0,0.0,0.0,0.0,0.0,0.0,0.0,0.0,0.0,0.0,0.0 
 07/21  10:21:00,27.0,42.23626000941946,28.91822464294235,42.23626000941946,0.0,0.0,28.91822464294235,0.0,0.0,0.0,0.0,0.0,0.0,0.0,0.0,0.0,0.0,0.0,0.0,0.0,0.0 
 07/21  10:22:00,27.0,42.24114904773984,28.93933819992326,42.24114904773984,0.0,0.0,28.93933819992326,0.0,0.0,0.0,0.0,0.0,0.0,0.0,0.0,0.0,0.0,0.0,0.0,0.0,0.0 
 07/21  10:23:00,27.0,42.24611646549032,28.960438212493294,42.24611646549032,0.0,0.0,28.960438212493294,0.0,0.0,0.0,0.0,0.0,0.0,0.0,0.0,0.0,0.0,0.0,0.0,0.0,0.0 
 07/21  10:24:00,27.0,42.251164244130564,28.981524846781152,42.251164244130564,0.0,0.0,28.981524846781152,0.0,0.0,0.0,0.0,0.0,0.0,0.0,0.0,0.0,0.0,0.0,0.0,0.0,0.0 
 07/21  10:25:00,27.0,42.25628834860422,29.002598133465877,42.25628834860422,0.0,0.0,29.002598133465877,0.0,0.0,0.0,0.0,0.0,0.0,0.0,0.0,0.0,0.0,0.0,0.0,0.0,0.0 
 07/21  10:26:00,27.0,42.26149080326985,29.02365822130952,42.26149080326985,0.0,0.0,29.02365822130952,0.0,0.0,0.0,0.0,0.0,0.0,0.0,0.0,0.0,0.0,0.0,0.0,0.0,0.0 
 07/21  10:27:00,27.0,42.266767728413605,29.044705202613013,42.266767728413605,0.0,0.0,29.044705202613013,0.0,0.0,0.0,0.0,0.0,0.0,0.0,0.0,0.0,0.0,0.0,0.0,0.0,0.0 
 07/21  10:28:00,27.0,42.27212120441191,29.06573899521061,42.27212120441191,0.0,0.0,29.06573899521061,0.0,0.0,0.0,0.0,0.0,0.0,0.0,0.0,0.0,0.0,0.0,0.0,0.0,0.0 
 07/21  10:29:00,27.0,42.27754749837536,29.086759635404412,42.27754749837536,0.0,0.0,29.086759635404412,0.0,0.0,0.0,0.0,0.0,0.0,0.0,0.0,0.0,0.0,0.0,0.0,0.0,0.0 
 07/21  10:30:00,27.0,42.28304874436081,29.10776706569884,42.28304874436081,0.0,0.0,29.10776706569884,0.0,0.0,0.0,0.0,0.0,0.0,0.0,0.0,0.0,0.0,0.0,0.0,0.0,0.0 
 07/21  10:31:00,27.0,42.28862133923236,29.12876106605439,42.28862133923236,0.0,0.0,29.12876106605439,0.0,0.0,0.0,0.0,0.0,0.0,0.0,0.0,0.0,0.0,0.0,0.0,0.0,0.0 
 07/21  10:32:00,27.0,42.29426745707678,29.14974150010182,42.29426745707678,0.0,0.0,29.14974150010182,0.0,0.0,0.0,0.0,0.0,0.0,0.0,0.0,0.0,0.0,0.0,0.0,0.0,0.0 
 07/21  10:33:00,27.0,42.29998360283154,29.170708161997712,42.29998360283154,0.0,0.0,29.170708161997712,0.0,0.0,0.0,0.0,0.0,0.0,0.0,0.0,0.0,0.0,0.0,0.0,0.0,0.0 
 07/21  10:34:00,27.0,42.305771969635686,29.191660659320473,42.305771969635686,0.0,0.0,29.191660659320473,0.0,0.0,0.0,0.0,0.0,0.0,0.0,0.0,0.0,0.0,0.0,0.0,0.0,0.0 
 07/21  10:35:00,27.0,42.311629147476026,29.212598713712858,42.311629147476026,0.0,0.0,29.212598713712858,0.0,0.0,0.0,0.0,0.0,0.0,0.0,0.0,0.0,0.0,0.0,0.0,0.0,0.0 
 07/21  10:36:00,27.0,42.317557323764106,29.23352194962928,42.317557323764106,0.0,0.0,29.23352194962928,0.0,0.0,0.0,0.0,0.0,0.0,0.0,0.0,0.0,0.0,0.0,0.0,0.0,0.0 
 07/21  10:37:00,27.0,42.32355315167625,29.254429843972428,42.32355315167625,0.0,0.0,29.254429843972428,0.0,0.0,0.0,0.0,0.0,0.0,0.0,0.0,0.0,0.0,0.0,0.0,0.0,0.0 
 07/21  10:38:00,27.0,42.3296187872505,29.2753219512609,42.3296187872505,0.0,0.0,29.2753219512609,0.0,0.0,0.0,0.0,0.0,0.0,0.0,0.0,0.0,0.0,0.0,0.0,0.0,0.0 
 07/21  10:39:00,27.0,42.33575092792978,29.296197772457703,42.33575092792978,0.0,0.0,29.296197772457703,0.0,0.0,0.0,0.0,0.0,0.0,0.0,0.0,0.0,0.0,0.0,0.0,0.0,0.0 
 07/21  10:40:00,27.0,42.34195167411714,29.317056626222964,42.34195167411714,0.0,0.0,29.317056626222964,0.0,0.0,0.0,0.0,0.0,0.0,0.0,0.0,0.0,0.0,0.0,0.0,0.0,0.0 
 07/21  10:41:00,27.0,42.34821775260166,29.337897953535002,42.34821775260166,0.0,0.0,29.337897953535002,0.0,0.0,0.0,0.0,0.0,0.0,0.0,0.0,0.0,0.0,0.0,0.0,0.0,0.0 
 07/21  10:42:00,27.0,42.3545511867492,29.358721097225835,42.3545511867492,0.0,0.0,29.358721097225835,0.0,0.0,0.0,0.0,0.0,0.0,0.0,0.0,0.0,0.0,0.0,0.0,0.0,0.0 
 07/21  10:43:00,27.0,42.36094872217191,29.379525275382388,42.36094872217191,0.0,0.0,29.379525275382388,0.0,0.0,0.0,0.0,0.0,0.0,0.0,0.0,0.0,0.0,0.0,0.0,0.0,0.0 
 07/21  10:44:00,27.0,42.367412287351236,29.400309774224638,42.367412287351236,0.0,0.0,29.400309774224638,0.0,0.0,0.0,0.0,0.0,0.0,0.0,0.0,0.0,0.0,0.0,0.0,0.0,0.0 
 07/21  10:45:00,27.0,42.37393864042745,29.421073849948908,42.37393864042745,0.0,0.0,29.421073849948908,0.0,0.0,0.0,0.0,0.0,0.0,0.0,0.0,0.0,0.0,0.0,0.0,0.0,0.0 
 07/21  10:46:00,27.0,42.380529600798326,29.44181658429166,42.380529600798326,0.0,0.0,29.44181658429166,0.0,0.0,0.0,0.0,0.0,0.0,0.0,0.0,0.0,0.0,0.0,0.0,0.0,0.0 
 07/21  10:47:00,27.0,42.387181936544636,29.462537200445954,42.387181936544636,0.0,0.0,29.462537200445954,0.0,0.0,0.0,0.0,0.0,0.0,0.0,0.0,0.0,0.0,0.0,0.0,0.0,0.0 
 07/21  10:48:00,27.0,42.39389734721264,29.483234829884907,42.39389734721264,0.0,0.0,29.483234829884907,0.0,0.0,0.0,0.0,0.0,0.0,0.0,0.0,0.0,0.0,0.0,0.0,0.0,0.0 
 07/21  10:49:00,27.0,42.40067261131458,29.503908517244106,42.40067261131458,0.0,0.0,29.503908517244106,0.0,0.0,0.0,0.0,0.0,0.0,0.0,0.0,0.0,0.0,0.0,0.0,0.0,0.0 
 07/21  10:50:00,27.0,42.40750930092317,29.52455736959004,42.40750930092317,0.0,0.0,29.52455736959004,0.0,0.0,0.0,0.0,0.0,0.0,0.0,0.0,0.0,0.0,0.0,0.0,0.0,0.0 
 07/21  10:51:00,27.0,42.414404207964836,29.54518049408489,42.414404207964836,0.0,0.0,29.54518049408489,0.0,0.0,0.0,0.0,0.0,0.0,0.0,0.0,0.0,0.0,0.0,0.0,0.0,0.0 
 07/21  10:52:00,27.0,42.421358772289494,29.565776827196867,42.421358772289494,0.0,0.0,29.565776827196867,0.0,0.0,0.0,0.0,0.0,0.0,0.0,0.0,0.0,0.0,0.0,0.0,0.0,0.0 
 07/21  10:53:00,27.0,42.42836980419323,29.58634545812888,42.42836980419323,0.0,0.0,29.58634545812888,0.0,0.0,0.0,0.0,0.0,0.0,0.0,0.0,0.0,0.0,0.0,0.0,0.0,0.0 
 07/21  10:54:00,27.0,42.43543860911482,29.606885374583456,42.43543860911482,0.0,0.0,29.606885374583456,0.0,0.0,0.0,0.0,0.0,0.0,0.0,0.0,0.0,0.0,0.0,0.0,0.0,0.0 
 07/21  10:55:00,27.0,42.44256202214538,29.627395500481406,42.44256202214538,0.0,0.0,29.627395500481406,0.0,0.0,0.0,0.0,0.0,0.0,0.0,0.0,0.0,0.0,0.0,0.0,0.0,0.0 
 07/21  10:56:00,27.0,42.44974121422102,29.647874797085336,42.44974121422102,0.0,0.0,29.647874797085336,0.0,0.0,0.0,0.0,0.0,0.0,0.0,0.0,0.0,0.0,0.0,0.0,0.0,0.0 
 07/21  10:57:00,27.0,42.456973052566454,29.66832224444407,42.456973052566454,0.0,0.0,29.66832224444407,0.0,0.0,0.0,0.0,0.0,0.0,0.0,0.0,0.0,0.0,0.0,0.0,0.0,0.0 
 07/21  10:58:00,27.0,42.464258574948886,29.68873664929819,42.464258574948886,0.0,0.0,29.68873664929819,0.0,0.0,0.0,0.0,0.0,0.0,0.0,0.0,0.0,0.0,0.0,0.0,0.0,0.0 
 07/21  10:59:00,27.0,42.471594688360916,29.709116984392296,42.471594688360916,0.0,0.0,29.709116984392296,0.0,0.0,0.0,0.0,0.0,0.0,0.0,0.0,0.0,0.0,0.0,0.0,0.0,0.0 
 07/21  11:00:00,27.0,42.47898229941703,29.72946212048365,42.47898229941703,0.0,0.0,29.72946212048365,0.0,0.0,0.0,0.0,0.0,0.0,0.0,0.0,0.0,0.0,0.0,0.0,0.0,0.0,49104000.0 
 07/21  11:01:00,28.5,42.48655322368231,29.750043805293,42.48655322368231,0.0,0.0,29.750043805293,0.0,0.0,0.0,0.0,0.0,0.0,0.0,0.0,0.0,0.0,0.0,0.0,0.0,0.0 
 07/21  11:02:00,28.5,42.49423274327432,29.77075466012837,42.49423274327432,0.0,0.0,29.77075466012837,0.0,0.0,0.0,0.0,0.0,0.0,0.0,0.0,0.0,0.0,0.0,0.0,0.0,0.0 
 07/21  11:03:00,28.5,42.501945165549635,29.79147510672773,42.501945165549635,0.0,0.0,29.79147510672773,0.0,0.0,0.0,0.0,0.0,0.0,0.0,0.0,0.0,0.0,0.0,0.0,0.0,0.0 
 07/21  11:04:00,28.5,42.50966417465758,29.812147797912132,42.50966417465758,0.0,0.0,29.812147797912132,0.0,0.0,0.0,0.0,0.0,0.0,0.0,0.0,0.0,0.0,0.0,0.0,0.0,0.0 
 07/21  11:05:00,28.5,42.51738868436488,29.832757901044918,42.51738868436488,0.0,0.0,29.832757901044918,0.0,0.0,0.0,0.0,0.0,0.0,0.0,0.0,0.0,0.0,0.0,0.0,0.0,0.0 
 07/21  11:06:00,28.5,42.525129930946576,29.85330610908063,42.525129930946576,0.0,0.0,29.85330610908063,0.0,0.0,0.0,0.0,0.0,0.0,0.0,0.0,0.0,0.0,0.0,0.0,0.0,0.0 
 07/21  11:07:00,28.5,42.532894528503014,29.873795305878225,42.532894528503014,0.0,0.0,29.873795305878225,0.0,0.0,0.0,0.0,0.0,0.0,0.0,0.0,0.0,0.0,0.0,0.0,0.0,0.0 
 07/21  11:08:00,28.5,42.540688959860724,29.8942269215011,42.540688959860724,0.0,0.0,29.8942269215011,0.0,0.0,0.0,0.0,0.0,0.0,0.0,0.0,0.0,0.0,0.0,0.0,0.0,0.0 
 07/21  11:09:00,28.5,42.54851394330821,29.914601135681142,42.54851394330821,0.0,0.0,29.914601135681142,0.0,0.0,0.0,0.0,0.0,0.0,0.0,0.0,0.0,0.0,0.0,0.0,0.0,0.0 
 07/21  11:10:00,28.5,42.55637189151349,29.934917433463127,42.55637189151349,0.0,0.0,29.934917433463127,0.0,0.0,0.0,0.0,0.0,0.0,0.0,0.0,0.0,0.0,0.0,0.0,0.0,0.0 
 07/21  11:11:00,28.5,42.564261571481104,29.95517544879109,42.564261571481104,0.0,0.0,29.95517544879109,0.0,0.0,0.0,0.0,0.0,0.0,0.0,0.0,0.0,0.0,0.0,0.0,0.0,0.0 
 07/21  11:12:00,28.5,42.572184294639776,29.975374843306103,42.572184294639776,0.0,0.0,29.975374843306103,0.0,0.0,0.0,0.0,0.0,0.0,0.0,0.0,0.0,0.0,0.0,0.0,0.0,0.0 
 07/21  11:13:00,28.5,42.58013833692359,29.995515461893344,42.58013833692359,0.0,0.0,29.995515461893344,0.0,0.0,0.0,0.0,0.0,0.0,0.0,0.0,0.0,0.0,0.0,0.0,0.0,0.0 
 07/21  11:14:00,28.5,42.588124477612645,30.015597287745344,42.588124477612645,0.0,0.0,30.015597287745344,0.0,0.0,0.0,0.0,0.0,0.0,0.0,0.0,0.0,0.0,0.0,0.0,0.0,0.0 
 07/21  11:15:00,28.5,42.59614072525916,30.035620505226838,42.59614072525916,0.0,0.0,30.035620505226838,0.0,0.0,0.0,0.0,0.0,0.0,0.0,0.0,0.0,0.0,0.0,0.0,0.0,0.0 
 07/21  11:16:00,28.5,42.60418748284749,30.055585237429494,42.60418748284749,0.0,0.0,30.055585237429494,0.0,0.0,0.0,0.0,0.0,0.0,0.0,0.0,0.0,0.0,0.0,0.0,0.0,0.0 
 07/21  11:17:00,28.5,42.61226263320124,30.075491879643952,42.61226263320124,0.0,0.0,30.075491879643952,0.0,0.0,0.0,0.0,0.0,0.0,0.0,0.0,0.0,0.0,0.0,0.0,0.0,0.0 
 07/21  11:18:00,28.5,42.620366350999035,30.095340785976784,42.620366350999035,0.0,0.0,30.095340785976784,0.0,0.0,0.0,0.0,0.0,0.0,0.0,0.0,0.0,0.0,0.0,0.0,0.0,0.0 
 07/21  11:19:00,28.5,42.62849650962041,30.115132395187423,42.62849650962041,0.0,0.0,30.115132395187423,0.0,0.0,0.0,0.0,0.0,0.0,0.0,0.0,0.0,0.0,0.0,0.0,0.0,0.0 
 07/21  11:20:00,28.5,42.63665316601408,30.134867172952895,42.63665316601408,0.0,0.0,30.134867172952895,0.0,0.0,0.0,0.0,0.0,0.0,0.0,0.0,0.0,0.0,0.0,0.0,0.0,0.0 
 07/21  11:21:00,28.5,42.64483425707787,30.15454568723502,42.64483425707787,0.0,0.0,30.15454568723502,0.0,0.0,0.0,0.0,0.0,0.0,0.0,0.0,0.0,0.0,0.0,0.0,0.0,0.0 
 07/21  11:22:00,28.5,42.65303979713669,30.174168352687314,42.65303979713669,0.0,0.0,30.174168352687314,0.0,0.0,0.0,0.0,0.0,0.0,0.0,0.0,0.0,0.0,0.0,0.0,0.0,0.0 
 07/21  11:23:00,28.5,42.66126782947269,30.193735755320066,42.66126782947269,0.0,0.0,30.193735755320066,0.0,0.0,0.0,0.0,0.0,0.0,0.0,0.0,0.0,0.0,0.0,0.0,0.0,0.0 
 07/21  11:24:00,28.5,42.66951837620629,30.213248353227485,42.66951837620629,0.0,0.0,30.213248353227485,0.0,0.0,0.0,0.0,0.0,0.0,0.0,0.0,0.0,0.0,0.0,0.0,0.0,0.0 
 07/21  11:25:00,28.5,42.67778960925322,30.232706604268106,42.67778960925322,0.0,0.0,30.232706604268106,0.0,0.0,0.0,0.0,0.0,0.0,0.0,0.0,0.0,0.0,0.0,0.0,0.0,0.0 
 07/21  11:26:00,28.5,42.6860815887676,30.252110918203527,42.6860815887676,0.0,0.0,30.252110918203527,0.0,0.0,0.0,0.0,0.0,0.0,0.0,0.0,0.0,0.0,0.0,0.0,0.0,0.0 
 07/21  11:27:00,28.5,42.69439262161396,30.27146173511299,42.69439262161396,0.0,0.0,30.27146173511299,0.0,0.0,0.0,0.0,0.0,0.0,0.0,0.0,0.0,0.0,0.0,0.0,0.0,0.0 
 07/21  11:28:00,28.5,42.70272281878678,30.29075929106469,42.70272281878678,0.0,0.0,30.29075929106469,0.0,0.0,0.0,0.0,0.0,0.0,0.0,0.0,0.0,0.0,0.0,0.0,0.0,0.0 
 07/21  11:29:00,28.5,42.711070616356096,30.3100039326686,42.711070616356096,0.0,0.0,30.3100039326686,0.0,0.0,0.0,0.0,0.0,0.0,0.0,0.0,0.0,0.0,0.0,0.0,0.0,0.0 
 07/21  11:30:00,28.5,42.71943617484673,30.32919584178504,42.71943617484673,0.0,0.0,30.32919584178504,0.0,0.0,0.0,0.0,0.0,0.0,0.0,0.0,0.0,0.0,0.0,0.0,0.0,0.0 
 07/21  11:31:00,28.5,42.727818045648746,30.348335158766492,42.727818045648746,0.0,0.0,30.348335158766492,0.0,0.0,0.0,0.0,0.0,0.0,0.0,0.0,0.0,0.0,0.0,0.0,0.0,0.0 
 07/21  11:32:00,28.5,42.73621642721242,30.367421944938144,42.73621642721242,0.0,0.0,30.367421944938144,0.0,0.0,0.0,0.0,0.0,0.0,0.0,0.0,0.0,0.0,0.0,0.0,0.0,0.0 
 07/21  11:33:00,28.5,42.744629967907734,30.386456256038343,42.744629967907734,0.0,0.0,30.386456256038343,0.0,0.0,0.0,0.0,0.0,0.0,0.0,0.0,0.0,0.0,0.0,0.0,0.0,0.0 
 07/21  11:34:00,28.5,42.753058886010855,30.4054379255959,42.753058886010855,0.0,0.0,30.4054379255959,0.0,0.0,0.0,0.0,0.0,0.0,0.0,0.0,0.0,0.0,0.0,0.0,0.0,0.0 
 07/21  11:35:00,28.5,42.76150190719518,30.424366855164656,42.76150190719518,0.0,0.0,30.424366855164656,0.0,0.0,0.0,0.0,0.0,0.0,0.0,0.0,0.0,0.0,0.0,0.0,0.0,0.0 
 07/21  11:36:00,28.5,42.769959248303834,30.443242754942002,42.769959248303834,0.0,0.0,30.443242754942002,0.0,0.0,0.0,0.0,0.0,0.0,0.0,0.0,0.0,0.0,0.0,0.0,0.0,0.0 
 07/21  11:37:00,28.5,42.778429693654246,30.462065244503844,42.778429693654246,0.0,0.0,30.462065244503844,0.0,0.0,0.0,0.0,0.0,0.0,0.0,0.0,0.0,0.0,0.0,0.0,0.0,0.0 
 07/21  11:38:00,28.5,42.78691343686097,30.480833798442998,42.78691343686097,0.0,0.0,30.480833798442998,0.0,0.0,0.0,0.0,0.0,0.0,0.0,0.0,0.0,0.0,0.0,0.0,0.0,0.0 
 07/21  11:39:00,28.5,42.79540930479315,30.49954776516583,42.79540930479315,0.0,0.0,30.49954776516583,0.0,0.0,0.0,0.0,0.0,0.0,0.0,0.0,0.0,0.0,0.0,0.0,0.0,0.0 
 07/21  11:40:00,28.5,42.80391744735027,30.518206057198018,42.80391744735027,0.0,0.0,30.518206057198018,0.0,0.0,0.0,0.0,0.0,0.0,0.0,0.0,0.0,0.0,0.0,0.0,0.0,0.0 
 07/21  11:41:00,28.5,42.812436721259324,30.53680693618012,42.812436721259324,0.0,0.0,30.53680693618012,0.0,0.0,0.0,0.0,0.0,0.0,0.0,0.0,0.0,0.0,0.0,0.0,0.0,0.0 
 07/21  11:42:00,28.5,42.82096721466824,30.555348162580607,42.82096721466824,0.0,0.0,30.555348162580607,0.0,0.0,0.0,0.0,0.0,0.0,0.0,0.0,0.0,0.0,0.0,0.0,0.0,0.0 
 07/21  11:43:00,28.5,42.82950780513122,30.573830202531063,42.82950780513122,0.0,0.0,30.573830202531063,0.0,0.0,0.0,0.0,0.0,0.0,0.0,0.0,0.0,0.0,0.0,0.0,0.0,0.0 
 07/21  11:44:00,28.5,42.83805850402855,30.592254038358927,42.83805850402855,0.0,0.0,30.592254038358927,0.0,0.0,0.0,0.0,0.0,0.0,0.0,0.0,0.0,0.0,0.0,0.0,0.0,0.0 
 07/21  11:45:00,28.5,42.846618204239505,30.610620494006994,42.846618204239505,0.0,0.0,30.610620494006994,0.0,0.0,0.0,0.0,0.0,0.0,0.0,0.0,0.0,0.0,0.0,0.0,0.0,0.0 
 07/21  11:46:00,28.5,42.855186828532595,30.62892998283752,42.855186828532595,0.0,0.0,30.62892998283752,0.0,0.0,0.0,0.0,0.0,0.0,0.0,0.0,0.0,0.0,0.0,0.0,0.0,0.0 
 07/21  11:47:00,28.5,42.8637632827526,30.64718284718078,42.8637632827526,0.0,0.0,30.64718284718078,0.0,0.0,0.0,0.0,0.0,0.0,0.0,0.0,0.0,0.0,0.0,0.0,0.0,0.0 
 07/21  11:48:00,28.5,42.87234739225666,30.665379231705163,42.87234739225666,0.0,0.0,30.665379231705163,0.0,0.0,0.0,0.0,0.0,0.0,0.0,0.0,0.0,0.0,0.0,0.0,0.0,0.0 
 07/21  11:49:00,28.5,42.88093807612493,30.68351923503525,42.88093807612493,0.0,0.0,30.68351923503525,0.0,0.0,0.0,0.0,0.0,0.0,0.0,0.0,0.0,0.0,0.0,0.0,0.0,0.0 
 07/21  11:50:00,28.5,42.889535056257124,30.701602878036343,42.889535056257124,0.0,0.0,30.701602878036343,0.0,0.0,0.0,0.0,0.0,0.0,0.0,0.0,0.0,0.0,0.0,0.0,0.0,0.0 
 07/21  11:51:00,28.5,42.898137267314844,30.719630194834576,42.898137267314844,0.0,0.0,30.719630194834576,0.0,0.0,0.0,0.0,0.0,0.0,0.0,0.0,0.0,0.0,0.0,0.0,0.0,0.0 
 07/21  11:52:00,28.5,42.90674432407473,30.737601053971886,42.90674432407473,0.0,0.0,30.737601053971886,0.0,0.0,0.0,0.0,0.0,0.0,0.0,0.0,0.0,0.0,0.0,0.0,0.0,0.0 
 07/21  11:53:00,28.5,42.91535518066563,30.755515405972996,42.91535518066563,0.0,0.0,30.755515405972996,0.0,0.0,0.0,0.0,0.0,0.0,0.0,0.0,0.0,0.0,0.0,0.0,0.0,0.0 
 07/21  11:54:00,28.5,42.92396934306098,30.773373073703343,42.92396934306098,0.0,0.0,30.773373073703343,0.0,0.0,0.0,0.0,0.0,0.0,0.0,0.0,0.0,0.0,0.0,0.0,0.0,0.0 
 07/21  11:55:00,28.5,42.9325857897992,30.791173885241328,42.9325857897992,0.0,0.0,30.791173885241328,0.0,0.0,0.0,0.0,0.0,0.0,0.0,0.0,0.0,0.0,0.0,0.0,0.0,0.0 
 07/21  11:56:00,28.5,42.941203917976395,30.808917599810915,42.941203917976395,0.0,0.0,30.808917599810915,0.0,0.0,0.0,0.0,0.0,0.0,0.0,0.0,0.0,0.0,0.0,0.0,0.0,0.0 
 07/21  11:57:00,28.5,42.94982273612485,30.826604019908554,42.94982273612485,0.0,0.0,30.826604019908554,0.0,0.0,0.0,0.0,0.0,0.0,0.0,0.0,0.0,0.0,0.0,0.0,0.0,0.0 
 07/21  11:58:00,28.5,42.95844153364954,30.84423280454389,42.95844153364954,0.0,0.0,30.84423280454389,0.0,0.0,0.0,0.0,0.0,0.0,0.0,0.0,0.0,0.0,0.0,0.0,0.0,0.0 
 07/21  11:59:00,28.5,42.967059354961535,30.861803710132865,42.967059354961535,0.0,0.0,30.861803710132865,0.0,0.0,0.0,0.0,0.0,0.0,0.0,0.0,0.0,0.0,0.0,0.0,0.0,0.0 
 07/21  12:00:00,28.5,42.97567538392055,30.879316379233774,42.97567538392055,0.0,0.0,30.879316379233774,0.0,0.0,0.0,0.0,0.0,0.0,0.0,0.0,0.0,0.0,0.0,0.0,0.0,0.0,49104000.0 
 07/21  12:01:00,28.8,42.98431939388035,30.89683204797303,42.98431939388035,0.0,0.0,30.89683204797303,0.0,0.0,0.0,0.0,0.0,0.0,0.0,0.0,0.0,0.0,0.0,0.0,0.0,0.0 
 07/21  12:02:00,28.8,42.992973263892836,30.914326439841634,42.992973263892836,0.0,0.0,30.914326439841634,0.0,0.0,0.0,0.0,0.0,0.0,0.0,0.0,0.0,0.0,0.0,0.0,0.0,0.0 
 07/21  12:03:00,28.8,43.0016195776635,30.931772560722543,43.0016195776635,0.0,0.0,30.931772560722543,0.0,0.0,0.0,0.0,0.0,0.0,0.0,0.0,0.0,0.0,0.0,0.0,0.0,0.0 
 07/21  12:04:00,28.8,43.0102511914069,30.949157315711457,43.0102511914069,0.0,0.0,30.949157315711457,0.0,0.0,0.0,0.0,0.0,0.0,0.0,0.0,0.0,0.0,0.0,0.0,0.0,0.0 
 07/21  12:05:00,28.8,43.018867728708365,30.966477231276652,43.018867728708365,0.0,0.0,30.966477231276652,0.0,0.0,0.0,0.0,0.0,0.0,0.0,0.0,0.0,0.0,0.0,0.0,0.0,0.0 
 07/21  12:06:00,28.8,43.02747052544111,30.983732242133375,43.02747052544111,0.0,0.0,30.983732242133375,0.0,0.0,0.0,0.0,0.0,0.0,0.0,0.0,0.0,0.0,0.0,0.0,0.0,0.0 
 07/21  12:07:00,28.8,43.036060990092416,31.000922833333934,43.036060990092416,0.0,0.0,31.000922833333934,0.0,0.0,0.0,0.0,0.0,0.0,0.0,0.0,0.0,0.0,0.0,0.0,0.0,0.0 
 07/21  12:08:00,28.8,43.04463930139595,31.018049095414348,43.04463930139595,0.0,0.0,31.018049095414348,0.0,0.0,0.0,0.0,0.0,0.0,0.0,0.0,0.0,0.0,0.0,0.0,0.0,0.0 
 07/21  12:09:00,28.8,43.05320556480901,31.035110908791292,43.05320556480901,0.0,0.0,31.035110908791292,0.0,0.0,0.0,0.0,0.0,0.0,0.0,0.0,0.0,0.0,0.0,0.0,0.0,0.0 
 07/21  12:10:00,28.8,43.06175896851732,31.05210793348616,43.06175896851732,0.0,0.0,31.05210793348616,0.0,0.0,0.0,0.0,0.0,0.0,0.0,0.0,0.0,0.0,0.0,0.0,0.0,0.0 
 07/21  12:11:00,28.8,43.07029922181238,31.069039939803258,43.07029922181238,0.0,0.0,31.069039939803258,0.0,0.0,0.0,0.0,0.0,0.0,0.0,0.0,0.0,0.0,0.0,0.0,0.0,0.0 
 07/21  12:12:00,28.8,43.078825205352096,31.085906647944455,43.078825205352096,0.0,0.0,31.085906647944455,0.0,0.0,0.0,0.0,0.0,0.0,0.0,0.0,0.0,0.0,0.0,0.0,0.0,0.0 
 07/21  12:13:00,28.8,43.087336568717696,31.102707896119323,43.087336568717696,0.0,0.0,31.102707896119323,0.0,0.0,0.0,0.0,0.0,0.0,0.0,0.0,0.0,0.0,0.0,0.0,0.0,0.0 
 07/21  12:14:00,28.8,43.09583202031219,31.119443490481135,43.09583202031219,0.0,0.0,31.119443490481135,0.0,0.0,0.0,0.0,0.0,0.0,0.0,0.0,0.0,0.0,0.0,0.0,0.0,0.0 
 07/21  12:15:00,28.8,43.10431120422556,31.136113346348566,43.10431120422556,0.0,0.0,31.136113346348566,0.0,0.0,0.0,0.0,0.0,0.0,0.0,0.0,0.0,0.0,0.0,0.0,0.0,0.0 
 07/21  12:16:00,28.8,43.11277269991808,31.15271729105993,43.11277269991808,0.0,0.0,31.15271729105993,0.0,0.0,0.0,0.0,0.0,0.0,0.0,0.0,0.0,0.0,0.0,0.0,0.0,0.0 
 07/21  12:17:00,28.8,43.12121618238964,31.169255238600613,43.12121618238964,0.0,0.0,31.169255238600613,0.0,0.0,0.0,0.0,0.0,0.0,0.0,0.0,0.0,0.0,0.0,0.0,0.0,0.0 
 07/21  12:18:00,28.8,43.12964014639302,31.185726975760335,43.12964014639302,0.0,0.0,31.185726975760335,0.0,0.0,0.0,0.0,0.0,0.0,0.0,0.0,0.0,0.0,0.0,0.0,0.0,0.0 
 07/21  12:19:00,28.8,43.138044329153914,31.202132262407027,43.138044329153914,0.0,0.0,31.202132262407027,0.0,0.0,0.0,0.0,0.0,0.0,0.0,0.0,0.0,0.0,0.0,0.0,0.0,0.0 
 07/21  12:20:00,28.8,43.14642717820306,31.21847057287225,43.14642717820306,0.0,0.0,31.21847057287225,0.0,0.0,0.0,0.0,0.0,0.0,0.0,0.0,0.0,0.0,0.0,0.0,0.0,0.0 
 07/21  12:21:00,28.8,43.15478851420602,31.23474072688902,43.15478851420602,0.0,0.0,31.23474072688902,0.0,0.0,0.0,0.0,0.0,0.0,0.0,0.0,0.0,0.0,0.0,0.0,0.0,0.0 
 07/21  12:22:00,28.8,43.16312676687649,31.250941501575962,43.16312676687649,0.0,0.0,31.250941501575962,0.0,0.0,0.0,0.0,0.0,0.0,0.0,0.0,0.0,0.0,0.0,0.0,0.0,0.0 
 07/21  12:23:00,28.8,43.17144185322507,31.267073979861575,43.17144185322507,0.0,0.0,31.267073979861575,0.0,0.0,0.0,0.0,0.0,0.0,0.0,0.0,0.0,0.0,0.0,0.0,0.0,0.0 
 07/21  12:24:00,28.8,43.17973220708773,31.283139641463716,43.17973220708773,0.0,0.0,31.283139641463716,0.0,0.0,0.0,0.0,0.0,0.0,0.0,0.0,0.0,0.0,0.0,0.0,0.0,0.0 
 07/21  12:25:00,28.8,43.187997847620856,31.299139867014492,43.187997847620856,0.0,0.0,31.299139867014492,0.0,0.0,0.0,0.0,0.0,0.0,0.0,0.0,0.0,0.0,0.0,0.0,0.0,0.0 
 07/21  12:26:00,28.8,43.19623722712745,31.315075752873476,43.19623722712745,0.0,0.0,31.315075752873476,0.0,0.0,0.0,0.0,0.0,0.0,0.0,0.0,0.0,0.0,0.0,0.0,0.0,0.0 
 07/21  12:27:00,28.8,43.20445046638608,31.33094832006161,43.20445046638608,0.0,0.0,31.33094832006161,0.0,0.0,0.0,0.0,0.0,0.0,0.0,0.0,0.0,0.0,0.0,0.0,0.0,0.0 
 07/21  12:28:00,28.8,43.21263604351082,31.346758446338995,43.21263604351082,0.0,0.0,31.346758446338995,0.0,0.0,0.0,0.0,0.0,0.0,0.0,0.0,0.0,0.0,0.0,0.0,0.0,0.0 
 07/21  12:29:00,28.8,43.220794175432594,31.3625070496179,43.220794175432594,0.0,0.0,31.3625070496179,0.0,0.0,0.0,0.0,0.0,0.0,0.0,0.0,0.0,0.0,0.0,0.0,0.0,0.0 
 07/21  12:30:00,28.8,43.22892336827028,31.378194956124208,43.22892336827028,0.0,0.0,31.378194956124208,0.0,0.0,0.0,0.0,0.0,0.0,0.0,0.0,0.0,0.0,0.0,0.0,0.0,0.0 
 07/21  12:31:00,28.8,43.237023926679136,31.393823048210756,43.237023926679136,0.0,0.0,31.393823048210756,0.0,0.0,0.0,0.0,0.0,0.0,0.0,0.0,0.0,0.0,0.0,0.0,0.0,0.0 
 07/21  12:32:00,28.8,43.24509438448553,31.40939212520018,43.24509438448553,0.0,0.0,31.40939212520018,0.0,0.0,0.0,0.0,0.0,0.0,0.0,0.0,0.0,0.0,0.0,0.0,0.0,0.0 
 07/21  12:33:00,28.8,43.253135124800664,31.424903052806663,43.253135124800664,0.0,0.0,31.424903052806663,0.0,0.0,0.0,0.0,0.0,0.0,0.0,0.0,0.0,0.0,0.0,0.0,0.0,0.0 
 07/21  12:34:00,28.8,43.261144709028414,31.44035661573712,43.261144709028414,0.0,0.0,31.44035661573712,0.0,0.0,0.0,0.0,0.0,0.0,0.0,0.0,0.0,0.0,0.0,0.0,0.0,0.0 
 07/21  12:35:00,28.8,43.26912359031381,31.45575367073238,43.26912359031381,0.0,0.0,31.45575367073238,0.0,0.0,0.0,0.0,0.0,0.0,0.0,0.0,0.0,0.0,0.0,0.0,0.0,0.0 
 07/21  12:36:00,28.8,43.277070359609176,31.471094997954836,43.277070359609176,0.0,0.0,31.471094997954836,0.0,0.0,0.0,0.0,0.0,0.0,0.0,0.0,0.0,0.0,0.0,0.0,0.0,0.0 
 07/21  12:37:00,28.8,43.284985533405816,31.486381456146837,43.284985533405816,0.0,0.0,31.486381456146837,0.0,0.0,0.0,0.0,0.0,0.0,0.0,0.0,0.0,0.0,0.0,0.0,0.0,0.0 
 07/21  12:38:00,28.8,43.29286773712546,31.501613826666954,43.29286773712546,0.0,0.0,31.501613826666954,0.0,0.0,0.0,0.0,0.0,0.0,0.0,0.0,0.0,0.0,0.0,0.0,0.0,0.0 
 07/21  12:39:00,28.8,43.30071754568277,31.516792971477557,43.30071754568277,0.0,0.0,31.516792971477557,0.0,0.0,0.0,0.0,0.0,0.0,0.0,0.0,0.0,0.0,0.0,0.0,0.0,0.0 
 07/21  12:40:00,28.8,43.308533626645286,31.53191967878224,43.308533626645286,0.0,0.0,31.53191967878224,0.0,0.0,0.0,0.0,0.0,0.0,0.0,0.0,0.0,0.0,0.0,0.0,0.0,0.0 
 07/21  12:41:00,28.8,43.31631660955245,31.54699481345713,43.31631660955245,0.0,0.0,31.54699481345713,0.0,0.0,0.0,0.0,0.0,0.0,0.0,0.0,0.0,0.0,0.0,0.0,0.0,0.0 
 07/21  12:42:00,28.8,43.32406521359706,31.562019164592094,43.32406521359706,0.0,0.0,31.562019164592094,0.0,0.0,0.0,0.0,0.0,0.0,0.0,0.0,0.0,0.0,0.0,0.0,0.0,0.0 
 07/21  12:43:00,28.8,43.33178011924512,31.576993605190445,43.33178011924512,0.0,0.0,31.576993605190445,0.0,0.0,0.0,0.0,0.0,0.0,0.0,0.0,0.0,0.0,0.0,0.0,0.0,0.0 
 07/21  12:44:00,28.8,43.33946010723018,31.59191892590661,43.33946010723018,0.0,0.0,31.59191892590661,0.0,0.0,0.0,0.0,0.0,0.0,0.0,0.0,0.0,0.0,0.0,0.0,0.0,0.0 
 07/21  12:45:00,28.8,43.347105904184986,31.6067959987152,43.347105904184986,0.0,0.0,31.6067959987152,0.0,0.0,0.0,0.0,0.0,0.0,0.0,0.0,0.0,0.0,0.0,0.0,0.0,0.0 
 07/21  12:46:00,28.8,43.354716361221556,31.62162561974418,43.354716361221556,0.0,0.0,31.62162561974418,0.0,0.0,0.0,0.0,0.0,0.0,0.0,0.0,0.0,0.0,0.0,0.0,0.0,0.0 
 07/21  12:47:00,28.8,43.36229224414969,31.636408658647298,43.36229224414969,0.0,0.0,31.636408658647298,0.0,0.0,0.0,0.0,0.0,0.0,0.0,0.0,0.0,0.0,0.0,0.0,0.0,0.0 
 07/21  12:48:00,28.8,43.3698324806945,31.651145905146517,43.3698324806945,0.0,0.0,31.651145905146517,0.0,0.0,0.0,0.0,0.0,0.0,0.0,0.0,0.0,0.0,0.0,0.0,0.0,0.0 
 07/21  12:49:00,28.8,43.37733786544263,31.66583823241466,43.37733786544263,0.0,0.0,31.66583823241466,0.0,0.0,0.0,0.0,0.0,0.0,0.0,0.0,0.0,0.0,0.0,0.0,0.0,0.0 
 07/21  12:50:00,28.8,43.38480740479499,31.68048642502573,43.38480740479499,0.0,0.0,31.68048642502573,0.0,0.0,0.0,0.0,0.0,0.0,0.0,0.0,0.0,0.0,0.0,0.0,0.0,0.0 
 07/21  12:51:00,28.8,43.39224190691922,31.695091346717668,43.39224190691922,0.0,0.0,31.695091346717668,0.0,0.0,0.0,0.0,0.0,0.0,0.0,0.0,0.0,0.0,0.0,0.0,0.0,0.0 
 07/21  12:52:00,28.8,43.39964045288716,31.70965378178274,43.39964045288716,0.0,0.0,31.70965378178274,0.0,0.0,0.0,0.0,0.0,0.0,0.0,0.0,0.0,0.0,0.0,0.0,0.0,0.0 
 07/21  12:53:00,28.8,43.40700384237625,31.724174584101547,43.40700384237625,0.0,0.0,31.724174584101547,0.0,0.0,0.0,0.0,0.0,0.0,0.0,0.0,0.0,0.0,0.0,0.0,0.0,0.0 
 07/21  12:54:00,28.8,43.41433121811491,31.73865452303105,43.41433121811491,0.0,0.0,31.73865452303105,0.0,0.0,0.0,0.0,0.0,0.0,0.0,0.0,0.0,0.0,0.0,0.0,0.0,0.0 
 07/21  12:55:00,28.8,43.4216233384594,31.75309444932268,43.4216233384594,0.0,0.0,31.75309444932268,0.0,0.0,0.0,0.0,0.0,0.0,0.0,0.0,0.0,0.0,0.0,0.0,0.0,0.0 
 07/21  12:56:00,28.8,43.42887938009058,31.767495119485435,43.42887938009058,0.0,0.0,31.767495119485435,0.0,0.0,0.0,0.0,0.0,0.0,0.0,0.0,0.0,0.0,0.0,0.0,0.0,0.0 
 07/21  12:57:00,28.8,43.43610000804892,31.781857366281777,43.43610000804892,0.0,0.0,31.781857366281777,0.0,0.0,0.0,0.0,0.0,0.0,0.0,0.0,0.0,0.0,0.0,0.0,0.0,0.0 
 07/21  12:58:00,28.8,43.44328437767979,31.796181939064542,43.44328437767979,0.0,0.0,31.796181939064542,0.0,0.0,0.0,0.0,0.0,0.0,0.0,0.0,0.0,0.0,0.0,0.0,0.0,0.0 
 07/21  12:59:00,28.8,43.450432968771004,31.81046965310989,43.450432968771004,0.0,0.0,31.81046965310989,0.0,0.0,0.0,0.0,0.0,0.0,0.0,0.0,0.0,0.0,0.0,0.0,0.0,0.0 
 07/21  13:00:00,28.8,43.457544797908,31.824721234856735,43.457544797908,0.0,0.0,31.824721234856735,0.0,0.0,0.0,0.0,0.0,0.0,0.0,0.0,0.0,0.0,0.0,0.0,0.0,0.0,49104000.0 
 07/21  13:01:00,29.1,43.46465030016147,31.83899820395428,43.46465030016147,0.0,0.0,31.83899820395428,0.0,0.0,0.0,0.0,0.0,0.0,0.0,0.0,0.0,0.0,0.0,0.0,0.0,0.0 
 07/21  13:02:00,29.1,43.47173137209101,31.853277718775384,43.47173137209101,0.0,0.0,31.853277718775384,0.0,0.0,0.0,0.0,0.0,0.0,0.0,0.0,0.0,0.0,0.0,0.0,0.0,0.0 
 07/21  13:03:00,29.1,43.478771039791376,31.867534263691113,43.478771039791376,0.0,0.0,31.867534263691113,0.0,0.0,0.0,0.0,0.0,0.0,0.0,0.0,0.0,0.0,0.0,0.0,0.0,0.0 
 07/21  13:04:00,29.1,43.48576028284599,31.88175606672549,43.48576028284599,0.0,0.0,31.88175606672549,0.0,0.0,0.0,0.0,0.0,0.0,0.0,0.0,0.0,0.0,0.0,0.0,0.0,0.0 
 07/21  13:05:00,29.1,43.492694359908704,31.89594080590268,43.492694359908704,0.0,0.0,31.89594080590268,0.0,0.0,0.0,0.0,0.0,0.0,0.0,0.0,0.0,0.0,0.0,0.0,0.0,0.0 
 07/21  13:06:00,29.1,43.499564705040235,31.910089532912814,43.499564705040235,0.0,0.0,31.910089532912814,0.0,0.0,0.0,0.0,0.0,0.0,0.0,0.0,0.0,0.0,0.0,0.0,0.0,0.0 
 07/21  13:07:00,29.1,43.50638312375533,31.924203864937816,43.50638312375533,0.0,0.0,31.924203864937816,0.0,0.0,0.0,0.0,0.0,0.0,0.0,0.0,0.0,0.0,0.0,0.0,0.0,0.0 
 07/21  13:08:00,29.1,43.513163477251155,31.93828499824676,43.513163477251155,0.0,0.0,31.93828499824676,0.0,0.0,0.0,0.0,0.0,0.0,0.0,0.0,0.0,0.0,0.0,0.0,0.0,0.0 
 07/21  13:09:00,29.1,43.51991678957437,31.952333913732765,43.51991678957437,0.0,0.0,31.952333913732765,0.0,0.0,0.0,0.0,0.0,0.0,0.0,0.0,0.0,0.0,0.0,0.0,0.0,0.0 
 07/21  13:10:00,29.1,43.52664947261344,31.966351391747075,43.52664947261344,0.0,0.0,31.966351391747075,0.0,0.0,0.0,0.0,0.0,0.0,0.0,0.0,0.0,0.0,0.0,0.0,0.0,0.0 
 07/21  13:11:00,29.1,43.53336595157784,31.98033827283855,43.53336595157784,0.0,0.0,31.98033827283855,0.0,0.0,0.0,0.0,0.0,0.0,0.0,0.0,0.0,0.0,0.0,0.0,0.0,0.0 
 07/21  13:12:00,29.1,43.54006877512892,31.994295340355794,43.54006877512892,0.0,0.0,31.994295340355794,0.0,0.0,0.0,0.0,0.0,0.0,0.0,0.0,0.0,0.0,0.0,0.0,0.0,0.0 
 07/21  13:13:00,29.1,43.54676027628701,32.008223492302335,43.54676027628701,0.0,0.0,32.008223492302335,0.0,0.0,0.0,0.0,0.0,0.0,0.0,0.0,0.0,0.0,0.0,0.0,0.0,0.0 
 07/21  13:14:00,29.1,43.55344200655945,32.022123561067374,43.55344200655945,0.0,0.0,32.022123561067374,0.0,0.0,0.0,0.0,0.0,0.0,0.0,0.0,0.0,0.0,0.0,0.0,0.0,0.0 
 07/21  13:15:00,29.1,43.56011557024108,32.03599647627386,43.56011557024108,0.0,0.0,32.03599647627386,0.0,0.0,0.0,0.0,0.0,0.0,0.0,0.0,0.0,0.0,0.0,0.0,0.0,0.0 
 07/21  13:16:00,29.1,43.56678210655774,32.049843099309896,43.56678210655774,0.0,0.0,32.049843099309896,0.0,0.0,0.0,0.0,0.0,0.0,0.0,0.0,0.0,0.0,0.0,0.0,0.0,0.0 
 07/21  13:17:00,29.1,43.573442783396594,32.06366436922995,43.573442783396594,0.0,0.0,32.06366436922995,0.0,0.0,0.0,0.0,0.0,0.0,0.0,0.0,0.0,0.0,0.0,0.0,0.0,0.0 
 07/21  13:18:00,29.1,43.58009854090123,32.07746114178278,43.58009854090123,0.0,0.0,32.07746114178278,0.0,0.0,0.0,0.0,0.0,0.0,0.0,0.0,0.0,0.0,0.0,0.0,0.0,0.0 
 07/21  13:19:00,29.1,43.586750288176574,32.091234347096666,43.586750288176574,0.0,0.0,32.091234347096666,0.0,0.0,0.0,0.0,0.0,0.0,0.0,0.0,0.0,0.0,0.0,0.0,0.0,0.0 
 07/21  13:20:00,29.1,43.593398916421805,32.104984816484155,43.593398916421805,0.0,0.0,32.104984816484155,0.0,0.0,0.0,0.0,0.0,0.0,0.0,0.0,0.0,0.0,0.0,0.0,0.0,0.0 
 07/21  13:21:00,29.1,43.60004518842215,32.11871344030344,43.60004518842215,0.0,0.0,32.11871344030344,0.0,0.0,0.0,0.0,0.0,0.0,0.0,0.0,0.0,0.0,0.0,0.0,0.0,0.0 
 07/21  13:22:00,29.1,43.60669003102107,32.13242100695731,43.60669003102107,0.0,0.0,32.13242100695731,0.0,0.0,0.0,0.0,0.0,0.0,0.0,0.0,0.0,0.0,0.0,0.0,0.0,0.0 
 07/21  13:23:00,29.1,43.613334117380255,32.14610835032553,43.613334117380255,0.0,0.0,32.14610835032553,0.0,0.0,0.0,0.0,0.0,0.0,0.0,0.0,0.0,0.0,0.0,0.0,0.0,0.0 
 07/21  13:24:00,29.1,43.6199784507679,32.159776193054604,43.6199784507679,0.0,0.0,32.159776193054604,0.0,0.0,0.0,0.0,0.0,0.0,0.0,0.0,0.0,0.0,0.0,0.0,0.0,0.0 
 07/21  13:25:00,29.1,43.62662364004066,32.17342530109186,43.62662364004066,0.0,0.0,32.17342530109186,0.0,0.0,0.0,0.0,0.0,0.0,0.0,0.0,0.0,0.0,0.0,0.0,0.0,0.0 
 07/21  13:26:00,29.1,40.39627587686549,32.18705632303634,40.39627587686549,0.0,55693.07916011247,32.18705632303634,0.0,0.0,0.10812304354972657,0.10812304354972657,0.0,0.0,0.10812304354972657,0.0,0.0,0.0,0.0,0.0,0.0,0.0 
 07/21  13:27:00,32.3,37.09667111936364,32.2009674367742,37.09667111936364,0.0,33862.88807182977,32.2009674367742,0.0,0.0,0.10812304354972657,0.10812304354972657,0.0,0.0,0.10812304354972657,0.0,0.0,0.0,0.0,0.0,0.0,0.0 
 07/21  13:28:00,32.36,35.514303456627594,32.21505515099678,35.514303456627594,0.0,23292.7371559252,32.21505515099678,0.0,0.0,0.10812304354972657,0.10812304354972657,0.0,0.0,0.10812304354972657,0.0,0.0,0.0,0.0,0.0,0.0,0.0 
 07/21  13:29:00,32.36,35.25476775798684,32.229187400896976,35.25476775798684,0.0,21617.587024128945,32.229187400896976,0.0,0.0,0.10812304354972657,0.10812304354972657,0.0,0.0,0.10812304354972657,0.0,0.0,0.0,0.0,0.0,0.0,0.0 
 07/21  13:30:00,32.41,35.406906943446096,32.24330797978069,35.406906943446096,0.0,22757.58977493202,32.24330797978069,0.0,0.0,0.10812304354972657,0.10812304354972657,0.0,0.0,0.10812304354972657,0.0,0.0,0.0,0.0,0.0,0.0,0.0 
 07/21  13:31:00,32.45,35.49088886719302,32.25740377632764,35.49088886719302,0.0,23380.77379057444,32.25740377632764,0.0,0.0,0.10812304354972657,0.10812304354972657,0.0,0.0,0.10812304354972657,0.0,0.0,0.0,0.0,0.0,0.0,0.0 
 07/21  13:32:00,32.44,35.454331629401416,32.27146802746048,35.454331629401416,0.0,23136.554455893856,32.27146802746048,0.0,0.0,0.10812304354972657,0.10812304354972657,0.0,0.0,0.10812304354972657,0.0,0.0,0.0,0.0,0.0,0.0,0.0 
 07/21  13:33:00,32.4,34.95261495914982,32.28549402965096,34.95261495914982,0.0,31115.99153684865,32.28549402965096,0.0,0.0,0.10812304354972657,0.10812304354972657,0.0,0.0,0.10812304354972657,0.0,0.0,0.0,0.0,0.0,0.0,0.0 
 07/21  13:34:00,32.35,33.910358553198364,32.299477566194625,33.910358553198364,0.0,39158.38809798297,32.299477566194625,0.0,0.0,0.10812304354972657,0.10812304354972657,0.0,0.0,0.10812304354972657,0.0,0.0,0.0,0.0,0.0,0.0,0.0 
 07/21  13:35:00,32.23,32.790672169154675,32.313405463044404,32.790672169154675,0.0,40691.83002497803,32.313405463044404,0.0,0.0,0.10812304354972657,0.10812304354972657,0.0,0.0,0.10812304354972657,0.0,0.0,0.0,0.0,0.0,0.0,0.0 
 07/21  13:36:00,32.12,31.976714382755382,32.32727292286322,31.976714382755382,0.0,39932.76939066221,32.32727292286322,0.0,0.0,0.10812304354972657,0.10812304354972657,0.0,0.0,0.10812304354972657,0.0,0.0,0.0,0.0,0.0,0.0,0.0 
 07/21  13:37:00,32.12,31.453479811380458,32.34110032542299,31.453479811380458,0.0,40710.203545169046,32.34110032542299,0.0,0.0,0.10812304354972657,0.10812304354972657,0.0,0.0,0.10812304354972657,0.0,0.0,0.0,0.0,0.0,0.0,0.0 
 07/21  13:38:00,32.16,31.099886936995,32.35490944321747,31.099886936995,0.0,41218.95032583522,32.35490944321747,0.0,0.0,0.10812304354972657,0.10812304354972657,0.0,0.0,0.10812304354972657,0.0,0.0,0.0,0.0,0.0,0.0,0.0 
 07/21  13:39:00,32.27,30.359440947574416,32.36872367279983,30.359440947574416,0.0,51137.98411418157,32.36872367279983,0.0,0.0,0.10812304354972657,0.10812304354972657,0.0,0.0,0.10812304354972657,0.0,0.0,0.0,0.0,0.0,0.0,0.0 
 07/21  13:40:00,32.29,29.20174700694151,32.38253798877263,29.20174700694151,0.0,58078.7706344296,32.38253798877263,0.0,0.0,0.10812304354972657,0.10812304354972657,0.0,0.0,0.10812304354972657,0.0,0.0,0.0,0.0,0.0,0.0,0.0 
 07/21  13:41:00,32.48,28.270852113832067,32.39637628145366,28.270852113832067,0.0,55142.81450885082,32.39637628145366,0.0,0.0,0.10812304354972657,0.10812304354972657,0.0,0.0,0.10812304354972657,0.0,0.0,0.0,0.0,0.0,0.0,0.0 
 07/21  13:42:00,32.59,27.76208820660451,32.41024033082553,27.76208820660451,0.0,53819.229413158464,32.41024033082553,0.0,0.0,0.10812304354972657,0.10812304354972657,0.0,0.0,0.10812304354972657,0.0,0.0,0.0,0.0,0.0,0.0,0.0 
 07/21  13:43:00,32.62,27.53422430968,32.424113003086184,27.53422430968,0.0,53433.90972726548,32.424113003086184,0.0,0.0,0.10812304354972657,0.10812304354972657,0.0,0.0,0.10812304354972657,0.0,0.0,0.0,0.0,0.0,0.0,0.0 
 07/21  13:44:00,32.44,27.392206571385934,32.43794610813156,27.392206571385934,0.0,53620.24662400325,32.43794610813156,0.0,0.0,0.10812304354972657,0.10812304354972657,0.0,0.0,0.10812304354972657,0.0,0.0,0.0,0.0,0.0,0.0,0.0 
 07/21  13:45:00,32.33,27.26926295893541,32.45172652336532,27.26926295893541,0.0,53134.508992829986,32.45172652336532,0.0,0.0,0.10812304354972657,0.10812304354972657,0.0,0.0,0.10812304354972657,0.0,0.0,0.0,0.0,0.0,0.0,0.0 
 07/21  13:46:00,32.39,27.150644747866842,32.46548688593168,27.150644747866842,0.0,52810.75461170728,32.46548688593168,0.0,0.0,0.10812304354972657,0.10812304354972657,0.0,0.0,0.10812304354972657,0.0,0.0,0.0,0.0,0.0,0.0,0.0 
 07/21  13:47:00,32.47,27.01771497813089,32.47925494465167,27.01771497813089,0.0,52924.42505204545,32.47925494465167,0.0,0.0,0.10812304354972657,0.10812304354972657,0.0,0.0,0.10812304354972657,0.0,0.0,0.0,0.0,0.0,0.0,0.0 
 07/21  13:48:00,32.62,26.88184464861302,32.49305558432386,26.88184464861302,0.0,52752.15258404685,32.49305558432386,0.0,0.0,0.10812304354972657,0.10812304354972657,0.0,0.0,0.10812304354972657,0.0,0.0,0.0,0.0,0.0,0.0,0.0 
 07/21  13:49:00,32.52,26.76068634467258,32.50685494904374,26.76068634467258,0.0,52411.48733118386,32.50685494904374,0.0,0.0,0.10812304354972657,0.10812304354972657,0.0,0.0,0.10812304354972657,0.0,0.0,0.0,0.0,0.0,0.0,0.0 
 07/21  13:50:00,32.6,26.63999085199345,32.52066048812858,26.63999085199345,0.0,52473.44780729742,32.52066048812858,0.0,0.0,0.10812304354972657,0.10812304354972657,0.0,0.0,0.10812304354972657,0.0,0.0,0.0,0.0,0.0,0.0,0.0 
 07/21  13:51:00,32.58,26.53627221831284,32.534465833222114,26.53627221831284,0.0,51982.55076191094,32.534465833222114,0.0,0.0,0.10812304354972657,0.10812304354972657,0.0,0.0,0.10812304354972657,0.0,0.0,0.0,0.0,0.0,0.0,0.0 
 07/21  13:52:00,32.61,26.441386680914125,32.5482754347568,26.441386680914125,0.0,51816.83654711832,32.5482754347568,0.0,0.0,0.10812304354972657,0.10812304354972657,0.0,0.0,0.10812304354972657,0.0,0.0,0.0,0.0,0.0,0.0,0.0 
 07/21  13:53:00,32.69,26.344484313252007,32.56210304557498,26.344484313252007,0.0,51704.28279738719,32.56210304557498,0.0,0.0,0.10812304354972657,0.10812304354972657,0.0,0.0,0.10812304354972657,0.0,0.0,0.0,0.0,0.0,0.0,0.0 
 07/21  13:54:00,32.79,26.248495763927,32.575960556812625,26.248495763927,0.0,51464.63323817738,32.575960556812625,0.0,0.0,0.10812304354972657,0.10812304354972657,0.0,0.0,0.10812304354972657,0.0,0.0,0.0,0.0,0.0,0.0,0.0 
 07/21  13:55:00,32.74,26.157944377297202,32.58982632504438,26.157944377297202,0.0,51194.60011802571,32.58982632504438,0.0,0.0,0.10812304354972657,0.10812304354972657,0.0,0.0,0.10812304354972657,0.0,0.0,0.0,0.0,0.0,0.0,0.0 
 07/21  13:56:00,32.75,26.065270554211516,32.603695949683804,26.065270554211516,0.0,51110.20522743143,32.603695949683804,0.0,0.0,0.10812304354972657,0.10812304354972657,0.0,0.0,0.10812304354972657,0.0,0.0,0.0,0.0,0.0,0.0,0.0 
 07/21  13:57:00,32.65,25.968079784639468,32.617551403571916,25.968079784639468,0.0,50995.73107740569,32.617551403571916,0.0,0.0,0.10812304354972657,0.10812304354972657,0.0,0.0,0.10812304354972657,0.0,0.0,0.0,0.0,0.0,0.0,0.0 
 07/21  13:58:00,32.59,25.882958497009074,32.6313900812579,25.882958497009074,0.0,50562.08294291589,32.6313900812579,0.0,0.0,0.10812304354972657,0.10812304354972657,0.0,0.0,0.10812304354972657,0.0,0.0,0.0,0.0,0.0,0.0,0.0 
 07/21  13:59:00,32.54,25.79253853004479,32.64521624437296,25.79253853004479,0.0,50625.87585981017,32.64521624437296,0.0,0.0,0.10812304354972657,0.10812304354972657,0.0,0.0,0.10812304354972657,0.0,0.0,0.0,0.0,0.0,0.0,0.0 
 07/21  14:00:00,32.57,25.7123985661,32.65904805733529,25.7123985661,0.0,50158.807149155175,32.65904805733529,0.0,0.0,0.10812304354972657,0.10812304354972657,0.0,0.0,0.10812304354972657,0.0,0.0,0.0,0.0,0.0,0.0,0.0,49104000.0 
 07/21  14:01:00,32.54,25.641551723960724,32.67288569878865,25.641551723960724,0.0,49886.80416752046,32.67288569878865,0.0,0.0,0.10812304354972657,0.10812304354972657,0.0,0.0,0.10812304354972657,0.0,0.0,0.0,0.0,0.0,0.0,0.0 
 07/21  14:02:00,32.72,25.57681571427076,32.68676403868435,25.57681571427076,0.0,49588.90324974022,32.68676403868435,0.0,0.0,0.10812304354972657,0.10812304354972657,0.0,0.0,0.10812304354972657,0.0,0.0,0.0,0.0,0.0,0.0,0.0 
 07/21  14:03:00,32.68,25.51226240321827,32.700665028216605,25.51226240321827,0.0,49358.81115181904,32.700665028216605,0.0,0.0,0.10812304354972657,0.10812304354972657,0.0,0.0,0.10812304354972657,0.0,0.0,0.0,0.0,0.0,0.0,0.0 
 07/21  14:04:00,32.63,25.43675525555871,32.71456899038427,25.43675525555871,0.0,49322.13969825803,32.71456899038427,0.0,0.0,0.10812304354972657,0.10812304354972657,0.0,0.0,0.10812304354972657,0.0,0.0,0.0,0.0,0.0,0.0,0.0 
 07/21  14:05:00,32.64,25.368098059997106,32.72847765251588,25.368098059997106,0.0,48864.94652131537,32.72847765251588,0.0,0.0,0.10812304354972657,0.10812304354972657,0.0,0.0,0.10812304354972657,0.0,0.0,0.0,0.0,0.0,0.0,0.0 
 07/21  14:06:00,32.63,25.302366936831014,32.742391816845725,25.302366936831014,0.0,48693.6009103907,32.742391816845725,0.0,0.0,0.10812304354972657,0.10812304354972657,0.0,0.0,0.10812304354972657,0.0,0.0,0.0,0.0,0.0,0.0,0.0 
 07/21  14:07:00,32.61,25.23976242852567,32.756309501730684,25.23976242852567,0.0,48409.89406150099,32.756309501730684,0.0,0.0,0.10812304354972657,0.10812304354972657,0.0,0.0,0.10812304354972657,0.0,0.0,0.0,0.0,0.0,0.0,0.0 
 07/21  14:08:00,32.66,25.179871997130803,32.77024130975905,25.179871997130803,0.0,48144.26038634068,32.77024130975905,0.0,0.0,0.10812304354972657,0.10812304354972657,0.0,0.0,0.10812304354972657,0.0,0.0,0.0,0.0,0.0,0.0,0.0 
 07/21  14:09:00,32.69,25.104737814575042,32.78418945407861,25.104737814575042,0.0,48243.25309092595,32.78418945407861,0.0,0.0,0.10812304354972657,0.10812304354972657,0.0,0.0,0.10812304354972657,0.0,0.0,0.0,0.0,0.0,0.0,0.0 
 07/21  14:10:00,32.72,25.035673909358152,32.798150921934976,25.035673909358152,0.0,47783.35183704649,32.798150921934976,0.0,0.0,0.10812304354972657,0.10812304354972657,0.0,0.0,0.10812304354972657,0.0,0.0,0.0,0.0,0.0,0.0,0.0 
 07/21  14:11:00,32.79,24.954190360408276,32.812130392667804,24.954190360408276,0.0,47973.2456936042,32.812130392667804,0.0,0.0,0.10812304354972657,0.10812304354972657,0.0,0.0,0.10812304354972657,0.0,0.0,0.0,0.0,0.0,0.0,0.0 
 07/21  14:12:00,32.82,24.896847767067943,32.8261286703359,24.896847767067943,0.0,47191.853515785624,32.8261286703359,0.0,0.0,0.10812304354972657,0.10812304354972657,0.0,0.0,0.10812304354972657,0.0,0.0,0.0,0.0,0.0,0.0,0.0 
 07/21  14:13:00,32.74,24.84124710904292,32.84012685520223,24.84124710904292,0.0,47221.150100149964,32.84012685520223,0.0,0.0,0.10812304354972657,0.10812304354972657,0.0,0.0,0.10812304354972657,0.0,0.0,0.0,0.0,0.0,0.0,0.0 
 07/21  14:14:00,32.69,24.788563237153156,32.854119687577104,24.788563237153156,0.0,46870.32440232781,32.854119687577104,0.0,0.0,0.10812304354972657,0.10812304354972657,0.0,0.0,0.10812304354972657,0.0,0.0,0.0,0.0,0.0,0.0,0.0 
 07/21  14:15:00,32.72,24.743050253435,32.868122956878224,24.743050253435,0.0,46500.658659482375,32.868122956878224,0.0,0.0,0.10812304354972657,0.10812304354972657,0.0,0.0,0.10812304354972657,0.0,0.0,0.0,0.0,0.0,0.0,0.0 
 07/21  14:16:00,32.74,24.689258218648597,32.88214655900911,24.689258218648597,0.0,46475.40674357938,32.88214655900911,0.0,0.0,0.10812304354972657,0.10812304354972657,0.0,0.0,0.10812304354972657,0.0,0.0,0.0,0.0,0.0,0.0,0.0 
 07/21  14:17:00,32.76,24.641024324643723,32.896194574782115,24.641024324643723,0.0,46021.03204890017,32.896194574782115,0.0,0.0,0.10812304354972657,0.10812304354972657,0.0,0.0,0.10812304354972657,0.0,0.0,0.0,0.0,0.0,0.0,0.0 
 07/21  14:18:00,32.82,24.59152116231825,32.91027541788615,24.59152116231825,0.0,45891.15929080964,32.91027541788615,0.0,0.0,0.10812304354972657,0.10812304354972657,0.0,0.0,0.10812304354972657,0.0,0.0,0.0,0.0,0.0,0.0,0.0 
 07/21  14:19:00,32.75,24.527589117276747,32.92437050901332,24.527589117276747,0.0,45931.56694198119,32.92437050901332,0.0,0.0,0.10812304354972657,0.10812304354972657,0.0,0.0,0.10812304354972657,0.0,0.0,0.0,0.0,0.0,0.0,0.0 
 07/21  14:20:00,32.68,24.458317517255704,32.93846713307083,24.458317517255704,0.0,45736.64532267446,32.93846713307083,0.0,0.0,0.10812304354972657,0.10812304354972657,0.0,0.0,0.10812304354972657,0.0,0.0,0.0,0.0,0.0,0.0,0.0 
 07/21  14:21:00,32.65,24.39819199650072,32.952568486770325,24.39819199650072,0.0,45402.855083667775,32.952568486770325,0.0,0.0,0.10812304354972657,0.10812304354972657,0.0,0.0,0.10812304354972657,0.0,0.0,0.0,0.0,0.0,0.0,0.0 
 07/21  14:22:00,32.7,24.3554240813554,32.966693729266765,24.3554240813554,0.0,44984.87788202702,32.966693729266765,0.0,0.0,0.10812304354972657,0.10812304354972657,0.0,0.0,0.10812304354972657,0.0,0.0,0.0,0.0,0.0,0.0,0.0 
 07/21  14:23:00,32.61,24.324513131866585,32.980829347051326,24.324513131866585,0.0,44645.85765380149,32.980829347051326,0.0,0.0,0.10812304354972657,0.10812304354972657,0.0,0.0,0.10812304354972657,0.0,0.0,0.0,0.0,0.0,0.0,0.0 
 07/21  14:24:00,32.53,24.276257024255408,32.99496548633298,24.276257024255408,0.0,44790.65130714111,32.99496548633298,0.0,0.0,0.10812304354972657,0.10812304354972657,0.0,0.0,0.10812304354972657,0.0,0.0,0.0,0.0,0.0,0.0,0.0 
 07/21  14:25:00,32.6,24.219133127890274,33.009125890310315,24.219133127890274,0.0,44543.43942980149,33.009125890310315,0.0,0.0,0.10812304354972657,0.10812304354972657,0.0,0.0,0.10812304354972657,0.0,0.0,0.0,0.0,0.0,0.0,0.0 
 07/21  14:26:00,32.68,24.15648157113708,33.023329083289546,24.15648157113708,0.0,44459.19123754428,33.023329083289546,0.0,0.0,0.10812304354972657,0.10812304354972657,0.0,0.0,0.10812304354972657,0.0,0.0,0.0,0.0,0.0,0.0,0.0 
 07/21  14:27:00,32.68,24.095811029865562,33.037567768989526,24.095811029865562,0.0,44254.95423702987,33.037567768989526,0.0,0.0,0.10812304354972657,0.10812304354972657,0.0,0.0,0.10812304354972657,0.0,0.0,0.0,0.0,0.0,0.0,0.0 
 07/21  14:28:00,32.75,24.0390126592058,33.05184636573177,24.0390126592058,0.0,44076.5025546703,33.05184636573177,0.0,0.0,0.10812304354972657,0.10812304354972657,0.0,0.0,0.10812304354972657,0.0,0.0,0.0,0.0,0.0,0.0,0.0 
 07/21  14:29:00,32.66,23.991633328221333,33.06613988129968,23.991633328221333,0.0,43761.000940392,33.06613988129968,0.0,0.0,0.10812304354972657,0.10812304354972657,0.0,0.0,0.10812304354972657,0.0,0.0,0.0,0.0,0.0,0.0,0.0 
 07/21  14:30:00,32.71,23.932765032986282,33.080457031495484,23.932765032986282,0.0,43901.71872472571,33.080457031495484,0.0,0.0,0.10812304354972657,0.10812304354972657,0.0,0.0,0.10812304354972657,0.0,0.0,0.0,0.0,0.0,0.0,0.0 
 07/21  14:31:00,32.78,23.877601773011605,33.09481126950724,23.877601773011605,0.0,43534.38248784401,33.09481126950724,0.0,0.0,0.10812304354972657,0.10812304354972657,0.0,0.0,0.10812304354972657,0.0,0.0,0.0,0.0,0.0,0.0,0.0 
 07/21  14:32:00,32.67,23.84508783118074,33.109176638093054,23.84508783118074,0.0,42984.91645793695,33.109176638093054,0.0,0.0,0.10812304354972657,0.10812304354972657,0.0,0.0,0.10812304354972657,0.0,0.0,0.0,0.0,0.0,0.0,0.0 
 07/21  14:33:00,32.58,23.79092603095063,33.1235380254602,23.79092603095063,0.0,43423.33791887335,33.1235380254602,0.0,0.0,0.10812304354972657,0.10812304354972657,0.0,0.0,0.10812304354972657,0.0,0.0,0.0,0.0,0.0,0.0,0.0 
 07/21  14:34:00,32.61,23.738445882118352,33.137912357250784,23.738445882118352,0.0,42940.68621132628,33.137912357250784,0.0,0.0,0.10812304354972657,0.10812304354972657,0.0,0.0,0.10812304354972657,0.0,0.0,0.0,0.0,0.0,0.0,0.0 
 07/21  14:35:00,32.55,23.693903974871645,33.15229671322848,23.693903974871645,0.0,42710.668249999406,33.15229671322848,0.0,0.0,0.10812304354972657,0.10812304354972657,0.0,0.0,0.10812304354972657,0.0,0.0,0.0,0.0,0.0,0.0,0.0 
 07/21  14:36:00,32.57,23.6492466977691,33.16670049977513,23.6492466977691,0.0,42613.06357179108,33.16670049977513,0.0,0.0,0.10812304354972657,0.10812304354972657,0.0,0.0,0.10812304354972657,0.0,0.0,0.0,0.0,0.0,0.0,0.0 
 07/21  14:37:00,32.57,23.600736020161698,33.18112629901845,23.600736020161698,0.0,42489.7991470402,33.18112629901845,0.0,0.0,0.10812304354972657,0.10812304354972657,0.0,0.0,0.10812304354972657,0.0,0.0,0.0,0.0,0.0,0.0,0.0 
 07/21  14:38:00,32.49,23.55921530876536,33.19555922495603,23.55921530876536,0.0,42146.718706770676,33.19555922495603,0.0,0.0,0.10812304354972657,0.10812304354972657,0.0,0.0,0.10812304354972657,0.0,0.0,0.0,0.0,0.0,0.0,0.0 
 07/21  14:39:00,32.65,23.490569444326574,33.21003270100806,23.490569444326574,0.0,42621.870718786144,33.21003270100806,0.0,0.0,0.10812304354972657,0.10812304354972657,0.0,0.0,0.10812304354972657,0.0,0.0,0.0,0.0,0.0,0.0,0.0 
 07/21  14:40:00,32.62,23.427528054242362,33.22453534148408,23.427528054242362,0.0,42135.48302502449,33.22453534148408,0.0,0.0,0.10812304354972657,0.10812304354972657,0.0,0.0,0.10812304354972657,0.0,0.0,0.0,0.0,0.0,0.0,0.0 
 07/21  14:41:00,32.62,23.410862608260548,33.23905894330233,23.410862608260548,0.0,41225.41813522874,33.23905894330233,0.0,0.0,0.10812304354972657,0.10812304354972657,0.0,0.0,0.10812304354972657,0.0,0.0,0.0,0.0,0.0,0.0,0.0 
 07/21  14:42:00,32.54,23.395557715166678,33.253585450375425,23.395557715166678,0.0,41389.865060118515,33.253585450375425,0.0,0.0,0.10812304354972657,0.10812304354972657,0.0,0.0,0.10812304354972657,0.0,0.0,0.0,0.0,0.0,0.0,0.0 
 07/21  14:43:00,32.48,23.39254959150723,33.26810845633783,23.39254959150723,0.0,40703.9259224057,33.26810845633783,0.0,0.0,0.10812304354972657,0.10812304354972657,0.0,0.0,0.10812304354972657,0.0,0.0,0.0,0.0,0.0,0.0,0.0 
 07/21  14:44:00,32.4,23.38018915374326,33.282623413040646,23.38018915374326,0.0,40688.2067379347,33.282623413040646,0.0,0.0,0.10812304354972657,0.10812304354972657,0.0,0.0,0.10812304354972657,0.0,0.0,0.0,0.0,0.0,0.0,0.0 
 07/21  14:45:00,32.45,23.32631968442957,33.297152112271505,23.32631968442957,0.0,41128.57364539637,33.297152112271505,0.0,0.0,0.10812304354972657,0.10812304354972657,0.0,0.0,0.10812304354972657,0.0,0.0,0.0,0.0,0.0,0.0,0.0 
 07/21  14:46:00,32.5,23.28131213244394,33.31170855914285,23.28131213244394,0.0,40429.3198208237,33.31170855914285,0.0,0.0,0.10812304354972657,0.10812304354972657,0.0,0.0,0.10812304354972657,0.0,0.0,0.0,0.0,0.0,0.0,0.0 
 07/21  14:47:00,32.54,23.248160443613546,33.326295243072536,23.248160443613546,0.0,40275.15106833839,33.326295243072536,0.0,0.0,0.10812304354972657,0.10812304354972657,0.0,0.0,0.10812304354972657,0.0,0.0,0.0,0.0,0.0,0.0,0.0 
 07/21  14:48:00,32.6,23.21037975277576,33.34091402144115,23.21037975277576,0.0,40289.930173143206,33.34091402144115,0.0,0.0,0.10812304354972657,0.10812304354972657,0.0,0.0,0.10812304354972657,0.0,0.0,0.0,0.0,0.0,0.0,0.0 
 07/21  14:49:00,32.7,23.18231395935938,33.35557210233623,23.18231395935938,0.0,39836.67583682759,33.35557210233623,0.0,0.0,0.10812304354972657,0.10812304354972657,0.0,0.0,0.10812304354972657,0.0,0.0,0.0,0.0,0.0,0.0,0.0 
 07/21  14:50:00,32.81,23.148451966970395,33.37027450519873,23.148451966970395,0.0,39877.550551552486,33.37027450519873,0.0,0.0,0.10812304354972657,0.10812304354972657,0.0,0.0,0.10812304354972657,0.0,0.0,0.0,0.0,0.0,0.0,0.0 
 07/21  14:51:00,32.71,23.103516255152,33.38498422535663,23.103516255152,0.0,39844.68495477801,33.38498422535663,0.0,0.0,0.10812304354972657,0.10812304354972657,0.0,0.0,0.10812304354972657,0.0,0.0,0.0,0.0,0.0,0.0,0.0 
 07/21  14:52:00,32.73,23.06391178747504,33.39969822607591,23.06391178747504,0.0,39514.3658465352,33.39969822607591,0.0,0.0,0.10812304354972657,0.10812304354972657,0.0,0.0,0.10812304354972657,0.0,0.0,0.0,0.0,0.0,0.0,0.0 
 07/21  14:53:00,32.65,23.04896608040702,33.414402833614936,23.04896608040702,0.0,38948.7061858729,33.414402833614936,0.0,0.0,0.10812304354972657,0.10812304354972657,0.0,0.0,0.10812304354972657,0.0,0.0,0.0,0.0,0.0,0.0,0.0 
 07/21  14:54:00,32.61,23.030477019733684,33.42909690939863,23.030477019733684,0.0,39025.35796269057,33.42909690939863,0.0,0.0,0.10812304354972657,0.10812304354972657,0.0,0.0,0.10812304354972657,0.0,0.0,0.0,0.0,0.0,0.0,0.0 
 07/21  14:55:00,32.62,22.984689184812616,33.44379105490711,22.984689184812616,0.0,39253.17858610041,33.44379105490711,0.0,0.0,0.10812304354972657,0.10812304354972657,0.0,0.0,0.10812304354972657,0.0,0.0,0.0,0.0,0.0,0.0,0.0 
 07/21  14:56:00,32.64,22.93607350299798,33.4584934592061,22.93607350299798,0.0,38929.44255273315,33.4584934592061,0.0,0.0,0.10812304354972657,0.10812304354972657,0.0,0.0,0.10812304354972657,0.0,0.0,0.0,0.0,0.0,0.0,0.0 
 07/21  14:57:00,32.74,22.89091773352402,33.47322132957455,22.89091773352402,0.0,38828.518992945756,33.47322132957455,0.0,0.0,0.10812304354972657,0.10812304354972657,0.0,0.0,0.10812304354972657,0.0,0.0,0.0,0.0,0.0,0.0,0.0 
 07/21  14:58:00,32.81,22.854770253274722,33.48797765742445,22.854770253274722,0.0,38587.81080132287,33.48797765742445,0.0,0.0,0.10812304354972657,0.10812304354972657,0.0,0.0,0.10812304354972657,0.0,0.0,0.0,0.0,0.0,0.0,0.0 
 07/21  14:59:00,32.82,22.820650137299214,33.502749578165925,22.820650137299214,0.0,38493.7849873904,33.502749578165925,0.0,0.0,0.10812304354972657,0.10812304354972657,0.0,0.0,0.10812304354972657,0.0,0.0,0.0,0.0,0.0,0.0,0.0 
 07/21  15:00:00,32.85,22.78690304050192,33.51753130264841,22.78690304050192,0.0,38335.65225973864,33.51753130264841,0.0,0.0,0.10812304354972657,0.10812304354972657,0.0,0.0,0.10812304354972657,0.0,0.0,0.0,0.0,0.0,0.0,0.0,49104000.0 
 07/21  15:01:00,32.71,22.763169642593347,33.532290254269185,22.763169642593347,0.0,37977.83824821154,33.532290254269185,0.0,0.0,0.10812304354972657,0.10812304354972657,0.0,0.0,0.10812304354972657,0.0,0.0,0.0,0.0,0.0,0.0,0.0 
 07/21  15:02:00,32.7,22.73029456000917,33.54703030783093,22.73029456000917,0.0,38091.874059329755,33.54703030783093,0.0,0.0,0.10812304354972657,0.10812304354972657,0.0,0.0,0.10812304354972657,0.0,0.0,0.0,0.0,0.0,0.0,0.0 
 07/21  15:03:00,32.7,22.705077333027248,33.56176147264835,22.705077333027248,0.0,37657.586888471094,33.56176147264835,0.0,0.0,0.10812304354972657,0.10812304354972657,0.0,0.0,0.10812304354972657,0.0,0.0,0.0,0.0,0.0,0.0,0.0 
 07/21  15:04:00,32.75,22.67171005791596,33.57649797566538,22.67171005791596,0.0,37768.34487999407,33.57649797566538,0.0,0.0,0.10812304354972657,0.10812304354972657,0.0,0.0,0.10812304354972657,0.0,0.0,0.0,0.0,0.0,0.0,0.0 
 07/21  15:05:00,32.68,22.642279630572837,33.59122479519963,22.642279630572837,0.0,37439.183910969194,33.59122479519963,0.0,0.0,0.10812304354972657,0.10812304354972657,0.0,0.0,0.10812304354972657,0.0,0.0,0.0,0.0,0.0,0.0,0.0 
 07/21  15:06:00,32.8,22.60985980353493,33.60596388602574,22.60985980353493,0.0,37423.0699412257,33.60596388602574,0.0,0.0,0.10812304354972657,0.10812304354972657,0.0,0.0,0.10812304354972657,0.0,0.0,0.0,0.0,0.0,0.0,0.0 
 07/21  15:07:00,32.82,22.586054550564175,33.62071307680823,22.586054550564175,0.0,37064.777094074714,33.62071307680823,0.0,0.0,0.10812304354972657,0.10812304354972657,0.0,0.0,0.10812304354972657,0.0,0.0,0.0,0.0,0.0,0.0,0.0 
 07/21  15:08:00,32.76,22.565635715236663,33.635451862675495,22.565635715236663,0.0,36928.80717922084,33.635451862675495,0.0,0.0,0.10812304354972657,0.10812304354972657,0.0,0.0,0.10812304354972657,0.0,0.0,0.0,0.0,0.0,0.0,0.0 
 07/21  15:09:00,32.74,22.551141004734063,33.65017471181069,22.551141004734063,0.0,36632.51374221807,33.65017471181069,0.0,0.0,0.10812304354972657,0.10812304354972657,0.0,0.0,0.10812304354972657,0.0,0.0,0.0,0.0,0.0,0.0,0.0 
 07/21  15:10:00,32.81,22.532335563942542,33.66489773435396,22.532335563942542,0.0,36573.87745039958,33.66489773435396,0.0,0.0,0.10812304354972657,0.10812304354972657,0.0,0.0,0.10812304354972657,0.0,0.0,0.0,0.0,0.0,0.0,0.0 
 07/21  15:11:00,32.74,22.516337579741414,33.67960623293518,22.516337579741414,0.0,36267.57349620406,33.67960623293518,0.0,0.0,0.10812304354972657,0.10812304354972657,0.0,0.0,0.10812304354972657,0.0,0.0,0.0,0.0,0.0,0.0,0.0 
 07/21  15:12:00,32.69,22.491725307653837,33.6942912178395,22.491725307653837,0.0,36303.45067833584,33.6942912178395,0.0,0.0,0.10812304354972657,0.10812304354972657,0.0,0.0,0.10812304354972657,0.0,0.0,0.0,0.0,0.0,0.0,0.0 
 07/21  15:13:00,32.75,22.459156480506945,33.708969383068286,22.459156480506945,0.0,36219.75344497133,33.708969383068286,0.0,0.0,0.10812304354972657,0.10812304354972657,0.0,0.0,0.10812304354972657,0.0,0.0,0.0,0.0,0.0,0.0,0.0 
 07/21  15:14:00,32.68,22.421125882619137,33.72362862388824,22.421125882619137,0.0,36166.27692341491,33.72362862388824,0.0,0.0,0.10812304354972657,0.10812304354972657,0.0,0.0,0.10812304354972657,0.0,0.0,0.0,0.02423037405949372,0.0,0.02423037405949372,0.0 
 07/21  15:15:00,32.62,22.419317752611136,33.73825978215808,22.419317752611136,0.0,35288.55635707049,33.73825978215808,0.0,0.0,0.10812304354972657,0.10812304354972657,0.0,0.0,0.10812304354972657,0.0,0.0,0.0,0.05072051972917673,0.0,0.05072051972917673,0.0 
 07/21  15:16:00,32.71,22.424008721809347,33.75288601260076,22.424008721809347,0.0,35319.79327173097,33.75288601260076,0.0,0.0,0.10812304354972657,0.10812304354972657,0.0,0.0,0.10812304354972657,0.0,0.0,0.0,0.05072051972917673,0.0,0.05072051972917673,0.0 
 07/21  15:17:00,32.72,22.45956698529418,33.76750836483165,22.45956698529418,0.0,34357.94476673739,33.76750836483165,0.0,0.0,0.10812304354972657,0.10812304354972657,0.0,0.0,0.10812304354972657,0.0,0.0,0.0,0.05072051972917673,0.0,0.05072051972917673,0.0 
 07/21  15:18:00,32.58,22.526875999286972,33.782095303561434,22.526875999286972,0.0,33607.52723486636,33.782095303561434,0.0,0.0,0.10812304354972657,0.10812304354972657,0.0,0.0,0.10812304354972657,0.0,0.0,0.0,0.05072051972917673,0.0,0.05072051972917673,0.0 
 07/21  15:19:00,32.62,22.562699651080166,33.796659202369504,22.562699651080166,0.0,33979.26071621937,33.796659202369504,0.0,0.0,0.10812304354972657,0.10812304354972657,0.0,0.0,0.10812304354972657,0.0,0.0,0.0,0.05072051972917673,0.0,0.05072051972917673,0.0 
 07/21  15:20:00,32.71,22.56971635339396,33.81122191058791,22.56971635339396,0.0,33759.622009666164,33.81122191058791,0.0,0.0,0.10812304354972657,0.10812304354972657,0.0,0.0,0.10812304354972657,0.0,0.0,0.0,0.05072051972917673,0.0,0.05072051972917673,0.0 
 07/21  15:21:00,32.72,22.570315167496332,33.82577964273747,22.570315167496332,0.0,33430.65597799177,33.82577964273747,0.0,0.0,0.10812304354972657,0.10812304354972657,0.0,0.0,0.10812304354972657,0.0,0.0,0.0,0.05072051972917673,0.0,0.05072051972917673,0.0 
 07/21  15:22:00,32.67,22.561337642145315,33.84031429079187,22.561337642145315,0.0,33437.46517596938,33.84031429079187,0.0,0.0,0.10812304354972657,0.10812304354972657,0.0,0.0,0.10812304354972657,0.0,0.0,0.0,0.05072051972917673,0.0,0.05072051972917673,0.0 
 07/21  15:23:00,32.57,22.576725289474012,33.854805568929756,22.576725289474012,0.0,32674.253039370946,33.854805568929756,0.0,0.0,0.10812304354972657,0.10812304354972657,0.0,0.0,0.10812304354972657,0.0,0.0,0.0,0.05072051972917673,0.0,0.05072051972917673,0.0 
 07/21  15:24:00,32.66,22.572243163147512,33.86927803504387,22.572243163147512,0.0,33110.54094805378,33.86927803504387,0.0,0.0,0.10812304354972657,0.10812304354972657,0.0,0.0,0.10812304354972657,0.0,0.0,0.0,0.05072051972917673,0.0,0.05072051972917673,0.0 
 07/21  15:25:00,32.64,22.5587446573095,33.88373026229061,22.5587446573095,0.0,32820.88088383306,33.88373026229061,0.0,0.0,0.10812304354972657,0.10812304354972657,0.0,0.0,0.10812304354972657,0.0,0.0,0.0,0.05072051972917673,0.0,0.05072051972917673,0.0 
 07/21  15:26:00,32.65,22.539666050249462,33.89816158260269,22.539666050249462,0.0,32760.4257132062,33.89816158260269,0.0,0.0,0.10812304354972657,0.10812304354972657,0.0,0.0,0.10812304354972657,0.0,0.0,0.0,0.05072051972917673,0.0,0.05072051972917673,0.0 
 07/21  15:27:00,32.7,22.52467427428377,33.91257850984021,22.52467427428377,0.0,32527.412916052213,33.91257850984021,0.0,0.0,0.10812304354972657,0.10812304354972657,0.0,0.0,0.10812304354972657,0.0,0.0,0.0,0.05072051972917673,0.0,0.05072051972917673,0.0 
 07/21  15:28:00,32.68,22.51801190471739,33.92697171476151,22.51801190471739,0.0,32283.275744556544,33.92697171476151,0.0,0.0,0.10812304354972657,0.10812304354972657,0.0,0.0,0.10812304354972657,0.0,0.0,0.0,0.05072051972917673,0.0,0.05072051972917673,0.0 
 07/21  15:29:00,32.71,22.483093556439563,33.941342649618505,22.483093556439563,0.0,32783.2503307075,33.941342649618505,0.0,0.0,0.10812304354972657,0.10812304354972657,0.0,0.0,0.10812304354972657,0.0,0.0,0.0,0.05072051972917673,0.0,0.05072051972917673,0.0 
 07/21  15:30:00,32.59,22.462342735926743,33.955665950340894,22.462342735926743,0.0,32112.343263815215,33.955665950340894,0.0,0.0,0.10812304354972657,0.10812304354972657,0.0,0.0,0.10812304354972657,0.0,0.0,0.0,0.05072051972917673,0.0,0.05072051972917673,0.0 
 07/21  15:31:00,32.56,22.434767710778033,33.969941579300325,22.434767710778033,0.0,32394.853993436256,33.969941579300325,0.0,0.0,0.10812304354972657,0.10812304354972657,0.0,0.0,0.10812304354972657,0.0,0.0,0.0,0.05072051972917673,0.0,0.05072051972917673,0.0 
 07/21  15:32:00,32.58,22.39241097055583,33.98418272875588,22.39241097055583,0.0,32512.34110347475,33.98418272875588,0.0,0.0,0.10812304354972657,0.10812304354972657,0.0,0.0,0.10812304354972657,0.0,0.0,0.0,0.05072051972917673,0.0,0.05072051972917673,0.0 
 07/21  15:33:00,32.5,22.37428047934553,33.99837917917621,22.37428047934553,0.0,31858.88234132745,33.99837917917621,0.0,0.0,0.10812304354972657,0.10812304354972657,0.0,0.0,0.10812304354972657,0.0,0.0,0.0,0.05072051972917673,0.0,0.05072051972917673,0.0 
 07/21  15:34:00,32.6,22.357978964423246,34.0125544043232,22.357978964423246,0.0,32016.69177747651,34.0125544043232,0.0,0.0,0.10812304354972657,0.10812304354972657,0.0,0.0,0.10812304354972657,0.0,0.0,0.0,0.05072051972917673,0.0,0.05072051972917673,0.0 
 07/21  15:35:00,32.57,22.343991202517945,34.026700780263624,22.343991202517945,0.0,31790.36470815658,34.026700780263624,0.0,0.0,0.10812304354972657,0.10812304354972657,0.0,0.0,0.10812304354972657,0.0,0.0,0.0,0.05072051972917673,0.0,0.05072051972917673,0.0 
 07/21  15:36:00,32.6,22.33909569498245,34.04081952521281,22.33909569498245,0.0,31491.402269650356,34.04081952521281,0.0,0.0,0.10812304354972657,0.10812304354972657,0.0,0.0,0.10812304354972657,0.0,0.0,0.0,0.05072051972917673,0.0,0.05072051972917673,0.0 
 07/21  15:37:00,32.75,22.320562836551936,34.05493409249766,22.320562836551936,0.0,31700.9445208861,34.05493409249766,0.0,0.0,0.10812304354972657,0.10812304354972657,0.0,0.0,0.10812304354972657,0.0,0.0,0.0,0.05072051972917673,0.0,0.05072051972917673,0.0 
 07/21  15:38:00,32.74,22.289059179683417,34.06902889498587,22.289059179683417,0.0,31690.932400542704,34.06902889498587,0.0,0.0,0.10812304354972657,0.10812304354972657,0.0,0.0,0.10812304354972657,0.0,0.0,0.0,0.05072051972917673,0.0,0.05072051972917673,0.0 
 07/21  15:39:00,32.71,22.247825638596666,34.0830857143472,22.247825638596666,0.0,31749.309757143907,34.0830857143472,0.0,0.0,0.10812304354972657,0.10812304354972657,0.0,0.0,0.10812304354972657,0.0,0.0,0.0,0.05072051972917673,0.0,0.05072051972917673,0.0 
 07/21  15:40:00,32.67,22.218912462331584,34.09709360902285,22.218912462331584,0.0,31423.593625269394,34.09709360902285,0.0,0.0,0.10812304354972657,0.10812304354972657,0.0,0.0,0.10812304354972657,0.0,0.0,0.0,0.05072051972917673,0.0,0.05072051972917673,0.0 
 07/21  15:41:00,32.7,22.191242758299904,34.11106150156749,22.191242758299904,0.0,31505.70189135682,34.11106150156749,0.0,0.0,0.10812304354972657,0.10812304354972657,0.0,0.0,0.10812304354972657,0.0,0.0,0.0,0.05072051972917673,0.0,0.05072051972917673,0.0 
 07/21  15:42:00,32.73,22.164672521621316,34.12499649816811,22.164672521621316,0.0,31395.35932845326,34.12499649816811,0.0,0.0,0.10812304354972657,0.10812304354972657,0.0,0.0,0.10812304354972657,0.0,0.0,0.0,0.05072051972917673,0.0,0.05072051972917673,0.0 
 07/21  15:43:00,32.73,22.1423825591038,34.13889568284508,22.1423825591038,0.0,31246.92890640406,34.13889568284508,0.0,0.0,0.10812304354972657,0.10812304354972657,0.0,0.0,0.10812304354972657,0.0,0.0,0.0,0.05072051972917673,0.0,0.05072051972917673,0.0 
 07/21  15:44:00,32.64,22.123987206180022,34.15273902739165,22.123987206180022,0.0,31124.433053242872,34.15273902739165,0.0,0.0,0.10812304354972657,0.10812304354972657,0.0,0.0,0.10812304354972657,0.0,0.0,0.0,0.05072051972917673,0.0,0.05072051972917673,0.0 
 07/21  15:45:00,32.54,22.09533943117437,34.16651264412213,22.09533943117437,0.0,31266.6188695186,34.16651264412213,0.0,0.0,0.10812304354972657,0.10812304354972657,0.0,0.0,0.10812304354972657,0.0,0.0,0.0,0.06074352586623638,0.0,0.06074352586623638,0.0 
 07/21  15:46:00,32.51,22.076843070820523,34.18022415424075,22.076843070820523,0.0,30877.086368349715,34.18022415424075,0.0,0.0,0.10812304354972657,0.10812304354972657,0.0,0.0,0.10812304354972657,0.0,0.0,0.0,0.1042306139819364,0.0,0.1042306139819364,0.0 
 07/21  15:47:00,32.6,22.062071050507843,34.19390269106584,22.062071050507843,0.0,30845.308189838615,34.19390269106584,0.0,0.0,0.10812304354972657,0.10812304354972657,0.0,0.0,0.10812304354972657,0.0,0.0,0.0,0.1042306139819364,0.0,0.1042306139819364,0.0 
 07/21  15:48:00,32.66,22.03746512098478,34.20755919184255,22.03746512098478,0.0,30947.818199621728,34.20755919184255,0.0,0.0,0.10812304354972657,0.10812304354972657,0.0,0.0,0.10812304354972657,0.0,0.0,0.0,0.1042306139819364,0.0,0.1042306139819364,0.0 
 07/21  15:49:00,32.64,22.021686889041792,34.22118030136323,22.021686889041792,0.0,30576.38717407663,34.22118030136323,0.0,0.0,0.10812304354972657,0.10812304354972657,0.0,0.0,0.10812304354972657,0.0,0.0,0.0,0.1042306139819364,0.0,0.1042306139819364,0.0 
 07/21  15:50:00,32.62,22.017806281799828,34.23475509968585,22.017806281799828,0.0,30350.774079643994,34.23475509968585,0.0,0.0,0.10812304354972657,0.10812304354972657,0.0,0.0,0.10812304354972657,0.0,0.0,0.0,0.1042306139819364,0.0,0.1042306139819364,0.0 
 07/21  15:51:00,32.48,22.015351642068147,34.248257211892565,22.015351642068147,0.0,30267.83782961644,34.248257211892565,0.0,0.0,0.10812304354972657,0.10812304354972657,0.0,0.0,0.10812304354972657,0.0,0.0,0.0,0.1042306139819364,0.0,0.1042306139819364,0.0 
 07/21  15:52:00,32.49,22.009397045466574,34.26169942404561,22.009397045466574,0.0,30161.59434406249,34.26169942404561,0.0,0.0,0.10812304354972657,0.10812304354972657,0.0,0.0,0.10812304354972657,0.0,0.0,0.0,0.1042306139819364,0.0,0.1042306139819364,0.0 
 07/21  15:53:00,32.68,22.179801608451463,34.27512727231935,22.179801608451463,0.0,26302.024264494925,34.27512727231935,0.0,0.0,0.10812304354972657,0.10812304354972657,0.0,0.0,0.10812304354972657,0.0,0.0,0.0,0.015569718271160625,0.0,0.015569718271160625,0.0 
 07/21  15:54:00,32.7,22.6089226232852,34.28853538951673,22.6089226232852,0.0,21967.7726800683,34.28853538951673,0.0,0.0,0.10812304354972657,0.10812304354972657,0.0,0.0,0.10812304354972657,0.0,0.0,0.0,0.015569718271160625,0.0,0.015569718271160625,0.0 
 07/21  15:55:00,32.77,23.028394532338698,34.301920327003096,23.028394532338698,0.0,22496.982693118436,34.301920327003096,0.0,0.0,0.10812304354972657,0.10812304354972657,0.0,0.0,0.10812304354972657,0.0,0.0,0.0,0.015569718271160625,0.0,0.015569718271160625,0.0 
 07/21  15:56:00,32.77,23.2112402444926,34.31526819652738,23.2112402444926,0.0,24646.837323327592,34.31526819652738,0.0,0.0,0.10812304354972657,0.10812304354972657,0.0,0.0,0.10812304354972657,0.0,0.0,0.0,0.015569718271160625,0.0,0.015569718271160625,0.0 
 07/21  15:57:00,32.86,23.271963074141095,34.32858637822973,23.271963074141095,0.0,23785.971484549562,34.32858637822973,0.0,0.0,0.10812304354972657,0.10812304354972657,0.0,0.0,0.10812304354972657,0.0,0.0,0.0,0.015569718271160625,0.0,0.015569718271160625,0.0 
 07/21  15:58:00,32.83,23.245919860514956,34.341859848620466,23.245919860514956,0.0,24678.00045102343,34.341859848620466,0.0,0.0,0.10812304354972657,0.10812304354972657,0.0,0.0,0.10812304354972657,0.0,0.0,0.0,0.015569718271160625,0.0,0.015569718271160625,0.0 
 07/21  15:59:00,32.81,23.212647657604357,34.35507963976435,23.212647657604357,0.0,24323.25720884408,34.35507963976435,0.0,0.0,0.10812304354972657,0.10812304354972657,0.0,0.0,0.10812304354972657,0.0,0.0,0.0,0.015569718271160625,0.0,0.015569718271160625,0.0 
 07/21  16:00:00,32.81,23.197273191014798,34.36824679578203,23.197273191014798,0.0,24220.8775679526,34.36824679578203,0.0,0.0,0.10812304354972657,0.10812304354972657,0.0,0.0,0.10812304354972657,0.0,0.0,0.0,0.015569718271160625,0.0,0.015569718271160625,0.0,49104000.0 
 07/21  16:01:00,32.82,23.23018753505913,34.381365210551145,23.23018753505913,0.0,23441.19528910165,34.381365210551145,0.0,0.0,0.10812304354972657,0.10812304354972657,0.0,0.0,0.10812304354972657,0.0,0.0,0.0,0.015569718271160625,0.0,0.015569718271160625,0.0 
 07/21  16:02:00,32.79,23.230361928800946,34.3944289742246,23.230361928800946,0.0,24374.62717919382,34.3944289742246,0.0,0.0,0.10812304354972657,0.10812304354972657,0.0,0.0,0.10812304354972657,0.0,0.0,0.0,0.015569718271160625,0.0,0.015569718271160625,0.0 
 07/21  16:03:00,32.77,23.20162010999331,34.40743630949722,23.20162010999331,0.0,24383.005418847977,34.40743630949722,0.0,0.0,0.10812304354972657,0.10812304354972657,0.0,0.0,0.10812304354972657,0.0,0.0,0.0,0.015569718271160625,0.0,0.015569718271160625,0.0 
 07/21  16:04:00,32.7,23.144204724198143,34.42037790510493,23.144204724198143,0.0,24799.760930961165,34.42037790510493,0.0,0.0,0.10812304354972657,0.10812304354972657,0.0,0.0,0.10812304354972657,0.0,0.0,0.0,0.015569718271160625,0.0,0.015569718271160625,0.0 
 07/21  16:05:00,32.62,23.032418381296473,34.43324643651907,23.032418381296473,0.0,25853.317224267746,34.43324643651907,0.0,0.0,0.10812304354972657,0.10812304354972657,0.0,0.0,0.10812304354972657,0.0,0.0,0.0,0.015569718271160625,0.0,0.015569718271160625,0.0 
 07/21  16:06:00,32.68,22.926142603371623,34.44606460597897,22.926142603371623,0.0,25611.753395374282,34.44606460597897,0.0,0.0,0.10812304354972657,0.10812304354972657,0.0,0.0,0.10812304354972657,0.0,0.0,0.0,0.015569718271160625,0.0,0.015569718271160625,0.0 
 07/21  16:07:00,32.67,22.881705939474198,34.45883533198846,22.881705939474198,0.0,24916.301421901982,34.45883533198846,0.0,0.0,0.10812304354972657,0.10812304354972657,0.0,0.0,0.10812304354972657,0.0,0.0,0.0,0.015569718271160625,0.0,0.015569718271160625,0.0 
 07/21  16:08:00,32.6,22.953236653124534,34.47154514330302,22.953236653124534,0.0,23261.725634754748,34.47154514330302,0.0,0.0,0.10812304354972657,0.10812304354972657,0.0,0.0,0.10812304354972657,0.0,0.0,0.0,0.015569718271160625,0.0,0.015569718271160625,0.0 
 07/21  16:09:00,32.64,23.024583897970317,34.484205213495976,23.024583897970317,0.0,23936.604308840015,34.484205213495976,0.0,0.0,0.10812304354972657,0.10812304354972657,0.0,0.0,0.10812304354972657,0.0,0.0,0.0,0.015569718271160625,0.0,0.015569718271160625,0.0 
 07/21  16:10:00,32.65,23.02648439466495,34.49681886824773,23.02648439466495,0.0,24615.16722985146,34.49681886824773,0.0,0.0,0.10812304354972657,0.10812304354972657,0.0,0.0,0.10812304354972657,0.0,0.0,0.0,0.015569718271160625,0.0,0.015569718271160625,0.0 
 07/21  16:11:00,32.65,23.02336368226134,34.50938482452421,23.02336368226134,0.0,23861.887911758367,34.50938482452421,0.0,0.0,0.10812304354972657,0.10812304354972657,0.0,0.0,0.10812304354972657,0.0,0.0,0.0,0.015569718271160625,0.0,0.015569718271160625,0.0 
 07/21  16:12:00,32.58,22.642713272312964,34.521888464884775,22.642713272312964,0.0,31715.26548407429,34.521888464884775,0.0,0.0,0.10812304354972657,0.10812304354972657,0.0,0.0,0.10812304354972657,0.0,0.0,0.0,0.05838644351685235,0.0,0.05838644351685235,0.0 
 07/21  16:13:00,32.49,22.21131548845422,34.53431708352348,22.21131548845422,0.0,30174.370011894007,34.53431708352348,0.0,0.0,0.10812304354972657,0.10812304354972657,0.0,0.0,0.10812304354972657,0.0,0.0,0.0,0.05838644351685235,0.0,0.05838644351685235,0.0 
 07/21  16:14:00,32.46,21.93619536705626,34.54667610240702,21.93619536705626,0.0,29274.594290629087,34.54667610240702,0.0,0.0,0.10812304354972657,0.10812304354972657,0.0,0.0,0.10812304354972657,0.0,0.0,0.0,0.05838644351685235,0.0,0.05838644351685235,0.0 
 07/21  16:15:00,32.51,21.91375465792308,34.55898576731714,21.91375465792308,0.0,26927.6644807495,34.55898576731714,0.0,0.0,0.10812304354972657,0.10812304354972657,0.0,0.0,0.10812304354972657,0.0,0.0,0.0,0.1066093209400304,0.0,0.1066093209400304,0.0 
 07/21  16:16:00,32.53,22.493332221819628,34.571251827886755,22.493332221819628,0.0,16603.285408337622,34.571251827886755,0.0,0.0,0.10812304354972657,0.10812304354972657,0.0,0.0,0.10812304354972657,0.0,0.0,0.0,0.0,0.0,0.0,0.0 
 07/21  16:17:00,28.1,24.07052134681345,34.58291755100543,24.07052134681345,0.0,0.0,34.58291755100543,0.0,0.0,0.0,0.0,0.0,0.0,0.0,0.0,0.0,0.0,0.0,0.0,0.0,0.0 
 07/21  16:18:00,28.1,25.78979784727925,34.59419159947352,25.78979784727925,0.0,0.0,34.59419159947352,0.0,0.0,0.0,0.0,0.0,0.0,0.0,0.0,0.0,0.0,0.0,0.0,0.0,0.0 
 07/21  16:19:00,28.1,27.13988334202793,34.60531000530514,27.13988334202793,0.0,0.0,34.60531000530514,0.0,0.0,0.0,0.0,0.0,0.0,0.0,0.0,0.0,0.0,0.0,0.0,0.0,0.0 
 07/21  16:20:00,28.1,28.067691055815203,34.61638435119239,28.067691055815203,0.0,0.0,34.61638435119239,0.0,0.0,0.0,0.0,0.0,0.0,0.0,0.0,0.0,0.0,0.0,0.0,0.0,0.0 
 07/21  16:21:00,28.1,28.702803700991275,34.627441501469065,28.702803700991275,0.0,0.0,34.627441501469065,0.0,0.0,0.0,0.0,0.0,0.0,0.0,0.0,0.0,0.0,0.0,0.0,0.0,0.0 
 07/21  16:22:00,28.1,29.177310851171377,34.638476858522104,29.177310851171377,0.0,0.0,34.638476858522104,0.0,0.0,0.0,0.0,0.0,0.0,0.0,0.0,0.0,0.0,0.0,0.0,0.0,0.0 
 07/21  16:23:00,28.1,29.56445987683661,34.649481290977086,29.56445987683661,0.0,0.0,34.649481290977086,0.0,0.0,0.0,0.0,0.0,0.0,0.0,0.0,0.0,0.0,0.0,0.0,0.0,0.0 
 07/21  16:24:00,28.1,29.899773849603783,34.66044845100587,29.899773849603783,0.0,0.0,34.66044845100587,0.0,0.0,0.0,0.0,0.0,0.0,0.0,0.0,0.0,0.0,0.0,0.0,0.0,0.0 
 07/21  16:25:00,28.1,30.192502536543586,34.671374800177254,30.192502536543586,0.0,0.0,34.671374800177254,0.0,0.0,0.0,0.0,0.0,0.0,0.0,0.0,0.0,0.0,0.0,0.0,0.0,0.0 
 07/21  16:26:00,28.1,30.445837558235425,34.682257595685165,30.445837558235425,0.0,0.0,34.682257595685165,0.0,0.0,0.0,0.0,0.0,0.0,0.0,0.0,0.0,0.0,0.0,0.0,0.0,0.0 
 07/21  16:27:00,28.1,30.66436538171407,34.69309430189936,30.66436538171407,0.0,0.0,34.69309430189936,0.0,0.0,0.0,0.0,0.0,0.0,0.0,0.0,0.0,0.0,0.0,0.0,0.0,0.0 
 07/21  16:28:00,28.1,30.852037452212404,34.70388210880683,30.852037452212404,0.0,0.0,34.70388210880683,0.0,0.0,0.0,0.0,0.0,0.0,0.0,0.0,0.0,0.0,0.0,0.0,0.0,0.0 
 07/21  16:29:00,28.1,31.013670026563755,34.714617868324574,31.013670026563755,0.0,0.0,34.714617868324574,0.0,0.0,0.0,0.0,0.0,0.0,0.0,0.0,0.0,0.0,0.0,0.0,0.0,0.0 
 07/21  16:30:00,28.1,31.15357997961219,34.72529809112202,31.15357997961219,0.0,0.0,34.72529809112202,0.0,0.0,0.0,0.0,0.0,0.0,0.0,0.0,0.0,0.0,0.0,0.0,0.0,0.0 
 07/21  16:31:00,28.1,31.275150034423127,34.73591931149647,31.275150034423127,0.0,0.0,34.73591931149647,0.0,0.0,0.0,0.0,0.0,0.0,0.0,0.0,0.0,0.0,0.0,0.0,0.0,0.0 
 07/21  16:32:00,28.1,31.381391706174572,34.746477633214745,31.381391706174572,0.0,0.0,34.746477633214745,0.0,0.0,0.0,0.0,0.0,0.0,0.0,0.0,0.0,0.0,0.0,0.0,0.0,0.0 
 07/21  16:33:00,28.1,31.475077580820567,34.75696918972347,31.475077580820567,0.0,0.0,34.75696918972347,0.0,0.0,0.0,0.0,0.0,0.0,0.0,0.0,0.0,0.0,0.0,0.0,0.0,0.0 
 07/21  16:34:00,28.1,31.558578809126764,34.76739004055673,31.558578809126764,0.0,0.0,34.76739004055673,0.0,0.0,0.0,0.0,0.0,0.0,0.0,0.0,0.0,0.0,0.0,0.0,0.0,0.0 
 07/21  16:35:00,28.1,31.63390581107363,34.77773615636943,31.63390581107363,0.0,0.0,34.77773615636943,0.0,0.0,0.0,0.0,0.0,0.0,0.0,0.0,0.0,0.0,0.0,0.0,0.0,0.0 
 07/21  16:36:00,28.1,31.702645257391854,34.788003428699994,31.702645257391854,0.0,0.0,34.788003428699994,0.0,0.0,0.0,0.0,0.0,0.0,0.0,0.0,0.0,0.0,0.0,0.0,0.0,0.0 
 07/21  16:37:00,28.1,31.76609717845956,34.79818805770922,31.76609717845956,0.0,0.0,34.79818805770922,0.0,0.0,0.0,0.0,0.0,0.0,0.0,0.0,0.0,0.0,0.0,0.0,0.0,0.0 
 07/21  16:38:00,28.1,31.82525547537691,34.80828602784699,31.82525547537691,0.0,0.0,34.80828602784699,0.0,0.0,0.0,0.0,0.0,0.0,0.0,0.0,0.0,0.0,0.0,0.0,0.0,0.0 
 07/21  16:39:00,28.1,31.880941462402365,34.81829362861429,31.880941462402365,0.0,0.0,34.81829362861429,0.0,0.0,0.0,0.0,0.0,0.0,0.0,0.0,0.0,0.0,0.0,0.0,0.0,0.0 
 07/21  16:40:00,28.1,31.933771922393404,34.82820737731599,31.933771922393404,0.0,0.0,34.82820737731599,0.0,0.0,0.0,0.0,0.0,0.0,0.0,0.0,0.0,0.0,0.0,0.0,0.0,0.0 
 07/21  16:41:00,28.1,31.984268131303395,34.83802401896789,31.984268131303395,0.0,0.0,34.83802401896789,0.0,0.0,0.0,0.0,0.0,0.0,0.0,0.0,0.0,0.0,0.0,0.0,0.0,0.0 
 07/21  16:42:00,28.1,32.03281205445193,34.84774087252511,32.03281205445193,0.0,0.0,34.84774087252511,0.0,0.0,0.0,0.0,0.0,0.0,0.0,0.0,0.0,0.0,0.0,0.0,0.0,0.0 
 07/21  16:43:00,28.1,32.079737294549105,34.857352248371676,32.079737294549105,0.0,0.0,34.857352248371676,0.0,0.0,0.0,0.0,0.0,0.0,0.0,0.0,0.0,0.0,0.0,0.0,0.0,0.0 
 07/21  16:44:00,28.1,32.125279626381406,34.86685185415365,32.125279626381406,0.0,0.0,34.86685185415365,0.0,0.0,0.0,0.0,0.0,0.0,0.0,0.0,0.0,0.0,0.0,0.0,0.0,0.0 
 07/21  16:45:00,28.1,32.169655421398694,34.876234551145295,32.169655421398694,0.0,0.0,34.876234551145295,0.0,0.0,0.0,0.0,0.0,0.0,0.0,0.0,0.0,0.0,0.0,0.0,0.0,0.0 
 07/21  16:46:00,28.1,32.21300975974511,34.88549610767128,32.21300975974511,0.0,0.0,34.88549610767128,0.0,0.0,0.0,0.0,0.0,0.0,0.0,0.0,0.0,0.0,0.0,0.0,0.0,0.0 
 07/21  16:47:00,28.1,32.25548588235945,34.89463277643876,32.25548588235945,0.0,0.0,34.89463277643876,0.0,0.0,0.0,0.0,0.0,0.0,0.0,0.0,0.0,0.0,0.0,0.0,0.0,0.0 
 07/21  16:48:00,28.1,32.29717266532406,34.9036410652568,32.29717266532406,0.0,0.0,34.9036410652568,0.0,0.0,0.0,0.0,0.0,0.0,0.0,0.0,0.0,0.0,0.0,0.0,0.0,0.0 
 07/21  16:49:00,28.1,32.33816760830853,34.91251811331681,32.33816760830853,0.0,0.0,34.91251811331681,0.0,0.0,0.0,0.0,0.0,0.0,0.0,0.0,0.0,0.0,0.0,0.0,0.0,0.0 
 07/21  16:50:00,28.1,32.37852470870579,34.921260895439595,32.37852470870579,0.0,0.0,34.921260895439595,0.0,0.0,0.0,0.0,0.0,0.0,0.0,0.0,0.0,0.0,0.0,0.0,0.0,0.0 
 07/21  16:51:00,28.1,32.418312728034635,34.92986685146458,32.418312728034635,0.0,0.0,34.92986685146458,0.0,0.0,0.0,0.0,0.0,0.0,0.0,0.0,0.0,0.0,0.0,0.0,0.0,0.0 
 07/21  16:52:00,28.1,32.45756401970725,34.93833366278013,32.45756401970725,0.0,0.0,34.93833366278013,0.0,0.0,0.0,0.0,0.0,0.0,0.0,0.0,0.0,0.0,0.0,0.0,0.0,0.0 
 07/21  16:53:00,28.1,32.49632925287156,34.946659158672524,32.49632925287156,0.0,0.0,34.946659158672524,0.0,0.0,0.0,0.0,0.0,0.0,0.0,0.0,0.0,0.0,0.0,0.0,0.0,0.0 
 07/21  16:54:00,28.1,32.534627469059714,34.95484124132723,32.534627469059714,0.0,0.0,34.95484124132723,0.0,0.0,0.0,0.0,0.0,0.0,0.0,0.0,0.0,0.0,0.0,0.0,0.0,0.0 
 07/21  16:55:00,28.1,32.57249807668461,34.962878406609775,32.57249807668461,0.0,0.0,34.962878406609775,0.0,0.0,0.0,0.0,0.0,0.0,0.0,0.0,0.0,0.0,0.0,0.0,0.0,0.0 
 07/21  16:56:00,28.1,32.60995229754296,34.9707688810529,32.60995229754296,0.0,0.0,34.9707688810529,0.0,0.0,0.0,0.0,0.0,0.0,0.0,0.0,0.0,0.0,0.0,0.0,0.0,0.0 
 07/21  16:57:00,28.1,32.64702307468497,34.97851131774985,32.64702307468497,0.0,0.0,34.97851131774985,0.0,0.0,0.0,0.0,0.0,0.0,0.0,0.0,0.0,0.0,0.0,0.0,0.0,0.0 
 07/21  16:58:00,28.1,32.683718215636056,34.98610454120647,32.683718215636056,0.0,0.0,34.98610454120647,0.0,0.0,0.0,0.0,0.0,0.0,0.0,0.0,0.0,0.0,0.0,0.0,0.0,0.0 
 07/21  16:59:00,28.1,32.720069382923924,34.993547451004595,32.720069382923924,0.0,0.0,34.993547451004595,0.0,0.0,0.0,0.0,0.0,0.0,0.0,0.0,0.0,0.0,0.0,0.0,0.0,0.0 
 07/21  17:00:00,28.1,32.75609085505189,35.000838934539175,32.75609085505189,0.0,0.0,35.000838934539175,0.0,0.0,0.0,0.0,0.0,0.0,0.0,0.0,0.0,0.0,0.0,0.0,0.0,0.0,49104000.0 
 07/21  17:01:00,27.4,32.79170633400993,35.007847372815796,32.79170633400993,0.0,0.0,35.007847372815796,0.0,0.0,0.0,0.0,0.0,0.0,0.0,0.0,0.0,0.0,0.0,0.0,0.0,0.0 
 07/21  17:02:00,27.4,32.826876027592974,35.014622658453874,32.826876027592974,0.0,0.0,35.014622658453874,0.0,0.0,0.0,0.0,0.0,0.0,0.0,0.0,0.0,0.0,0.0,0.0,0.0,0.0 
 07/21  17:03:00,27.4,32.86160939766622,35.02122098669404,32.86160939766622,0.0,0.0,35.02122098669404,0.0,0.0,0.0,0.0,0.0,0.0,0.0,0.0,0.0,0.0,0.0,0.0,0.0,0.0 
 07/21  17:04:00,27.4,32.895902139994504,35.0276688172981,32.895902139994504,0.0,0.0,35.0276688172981,0.0,0.0,0.0,0.0,0.0,0.0,0.0,0.0,0.0,0.0,0.0,0.0,0.0,0.0 
 07/21  17:05:00,27.4,32.92977401286758,35.033972375145645,32.92977401286758,0.0,0.0,35.033972375145645,0.0,0.0,0.0,0.0,0.0,0.0,0.0,0.0,0.0,0.0,0.0,0.0,0.0,0.0 
 07/21  17:06:00,27.4,32.963223371364364,35.04013038205572,32.963223371364364,0.0,0.0,35.04013038205572,0.0,0.0,0.0,0.0,0.0,0.0,0.0,0.0,0.0,0.0,0.0,0.0,0.0,0.0 
 07/21  17:07:00,27.4,32.99627092640131,35.046141082932984,32.99627092640131,0.0,0.0,35.046141082932984,0.0,0.0,0.0,0.0,0.0,0.0,0.0,0.0,0.0,0.0,0.0,0.0,0.0,0.0 
 07/21  17:08:00,27.4,33.028915759598036,35.0520031120714,33.028915759598036,0.0,0.0,35.0520031120714,0.0,0.0,0.0,0.0,0.0,0.0,0.0,0.0,0.0,0.0,0.0,0.0,0.0,0.0 
 07/21  17:09:00,27.4,33.06117856643013,35.05771631669239,33.06117856643013,0.0,0.0,35.05771631669239,0.0,0.0,0.0,0.0,0.0,0.0,0.0,0.0,0.0,0.0,0.0,0.0,0.0,0.0 
 07/21  17:10:00,27.4,33.09305807681735,35.063280780454846,33.09305807681735,0.0,0.0,35.063280780454846,0.0,0.0,0.0,0.0,0.0,0.0,0.0,0.0,0.0,0.0,0.0,0.0,0.0,0.0 
 07/21  17:11:00,27.4,33.12457395975137,35.06869169536804,33.12457395975137,0.0,0.0,35.06869169536804,0.0,0.0,0.0,0.0,0.0,0.0,0.0,0.0,0.0,0.0,0.0,0.0,0.0,0.0 
 07/21  17:12:00,27.4,33.155723935704806,35.07394481814839,33.155723935704806,0.0,0.0,35.07394481814839,0.0,0.0,0.0,0.0,0.0,0.0,0.0,0.0,0.0,0.0,0.0,0.0,0.0,0.0 
 07/21  17:13:00,27.4,33.18652633344372,35.07903743701237,33.18652633344372,0.0,0.0,35.07903743701237,0.0,0.0,0.0,0.0,0.0,0.0,0.0,0.0,0.0,0.0,0.0,0.0,0.0,0.0 
 07/21  17:14:00,27.4,33.21697780426076,35.08396698254495,33.21697780426076,0.0,0.0,35.08396698254495,0.0,0.0,0.0,0.0,0.0,0.0,0.0,0.0,0.0,0.0,0.0,0.0,0.0,0.0 
 07/21  17:15:00,27.4,33.24709541936912,35.08873149049092,33.24709541936912,0.0,0.0,35.08873149049092,0.0,0.0,0.0,0.0,0.0,0.0,0.0,0.0,0.0,0.0,0.0,0.0,0.0,0.0 
 07/21  17:16:00,27.4,33.276874896573915,35.09332914529756,33.276874896573915,0.0,0.0,35.09332914529756,0.0,0.0,0.0,0.0,0.0,0.0,0.0,0.0,0.0,0.0,0.0,0.0,0.0,0.0 
 07/21  17:17:00,27.4,33.306332218332265,35.09775817085425,33.306332218332265,0.0,0.0,35.09775817085425,0.0,0.0,0.0,0.0,0.0,0.0,0.0,0.0,0.0,0.0,0.0,0.0,0.0,0.0 
 07/21  17:18:00,27.4,33.33546231722554,35.10201673485107,33.33546231722554,0.0,0.0,35.10201673485107,0.0,0.0,0.0,0.0,0.0,0.0,0.0,0.0,0.0,0.0,0.0,0.0,0.0,0.0 
 07/21  17:19:00,27.4,33.36428024768297,35.10610370428905,33.36428024768297,0.0,0.0,35.10610370428905,0.0,0.0,0.0,0.0,0.0,0.0,0.0,0.0,0.0,0.0,0.0,0.0,0.0,0.0 
 07/21  17:20:00,27.4,33.39278027749119,35.11001766410372,33.39278027749119,0.0,0.0,35.11001766410372,0.0,0.0,0.0,0.0,0.0,0.0,0.0,0.0,0.0,0.0,0.0,0.0,0.0,0.0 
 07/21  17:21:00,27.4,33.420976667954655,35.11375857869566,33.420976667954655,0.0,0.0,35.11375857869566,0.0,0.0,0.0,0.0,0.0,0.0,0.0,0.0,0.0,0.0,0.0,0.0,0.0,0.0 
 07/21  17:22:00,27.4,33.44886311307606,35.117323729285665,33.44886311307606,0.0,0.0,35.117323729285665,0.0,0.0,0.0,0.0,0.0,0.0,0.0,0.0,0.0,0.0,0.0,0.0,0.0,0.0 
 07/21  17:23:00,27.4,33.47645319180574,35.120710052809606,33.47645319180574,0.0,0.0,35.120710052809606,0.0,0.0,0.0,0.0,0.0,0.0,0.0,0.0,0.0,0.0,0.0,0.0,0.0,0.0 
 07/21  17:24:00,27.4,33.50374009483126,35.12391465567268,33.50374009483126,0.0,0.0,35.12391465567268,0.0,0.0,0.0,0.0,0.0,0.0,0.0,0.0,0.0,0.0,0.0,0.0,0.0,0.0 
 07/21  17:25:00,27.4,33.530736812508486,35.12693561713191,33.530736812508486,0.0,0.0,35.12693561713191,0.0,0.0,0.0,0.0,0.0,0.0,0.0,0.0,0.0,0.0,0.0,0.0,0.0,0.0 
 07/21  17:26:00,27.4,33.55743609212731,35.129770672651205,33.55743609212731,0.0,0.0,35.129770672651205,0.0,0.0,0.0,0.0,0.0,0.0,0.0,0.0,0.0,0.0,0.0,0.0,0.0,0.0 
 07/21  17:27:00,27.4,33.58385041871413,35.13241813031406,33.58385041871413,0.0,0.0,35.13241813031406,0.0,0.0,0.0,0.0,0.0,0.0,0.0,0.0,0.0,0.0,0.0,0.0,0.0,0.0 
 07/21  17:28:00,27.4,33.60997215213306,35.13487642145003,33.60997215213306,0.0,0.0,35.13487642145003,0.0,0.0,0.0,0.0,0.0,0.0,0.0,0.0,0.0,0.0,0.0,0.0,0.0,0.0 
 07/21  17:29:00,27.4,33.63581334836968,35.13714407408621,33.63581334836968,0.0,0.0,35.13714407408621,0.0,0.0,0.0,0.0,0.0,0.0,0.0,0.0,0.0,0.0,0.0,0.0,0.0,0.0 
 07/21  17:30:00,27.4,33.66136603444474,35.13921951354481,33.66136603444474,0.0,0.0,35.13921951354481,0.0,0.0,0.0,0.0,0.0,0.0,0.0,0.0,0.0,0.0,0.0,0.0,0.0,0.0 
 07/21  17:31:00,27.4,33.68664190747834,35.141101902787895,33.68664190747834,0.0,0.0,35.141101902787895,0.0,0.0,0.0,0.0,0.0,0.0,0.0,0.0,0.0,0.0,0.0,0.0,0.0,0.0 
 07/21  17:32:00,27.4,33.71163271490389,35.1427898610934,33.71163271490389,0.0,0.0,35.1427898610934,0.0,0.0,0.0,0.0,0.0,0.0,0.0,0.0,0.0,0.0,0.0,0.0,0.0,0.0 
 07/21  17:33:00,27.4,33.736349858700486,35.14428254492098,33.736349858700486,0.0,0.0,35.14428254492098,0.0,0.0,0.0,0.0,0.0,0.0,0.0,0.0,0.0,0.0,0.0,0.0,0.0,0.0 
 07/21  17:34:00,27.4,33.760784857992704,35.14557920148034,33.760784857992704,0.0,0.0,35.14557920148034,0.0,0.0,0.0,0.0,0.0,0.0,0.0,0.0,0.0,0.0,0.0,0.0,0.0,0.0 
 07/21  17:35:00,27.4,33.78494887651922,35.14667917739196,33.78494887651922,0.0,0.0,35.14667917739196,0.0,0.0,0.0,0.0,0.0,0.0,0.0,0.0,0.0,0.0,0.0,0.0,0.0,0.0 
 07/21  17:36:00,27.4,33.80883325393754,35.14758169418232,33.80883325393754,0.0,0.0,35.14758169418232,0.0,0.0,0.0,0.0,0.0,0.0,0.0,0.0,0.0,0.0,0.0,0.0,0.0,0.0 
 07/21  17:37:00,27.4,33.83244896580526,35.14828673854395,33.83244896580526,0.0,0.0,35.14828673854395,0.0,0.0,0.0,0.0,0.0,0.0,0.0,0.0,0.0,0.0,0.0,0.0,0.0,0.0 
 07/21  17:38:00,27.4,33.85578721852048,35.14879371551205,33.85578721852048,0.0,0.0,35.14879371551205,0.0,0.0,0.0,0.0,0.0,0.0,0.0,0.0,0.0,0.0,0.0,0.0,0.0,0.0 
 07/21  17:39:00,27.4,33.87885884289859,35.149102577009515,33.87885884289859,0.0,0.0,35.149102577009515,0.0,0.0,0.0,0.0,0.0,0.0,0.0,0.0,0.0,0.0,0.0,0.0,0.0,0.0 
 07/21  17:40:00,27.4,33.9016549554881,35.14921334367675,33.9016549554881,0.0,0.0,35.14921334367675,0.0,0.0,0.0,0.0,0.0,0.0,0.0,0.0,0.0,0.0,0.0,0.0,0.0,0.0 
 07/21  17:41:00,27.4,33.92418627943757,35.149126116036435,33.92418627943757,0.0,0.0,35.149126116036435,0.0,0.0,0.0,0.0,0.0,0.0,0.0,0.0,0.0,0.0,0.0,0.0,0.0,0.0 
 07/21  17:42:00,27.4,33.94644388177243,35.14884082744883,33.94644388177243,0.0,0.0,35.14884082744883,0.0,0.0,0.0,0.0,0.0,0.0,0.0,0.0,0.0,0.0,0.0,0.0,0.0,0.0 
 07/21  17:43:00,27.4,33.968438408895636,35.148358154244335,33.968438408895636,0.0,0.0,35.148358154244335,0.0,0.0,0.0,0.0,0.0,0.0,0.0,0.0,0.0,0.0,0.0,0.0,0.0,0.0 
 07/21  17:44:00,27.4,33.99016091509701,35.14767812705398,33.99016091509701,0.0,0.0,35.14767812705398,0.0,0.0,0.0,0.0,0.0,0.0,0.0,0.0,0.0,0.0,0.0,0.0,0.0,0.0 
 07/21  17:45:00,27.4,34.011621994946125,35.14680128079909,34.011621994946125,0.0,0.0,35.14680128079909,0.0,0.0,0.0,0.0,0.0,0.0,0.0,0.0,0.0,0.0,0.0,0.0,0.0,0.0 
 07/21  17:46:00,27.4,34.03281272254772,35.145728168842425,34.03281272254772,0.0,0.0,35.145728168842425,0.0,0.0,0.0,0.0,0.0,0.0,0.0,0.0,0.0,0.0,0.0,0.0,0.0,0.0 
 07/21  17:47:00,27.4,34.05374365958093,35.1444593752794,34.05374365958093,0.0,0.0,35.1444593752794,0.0,0.0,0.0,0.0,0.0,0.0,0.0,0.0,0.0,0.0,0.0,0.0,0.0,0.0 
 07/21  17:48:00,27.4,34.074405927327916,35.142995277086186,34.074405927327916,0.0,0.0,35.142995277086186,0.0,0.0,0.0,0.0,0.0,0.0,0.0,0.0,0.0,0.0,0.0,0.0,0.0,0.0 
 07/21  17:49:00,27.4,34.09481006750901,35.14133696970827,34.09481006750901,0.0,0.0,35.14133696970827,0.0,0.0,0.0,0.0,0.0,0.0,0.0,0.0,0.0,0.0,0.0,0.0,0.0,0.0 
 07/21  17:50:00,27.4,34.11494726987869,35.13948487832255,34.11494726987869,0.0,0.0,35.13948487832255,0.0,0.0,0.0,0.0,0.0,0.0,0.0,0.0,0.0,0.0,0.0,0.0,0.0,0.0 
 07/21  17:51:00,27.4,34.13482806325945,35.137439918675994,34.13482806325945,0.0,0.0,35.137439918675994,0.0,0.0,0.0,0.0,0.0,0.0,0.0,0.0,0.0,0.0,0.0,0.0,0.0,0.0 
 07/21  17:52:00,27.4,34.15444372088405,35.135203026556276,34.15444372088405,0.0,0.0,35.135203026556276,0.0,0.0,0.0,0.0,0.0,0.0,0.0,0.0,0.0,0.0,0.0,0.0,0.0,0.0 
 07/21  17:53:00,27.4,34.17380476054196,35.13277515702506,34.17380476054196,0.0,0.0,35.13277515702506,0.0,0.0,0.0,0.0,0.0,0.0,0.0,0.0,0.0,0.0,0.0,0.0,0.0,0.0 
 07/21  17:54:00,27.4,34.192902548454924,35.13015706343279,34.192902548454924,0.0,0.0,35.13015706343279,0.0,0.0,0.0,0.0,0.0,0.0,0.0,0.0,0.0,0.0,0.0,0.0,0.0,0.0 
 07/21  17:55:00,27.4,34.21174758933296,35.12735020670778,34.21174758933296,0.0,0.0,35.12735020670778,0.0,0.0,0.0,0.0,0.0,0.0,0.0,0.0,0.0,0.0,0.0,0.0,0.0,0.0 
 07/21  17:56:00,27.4,34.23033134801522,35.124355374790355,34.23033134801522,0.0,0.0,35.124355374790355,0.0,0.0,0.0,0.0,0.0,0.0,0.0,0.0,0.0,0.0,0.0,0.0,0.0,0.0 
 07/21  17:57:00,27.4,34.24866431177036,35.12117381930181,34.24866431177036,0.0,0.0,35.12117381930181,0.0,0.0,0.0,0.0,0.0,0.0,0.0,0.0,0.0,0.0,0.0,0.0,0.0,0.0 
 07/21  17:58:00,27.4,34.26673804761579,35.11780680464681,34.26673804761579,0.0,0.0,35.11780680464681,0.0,0.0,0.0,0.0,0.0,0.0,0.0,0.0,0.0,0.0,0.0,0.0,0.0,0.0 
 07/21  17:59:00,27.4,34.28456302012393,35.11425557662113,34.28456302012393,0.0,0.0,35.11425557662113,0.0,0.0,0.0,0.0,0.0,0.0,0.0,0.0,0.0,0.0,0.0,0.0,0.0,0.0 
 07/21  18:00:00,27.4,34.30213090129159,35.11052117161762,34.30213090129159,0.0,0.0,35.11052117161762,0.0,0.0,0.0,0.0,0.0,0.0,0.0,0.0,0.0,0.0,0.0,0.0,0.0,0.0,49104000.0 
 07/21  18:01:00,26.5,34.31937235931653,35.106435220302416,34.31937235931653,0.0,0.0,35.106435220302416,0.0,0.0,0.0,0.0,0.0,0.0,0.0,0.0,0.0,0.0,0.0,0.0,0.0,0.0 
 07/21  18:02:00,26.5,34.336323696998356,35.10206526911577,34.336323696998356,0.0,0.0,35.10206526911577,0.0,0.0,0.0,0.0,0.0,0.0,0.0,0.0,0.0,0.0,0.0,0.0,0.0,0.0 
 07/21  18:03:00,26.5,34.35303827885707,35.09748688508987,34.35303827885707,0.0,0.0,35.09748688508987,0.0,0.0,0.0,0.0,0.0,0.0,0.0,0.0,0.0,0.0,0.0,0.0,0.0,0.0 
 07/21  18:04:00,26.5,34.369524020343256,35.09273664395776,34.369524020343256,0.0,0.0,35.09273664395776,0.0,0.0,0.0,0.0,0.0,0.0,0.0,0.0,0.0,0.0,0.0,0.0,0.0,0.0 
 07/21  18:05:00,26.5,34.38579029577821,35.08782460991691,34.38579029577821,0.0,0.0,35.08782460991691,0.0,0.0,0.0,0.0,0.0,0.0,0.0,0.0,0.0,0.0,0.0,0.0,0.0,0.0 
 07/21  18:06:00,26.5,34.40182285113502,35.0827508706702,34.40182285113502,0.0,0.0,35.0827508706702,0.0,0.0,0.0,0.0,0.0,0.0,0.0,0.0,0.0,0.0,0.0,0.0,0.0,0.0 
 07/21  18:07:00,26.5,34.417626431790495,35.07751477391911,34.417626431790495,0.0,0.0,35.07751477391911,0.0,0.0,0.0,0.0,0.0,0.0,0.0,0.0,0.0,0.0,0.0,0.0,0.0,0.0 
 07/21  18:08:00,26.5,34.43316721082729,35.072116445026445,34.43316721082729,0.0,0.0,35.072116445026445,0.0,0.0,0.0,0.0,0.0,0.0,0.0,0.0,0.0,0.0,0.0,0.0,0.0,0.0 
 07/21  18:09:00,26.5,34.44848096806556,35.066556084425656,34.44848096806556,0.0,0.0,35.066556084425656,0.0,0.0,0.0,0.0,0.0,0.0,0.0,0.0,0.0,0.0,0.0,0.0,0.0,0.0 
 07/21  18:10:00,26.5,34.46354793090699,35.06083496551625,34.46354793090699,0.0,0.0,35.06083496551625,0.0,0.0,0.0,0.0,0.0,0.0,0.0,0.0,0.0,0.0,0.0,0.0,0.0,0.0 
 07/21  18:11:00,26.5,34.47837443680349,35.05495404828104,34.47837443680349,0.0,0.0,35.05495404828104,0.0,0.0,0.0,0.0,0.0,0.0,0.0,0.0,0.0,0.0,0.0,0.0,0.0,0.0 
 07/21  18:12:00,26.5,34.49295622779388,35.048913656809624,34.49295622779388,0.0,0.0,35.048913656809624,0.0,0.0,0.0,0.0,0.0,0.0,0.0,0.0,0.0,0.0,0.0,0.0,0.0,0.0 
 07/21  18:13:00,26.5,34.50730412956552,35.04271450562058,34.50730412956552,0.0,0.0,35.04271450562058,0.0,0.0,0.0,0.0,0.0,0.0,0.0,0.0,0.0,0.0,0.0,0.0,0.0,0.0 
 07/21  18:14:00,26.5,34.52141243455833,35.03635647152909,34.52141243455833,0.0,0.0,35.03635647152909,0.0,0.0,0.0,0.0,0.0,0.0,0.0,0.0,0.0,0.0,0.0,0.0,0.0,0.0 
 07/21  18:15:00,26.5,34.535292130223574,35.02983964118447,34.535292130223574,0.0,0.0,35.02983964118447,0.0,0.0,0.0,0.0,0.0,0.0,0.0,0.0,0.0,0.0,0.0,0.0,0.0,0.0 
 07/21  18:16:00,26.5,34.548936817984774,35.0231639938402,34.548936817984774,0.0,0.0,35.0231639938402,0.0,0.0,0.0,0.0,0.0,0.0,0.0,0.0,0.0,0.0,0.0,0.0,0.0,0.0 
 07/21  18:17:00,26.5,34.56235639244387,35.01632929104706,34.56235639244387,0.0,0.0,35.01632929104706,0.0,0.0,0.0,0.0,0.0,0.0,0.0,0.0,0.0,0.0,0.0,0.0,0.0,0.0 
 07/21  18:18:00,26.5,34.575543596438145,35.00933502110755,34.575543596438145,0.0,0.0,35.00933502110755,0.0,0.0,0.0,0.0,0.0,0.0,0.0,0.0,0.0,0.0,0.0,0.0,0.0,0.0 
 07/21  18:19:00,26.5,34.588507744501825,35.00218121556202,34.588507744501825,0.0,0.0,35.00218121556202,0.0,0.0,0.0,0.0,0.0,0.0,0.0,0.0,0.0,0.0,0.0,0.0,0.0,0.0 
 07/21  18:20:00,26.5,34.60124131923095,34.99486722834345,34.60124131923095,0.0,0.0,34.99486722834345,0.0,0.0,0.0,0.0,0.0,0.0,0.0,0.0,0.0,0.0,0.0,0.0,0.0,0.0 
 07/21  18:21:00,26.5,34.61375345062025,34.98739278741678,34.61375345062025,0.0,0.0,34.98739278741678,0.0,0.0,0.0,0.0,0.0,0.0,0.0,0.0,0.0,0.0,0.0,0.0,0.0,0.0 
 07/21  18:22:00,26.5,34.6260365247168,34.979757700001976,34.6260365247168,0.0,0.0,34.979757700001976,0.0,0.0,0.0,0.0,0.0,0.0,0.0,0.0,0.0,0.0,0.0,0.0,0.0,0.0 
 07/21  18:23:00,26.5,34.63809954330736,34.97196172101707,34.63809954330736,0.0,0.0,34.97196172101707,0.0,0.0,0.0,0.0,0.0,0.0,0.0,0.0,0.0,0.0,0.0,0.0,0.0,0.0 
 07/21  18:24:00,26.5,34.64993476862189,34.96400450111803,34.64993476862189,0.0,0.0,34.96400450111803,0.0,0.0,0.0,0.0,0.0,0.0,0.0,0.0,0.0,0.0,0.0,0.0,0.0,0.0 
 07/21  18:25:00,26.5,34.66155105995736,34.95588639179045,34.66155105995736,0.0,0.0,34.95588639179045,0.0,0.0,0.0,0.0,0.0,0.0,0.0,0.0,0.0,0.0,0.0,0.0,0.0,0.0 
 07/21  18:26:00,26.5,34.672940518265776,34.94760719129997,34.672940518265776,0.0,0.0,34.94760719129997,0.0,0.0,0.0,0.0,0.0,0.0,0.0,0.0,0.0,0.0,0.0,0.0,0.0,0.0 
 07/21  18:27:00,26.5,34.68411185647541,34.939167188252206,34.68411185647541,0.0,0.0,34.939167188252206,0.0,0.0,0.0,0.0,0.0,0.0,0.0,0.0,0.0,0.0,0.0,0.0,0.0,0.0 
 07/21  18:28:00,26.5,34.69505700046162,34.930566848429805,34.69505700046162,0.0,0.0,34.930566848429805,0.0,0.0,0.0,0.0,0.0,0.0,0.0,0.0,0.0,0.0,0.0,0.0,0.0,0.0 
 07/21  18:29:00,26.5,34.70578453081628,34.92180665784998,34.70578453081628,0.0,0.0,34.92180665784998,0.0,0.0,0.0,0.0,0.0,0.0,0.0,0.0,0.0,0.0,0.0,0.0,0.0,0.0 
 07/21  18:30:00,26.5,34.71628621043846,34.912887053206376,34.71628621043846,0.0,0.0,34.912887053206376,0.0,0.0,0.0,0.0,0.0,0.0,0.0,0.0,0.0,0.0,0.0,0.0,0.0,0.0 
 07/21  18:31:00,26.5,34.72657051690177,34.9038092096584,34.72657051690177,0.0,0.0,34.9038092096584,0.0,0.0,0.0,0.0,0.0,0.0,0.0,0.0,0.0,0.0,0.0,0.0,0.0,0.0 
 07/21  18:32:00,26.5,34.73662908450867,34.89457375747768,34.73662908450867,0.0,0.0,34.89457375747768,0.0,0.0,0.0,0.0,0.0,0.0,0.0,0.0,0.0,0.0,0.0,0.0,0.0,0.0 
 07/21  18:33:00,26.5,34.74647032710067,34.885181799993006,34.74647032710067,0.0,0.0,34.885181799993006,0.0,0.0,0.0,0.0,0.0,0.0,0.0,0.0,0.0,0.0,0.0,0.0,0.0,0.0 
 07/21  18:34:00,26.5,34.75608580031117,34.87563457923878,34.75608580031117,0.0,0.0,34.87563457923878,0.0,0.0,0.0,0.0,0.0,0.0,0.0,0.0,0.0,0.0,0.0,0.0,0.0,0.0 
 07/21  18:35:00,26.5,34.76548389714663,34.86593329447475,34.76548389714663,0.0,0.0,34.86593329447475,0.0,0.0,0.0,0.0,0.0,0.0,0.0,0.0,0.0,0.0,0.0,0.0,0.0,0.0 
 07/21  18:36:00,26.5,34.77465615199548,34.85607902268319,34.77465615199548,0.0,0.0,34.85607902268319,0.0,0.0,0.0,0.0,0.0,0.0,0.0,0.0,0.0,0.0,0.0,0.0,0.0,0.0 
 07/21  18:37:00,26.5,34.783610977464264,34.84607348900667,34.783610977464264,0.0,0.0,34.84607348900667,0.0,0.0,0.0,0.0,0.0,0.0,0.0,0.0,0.0,0.0,0.0,0.0,0.0,0.0 
 07/21  18:38:00,26.5,34.79233994333385,34.83591780509212,34.79233994333385,0.0,0.0,34.83591780509212,0.0,0.0,0.0,0.0,0.0,0.0,0.0,0.0,0.0,0.0,0.0,0.0,0.0,0.0 
 07/21  18:39:00,26.5,34.800851514567704,34.82561347704556,34.800851514567704,0.0,0.0,34.82561347704556,0.0,0.0,0.0,0.0,0.0,0.0,0.0,0.0,0.0,0.0,0.0,0.0,0.0,0.0 
 07/21  18:40:00,26.5,34.80913734493921,34.815162098983905,34.80913734493921,0.0,0.0,34.815162098983905,0.0,0.0,0.0,0.0,0.0,0.0,0.0,0.0,0.0,0.0,0.0,0.0,0.0,0.0 
 07/21  18:41:00,26.5,34.81720597328372,34.804565178906515,34.81720597328372,0.0,0.0,34.804565178906515,0.0,0.0,0.0,0.0,0.0,0.0,0.0,0.0,0.0,0.0,0.0,0.0,0.0,0.0 
 07/21  18:42:00,26.5,34.8250491735087,34.793824086670575,34.8250491735087,0.0,0.0,34.793824086670575,0.0,0.0,0.0,0.0,0.0,0.0,0.0,0.0,0.0,0.0,0.0,0.0,0.0,0.0 
 07/21  18:43:00,26.5,34.83267556764439,34.78294080995721,34.83267556764439,0.0,0.0,34.78294080995721,0.0,0.0,0.0,0.0,0.0,0.0,0.0,0.0,0.0,0.0,0.0,0.0,0.0,0.0 
 07/21  18:44:00,26.5,34.84007707287069,34.77191673823166,34.84007707287069,0.0,0.0,34.77191673823166,0.0,0.0,0.0,0.0,0.0,0.0,0.0,0.0,0.0,0.0,0.0,0.0,0.0,0.0 
 07/21  18:45:00,26.5,34.84726239331255,34.76075364066565,34.84726239331255,0.0,0.0,34.76075364066565,0.0,0.0,0.0,0.0,0.0,0.0,0.0,0.0,0.0,0.0,0.0,0.0,0.0,0.0 
 07/21  18:46:00,26.5,34.85422360225461,34.74945338664911,34.85422360225461,0.0,0.0,34.74945338664911,0.0,0.0,0.0,0.0,0.0,0.0,0.0,0.0,0.0,0.0,0.0,0.0,0.0,0.0 
 07/21  18:47:00,26.5,34.86096947783598,34.738017756448166,34.86096947783598,0.0,0.0,34.738017756448166,0.0,0.0,0.0,0.0,0.0,0.0,0.0,0.0,0.0,0.0,0.0,0.0,0.0,0.0 
 07/21  18:48:00,26.5,34.86749225613435,34.72644841027168,34.86749225613435,0.0,0.0,34.72644841027168,0.0,0.0,0.0,0.0,0.0,0.0,0.0,0.0,0.0,0.0,0.0,0.0,0.0,0.0 
 07/21  18:49:00,26.5,34.873800777884995,34.714747602751636,34.873800777884995,0.0,0.0,34.714747602751636,0.0,0.0,0.0,0.0,0.0,0.0,0.0,0.0,0.0,0.0,0.0,0.0,0.0,0.0 
 07/21  18:50:00,26.5,34.87988744638301,34.70291701795988,34.87988744638301,0.0,0.0,34.70291701795988,0.0,0.0,0.0,0.0,0.0,0.0,0.0,0.0,0.0,0.0,0.0,0.0,0.0,0.0 
 07/21  18:51:00,26.5,34.88576115296659,34.69095869432321,34.88576115296659,0.0,0.0,34.69095869432321,0.0,0.0,0.0,0.0,0.0,0.0,0.0,0.0,0.0,0.0,0.0,0.0,0.0,0.0 
 07/21  18:52:00,26.5,34.89141447291566,34.67887477643275,34.89141447291566,0.0,0.0,34.67887477643275,0.0,0.0,0.0,0.0,0.0,0.0,0.0,0.0,0.0,0.0,0.0,0.0,0.0,0.0 
 07/21  18:53:00,26.5,34.89685633710042,34.66666730140395,34.89685633710042,0.0,0.0,34.66666730140395,0.0,0.0,0.0,0.0,0.0,0.0,0.0,0.0,0.0,0.0,0.0,0.0,0.0,0.0 
 07/21  18:54:00,26.5,34.902079499047545,34.6543381951752,34.902079499047545,0.0,0.0,34.6543381951752,0.0,0.0,0.0,0.0,0.0,0.0,0.0,0.0,0.0,0.0,0.0,0.0,0.0,0.0 
 07/21  18:55:00,26.5,34.907092919401585,34.641889932566386,34.907092919401585,0.0,0.0,34.641889932566386,0.0,0.0,0.0,0.0,0.0,0.0,0.0,0.0,0.0,0.0,0.0,0.0,0.0,0.0 
 07/21  18:56:00,26.5,34.91188953770512,34.629324440714235,34.91188953770512,0.0,0.0,34.629324440714235,0.0,0.0,0.0,0.0,0.0,0.0,0.0,0.0,0.0,0.0,0.0,0.0,0.0,0.0 
 07/21  18:57:00,26.5,34.916478335619296,34.616643957691686,34.916478335619296,0.0,0.0,34.616643957691686,0.0,0.0,0.0,0.0,0.0,0.0,0.0,0.0,0.0,0.0,0.0,0.0,0.0,0.0 
 07/21  18:58:00,26.5,34.920852447334084,34.60385082672761,34.920852447334084,0.0,0.0,34.60385082672761,0.0,0.0,0.0,0.0,0.0,0.0,0.0,0.0,0.0,0.0,0.0,0.0,0.0,0.0 
 07/21  18:59:00,26.5,34.92502086716081,34.590947254095454,34.92502086716081,0.0,0.0,34.590947254095454,0.0,0.0,0.0,0.0,0.0,0.0,0.0,0.0,0.0,0.0,0.0,0.0,0.0,0.0 
 07/21  19:00:00,26.5,34.92897693255751,34.5779353422339,34.92897693255751,0.0,0.0,34.5779353422339,0.0,0.0,0.0,0.0,0.0,0.0,0.0,0.0,0.0,0.0,0.0,0.0,0.0,0.0,49104000.0 
 07/21  19:01:00,25.6,34.932651291249286,34.56464845792228,34.932651291249286,0.0,0.0,34.56464845792228,0.0,0.0,0.0,0.0,0.0,0.0,0.0,0.0,0.0,0.0,0.0,0.0,0.0,0.0 
 07/21  19:02:00,25.6,34.936086390144816,34.551153878501204,34.936086390144816,0.0,0.0,34.551153878501204,0.0,0.0,0.0,0.0,0.0,0.0,0.0,0.0,0.0,0.0,0.0,0.0,0.0,0.0 
 07/21  19:03:00,25.6,34.939328129507174,34.53752851475799,34.939328129507174,0.0,0.0,34.53752851475799,0.0,0.0,0.0,0.0,0.0,0.0,0.0,0.0,0.0,0.0,0.0,0.0,0.0,0.0 
 07/21  19:04:00,25.6,34.94238741334504,34.523809214362096,34.94238741334504,0.0,0.0,34.523809214362096,0.0,0.0,0.0,0.0,0.0,0.0,0.0,0.0,0.0,0.0,0.0,0.0,0.0,0.0 
 07/21  19:05:00,25.6,34.945272447617114,34.51000657737176,34.945272447617114,0.0,0.0,34.51000657737176,0.0,0.0,0.0,0.0,0.0,0.0,0.0,0.0,0.0,0.0,0.0,0.0,0.0,0.0 
 07/21  19:06:00,25.6,34.94796970403055,34.496121760067034,34.94796970403055,0.0,0.0,34.496121760067034,0.0,0.0,0.0,0.0,0.0,0.0,0.0,0.0,0.0,0.0,0.0,0.0,0.0,0.0 
 07/21  19:07:00,25.6,34.95048245690231,34.48215496985755,34.95048245690231,0.0,0.0,34.48215496985755,0.0,0.0,0.0,0.0,0.0,0.0,0.0,0.0,0.0,0.0,0.0,0.0,0.0,0.0 
 07/21  19:08:00,25.6,34.952800726336726,34.46810681321379,34.952800726336726,0.0,0.0,34.46810681321379,0.0,0.0,0.0,0.0,0.0,0.0,0.0,0.0,0.0,0.0,0.0,0.0,0.0,0.0 
 07/21  19:09:00,25.6,34.9549313607014,34.45397891539349,34.9549313607014,0.0,0.0,34.45397891539349,0.0,0.0,0.0,0.0,0.0,0.0,0.0,0.0,0.0,0.0,0.0,0.0,0.0,0.0 
 07/21  19:10:00,25.6,34.9568671650677,34.43977335537913,34.9568671650677,0.0,0.0,34.43977335537913,0.0,0.0,0.0,0.0,0.0,0.0,0.0,0.0,0.0,0.0,0.0,0.0,0.0,0.0 
 07/21  19:11:00,25.6,34.95861635414379,34.42549206022198,34.95861635414379,0.0,0.0,34.42549206022198,0.0,0.0,0.0,0.0,0.0,0.0,0.0,0.0,0.0,0.0,0.0,0.0,0.0,0.0 
 07/21  19:12:00,25.6,34.960172726207105,34.41113683615004,34.960172726207105,0.0,0.0,34.41113683615004,0.0,0.0,0.0,0.0,0.0,0.0,0.0,0.0,0.0,0.0,0.0,0.0,0.0,0.0 
 07/21  19:13:00,25.6,34.96154485582088,34.39670980147723,34.96154485582088,0.0,0.0,34.39670980147723,0.0,0.0,0.0,0.0,0.0,0.0,0.0,0.0,0.0,0.0,0.0,0.0,0.0,0.0 
 07/21  19:14:00,25.6,34.962727056435845,34.382212579986884,34.962727056435845,0.0,0.0,34.382212579986884,0.0,0.0,0.0,0.0,0.0,0.0,0.0,0.0,0.0,0.0,0.0,0.0,0.0,0.0 
 07/21  19:15:00,25.6,34.963728031556904,34.36764692419956,34.963728031556904,0.0,0.0,34.36764692419956,0.0,0.0,0.0,0.0,0.0,0.0,0.0,0.0,0.0,0.0,0.0,0.0,0.0,0.0 
 07/21  19:16:00,25.6,34.96454247286831,34.353014687130376,34.96454247286831,0.0,0.0,34.353014687130376,0.0,0.0,0.0,0.0,0.0,0.0,0.0,0.0,0.0,0.0,0.0,0.0,0.0,0.0 
 07/21  19:17:00,25.6,34.965179104806495,34.3383174739891,34.965179104806495,0.0,0.0,34.3383174739891,0.0,0.0,0.0,0.0,0.0,0.0,0.0,0.0,0.0,0.0,0.0,0.0,0.0,0.0 
 07/21  19:18:00,25.6,34.965632909233406,34.32355682748644,34.965632909233406,0.0,0.0,34.32355682748644,0.0,0.0,0.0,0.0,0.0,0.0,0.0,0.0,0.0,0.0,0.0,0.0,0.0,0.0 
 07/21  19:19:00,25.6,34.965912557987544,34.30873459832297,34.965912557987544,0.0,0.0,34.30873459832297,0.0,0.0,0.0,0.0,0.0,0.0,0.0,0.0,0.0,0.0,0.0,0.0,0.0,0.0 
 07/21  19:20:00,25.6,34.96601326494534,34.2938522291566,34.96601326494534,0.0,0.0,34.2938522291566,0.0,0.0,0.0,0.0,0.0,0.0,0.0,0.0,0.0,0.0,0.0,0.0,0.0,0.0 
 07/21  19:21:00,25.6,34.96594360365274,34.27891128419523,34.96594360365274,0.0,0.0,34.27891128419523,0.0,0.0,0.0,0.0,0.0,0.0,0.0,0.0,0.0,0.0,0.0,0.0,0.0,0.0 
 07/21  19:22:00,25.6,34.965698982302264,34.26391347639545,34.965698982302264,0.0,0.0,34.26391347639545,0.0,0.0,0.0,0.0,0.0,0.0,0.0,0.0,0.0,0.0,0.0,0.0,0.0,0.0 
 07/21  19:23:00,25.6,34.965287847256725,34.24886027898487,34.965287847256725,0.0,0.0,34.24886027898487,0.0,0.0,0.0,0.0,0.0,0.0,0.0,0.0,0.0,0.0,0.0,0.0,0.0,0.0 
 07/21  19:24:00,25.6,34.96470577491673,34.233753157099144,34.96470577491673,0.0,0.0,34.233753157099144,0.0,0.0,0.0,0.0,0.0,0.0,0.0,0.0,0.0,0.0,0.0,0.0,0.0,0.0 
 07/21  19:25:00,25.6,34.963961065625796,34.21859386103438,34.963961065625796,0.0,0.0,34.21859386103438,0.0,0.0,0.0,0.0,0.0,0.0,0.0,0.0,0.0,0.0,0.0,0.0,0.0,0.0 
 07/21  19:26:00,25.6,34.963049445653304,34.20338380089485,34.963049445653304,0.0,0.0,34.20338380089485,0.0,0.0,0.0,0.0,0.0,0.0,0.0,0.0,0.0,0.0,0.0,0.0,0.0,0.0 
 07/21  19:27:00,25.6,34.96197905757243,34.18812448975341,34.96197905757243,0.0,0.0,34.18812448975341,0.0,0.0,0.0,0.0,0.0,0.0,0.0,0.0,0.0,0.0,0.0,0.0,0.0,0.0 
 07/21  19:28:00,25.6,34.960745765286916,34.172817623706614,34.960745765286916,0.0,0.0,34.172817623706614,0.0,0.0,0.0,0.0,0.0,0.0,0.0,0.0,0.0,0.0,0.0,0.0,0.0,0.0 
 07/21  19:29:00,25.6,34.95935754716394,34.15746465429193,34.95935754716394,0.0,0.0,34.15746465429193,0.0,0.0,0.0,0.0,0.0,0.0,0.0,0.0,0.0,0.0,0.0,0.0,0.0,0.0 
 07/21  19:30:00,25.6,34.95781039736561,34.14206706241353,34.95781039736561,0.0,0.0,34.14206706241353,0.0,0.0,0.0,0.0,0.0,0.0,0.0,0.0,0.0,0.0,0.0,0.0,0.0,0.0 
 07/21  19:31:00,25.6,34.956112127484666,34.12662657691899,34.956112127484666,0.0,0.0,34.12662657691899,0.0,0.0,0.0,0.0,0.0,0.0,0.0,0.0,0.0,0.0,0.0,0.0,0.0,0.0 
 07/21  19:32:00,25.6,34.95425885822161,34.11114463824793,34.95425885822161,0.0,0.0,34.11114463824793,0.0,0.0,0.0,0.0,0.0,0.0,0.0,0.0,0.0,0.0,0.0,0.0,0.0,0.0 
 07/21  19:33:00,25.6,34.95225823443044,34.09562275858442,34.95225823443044,0.0,0.0,34.09562275858442,0.0,0.0,0.0,0.0,0.0,0.0,0.0,0.0,0.0,0.0,0.0,0.0,0.0,0.0 
 07/21  19:34:00,25.6,34.95010650214041,34.0800626532715,34.95010650214041,0.0,0.0,34.0800626532715,0.0,0.0,0.0,0.0,0.0,0.0,0.0,0.0,0.0,0.0,0.0,0.0,0.0,0.0 
 07/21  19:35:00,25.6,34.94781114104652,34.06446577923585,34.94781114104652,0.0,0.0,34.06446577923585,0.0,0.0,0.0,0.0,0.0,0.0,0.0,0.0,0.0,0.0,0.0,0.0,0.0,0.0 
 07/21  19:36:00,25.6,34.945368522795576,34.04883364941975,34.945368522795576,0.0,0.0,34.04883364941975,0.0,0.0,0.0,0.0,0.0,0.0,0.0,0.0,0.0,0.0,0.0,0.0,0.0,0.0 
 07/21  19:37:00,25.6,34.94278596422043,34.03316798077987,34.94278596422043,0.0,0.0,34.03316798077987,0.0,0.0,0.0,0.0,0.0,0.0,0.0,0.0,0.0,0.0,0.0,0.0,0.0,0.0 
 07/21  19:38:00,25.6,34.94005996355409,34.01747024634948,34.94005996355409,0.0,0.0,34.01747024634948,0.0,0.0,0.0,0.0,0.0,0.0,0.0,0.0,0.0,0.0,0.0,0.0,0.0,0.0 
 07/21  19:39:00,25.6,34.93719767719403,34.001741956152095,34.93719767719403,0.0,0.0,34.001741956152095,0.0,0.0,0.0,0.0,0.0,0.0,0.0,0.0,0.0,0.0,0.0,0.0,0.0,0.0 
 07/21  19:40:00,25.6,34.934195731004806,33.98598483797845,34.934195731004806,0.0,0.0,33.98598483797845,0.0,0.0,0.0,0.0,0.0,0.0,0.0,0.0,0.0,0.0,0.0,0.0,0.0,0.0 
 07/21  19:41:00,25.6,34.93106112313529,33.9702003467132,34.93106112313529,0.0,0.0,33.9702003467132,0.0,0.0,0.0,0.0,0.0,0.0,0.0,0.0,0.0,0.0,0.0,0.0,0.0,0.0 
 07/21  19:42:00,25.6,34.92779060780221,33.9543900167514,34.92779060780221,0.0,0.0,33.9543900167514,0.0,0.0,0.0,0.0,0.0,0.0,0.0,0.0,0.0,0.0,0.0,0.0,0.0,0.0 
 07/21  19:43:00,25.6,34.92439102666094,33.938555543480724,34.92439102666094,0.0,0.0,33.938555543480724,0.0,0.0,0.0,0.0,0.0,0.0,0.0,0.0,0.0,0.0,0.0,0.0,0.0,0.0 
 07/21  19:44:00,25.6,34.92085926244497,33.92269842168451,34.92085926244497,0.0,0.0,33.92269842168451,0.0,0.0,0.0,0.0,0.0,0.0,0.0,0.0,0.0,0.0,0.0,0.0,0.0,0.0 
 07/21  19:45:00,25.6,34.91720200157942,33.90682015134739,34.91720200157942,0.0,0.0,33.90682015134739,0.0,0.0,0.0,0.0,0.0,0.0,0.0,0.0,0.0,0.0,0.0,0.0,0.0,0.0 
 07/21  19:46:00,25.6,34.913416254820945,33.89092246488734,34.913416254820945,0.0,0.0,33.89092246488734,0.0,0.0,0.0,0.0,0.0,0.0,0.0,0.0,0.0,0.0,0.0,0.0,0.0,0.0 
 07/21  19:47:00,25.6,34.90950855416371,33.87500681206505,34.90950855416371,0.0,0.0,33.87500681206505,0.0,0.0,0.0,0.0,0.0,0.0,0.0,0.0,0.0,0.0,0.0,0.0,0.0,0.0 
 07/21  19:48:00,25.6,34.90547603722471,33.85907474733152,34.90547603722471,0.0,0.0,33.85907474733152,0.0,0.0,0.0,0.0,0.0,0.0,0.0,0.0,0.0,0.0,0.0,0.0,0.0,0.0 
 07/21  19:49:00,25.6,34.90132508198231,33.84312794962472,34.90132508198231,0.0,0.0,33.84312794962472,0.0,0.0,0.0,0.0,0.0,0.0,0.0,0.0,0.0,0.0,0.0,0.0,0.0,0.0 
 07/21  19:50:00,25.6,34.89705295112829,33.82716794390576,34.89705295112829,0.0,0.0,33.82716794390576,0.0,0.0,0.0,0.0,0.0,0.0,0.0,0.0,0.0,0.0,0.0,0.0,0.0,0.0 
 07/21  19:51:00,25.6,34.89266586876056,33.81119623732653,34.89266586876056,0.0,0.0,33.81119623732653,0.0,0.0,0.0,0.0,0.0,0.0,0.0,0.0,0.0,0.0,0.0,0.0,0.0,0.0 
 07/21  19:52:00,25.6,34.88816122031645,33.79521459001892,34.88816122031645,0.0,0.0,33.79521459001892,0.0,0.0,0.0,0.0,0.0,0.0,0.0,0.0,0.0,0.0,0.0,0.0,0.0,0.0 
 07/21  19:53:00,25.6,34.88354507597841,33.779224481339874,34.88354507597841,0.0,0.0,33.779224481339874,0.0,0.0,0.0,0.0,0.0,0.0,0.0,0.0,0.0,0.0,0.0,0.0,0.0,0.0 
 07/21  19:54:00,25.6,34.87881494114899,33.76322753005928,34.87881494114899,0.0,0.0,33.76322753005928,0.0,0.0,0.0,0.0,0.0,0.0,0.0,0.0,0.0,0.0,0.0,0.0,0.0,0.0 
 07/21  19:55:00,25.6,34.87397673199255,33.747225460015585,34.87397673199255,0.0,0.0,33.747225460015585,0.0,0.0,0.0,0.0,0.0,0.0,0.0,0.0,0.0,0.0,0.0,0.0,0.0,0.0 
 07/21  19:56:00,25.6,34.86902807074042,33.73121990331443,34.86902807074042,0.0,0.0,33.73121990331443,0.0,0.0,0.0,0.0,0.0,0.0,0.0,0.0,0.0,0.0,0.0,0.0,0.0,0.0 
 07/21  19:57:00,25.6,34.86397471945779,33.71521247727759,34.86397471945779,0.0,0.0,33.71521247727759,0.0,0.0,0.0,0.0,0.0,0.0,0.0,0.0,0.0,0.0,0.0,0.0,0.0,0.0 
 07/21  19:58:00,25.6,34.85881441380216,33.69920510152871,34.85881441380216,0.0,0.0,33.69920510152871,0.0,0.0,0.0,0.0,0.0,0.0,0.0,0.0,0.0,0.0,0.0,0.0,0.0,0.0 
 07/21  19:59:00,25.6,34.85355276175358,33.683199460810435,34.85355276175358,0.0,0.0,33.683199460810435,0.0,0.0,0.0,0.0,0.0,0.0,0.0,0.0,0.0,0.0,0.0,0.0,0.0,0.0 
 07/21  20:00:00,25.6,34.848187608809226,33.66719747048495,34.848187608809226,0.0,0.0,33.66719747048495,0.0,0.0,0.0,0.0,0.0,0.0,0.0,0.0,0.0,0.0,0.0,0.0,0.0,0.0,49104000.0 
 07/21  20:01:00,24.7,34.84265599416586,33.6510331028152,34.84265599416586,0.0,0.0,33.6510331028152,0.0,0.0,0.0,0.0,0.0,0.0,0.0,0.0,0.0,0.0,0.0,0.0,0.0,0.0 
 07/21  20:02:00,24.7,34.83699089670853,33.6347733803856,34.83699089670853,0.0,0.0,33.6347733803856,0.0,0.0,0.0,0.0,0.0,0.0,0.0,0.0,0.0,0.0,0.0,0.0,0.0,0.0 
 07/21  20:03:00,24.7,34.831246211245926,33.618494430760975,34.831246211245926,0.0,0.0,33.618494430760975,0.0,0.0,0.0,0.0,0.0,0.0,0.0,0.0,0.0,0.0,0.0,0.0,0.0,0.0 
 07/21  20:04:00,24.7,34.825436128134854,33.602234169212295,34.825436128134854,0.0,0.0,33.602234169212295,0.0,0.0,0.0,0.0,0.0,0.0,0.0,0.0,0.0,0.0,0.0,0.0,0.0,0.0 
 07/21  20:05:00,24.7,34.819559203729966,33.586004751952125,34.819559203729966,0.0,0.0,33.586004751952125,0.0,0.0,0.0,0.0,0.0,0.0,0.0,0.0,0.0,0.0,0.0,0.0,0.0,0.0 
 07/21  20:06:00,24.7,34.81360372526011,33.5698090979424,34.81360372526011,0.0,0.0,33.5698090979424,0.0,0.0,0.0,0.0,0.0,0.0,0.0,0.0,0.0,0.0,0.0,0.0,0.0,0.0 
 07/21  20:07:00,24.7,34.80756786445772,33.553640955914915,34.80756786445772,0.0,0.0,33.553640955914915,0.0,0.0,0.0,0.0,0.0,0.0,0.0,0.0,0.0,0.0,0.0,0.0,0.0,0.0 
 07/21  20:08:00,24.7,34.801446604242166,33.537494494362,34.801446604242166,0.0,0.0,33.537494494362,0.0,0.0,0.0,0.0,0.0,0.0,0.0,0.0,0.0,0.0,0.0,0.0,0.0,0.0 
 07/21  20:09:00,24.7,34.795243196286904,33.52136592085414,34.795243196286904,0.0,0.0,33.52136592085414,0.0,0.0,0.0,0.0,0.0,0.0,0.0,0.0,0.0,0.0,0.0,0.0,0.0,0.0 
 07/21  20:10:00,24.7,34.788955327841954,33.50525319489795,34.788955327841954,0.0,0.0,33.50525319489795,0.0,0.0,0.0,0.0,0.0,0.0,0.0,0.0,0.0,0.0,0.0,0.0,0.0,0.0 
 07/21  20:11:00,24.7,34.78258706517463,33.48915468048771,34.78258706517463,0.0,0.0,33.48915468048771,0.0,0.0,0.0,0.0,0.0,0.0,0.0,0.0,0.0,0.0,0.0,0.0,0.0,0.0 
 07/21  20:12:00,24.7,34.776136489635306,33.47306919413481,34.776136489635306,0.0,0.0,33.47306919413481,0.0,0.0,0.0,0.0,0.0,0.0,0.0,0.0,0.0,0.0,0.0,0.0,0.0,0.0 
 07/21  20:13:00,24.7,34.76960768001371,33.45699568269733,34.76960768001371,0.0,0.0,33.45699568269733,0.0,0.0,0.0,0.0,0.0,0.0,0.0,0.0,0.0,0.0,0.0,0.0,0.0,0.0 
 07/21  20:14:00,24.7,34.762998949646146,33.4409331574127,34.762998949646146,0.0,0.0,33.4409331574127,0.0,0.0,0.0,0.0,0.0,0.0,0.0,0.0,0.0,0.0,0.0,0.0,0.0,0.0 
 07/21  20:15:00,24.7,34.75631438517749,33.424880604799135,34.75631438517749,0.0,0.0,33.424880604799135,0.0,0.0,0.0,0.0,0.0,0.0,0.0,0.0,0.0,0.0,0.0,0.0,0.0,0.0 
 07/21  20:16:00,24.7,34.7495524968848,33.40883735355745,34.7495524968848,0.0,0.0,33.40883735355745,0.0,0.0,0.0,0.0,0.0,0.0,0.0,0.0,0.0,0.0,0.0,0.0,0.0,0.0 
 07/21  20:17:00,24.7,34.74271732310092,33.3928024981882,34.74271732310092,0.0,0.0,33.3928024981882,0.0,0.0,0.0,0.0,0.0,0.0,0.0,0.0,0.0,0.0,0.0,0.0,0.0,0.0 
 07/21  20:18:00,24.7,34.73580749517486,33.37677536518585,34.73580749517486,0.0,0.0,33.37677536518585,0.0,0.0,0.0,0.0,0.0,0.0,0.0,0.0,0.0,0.0,0.0,0.0,0.0,0.0 
 07/21  20:19:00,24.7,34.72882694903682,33.36075531748035,34.72882694903682,0.0,0.0,33.36075531748035,0.0,0.0,0.0,0.0,0.0,0.0,0.0,0.0,0.0,0.0,0.0,0.0,0.0,0.0 
 07/21  20:20:00,24.7,34.721774382342815,33.344741755037234,34.721774382342815,0.0,0.0,33.344741755037234,0.0,0.0,0.0,0.0,0.0,0.0,0.0,0.0,0.0,0.0,0.0,0.0,0.0,0.0 
 07/21  20:21:00,24.7,34.714653599503684,33.328734012391486,34.714653599503684,0.0,0.0,33.328734012391486,0.0,0.0,0.0,0.0,0.0,0.0,0.0,0.0,0.0,0.0,0.0,0.0,0.0,0.0 
 07/21  20:22:00,24.7,34.70746332833203,33.31273173266792,34.70746332833203,0.0,0.0,33.31273173266792,0.0,0.0,0.0,0.0,0.0,0.0,0.0,0.0,0.0,0.0,0.0,0.0,0.0,0.0 
 07/21  20:23:00,24.7,34.70020722681728,33.29673430993206,34.70020722681728,0.0,0.0,33.29673430993206,0.0,0.0,0.0,0.0,0.0,0.0,0.0,0.0,0.0,0.0,0.0,0.0,0.0,0.0 
 07/21  20:24:00,24.7,34.69288402748763,33.28074135503963,34.69288402748763,0.0,0.0,33.28074135503963,0.0,0.0,0.0,0.0,0.0,0.0,0.0,0.0,0.0,0.0,0.0,0.0,0.0,0.0 
 07/21  20:25:00,24.7,34.68549723586003,33.26475249990008,34.68549723586003,0.0,0.0,33.26475249990008,0.0,0.0,0.0,0.0,0.0,0.0,0.0,0.0,0.0,0.0,0.0,0.0,0.0,0.0 
 07/21  20:26:00,24.7,34.67804557260575,33.24876741400596,34.67804557260575,0.0,0.0,33.24876741400596,0.0,0.0,0.0,0.0,0.0,0.0,0.0,0.0,0.0,0.0,0.0,0.0,0.0,0.0 
 07/21  20:27:00,24.7,34.670532391848525,33.232785697281145,34.670532391848525,0.0,0.0,33.232785697281145,0.0,0.0,0.0,0.0,0.0,0.0,0.0,0.0,0.0,0.0,0.0,0.0,0.0,0.0 
 07/21  20:28:00,24.7,34.66295639399479,33.216807245953405,34.66295639399479,0.0,0.0,33.216807245953405,0.0,0.0,0.0,0.0,0.0,0.0,0.0,0.0,0.0,0.0,0.0,0.0,0.0,0.0 
 07/21  20:29:00,24.7,34.655320788502245,33.200831713607535,34.655320788502245,0.0,0.0,33.200831713607535,0.0,0.0,0.0,0.0,0.0,0.0,0.0,0.0,0.0,0.0,0.0,0.0,0.0,0.0 
 07/21  20:30:00,24.7,34.64762425407322,33.18485896130163,34.64762425407322,0.0,0.0,33.18485896130163,0.0,0.0,0.0,0.0,0.0,0.0,0.0,0.0,0.0,0.0,0.0,0.0,0.0,0.0 
 07/21  20:31:00,24.7,34.63986986618982,33.16888886399951,34.63986986618982,0.0,0.0,33.16888886399951,0.0,0.0,0.0,0.0,0.0,0.0,0.0,0.0,0.0,0.0,0.0,0.0,0.0,0.0 
 07/21  20:32:00,24.7,34.63205628577911,33.152921332055506,34.63205628577911,0.0,0.0,33.152921332055506,0.0,0.0,0.0,0.0,0.0,0.0,0.0,0.0,0.0,0.0,0.0,0.0,0.0,0.0 
 07/21  20:33:00,24.7,34.62418646731198,33.13695620267017,34.62418646731198,0.0,0.0,33.13695620267017,0.0,0.0,0.0,0.0,0.0,0.0,0.0,0.0,0.0,0.0,0.0,0.0,0.0,0.0 
 07/21  20:34:00,24.7,34.61625906151879,33.1209935923352,34.61625906151879,0.0,0.0,33.1209935923352,0.0,0.0,0.0,0.0,0.0,0.0,0.0,0.0,0.0,0.0,0.0,0.0,0.0,0.0 
 07/21  20:35:00,24.7,34.60827691559532,33.10503337946872,34.60827691559532,0.0,0.0,33.10503337946872,0.0,0.0,0.0,0.0,0.0,0.0,0.0,0.0,0.0,0.0,0.0,0.0,0.0,0.0 
 07/21  20:36:00,24.7,34.60023867970835,33.08907563631606,34.60023867970835,0.0,0.0,33.08907563631606,0.0,0.0,0.0,0.0,0.0,0.0,0.0,0.0,0.0,0.0,0.0,0.0,0.0,0.0 
 07/21  20:37:00,24.7,34.59214710709855,33.07312043898966,34.59214710709855,0.0,0.0,33.07312043898966,0.0,0.0,0.0,0.0,0.0,0.0,0.0,0.0,0.0,0.0,0.0,0.0,0.0,0.0 
 07/21  20:38:00,24.7,34.584000857740335,33.05716789432617,34.584000857740335,0.0,0.0,33.05716789432617,0.0,0.0,0.0,0.0,0.0,0.0,0.0,0.0,0.0,0.0,0.0,0.0,0.0,0.0 
 07/21  20:39:00,24.7,34.575802602996305,33.04121802969321,34.575802602996305,0.0,0.0,33.04121802969321,0.0,0.0,0.0,0.0,0.0,0.0,0.0,0.0,0.0,0.0,0.0,0.0,0.0,0.0 
 07/21  20:40:00,24.7,34.567551022779575,33.025271133356426,34.567551022779575,0.0,0.0,33.025271133356426,0.0,0.0,0.0,0.0,0.0,0.0,0.0,0.0,0.0,0.0,0.0,0.0,0.0,0.0 
 07/21  20:41:00,24.7,34.559248716924024,33.00932725808578,34.559248716924024,0.0,0.0,33.00932725808578,0.0,0.0,0.0,0.0,0.0,0.0,0.0,0.0,0.0,0.0,0.0,0.0,0.0,0.0 
 07/21  20:42:00,24.7,34.550894394523105,32.99338663708887,34.550894394523105,0.0,0.0,32.99338663708887,0.0,0.0,0.0,0.0,0.0,0.0,0.0,0.0,0.0,0.0,0.0,0.0,0.0,0.0 
 07/21  20:43:00,24.7,34.542490592301185,32.977449495258675,34.542490592301185,0.0,0.0,32.977449495258675,0.0,0.0,0.0,0.0,0.0,0.0,0.0,0.0,0.0,0.0,0.0,0.0,0.0,0.0 
 07/21  20:44:00,24.7,34.53403605651293,32.96151608527503,34.53403605651293,0.0,0.0,32.96151608527503,0.0,0.0,0.0,0.0,0.0,0.0,0.0,0.0,0.0,0.0,0.0,0.0,0.0,0.0 
 07/21  20:45:00,24.7,34.52553326726864,32.945586572475506,34.52553326726864,0.0,0.0,32.945586572475506,0.0,0.0,0.0,0.0,0.0,0.0,0.0,0.0,0.0,0.0,0.0,0.0,0.0,0.0 
 07/21  20:46:00,24.7,34.51698101454711,32.929661366800374,34.51698101454711,0.0,0.0,32.929661366800374,0.0,0.0,0.0,0.0,0.0,0.0,0.0,0.0,0.0,0.0,0.0,0.0,0.0,0.0 
 07/21  20:47:00,24.7,34.50838172656148,32.91374064428973,34.50838172656148,0.0,0.0,32.91374064428973,0.0,0.0,0.0,0.0,0.0,0.0,0.0,0.0,0.0,0.0,0.0,0.0,0.0,0.0 
 07/21  20:48:00,24.7,34.499734242153515,32.8978247508265,34.499734242153515,0.0,0.0,32.8978247508265,0.0,0.0,0.0,0.0,0.0,0.0,0.0,0.0,0.0,0.0,0.0,0.0,0.0,0.0 
 07/21  20:49:00,24.7,34.49104094080237,32.88191401077395,34.49104094080237,0.0,0.0,32.88191401077395,0.0,0.0,0.0,0.0,0.0,0.0,0.0,0.0,0.0,0.0,0.0,0.0,0.0,0.0 
 07/21  20:50:00,24.7,34.48230071401913,32.8660087765722,34.48230071401913,0.0,0.0,32.8660087765722,0.0,0.0,0.0,0.0,0.0,0.0,0.0,0.0,0.0,0.0,0.0,0.0,0.0,0.0 
 07/21  20:51:00,24.7,34.47351589441855,32.85010930480334,34.47351589441855,0.0,0.0,32.85010930480334,0.0,0.0,0.0,0.0,0.0,0.0,0.0,0.0,0.0,0.0,0.0,0.0,0.0,0.0 
 07/21  20:52:00,24.7,34.464685428801516,32.834216083526066,34.464685428801516,0.0,0.0,32.834216083526066,0.0,0.0,0.0,0.0,0.0,0.0,0.0,0.0,0.0,0.0,0.0,0.0,0.0,0.0 
 07/21  20:53:00,24.7,34.455811603757915,32.8183293681218,34.455811603757915,0.0,0.0,32.8183293681218,0.0,0.0,0.0,0.0,0.0,0.0,0.0,0.0,0.0,0.0,0.0,0.0,0.0,0.0 
 07/21  20:54:00,24.7,34.44689342298433,32.80244957644048,34.44689342298433,0.0,0.0,32.80244957644048,0.0,0.0,0.0,0.0,0.0,0.0,0.0,0.0,0.0,0.0,0.0,0.0,0.0,0.0 
 07/21  20:55:00,24.7,34.43793312710193,32.78657709138419,34.43793312710193,0.0,0.0,32.78657709138419,0.0,0.0,0.0,0.0,0.0,0.0,0.0,0.0,0.0,0.0,0.0,0.0,0.0,0.0 
 07/21  20:56:00,24.7,34.42892977746737,32.7707123272835,34.42892977746737,0.0,0.0,32.7707123272835,0.0,0.0,0.0,0.0,0.0,0.0,0.0,0.0,0.0,0.0,0.0,0.0,0.0,0.0 
 07/21  20:57:00,24.7,34.41988556822395,32.75485559408374,34.41988556822395,0.0,0.0,32.75485559408374,0.0,0.0,0.0,0.0,0.0,0.0,0.0,0.0,0.0,0.0,0.0,0.0,0.0,0.0 
 07/21  20:58:00,24.7,34.410799618474115,32.73900742304424,34.410799618474115,0.0,0.0,32.73900742304424,0.0,0.0,0.0,0.0,0.0,0.0,0.0,0.0,0.0,0.0,0.0,0.0,0.0,0.0 
 07/21  20:59:00,24.7,34.401674074993196,32.72316811401123,34.401674074993196,0.0,0.0,32.72316811401123,0.0,0.0,0.0,0.0,0.0,0.0,0.0,0.0,0.0,0.0,0.0,0.0,0.0,0.0 
 07/21  21:00:00,24.7,34.39250811418056,32.707338124651415,34.39250811418056,0.0,0.0,32.707338124651415,0.0,0.0,0.0,0.0,0.0,0.0,0.0,0.0,0.0,0.0,0.0,0.0,0.0,0.0,49104000.0 
 07/21  21:01:00,24.3,34.38327003305487,32.691443722936576,34.38327003305487,0.0,0.0,32.691443722936576,0.0,0.0,0.0,0.0,0.0,0.0,0.0,0.0,0.0,0.0,0.0,0.0,0.0,0.0 
 07/21  21:02:00,24.3,34.373978390316616,32.67551426328065,34.373978390316616,0.0,0.0,32.67551426328065,0.0,0.0,0.0,0.0,0.0,0.0,0.0,0.0,0.0,0.0,0.0,0.0,0.0,0.0 
 07/21  21:03:00,24.3,34.36465361784143,32.65958230647382,34.36465361784143,0.0,0.0,32.65958230647382,0.0,0.0,0.0,0.0,0.0,0.0,0.0,0.0,0.0,0.0,0.0,0.0,0.0,0.0 
 07/21  21:04:00,24.3,34.355301617257446,32.64366365315442,34.355301617257446,0.0,0.0,32.64366365315442,0.0,0.0,0.0,0.0,0.0,0.0,0.0,0.0,0.0,0.0,0.0,0.0,0.0,0.0 
 07/21  21:05:00,24.3,34.345923667412656,32.62776236521177,34.345923667412656,0.0,0.0,32.62776236521177,0.0,0.0,0.0,0.0,0.0,0.0,0.0,0.0,0.0,0.0,0.0,0.0,0.0,0.0 
 07/21  21:06:00,24.3,34.33651621419043,32.61187840787109,34.33651621419043,0.0,0.0,32.61187840787109,0.0,0.0,0.0,0.0,0.0,0.0,0.0,0.0,0.0,0.0,0.0,0.0,0.0,0.0 
 07/21  21:07:00,24.3,34.327078710922166,32.596011095772276,34.327078710922166,0.0,0.0,32.596011095772276,0.0,0.0,0.0,0.0,0.0,0.0,0.0,0.0,0.0,0.0,0.0,0.0,0.0,0.0 
 07/21  21:08:00,24.3,34.31760899411722,32.580160186298954,34.31760899411722,0.0,0.0,32.580160186298954,0.0,0.0,0.0,0.0,0.0,0.0,0.0,0.0,0.0,0.0,0.0,0.0,0.0,0.0 
 07/21  21:09:00,24.3,34.30810808271991,32.56432568162121,34.30810808271991,0.0,0.0,32.56432568162121,0.0,0.0,0.0,0.0,0.0,0.0,0.0,0.0,0.0,0.0,0.0,0.0,0.0,0.0 
 07/21  21:10:00,24.3,34.29857491294349,32.54850793749299,34.29857491294349,0.0,0.0,32.54850793749299,0.0,0.0,0.0,0.0,0.0,0.0,0.0,0.0,0.0,0.0,0.0,0.0,0.0,0.0 
 07/21  21:11:00,24.3,34.28901097523148,32.53270709788155,34.28901097523148,0.0,0.0,32.53270709788155,0.0,0.0,0.0,0.0,0.0,0.0,0.0,0.0,0.0,0.0,0.0,0.0,0.0,0.0 
 07/21  21:12:00,24.3,34.27941550065637,32.51692342568505,34.27941550065637,0.0,0.0,32.51692342568505,0.0,0.0,0.0,0.0,0.0,0.0,0.0,0.0,0.0,0.0,0.0,0.0,0.0,0.0 
 07/21  21:13:00,24.3,34.26979006236823,32.50115707705832,34.26979006236823,0.0,0.0,32.50115707705832,0.0,0.0,0.0,0.0,0.0,0.0,0.0,0.0,0.0,0.0,0.0,0.0,0.0,0.0 
 07/21  21:14:00,24.3,34.26013403752033,32.48540822173718,34.26013403752033,0.0,0.0,32.48540822173718,0.0,0.0,0.0,0.0,0.0,0.0,0.0,0.0,0.0,0.0,0.0,0.0,0.0,0.0 
 07/21  21:15:00,24.3,34.25044902686926,32.46967687900374,34.25044902686926,0.0,0.0,32.46967687900374,0.0,0.0,0.0,0.0,0.0,0.0,0.0,0.0,0.0,0.0,0.0,0.0,0.0,0.0 
 07/21  21:16:00,24.3,34.24073451348579,32.45396324321781,34.24073451348579,0.0,0.0,32.45396324321781,0.0,0.0,0.0,0.0,0.0,0.0,0.0,0.0,0.0,0.0,0.0,0.0,0.0,0.0 
 07/21  21:17:00,24.3,34.230992090451316,32.43826726620295,34.230992090451316,0.0,0.0,32.43826726620295,0.0,0.0,0.0,0.0,0.0,0.0,0.0,0.0,0.0,0.0,0.0,0.0,0.0,0.0 
 07/21  21:18:00,24.3,34.22122130640335,32.42258903107597,34.22122130640335,0.0,0.0,32.42258903107597,0.0,0.0,0.0,0.0,0.0,0.0,0.0,0.0,0.0,0.0,0.0,0.0,0.0,0.0 
 07/21  21:19:00,24.3,34.211423717122585,32.40692853546115,34.211423717122585,0.0,0.0,32.40692853546115,0.0,0.0,0.0,0.0,0.0,0.0,0.0,0.0,0.0,0.0,0.0,0.0,0.0,0.0 
 07/21  21:20:00,24.3,34.20159890510962,32.391285817229225,34.20159890510962,0.0,0.0,32.391285817229225,0.0,0.0,0.0,0.0,0.0,0.0,0.0,0.0,0.0,0.0,0.0,0.0,0.0,0.0 
 07/21  21:21:00,24.3,34.19174837019251,32.37566078750603,34.19174837019251,0.0,0.0,32.37566078750603,0.0,0.0,0.0,0.0,0.0,0.0,0.0,0.0,0.0,0.0,0.0,0.0,0.0,0.0 
 07/21  21:22:00,24.3,34.181871705662374,32.36005354622484,34.181871705662374,0.0,0.0,32.36005354622484,0.0,0.0,0.0,0.0,0.0,0.0,0.0,0.0,0.0,0.0,0.0,0.0,0.0,0.0 
 07/21  21:23:00,24.3,34.17197034452991,32.344463980226095,34.17197034452991,0.0,0.0,32.344463980226095,0.0,0.0,0.0,0.0,0.0,0.0,0.0,0.0,0.0,0.0,0.0,0.0,0.0,0.0 
 07/21  21:24:00,24.3,34.16204387420456,32.328892121880855,34.16204387420456,0.0,0.0,32.328892121880855,0.0,0.0,0.0,0.0,0.0,0.0,0.0,0.0,0.0,0.0,0.0,0.0,0.0,0.0 
 07/21  21:25:00,24.3,34.15209365572462,32.313337937886295,34.15209365572462,0.0,0.0,32.313337937886295,0.0,0.0,0.0,0.0,0.0,0.0,0.0,0.0,0.0,0.0,0.0,0.0,0.0,0.0 
 07/21  21:26:00,24.3,34.14211925979831,32.29780145046578,34.14211925979831,0.0,0.0,32.29780145046578,0.0,0.0,0.0,0.0,0.0,0.0,0.0,0.0,0.0,0.0,0.0,0.0,0.0,0.0 
 07/21  21:27:00,24.3,34.132121975135206,32.28228257477798,34.132121975135206,0.0,0.0,32.28228257477798,0.0,0.0,0.0,0.0,0.0,0.0,0.0,0.0,0.0,0.0,0.0,0.0,0.0,0.0 
 07/21  21:28:00,24.3,34.12210135046268,32.26678141735111,34.12210135046268,0.0,0.0,32.26678141735111,0.0,0.0,0.0,0.0,0.0,0.0,0.0,0.0,0.0,0.0,0.0,0.0,0.0,0.0 
 07/21  21:29:00,24.3,34.11205860568641,32.251297893201425,34.11205860568641,0.0,0.0,32.251297893201425,0.0,0.0,0.0,0.0,0.0,0.0,0.0,0.0,0.0,0.0,0.0,0.0,0.0,0.0 
 07/21  21:30:00,24.3,34.10199326707546,32.2358320636947,34.10199326707546,0.0,0.0,32.2358320636947,0.0,0.0,0.0,0.0,0.0,0.0,0.0,0.0,0.0,0.0,0.0,0.0,0.0,0.0 
 07/21  21:31:00,24.3,34.09190649202276,32.22038393511367,34.09190649202276,0.0,0.0,32.22038393511367,0.0,0.0,0.0,0.0,0.0,0.0,0.0,0.0,0.0,0.0,0.0,0.0,0.0,0.0 
 07/21  21:32:00,24.3,34.08179778758137,32.204953572069336,34.08179778758137,0.0,0.0,32.204953572069336,0.0,0.0,0.0,0.0,0.0,0.0,0.0,0.0,0.0,0.0,0.0,0.0,0.0,0.0 
 07/21  21:33:00,24.3,34.07166825652551,32.189540942628945,34.07166825652551,0.0,0.0,32.189540942628945,0.0,0.0,0.0,0.0,0.0,0.0,0.0,0.0,0.0,0.0,0.0,0.0,0.0,0.0 
 07/21  21:34:00,24.3,34.061517392454185,32.174146198722894,34.061517392454185,0.0,0.0,32.174146198722894,0.0,0.0,0.0,0.0,0.0,0.0,0.0,0.0,0.0,0.0,0.0,0.0,0.0,0.0 
 07/21  21:35:00,24.3,34.05134625196941,32.15876931453736,34.05134625196941,0.0,0.0,32.15876931453736,0.0,0.0,0.0,0.0,0.0,0.0,0.0,0.0,0.0,0.0,0.0,0.0,0.0,0.0 
 07/21  21:36:00,24.3,34.04115432237429,32.14341040416477,34.04115432237429,0.0,0.0,32.14341040416477,0.0,0.0,0.0,0.0,0.0,0.0,0.0,0.0,0.0,0.0,0.0,0.0,0.0,0.0 
 07/21  21:37:00,24.3,34.03094262226442,32.12806953036411,34.03094262226442,0.0,0.0,32.12806953036411,0.0,0.0,0.0,0.0,0.0,0.0,0.0,0.0,0.0,0.0,0.0,0.0,0.0,0.0 
 07/21  21:38:00,24.3,34.02071064027327,32.11274681261263,34.02071064027327,0.0,0.0,32.11274681261263,0.0,0.0,0.0,0.0,0.0,0.0,0.0,0.0,0.0,0.0,0.0,0.0,0.0,0.0 
 07/21  21:39:00,24.3,34.0104593642969,32.09744227876314,34.0104593642969,0.0,0.0,32.09744227876314,0.0,0.0,0.0,0.0,0.0,0.0,0.0,0.0,0.0,0.0,0.0,0.0,0.0,0.0 
 07/21  21:40:00,24.3,34.00018829170692,32.082156130389585,34.00018829170692,0.0,0.0,32.082156130389585,0.0,0.0,0.0,0.0,0.0,0.0,0.0,0.0,0.0,0.0,0.0,0.0,0.0,0.0 
 07/21  21:41:00,24.3,33.98989838581192,32.06688840067236,33.98989838581192,0.0,0.0,32.06688840067236,0.0,0.0,0.0,0.0,0.0,0.0,0.0,0.0,0.0,0.0,0.0,0.0,0.0,0.0 
 07/21  21:42:00,24.3,33.97958915945856,32.05163925542496,33.97958915945856,0.0,0.0,32.05163925542496,0.0,0.0,0.0,0.0,0.0,0.0,0.0,0.0,0.0,0.0,0.0,0.0,0.0,0.0 
 07/21  21:43:00,24.3,33.96926155614931,32.03640880884194,33.96926155614931,0.0,0.0,32.03640880884194,0.0,0.0,0.0,0.0,0.0,0.0,0.0,0.0,0.0,0.0,0.0,0.0,0.0,0.0 
 07/21  21:44:00,24.3,33.95891511001758,32.02119723083994,33.95891511001758,0.0,0.0,32.02119723083994,0.0,0.0,0.0,0.0,0.0,0.0,0.0,0.0,0.0,0.0,0.0,0.0,0.0,0.0 
 07/21  21:45:00,24.3,33.94855074822135,32.006004601326914,33.94855074822135,0.0,0.0,32.006004601326914,0.0,0.0,0.0,0.0,0.0,0.0,0.0,0.0,0.0,0.0,0.0,0.0,0.0,0.0 
 07/21  21:46:00,24.3,33.93816803096425,31.990831165001932,33.93816803096425,0.0,0.0,31.990831165001932,0.0,0.0,0.0,0.0,0.0,0.0,0.0,0.0,0.0,0.0,0.0,0.0,0.0,0.0 
 07/21  21:47:00,24.3,33.92776787130964,31.975677004877735,33.92776787130964,0.0,0.0,31.975677004877735,0.0,0.0,0.0,0.0,0.0,0.0,0.0,0.0,0.0,0.0,0.0,0.0,0.0,0.0 
 07/21  21:48:00,24.3,33.91734985928891,31.96054233124739,33.91734985928891,0.0,0.0,31.96054233124739,0.0,0.0,0.0,0.0,0.0,0.0,0.0,0.0,0.0,0.0,0.0,0.0,0.0,0.0 
 07/21  21:49:00,24.3,33.90691489507092,31.945427300105035,33.90691489507092,0.0,0.0,31.945427300105035,0.0,0.0,0.0,0.0,0.0,0.0,0.0,0.0,0.0,0.0,0.0,0.0,0.0,0.0 
 07/21  21:50:00,24.3,33.896462601315605,31.930332124590375,33.896462601315605,0.0,0.0,31.930332124590375,0.0,0.0,0.0,0.0,0.0,0.0,0.0,0.0,0.0,0.0,0.0,0.0,0.0,0.0 
 07/21  21:51:00,24.3,33.88599386563233,31.91525692759036,33.88599386563233,0.0,0.0,31.91525692759036,0.0,0.0,0.0,0.0,0.0,0.0,0.0,0.0,0.0,0.0,0.0,0.0,0.0,0.0 
 07/21  21:52:00,24.3,33.875508345259455,31.900201990448338,33.875508345259455,0.0,0.0,31.900201990448338,0.0,0.0,0.0,0.0,0.0,0.0,0.0,0.0,0.0,0.0,0.0,0.0,0.0,0.0 
 07/21  21:53:00,24.3,33.86500691490213,31.88516743819447,33.86500691490213,0.0,0.0,31.88516743819447,0.0,0.0,0.0,0.0,0.0,0.0,0.0,0.0,0.0,0.0,0.0,0.0,0.0,0.0 
 07/21  21:54:00,24.3,33.85448926759714,31.870153520682205,33.85448926759714,0.0,0.0,31.870153520682205,0.0,0.0,0.0,0.0,0.0,0.0,0.0,0.0,0.0,0.0,0.0,0.0,0.0,0.0 
 07/21  21:55:00,24.3,33.8439562642931,31.855160429961387,33.8439562642931,0.0,0.0,31.855160429961387,0.0,0.0,0.0,0.0,0.0,0.0,0.0,0.0,0.0,0.0,0.0,0.0,0.0,0.0 
 07/21  21:56:00,24.3,33.83340763443765,31.840188419839198,33.83340763443765,0.0,0.0,31.840188419839198,0.0,0.0,0.0,0.0,0.0,0.0,0.0,0.0,0.0,0.0,0.0,0.0,0.0,0.0 
 07/21  21:57:00,24.3,33.822844224014815,31.825237653546836,33.822844224014815,0.0,0.0,31.825237653546836,0.0,0.0,0.0,0.0,0.0,0.0,0.0,0.0,0.0,0.0,0.0,0.0,0.0,0.0 
 07/21  21:58:00,24.3,33.81226579900289,31.81030845013344,33.81226579900289,0.0,0.0,31.81030845013344,0.0,0.0,0.0,0.0,0.0,0.0,0.0,0.0,0.0,0.0,0.0,0.0,0.0,0.0 
 07/21  21:59:00,24.3,33.801673188985944,31.79540097860908,33.801673188985944,0.0,0.0,31.79540097860908,0.0,0.0,0.0,0.0,0.0,0.0,0.0,0.0,0.0,0.0,0.0,0.0,0.0,0.0 
 07/21  22:00:00,24.3,33.79106619620267,31.78051553494506,33.79106619620267,0.0,0.0,31.78051553494506,0.0,0.0,0.0,0.0,0.0,0.0,0.0,0.0,0.0,0.0,0.0,0.0,0.0,0.0,49104000.0 
 07/21  22:01:00,23.9,33.78041207703905,31.765578441295215,33.78041207703905,0.0,0.0,31.765578441295215,0.0,0.0,0.0,0.0,0.0,0.0,0.0,0.0,0.0,0.0,0.0,0.0,0.0,0.0 
 07/21  22:02:00,23.9,33.769729854390654,31.750618811660726,33.769729854390654,0.0,0.0,31.750618811660726,0.0,0.0,0.0,0.0,0.0,0.0,0.0,0.0,0.0,0.0,0.0,0.0,0.0,0.0 
 07/21  22:03:00,23.9,33.75903856856204,31.73566898221395,33.75903856856204,0.0,0.0,31.73566898221395,0.0,0.0,0.0,0.0,0.0,0.0,0.0,0.0,0.0,0.0,0.0,0.0,0.0,0.0 
 07/21  22:04:00,23.9,33.748344655238405,31.72074453489551,33.748344655238405,0.0,0.0,31.72074453489551,0.0,0.0,0.0,0.0,0.0,0.0,0.0,0.0,0.0,0.0,0.0,0.0,0.0,0.0 
 07/21  22:05:00,23.9,33.73764817077706,31.70584945056726,33.73764817077706,0.0,0.0,31.70584945056726,0.0,0.0,0.0,0.0,0.0,0.0,0.0,0.0,0.0,0.0,0.0,0.0,0.0,0.0 
 07/21  22:06:00,23.9,33.72694614653283,31.69098362329227,33.72694614653283,0.0,0.0,31.69098362329227,0.0,0.0,0.0,0.0,0.0,0.0,0.0,0.0,0.0,0.0,0.0,0.0,0.0,0.0 
 07/21  22:07:00,23.9,33.71623685781134,31.676146331560087,33.71623685781134,0.0,0.0,31.676146331560087,0.0,0.0,0.0,0.0,0.0,0.0,0.0,0.0,0.0,0.0,0.0,0.0,0.0,0.0 
 07/21  22:08:00,23.9,33.70551869858804,31.661337393617163,33.70551869858804,0.0,0.0,31.661337393617163,0.0,0.0,0.0,0.0,0.0,0.0,0.0,0.0,0.0,0.0,0.0,0.0,0.0,0.0 
 07/21  22:09:00,23.9,33.6947915275458,31.646557033252964,33.6947915275458,0.0,0.0,31.646557033252964,0.0,0.0,0.0,0.0,0.0,0.0,0.0,0.0,0.0,0.0,0.0,0.0,0.0,0.0 
 07/21  22:10:00,23.9,33.68405481162311,31.631806249018222,33.68405481162311,0.0,0.0,31.631806249018222,0.0,0.0,0.0,0.0,0.0,0.0,0.0,0.0,0.0,0.0,0.0,0.0,0.0,0.0 
 07/21  22:11:00,23.9,33.67330890584805,31.617084649128323,33.67330890584805,0.0,0.0,31.617084649128323,0.0,0.0,0.0,0.0,0.0,0.0,0.0,0.0,0.0,0.0,0.0,0.0,0.0,0.0 
 07/21  22:12:00,23.9,33.66255355198089,31.60239127339009,33.66255355198089,0.0,0.0,31.60239127339009,0.0,0.0,0.0,0.0,0.0,0.0,0.0,0.0,0.0,0.0,0.0,0.0,0.0,0.0 
 07/21  22:13:00,23.9,33.651789215558004,31.58772517525242,33.651789215558004,0.0,0.0,31.58772517525242,0.0,0.0,0.0,0.0,0.0,0.0,0.0,0.0,0.0,0.0,0.0,0.0,0.0,0.0 
 07/21  22:14:00,23.9,33.641015767550336,31.573085702626102,33.641015767550336,0.0,0.0,31.573085702626102,0.0,0.0,0.0,0.0,0.0,0.0,0.0,0.0,0.0,0.0,0.0,0.0,0.0,0.0 
 07/21  22:15:00,23.9,33.63023373002042,31.558472258873696,33.63023373002042,0.0,0.0,31.558472258873696,0.0,0.0,0.0,0.0,0.0,0.0,0.0,0.0,0.0,0.0,0.0,0.0,0.0,0.0 
 07/21  22:16:00,23.9,33.619443066904246,31.543884470915895,33.619443066904246,0.0,0.0,31.543884470915895,0.0,0.0,0.0,0.0,0.0,0.0,0.0,0.0,0.0,0.0,0.0,0.0,0.0,0.0 
 07/21  22:17:00,23.9,33.60864432326569,31.52932185956563,33.60864432326569,0.0,0.0,31.52932185956563,0.0,0.0,0.0,0.0,0.0,0.0,0.0,0.0,0.0,0.0,0.0,0.0,0.0,0.0 
 07/21  22:18:00,23.9,33.59783752134783,31.514784088998415,33.59783752134783,0.0,0.0,31.514784088998415,0.0,0.0,0.0,0.0,0.0,0.0,0.0,0.0,0.0,0.0,0.0,0.0,0.0,0.0 
 07/21  22:19:00,23.9,33.58702320200053,31.500270764501117,33.58702320200053,0.0,0.0,31.500270764501117,0.0,0.0,0.0,0.0,0.0,0.0,0.0,0.0,0.0,0.0,0.0,0.0,0.0,0.0 
 07/21  22:20:00,23.9,33.57620142095858,31.48578158548532,33.57620142095858,0.0,0.0,31.48578158548532,0.0,0.0,0.0,0.0,0.0,0.0,0.0,0.0,0.0,0.0,0.0,0.0,0.0,0.0 
 07/21  22:21:00,23.9,33.56537269865497,31.471316168535164,33.56537269865497,0.0,0.0,31.471316168535164,0.0,0.0,0.0,0.0,0.0,0.0,0.0,0.0,0.0,0.0,0.0,0.0,0.0,0.0 
 07/21  22:22:00,23.9,33.554537108230626,31.456874286539243,33.554537108230626,0.0,0.0,31.456874286539243,0.0,0.0,0.0,0.0,0.0,0.0,0.0,0.0,0.0,0.0,0.0,0.0,0.0,0.0 
 07/21  22:23:00,23.9,33.54369514055955,31.442455587378674,33.54369514055955,0.0,0.0,31.442455587378674,0.0,0.0,0.0,0.0,0.0,0.0,0.0,0.0,0.0,0.0,0.0,0.0,0.0,0.0 
 07/21  22:24:00,23.9,33.5328468754246,31.428059852638278,33.5328468754246,0.0,0.0,31.428059852638278,0.0,0.0,0.0,0.0,0.0,0.0,0.0,0.0,0.0,0.0,0.0,0.0,0.0,0.0 
 07/21  22:25:00,23.9,33.52199276934885,31.413686800396643,33.52199276934885,0.0,0.0,31.413686800396643,0.0,0.0,0.0,0.0,0.0,0.0,0.0,0.0,0.0,0.0,0.0,0.0,0.0,0.0 
 07/21  22:26:00,23.9,33.51113290189746,31.399336241134247,33.51113290189746,0.0,0.0,31.399336241134247,0.0,0.0,0.0,0.0,0.0,0.0,0.0,0.0,0.0,0.0,0.0,0.0,0.0,0.0 
 07/21  22:27:00,23.9,33.50026769360731,31.38500790107058,33.50026769360731,0.0,0.0,31.38500790107058,0.0,0.0,0.0,0.0,0.0,0.0,0.0,0.0,0.0,0.0,0.0,0.0,0.0,0.0 
 07/21  22:28:00,23.9,33.48939722019307,31.370701656361934,33.48939722019307,0.0,0.0,31.370701656361934,0.0,0.0,0.0,0.0,0.0,0.0,0.0,0.0,0.0,0.0,0.0,0.0,0.0,0.0 
 07/21  22:29:00,23.9,33.47852186690963,31.35641726079443,33.47852186690963,0.0,0.0,31.35641726079443,0.0,0.0,0.0,0.0,0.0,0.0,0.0,0.0,0.0,0.0,0.0,0.0,0.0,0.0 
 07/21  22:30:00,23.9,33.4676417045829,31.342154597298595,33.4676417045829,0.0,0.0,31.342154597298595,0.0,0.0,0.0,0.0,0.0,0.0,0.0,0.0,0.0,0.0,0.0,0.0,0.0,0.0 
 07/21  22:31:00,23.9,33.456757085490956,31.32791348295498,33.456757085490956,0.0,0.0,31.32791348295498,0.0,0.0,0.0,0.0,0.0,0.0,0.0,0.0,0.0,0.0,0.0,0.0,0.0,0.0 
 07/21  22:32:00,23.9,33.445868076464215,31.313693825776657,33.445868076464215,0.0,0.0,31.313693825776657,0.0,0.0,0.0,0.0,0.0,0.0,0.0,0.0,0.0,0.0,0.0,0.0,0.0,0.0 
 07/21  22:33:00,23.9,33.434975000047714,31.299495448449697,33.434975000047714,0.0,0.0,31.299495448449697,0.0,0.0,0.0,0.0,0.0,0.0,0.0,0.0,0.0,0.0,0.0,0.0,0.0,0.0 
 07/21  22:34:00,23.9,33.42407792125884,31.285318316675486,33.42407792125884,0.0,0.0,31.285318316675486,0.0,0.0,0.0,0.0,0.0,0.0,0.0,0.0,0.0,0.0,0.0,0.0,0.0,0.0 
 07/21  22:35:00,23.9,33.413177136537264,31.271162275712197,33.413177136537264,0.0,0.0,31.271162275712197,0.0,0.0,0.0,0.0,0.0,0.0,0.0,0.0,0.0,0.0,0.0,0.0,0.0,0.0 
 07/21  22:36:00,23.9,33.402272711992595,31.257027294366974,33.402272711992595,0.0,0.0,31.257027294366974,0.0,0.0,0.0,0.0,0.0,0.0,0.0,0.0,0.0,0.0,0.0,0.0,0.0,0.0 
 07/21  22:37:00,23.9,33.39136492154645,31.242913271894235,33.39136492154645,0.0,0.0,31.242913271894235,0.0,0.0,0.0,0.0,0.0,0.0,0.0,0.0,0.0,0.0,0.0,0.0,0.0,0.0 
 07/21  22:38:00,23.9,33.38045383557488,31.228820196299594,33.38045383557488,0.0,0.0,31.228820196299594,0.0,0.0,0.0,0.0,0.0,0.0,0.0,0.0,0.0,0.0,0.0,0.0,0.0,0.0 
 07/21  22:39:00,23.9,33.3695397087379,31.21474796794358,33.3695397087379,0.0,0.0,31.21474796794358,0.0,0.0,0.0,0.0,0.0,0.0,0.0,0.0,0.0,0.0,0.0,0.0,0.0,0.0 
 07/21  22:40:00,23.9,33.35862261878986,31.200696622774345,33.35862261878986,0.0,0.0,31.200696622774345,0.0,0.0,0.0,0.0,0.0,0.0,0.0,0.0,0.0,0.0,0.0,0.0,0.0,0.0 
 07/21  22:41:00,23.9,33.34770280388522,31.186666077364862,33.34770280388522,0.0,0.0,31.186666077364862,0.0,0.0,0.0,0.0,0.0,0.0,0.0,0.0,0.0,0.0,0.0,0.0,0.0,0.0 
 07/21  22:42:00,23.9,33.33678035198943,31.17265636625009,33.33678035198943,0.0,0.0,31.17265636625009,0.0,0.0,0.0,0.0,0.0,0.0,0.0,0.0,0.0,0.0,0.0,0.0,0.0,0.0 
 07/21  22:43:00,23.9,33.325855486934245,31.15866744990105,33.325855486934245,0.0,0.0,31.15866744990105,0.0,0.0,0.0,0.0,0.0,0.0,0.0,0.0,0.0,0.0,0.0,0.0,0.0,0.0 
 07/21  22:44:00,23.9,33.31492830932748,31.144699375855286,33.31492830932748,0.0,0.0,31.144699375855286,0.0,0.0,0.0,0.0,0.0,0.0,0.0,0.0,0.0,0.0,0.0,0.0,0.0,0.0 
 07/21  22:45:00,23.9,33.30399903028561,31.130752101203473,33.30399903028561,0.0,0.0,31.130752101203473,0.0,0.0,0.0,0.0,0.0,0.0,0.0,0.0,0.0,0.0,0.0,0.0,0.0,0.0 
 07/21  22:46:00,23.9,33.293067765037705,31.11682571178783,33.293067765037705,0.0,0.0,31.11682571178783,0.0,0.0,0.0,0.0,0.0,0.0,0.0,0.0,0.0,0.0,0.0,0.0,0.0,0.0 
 07/21  22:47:00,23.9,33.28213471306113,31.102920174954082,33.28213471306113,0.0,0.0,31.102920174954082,0.0,0.0,0.0,0.0,0.0,0.0,0.0,0.0,0.0,0.0,0.0,0.0,0.0,0.0 
 07/21  22:48:00,23.9,33.271200005731195,31.08903557125598,33.271200005731195,0.0,0.0,31.08903557125598,0.0,0.0,0.0,0.0,0.0,0.0,0.0,0.0,0.0,0.0,0.0,0.0,0.0,0.0 
 07/21  22:49:00,23.9,33.26026383150099,31.075171902522925,33.26026383150099,0.0,0.0,31.075171902522925,0.0,0.0,0.0,0.0,0.0,0.0,0.0,0.0,0.0,0.0,0.0,0.0,0.0,0.0 
 07/21  22:50:00,23.9,33.24932633899294,31.06132925695003,33.24932633899294,0.0,0.0,31.06132925695003,0.0,0.0,0.0,0.0,0.0,0.0,0.0,0.0,0.0,0.0,0.0,0.0,0.0,0.0 
 07/21  22:51:00,23.9,33.238387705870636,31.047507629511863,33.238387705870636,0.0,0.0,31.047507629511863,0.0,0.0,0.0,0.0,0.0,0.0,0.0,0.0,0.0,0.0,0.0,0.0,0.0,0.0 
 07/21  22:52:00,23.9,33.22744809872745,31.03370713805941,33.22744809872745,0.0,0.0,31.03370713805941,0.0,0.0,0.0,0.0,0.0,0.0,0.0,0.0,0.0,0.0,0.0,0.0,0.0,0.0 
 07/21  22:53:00,23.9,33.21650768437416,31.019927782967716,33.21650768437416,0.0,0.0,31.019927782967716,0.0,0.0,0.0,0.0,0.0,0.0,0.0,0.0,0.0,0.0,0.0,0.0,0.0,0.0 
 07/21  22:54:00,23.9,33.20556664777585,31.006169674050028,33.20556664777585,0.0,0.0,31.006169674050028,0.0,0.0,0.0,0.0,0.0,0.0,0.0,0.0,0.0,0.0,0.0,0.0,0.0,0.0 
 07/21  22:55:00,23.9,33.19462514460562,30.992432837938065,33.19462514460562,0.0,0.0,30.992432837938065,0.0,0.0,0.0,0.0,0.0,0.0,0.0,0.0,0.0,0.0,0.0,0.0,0.0,0.0 
 07/21  22:56:00,23.9,33.18368337833332,30.978717387857237,33.18368337833332,0.0,0.0,30.978717387857237,0.0,0.0,0.0,0.0,0.0,0.0,0.0,0.0,0.0,0.0,0.0,0.0,0.0,0.0 
 07/21  22:57:00,23.9,33.17274149305527,30.96502334130987,33.17274149305527,0.0,0.0,30.96502334130987,0.0,0.0,0.0,0.0,0.0,0.0,0.0,0.0,0.0,0.0,0.0,0.0,0.0,0.0 
 07/21  22:58:00,23.9,33.161799710662756,30.951350833704982,33.161799710662756,0.0,0.0,30.951350833704982,0.0,0.0,0.0,0.0,0.0,0.0,0.0,0.0,0.0,0.0,0.0,0.0,0.0,0.0 
 07/21  22:59:00,23.9,33.1508581631391,30.937699884263107,33.1508581631391,0.0,0.0,30.937699884263107,0.0,0.0,0.0,0.0,0.0,0.0,0.0,0.0,0.0,0.0,0.0,0.0,0.0,0.0 
 07/21  23:00:00,23.9,33.13991709054378,30.924070618699037,33.13991709054378,0.0,0.0,30.924070618699037,0.0,0.0,0.0,0.0,0.0,0.0,0.0,0.0,0.0,0.0,0.0,0.0,0.0,0.0,49104000.0 
 07/21  23:01:00,23.5,33.12894306168252,30.910389122195262,33.12894306168252,0.0,0.0,30.910389122195262,0.0,0.0,0.0,0.0,0.0,0.0,0.0,0.0,0.0,0.0,0.0,0.0,0.0,0.0 
 07/21  23:02:00,23.5,33.11795550439971,30.896684346213487,33.11795550439971,0.0,0.0,30.896684346213487,0.0,0.0,0.0,0.0,0.0,0.0,0.0,0.0,0.0,0.0,0.0,0.0,0.0,0.0 
 07/21  23:03:00,23.5,33.10697276474399,30.88298845406046,33.10697276474399,0.0,0.0,30.88298845406046,0.0,0.0,0.0,0.0,0.0,0.0,0.0,0.0,0.0,0.0,0.0,0.0,0.0,0.0 
 07/21  23:04:00,23.5,33.0960016827094,30.86931679458089,33.0960016827094,0.0,0.0,30.86931679458089,0.0,0.0,0.0,0.0,0.0,0.0,0.0,0.0,0.0,0.0,0.0,0.0,0.0,0.0 
 07/21  23:05:00,23.5,33.08504164301783,30.855673126187046,33.08504164301783,0.0,0.0,30.855673126187046,0.0,0.0,0.0,0.0,0.0,0.0,0.0,0.0,0.0,0.0,0.0,0.0,0.0,0.0 
 07/21  23:06:00,23.5,33.07409006872164,30.842057074078497,33.07409006872164,0.0,0.0,30.842057074078497,0.0,0.0,0.0,0.0,0.0,0.0,0.0,0.0,0.0,0.0,0.0,0.0,0.0,0.0 
 07/21  23:07:00,23.5,33.06314456879548,30.82846758992518,33.06314456879548,0.0,0.0,30.82846758992518,0.0,0.0,0.0,0.0,0.0,0.0,0.0,0.0,0.0,0.0,0.0,0.0,0.0,0.0 
 07/21  23:08:00,23.5,33.052203907353174,30.814904122673703,33.052203907353174,0.0,0.0,30.814904122673703,0.0,0.0,0.0,0.0,0.0,0.0,0.0,0.0,0.0,0.0,0.0,0.0,0.0,0.0 
 07/21  23:09:00,23.5,33.041267282055635,30.801366402280856,33.041267282055635,0.0,0.0,30.801366402280856,0.0,0.0,0.0,0.0,0.0,0.0,0.0,0.0,0.0,0.0,0.0,0.0,0.0,0.0 
 07/21  23:10:00,23.5,33.03033451197497,30.78785443822914,33.03033451197497,0.0,0.0,30.78785443822914,0.0,0.0,0.0,0.0,0.0,0.0,0.0,0.0,0.0,0.0,0.0,0.0,0.0,0.0 
 07/21  23:11:00,23.5,33.01940530037605,30.77436817225049,33.01940530037605,0.0,0.0,30.77436817225049,0.0,0.0,0.0,0.0,0.0,0.0,0.0,0.0,0.0,0.0,0.0,0.0,0.0,0.0 
 07/21  23:12:00,23.5,33.00847972634359,30.760907647616726,33.00847972634359,0.0,0.0,30.760907647616726,0.0,0.0,0.0,0.0,0.0,0.0,0.0,0.0,0.0,0.0,0.0,0.0,0.0,0.0 
 07/21  23:13:00,23.5,32.99755761499983,30.747472812048173,32.99755761499983,0.0,0.0,30.747472812048173,0.0,0.0,0.0,0.0,0.0,0.0,0.0,0.0,0.0,0.0,0.0,0.0,0.0,0.0 
 07/21  23:14:00,23.5,32.98663916306872,30.73406370336848,32.98663916306872,0.0,0.0,30.73406370336848,0.0,0.0,0.0,0.0,0.0,0.0,0.0,0.0,0.0,0.0,0.0,0.0,0.0,0.0 
 07/21  23:15:00,23.5,32.97572426581173,30.720680264854003,32.97572426581173,0.0,0.0,30.720680264854003,0.0,0.0,0.0,0.0,0.0,0.0,0.0,0.0,0.0,0.0,0.0,0.0,0.0,0.0 
 07/21  23:16:00,23.5,32.964813207137915,30.707322552712412,32.964813207137915,0.0,0.0,30.707322552712412,0.0,0.0,0.0,0.0,0.0,0.0,0.0,0.0,0.0,0.0,0.0,0.0,0.0,0.0 
 07/21  23:17:00,23.5,32.9539059225702,30.693990518837147,32.9539059225702,0.0,0.0,30.693990518837147,0.0,0.0,0.0,0.0,0.0,0.0,0.0,0.0,0.0,0.0,0.0,0.0,0.0,0.0 
 07/21  23:18:00,23.5,32.9430027574764,30.680684221683833,32.9430027574764,0.0,0.0,30.680684221683833,0.0,0.0,0.0,0.0,0.0,0.0,0.0,0.0,0.0,0.0,0.0,0.0,0.0,0.0 
 07/21  23:19:00,23.5,32.93210366525481,30.667403627710296,32.93210366525481,0.0,0.0,30.667403627710296,0.0,0.0,0.0,0.0,0.0,0.0,0.0,0.0,0.0,0.0,0.0,0.0,0.0,0.0 
 07/21  23:20:00,23.5,32.92120903901994,30.654148801054795,32.92120903901994,0.0,0.0,30.654148801054795,0.0,0.0,0.0,0.0,0.0,0.0,0.0,0.0,0.0,0.0,0.0,0.0,0.0,0.0 
 07/21  23:21:00,23.5,32.910318838828246,30.640919706270015,32.910318838828246,0.0,0.0,30.640919706270015,0.0,0.0,0.0,0.0,0.0,0.0,0.0,0.0,0.0,0.0,0.0,0.0,0.0,0.0 
 07/21  23:22:00,23.5,32.89943350082337,30.627716417717295,32.89943350082337,0.0,0.0,30.627716417717295,0.0,0.0,0.0,0.0,0.0,0.0,0.0,0.0,0.0,0.0,0.0,0.0,0.0,0.0 
 07/21  23:23:00,23.5,32.88855298636363,30.614538901249965,32.88855298636363,0.0,0.0,30.614538901249965,0.0,0.0,0.0,0.0,0.0,0.0,0.0,0.0,0.0,0.0,0.0,0.0,0.0,0.0 
 07/21  23:24:00,23.5,32.877677773426846,30.6013872287359,32.877677773426846,0.0,0.0,30.6013872287359,0.0,0.0,0.0,0.0,0.0,0.0,0.0,0.0,0.0,0.0,0.0,0.0,0.0,0.0 
 07/21  23:25:00,23.5,32.866807821352474,30.588261369645398,32.866807821352474,0.0,0.0,30.588261369645398,0.0,0.0,0.0,0.0,0.0,0.0,0.0,0.0,0.0,0.0,0.0,0.0,0.0,0.0 
 07/21  23:26:00,23.5,32.855943649357954,30.57516139500663,32.855943649357954,0.0,0.0,30.57516139500663,0.0,0.0,0.0,0.0,0.0,0.0,0.0,0.0,0.0,0.0,0.0,0.0,0.0,0.0 
 07/21  23:27:00,23.5,32.8450852117907,30.56208726641697,32.8450852117907,0.0,0.0,30.56208726641697,0.0,0.0,0.0,0.0,0.0,0.0,0.0,0.0,0.0,0.0,0.0,0.0,0.0,0.0 
 07/21  23:28:00,23.5,32.834233067808455,30.54903905365309,32.834233067808455,0.0,0.0,30.54903905365309,0.0,0.0,0.0,0.0,0.0,0.0,0.0,0.0,0.0,0.0,0.0,0.0,0.0,0.0 
 07/21  23:29:00,23.5,32.823387163493436,30.53601670939833,32.823387163493436,0.0,0.0,30.53601670939833,0.0,0.0,0.0,0.0,0.0,0.0,0.0,0.0,0.0,0.0,0.0,0.0,0.0,0.0 
 07/21  23:30:00,23.5,32.81254809549081,30.523020290408034,32.81254809549081,0.0,0.0,30.523020290408034,0.0,0.0,0.0,0.0,0.0,0.0,0.0,0.0,0.0,0.0,0.0,0.0,0.0,0.0 
 07/21  23:31:00,23.5,32.80171579794982,30.510049732732742,32.80171579794982,0.0,0.0,30.510049732732742,0.0,0.0,0.0,0.0,0.0,0.0,0.0,0.0,0.0,0.0,0.0,0.0,0.0,0.0 
 07/21  23:32:00,23.5,32.79089090145477,30.497105068950745,32.79089090145477,0.0,0.0,30.497105068950745,0.0,0.0,0.0,0.0,0.0,0.0,0.0,0.0,0.0,0.0,0.0,0.0,0.0,0.0 
 07/21  23:33:00,23.5,32.78007332435309,30.484186193456548,32.78007332435309,0.0,0.0,30.484186193456548,0.0,0.0,0.0,0.0,0.0,0.0,0.0,0.0,0.0,0.0,0.0,0.0,0.0,0.0 
 07/21  23:34:00,23.5,32.769263726837224,30.471293073999146,32.769263726837224,0.0,0.0,30.471293073999146,0.0,0.0,0.0,0.0,0.0,0.0,0.0,0.0,0.0,0.0,0.0,0.0,0.0,0.0 
 07/21  23:35:00,23.5,32.75846200767371,30.458425468868366,32.75846200767371,0.0,0.0,30.458425468868366,0.0,0.0,0.0,0.0,0.0,0.0,0.0,0.0,0.0,0.0,0.0,0.0,0.0,0.0 
 07/21  23:36:00,23.5,32.74766885193521,30.445583089593548,32.74766885193521,0.0,0.0,30.445583089593548,0.0,0.0,0.0,0.0,0.0,0.0,0.0,0.0,0.0,0.0,0.0,0.0,0.0,0.0 
 07/21  23:37:00,23.5,32.73688413538973,30.432766408265014,32.73688413538973,0.0,0.0,30.432766408265014,0.0,0.0,0.0,0.0,0.0,0.0,0.0,0.0,0.0,0.0,0.0,0.0,0.0,0.0 
 07/21  23:38:00,23.5,32.72610856321899,30.419976079582902,32.72610856321899,0.0,0.0,30.419976079582902,0.0,0.0,0.0,0.0,0.0,0.0,0.0,0.0,0.0,0.0,0.0,0.0,0.0,0.0 
 07/21  23:39:00,23.5,32.71534198533399,30.40721251417943,32.71534198533399,0.0,0.0,30.40721251417943,0.0,0.0,0.0,0.0,0.0,0.0,0.0,0.0,0.0,0.0,0.0,0.0,0.0,0.0 
 07/21  23:40:00,23.5,32.704585122483934,30.39447612630683,32.704585122483934,0.0,0.0,30.39447612630683,0.0,0.0,0.0,0.0,0.0,0.0,0.0,0.0,0.0,0.0,0.0,0.0,0.0,0.0 
 07/21  23:41:00,23.5,32.69383779653397,30.381767144040946,32.69383779653397,0.0,0.0,30.381767144040946,0.0,0.0,0.0,0.0,0.0,0.0,0.0,0.0,0.0,0.0,0.0,0.0,0.0,0.0 
 07/21  23:42:00,23.5,32.68310073967022,30.36908587831411,32.68310073967022,0.0,0.0,30.36908587831411,0.0,0.0,0.0,0.0,0.0,0.0,0.0,0.0,0.0,0.0,0.0,0.0,0.0,0.0 
 07/21  23:43:00,23.5,32.672373744225055,30.3564324927726,32.672373744225055,0.0,0.0,30.3564324927726,0.0,0.0,0.0,0.0,0.0,0.0,0.0,0.0,0.0,0.0,0.0,0.0,0.0,0.0 
 07/21  23:44:00,23.5,32.661657550201085,30.343807259246468,32.661657550201085,0.0,0.0,30.343807259246468,0.0,0.0,0.0,0.0,0.0,0.0,0.0,0.0,0.0,0.0,0.0,0.0,0.0,0.0 
 07/21  23:45:00,23.5,32.65095191958543,30.33121031034727,32.65095191958543,0.0,0.0,30.33121031034727,0.0,0.0,0.0,0.0,0.0,0.0,0.0,0.0,0.0,0.0,0.0,0.0,0.0,0.0 
 07/21  23:46:00,23.5,32.640257597121405,30.31864188312352,32.640257597121405,0.0,0.0,30.31864188312352,0.0,0.0,0.0,0.0,0.0,0.0,0.0,0.0,0.0,0.0,0.0,0.0,0.0,0.0 
 07/21  23:47:00,23.5,32.62957431424627,30.306102084187778,32.62957431424627,0.0,0.0,30.306102084187778,0.0,0.0,0.0,0.0,0.0,0.0,0.0,0.0,0.0,0.0,0.0,0.0,0.0,0.0 
 07/21  23:48:00,23.5,32.618902817901706,30.293591129556578,32.618902817901706,0.0,0.0,30.293591129556578,0.0,0.0,0.0,0.0,0.0,0.0,0.0,0.0,0.0,0.0,0.0,0.0,0.0,0.0 
 07/21  23:49:00,23.5,32.60824280929029,30.281109096283803,32.60824280929029,0.0,0.0,30.281109096283803,0.0,0.0,0.0,0.0,0.0,0.0,0.0,0.0,0.0,0.0,0.0,0.0,0.0,0.0 
 07/21  23:50:00,23.5,32.597595035503375,30.26865618059017,32.597595035503375,0.0,0.0,30.26865618059017,0.0,0.0,0.0,0.0,0.0,0.0,0.0,0.0,0.0,0.0,0.0,0.0,0.0,0.0 
 07/21  23:51:00,23.5,32.586959168247915,30.256232444424437,32.586959168247915,0.0,0.0,30.256232444424437,0.0,0.0,0.0,0.0,0.0,0.0,0.0,0.0,0.0,0.0,0.0,0.0,0.0,0.0 
 07/21  23:52:00,23.5,32.57633595315456,30.243838057982877,32.57633595315456,0.0,0.0,30.243838057982877,0.0,0.0,0.0,0.0,0.0,0.0,0.0,0.0,0.0,0.0,0.0,0.0,0.0,0.0 
 07/21  23:53:00,23.5,32.5657250335035,30.231473068121772,32.5657250335035,0.0,0.0,30.231473068121772,0.0,0.0,0.0,0.0,0.0,0.0,0.0,0.0,0.0,0.0,0.0,0.0,0.0,0.0 
 07/21  23:54:00,23.5,32.55512715223121,30.21913763414724,32.55512715223121,0.0,0.0,30.21913763414724,0.0,0.0,0.0,0.0,0.0,0.0,0.0,0.0,0.0,0.0,0.0,0.0,0.0,0.0 
 07/21  23:55:00,23.5,32.54454192550329,30.206831778554868,32.54454192550329,0.0,0.0,30.206831778554868,0.0,0.0,0.0,0.0,0.0,0.0,0.0,0.0,0.0,0.0,0.0,0.0,0.0,0.0 
 07/21  23:56:00,23.5,32.53397009264468,30.194555647040445,32.53397009264468,0.0,0.0,30.194555647040445,0.0,0.0,0.0,0.0,0.0,0.0,0.0,0.0,0.0,0.0,0.0,0.0,0.0,0.0 
 07/21  23:57:00,23.5,32.52341124418627,30.182309254391008,32.52341124418627,0.0,0.0,30.182309254391008,0.0,0.0,0.0,0.0,0.0,0.0,0.0,0.0,0.0,0.0,0.0,0.0,0.0,0.0 
 07/21  23:58:00,23.5,32.512866115183364,30.170092722301877,32.512866115183364,0.0,0.0,30.170092722301877,0.0,0.0,0.0,0.0,0.0,0.0,0.0,0.0,0.0,0.0,0.0,0.0,0.0,0.0 
 07/21  23:59:00,23.5,32.50233427211562,30.157906055221257,32.50233427211562,0.0,0.0,30.157906055221257,0.0,0.0,0.0,0.0,0.0,0.0,0.0,0.0,0.0,0.0,0.0,0.0,0.0,0.0 
 07/21  24:00:00,23.5,32.49181644531929,30.145749369088183,32.49181644531929,0.0,0.0,30.145749369088183,0.0,0.0,0.0,0.0,0.0,0.0,0.0,0.0,0.0,0.0,0.0,0.0,0.0,0.0,49104000.0 
