Date/Time,Environment:Site Outdoor Air Drybulb Temperature [C](TimeStep),CHAMBER_THERMALZONE:Zone Mean Air Temperature [C](TimeStep),HANGER_THERMALZONE:Zone Mean Air Temperature [C](TimeStep),CHAMBER_THERMALZONE:Zone Air Temperature [C](TimeStep),CHAMBER_THERMALZONE:Zone Air System Sensible Heating Energy [J](TimeStep),CHAMBER_THERMALZONE:Zone Air System Sensible Cooling Energy [J](TimeStep),HANGER_THERMALZONE:Zone Air Temperature [C](TimeStep),HANGER_THERMALZONE:Zone Air System Sensible Heating Energy [J](TimeStep),HANGER_THERMALZONE:Zone Air System Sensible Cooling Energy [J](TimeStep),CHAMBER_IDEALLOADS:Zone Ideal Loads Supply Air Mass Flow Rate [kg/s](TimeStep),CHAMBER_IDEALLOADS:Zone Ideal Loads Supply Air Temperature [C](TimeStep),HANGER_IDEALLOADS:Zone Ideal Loads Supply Air Mass Flow Rate [kg/s](TimeStep),HANGER_IDEALLOADS:Zone Ideal Loads Supply Air Temperature [C](TimeStep),NODE 6:System Node Mass Flow Rate [kg/s](TimeStep),NODE 5:System Node Mass Flow Rate [kg/s](TimeStep),NODE 4:System Node Mass Flow Rate [kg/s](TimeStep),NODE 3:System Node Mass Flow Rate [kg/s](TimeStep),NODE 2:System Node Mass Flow Rate [kg/s](TimeStep),NODE 1:System Node Mass Flow Rate [kg/s](TimeStep),CHAMBER_SPLITAC OA NODE:System Node Mass Flow Rate [kg/s](TimeStep),MODEL OUTDOOR AIR NODE:System Node Mass Flow Rate [kg/s](TimeStep),CHAMBER_IDEALLOADS OUTDOOR AIR INLET NODE:System Node Mass Flow Rate [kg/s](TimeStep),HANGER_IDEALLOADS OUTDOOR AIR INLET NODE:System Node Mass Flow Rate [kg/s](TimeStep),CHAMBER_THERMALZONE:Zone Mechanical Ventilation Mass Flow Rate [kg/s](TimeStep),HANGER_THERMALZONE:Zone Mechanical Ventilation Mass Flow Rate [kg/s](TimeStep),Electricity:Facility [J](Hourly) 
 07/21  00:01:00,32.7,19.06420665144418,32.33687418704049,19.06420665144418,0.0,0.0,32.33687418704049,0.0,0.0,0.0,18.622732817635406,0.0,32.35806904256566,0.0,0.0,0.0,0.0,0.0,0.0,0.0,0.0,0.0,0.0,0.0,0.0 
 07/21  00:02:00,32.7,19.71189438196212,32.30390500148407,19.71189438196212,0.0,0.0,32.30390500148407,0.0,0.0,0.0,19.06420665144418,0.0,32.33687418704049,0.0,0.0,0.0,0.0,0.0,0.0,0.0,0.0,0.0,0.0,0.0,0.0 
 07/21  00:03:00,32.7,20.330021289928048,32.26911461326376,20.330021289928048,0.0,0.0,32.26911461326376,0.0,0.0,0.0,19.71189438196212,0.0,32.30390500148407,0.0,0.0,0.0,0.0,0.0,0.0,0.0,0.0,0.0,0.0,0.0,0.0 
 07/21  00:04:00,32.7,20.83344629757153,32.23699954598271,20.83344629757153,0.0,0.0,32.23699954598271,0.0,0.0,0.0,20.330021289928048,0.0,32.26911461326376,0.0,0.0,0.0,0.0,0.0,0.0,0.0,0.0,0.0,0.0,0.0,0.0 
 07/21  00:05:00,32.7,21.23098919763497,32.20842234489049,21.23098919763497,0.0,0.0,32.20842234489049,0.0,0.0,0.0,20.83344629757153,0.0,32.23699954598271,0.0,0.0,0.0,0.0,0.0,0.0,0.0,0.0,0.0,0.0,0.0,0.0 
 07/21  00:06:00,32.7,21.55778927217777,32.182942076964004,21.55778927217777,0.0,0.0,32.182942076964004,0.0,0.0,0.0,21.23098919763497,0.0,32.20842234489049,0.0,0.0,0.0,0.0,0.0,0.0,0.0,0.0,0.0,0.0,0.0,0.0 
 07/21  00:07:00,32.7,21.84373968286007,32.159982796791766,21.84373968286007,0.0,0.0,32.159982796791766,0.0,0.0,0.0,21.55778927217777,0.0,32.182942076964004,0.0,0.0,0.0,0.0,0.0,0.0,0.0,0.0,0.0,0.0,0.0,0.0 
 07/21  00:08:00,32.7,22.10430072049478,32.139141040067464,22.10430072049478,0.0,0.0,32.139141040067464,0.0,0.0,0.0,21.84373968286007,0.0,32.159982796791766,0.0,0.0,0.0,0.0,0.0,0.0,0.0,0.0,0.0,0.0,0.0,0.0 
 07/21  00:09:00,32.7,22.348128795332975,32.12016374747727,22.348128795332975,0.0,0.0,32.12016374747727,0.0,0.0,0.0,22.10430072049478,0.0,32.139141040067464,0.0,0.0,0.0,0.0,0.0,0.0,0.0,0.0,0.0,0.0,0.0,0.0 
 07/21  00:10:00,32.7,22.570970387845765,32.10287203087028,22.570970387845765,0.0,0.0,32.10287203087028,0.0,0.0,0.0,22.348128795332975,0.0,32.12016374747727,0.0,0.0,0.0,0.0,0.0,0.0,0.0,0.0,0.0,0.0,0.0,0.0 
 07/21  00:11:00,32.7,22.769984225411246,32.08711553885763,22.769984225411246,0.0,0.0,32.08711553885763,0.0,0.0,0.0,22.570970387845765,0.0,32.10287203087028,0.0,0.0,0.0,0.0,0.0,0.0,0.0,0.0,0.0,0.0,0.0,0.0 
 07/21  00:12:00,32.7,22.94577037611878,32.07275606182399,22.94577037611878,0.0,0.0,32.07275606182399,0.0,0.0,0.0,22.769984225411246,0.0,32.08711553885763,0.0,0.0,0.0,0.0,0.0,0.0,0.0,0.0,0.0,0.0,0.0,0.0 
 07/21  00:13:00,32.7,23.101123193943184,32.05966532319463,23.101123193943184,0.0,0.0,32.05966532319463,0.0,0.0,0.0,22.94577037611878,0.0,32.07275606182399,0.0,0.0,0.0,0.0,0.0,0.0,0.0,0.0,0.0,0.0,0.0,0.0 
 07/21  00:14:00,32.7,23.239491992276864,32.04772527118422,23.239491992276864,0.0,0.0,32.04772527118422,0.0,0.0,0.0,23.101123193943184,0.0,32.05966532319463,0.0,0.0,0.0,0.0,0.0,0.0,0.0,0.0,0.0,0.0,0.0,0.0 
 07/21  00:15:00,32.7,23.36415540634276,32.03682859462558,23.36415540634276,0.0,0.0,32.03682859462558,0.0,0.0,0.0,23.239491992276864,0.0,32.04772527118422,0.0,0.0,0.0,0.0,0.0,0.0,0.0,0.0,0.0,0.0,0.0,0.0 
 07/21  00:16:00,32.7,23.477846967875607,32.02687822495364,23.477846967875607,0.0,0.0,32.02687822495364,0.0,0.0,0.0,23.36415540634276,0.0,32.03682859462558,0.0,0.0,0.0,0.0,0.0,0.0,0.0,0.0,0.0,0.0,0.0,0.0 
 07/21  00:17:00,32.7,23.582803093776715,32.01778631196881,23.582803093776715,0.0,0.0,32.01778631196881,0.0,0.0,0.0,23.477846967875607,0.0,32.02687822495364,0.0,0.0,0.0,0.0,0.0,0.0,0.0,0.0,0.0,0.0,0.0,0.0 
 07/21  00:18:00,32.7,23.680770029574823,32.009473387725215,23.680770029574823,0.0,0.0,32.009473387725215,0.0,0.0,0.0,23.582803093776715,0.0,32.01778631196881,0.0,0.0,0.0,0.0,0.0,0.0,0.0,0.0,0.0,0.0,0.0,0.0 
 07/21  00:19:00,32.7,23.77316654627204,32.001867448283846,23.77316654627204,0.0,0.0,32.001867448283846,0.0,0.0,0.0,23.680770029574823,0.0,32.009473387725215,0.0,0.0,0.0,0.0,0.0,0.0,0.0,0.0,0.0,0.0,0.0,0.0 
 07/21  00:20:00,32.7,23.86108393163558,31.994903283133606,23.86108393163558,0.0,0.0,31.994903283133606,0.0,0.0,0.0,23.77316654627204,0.0,32.001867448283846,0.0,0.0,0.0,0.0,0.0,0.0,0.0,0.0,0.0,0.0,0.0,0.0 
 07/21  00:21:00,32.7,23.94541739024639,31.988521696925904,23.94541739024639,0.0,0.0,31.988521696925904,0.0,0.0,0.0,23.86108393163558,0.0,31.994903283133606,0.0,0.0,0.0,0.0,0.0,0.0,0.0,0.0,0.0,0.0,0.0,0.0 
 07/21  00:22:00,32.7,24.026841071549047,31.982669106035146,24.026841071549047,0.0,0.0,31.982669106035146,0.0,0.0,0.0,23.94541739024639,0.0,31.988521696925904,0.0,0.0,0.0,0.0,0.0,0.0,0.0,0.0,0.0,0.0,0.0,0.0 
 07/21  00:23:00,32.7,24.105915710202407,31.977296823162344,24.105915710202407,0.0,0.0,31.977296823162344,0.0,0.0,0.0,24.026841071549047,0.0,31.982669106035146,0.0,0.0,0.0,0.0,0.0,0.0,0.0,0.0,0.0,0.0,0.0,0.0 
 07/21  00:24:00,32.7,24.183052301323215,31.972360780177695,24.183052301323215,0.0,0.0,31.972360780177695,0.0,0.0,0.0,24.105915710202407,0.0,31.977296823162344,0.0,0.0,0.0,0.0,0.0,0.0,0.0,0.0,0.0,0.0,0.0,0.0 
 07/21  00:25:00,32.7,24.258602231562563,31.967820898508666,24.258602231562563,0.0,0.0,31.967820898508666,0.0,0.0,0.0,24.183052301323215,0.0,31.972360780177695,0.0,0.0,0.0,0.0,0.0,0.0,0.0,0.0,0.0,0.0,0.0,0.0 
 07/21  00:26:00,32.7,24.3328144868629,31.96364092568344,24.3328144868629,0.0,0.0,31.96364092568344,0.0,0.0,0.0,24.258602231562563,0.0,31.967820898508666,0.0,0.0,0.0,0.0,0.0,0.0,0.0,0.0,0.0,0.0,0.0,0.0 
 07/21  00:27:00,32.7,24.405911863782475,31.959787859133773,24.405911863782475,0.0,0.0,31.959787859133773,0.0,0.0,0.0,24.3328144868629,0.0,31.96364092568344,0.0,0.0,0.0,0.0,0.0,0.0,0.0,0.0,0.0,0.0,0.0,0.0 
 07/21  00:28:00,32.7,24.478044886632908,31.956231845842535,24.478044886632908,0.0,0.0,31.956231845842535,0.0,0.0,0.0,24.405911863782475,0.0,31.959787859133773,0.0,0.0,0.0,0.0,0.0,0.0,0.0,0.0,0.0,0.0,0.0,0.0 
 07/21  00:29:00,32.7,24.549357721999037,31.95294569978797,24.549357721999037,0.0,0.0,31.95294569978797,0.0,0.0,0.0,24.478044886632908,0.0,31.956231845842535,0.0,0.0,0.0,0.0,0.0,0.0,0.0,0.0,0.0,0.0,0.0,0.0 
 07/21  00:30:00,32.7,24.61994116895312,31.949904846682486,24.61994116895312,0.0,0.0,31.949904846682486,0.0,0.0,0.0,24.549357721999037,0.0,31.95294569978797,0.0,0.0,0.0,0.0,0.0,0.0,0.0,0.0,0.0,0.0,0.0,0.0 
 07/21  00:31:00,32.7,24.68989114926929,31.947086862669266,24.68989114926929,0.0,0.0,31.947086862669266,0.0,0.0,0.0,24.61994116895312,0.0,31.949904846682486,0.0,0.0,0.0,0.0,0.0,0.0,0.0,0.0,0.0,0.0,0.0,0.0 
 07/21  00:32:00,32.7,24.75926215727371,31.9444715097965,24.75926215727371,0.0,0.0,31.9444715097965,0.0,0.0,0.0,24.68989114926929,0.0,31.947086862669266,0.0,0.0,0.0,0.0,0.0,0.0,0.0,0.0,0.0,0.0,0.0,0.0 
 07/21  00:33:00,32.7,24.828120304723324,31.942040308843545,24.828120304723324,0.0,0.0,31.942040308843545,0.0,0.0,0.0,24.75926215727371,0.0,31.9444715097965,0.0,0.0,0.0,0.0,0.0,0.0,0.0,0.0,0.0,0.0,0.0,0.0 
 07/21  00:34:00,32.7,24.896497932570448,31.93977656822309,24.896497932570448,0.0,0.0,31.93977656822309,0.0,0.0,0.0,24.828120304723324,0.0,31.942040308843545,0.0,0.0,0.0,0.0,0.0,0.0,0.0,0.0,0.0,0.0,0.0,0.0 
 07/21  00:35:00,32.7,24.96444254242698,31.937665050535138,24.96444254242698,0.0,0.0,31.937665050535138,0.0,0.0,0.0,24.896497932570448,0.0,31.93977656822309,0.0,0.0,0.0,0.0,0.0,0.0,0.0,0.0,0.0,0.0,0.0,0.0 
 07/21  00:36:00,32.7,25.031972883275497,31.935692011328356,25.031972883275497,0.0,0.0,31.935692011328356,0.0,0.0,0.0,24.96444254242698,0.0,31.937665050535138,0.0,0.0,0.0,0.0,0.0,0.0,0.0,0.0,0.0,0.0,0.0,0.0 
 07/21  00:37:00,32.7,25.0991246739426,31.93384486150686,25.0991246739426,0.0,0.0,31.93384486150686,0.0,0.0,0.0,25.031972883275497,0.0,31.935692011328356,0.0,0.0,0.0,0.0,0.0,0.0,0.0,0.0,0.0,0.0,0.0,0.0 
 07/21  00:38:00,32.7,25.16590826606413,31.932112274918254,25.16590826606413,0.0,0.0,31.932112274918254,0.0,0.0,0.0,25.0991246739426,0.0,31.93384486150686,0.0,0.0,0.0,0.0,0.0,0.0,0.0,0.0,0.0,0.0,0.0,0.0 
 07/21  00:39:00,32.7,25.232351781037462,31.93048387308008,25.232351781037462,0.0,0.0,31.93048387308008,0.0,0.0,0.0,25.16590826606413,0.0,31.932112274918254,0.0,0.0,0.0,0.0,0.0,0.0,0.0,0.0,0.0,0.0,0.0,0.0 
 07/21  00:40:00,32.7,25.29846033925311,31.928950302164804,25.29846033925311,0.0,0.0,31.928950302164804,0.0,0.0,0.0,25.232351781037462,0.0,31.93048387308008,0.0,0.0,0.0,0.0,0.0,0.0,0.0,0.0,0.0,0.0,0.0,0.0 
 07/21  00:41:00,32.7,25.364257050505003,31.92750299819789,25.364257050505003,0.0,0.0,31.92750299819789,0.0,0.0,0.0,25.29846033925311,0.0,31.928950302164804,0.0,0.0,0.0,0.0,0.0,0.0,0.0,0.0,0.0,0.0,0.0,0.0 
 07/21  00:42:00,32.7,25.42974374500959,31.926134259546046,25.42974374500959,0.0,0.0,31.926134259546046,0.0,0.0,0.0,25.364257050505003,0.0,31.92750299819789,0.0,0.0,0.0,0.0,0.0,0.0,0.0,0.0,0.0,0.0,0.0,0.0 
 07/21  00:43:00,32.7,25.494940134623914,31.92483699918827,25.494940134623914,0.0,0.0,31.92483699918827,0.0,0.0,0.0,25.42974374500959,0.0,31.926134259546046,0.0,0.0,0.0,0.0,0.0,0.0,0.0,0.0,0.0,0.0,0.0,0.0 
 07/21  00:44:00,32.7,25.559845957963084,31.923604868497712,25.559845957963084,0.0,0.0,31.923604868497712,0.0,0.0,0.0,25.494940134623914,0.0,31.92483699918827,0.0,0.0,0.0,0.0,0.0,0.0,0.0,0.0,0.0,0.0,0.0,0.0 
 07/21  00:45:00,32.7,25.624478548621276,31.922432024097567,25.624478548621276,0.0,0.0,31.922432024097567,0.0,0.0,0.0,25.559845957963084,0.0,31.923604868497712,0.0,0.0,0.0,0.0,0.0,0.0,0.0,0.0,0.0,0.0,0.0,0.0 
 07/21  00:46:00,32.7,25.68883630006689,31.921313216337577,25.68883630006689,0.0,0.0,31.921313216337577,0.0,0.0,0.0,25.624478548621276,0.0,31.922432024097567,0.0,0.0,0.0,0.0,0.0,0.0,0.0,0.0,0.0,0.0,0.0,0.0 
 07/21  00:47:00,32.7,25.752934821954447,31.92024362062588,25.752934821954447,0.0,0.0,31.92024362062588,0.0,0.0,0.0,25.68883630006689,0.0,31.921313216337577,0.0,0.0,0.0,0.0,0.0,0.0,0.0,0.0,0.0,0.0,0.0,0.0 
 07/21  00:48:00,32.7,25.816771632208987,31.919218916643505,25.816771632208987,0.0,0.0,31.919218916643505,0.0,0.0,0.0,25.752934821954447,0.0,31.92024362062588,0.0,0.0,0.0,0.0,0.0,0.0,0.0,0.0,0.0,0.0,0.0,0.0 
 07/21  00:49:00,32.7,25.88036104430434,31.91823510483401,25.88036104430434,0.0,0.0,31.91823510483401,0.0,0.0,0.0,25.816771632208987,0.0,31.919218916643505,0.0,0.0,0.0,0.0,0.0,0.0,0.0,0.0,0.0,0.0,0.0,0.0 
 07/21  00:50:00,32.7,25.94369999955196,31.917288623751464,25.94369999955196,0.0,0.0,31.917288623751464,0.0,0.0,0.0,25.88036104430434,0.0,31.91823510483401,0.0,0.0,0.0,0.0,0.0,0.0,0.0,0.0,0.0,0.0,0.0,0.0 
 07/21  00:51:00,32.7,26.006801801097886,31.916376175931525,26.006801801097886,0.0,0.0,31.916376175931525,0.0,0.0,0.0,25.94369999955196,0.0,31.917288623751464,0.0,0.0,0.0,0.0,0.0,0.0,0.0,0.0,0.0,0.0,0.0,0.0 
 07/21  00:52:00,32.7,26.069663006506165,31.915494812807324,26.069663006506165,0.0,0.0,31.915494812807324,0.0,0.0,0.0,26.006801801097886,0.0,31.916376175931525,0.0,0.0,0.0,0.0,0.0,0.0,0.0,0.0,0.0,0.0,0.0,0.0 
 07/21  00:53:00,32.7,26.132296104491736,31.91464181047357,26.132296104491736,0.0,0.0,31.91464181047357,0.0,0.0,0.0,26.069663006506165,0.0,31.915494812807324,0.0,0.0,0.0,0.0,0.0,0.0,0.0,0.0,0.0,0.0,0.0,0.0 
 07/21  00:54:00,32.7,26.194697395198624,31.913814744780577,26.194697395198624,0.0,0.0,31.913814744780577,0.0,0.0,0.0,26.132296104491736,0.0,31.91464181047357,0.0,0.0,0.0,0.0,0.0,0.0,0.0,0.0,0.0,0.0,0.0,0.0 
 07/21  00:55:00,32.7,26.25687869095998,31.913011353038033,26.25687869095998,0.0,0.0,31.913011353038033,0.0,0.0,0.0,26.194697395198624,0.0,31.913814744780577,0.0,0.0,0.0,0.0,0.0,0.0,0.0,0.0,0.0,0.0,0.0,0.0 
 07/21  00:56:00,32.7,26.318836118620563,31.912229637662914,26.318836118620563,0.0,0.0,31.912229637662914,0.0,0.0,0.0,26.25687869095998,0.0,31.913011353038033,0.0,0.0,0.0,0.0,0.0,0.0,0.0,0.0,0.0,0.0,0.0,0.0 
 07/21  00:57:00,32.7,26.380580914351217,31.9114677337493,26.380580914351217,0.0,0.0,31.9114677337493,0.0,0.0,0.0,26.318836118620563,0.0,31.912229637662914,0.0,0.0,0.0,0.0,0.0,0.0,0.0,0.0,0.0,0.0,0.0,0.0 
 07/21  00:58:00,32.7,26.442109088702814,31.910723985485458,26.442109088702814,0.0,0.0,31.910723985485458,0.0,0.0,0.0,26.380580914351217,0.0,31.9114677337493,0.0,0.0,0.0,0.0,0.0,0.0,0.0,0.0,0.0,0.0,0.0,0.0 
 07/21  00:59:00,32.7,26.503431376681874,31.90999685170395,26.503431376681874,0.0,0.0,31.90999685170395,0.0,0.0,0.0,26.442109088702814,0.0,31.910723985485458,0.0,0.0,0.0,0.0,0.0,0.0,0.0,0.0,0.0,0.0,0.0,0.0 
 07/21  01:00:00,32.7,26.564543711878024,31.90928497354808,26.564543711878024,0.0,0.0,31.90928497354808,0.0,0.0,0.0,26.503431376681874,0.0,31.90999685170395,0.0,0.0,0.0,0.0,0.0,0.0,0.0,0.0,0.0,0.0,0.0,0.0,49104000.0 
 07/21  01:01:00,32.7,26.625456385948315,31.908587067617002,26.625456385948315,0.0,0.0,31.908587067617002,0.0,0.0,0.0,26.564543711878024,0.0,31.90928497354808,0.0,0.0,0.0,0.0,0.0,0.0,0.0,0.0,0.0,0.0,0.0,0.0 
 07/21  01:02:00,32.7,26.686165283150153,31.907902015325305,26.686165283150153,0.0,0.0,31.907902015325305,0.0,0.0,0.0,26.625456385948315,0.0,31.908587067617002,0.0,0.0,0.0,0.0,0.0,0.0,0.0,0.0,0.0,0.0,0.0,0.0 
 07/21  01:03:00,32.7,26.746680297620394,31.90722875954424,26.746680297620394,0.0,0.0,31.90722875954424,0.0,0.0,0.0,26.686165283150153,0.0,31.907902015325305,0.0,0.0,0.0,0.0,0.0,0.0,0.0,0.0,0.0,0.0,0.0,0.0 
 07/21  01:04:00,32.7,26.806997284027997,31.906566372027783,26.806997284027997,0.0,0.0,31.906566372027783,0.0,0.0,0.0,26.746680297620394,0.0,31.90722875954424,0.0,0.0,0.0,0.0,0.0,0.0,0.0,0.0,0.0,0.0,0.0,0.0 
 07/21  01:05:00,32.7,26.867125776248585,31.905913978851462,26.867125776248585,0.0,0.0,31.905913978851462,0.0,0.0,0.0,26.806997284027997,0.0,31.906566372027783,0.0,0.0,0.0,0.0,0.0,0.0,0.0,0.0,0.0,0.0,0.0,0.0 
 07/21  01:06:00,32.7,26.927061613696864,31.905270820602652,26.927061613696864,0.0,0.0,31.905270820602652,0.0,0.0,0.0,26.867125776248585,0.0,31.905913978851462,0.0,0.0,0.0,0.0,0.0,0.0,0.0,0.0,0.0,0.0,0.0,0.0 
 07/21  01:07:00,32.7,26.98681400096065,31.904636167160774,26.98681400096065,0.0,0.0,31.904636167160774,0.0,0.0,0.0,26.927061613696864,0.0,31.905270820602652,0.0,0.0,0.0,0.0,0.0,0.0,0.0,0.0,0.0,0.0,0.0,0.0 
 07/21  01:08:00,32.7,27.046378772754203,31.904009394721268,27.046378772754203,0.0,0.0,31.904009394721268,0.0,0.0,0.0,26.98681400096065,0.0,31.904636167160774,0.0,0.0,0.0,0.0,0.0,0.0,0.0,0.0,0.0,0.0,0.0,0.0 
 07/21  01:09:00,32.7,27.10576483062446,31.903389902478732,27.10576483062446,0.0,0.0,31.903389902478732,0.0,0.0,0.0,27.046378772754203,0.0,31.904009394721268,0.0,0.0,0.0,0.0,0.0,0.0,0.0,0.0,0.0,0.0,0.0,0.0 
 07/21  01:10:00,32.7,27.164968012448295,31.902777172273755,27.164968012448295,0.0,0.0,31.902777172273755,0.0,0.0,0.0,27.10576483062446,0.0,31.903389902478732,0.0,0.0,0.0,0.0,0.0,0.0,0.0,0.0,0.0,0.0,0.0,0.0 
 07/21  01:11:00,32.7,27.223996939338203,31.902170707252193,27.223996939338203,0.0,0.0,31.902170707252193,0.0,0.0,0.0,27.164968012448295,0.0,31.902777172273755,0.0,0.0,0.0,0.0,0.0,0.0,0.0,0.0,0.0,0.0,0.0,0.0 
 07/21  01:12:00,32.7,27.28284745824749,31.901570085726608,27.28284745824749,0.0,0.0,31.901570085726608,0.0,0.0,0.0,27.223996939338203,0.0,31.902170707252193,0.0,0.0,0.0,0.0,0.0,0.0,0.0,0.0,0.0,0.0,0.0,0.0 
 07/21  01:13:00,32.7,27.34152792959326,31.900974890706728,27.34152792959326,0.0,0.0,31.900974890706728,0.0,0.0,0.0,27.28284745824749,0.0,31.901570085726608,0.0,0.0,0.0,0.0,0.0,0.0,0.0,0.0,0.0,0.0,0.0,0.0 
 07/21  01:14:00,32.7,27.400034213883316,31.90038477718946,27.400034213883316,0.0,0.0,31.90038477718946,0.0,0.0,0.0,27.34152792959326,0.0,31.900974890706728,0.0,0.0,0.0,0.0,0.0,0.0,0.0,0.0,0.0,0.0,0.0,0.0 
 07/21  01:15:00,32.7,27.45837442827327,31.899799402523,27.45837442827327,0.0,0.0,31.899799402523,0.0,0.0,0.0,27.400034213883316,0.0,31.90038477718946,0.0,0.0,0.0,0.0,0.0,0.0,0.0,0.0,0.0,0.0,0.0,0.0 
 07/21  01:16:00,32.7,27.516544450229645,31.899218479921974,27.516544450229645,0.0,0.0,31.899218479921974,0.0,0.0,0.0,27.45837442827327,0.0,31.899799402523,0.0,0.0,0.0,0.0,0.0,0.0,0.0,0.0,0.0,0.0,0.0,0.0 
 07/21  01:17:00,32.7,27.574552169193108,31.898641725881248,27.574552169193108,0.0,0.0,31.898641725881248,0.0,0.0,0.0,27.516544450229645,0.0,31.899218479921974,0.0,0.0,0.0,0.0,0.0,0.0,0.0,0.0,0.0,0.0,0.0,0.0 
 07/21  01:18:00,32.7,27.632393482179047,31.898068909108016,27.632393482179047,0.0,0.0,31.898068909108016,0.0,0.0,0.0,27.574552169193108,0.0,31.898641725881248,0.0,0.0,0.0,0.0,0.0,0.0,0.0,0.0,0.0,0.0,0.0,0.0 
 07/21  01:19:00,32.7,27.69007606488884,31.89749979002677,27.69007606488884,0.0,0.0,31.89749979002677,0.0,0.0,0.0,27.632393482179047,0.0,31.898068909108016,0.0,0.0,0.0,0.0,0.0,0.0,0.0,0.0,0.0,0.0,0.0,0.0 
 07/21  01:20:00,32.7,27.747595835851936,31.896934180787632,27.747595835851936,0.0,0.0,31.896934180787632,0.0,0.0,0.0,27.69007606488884,0.0,31.89749979002677,0.0,0.0,0.0,0.0,0.0,0.0,0.0,0.0,0.0,0.0,0.0,0.0 
 07/21  01:21:00,32.7,27.804960269679892,31.896371884887312,27.804960269679892,0.0,0.0,31.896371884887312,0.0,0.0,0.0,27.747595835851936,0.0,31.896934180787632,0.0,0.0,0.0,0.0,0.0,0.0,0.0,0.0,0.0,0.0,0.0,0.0 
 07/21  01:22:00,32.7,27.8621653078966,31.895812746098066,27.8621653078966,0.0,0.0,31.895812746098066,0.0,0.0,0.0,27.804960269679892,0.0,31.896371884887312,0.0,0.0,0.0,0.0,0.0,0.0,0.0,0.0,0.0,0.0,0.0,0.0 
 07/21  01:23:00,32.7,27.91921823553939,31.895256601672557,27.91921823553939,0.0,0.0,31.895256601672557,0.0,0.0,0.0,27.8621653078966,0.0,31.895812746098066,0.0,0.0,0.0,0.0,0.0,0.0,0.0,0.0,0.0,0.0,0.0,0.0 
 07/21  01:24:00,32.7,27.976115018227475,31.894703327607996,27.976115018227475,0.0,0.0,31.894703327607996,0.0,0.0,0.0,27.91921823553939,0.0,31.895256601672557,0.0,0.0,0.0,0.0,0.0,0.0,0.0,0.0,0.0,0.0,0.0,0.0 
 07/21  01:25:00,32.7,28.032862761959162,31.89415278485276,28.032862761959162,0.0,0.0,31.89415278485276,0.0,0.0,0.0,27.976115018227475,0.0,31.894703327607996,0.0,0.0,0.0,0.0,0.0,0.0,0.0,0.0,0.0,0.0,0.0,0.0 
 07/21  01:26:00,32.7,28.089457457250173,31.893604874056972,28.089457457250173,0.0,0.0,31.893604874056972,0.0,0.0,0.0,28.032862761959162,0.0,31.89415278485276,0.0,0.0,0.0,0.0,0.0,0.0,0.0,0.0,0.0,0.0,0.0,0.0 
 07/21  01:27:00,32.7,28.14590604073927,31.893059481411623,28.14590604073927,0.0,0.0,31.893059481411623,0.0,0.0,0.0,28.089457457250173,0.0,31.893604874056972,0.0,0.0,0.0,0.0,0.0,0.0,0.0,0.0,0.0,0.0,0.0,0.0 
 07/21  01:28:00,32.7,28.202204528401882,31.89251652424775,28.202204528401882,0.0,0.0,31.89251652424775,0.0,0.0,0.0,28.14590604073927,0.0,31.893059481411623,0.0,0.0,0.0,0.0,0.0,0.0,0.0,0.0,0.0,0.0,0.0,0.0 
 07/21  01:29:00,32.7,28.258359696443193,31.891975908092203,28.258359696443193,0.0,0.0,31.891975908092203,0.0,0.0,0.0,28.202204528401882,0.0,31.89251652424775,0.0,0.0,0.0,0.0,0.0,0.0,0.0,0.0,0.0,0.0,0.0,0.0 
 07/21  01:30:00,32.7,28.314367586671217,31.89143756926129,28.314367586671217,0.0,0.0,31.89143756926129,0.0,0.0,0.0,28.258359696443193,0.0,31.891975908092203,0.0,0.0,0.0,0.0,0.0,0.0,0.0,0.0,0.0,0.0,0.0,0.0 
 07/21  01:31:00,32.7,28.370234823115148,31.890901425556347,28.370234823115148,0.0,0.0,31.890901425556347,0.0,0.0,0.0,28.314367586671217,0.0,31.89143756926129,0.0,0.0,0.0,0.0,0.0,0.0,0.0,0.0,0.0,0.0,0.0,0.0 
 07/21  01:32:00,32.7,28.425957473635695,31.8903674273074,28.425957473635695,0.0,0.0,31.8903674273074,0.0,0.0,0.0,28.370234823115148,0.0,31.890901425556347,0.0,0.0,0.0,0.0,0.0,0.0,0.0,0.0,0.0,0.0,0.0,0.0 
 07/21  01:33:00,32.7,28.481542017746822,31.889835507372645,28.481542017746822,0.0,0.0,31.889835507372645,0.0,0.0,0.0,28.425957473635695,0.0,31.8903674273074,0.0,0.0,0.0,0.0,0.0,0.0,0.0,0.0,0.0,0.0,0.0,0.0 
 07/21  01:34:00,32.7,28.536984549459042,31.889305624346598,28.536984549459042,0.0,0.0,31.889305624346598,0.0,0.0,0.0,28.481542017746822,0.0,31.889835507372645,0.0,0.0,0.0,0.0,0.0,0.0,0.0,0.0,0.0,0.0,0.0,0.0 
 07/21  01:35:00,32.7,28.5922914108957,31.888777722221434,28.5922914108957,0.0,0.0,31.888777722221434,0.0,0.0,0.0,28.536984549459042,0.0,31.889305624346598,0.0,0.0,0.0,0.0,0.0,0.0,0.0,0.0,0.0,0.0,0.0,0.0 
 07/21  01:36:00,32.7,28.647458722214637,31.88825177103547,28.647458722214637,0.0,0.0,31.88825177103547,0.0,0.0,0.0,28.5922914108957,0.0,31.888777722221434,0.0,0.0,0.0,0.0,0.0,0.0,0.0,0.0,0.0,0.0,0.0,0.0 
 07/21  01:37:00,32.7,28.70249269478928,31.887727720586362,28.70249269478928,0.0,0.0,31.887727720586362,0.0,0.0,0.0,28.647458722214637,0.0,31.88825177103547,0.0,0.0,0.0,0.0,0.0,0.0,0.0,0.0,0.0,0.0,0.0,0.0 
 07/21  01:38:00,32.7,28.75738947484188,31.887205548895665,28.75738947484188,0.0,0.0,31.887205548895665,0.0,0.0,0.0,28.70249269478928,0.0,31.887727720586362,0.0,0.0,0.0,0.0,0.0,0.0,0.0,0.0,0.0,0.0,0.0,0.0 
 07/21  01:39:00,32.7,28.81215514919764,31.886685214998856,28.81215514919764,0.0,0.0,31.886685214998856,0.0,0.0,0.0,28.75738947484188,0.0,31.887205548895665,0.0,0.0,0.0,0.0,0.0,0.0,0.0,0.0,0.0,0.0,0.0,0.0 
 07/21  01:40:00,32.7,28.866785889995203,31.886166700419924,28.866785889995203,0.0,0.0,31.886166700419924,0.0,0.0,0.0,28.81215514919764,0.0,31.886685214998856,0.0,0.0,0.0,0.0,0.0,0.0,0.0,0.0,0.0,0.0,0.0,0.0 
 07/21  01:41:00,32.7,28.921287665313468,31.8856499706621,28.921287665313468,0.0,0.0,31.8856499706621,0.0,0.0,0.0,28.866785889995203,0.0,31.886166700419924,0.0,0.0,0.0,0.0,0.0,0.0,0.0,0.0,0.0,0.0,0.0,0.0 
 07/21  01:42:00,32.7,28.975656673006636,31.8851350144028,28.975656673006636,0.0,0.0,31.8851350144028,0.0,0.0,0.0,28.921287665313468,0.0,31.8856499706621,0.0,0.0,0.0,0.0,0.0,0.0,0.0,0.0,0.0,0.0,0.0,0.0 
 07/21  01:43:00,32.7,29.029898767843996,31.884621799267798,29.029898767843996,0.0,0.0,31.884621799267798,0.0,0.0,0.0,28.975656673006636,0.0,31.8851350144028,0.0,0.0,0.0,0.0,0.0,0.0,0.0,0.0,0.0,0.0,0.0,0.0 
 07/21  01:44:00,32.7,29.08401017315207,31.884110318501364,29.08401017315207,0.0,0.0,31.884110318501364,0.0,0.0,0.0,29.029898767843996,0.0,31.884621799267798,0.0,0.0,0.0,0.0,0.0,0.0,0.0,0.0,0.0,0.0,0.0,0.0 
 07/21  01:45:00,32.7,29.137996635492165,31.88360054565565,29.137996635492165,0.0,0.0,31.88360054565565,0.0,0.0,0.0,29.08401017315207,0.0,31.884110318501364,0.0,0.0,0.0,0.0,0.0,0.0,0.0,0.0,0.0,0.0,0.0,0.0 
 07/21  01:46:00,32.7,29.191854403385662,31.883092474764254,29.191854403385662,0.0,0.0,31.883092474764254,0.0,0.0,0.0,29.137996635492165,0.0,31.88360054565565,0.0,0.0,0.0,0.0,0.0,0.0,0.0,0.0,0.0,0.0,0.0,0.0 
 07/21  01:47:00,32.7,29.245589119979623,31.882586083199683,29.245589119979623,0.0,0.0,31.882586083199683,0.0,0.0,0.0,29.191854403385662,0.0,31.883092474764254,0.0,0.0,0.0,0.0,0.0,0.0,0.0,0.0,0.0,0.0,0.0,0.0 
 07/21  01:48:00,32.7,29.299197058685667,31.882081369723313,29.299197058685667,0.0,0.0,31.882081369723313,0.0,0.0,0.0,29.245589119979623,0.0,31.882586083199683,0.0,0.0,0.0,0.0,0.0,0.0,0.0,0.0,0.0,0.0,0.0,0.0 
 07/21  01:49:00,32.7,29.35268376374648,31.881578311717085,29.35268376374648,0.0,0.0,31.881578311717085,0.0,0.0,0.0,29.299197058685667,0.0,31.882081369723313,0.0,0.0,0.0,0.0,0.0,0.0,0.0,0.0,0.0,0.0,0.0,0.0 
 07/21  01:50:00,32.7,29.406045533137704,31.88107691058057,29.406045533137704,0.0,0.0,31.88107691058057,0.0,0.0,0.0,29.35268376374648,0.0,31.881578311717085,0.0,0.0,0.0,0.0,0.0,0.0,0.0,0.0,0.0,0.0,0.0,0.0 
 07/21  01:51:00,32.7,29.459287816445237,31.88057714775773,29.459287816445237,0.0,0.0,31.88057714775773,0.0,0.0,0.0,29.406045533137704,0.0,31.88107691058057,0.0,0.0,0.0,0.0,0.0,0.0,0.0,0.0,0.0,0.0,0.0,0.0 
 07/21  01:52:00,32.7,29.512406935865904,31.880079023873265,29.512406935865904,0.0,0.0,31.880079023873265,0.0,0.0,0.0,29.459287816445237,0.0,31.88057714775773,0.0,0.0,0.0,0.0,0.0,0.0,0.0,0.0,0.0,0.0,0.0,0.0 
 07/21  01:53:00,32.7,29.56540825033359,31.879582522700012,29.56540825033359,0.0,0.0,31.879582522700012,0.0,0.0,0.0,29.512406935865904,0.0,31.880079023873265,0.0,0.0,0.0,0.0,0.0,0.0,0.0,0.0,0.0,0.0,0.0,0.0 
 07/21  01:54:00,32.7,29.618288105910654,31.879087648238553,29.618288105910654,0.0,0.0,31.879087648238553,0.0,0.0,0.0,29.56540825033359,0.0,31.879582522700012,0.0,0.0,0.0,0.0,0.0,0.0,0.0,0.0,0.0,0.0,0.0,0.0 
 07/21  01:55:00,32.7,29.67105177465854,31.87859438304225,29.67105177465854,0.0,0.0,31.87859438304225,0.0,0.0,0.0,29.618288105910654,0.0,31.879087648238553,0.0,0.0,0.0,0.0,0.0,0.0,0.0,0.0,0.0,0.0,0.0,0.0 
 07/21  01:56:00,32.7,29.723695626140223,31.878102732669976,29.723695626140223,0.0,0.0,31.878102732669976,0.0,0.0,0.0,29.67105177465854,0.0,31.87859438304225,0.0,0.0,0.0,0.0,0.0,0.0,0.0,0.0,0.0,0.0,0.0,0.0 
 07/21  01:57:00,32.7,29.776224849115017,31.877612682711597,29.776224849115017,0.0,0.0,31.877612682711597,0.0,0.0,0.0,29.723695626140223,0.0,31.878102732669976,0.0,0.0,0.0,0.0,0.0,0.0,0.0,0.0,0.0,0.0,0.0,0.0 
 07/21  01:58:00,32.7,29.828635836275,31.877124237031133,29.828635836275,0.0,0.0,31.877124237031133,0.0,0.0,0.0,29.776224849115017,0.0,31.877612682711597,0.0,0.0,0.0,0.0,0.0,0.0,0.0,0.0,0.0,0.0,0.0,0.0 
 07/21  01:59:00,32.7,29.880933696452917,31.876637382720133,29.880933696452917,0.0,0.0,31.876637382720133,0.0,0.0,0.0,29.828635836275,0.0,31.877124237031133,0.0,0.0,0.0,0.0,0.0,0.0,0.0,0.0,0.0,0.0,0.0,0.0 
 07/21  02:00:00,32.7,29.933114845094256,31.876152126288417,29.933114845094256,0.0,0.0,31.876152126288417,0.0,0.0,0.0,29.880933696452917,0.0,31.876637382720133,0.0,0.0,0.0,0.0,0.0,0.0,0.0,0.0,0.0,0.0,0.0,0.0,49104000.0 
 07/21  02:01:00,32.7,29.985184314299374,31.875668452877893,29.985184314299374,0.0,0.0,31.875668452877893,0.0,0.0,0.0,29.933114845094256,0.0,31.876152126288417,0.0,0.0,0.0,0.0,0.0,0.0,0.0,0.0,0.0,0.0,0.0,0.0 
 07/21  02:02:00,32.7,30.0371385418894,31.875186369962716,30.0371385418894,0.0,0.0,31.875186369962716,0.0,0.0,0.0,29.985184314299374,0.0,31.875668452877893,0.0,0.0,0.0,0.0,0.0,0.0,0.0,0.0,0.0,0.0,0.0,0.0 
 07/21  02:03:00,32.7,30.08898248625699,31.874705865183937,30.08898248625699,0.0,0.0,31.874705865183937,0.0,0.0,0.0,30.0371385418894,0.0,31.875186369962716,0.0,0.0,0.0,0.0,0.0,0.0,0.0,0.0,0.0,0.0,0.0,0.0 
 07/21  02:04:00,32.7,30.140712607220678,31.874226943761922,30.140712607220678,0.0,0.0,31.874226943761922,0.0,0.0,0.0,30.08898248625699,0.0,31.874705865183937,0.0,0.0,0.0,0.0,0.0,0.0,0.0,0.0,0.0,0.0,0.0,0.0 
 07/21  02:05:00,32.7,30.192333792331937,31.87374959439368,30.192333792331937,0.0,0.0,31.87374959439368,0.0,0.0,0.0,30.140712607220678,0.0,31.874226943761922,0.0,0.0,0.0,0.0,0.0,0.0,0.0,0.0,0.0,0.0,0.0,0.0 
 07/21  02:06:00,32.7,30.243842523029397,31.87327382457539,30.243842523029397,0.0,0.0,31.87327382457539,0.0,0.0,0.0,30.192333792331937,0.0,31.87374959439368,0.0,0.0,0.0,0.0,0.0,0.0,0.0,0.0,0.0,0.0,0.0,0.0 
 07/21  02:07:00,32.7,30.295243618741907,31.872799620604177,30.295243618741907,0.0,0.0,31.872799620604177,0.0,0.0,0.0,30.243842523029397,0.0,31.87327382457539,0.0,0.0,0.0,0.0,0.0,0.0,0.0,0.0,0.0,0.0,0.0,0.0 
 07/21  02:08:00,32.7,30.34653358215321,31.872326990624195,30.34653358215321,0.0,0.0,31.872326990624195,0.0,0.0,0.0,30.295243618741907,0.0,31.872799620604177,0.0,0.0,0.0,0.0,0.0,0.0,0.0,0.0,0.0,0.0,0.0,0.0 
 07/21  02:09:00,32.7,30.39771716714935,31.871855923178302,30.39771716714935,0.0,0.0,31.871855923178302,0.0,0.0,0.0,30.34653358215321,0.0,31.872326990624195,0.0,0.0,0.0,0.0,0.0,0.0,0.0,0.0,0.0,0.0,0.0,0.0 
 07/21  02:10:00,32.7,30.44879089728728,31.87138642380035,30.44879089728728,0.0,0.0,31.87138642380035,0.0,0.0,0.0,30.39771716714935,0.0,31.871855923178302,0.0,0.0,0.0,0.0,0.0,0.0,0.0,0.0,0.0,0.0,0.0,0.0 
 07/21  02:11:00,32.7,30.499759463360245,31.87091848186305,30.499759463360245,0.0,0.0,31.87091848186305,0.0,0.0,0.0,30.44879089728728,0.0,31.87138642380035,0.0,0.0,0.0,0.0,0.0,0.0,0.0,0.0,0.0,0.0,0.0,0.0 
 07/21  02:12:00,32.7,30.55061940943071,31.870452105016096,30.55061940943071,0.0,0.0,31.870452105016096,0.0,0.0,0.0,30.499759463360245,0.0,31.87091848186305,0.0,0.0,0.0,0.0,0.0,0.0,0.0,0.0,0.0,0.0,0.0,0.0 
 07/21  02:13:00,32.7,30.601375365527065,31.869987279940503,30.601375365527065,0.0,0.0,31.869987279940503,0.0,0.0,0.0,30.55061940943071,0.0,31.870452105016096,0.0,0.0,0.0,0.0,0.0,0.0,0.0,0.0,0.0,0.0,0.0,0.0 
 07/21  02:14:00,32.7,30.652023895854317,31.869524014777543,30.652023895854317,0.0,0.0,31.869524014777543,0.0,0.0,0.0,30.601375365527065,0.0,31.869987279940503,0.0,0.0,0.0,0.0,0.0,0.0,0.0,0.0,0.0,0.0,0.0,0.0 
 07/21  02:15:00,32.7,30.702569571889427,31.86906229836626,30.702569571889427,0.0,0.0,31.86906229836626,0.0,0.0,0.0,30.652023895854317,0.0,31.869524014777543,0.0,0.0,0.0,0.0,0.0,0.0,0.0,0.0,0.0,0.0,0.0,0.0 
 07/21  02:16:00,32.7,30.753008977622372,31.86860213599549,30.753008977622372,0.0,0.0,31.86860213599549,0.0,0.0,0.0,30.702569571889427,0.0,31.86906229836626,0.0,0.0,0.0,0.0,0.0,0.0,0.0,0.0,0.0,0.0,0.0,0.0 
 07/21  02:17:00,32.7,30.803346628084423,31.868143517234003,30.803346628084423,0.0,0.0,31.868143517234003,0.0,0.0,0.0,30.753008977622372,0.0,31.86860213599549,0.0,0.0,0.0,0.0,0.0,0.0,0.0,0.0,0.0,0.0,0.0,0.0 
 07/21  02:18:00,32.7,30.85357912669882,31.867686449448268,30.85357912669882,0.0,0.0,31.867686449448268,0.0,0.0,0.0,30.803346628084423,0.0,31.868143517234003,0.0,0.0,0.0,0.0,0.0,0.0,0.0,0.0,0.0,0.0,0.0,0.0 
 07/21  02:19:00,32.7,30.903710934055532,31.867230919312632,30.903710934055532,0.0,0.0,31.867230919312632,0.0,0.0,0.0,30.85357912669882,0.0,31.867686449448268,0.0,0.0,0.0,0.0,0.0,0.0,0.0,0.0,0.0,0.0,0.0,0.0 
 07/21  02:20:00,32.7,30.953738672665636,31.86677693461977,30.953738672665636,0.0,0.0,31.86677693461977,0.0,0.0,0.0,30.903710934055532,0.0,31.867230919312632,0.0,0.0,0.0,0.0,0.0,0.0,0.0,0.0,0.0,0.0,0.0,0.0 
 07/21  02:21:00,32.7,31.003666750586742,31.866324484209297,31.003666750586742,0.0,0.0,31.866324484209297,0.0,0.0,0.0,30.953738672665636,0.0,31.86677693461977,0.0,0.0,0.0,0.0,0.0,0.0,0.0,0.0,0.0,0.0,0.0,0.0 
 07/21  02:22:00,32.7,31.053491809078896,31.865873572843523,31.053491809078896,0.0,0.0,31.865873572843523,0.0,0.0,0.0,31.003666750586742,0.0,31.866324484209297,0.0,0.0,0.0,0.0,0.0,0.0,0.0,0.0,0.0,0.0,0.0,0.0 
 07/21  02:23:00,32.7,31.103218205486325,31.865424190062175,31.103218205486325,0.0,0.0,31.865424190062175,0.0,0.0,0.0,31.053491809078896,0.0,31.865873572843523,0.0,0.0,0.0,0.0,0.0,0.0,0.0,0.0,0.0,0.0,0.0,0.0 
 07/21  02:24:00,32.7,31.152842599486142,31.864976342736,31.152842599486142,0.0,0.0,31.864976342736,0.0,0.0,0.0,31.103218205486325,0.0,31.865424190062175,0.0,0.0,0.0,0.0,0.0,0.0,0.0,0.0,0.0,0.0,0.0,0.0 
 07/21  02:25:00,32.7,31.20236929944332,31.864530017357005,31.20236929944332,0.0,0.0,31.864530017357005,0.0,0.0,0.0,31.152842599486142,0.0,31.864976342736,0.0,0.0,0.0,0.0,0.0,0.0,0.0,0.0,0.0,0.0,0.0,0.0 
 07/21  02:26:00,32.7,31.25179498312713,31.86408522120756,31.25179498312713,0.0,0.0,31.86408522120756,0.0,0.0,0.0,31.20236929944332,0.0,31.864530017357005,0.0,0.0,0.0,0.0,0.0,0.0,0.0,0.0,0.0,0.0,0.0,0.0 
 07/21  02:27:00,32.7,31.301123911577303,31.86364194300518,31.301123911577303,0.0,0.0,31.86364194300518,0.0,0.0,0.0,31.25179498312713,0.0,31.86408522120756,0.0,0.0,0.0,0.0,0.0,0.0,0.0,0.0,0.0,0.0,0.0,0.0 
 07/21  02:28:00,32.7,31.35035278033758,31.863200186860915,31.35035278033758,0.0,0.0,31.863200186860915,0.0,0.0,0.0,31.301123911577303,0.0,31.86364194300518,0.0,0.0,0.0,0.0,0.0,0.0,0.0,0.0,0.0,0.0,0.0,0.0 
 07/21  02:29:00,32.7,31.399485804700852,31.862759942202175,31.399485804700852,0.0,0.0,31.862759942202175,0.0,0.0,0.0,31.35035278033758,0.0,31.863200186860915,0.0,0.0,0.0,0.0,0.0,0.0,0.0,0.0,0.0,0.0,0.0,0.0 
 07/21  02:30:00,32.7,31.448519697675007,31.862321215318527,31.448519697675007,0.0,0.0,31.862321215318527,0.0,0.0,0.0,31.399485804700852,0.0,31.862759942202175,0.0,0.0,0.0,0.0,0.0,0.0,0.0,0.0,0.0,0.0,0.0,0.0 
 07/21  02:31:00,32.7,31.49745863031286,31.861883992465685,31.49745863031286,0.0,0.0,31.861883992465685,0.0,0.0,0.0,31.448519697675007,0.0,31.862321215318527,0.0,0.0,0.0,0.0,0.0,0.0,0.0,0.0,0.0,0.0,0.0,0.0 
 07/21  02:32:00,32.7,31.54629933278352,31.861448280359536,31.54629933278352,0.0,0.0,31.861448280359536,0.0,0.0,0.0,31.49745863031286,0.0,31.861883992465685,0.0,0.0,0.0,0.0,0.0,0.0,0.0,0.0,0.0,0.0,0.0,0.0 
 07/21  02:33:00,32.7,31.595045933338945,31.86101406757073,31.595045933338945,0.0,0.0,31.86101406757073,0.0,0.0,0.0,31.54629933278352,0.0,31.861448280359536,0.0,0.0,0.0,0.0,0.0,0.0,0.0,0.0,0.0,0.0,0.0,0.0 
 07/21  02:34:00,32.7,31.643695179013903,31.860581357525334,31.643695179013903,0.0,0.0,31.860581357525334,0.0,0.0,0.0,31.595045933338945,0.0,31.86101406757073,0.0,0.0,0.0,0.0,0.0,0.0,0.0,0.0,0.0,0.0,0.0,0.0 
 07/21  02:35:00,32.7,31.692251156634583,31.860150139534557,31.692251156634583,0.0,0.0,31.860150139534557,0.0,0.0,0.0,31.643695179013903,0.0,31.860581357525334,0.0,0.0,0.0,0.0,0.0,0.0,0.0,0.0,0.0,0.0,0.0,0.0 
 07/21  02:36:00,32.7,31.74071062981334,31.859720419293524,31.74071062981334,0.0,0.0,31.859720419293524,0.0,0.0,0.0,31.692251156634583,0.0,31.860150139534557,0.0,0.0,0.0,0.0,0.0,0.0,0.0,0.0,0.0,0.0,0.0,0.0 
 07/21  02:37:00,32.7,31.789077645264932,31.859292182834107,31.789077645264932,0.0,0.0,31.859292182834107,0.0,0.0,0.0,31.74071062981334,0.0,31.859720419293524,0.0,0.0,0.0,0.0,0.0,0.0,0.0,0.0,0.0,0.0,0.0,0.0 
 07/21  02:38:00,32.7,31.837348982898472,31.858865436307088,31.837348982898472,0.0,0.0,31.858865436307088,0.0,0.0,0.0,31.789077645264932,0.0,31.859292182834107,0.0,0.0,0.0,0.0,0.0,0.0,0.0,0.0,0.0,0.0,0.0,0.0 
 07/21  02:39:00,32.7,31.88552865057417,31.858440168161664,31.88552865057417,0.0,0.0,31.858440168161664,0.0,0.0,0.0,31.837348982898472,0.0,31.858865436307088,0.0,0.0,0.0,0.0,0.0,0.0,0.0,0.0,0.0,0.0,0.0,0.0 
 07/21  02:40:00,32.7,31.93361344422448,31.85801638115326,31.93361344422448,0.0,0.0,31.85801638115326,0.0,0.0,0.0,31.88552865057417,0.0,31.858440168161664,0.0,0.0,0.0,0.0,0.0,0.0,0.0,0.0,0.0,0.0,0.0,0.0 
 07/21  02:41:00,32.7,31.981607334057326,31.857594064511314,31.981607334057326,0.0,0.0,31.857594064511314,0.0,0.0,0.0,31.93361344422448,0.0,31.85801638115326,0.0,0.0,0.0,0.0,0.0,0.0,0.0,0.0,0.0,0.0,0.0,0.0 
 07/21  02:42:00,32.7,32.029507131762266,31.857173223359563,32.029507131762266,0.0,0.0,31.857173223359563,0.0,0.0,0.0,31.981607334057326,0.0,31.857594064511314,0.0,0.0,0.0,0.0,0.0,0.0,0.0,0.0,0.0,0.0,0.0,0.0 
 07/21  02:43:00,32.7,32.077316771045346,31.85675384355007,32.077316771045346,0.0,0.0,31.85675384355007,0.0,0.0,0.0,32.029507131762266,0.0,31.857173223359563,0.0,0.0,0.0,0.0,0.0,0.0,0.0,0.0,0.0,0.0,0.0,0.0 
 07/21  02:44:00,32.7,32.12503307909417,31.856335930698457,32.12503307909417,0.0,0.0,31.856335930698457,0.0,0.0,0.0,32.077316771045346,0.0,31.85675384355007,0.0,0.0,0.0,0.0,0.0,0.0,0.0,0.0,0.0,0.0,0.0,0.0 
 07/21  02:45:00,32.7,32.172659954214225,31.855919473180826,32.172659954214225,0.0,0.0,31.855919473180826,0.0,0.0,0.0,32.12503307909417,0.0,31.856335930698457,0.0,0.0,0.0,0.0,0.0,0.0,0.0,0.0,0.0,0.0,0.0,0.0 
 07/21  02:46:00,32.7,32.220194238839156,31.855504473121183,32.220194238839156,0.0,0.0,31.855504473121183,0.0,0.0,0.0,32.172659954214225,0.0,31.855919473180826,0.0,0.0,0.0,0.0,0.0,0.0,0.0,0.0,0.0,0.0,0.0,0.0 
 07/21  02:47:00,32.7,32.26763979692843,31.85509091971915,32.26763979692843,0.0,0.0,31.85509091971915,0.0,0.0,0.0,32.220194238839156,0.0,31.855504473121183,0.0,0.0,0.0,0.0,0.0,0.0,0.0,0.0,0.0,0.0,0.0,0.0 
 07/21  02:48:00,32.7,32.31499348591676,31.85467881756928,32.31499348591676,0.0,0.0,31.85467881756928,0.0,0.0,0.0,32.26763979692843,0.0,31.85509091971915,0.0,0.0,0.0,0.0,0.0,0.0,0.0,0.0,0.0,0.0,0.0,0.0 
 07/21  02:49:00,32.7,32.36225913642769,31.854268152402916,32.36225913642769,0.0,0.0,31.854268152402916,0.0,0.0,0.0,32.31499348591676,0.0,31.85467881756928,0.0,0.0,0.0,0.0,0.0,0.0,0.0,0.0,0.0,0.0,0.0,0.0 
 07/21  02:50:00,32.7,32.40943362065878,31.853858929345794,32.40943362065878,0.0,0.0,31.853858929345794,0.0,0.0,0.0,32.36225913642769,0.0,31.854268152402916,0.0,0.0,0.0,0.0,0.0,0.0,0.0,0.0,0.0,0.0,0.0,0.0 
 07/21  02:51:00,32.7,32.4565207368656,31.853451136759464,32.4565207368656,0.0,0.0,31.853451136759464,0.0,0.0,0.0,32.40943362065878,0.0,31.853858929345794,0.0,0.0,0.0,0.0,0.0,0.0,0.0,0.0,0.0,0.0,0.0,0.0 
 07/21  02:52:00,32.7,32.503517371777164,31.853044776188664,32.503517371777164,0.0,0.0,31.853044776188664,0.0,0.0,0.0,32.4565207368656,0.0,31.853451136759464,0.0,0.0,0.0,0.0,0.0,0.0,0.0,0.0,0.0,0.0,0.0,0.0 
 07/21  02:53:00,32.7,32.55042729220873,31.852639836861318,32.55042729220873,0.0,0.0,31.852639836861318,0.0,0.0,0.0,32.503517371777164,0.0,31.853044776188664,0.0,0.0,0.0,0.0,0.0,0.0,0.0,0.0,0.0,0.0,0.0,0.0 
 07/21  02:54:00,32.7,32.59724739919593,31.85223632289318,32.59724739919593,0.0,0.0,31.85223632289318,0.0,0.0,0.0,32.55042729220873,0.0,31.852639836861318,0.0,0.0,0.0,0.0,0.0,0.0,0.0,0.0,0.0,0.0,0.0,0.0 
 07/21  02:55:00,32.7,32.64398142900315,31.851834219957286,32.64398142900315,0.0,0.0,31.851834219957286,0.0,0.0,0.0,32.59724739919593,0.0,31.85223632289318,0.0,0.0,0.0,0.0,0.0,0.0,0.0,0.0,0.0,0.0,0.0,0.0 
 07/21  02:56:00,32.7,32.690626296754346,31.851433532739218,32.690626296754346,0.0,0.0,31.851433532739218,0.0,0.0,0.0,32.64398142900315,0.0,31.851834219957286,0.0,0.0,0.0,0.0,0.0,0.0,0.0,0.0,0.0,0.0,0.0,0.0 
 07/21  02:57:00,32.7,32.73718570901599,31.851034249643742,32.73718570901599,0.0,0.0,31.851034249643742,0.0,0.0,0.0,32.690626296754346,0.0,31.851433532739218,0.0,0.0,0.0,0.0,0.0,0.0,0.0,0.0,0.0,0.0,0.0,0.0 
 07/21  02:58:00,32.7,32.78365659478822,31.85063637169111,32.78365659478822,0.0,0.0,31.85063637169111,0.0,0.0,0.0,32.73718570901599,0.0,31.851034249643742,0.0,0.0,0.0,0.0,0.0,0.0,0.0,0.0,0.0,0.0,0.0,0.0 
 07/21  02:59:00,32.7,32.83004263175784,31.850239888192622,32.83004263175784,0.0,0.0,31.850239888192622,0.0,0.0,0.0,32.78365659478822,0.0,31.85063637169111,0.0,0.0,0.0,0.0,0.0,0.0,0.0,0.0,0.0,0.0,0.0,0.0 
 07/21  03:00:00,32.7,32.87634076259534,31.84984480283599,32.87634076259534,0.0,0.0,31.84984480283599,0.0,0.0,0.0,32.83004263175784,0.0,31.850239888192622,0.0,0.0,0.0,0.0,0.0,0.0,0.0,0.0,0.0,0.0,0.0,0.0,49104000.0 
 07/21  03:01:00,32.7,32.92255463689296,31.849451101295124,32.92255463689296,0.0,0.0,31.849451101295124,0.0,0.0,0.0,32.87634076259534,0.0,31.84984480283599,0.0,0.0,0.0,0.0,0.0,0.0,0.0,0.0,0.0,0.0,0.0,0.0 
 07/21  03:02:00,32.7,32.96868121079163,31.8490587878649,32.96868121079163,0.0,0.0,31.8490587878649,0.0,0.0,0.0,32.92255463689296,0.0,31.849451101295124,0.0,0.0,0.0,0.0,0.0,0.0,0.0,0.0,0.0,0.0,0.0,0.0 
 07/21  03:03:00,32.7,33.0147241065425,31.848667851046844,33.0147241065425,0.0,0.0,31.848667851046844,0.0,0.0,0.0,32.96868121079163,0.0,31.8490587878649,0.0,0.0,0.0,0.0,0.0,0.0,0.0,0.0,0.0,0.0,0.0,0.0 
 07/21  03:04:00,32.7,33.060680293562875,31.84827829139146,33.060680293562875,0.0,0.0,31.84827829139146,0.0,0.0,0.0,33.0147241065425,0.0,31.848667851046844,0.0,0.0,0.0,0.0,0.0,0.0,0.0,0.0,0.0,0.0,0.0,0.0 
 07/21  03:05:00,32.7,33.106553367486214,31.847890098344,33.106553367486214,0.0,0.0,31.847890098344,0.0,0.0,0.0,33.060680293562875,0.0,31.84827829139146,0.0,0.0,0.0,0.0,0.0,0.0,0.0,0.0,0.0,0.0,0.0,0.0 
 07/21  03:06:00,32.7,33.15234031081791,31.84750327521401,33.15234031081791,0.0,0.0,31.84750327521401,0.0,0.0,0.0,33.106553367486214,0.0,31.847890098344,0.0,0.0,0.0,0.0,0.0,0.0,0.0,0.0,0.0,0.0,0.0,0.0 
 07/21  03:07:00,32.7,33.19804469326828,31.847117807730967,33.19804469326828,0.0,0.0,31.847117807730967,0.0,0.0,0.0,33.15234031081791,0.0,31.84750327521401,0.0,0.0,0.0,0.0,0.0,0.0,0.0,0.0,0.0,0.0,0.0,0.0 
 07/21  03:08:00,32.7,33.24366351024802,31.846733699846922,33.24366351024802,0.0,0.0,31.846733699846922,0.0,0.0,0.0,33.19804469326828,0.0,31.847117807730967,0.0,0.0,0.0,0.0,0.0,0.0,0.0,0.0,0.0,0.0,0.0,0.0 
 07/21  03:09:00,32.7,33.289200306211434,31.846350940208442,33.289200306211434,0.0,0.0,31.846350940208442,0.0,0.0,0.0,33.24366351024802,0.0,31.846733699846922,0.0,0.0,0.0,0.0,0.0,0.0,0.0,0.0,0.0,0.0,0.0,0.0 
 07/21  03:10:00,32.7,33.334652089297215,31.845969528949237,33.334652089297215,0.0,0.0,31.845969528949237,0.0,0.0,0.0,33.289200306211434,0.0,31.846350940208442,0.0,0.0,0.0,0.0,0.0,0.0,0.0,0.0,0.0,0.0,0.0,0.0 
 07/21  03:11:00,32.7,33.380022379344474,31.845589455693315,33.380022379344474,0.0,0.0,31.845589455693315,0.0,0.0,0.0,33.334652089297215,0.0,31.845969528949237,0.0,0.0,0.0,0.0,0.0,0.0,0.0,0.0,0.0,0.0,0.0,0.0 
 07/21  03:12:00,32.7,33.42530819704786,31.84521072341938,33.42530819704786,0.0,0.0,31.84521072341938,0.0,0.0,0.0,33.380022379344474,0.0,31.845589455693315,0.0,0.0,0.0,0.0,0.0,0.0,0.0,0.0,0.0,0.0,0.0,0.0 
 07/21  03:13:00,32.7,33.47051303824711,31.844833317961303,33.47051303824711,0.0,0.0,31.844833317961303,0.0,0.0,0.0,33.42530819704786,0.0,31.84521072341938,0.0,0.0,0.0,0.0,0.0,0.0,0.0,0.0,0.0,0.0,0.0,0.0 
 07/21  03:14:00,32.7,33.515633936025914,31.844457242973302,33.515633936025914,0.0,0.0,31.844457242973302,0.0,0.0,0.0,33.47051303824711,0.0,31.844833317961303,0.0,0.0,0.0,0.0,0.0,0.0,0.0,0.0,0.0,0.0,0.0,0.0 
 07/21  03:15:00,32.7,33.56067436281643,31.844082487288954,33.56067436281643,0.0,0.0,31.844082487288954,0.0,0.0,0.0,33.515633936025914,0.0,31.844457242973302,0.0,0.0,0.0,0.0,0.0,0.0,0.0,0.0,0.0,0.0,0.0,0.0 
 07/21  03:16:00,32.7,33.605631363929334,31.843709050674953,33.605631363929334,0.0,0.0,31.843709050674953,0.0,0.0,0.0,33.56067436281643,0.0,31.844082487288954,0.0,0.0,0.0,0.0,0.0,0.0,0.0,0.0,0.0,0.0,0.0,0.0 
 07/21  03:17:00,32.7,33.650508388958166,31.843336922972423,33.650508388958166,0.0,0.0,31.843336922972423,0.0,0.0,0.0,33.605631363929334,0.0,31.843709050674953,0.0,0.0,0.0,0.0,0.0,0.0,0.0,0.0,0.0,0.0,0.0,0.0 
 07/21  03:18:00,32.7,33.695302495283535,31.84296610687293,33.695302495283535,0.0,0.0,31.84296610687293,0.0,0.0,0.0,33.650508388958166,0.0,31.843336922972423,0.0,0.0,0.0,0.0,0.0,0.0,0.0,0.0,0.0,0.0,0.0,0.0 
 07/21  03:19:00,32.7,33.740017110207255,31.84259658835688,33.740017110207255,0.0,0.0,31.84259658835688,0.0,0.0,0.0,33.695302495283535,0.0,31.84296610687293,0.0,0.0,0.0,0.0,0.0,0.0,0.0,0.0,0.0,0.0,0.0,0.0 
 07/21  03:20:00,32.7,33.78464930302731,31.84222837082151,33.78464930302731,0.0,0.0,31.84222837082151,0.0,0.0,0.0,33.740017110207255,0.0,31.84259658835688,0.0,0.0,0.0,0.0,0.0,0.0,0.0,0.0,0.0,0.0,0.0,0.0 
 07/21  03:21:00,32.7,33.82920247927982,31.84186144332224,33.82920247927982,0.0,0.0,31.84186144332224,0.0,0.0,0.0,33.78464930302731,0.0,31.84222837082151,0.0,0.0,0.0,0.0,0.0,0.0,0.0,0.0,0.0,0.0,0.0,0.0 
 07/21  03:22:00,32.7,33.873673720032315,31.84149580530392,33.873673720032315,0.0,0.0,31.84149580530392,0.0,0.0,0.0,33.82920247927982,0.0,31.84186144332224,0.0,0.0,0.0,0.0,0.0,0.0,0.0,0.0,0.0,0.0,0.0,0.0 
 07/21  03:23:00,32.7,33.918066409561085,31.841131446855563,33.918066409561085,0.0,0.0,31.841131446855563,0.0,0.0,0.0,33.873673720032315,0.0,31.84149580530392,0.0,0.0,0.0,0.0,0.0,0.0,0.0,0.0,0.0,0.0,0.0,0.0 
 07/21  03:24:00,32.7,33.96237764055966,31.840768370420122,33.96237764055966,0.0,0.0,31.840768370420122,0.0,0.0,0.0,33.918066409561085,0.0,31.841131446855563,0.0,0.0,0.0,0.0,0.0,0.0,0.0,0.0,0.0,0.0,0.0,0.0 
 07/21  03:25:00,32.7,34.006610776531204,31.84040656215881,34.006610776531204,0.0,0.0,31.84040656215881,0.0,0.0,0.0,33.96237764055966,0.0,31.840768370420122,0.0,0.0,0.0,0.0,0.0,0.0,0.0,0.0,0.0,0.0,0.0,0.0 
 07/21  03:26:00,32.7,34.05076292165599,31.840046025247258,34.05076292165599,0.0,0.0,31.840046025247258,0.0,0.0,0.0,34.006610776531204,0.0,31.84040656215881,0.0,0.0,0.0,0.0,0.0,0.0,0.0,0.0,0.0,0.0,0.0,0.0 
 07/21  03:27:00,32.7,34.09483741913239,31.839686748989674,34.09483741913239,0.0,0.0,31.839686748989674,0.0,0.0,0.0,34.05076292165599,0.0,31.840046025247258,0.0,0.0,0.0,0.0,0.0,0.0,0.0,0.0,0.0,0.0,0.0,0.0 
 07/21  03:28:00,32.7,34.13883138449236,31.839328732548534,34.13883138449236,0.0,0.0,31.839328732548534,0.0,0.0,0.0,34.09483741913239,0.0,31.839686748989674,0.0,0.0,0.0,0.0,0.0,0.0,0.0,0.0,0.0,0.0,0.0,0.0 
 07/21  03:29:00,32.7,34.1827481410801,31.838971966283733,34.1827481410801,0.0,0.0,31.838971966283733,0.0,0.0,0.0,34.13883138449236,0.0,31.839328732548534,0.0,0.0,0.0,0.0,0.0,0.0,0.0,0.0,0.0,0.0,0.0,0.0 
 07/21  03:30:00,32.7,34.22658481564812,31.838616452422578,34.22658481564812,0.0,0.0,31.838616452422578,0.0,0.0,0.0,34.1827481410801,0.0,31.838971966283733,0.0,0.0,0.0,0.0,0.0,0.0,0.0,0.0,0.0,0.0,0.0,0.0 
 07/21  03:31:00,32.7,34.27034471212022,31.838262177333732,34.27034471212022,0.0,0.0,31.838262177333732,0.0,0.0,0.0,34.22658481564812,0.0,31.838616452422578,0.0,0.0,0.0,0.0,0.0,0.0,0.0,0.0,0.0,0.0,0.0,0.0 
 07/21  03:32:00,32.7,34.31402496834229,31.837909144001312,34.31402496834229,0.0,0.0,31.837909144001312,0.0,0.0,0.0,34.27034471212022,0.0,31.838262177333732,0.0,0.0,0.0,0.0,0.0,0.0,0.0,0.0,0.0,0.0,0.0,0.0 
 07/21  03:33:00,32.7,34.357628869235285,31.837557341998142,34.357628869235285,0.0,0.0,31.837557341998142,0.0,0.0,0.0,34.31402496834229,0.0,31.837909144001312,0.0,0.0,0.0,0.0,0.0,0.0,0.0,0.0,0.0,0.0,0.0,0.0 
 07/21  03:34:00,32.7,34.40115356361496,31.837206770238886,34.40115356361496,0.0,0.0,31.837206770238886,0.0,0.0,0.0,34.357628869235285,0.0,31.837557341998142,0.0,0.0,0.0,0.0,0.0,0.0,0.0,0.0,0.0,0.0,0.0,0.0 
 07/21  03:35:00,32.7,34.44460231780151,31.83685741937114,34.44460231780151,0.0,0.0,31.83685741937114,0.0,0.0,0.0,34.40115356361496,0.0,31.837206770238886,0.0,0.0,0.0,0.0,0.0,0.0,0.0,0.0,0.0,0.0,0.0,0.0 
 07/21  03:36:00,32.7,34.48797229146069,31.83650929143549,34.48797229146069,0.0,0.0,31.83650929143549,0.0,0.0,0.0,34.44460231780151,0.0,31.83685741937114,0.0,0.0,0.0,0.0,0.0,0.0,0.0,0.0,0.0,0.0,0.0,0.0 
 07/21  03:37:00,32.7,34.531266732699144,31.83616237302943,34.531266732699144,0.0,0.0,31.83616237302943,0.0,0.0,0.0,34.48797229146069,0.0,31.83650929143549,0.0,0.0,0.0,0.0,0.0,0.0,0.0,0.0,0.0,0.0,0.0,0.0 
 07/21  03:38:00,32.7,34.57448281191634,31.835816666972605,34.57448281191634,0.0,0.0,31.835816666972605,0.0,0.0,0.0,34.531266732699144,0.0,31.83616237302943,0.0,0.0,0.0,0.0,0.0,0.0,0.0,0.0,0.0,0.0,0.0,0.0 
 07/21  03:39:00,32.7,34.61762375937827,31.835472163122084,34.61762375937827,0.0,0.0,31.835472163122084,0.0,0.0,0.0,34.57448281191634,0.0,31.835816666972605,0.0,0.0,0.0,0.0,0.0,0.0,0.0,0.0,0.0,0.0,0.0,0.0 
 07/21  03:40:00,32.7,34.660686756105164,31.835128860176614,34.660686756105164,0.0,0.0,31.835128860176614,0.0,0.0,0.0,34.61762375937827,0.0,31.835472163122084,0.0,0.0,0.0,0.0,0.0,0.0,0.0,0.0,0.0,0.0,0.0,0.0 
 07/21  03:41:00,32.7,34.70367501488168,31.834786749084515,34.70367501488168,0.0,0.0,31.834786749084515,0.0,0.0,0.0,34.660686756105164,0.0,31.835128860176614,0.0,0.0,0.0,0.0,0.0,0.0,0.0,0.0,0.0,0.0,0.0,0.0 
 07/21  03:42:00,32.7,34.746585727239264,31.83444583172605,34.746585727239264,0.0,0.0,31.83444583172605,0.0,0.0,0.0,34.70367501488168,0.0,31.834786749084515,0.0,0.0,0.0,0.0,0.0,0.0,0.0,0.0,0.0,0.0,0.0,0.0 
 07/21  03:43:00,32.7,34.789422088827386,31.83410609494456,34.789422088827386,0.0,0.0,31.83410609494456,0.0,0.0,0.0,34.746585727239264,0.0,31.83444583172605,0.0,0.0,0.0,0.0,0.0,0.0,0.0,0.0,0.0,0.0,0.0,0.0 
 07/21  03:44:00,32.7,34.832181301582246,31.833767541418997,34.832181301582246,0.0,0.0,31.833767541418997,0.0,0.0,0.0,34.789422088827386,0.0,31.83410609494456,0.0,0.0,0.0,0.0,0.0,0.0,0.0,0.0,0.0,0.0,0.0,0.0 
 07/21  03:45:00,32.7,34.874866544351725,31.833430161301518,34.874866544351725,0.0,0.0,31.833430161301518,0.0,0.0,0.0,34.832181301582246,0.0,31.833767541418997,0.0,0.0,0.0,0.0,0.0,0.0,0.0,0.0,0.0,0.0,0.0,0.0 
 07/21  03:46:00,32.7,34.91747502937348,31.83309395310283,34.91747502937348,0.0,0.0,31.83309395310283,0.0,0.0,0.0,34.874866544351725,0.0,31.833430161301518,0.0,0.0,0.0,0.0,0.0,0.0,0.0,0.0,0.0,0.0,0.0,0.0 
 07/21  03:47:00,32.7,34.96000991901531,31.832758908079924,34.96000991901531,0.0,0.0,31.832758908079924,0.0,0.0,0.0,34.91747502937348,0.0,31.83309395310283,0.0,0.0,0.0,0.0,0.0,0.0,0.0,0.0,0.0,0.0,0.0,0.0 
 07/21  03:48:00,32.7,35.002468435716025,31.832425027975123,35.002468435716025,0.0,0.0,31.832425027975123,0.0,0.0,0.0,34.96000991901531,0.0,31.832758908079924,0.0,0.0,0.0,0.0,0.0,0.0,0.0,0.0,0.0,0.0,0.0,0.0 
 07/21  03:49:00,32.7,35.044853725673235,31.832092299889723,35.044853725673235,0.0,0.0,31.832092299889723,0.0,0.0,0.0,35.002468435716025,0.0,31.832425027975123,0.0,0.0,0.0,0.0,0.0,0.0,0.0,0.0,0.0,0.0,0.0,0.0 
 07/21  03:50:00,32.7,35.08716302142935,31.83176072638243,35.08716302142935,0.0,0.0,31.83176072638243,0.0,0.0,0.0,35.044853725673235,0.0,31.832092299889723,0.0,0.0,0.0,0.0,0.0,0.0,0.0,0.0,0.0,0.0,0.0,0.0 
 07/21  03:51:00,32.7,35.12939945331067,31.831430297907307,35.12939945331067,0.0,0.0,31.831430297907307,0.0,0.0,0.0,35.08716302142935,0.0,31.83176072638243,0.0,0.0,0.0,0.0,0.0,0.0,0.0,0.0,0.0,0.0,0.0,0.0 
 07/21  03:52:00,32.7,35.171560263868514,31.83110101281195,35.171560263868514,0.0,0.0,31.83110101281195,0.0,0.0,0.0,35.12939945331067,0.0,31.831430297907307,0.0,0.0,0.0,0.0,0.0,0.0,0.0,0.0,0.0,0.0,0.0,0.0 
 07/21  03:53:00,32.7,35.213648567845965,31.830772862666727,35.213648567845965,0.0,0.0,31.830772862666727,0.0,0.0,0.0,35.171560263868514,0.0,31.83110101281195,0.0,0.0,0.0,0.0,0.0,0.0,0.0,0.0,0.0,0.0,0.0,0.0 
 07/21  03:54:00,32.7,35.255661617711205,31.830445849096023,35.255661617711205,0.0,0.0,31.830445849096023,0.0,0.0,0.0,35.213648567845965,0.0,31.830772862666727,0.0,0.0,0.0,0.0,0.0,0.0,0.0,0.0,0.0,0.0,0.0,0.0 
 07/21  03:55:00,32.7,35.29760251290191,31.83011995946792,35.29760251290191,0.0,0.0,31.83011995946792,0.0,0.0,0.0,35.255661617711205,0.0,31.830445849096023,0.0,0.0,0.0,0.0,0.0,0.0,0.0,0.0,0.0,0.0,0.0,0.0 
 07/21  03:56:00,32.7,35.33946851571373,31.829795196238763,35.33946851571373,0.0,0.0,31.829795196238763,0.0,0.0,0.0,35.29760251290191,0.0,31.83011995946792,0.0,0.0,0.0,0.0,0.0,0.0,0.0,0.0,0.0,0.0,0.0,0.0 
 07/21  03:57:00,32.7,35.381262710546984,31.829471550167924,35.381262710546984,0.0,0.0,31.829471550167924,0.0,0.0,0.0,35.33946851571373,0.0,31.829795196238763,0.0,0.0,0.0,0.0,0.0,0.0,0.0,0.0,0.0,0.0,0.0,0.0 
 07/21  03:58:00,32.7,35.42298236943784,31.829149019461425,35.42298236943784,0.0,0.0,31.829149019461425,0.0,0.0,0.0,35.381262710546984,0.0,31.829471550167924,0.0,0.0,0.0,0.0,0.0,0.0,0.0,0.0,0.0,0.0,0.0,0.0 
 07/21  03:59:00,32.7,35.464630562007834,31.828827596003777,35.464630562007834,0.0,0.0,31.828827596003777,0.0,0.0,0.0,35.42298236943784,0.0,31.829149019461425,0.0,0.0,0.0,0.0,0.0,0.0,0.0,0.0,0.0,0.0,0.0,0.0 
 07/21  04:00:00,32.7,35.50620456994919,31.828507281317517,35.50620456994919,0.0,0.0,31.828507281317517,0.0,0.0,0.0,35.464630562007834,0.0,31.828827596003777,0.0,0.0,0.0,0.0,0.0,0.0,0.0,0.0,0.0,0.0,0.0,0.0,49104000.0 
 07/21  04:01:00,32.7,35.547707448354146,31.828188063041612,35.547707448354146,0.0,0.0,31.828188063041612,0.0,0.0,0.0,35.50620456994919,0.0,31.828507281317517,0.0,0.0,0.0,0.0,0.0,0.0,0.0,0.0,0.0,0.0,0.0,0.0 
 07/21  04:02:00,32.7,35.58913648848879,31.82786994354381,35.58913648848879,0.0,0.0,31.82786994354381,0.0,0.0,0.0,35.547707448354146,0.0,31.828188063041612,0.0,0.0,0.0,0.0,0.0,0.0,0.0,0.0,0.0,0.0,0.0,0.0 
 07/21  04:03:00,32.7,35.630494731156844,31.827552913887686,35.630494731156844,0.0,0.0,31.827552913887686,0.0,0.0,0.0,35.58913648848879,0.0,31.82786994354381,0.0,0.0,0.0,0.0,0.0,0.0,0.0,0.0,0.0,0.0,0.0,0.0 
 07/21  04:04:00,32.7,35.671779477118356,31.82723697215513,35.671779477118356,0.0,0.0,31.82723697215513,0.0,0.0,0.0,35.630494731156844,0.0,31.827552913887686,0.0,0.0,0.0,0.0,0.0,0.0,0.0,0.0,0.0,0.0,0.0,0.0 
 07/21  04:05:00,32.7,35.71299375312092,31.826922110541688,35.71299375312092,0.0,0.0,31.826922110541688,0.0,0.0,0.0,35.671779477118356,0.0,31.82723697215513,0.0,0.0,0.0,0.0,0.0,0.0,0.0,0.0,0.0,0.0,0.0,0.0 
 07/21  04:06:00,32.7,35.75413486934087,31.826608330481122,35.75413486934087,0.0,0.0,31.826608330481122,0.0,0.0,0.0,35.71299375312092,0.0,31.826922110541688,0.0,0.0,0.0,0.0,0.0,0.0,0.0,0.0,0.0,0.0,0.0,0.0 
 07/21  04:07:00,32.7,35.79520583869393,31.826295619884412,35.79520583869393,0.0,0.0,31.826295619884412,0.0,0.0,0.0,35.75413486934087,0.0,31.826608330481122,0.0,0.0,0.0,0.0,0.0,0.0,0.0,0.0,0.0,0.0,0.0,0.0 
 07/21  04:08:00,32.7,35.836203980697036,31.82598398104248,35.836203980697036,0.0,0.0,31.82598398104248,0.0,0.0,0.0,35.79520583869393,0.0,31.826295619884412,0.0,0.0,0.0,0.0,0.0,0.0,0.0,0.0,0.0,0.0,0.0,0.0 
 07/21  04:09:00,32.7,35.87713229465073,31.825673405320355,35.87713229465073,0.0,0.0,31.825673405320355,0.0,0.0,0.0,35.836203980697036,0.0,31.82598398104248,0.0,0.0,0.0,0.0,0.0,0.0,0.0,0.0,0.0,0.0,0.0,0.0 
 07/21  04:10:00,32.7,35.91798810933893,31.825363890692053,35.91798810933893,0.0,0.0,31.825363890692053,0.0,0.0,0.0,35.87713229465073,0.0,31.825673405320355,0.0,0.0,0.0,0.0,0.0,0.0,0.0,0.0,0.0,0.0,0.0,0.0 
 07/21  04:11:00,32.7,35.95877441065614,31.825055429660534,35.95877441065614,0.0,0.0,31.825055429660534,0.0,0.0,0.0,35.91798810933893,0.0,31.825363890692053,0.0,0.0,0.0,0.0,0.0,0.0,0.0,0.0,0.0,0.0,0.0,0.0 
 07/21  04:12:00,32.7,35.99948853658167,31.824748023583687,35.99948853658167,0.0,0.0,31.824748023583687,0.0,0.0,0.0,35.95877441065614,0.0,31.825055429660534,0.0,0.0,0.0,0.0,0.0,0.0,0.0,0.0,0.0,0.0,0.0,0.0 
 07/21  04:13:00,32.7,36.04013345980597,31.824441660645654,36.04013345980597,0.0,0.0,31.824441660645654,0.0,0.0,0.0,35.99948853658167,0.0,31.824748023583687,0.0,0.0,0.0,0.0,0.0,0.0,0.0,0.0,0.0,0.0,0.0,0.0 
 07/21  04:14:00,32.7,36.080706527434046,31.82413634307284,36.080706527434046,0.0,0.0,31.82413634307284,0.0,0.0,0.0,36.04013345980597,0.0,31.824441660645654,0.0,0.0,0.0,0.0,0.0,0.0,0.0,0.0,0.0,0.0,0.0,0.0 
 07/21  04:15:00,32.7,36.121210699147454,31.823832062529632,36.121210699147454,0.0,0.0,31.823832062529632,0.0,0.0,0.0,36.080706527434046,0.0,31.82413634307284,0.0,0.0,0.0,0.0,0.0,0.0,0.0,0.0,0.0,0.0,0.0,0.0 
 07/21  04:16:00,32.7,36.161643331108976,31.82352881689893,36.161643331108976,0.0,0.0,31.82352881689893,0.0,0.0,0.0,36.121210699147454,0.0,31.823832062529632,0.0,0.0,0.0,0.0,0.0,0.0,0.0,0.0,0.0,0.0,0.0,0.0 
 07/21  04:17:00,32.7,36.20200737017986,31.823226598987933,36.20200737017986,0.0,0.0,31.823226598987933,0.0,0.0,0.0,36.161643331108976,0.0,31.82352881689893,0.0,0.0,0.0,0.0,0.0,0.0,0.0,0.0,0.0,0.0,0.0,0.0 
 07/21  04:18:00,32.7,36.24230018151454,31.82292541009163,36.24230018151454,0.0,0.0,31.82292541009163,0.0,0.0,0.0,36.20200737017986,0.0,31.823226598987933,0.0,0.0,0.0,0.0,0.0,0.0,0.0,0.0,0.0,0.0,0.0,0.0 
 07/21  04:19:00,32.7,36.282524699336136,31.822625238667698,36.282524699336136,0.0,0.0,31.822625238667698,0.0,0.0,0.0,36.24230018151454,0.0,31.82292541009163,0.0,0.0,0.0,0.0,0.0,0.0,0.0,0.0,0.0,0.0,0.0,0.0 
 07/21  04:20:00,32.7,36.32267829772628,31.82232608688903,36.32267829772628,0.0,0.0,31.82232608688903,0.0,0.0,0.0,36.282524699336136,0.0,31.822625238667698,0.0,0.0,0.0,0.0,0.0,0.0,0.0,0.0,0.0,0.0,0.0,0.0 
 07/21  04:21:00,32.7,36.36276389844611,31.82202794671512,36.36276389844611,0.0,0.0,31.82202794671512,0.0,0.0,0.0,36.32267829772628,0.0,31.82232608688903,0.0,0.0,0.0,0.0,0.0,0.0,0.0,0.0,0.0,0.0,0.0,0.0 
 07/21  04:22:00,32.7,36.40277888444177,31.821730815951188,36.40277888444177,0.0,0.0,31.821730815951188,0.0,0.0,0.0,36.36276389844611,0.0,31.82202794671512,0.0,0.0,0.0,0.0,0.0,0.0,0.0,0.0,0.0,0.0,0.0,0.0 
 07/21  04:23:00,32.7,36.442726165182584,31.821434687702,36.442726165182584,0.0,0.0,31.821434687702,0.0,0.0,0.0,36.40277888444177,0.0,31.821730815951188,0.0,0.0,0.0,0.0,0.0,0.0,0.0,0.0,0.0,0.0,0.0,0.0 
 07/21  04:24:00,32.7,36.4826031324179,31.821139563208327,36.4826031324179,0.0,0.0,31.821139563208327,0.0,0.0,0.0,36.442726165182584,0.0,31.821434687702,0.0,0.0,0.0,0.0,0.0,0.0,0.0,0.0,0.0,0.0,0.0,0.0 
 07/21  04:25:00,32.7,36.522412683489826,31.820845431197444,36.522412683489826,0.0,0.0,31.820845431197444,0.0,0.0,0.0,36.4826031324179,0.0,31.821139563208327,0.0,0.0,0.0,0.0,0.0,0.0,0.0,0.0,0.0,0.0,0.0,0.0 
 07/21  04:26:00,32.7,36.56215221889131,31.820552293795604,36.56215221889131,0.0,0.0,31.820552293795604,0.0,0.0,0.0,36.522412683489826,0.0,31.820845431197444,0.0,0.0,0.0,0.0,0.0,0.0,0.0,0.0,0.0,0.0,0.0,0.0 
 07/21  04:27:00,32.7,36.60182462399637,31.82026014324968,36.60182462399637,0.0,0.0,31.82026014324968,0.0,0.0,0.0,36.56215221889131,0.0,31.820552293795604,0.0,0.0,0.0,0.0,0.0,0.0,0.0,0.0,0.0,0.0,0.0,0.0 
 07/21  04:28:00,32.7,36.641427307983356,31.81996897729754,36.641427307983356,0.0,0.0,31.81996897729754,0.0,0.0,0.0,36.60182462399637,0.0,31.82026014324968,0.0,0.0,0.0,0.0,0.0,0.0,0.0,0.0,0.0,0.0,0.0,0.0 
 07/21  04:29:00,32.7,36.680963144412196,31.81967878933292,36.680963144412196,0.0,0.0,31.81967878933292,0.0,0.0,0.0,36.641427307983356,0.0,31.81996897729754,0.0,0.0,0.0,0.0,0.0,0.0,0.0,0.0,0.0,0.0,0.0,0.0 
 07/21  04:30:00,32.7,36.72042955108983,31.819389580549714,36.72042955108983,0.0,0.0,31.819389580549714,0.0,0.0,0.0,36.680963144412196,0.0,31.81967878933292,0.0,0.0,0.0,0.0,0.0,0.0,0.0,0.0,0.0,0.0,0.0,0.0 
 07/21  04:31:00,32.7,36.75982938991099,31.819101339940207,36.75982938991099,0.0,0.0,31.819101339940207,0.0,0.0,0.0,36.72042955108983,0.0,31.819389580549714,0.0,0.0,0.0,0.0,0.0,0.0,0.0,0.0,0.0,0.0,0.0,0.0 
 07/21  04:32:00,32.7,36.799160087255906,31.81881406959056,36.799160087255906,0.0,0.0,31.81881406959056,0.0,0.0,0.0,36.75982938991099,0.0,31.819101339940207,0.0,0.0,0.0,0.0,0.0,0.0,0.0,0.0,0.0,0.0,0.0,0.0 
 07/21  04:33:00,32.7,36.83842449349819,31.818527762027532,36.83842449349819,0.0,0.0,31.818527762027532,0.0,0.0,0.0,36.799160087255906,0.0,31.81881406959056,0.0,0.0,0.0,0.0,0.0,0.0,0.0,0.0,0.0,0.0,0.0,0.0 
 07/21  04:34:00,32.7,36.8776200435372,31.818242414931614,36.8776200435372,0.0,0.0,31.818242414931614,0.0,0.0,0.0,36.83842449349819,0.0,31.818527762027532,0.0,0.0,0.0,0.0,0.0,0.0,0.0,0.0,0.0,0.0,0.0,0.0 
 07/21  04:35:00,32.7,36.91674957636494,31.817958021977002,36.91674957636494,0.0,0.0,31.817958021977002,0.0,0.0,0.0,36.8776200435372,0.0,31.818242414931614,0.0,0.0,0.0,0.0,0.0,0.0,0.0,0.0,0.0,0.0,0.0,0.0 
 07/21  04:36:00,32.7,36.95581053534723,31.81767458431737,36.95581053534723,0.0,0.0,31.81767458431737,0.0,0.0,0.0,36.91674957636494,0.0,31.817958021977002,0.0,0.0,0.0,0.0,0.0,0.0,0.0,0.0,0.0,0.0,0.0,0.0 
 07/21  04:37:00,32.7,36.99480574822941,31.817392091204617,36.99480574822941,0.0,0.0,31.817392091204617,0.0,0.0,0.0,36.95581053534723,0.0,31.81767458431737,0.0,0.0,0.0,0.0,0.0,0.0,0.0,0.0,0.0,0.0,0.0,0.0 
 07/21  04:38:00,32.7,37.03373266679225,31.817110544690152,37.03373266679225,0.0,0.0,31.817110544690152,0.0,0.0,0.0,36.99480574822941,0.0,31.817392091204617,0.0,0.0,0.0,0.0,0.0,0.0,0.0,0.0,0.0,0.0,0.0,0.0 
 07/21  04:39:00,32.7,37.07259410766516,31.816829937572006,37.07259410766516,0.0,0.0,31.816829937572006,0.0,0.0,0.0,37.03373266679225,0.0,31.817110544690152,0.0,0.0,0.0,0.0,0.0,0.0,0.0,0.0,0.0,0.0,0.0,0.0 
 07/21  04:40:00,32.7,37.11138753099346,31.816550267481425,37.11138753099346,0.0,0.0,31.816550267481425,0.0,0.0,0.0,37.07259410766516,0.0,31.816829937572006,0.0,0.0,0.0,0.0,0.0,0.0,0.0,0.0,0.0,0.0,0.0,0.0 
 07/21  04:41:00,32.7,37.1501157424172,31.816271528363345,37.1501157424172,0.0,0.0,31.816271528363345,0.0,0.0,0.0,37.11138753099346,0.0,31.816550267481425,0.0,0.0,0.0,0.0,0.0,0.0,0.0,0.0,0.0,0.0,0.0,0.0 
 07/21  04:42:00,32.7,37.18877621039713,31.81599372133626,37.18877621039713,0.0,0.0,31.81599372133626,0.0,0.0,0.0,37.1501157424172,0.0,31.816271528363345,0.0,0.0,0.0,0.0,0.0,0.0,0.0,0.0,0.0,0.0,0.0,0.0 
 07/21  04:43:00,32.7,37.227371729706476,31.815716835905217,37.227371729706476,0.0,0.0,31.815716835905217,0.0,0.0,0.0,37.18877621039713,0.0,31.81599372133626,0.0,0.0,0.0,0.0,0.0,0.0,0.0,0.0,0.0,0.0,0.0,0.0 
 07/21  04:44:00,32.7,37.26589977707332,31.815440874091085,37.26589977707332,0.0,0.0,31.815440874091085,0.0,0.0,0.0,37.227371729706476,0.0,31.815716835905217,0.0,0.0,0.0,0.0,0.0,0.0,0.0,0.0,0.0,0.0,0.0,0.0 
 07/21  04:45:00,32.7,37.304363136522866,31.81516582895416,37.304363136522866,0.0,0.0,31.81516582895416,0.0,0.0,0.0,37.26589977707332,0.0,31.815440874091085,0.0,0.0,0.0,0.0,0.0,0.0,0.0,0.0,0.0,0.0,0.0,0.0 
 07/21  04:46:00,32.7,37.342759293003574,31.814891698084082,37.342759293003574,0.0,0.0,31.814891698084082,0.0,0.0,0.0,37.304363136522866,0.0,31.81516582895416,0.0,0.0,0.0,0.0,0.0,0.0,0.0,0.0,0.0,0.0,0.0,0.0 
 07/21  04:47:00,32.7,37.38109101990768,31.814618475687215,37.38109101990768,0.0,0.0,31.814618475687215,0.0,0.0,0.0,37.342759293003574,0.0,31.814891698084082,0.0,0.0,0.0,0.0,0.0,0.0,0.0,0.0,0.0,0.0,0.0,0.0 
 07/21  04:48:00,32.7,37.419355810358105,31.814346162852242,37.419355810358105,0.0,0.0,31.814346162852242,0.0,0.0,0.0,37.38109101990768,0.0,31.814618475687215,0.0,0.0,0.0,0.0,0.0,0.0,0.0,0.0,0.0,0.0,0.0,0.0 
 07/21  04:49:00,32.7,37.45755642722564,31.814074749331745,37.45755642722564,0.0,0.0,31.814074749331745,0.0,0.0,0.0,37.419355810358105,0.0,31.814346162852242,0.0,0.0,0.0,0.0,0.0,0.0,0.0,0.0,0.0,0.0,0.0,0.0 
 07/21  04:50:00,32.7,37.49569037176269,31.813804237121026,37.49569037176269,0.0,0.0,31.813804237121026,0.0,0.0,0.0,37.45755642722564,0.0,31.814074749331745,0.0,0.0,0.0,0.0,0.0,0.0,0.0,0.0,0.0,0.0,0.0,0.0 
 07/21  04:51:00,32.7,37.53376039642674,31.813534619534806,37.53376039642674,0.0,0.0,31.813534619534806,0.0,0.0,0.0,37.49569037176269,0.0,31.813804237121026,0.0,0.0,0.0,0.0,0.0,0.0,0.0,0.0,0.0,0.0,0.0,0.0 
 07/21  04:52:00,32.7,37.571764010555746,31.81326589412897,37.571764010555746,0.0,0.0,31.81326589412897,0.0,0.0,0.0,37.53376039642674,0.0,31.813534619534806,0.0,0.0,0.0,0.0,0.0,0.0,0.0,0.0,0.0,0.0,0.0,0.0 
 07/21  04:53:00,32.7,37.60970395629873,31.812998055362655,37.60970395629873,0.0,0.0,31.812998055362655,0.0,0.0,0.0,37.571764010555746,0.0,31.81326589412897,0.0,0.0,0.0,0.0,0.0,0.0,0.0,0.0,0.0,0.0,0.0,0.0 
 07/21  04:54:00,32.7,37.647577751036124,31.812731104299658,37.647577751036124,0.0,0.0,31.812731104299658,0.0,0.0,0.0,37.60970395629873,0.0,31.812998055362655,0.0,0.0,0.0,0.0,0.0,0.0,0.0,0.0,0.0,0.0,0.0,0.0 
 07/21  04:55:00,32.7,37.685388126710095,31.812465030933822,37.685388126710095,0.0,0.0,31.812465030933822,0.0,0.0,0.0,37.647577751036124,0.0,31.812731104299658,0.0,0.0,0.0,0.0,0.0,0.0,0.0,0.0,0.0,0.0,0.0,0.0 
 07/21  04:56:00,32.7,37.72313260870131,31.812199837238232,37.72313260870131,0.0,0.0,31.812199837238232,0.0,0.0,0.0,37.685388126710095,0.0,31.812465030933822,0.0,0.0,0.0,0.0,0.0,0.0,0.0,0.0,0.0,0.0,0.0,0.0 
 07/21  04:57:00,32.7,37.760813918843745,31.81193551677248,37.760813918843745,0.0,0.0,31.81193551677248,0.0,0.0,0.0,37.72313260870131,0.0,31.812199837238232,0.0,0.0,0.0,0.0,0.0,0.0,0.0,0.0,0.0,0.0,0.0,0.0 
 07/21  04:58:00,32.7,37.79842959047702,31.811672067063967,37.79842959047702,0.0,0.0,31.811672067063967,0.0,0.0,0.0,37.760813918843745,0.0,31.81193551677248,0.0,0.0,0.0,0.0,0.0,0.0,0.0,0.0,0.0,0.0,0.0,0.0 
 07/21  04:59:00,32.7,37.83598233542261,31.81140948281372,37.83598233542261,0.0,0.0,31.81140948281372,0.0,0.0,0.0,37.79842959047702,0.0,31.811672067063967,0.0,0.0,0.0,0.0,0.0,0.0,0.0,0.0,0.0,0.0,0.0,0.0 
 07/21  05:00:00,32.7,37.87346969493862,31.81114776506282,37.87346969493862,0.0,0.0,31.81114776506282,0.0,0.0,0.0,37.83598233542261,0.0,31.81140948281372,0.0,0.0,0.0,0.0,0.0,0.0,0.0,0.0,0.0,0.0,0.0,0.0,49104000.0 
 07/21  05:01:00,32.7,37.91089437092686,31.810886904037908,37.91089437092686,0.0,0.0,31.810886904037908,0.0,0.0,0.0,37.87346969493862,0.0,31.81114776506282,0.0,0.0,0.0,0.0,0.0,0.0,0.0,0.0,0.0,0.0,0.0,0.0 
 07/21  05:02:00,32.7,37.94825391252432,31.810626901691148,37.94825391252432,0.0,0.0,31.810626901691148,0.0,0.0,0.0,37.91089437092686,0.0,31.810886904037908,0.0,0.0,0.0,0.0,0.0,0.0,0.0,0.0,0.0,0.0,0.0,0.0 
 07/21  05:03:00,32.7,37.985551011803345,31.81036775181649,37.985551011803345,0.0,0.0,31.81036775181649,0.0,0.0,0.0,37.94825391252432,0.0,31.810626901691148,0.0,0.0,0.0,0.0,0.0,0.0,0.0,0.0,0.0,0.0,0.0,0.0 
 07/21  05:04:00,32.7,38.022783225740945,31.810109451916876,38.022783225740945,0.0,0.0,31.810109451916876,0.0,0.0,0.0,37.985551011803345,0.0,31.81036775181649,0.0,0.0,0.0,0.0,0.0,0.0,0.0,0.0,0.0,0.0,0.0,0.0 
 07/21  05:05:00,32.7,38.05995323666758,31.80985199692455,38.05995323666758,0.0,0.0,31.80985199692455,0.0,0.0,0.0,38.022783225740945,0.0,31.810109451916876,0.0,0.0,0.0,0.0,0.0,0.0,0.0,0.0,0.0,0.0,0.0,0.0 
 07/21  05:06:00,32.7,38.0970586093622,31.809595387860256,38.0970586093622,0.0,0.0,31.809595387860256,0.0,0.0,0.0,38.05995323666758,0.0,31.80985199692455,0.0,0.0,0.0,0.0,0.0,0.0,0.0,0.0,0.0,0.0,0.0,0.0 
 07/21  05:07:00,32.7,38.13410201649841,31.80933961517619,38.13410201649841,0.0,0.0,31.80933961517619,0.0,0.0,0.0,38.0970586093622,0.0,31.809595387860256,0.0,0.0,0.0,0.0,0.0,0.0,0.0,0.0,0.0,0.0,0.0,0.0 
 07/21  05:08:00,32.7,38.171081030619625,31.809084680805917,38.171081030619625,0.0,0.0,31.809084680805917,0.0,0.0,0.0,38.13410201649841,0.0,31.80933961517619,0.0,0.0,0.0,0.0,0.0,0.0,0.0,0.0,0.0,0.0,0.0,0.0 
 07/21  05:09:00,32.7,38.20799831482526,31.808830578768973,38.20799831482526,0.0,0.0,31.808830578768973,0.0,0.0,0.0,38.171081030619625,0.0,31.809084680805917,0.0,0.0,0.0,0.0,0.0,0.0,0.0,0.0,0.0,0.0,0.0,0.0 
 07/21  05:10:00,32.7,38.244851449386616,31.80857730654914,38.244851449386616,0.0,0.0,31.80857730654914,0.0,0.0,0.0,38.20799831482526,0.0,31.808830578768973,0.0,0.0,0.0,0.0,0.0,0.0,0.0,0.0,0.0,0.0,0.0,0.0 
 07/21  05:11:00,32.7,38.28164308790916,31.808324859300917,38.28164308790916,0.0,0.0,31.808324859300917,0.0,0.0,0.0,38.244851449386616,0.0,31.80857730654914,0.0,0.0,0.0,0.0,0.0,0.0,0.0,0.0,0.0,0.0,0.0,0.0 
 07/21  05:12:00,32.7,38.31837081835596,31.80807323802799,38.31837081835596,0.0,0.0,31.80807323802799,0.0,0.0,0.0,38.28164308790916,0.0,31.808324859300917,0.0,0.0,0.0,0.0,0.0,0.0,0.0,0.0,0.0,0.0,0.0,0.0 
 07/21  05:13:00,32.7,38.35503728491664,31.807822433401608,38.35503728491664,0.0,0.0,31.807822433401608,0.0,0.0,0.0,38.31837081835596,0.0,31.80807323802799,0.0,0.0,0.0,0.0,0.0,0.0,0.0,0.0,0.0,0.0,0.0,0.0 
 07/21  05:14:00,32.7,38.391640083210774,31.807572447339165,38.391640083210774,0.0,0.0,31.807572447339165,0.0,0.0,0.0,38.35503728491664,0.0,31.807822433401608,0.0,0.0,0.0,0.0,0.0,0.0,0.0,0.0,0.0,0.0,0.0,0.0 
 07/21  05:15:00,32.7,38.42818184808798,31.807323274077174,38.42818184808798,0.0,0.0,31.807323274077174,0.0,0.0,0.0,38.391640083210774,0.0,31.807572447339165,0.0,0.0,0.0,0.0,0.0,0.0,0.0,0.0,0.0,0.0,0.0,0.0 
 07/21  05:16:00,32.7,38.46466018278957,31.8070749110848,38.46466018278957,0.0,0.0,31.8070749110848,0.0,0.0,0.0,38.42818184808798,0.0,31.807323274077174,0.0,0.0,0.0,0.0,0.0,0.0,0.0,0.0,0.0,0.0,0.0,0.0 
 07/21  05:17:00,32.7,38.501077712899104,31.806827353729677,38.501077712899104,0.0,0.0,31.806827353729677,0.0,0.0,0.0,38.46466018278957,0.0,31.8070749110848,0.0,0.0,0.0,0.0,0.0,0.0,0.0,0.0,0.0,0.0,0.0,0.0 
 07/21  05:18:00,32.7,38.537432049245616,31.80658060300102,38.537432049245616,0.0,0.0,31.80658060300102,0.0,0.0,0.0,38.501077712899104,0.0,31.806827353729677,0.0,0.0,0.0,0.0,0.0,0.0,0.0,0.0,0.0,0.0,0.0,0.0 
 07/21  05:19:00,32.7,38.57372580821839,31.806334649782844,38.57372580821839,0.0,0.0,31.806334649782844,0.0,0.0,0.0,38.537432049245616,0.0,31.80658060300102,0.0,0.0,0.0,0.0,0.0,0.0,0.0,0.0,0.0,0.0,0.0,0.0 
 07/21  05:20:00,32.7,38.60995660820068,31.806089495978902,38.60995660820068,0.0,0.0,31.806089495978902,0.0,0.0,0.0,38.57372580821839,0.0,31.806334649782844,0.0,0.0,0.0,0.0,0.0,0.0,0.0,0.0,0.0,0.0,0.0,0.0 
 07/21  05:21:00,32.7,38.64612705645737,31.80584513603511,38.64612705645737,0.0,0.0,31.80584513603511,0.0,0.0,0.0,38.60995660820068,0.0,31.806089495978902,0.0,0.0,0.0,0.0,0.0,0.0,0.0,0.0,0.0,0.0,0.0,0.0 
 07/21  05:22:00,32.7,38.68223477889304,31.805601567411248,38.68223477889304,0.0,0.0,31.805601567411248,0.0,0.0,0.0,38.64612705645737,0.0,31.80584513603511,0.0,0.0,0.0,0.0,0.0,0.0,0.0,0.0,0.0,0.0,0.0,0.0 
 07/21  05:23:00,32.7,38.71828237371621,31.805358785680557,38.71828237371621,0.0,0.0,31.805358785680557,0.0,0.0,0.0,38.68223477889304,0.0,31.805601567411248,0.0,0.0,0.0,0.0,0.0,0.0,0.0,0.0,0.0,0.0,0.0,0.0 
 07/21  05:24:00,32.7,38.75426747432038,31.805116791821412,38.75426747432038,0.0,0.0,31.805116791821412,0.0,0.0,0.0,38.71828237371621,0.0,31.805358785680557,0.0,0.0,0.0,0.0,0.0,0.0,0.0,0.0,0.0,0.0,0.0,0.0 
 07/21  05:25:00,32.7,38.79019266992393,31.804875576925276,38.79019266992393,0.0,0.0,31.804875576925276,0.0,0.0,0.0,38.75426747432038,0.0,31.805116791821412,0.0,0.0,0.0,0.0,0.0,0.0,0.0,0.0,0.0,0.0,0.0,0.0 
 07/21  05:26:00,32.7,38.8260556013775,31.80463514288496,38.8260556013775,0.0,0.0,31.80463514288496,0.0,0.0,0.0,38.79019266992393,0.0,31.804875576925276,0.0,0.0,0.0,0.0,0.0,0.0,0.0,0.0,0.0,0.0,0.0,0.0 
 07/21  05:27:00,32.7,38.861858848973824,31.80439548434823,38.861858848973824,0.0,0.0,31.80439548434823,0.0,0.0,0.0,38.8260556013775,0.0,31.80463514288496,0.0,0.0,0.0,0.0,0.0,0.0,0.0,0.0,0.0,0.0,0.0,0.0 
 07/21  05:28:00,32.7,38.897600060989255,31.804156598769435,38.897600060989255,0.0,0.0,31.804156598769435,0.0,0.0,0.0,38.861858848973824,0.0,31.80439548434823,0.0,0.0,0.0,0.0,0.0,0.0,0.0,0.0,0.0,0.0,0.0,0.0 
 07/21  05:29:00,32.7,38.933281808853835,31.803918481918537,38.933281808853835,0.0,0.0,31.803918481918537,0.0,0.0,0.0,38.897600060989255,0.0,31.804156598769435,0.0,0.0,0.0,0.0,0.0,0.0,0.0,0.0,0.0,0.0,0.0,0.0 
 07/21  05:30:00,32.7,38.96890174823887,31.803681134764343,38.96890174823887,0.0,0.0,31.803681134764343,0.0,0.0,0.0,38.933281808853835,0.0,31.803918481918537,0.0,0.0,0.0,0.0,0.0,0.0,0.0,0.0,0.0,0.0,0.0,0.0 
 07/21  05:31:00,32.7,39.004462441772866,31.803444548598296,39.004462441772866,0.0,0.0,31.803444548598296,0.0,0.0,0.0,38.96890174823887,0.0,31.803681134764343,0.0,0.0,0.0,0.0,0.0,0.0,0.0,0.0,0.0,0.0,0.0,0.0 
 07/21  05:32:00,32.7,39.03996155249171,31.803208725302326,39.03996155249171,0.0,0.0,31.803208725302326,0.0,0.0,0.0,39.004462441772866,0.0,31.803444548598296,0.0,0.0,0.0,0.0,0.0,0.0,0.0,0.0,0.0,0.0,0.0,0.0 
 07/21  05:33:00,32.7,39.075401634282116,31.802973659716475,39.075401634282116,0.0,0.0,31.802973659716475,0.0,0.0,0.0,39.03996155249171,0.0,31.803208725302326,0.0,0.0,0.0,0.0,0.0,0.0,0.0,0.0,0.0,0.0,0.0,0.0 
 07/21  05:34:00,32.7,39.1107803575147,31.802739349291326,39.1107803575147,0.0,0.0,31.802739349291326,0.0,0.0,0.0,39.075401634282116,0.0,31.802973659716475,0.0,0.0,0.0,0.0,0.0,0.0,0.0,0.0,0.0,0.0,0.0,0.0 
 07/21  05:35:00,32.7,39.146100267392555,31.802505789983528,39.146100267392555,0.0,0.0,31.802505789983528,0.0,0.0,0.0,39.1107803575147,0.0,31.802739349291326,0.0,0.0,0.0,0.0,0.0,0.0,0.0,0.0,0.0,0.0,0.0,0.0 
 07/21  05:36:00,32.7,39.181359041591485,31.802272982752363,39.181359041591485,0.0,0.0,31.802272982752363,0.0,0.0,0.0,39.146100267392555,0.0,31.802505789983528,0.0,0.0,0.0,0.0,0.0,0.0,0.0,0.0,0.0,0.0,0.0,0.0 
 07/21  05:37:00,32.7,39.21655921668785,31.802040919081417,39.21655921668785,0.0,0.0,31.802040919081417,0.0,0.0,0.0,39.181359041591485,0.0,31.802272982752363,0.0,0.0,0.0,0.0,0.0,0.0,0.0,0.0,0.0,0.0,0.0,0.0 
 07/21  05:38:00,32.7,39.25169847763371,31.801809600841523,39.25169847763371,0.0,0.0,31.801809600841523,0.0,0.0,0.0,39.21655921668785,0.0,31.802040919081417,0.0,0.0,0.0,0.0,0.0,0.0,0.0,0.0,0.0,0.0,0.0,0.0 
 07/21  05:39:00,32.7,39.28677935243395,31.801579023055915,39.28677935243395,0.0,0.0,31.801579023055915,0.0,0.0,0.0,39.25169847763371,0.0,31.801809600841523,0.0,0.0,0.0,0.0,0.0,0.0,0.0,0.0,0.0,0.0,0.0,0.0 
 07/21  05:40:00,32.7,39.32179953328819,31.80134918317314,39.32179953328819,0.0,0.0,31.80134918317314,0.0,0.0,0.0,39.28677935243395,0.0,31.801579023055915,0.0,0.0,0.0,0.0,0.0,0.0,0.0,0.0,0.0,0.0,0.0,0.0 
 07/21  05:41:00,32.7,39.356761539683994,31.801120077327152,39.356761539683994,0.0,0.0,31.801120077327152,0.0,0.0,0.0,39.32179953328819,0.0,31.80134918317314,0.0,0.0,0.0,0.0,0.0,0.0,0.0,0.0,0.0,0.0,0.0,0.0 
 07/21  05:42:00,32.7,39.391663071040306,31.800891706467763,39.391663071040306,0.0,0.0,31.800891706467763,0.0,0.0,0.0,39.356761539683994,0.0,31.801120077327152,0.0,0.0,0.0,0.0,0.0,0.0,0.0,0.0,0.0,0.0,0.0,0.0 
 07/21  05:43:00,32.7,39.42650663838017,31.80066406226316,39.42650663838017,0.0,0.0,31.80066406226316,0.0,0.0,0.0,39.391663071040306,0.0,31.800891706467763,0.0,0.0,0.0,0.0,0.0,0.0,0.0,0.0,0.0,0.0,0.0,0.0 
 07/21  05:44:00,32.7,39.46128994831408,31.800437146572545,39.46128994831408,0.0,0.0,31.800437146572545,0.0,0.0,0.0,39.42650663838017,0.0,31.80066406226316,0.0,0.0,0.0,0.0,0.0,0.0,0.0,0.0,0.0,0.0,0.0,0.0 
 07/21  05:45:00,32.7,39.49601550345211,31.800210954593325,39.49601550345211,0.0,0.0,31.800210954593325,0.0,0.0,0.0,39.46128994831408,0.0,31.800437146572545,0.0,0.0,0.0,0.0,0.0,0.0,0.0,0.0,0.0,0.0,0.0,0.0 
 07/21  05:46:00,32.7,39.53068101756886,31.799985483773327,39.53068101756886,0.0,0.0,31.799985483773327,0.0,0.0,0.0,39.49601550345211,0.0,31.800210954593325,0.0,0.0,0.0,0.0,0.0,0.0,0.0,0.0,0.0,0.0,0.0,0.0 
 07/21  05:47:00,32.7,39.56528898491175,31.799760730414796,39.56528898491175,0.0,0.0,31.799760730414796,0.0,0.0,0.0,39.53068101756886,0.0,31.799985483773327,0.0,0.0,0.0,0.0,0.0,0.0,0.0,0.0,0.0,0.0,0.0,0.0 
 07/21  05:48:00,32.7,39.59983712639239,31.79953669545838,39.59983712639239,0.0,0.0,31.79953669545838,0.0,0.0,0.0,39.56528898491175,0.0,31.799760730414796,0.0,0.0,0.0,0.0,0.0,0.0,0.0,0.0,0.0,0.0,0.0,0.0 
 07/21  05:49:00,32.7,39.634327927944824,31.799313370750323,39.634327927944824,0.0,0.0,31.799313370750323,0.0,0.0,0.0,39.59983712639239,0.0,31.79953669545838,0.0,0.0,0.0,0.0,0.0,0.0,0.0,0.0,0.0,0.0,0.0,0.0 
 07/21  05:50:00,32.7,39.668759117591,31.799090758138767,39.668759117591,0.0,0.0,31.799090758138767,0.0,0.0,0.0,39.634327927944824,0.0,31.799313370750323,0.0,0.0,0.0,0.0,0.0,0.0,0.0,0.0,0.0,0.0,0.0,0.0 
 07/21  05:51:00,32.7,39.70313317299972,31.798868852988186,39.70313317299972,0.0,0.0,31.798868852988186,0.0,0.0,0.0,39.668759117591,0.0,31.799090758138767,0.0,0.0,0.0,0.0,0.0,0.0,0.0,0.0,0.0,0.0,0.0,0.0 
 07/21  05:52:00,32.7,39.73744782927678,31.798647652748457,39.73744782927678,0.0,0.0,31.798647652748457,0.0,0.0,0.0,39.70313317299972,0.0,31.798868852988186,0.0,0.0,0.0,0.0,0.0,0.0,0.0,0.0,0.0,0.0,0.0,0.0 
 07/21  05:53:00,32.7,39.771705555872785,31.798427153883253,39.771705555872785,0.0,0.0,31.798427153883253,0.0,0.0,0.0,39.73744782927678,0.0,31.798647652748457,0.0,0.0,0.0,0.0,0.0,0.0,0.0,0.0,0.0,0.0,0.0,0.0 
 07/21  05:54:00,32.7,39.80590409495141,31.79820735732581,39.80590409495141,0.0,0.0,31.79820735732581,0.0,0.0,0.0,39.771705555872785,0.0,31.798427153883253,0.0,0.0,0.0,0.0,0.0,0.0,0.0,0.0,0.0,0.0,0.0,0.0 
 07/21  05:55:00,32.7,39.84004590779113,31.79798825509555,39.84004590779113,0.0,0.0,31.79798825509555,0.0,0.0,0.0,39.80590409495141,0.0,31.79820735732581,0.0,0.0,0.0,0.0,0.0,0.0,0.0,0.0,0.0,0.0,0.0,0.0 
 07/21  05:56:00,32.7,39.874128743587725,31.797769849030946,39.874128743587725,0.0,0.0,31.797769849030946,0.0,0.0,0.0,39.84004590779113,0.0,31.79798825509555,0.0,0.0,0.0,0.0,0.0,0.0,0.0,0.0,0.0,0.0,0.0,0.0 
 07/21  05:57:00,32.7,39.908155055492635,31.797552134657273,39.908155055492635,0.0,0.0,31.797552134657273,0.0,0.0,0.0,39.874128743587725,0.0,31.797769849030946,0.0,0.0,0.0,0.0,0.0,0.0,0.0,0.0,0.0,0.0,0.0,0.0 
 07/21  05:58:00,32.7,39.94212259970845,31.797335109429316,39.94212259970845,0.0,0.0,31.797335109429316,0.0,0.0,0.0,39.908155055492635,0.0,31.797552134657273,0.0,0.0,0.0,0.0,0.0,0.0,0.0,0.0,0.0,0.0,0.0,0.0 
 07/21  05:59:00,32.7,39.976033821303616,31.7971187699654,39.976033821303616,0.0,0.0,31.7971187699654,0.0,0.0,0.0,39.94212259970845,0.0,31.797335109429316,0.0,0.0,0.0,0.0,0.0,0.0,0.0,0.0,0.0,0.0,0.0,0.0 
 07/21  06:00:00,32.7,40.00988648346245,31.79690311719259,40.00988648346245,0.0,0.0,31.79690311719259,0.0,0.0,0.0,39.976033821303616,0.0,31.7971187699654,0.0,0.0,0.0,0.0,0.0,0.0,0.0,0.0,0.0,0.0,0.0,0.0,49104000.0 
 07/21  06:01:00,32.7,40.043683023213674,31.79668814329812,40.043683023213674,0.0,0.0,31.79668814329812,0.0,0.0,0.0,40.00988648346245,0.0,31.79690311719259,0.0,0.0,0.0,0.0,0.0,0.0,0.0,0.0,0.0,0.0,0.0,0.0 
 07/21  06:02:00,32.7,40.07742121069852,31.796473850111354,40.07742121069852,0.0,0.0,31.796473850111354,0.0,0.0,0.0,40.043683023213674,0.0,31.79668814329812,0.0,0.0,0.0,0.0,0.0,0.0,0.0,0.0,0.0,0.0,0.0,0.0 
 07/21  06:03:00,32.7,40.11110347494824,31.796260233311603,40.11110347494824,0.0,0.0,31.796260233311603,0.0,0.0,0.0,40.07742121069852,0.0,31.796473850111354,0.0,0.0,0.0,0.0,0.0,0.0,0.0,0.0,0.0,0.0,0.0,0.0 
 07/21  06:04:00,32.7,40.14472759303646,31.79604729036026,40.14472759303646,0.0,0.0,31.79604729036026,0.0,0.0,0.0,40.11110347494824,0.0,31.796260233311603,0.0,0.0,0.0,0.0,0.0,0.0,0.0,0.0,0.0,0.0,0.0,0.0 
 07/21  06:05:00,32.7,40.178295986038364,31.795835018023084,40.178295986038364,0.0,0.0,31.795835018023084,0.0,0.0,0.0,40.14472759303646,0.0,31.79604729036026,0.0,0.0,0.0,0.0,0.0,0.0,0.0,0.0,0.0,0.0,0.0,0.0 
 07/21  06:06:00,32.7,40.211806437935614,31.795623417223126,40.211806437935614,0.0,0.0,31.795623417223126,0.0,0.0,0.0,40.178295986038364,0.0,31.795835018023084,0.0,0.0,0.0,0.0,0.0,0.0,0.0,0.0,0.0,0.0,0.0,0.0 
 07/21  06:07:00,32.7,40.245261361887906,31.795412480322373,40.245261361887906,0.0,0.0,31.795412480322373,0.0,0.0,0.0,40.211806437935614,0.0,31.795623417223126,0.0,0.0,0.0,0.0,0.0,0.0,0.0,0.0,0.0,0.0,0.0,0.0 
 07/21  06:08:00,32.7,40.27865854876089,31.79520220919319,40.27865854876089,0.0,0.0,31.79520220919319,0.0,0.0,0.0,40.245261361887906,0.0,31.795412480322373,0.0,0.0,0.0,0.0,0.0,0.0,0.0,0.0,0.0,0.0,0.0,0.0 
 07/21  06:09:00,32.7,40.31200040383859,31.79499259981118,40.31200040383859,0.0,0.0,31.79499259981118,0.0,0.0,0.0,40.27865854876089,0.0,31.79520220919319,0.0,0.0,0.0,0.0,0.0,0.0,0.0,0.0,0.0,0.0,0.0,0.0 
 07/21  06:10:00,32.7,40.34528472484716,31.794783649981575,40.34528472484716,0.0,0.0,31.794783649981575,0.0,0.0,0.0,40.31200040383859,0.0,31.79499259981118,0.0,0.0,0.0,0.0,0.0,0.0,0.0,0.0,0.0,0.0,0.0,0.0 
 07/21  06:11:00,32.7,40.37851390923419,31.79457535723633,40.37851390923419,0.0,0.0,31.79457535723633,0.0,0.0,0.0,40.34528472484716,0.0,31.794783649981575,0.0,0.0,0.0,0.0,0.0,0.0,0.0,0.0,0.0,0.0,0.0,0.0 
 07/21  06:12:00,32.7,40.411685761565614,31.79436772351709,40.411685761565614,0.0,0.0,31.79436772351709,0.0,0.0,0.0,40.37851390923419,0.0,31.79457535723633,0.0,0.0,0.0,0.0,0.0,0.0,0.0,0.0,0.0,0.0,0.0,0.0 
 07/21  06:13:00,32.7,40.44480267149292,31.79416074282139,40.44480267149292,0.0,0.0,31.79416074282139,0.0,0.0,0.0,40.411685761565614,0.0,31.79436772351709,0.0,0.0,0.0,0.0,0.0,0.0,0.0,0.0,0.0,0.0,0.0,0.0 
 07/21  06:14:00,32.7,40.47786245041311,31.79395441899461,40.47786245041311,0.0,0.0,31.79395441899461,0.0,0.0,0.0,40.44480267149292,0.0,31.79416074282139,0.0,0.0,0.0,0.0,0.0,0.0,0.0,0.0,0.0,0.0,0.0,0.0 
 07/21  06:15:00,32.7,40.5108674802291,31.79374875054183,40.5108674802291,0.0,0.0,31.79374875054183,0.0,0.0,0.0,40.47786245041311,0.0,31.79395441899461,0.0,0.0,0.0,0.0,0.0,0.0,0.0,0.0,0.0,0.0,0.0,0.0 
 07/21  06:16:00,32.7,40.54381557919096,31.793543738002366,40.54381557919096,0.0,0.0,31.793543738002366,0.0,0.0,0.0,40.5108674802291,0.0,31.79374875054183,0.0,0.0,0.0,0.0,0.0,0.0,0.0,0.0,0.0,0.0,0.0,0.0 
 07/21  06:17:00,32.7,40.57670912151861,31.79333938189113,40.57670912151861,0.0,0.0,31.79333938189113,0.0,0.0,0.0,40.54381557919096,0.0,31.793543738002366,0.0,0.0,0.0,0.0,0.0,0.0,0.0,0.0,0.0,0.0,0.0,0.0 
 07/21  06:18:00,32.7,40.609545932388855,31.79313568699924,40.609545932388855,0.0,0.0,31.79313568699924,0.0,0.0,0.0,40.57670912151861,0.0,31.79333938189113,0.0,0.0,0.0,0.0,0.0,0.0,0.0,0.0,0.0,0.0,0.0,0.0 
 07/21  06:19:00,32.7,40.642328378430854,31.792932650052187,40.642328378430854,0.0,0.0,31.792932650052187,0.0,0.0,0.0,40.609545932388855,0.0,31.79313568699924,0.0,0.0,0.0,0.0,0.0,0.0,0.0,0.0,0.0,0.0,0.0,0.0 
 07/21  06:20:00,32.7,40.67505429188039,31.792730277209138,40.67505429188039,0.0,0.0,31.792730277209138,0.0,0.0,0.0,40.642328378430854,0.0,31.792932650052187,0.0,0.0,0.0,0.0,0.0,0.0,0.0,0.0,0.0,0.0,0.0,0.0 
 07/21  06:21:00,32.7,40.707726031891035,31.7925285689123,40.707726031891035,0.0,0.0,31.7925285689123,0.0,0.0,0.0,40.67505429188039,0.0,31.792730277209138,0.0,0.0,0.0,0.0,0.0,0.0,0.0,0.0,0.0,0.0,0.0,0.0 
 07/21  06:22:00,32.7,40.740341437931725,31.792327527067123,40.740341437931725,0.0,0.0,31.792327527067123,0.0,0.0,0.0,40.707726031891035,0.0,31.7925285689123,0.0,0.0,0.0,0.0,0.0,0.0,0.0,0.0,0.0,0.0,0.0,0.0 
 07/21  06:23:00,32.7,40.772902861800105,31.792127153121168,40.772902861800105,0.0,0.0,31.792127153121168,0.0,0.0,0.0,40.740341437931725,0.0,31.792327527067123,0.0,0.0,0.0,0.0,0.0,0.0,0.0,0.0,0.0,0.0,0.0,0.0 
 07/21  06:24:00,32.7,40.805408150379655,31.79192745224114,40.805408150379655,0.0,0.0,31.79192745224114,0.0,0.0,0.0,40.772902861800105,0.0,31.792127153121168,0.0,0.0,0.0,0.0,0.0,0.0,0.0,0.0,0.0,0.0,0.0,0.0 
 07/21  06:25:00,32.7,40.83785964821131,31.79172842110369,40.83785964821131,0.0,0.0,31.79172842110369,0.0,0.0,0.0,40.805408150379655,0.0,31.79192745224114,0.0,0.0,0.0,0.0,0.0,0.0,0.0,0.0,0.0,0.0,0.0,0.0 
 07/21  06:26:00,32.7,40.87025520974364,31.791530065383704,40.87025520974364,0.0,0.0,31.791530065383704,0.0,0.0,0.0,40.83785964821131,0.0,31.79172842110369,0.0,0.0,0.0,0.0,0.0,0.0,0.0,0.0,0.0,0.0,0.0,0.0 
 07/21  06:27:00,32.7,40.902597172318856,31.79133238473142,40.902597172318856,0.0,0.0,31.79133238473142,0.0,0.0,0.0,40.87025520974364,0.0,31.791530065383704,0.0,0.0,0.0,0.0,0.0,0.0,0.0,0.0,0.0,0.0,0.0,0.0 
 07/21  06:28:00,32.7,40.93488339804237,31.79113537990584,40.93488339804237,0.0,0.0,31.79113537990584,0.0,0.0,0.0,40.902597172318856,0.0,31.79133238473142,0.0,0.0,0.0,0.0,0.0,0.0,0.0,0.0,0.0,0.0,0.0,0.0 
 07/21  06:29:00,32.7,40.967116217064905,31.790939051047037,40.967116217064905,0.0,0.0,31.790939051047037,0.0,0.0,0.0,40.93488339804237,0.0,31.79113537990584,0.0,0.0,0.0,0.0,0.0,0.0,0.0,0.0,0.0,0.0,0.0,0.0 
 07/21  06:30:00,32.7,40.99929349916958,31.790743401788813,40.99929349916958,0.0,0.0,31.790743401788813,0.0,0.0,0.0,40.967116217064905,0.0,31.790939051047037,0.0,0.0,0.0,0.0,0.0,0.0,0.0,0.0,0.0,0.0,0.0,0.0 
 07/21  06:31:00,32.7,41.031417567274765,31.790548427184408,41.031417567274765,0.0,0.0,31.790548427184408,0.0,0.0,0.0,40.99929349916958,0.0,31.790743401788813,0.0,0.0,0.0,0.0,0.0,0.0,0.0,0.0,0.0,0.0,0.0,0.0 
 07/21  06:32:00,32.7,41.06348629879397,31.79035413117581,41.06348629879397,0.0,0.0,31.79035413117581,0.0,0.0,0.0,41.031417567274765,0.0,31.790548427184408,0.0,0.0,0.0,0.0,0.0,0.0,0.0,0.0,0.0,0.0,0.0,0.0 
 07/21  06:33:00,32.7,41.09550200933557,31.79016051169014,41.09550200933557,0.0,0.0,31.79016051169014,0.0,0.0,0.0,41.06348629879397,0.0,31.79035413117581,0.0,0.0,0.0,0.0,0.0,0.0,0.0,0.0,0.0,0.0,0.0,0.0 
 07/21  06:34:00,32.7,41.127462583840675,31.789967567693296,41.127462583840675,0.0,0.0,31.789967567693296,0.0,0.0,0.0,41.09550200933557,0.0,31.79016051169014,0.0,0.0,0.0,0.0,0.0,0.0,0.0,0.0,0.0,0.0,0.0,0.0 
 07/21  06:35:00,32.7,41.159370330508715,31.789775297620174,41.159370330508715,0.0,0.0,31.789775297620174,0.0,0.0,0.0,41.127462583840675,0.0,31.789967567693296,0.0,0.0,0.0,0.0,0.0,0.0,0.0,0.0,0.0,0.0,0.0,0.0 
 07/21  06:36:00,32.7,41.19122314166727,31.789583703385162,41.19122314166727,0.0,0.0,31.789583703385162,0.0,0.0,0.0,41.159370330508715,0.0,31.789775297620174,0.0,0.0,0.0,0.0,0.0,0.0,0.0,0.0,0.0,0.0,0.0,0.0 
 07/21  06:37:00,32.7,41.22302331800153,31.789392778435165,41.22302331800153,0.0,0.0,31.789392778435165,0.0,0.0,0.0,41.19122314166727,0.0,31.789583703385162,0.0,0.0,0.0,0.0,0.0,0.0,0.0,0.0,0.0,0.0,0.0,0.0 
 07/21  06:38:00,32.7,41.25476875906318,31.789202525123894,41.25476875906318,0.0,0.0,31.789202525123894,0.0,0.0,0.0,41.22302331800153,0.0,31.789392778435165,0.0,0.0,0.0,0.0,0.0,0.0,0.0,0.0,0.0,0.0,0.0,0.0 
 07/21  06:39:00,32.7,41.28646175792463,31.789012939938676,41.28646175792463,0.0,0.0,31.789012939938676,0.0,0.0,0.0,41.25476875906318,0.0,31.789202525123894,0.0,0.0,0.0,0.0,0.0,0.0,0.0,0.0,0.0,0.0,0.0,0.0 
 07/21  06:40:00,32.7,41.318100221192765,31.788824020428084,41.318100221192765,0.0,0.0,31.788824020428084,0.0,0.0,0.0,41.28646175792463,0.0,31.789012939938676,0.0,0.0,0.0,0.0,0.0,0.0,0.0,0.0,0.0,0.0,0.0,0.0 
 07/21  06:41:00,32.7,38.09317396404317,31.78863741641785,38.09317396404317,0.0,57180.14000047762,31.78863741641785,0.0,0.0,0.08034118,26.6,0.0,31.788824020428084,0.08034118,0.08034118,0.0,0.0,0.08034118,0.0,0.0,0.0,0.04865536959737696,0.0,0.04865536959737696,0.0 
 07/21  06:42:00,32.7,33.91097041821902,31.7884503310751,33.91097041821902,0.0,50374.75301542168,31.7884503310751,0.0,0.0,0.08034118,23.8,0.0,31.78863741641785,0.08034118,0.08034118,0.0,0.0,0.08034118,0.0,0.0,0.0,0.04865536959737696,0.0,0.04865536959737696,0.0 
 07/21  06:43:00,32.6,31.000799127447134,31.785240747796827,31.000799127447134,0.0,44924.23845999077,31.785240747796827,0.0,0.0,0.08034118,22.0,0.0,31.7884503310751,0.08034118,0.08034118,0.0,0.0,0.08034118,0.0,0.0,0.0,0.04865536959737696,0.0,0.04865536959737696,0.0 
 07/21  06:44:00,32.5,29.60261927233443,31.777324547751224,29.60261927233443,0.0,43997.60722662775,31.777324547751224,0.0,0.0,0.08034118,20.8,0.0,31.785240747796827,0.08034118,0.08034118,0.0,0.0,0.08034118,0.0,0.0,0.0,0.04865536959737696,0.0,0.04865536959737696,0.0 
 07/21  06:45:00,32.6,29.05323480478019,31.7704837212172,29.05323480478019,0.0,44791.25903480539,31.7704837212172,0.0,0.0,0.08034118,20.1,0.0,31.777324547751224,0.08034118,0.08034118,0.0,0.0,0.08034118,0.0,0.0,0.0,0.04865536959737696,0.0,0.04865536959737696,0.0 
 07/21  06:46:00,32.6,28.77661307351985,31.76544426753925,28.77661307351985,0.0,45436.78631887416,31.76544426753925,0.0,0.0,0.08034118,19.7,0.0,31.7704837212172,0.08034118,0.08034118,0.0,0.0,0.08034118,0.0,0.0,0.0,0.04865536959737696,0.0,0.04865536959737696,0.0 
 07/21  06:47:00,32.6,28.548272712518635,31.76155172557005,28.548272712518635,0.0,45317.11550346062,31.76155172557005,0.0,0.0,0.08034118,19.5,0.0,31.76544426753925,0.08034118,0.08034118,0.0,0.0,0.08034118,0.0,0.0,0.0,0.04865536959737696,0.0,0.04865536959737696,0.0 
 07/21  06:48:00,32.5,28.349369196589798,31.75520360406624,28.349369196589798,0.0,44837.96397367399,31.75520360406624,0.0,0.0,0.08034118,19.4,0.0,31.76155172557005,0.08034118,0.08034118,0.0,0.0,0.08034118,0.0,0.0,0.0,0.04865536959737696,0.0,0.04865536959737696,0.0 
 07/21  06:49:00,32.5,28.148885237749163,31.747471159080312,28.148885237749163,0.0,45347.323857381234,31.747471159080312,0.0,0.0,0.08034118,19.1,0.0,31.75520360406624,0.08034118,0.08034118,0.0,0.0,0.08034118,0.0,0.0,0.0,0.04865536959737696,0.0,0.04865536959737696,0.0 
 07/21  06:50:00,32.5,27.959036589200434,31.739698127120455,27.959036589200434,0.0,45407.46639167823,31.739698127120455,0.0,0.0,0.08034118,18.9,0.0,31.747471159080312,0.08034118,0.08034118,0.0,0.0,0.08034118,0.0,0.0,0.0,0.04865536959737696,0.0,0.04865536959737696,0.0 
 07/21  06:51:00,32.6,27.785025553500986,31.73553654419922,27.785025553500986,0.0,45547.31823489185,31.73553654419922,0.0,0.0,0.08034118,18.7,0.0,31.739698127120455,0.08034118,0.08034118,0.0,0.0,0.08034118,0.0,0.0,0.0,0.04865536959737696,0.0,0.04865536959737696,0.0 
 07/21  06:52:00,32.6,27.642218635543117,31.733766727247865,27.642218635543117,0.0,45341.36719403865,31.733766727247865,0.0,0.0,0.08034118,18.6,0.0,31.73553654419922,0.08034118,0.08034118,0.0,0.0,0.08034118,0.0,0.0,0.0,0.04865536959737696,0.0,0.04865536959737696,0.0 
 07/21  06:53:00,32.7,27.50501465918069,31.735916270818677,27.50501465918069,0.0,45660.11604858217,31.735916270818677,0.0,0.0,0.08034118,18.4,0.0,31.733766727247865,0.08034118,0.08034118,0.0,0.0,0.08034118,0.0,0.0,0.0,0.04865536959737696,0.0,0.04865536959737696,0.0 
 07/21  06:54:00,32.7,27.359772359676146,31.739910809350466,27.359772359676146,0.0,45937.48811422466,31.739910809350466,0.0,0.0,0.08034118,18.2,0.0,31.735916270818677,0.08034118,0.08034118,0.0,0.0,0.08034118,0.0,0.0,0.0,0.04865536959737696,0.0,0.04865536959737696,0.0 
 07/21  06:55:00,32.7,27.246629306717182,31.744129667178324,27.246629306717182,0.0,45375.29378387315,31.744129667178324,0.0,0.0,0.08034118,18.2,0.0,31.739910809350466,0.08034118,0.08034118,0.0,0.0,0.08034118,0.0,0.0,0.0,0.04865536959737696,0.0,0.04865536959737696,0.0 
 07/21  06:56:00,32.7,27.13233164679008,31.747942997177784,27.13233164679008,0.0,45805.91669773303,31.747942997177784,0.0,0.0,0.08034118,18.0,0.0,31.744129667178324,0.08034118,0.08034118,0.0,0.0,0.08034118,0.0,0.0,0.0,0.04865536959737696,0.0,0.04865536959737696,0.0 
 07/21  06:57:00,32.7,27.018981654293317,31.751268231449554,27.018981654293317,0.0,45739.434497721246,31.751268231449554,0.0,0.0,0.08034118,17.9,0.0,31.747942997177784,0.08034118,0.08034118,0.0,0.0,0.08034118,0.0,0.0,0.0,0.04865536959737696,0.0,0.04865536959737696,0.0 
 07/21  06:58:00,32.7,26.931193836197043,31.75419300369002,26.931193836197043,0.0,45298.42917292956,31.75419300369002,0.0,0.0,0.08034118,17.9,0.0,31.751268231449554,0.08034118,0.08034118,0.0,0.0,0.08034118,0.0,0.0,0.0,0.04865536959737696,0.0,0.04865536959737696,0.0 
 07/21  06:59:00,32.8,26.84919877772374,31.7598192705187,26.84919877772374,0.0,45391.9526528923,31.7598192705187,0.0,0.0,0.08034118,17.8,0.0,31.75419300369002,0.08034118,0.08034118,0.0,0.0,0.08034118,0.0,0.0,0.0,0.04865536959737696,0.0,0.04865536959737696,0.0 
 07/21  07:00:00,32.9,26.760271109606062,31.76988333276392,26.760271109606062,0.0,45450.06234048521,31.76988333276392,0.0,0.0,0.08034118,17.7,0.0,31.7598192705187,0.08034118,0.08034118,0.0,0.0,0.08034118,0.0,0.0,0.0,0.04865536959737696,0.0,0.04865536959737696,0.0,49104000.0 
 07/21  07:01:00,32.8,26.683913423582634,31.7786408136913,26.683913423582634,0.0,45072.78743117329,31.7786408136913,0.0,0.0,0.08034118,17.7,0.0,31.76988333276392,0.08034118,0.08034118,0.0,0.0,0.08034118,0.0,0.0,0.0,0.04865536959737696,0.0,0.04865536959737696,0.0 
 07/21  07:02:00,32.8,26.605668279216193,31.785390911069154,26.605668279216193,0.0,45181.36968149942,31.785390911069154,0.0,0.0,0.08034118,17.6,0.0,31.7786408136913,0.08034118,0.08034118,0.0,0.0,0.08034118,0.0,0.0,0.0,0.04865536959737696,0.0,0.04865536959737696,0.0 
 07/21  07:03:00,32.8,26.518270017521004,31.790807413151395,26.518270017521004,0.0,45242.524618753836,31.790807413151395,0.0,0.0,0.08034118,17.5,0.0,31.785390911069154,0.08034118,0.08034118,0.0,0.0,0.08034118,0.0,0.0,0.0,0.04865536959737696,0.0,0.04865536959737696,0.0 
 07/21  07:04:00,32.8,26.42412268005437,31.79548322375132,26.42412268005437,0.0,45274.98195135249,31.79548322375132,0.0,0.0,0.08034118,17.4,0.0,31.790807413151395,0.08034118,0.08034118,0.0,0.0,0.08034118,0.0,0.0,0.0,0.04865536959737696,0.0,0.04865536959737696,0.0 
 07/21  07:05:00,32.9,26.3278393368501,31.802718437276063,26.3278393368501,0.0,45294.689519982865,31.802718437276063,0.0,0.0,0.08034118,17.3,0.0,31.79548322375132,0.08034118,0.08034118,0.0,0.0,0.08034118,0.0,0.0,0.0,0.04865536959737696,0.0,0.04865536959737696,0.0 
 07/21  07:06:00,33.0,26.25173741355899,31.814283427523446,26.25173741355899,0.0,44913.343276167565,31.814283427523446,0.0,0.0,0.08034118,17.3,0.0,31.802718437276063,0.08034118,0.08034118,0.0,0.0,0.08034118,0.0,0.0,0.0,0.04865536959737696,0.0,0.04865536959737696,0.0 
 07/21  07:07:00,32.8,26.19668289915053,31.8214169916787,26.19668289915053,0.0,44637.22462777261,31.8214169916787,0.0,0.0,0.08034118,17.3,0.0,31.814283427523446,0.08034118,0.08034118,0.0,0.0,0.08034118,0.0,0.0,0.0,0.04865536959737696,0.0,0.04865536959737696,0.0 
 07/21  07:08:00,32.9,26.211792181187093,31.82776845455827,26.211792181187093,0.0,43205.03156379711,31.82776845455827,0.0,0.0,0.08034118,17.6,0.0,31.8214169916787,0.08034118,0.08034118,0.0,0.0,0.08034118,0.0,0.0,0.0,0.04865536959737696,0.0,0.04865536959737696,0.0 
 07/21  07:09:00,32.9,26.191596169401347,31.834094618524393,26.191596169401347,0.0,44108.31828401961,31.834094618524393,0.0,0.0,0.08034118,17.4,0.0,31.82776845455827,0.08034118,0.08034118,0.0,0.0,0.08034118,0.0,0.0,0.0,0.04865536959737696,0.0,0.04865536959737696,0.0 
 07/21  07:10:00,32.8,26.10133137670833,31.837201536258114,26.10133137670833,0.0,44664.32011183353,31.837201536258114,0.0,0.0,0.08034118,17.2,0.0,31.834094618524393,0.08034118,0.08034118,0.0,0.0,0.08034118,0.0,0.0,0.0,0.04865536959737696,0.0,0.04865536959737696,0.0 
 07/21  07:11:00,33.0,26.005872242719597,31.84423482756311,26.005872242719597,0.0,44185.17033164925,31.84423482756311,0.0,0.0,0.08034118,17.2,0.0,31.837201536258114,0.08034118,0.08034118,0.0,0.0,0.08034118,0.0,0.0,0.0,0.04865536959737696,0.0,0.04865536959737696,0.0 
 07/21  07:12:00,32.9,25.957628755133918,31.850839278679604,25.957628755133918,0.0,43441.16638878559,31.850839278679604,0.0,0.0,0.08034118,17.3,0.0,31.84423482756311,0.08034118,0.08034118,0.0,0.0,0.08034118,0.0,0.0,0.0,0.04865536959737696,0.0,0.04865536959737696,0.0 
 07/21  07:13:00,33.0,25.893365196571484,31.85918755383586,25.893365196571484,0.0,44119.70230356105,31.85918755383586,0.0,0.0,0.08034118,17.1,0.0,31.850839278679604,0.08034118,0.08034118,0.0,0.0,0.08034118,0.0,0.0,0.0,0.04865536959737696,0.0,0.04865536959737696,0.0 
 07/21  07:14:00,33.0,25.826657052526745,31.868251222893075,25.826657052526745,0.0,43785.5991244263,31.868251222893075,0.0,0.0,0.08034118,17.1,0.0,31.85918755383586,0.08034118,0.08034118,0.0,0.0,0.08034118,0.0,0.0,0.0,0.04865536959737696,0.0,0.04865536959737696,0.0 
 07/21  07:15:00,32.9,25.77130373176337,31.87397318208452,25.77130373176337,0.0,43512.12681379843,31.87397318208452,0.0,0.0,0.08034118,17.1,0.0,31.868251222893075,0.08034118,0.08034118,0.0,0.0,0.08034118,0.0,0.0,0.0,0.04865536959737696,0.0,0.04865536959737696,0.0 
 07/21  07:16:00,32.8,25.747071728976664,31.87423873093247,25.747071728976664,0.0,42888.336639511675,31.87423873093247,0.0,0.0,0.08034118,17.2,0.0,31.87397318208452,0.08034118,0.08034118,0.0,0.0,0.08034118,0.0,0.0,0.0,0.04865536959737696,0.0,0.04865536959737696,0.0 
 07/21  07:17:00,32.9,25.68964466400824,31.874777617335194,25.68964466400824,0.0,43599.76613389607,31.874777617335194,0.0,0.0,0.08034118,17.0,0.0,31.87423873093247,0.08034118,0.08034118,0.0,0.0,0.08034118,0.0,0.0,0.0,0.04865536959737696,0.0,0.04865536959737696,0.0 
 07/21  07:18:00,32.9,25.62286132209551,31.87640442100194,25.62286132209551,0.0,43261.036337489575,31.87640442100194,0.0,0.0,0.08034118,17.0,0.0,31.874777617335194,0.08034118,0.08034118,0.0,0.0,0.08034118,0.0,0.0,0.0,0.04865536959737696,0.0,0.04865536959737696,0.0 
 07/21  07:19:00,33.0,25.587270925277657,31.881577426058524,25.587270925277657,0.0,42580.554972318074,31.881577426058524,0.0,0.0,0.08034118,17.1,0.0,31.87640442100194,0.08034118,0.08034118,0.0,0.0,0.08034118,0.0,0.0,0.0,0.04865536959737696,0.0,0.04865536959737696,0.0 
 07/21  07:20:00,33.0,25.56517691779926,31.888459456994976,25.56517691779926,0.0,42468.974434592805,31.888459456994976,0.0,0.0,0.08034118,17.1,0.0,31.881577426058524,0.08034118,0.08034118,0.0,0.0,0.08034118,0.0,0.0,0.0,0.04865536959737696,0.0,0.04865536959737696,0.0 
 07/21  07:21:00,32.9,25.539277887570623,31.892399911148022,25.539277887570623,0.0,42343.63416568628,31.892399911148022,0.0,0.0,0.08034118,17.1,0.0,31.888459456994976,0.08034118,0.08034118,0.0,0.0,0.08034118,0.0,0.0,0.0,0.04865536959737696,0.0,0.04865536959737696,0.0 
 07/21  07:22:00,32.8,25.526264478669347,31.89104431752752,25.526264478669347,0.0,41778.278310187314,31.89104431752752,0.0,0.0,0.08034118,17.2,0.0,31.892399911148022,0.08034118,0.08034118,0.0,0.0,0.08034118,0.0,0.0,0.0,0.04865536959737696,0.0,0.04865536959737696,0.0 
 07/21  07:23:00,32.9,25.49091084934693,31.890073629495166,25.49091084934693,0.0,42101.878544518084,31.890073629495166,0.0,0.0,0.08034118,17.1,0.0,31.89104431752752,0.08034118,0.08034118,0.0,0.0,0.08034118,0.0,0.0,0.0,0.04865536959737696,0.0,0.04865536959737696,0.0 
 07/21  07:24:00,33.0,25.445351372162794,31.89332028372359,25.445351372162794,0.0,41874.829557408215,31.89332028372359,0.0,0.0,0.08034118,17.1,0.0,31.890073629495166,0.08034118,0.08034118,0.0,0.0,0.08034118,0.0,0.0,0.0,0.04865536959737696,0.0,0.04865536959737696,0.0 
 07/21  07:25:00,32.8,25.402683383475,31.89286438432541,25.402683383475,0.0,41662.15946568083,31.89286438432541,0.0,0.0,0.08034118,17.1,0.0,31.89332028372359,0.08034118,0.08034118,0.0,0.0,0.08034118,0.0,0.0,0.0,0.04865536959737696,0.0,0.04865536959737696,0.0 
 07/21  07:26:00,32.9,25.346253750120585,31.892472187436752,25.346253750120585,0.0,41880.73103875421,31.892472187436752,0.0,0.0,0.08034118,17.0,0.0,31.89286438432541,0.08034118,0.08034118,0.0,0.0,0.08034118,0.0,0.0,0.0,0.04865536959737696,0.0,0.04865536959737696,0.0 
 07/21  07:27:00,32.9,25.292654745585143,31.892780284161304,25.292654745585143,0.0,41612.920221287146,31.892780284161304,0.0,0.0,0.08034118,17.0,0.0,31.892472187436752,0.08034118,0.08034118,0.0,0.0,0.08034118,0.0,0.0,0.0,0.04865536959737696,0.0,0.04865536959737696,0.0 
 07/21  07:28:00,33.1,25.269464737071342,31.899517449523284,25.269464737071342,0.0,40994.35613748376,31.899517449523284,0.0,0.0,0.08034118,17.1,0.0,31.892780284161304,0.08034118,0.08034118,0.0,0.0,0.08034118,0.0,0.0,0.0,0.04865536959737696,0.0,0.04865536959737696,0.0 
 07/21  07:29:00,33.1,25.235067250747807,31.90970071518725,25.235067250747807,0.0,41322.821506054446,31.90970071518725,0.0,0.0,0.08034118,17.0,0.0,31.899517449523284,0.08034118,0.08034118,0.0,0.0,0.08034118,0.0,0.0,0.0,0.04865536959737696,0.0,0.04865536959737696,0.0 
 07/21  07:30:00,33.1,25.173517436668565,31.92034703647734,25.173517436668565,0.0,41518.47551143848,31.92034703647734,0.0,0.0,0.08034118,16.9,0.0,31.90970071518725,0.08034118,0.08034118,0.0,0.0,0.08034118,0.0,0.0,0.0,0.04865536959737696,0.0,0.04865536959737696,0.0 
 07/21  07:31:00,33.1,25.113430529871444,31.930144586612972,25.113430529871444,0.0,41216.257565691296,31.930144586612972,0.0,0.0,0.08034118,16.9,0.0,31.92034703647734,0.08034118,0.08034118,0.0,0.0,0.08034118,0.0,0.0,0.0,0.04865536959737696,0.0,0.04865536959737696,0.0 
 07/21  07:32:00,33.1,25.087723228637557,31.938859885516504,25.087723228637557,0.0,40583.47581733516,31.938859885516504,0.0,0.0,0.08034118,17.0,0.0,31.930144586612972,0.08034118,0.08034118,0.0,0.0,0.08034118,0.0,0.0,0.0,0.04865536959737696,0.0,0.04865536959737696,0.0 
 07/21  07:33:00,33.2,25.073705562292968,31.94964646161091,25.073705562292968,0.0,40513.073036112604,31.94964646161091,0.0,0.0,0.08034118,17.0,0.0,31.938859885516504,0.08034118,0.08034118,0.0,0.0,0.08034118,0.0,0.0,0.0,0.04865536959737696,0.0,0.04865536959737696,0.0 
 07/21  07:34:00,33.2,25.053841303547717,31.961339898303272,25.053841303547717,0.0,40415.95294481093,31.961339898303272,0.0,0.0,0.08034118,17.0,0.0,31.94964646161091,0.08034118,0.08034118,0.0,0.0,0.08034118,0.0,0.0,0.0,0.04865536959737696,0.0,0.04865536959737696,0.0 
 07/21  07:35:00,33.3,25.00625773989265,31.975657615114482,25.00625773989265,0.0,40679.70171710654,31.975657615114482,0.0,0.0,0.08034118,16.9,0.0,31.961339898303272,0.08034118,0.08034118,0.0,0.0,0.08034118,0.0,0.0,0.0,0.04865536959737696,0.0,0.04865536959737696,0.0 
 07/21  07:36:00,33.3,24.954531626851637,31.990699068676832,24.954531626851637,0.0,40423.126425227645,31.990699068676832,0.0,0.0,0.08034118,16.9,0.0,31.975657615114482,0.08034118,0.08034118,0.0,0.0,0.08034118,0.0,0.0,0.0,0.04865536959737696,0.0,0.04865536959737696,0.0 
 07/21  07:37:00,33.0,24.932248907689424,31.995933942815032,24.932248907689424,0.0,39813.32649729719,31.995933942815032,0.0,0.0,0.08034118,17.0,0.0,31.990699068676832,0.08034118,0.08034118,0.0,0.0,0.08034118,0.0,0.0,0.0,0.04865536959737696,0.0,0.04865536959737696,0.0 
 07/21  07:38:00,33.3,24.90000564673356,32.003884863052946,24.90000564673356,0.0,40153.497547352126,32.003884863052946,0.0,0.0,0.08034118,16.9,0.0,31.995933942815032,0.08034118,0.08034118,0.0,0.0,0.08034118,0.0,0.0,0.0,0.04865536959737696,0.0,0.04865536959737696,0.0 
 07/21  07:39:00,33.1,24.88074142217564,32.008767869004245,24.88074142217564,0.0,39559.18706557052,32.008767869004245,0.0,0.0,0.08034118,17.0,0.0,32.003884863052946,0.08034118,0.08034118,0.0,0.0,0.08034118,0.0,0.0,0.0,0.04865536959737696,0.0,0.04865536959737696,0.0 
 07/21  07:40:00,33.2,24.844491317140648,32.01410173624218,24.844491317140648,0.0,39881.102810180644,32.01410173624218,0.0,0.0,0.08034118,16.9,0.0,32.008767869004245,0.08034118,0.08034118,0.0,0.0,0.08034118,0.0,0.0,0.0,0.04865536959737696,0.0,0.04865536959737696,0.0 
 07/21  07:41:00,33.2,24.763788412274117,32.01998274469121,24.763788412274117,0.0,38979.104859822066,32.01998274469121,0.0,0.0,0.08034118,17.0,0.0,32.01410173624218,0.08034118,0.08034118,0.0,0.0,0.08034118,0.0,0.0,0.0,0.04865536959737696,0.0,0.04865536959737696,0.0 
 07/21  07:42:00,33.2,24.656033569754616,32.02583019685941,24.656033569754616,0.0,38441.96135921703,32.02583019685941,0.0,0.0,0.08034118,17.0,0.0,32.01998274469121,0.08034118,0.08034118,0.0,0.0,0.08034118,0.0,0.0,0.0,0.04865536959737696,0.0,0.04865536959737696,0.0 
 07/21  07:43:00,33.2,24.556029079428114,32.031282527752495,24.556029079428114,0.0,37938.378722616886,32.031282527752495,0.0,0.0,0.08034118,17.0,0.0,32.02583019685941,0.08034118,0.08034118,0.0,0.0,0.08034118,0.0,0.0,0.0,0.04865536959737696,0.0,0.04865536959737696,0.0 
 07/21  07:44:00,33.2,24.47640023771905,32.036239042167225,24.47640023771905,0.0,37538.284643749204,32.036239042167225,0.0,0.0,0.08034118,17.0,0.0,32.031282527752495,0.08034118,0.08034118,0.0,0.0,0.08034118,0.0,0.0,0.0,0.04865536959737696,0.0,0.04865536959737696,0.0 
 07/21  07:45:00,33.3,24.431381042411434,32.04373746816991,24.431381042411434,0.0,36811.832118521204,32.04373746816991,0.0,0.0,0.08034118,17.1,0.0,32.036239042167225,0.08034118,0.08034118,0.0,0.0,0.08034118,0.0,0.0,0.0,0.04865536959737696,0.0,0.04865536959737696,0.0 
 07/21  07:46:00,33.3,24.394013576705316,32.052500212340284,24.394013576705316,0.0,36625.536924553664,32.052500212340284,0.0,0.0,0.08034118,17.1,0.0,32.04373746816991,0.08034118,0.08034118,0.0,0.0,0.08034118,0.0,0.0,0.0,0.04865536959737696,0.0,0.04865536959737696,0.0 
 07/21  07:47:00,33.4,24.349117527477777,32.06417260514308,24.349117527477777,0.0,36401.77687320499,32.06417260514308,0.0,0.0,0.08034118,17.1,0.0,32.052500212340284,0.08034118,0.08034118,0.0,0.0,0.08034118,0.0,0.0,0.0,0.04865536959737696,0.0,0.04865536959737696,0.0 
 07/21  07:48:00,33.1,24.2974870459288,32.06777610254952,24.2974870459288,0.0,36145.53314973133,32.06777610254952,0.0,0.0,0.08034118,17.1,0.0,32.06417260514308,0.08034118,0.08034118,0.0,0.0,0.08034118,0.0,0.0,0.0,0.04865536959737696,0.0,0.04865536959737696,0.0 
 07/21  07:49:00,33.2,24.244269395763638,32.068826946767125,24.244269395763638,0.0,35878.34782982177,32.068826946767125,0.0,0.0,0.08034118,17.1,0.0,32.06777610254952,0.08034118,0.08034118,0.0,0.0,0.08034118,0.0,0.0,0.0,0.04865536959737696,0.0,0.04865536959737696,0.0 
 07/21  07:50:00,33.4,24.192760973898512,32.075715300984726,24.192760973898512,0.0,35619.15404081088,32.075715300984726,0.0,0.0,0.08034118,17.1,0.0,32.068826946767125,0.08034118,0.08034118,0.0,0.0,0.08034118,0.0,0.0,0.0,0.04865536959737696,0.0,0.04865536959737696,0.0 
 07/21  07:51:00,33.4,24.143216501482932,32.08625438624309,24.143216501482932,0.0,35371.120854373774,32.08625438624309,0.0,0.0,0.08034118,17.1,0.0,32.075715300984726,0.08034118,0.08034118,0.0,0.0,0.08034118,0.0,0.0,0.0,0.04865536959737696,0.0,0.04865536959737696,0.0 
 07/21  07:52:00,33.4,24.095143099769814,32.097478759244915,24.095143099769814,0.0,35128.55146803677,32.097478759244915,0.0,0.0,0.08034118,17.1,0.0,32.08625438624309,0.08034118,0.08034118,0.0,0.0,0.08034118,0.0,0.0,0.0,0.04865536959737696,0.0,0.04865536959737696,0.0 
 07/21  07:53:00,33.4,24.047994294875103,32.107935077273396,24.047994294875103,0.0,34888.447891426826,32.107935077273396,0.0,0.0,0.08034118,17.1,0.0,32.097478759244915,0.08034118,0.08034118,0.0,0.0,0.08034118,0.0,0.0,0.0,0.04865536959737696,0.0,0.04865536959737696,0.0 
 07/21  07:54:00,33.4,24.00166460292707,32.11729594241237,24.00166460292707,0.0,34652.16674107824,32.11729594241237,0.0,0.0,0.08034118,17.1,0.0,32.107935077273396,0.08034118,0.08034118,0.0,0.0,0.08034118,0.0,0.0,0.0,0.04865536959737696,0.0,0.04865536959737696,0.0 
 07/21  07:55:00,33.4,23.9559749125954,32.12567076446416,23.9559749125954,0.0,34419.795811998854,32.12567076446416,0.0,0.0,0.08034118,17.1,0.0,32.11729594241237,0.08034118,0.08034118,0.0,0.0,0.08034118,0.0,0.0,0.0,0.04865536959737696,0.0,0.04865536959737696,0.0 
 07/21  07:56:00,33.4,23.910944843738925,32.13323356170487,23.910944843738925,0.0,34191.551677272764,32.13323356170487,0.0,0.0,0.08034118,17.1,0.0,32.12567076446416,0.08034118,0.08034118,0.0,0.0,0.08034118,0.0,0.0,0.0,0.04865536959737696,0.0,0.04865536959737696,0.0 
 07/21  07:57:00,33.4,23.8664522070533,32.14011248108812,23.8664522070533,0.0,33966.62525514838,32.14011248108812,0.0,0.0,0.08034118,17.1,0.0,32.13323356170487,0.08034118,0.08034118,0.0,0.0,0.08034118,0.0,0.0,0.0,0.04865536959737696,0.0,0.04865536959737696,0.0 
 07/21  07:58:00,33.4,23.822547507065174,32.14639008237948,23.822547507065174,0.0,33745.07000017691,32.14639008237948,0.0,0.0,0.08034118,17.1,0.0,32.14011248108812,0.08034118,0.08034118,0.0,0.0,0.08034118,0.0,0.0,0.0,0.04865536959737696,0.0,0.04865536959737696,0.0 
 07/21  07:59:00,33.4,23.779144334465112,32.15212498182652,23.779144334465112,0.0,33526.32171847773,32.15212498182652,0.0,0.0,0.08034118,17.1,0.0,32.14639008237948,0.08034118,0.08034118,0.0,0.0,0.08034118,0.0,0.0,0.0,0.04865536959737696,0.0,0.04865536959737696,0.0 
 07/21  08:00:00,33.4,23.736302575763318,32.1573661080139,23.736302575763318,0.0,33310.60363871594,32.1573661080139,0.0,0.0,0.08034118,17.1,0.0,32.15212498182652,0.08034118,0.08034118,0.0,0.0,0.08034118,0.0,0.0,0.0,0.04865536959737696,0.0,0.04865536959737696,0.0,49104000.0 
 07/21  08:01:00,33.4,23.802104237901542,32.18205443794244,23.802104237901542,0.0,33640.3696778374,32.18205443794244,0.0,0.0,0.08034118,17.1,0.0,32.1573661080139,0.08034118,0.08034118,0.0,0.0,0.08034118,0.0,0.0,0.0,0.04865536959737696,0.0,0.04865536959737696,0.0 
 07/21  08:02:00,33.4,23.873488334703254,32.217399530030214,23.873488334703254,0.0,33999.17141379584,32.217399530030214,0.0,0.0,0.08034118,17.1,0.0,32.18205443794244,0.08034118,0.08034118,0.0,0.0,0.08034118,0.0,0.0,0.0,0.04865536959737696,0.0,0.04865536959737696,0.0 
 07/21  08:03:00,33.4,23.892682592886057,32.254053194900514,23.892682592886057,0.0,34096.43199072766,32.254053194900514,0.0,0.0,0.08034118,17.1,0.0,32.217399530030214,0.08034118,0.08034118,0.0,0.0,0.08034118,0.0,0.0,0.0,0.04865536959737696,0.0,0.04865536959737696,0.0 
 07/21  08:04:00,33.4,23.868425503061843,32.287802716211765,23.868425503061843,0.0,33975.52171324309,32.287802716211765,0.0,0.0,0.08034118,17.1,0.0,32.254053194900514,0.08034118,0.08034118,0.0,0.0,0.08034118,0.0,0.0,0.0,0.04865536959737696,0.0,0.04865536959737696,0.0 
 07/21  08:05:00,33.4,23.82773005532485,32.317863686392045,23.82773005532485,0.0,33771.882443212126,32.317863686392045,0.0,0.0,0.08034118,17.1,0.0,32.287802716211765,0.08034118,0.08034118,0.0,0.0,0.08034118,0.0,0.0,0.0,0.04865536959737696,0.0,0.04865536959737696,0.0 
 07/21  08:06:00,33.4,23.787137210774166,32.344683824426205,23.787137210774166,0.0,33568.56806330626,32.344683824426205,0.0,0.0,0.08034118,17.1,0.0,32.317863686392045,0.08034118,0.08034118,0.0,0.0,0.08034118,0.0,0.0,0.0,0.04865536959737696,0.0,0.04865536959737696,0.0 
 07/21  08:07:00,33.4,23.750330964918344,32.36883870025876,23.750330964918344,0.0,33384.129503431555,32.36883870025876,0.0,0.0,0.08034118,17.1,0.0,32.344683824426205,0.08034118,0.08034118,0.0,0.0,0.08034118,0.0,0.0,0.0,0.04865536959737696,0.0,0.04865536959737696,0.0 
 07/21  08:08:00,33.4,23.71551838294553,32.39073918313669,23.71551838294553,0.0,33209.610200052746,32.39073918313669,0.0,0.0,0.08034118,17.1,0.0,32.36883870025876,0.08034118,0.08034118,0.0,0.0,0.08034118,0.0,0.0,0.0,0.04865536959737696,0.0,0.04865536959737696,0.0 
 07/21  08:09:00,33.4,23.680802737362367,32.4106516729735,23.680802737362367,0.0,33035.51496554482,32.4106516729735,0.0,0.0,0.08034118,17.1,0.0,32.39073918313669,0.08034118,0.08034118,0.0,0.0,0.08034118,0.0,0.0,0.0,0.04865536959737696,0.0,0.04865536959737696,0.0 
 07/21  08:10:00,33.4,23.64582278677526,32.428769859587284,23.64582278677526,0.0,32857.98278306633,32.428769859587284,0.0,0.0,0.08034118,17.1,0.0,32.4106516729735,0.08034118,0.08034118,0.0,0.0,0.08034118,0.0,0.0,0.0,0.04865536959737696,0.0,0.04865536959737696,0.0 
 07/21  08:11:00,33.4,23.610833205196982,32.445258227193136,23.610833205196982,0.0,32679.86021429479,32.445258227193136,0.0,0.0,0.08034118,17.1,0.0,32.428769859587284,0.08034118,0.08034118,0.0,0.0,0.08034118,0.0,0.0,0.0,0.04865536959737696,0.0,0.04865536959737696,0.0 
 07/21  08:12:00,33.4,23.576168152763326,32.46026757036824,23.576168152763326,0.0,32503.397350209674,32.46026757036824,0.0,0.0,0.08034118,17.1,0.0,32.445258227193136,0.08034118,0.08034118,0.0,0.0,0.08034118,0.0,0.0,0.0,0.04865536959737696,0.0,0.04865536959737696,0.0 
 07/21  08:13:00,33.4,23.541877088250565,32.47393745383082,23.541877088250565,0.0,32328.865312172984,32.47393745383082,0.0,0.0,0.08034118,17.1,0.0,32.46026757036824,0.08034118,0.08034118,0.0,0.0,0.08034118,0.0,0.0,0.0,0.04865536959737696,0.0,0.04865536959737696,0.0 
 07/21  08:14:00,33.4,23.507981999779936,32.48639580803956,23.507981999779936,0.0,32156.376881749497,32.48639580803956,0.0,0.0,0.08034118,17.1,0.0,32.47393745383082,0.08034118,0.08034118,0.0,0.0,0.08034118,0.0,0.0,0.0,0.04865536959737696,0.0,0.04865536959737696,0.0 
 07/21  08:15:00,33.4,23.474400523094026,32.49775880431146,23.474400523094026,0.0,31985.51919647868,32.49775880431146,0.0,0.0,0.08034118,17.1,0.0,32.48639580803956,0.08034118,0.08034118,0.0,0.0,0.08034118,0.0,0.0,0.0,0.04865536959737696,0.0,0.04865536959737696,0.0 
 07/21  08:16:00,33.4,23.441159916656982,32.50813124181717,23.441159916656982,0.0,31816.42246017,32.50813124181717,0.0,0.0,0.08034118,17.1,0.0,32.49775880431146,0.08034118,0.08034118,0.0,0.0,0.08034118,0.0,0.0,0.0,0.04865536959737696,0.0,0.04865536959737696,0.0 
 07/21  08:17:00,33.4,23.408216420202237,32.51760784034591,23.408216420202237,0.0,31648.867900129837,32.51760784034591,0.0,0.0,0.08034118,17.1,0.0,32.50813124181717,0.08034118,0.08034118,0.0,0.0,0.08034118,0.0,0.0,0.0,0.04865536959737696,0.0,0.04865536959737696,0.0 
 07/21  08:18:00,33.4,23.37561576819854,32.52627396102282,23.37561576819854,0.0,31483.08123482194,32.52627396102282,0.0,0.0,0.08034118,17.1,0.0,32.51760784034591,0.08034118,0.08034118,0.0,0.0,0.08034118,0.0,0.0,0.0,0.04865536959737696,0.0,0.04865536959737696,0.0 
 07/21  08:19:00,33.4,23.343315552698286,32.53420683908248,23.343315552698286,0.0,31318.851936613813,32.53420683908248,0.0,0.0,0.08034118,17.1,0.0,32.52627396102282,0.08034118,0.08034118,0.0,0.0,0.08034118,0.0,0.0,0.0,0.04865536959737696,0.0,0.04865536959737696,0.0 
 07/21  08:20:00,33.4,23.311354298880566,32.54147607630946,23.311354298880566,0.0,31156.3695214204,32.54147607630946,0.0,0.0,0.08034118,17.1,0.0,32.53420683908248,0.08034118,0.08034118,0.0,0.0,0.08034118,0.0,0.0,0.0,0.04865536959737696,0.0,0.04865536959737696,0.0 
 07/21  08:21:00,33.4,23.279686541156483,32.548144738136315,23.279686541156483,0.0,30995.40763175968,32.548144738136315,0.0,0.0,0.08034118,17.1,0.0,32.54147607630946,0.08034118,0.08034118,0.0,0.0,0.08034118,0.0,0.0,0.0,0.04865536959737696,0.0,0.04865536959737696,0.0 
 07/21  08:22:00,33.4,23.248348460256953,32.554269622675605,23.248348460256953,0.0,30836.143950715265,32.554269622675605,0.0,0.0,0.08034118,17.1,0.0,32.548144738136315,0.08034118,0.08034118,0.0,0.0,0.08034118,0.0,0.0,0.0,0.04865536959737696,0.0,0.04865536959737696,0.0 
 07/21  08:23:00,33.4,23.217296024395992,32.559902220943705,23.217296024395992,0.0,30678.35922471538,32.559902220943705,0.0,0.0,0.08034118,17.1,0.0,32.554269622675605,0.08034118,0.08034118,0.0,0.0,0.08034118,0.0,0.0,0.0,0.04865536959737696,0.0,0.04865536959737696,0.0 
 07/21  08:24:00,33.4,23.186564638426155,32.56508886587956,23.186564638426155,0.0,30522.227304008302,32.56508886587956,0.0,0.0,0.08034118,17.1,0.0,32.559902220943705,0.08034118,0.08034118,0.0,0.0,0.08034118,0.0,0.0,0.0,0.04865536959737696,0.0,0.04865536959737696,0.0 
 07/21  08:25:00,33.4,23.156111552076293,32.569871637914666,23.156111552076293,0.0,30367.535399721128,32.569871637914666,0.0,0.0,0.08034118,17.1,0.0,32.56508886587956,0.08034118,0.08034118,0.0,0.0,0.08034118,0.0,0.0,0.0,0.04865536959737696,0.0,0.04865536959737696,0.0 
 07/21  08:26:00,33.4,23.12597101063808,32.574288335714506,23.12597101063808,0.0,30214.45166462497,32.574288335714506,0.0,0.0,0.08034118,17.1,0.0,32.569871637914666,0.08034118,0.08034118,0.0,0.0,0.08034118,0.0,0.0,0.0,0.04865536959737696,0.0,0.04865536959737696,0.0 
 07/21  08:27:00,33.4,23.096101369678433,32.578373324947755,23.096101369678433,0.0,30062.768889081493,32.578373324947755,0.0,0.0,0.08034118,17.1,0.0,32.574288335714506,0.08034118,0.08034118,0.0,0.0,0.08034118,0.0,0.0,0.0,0.04865536959737696,0.0,0.04865536959737696,0.0 
 07/21  08:28:00,33.4,23.06653583152292,32.582157485533465,23.06653583152292,0.0,29912.65004930006,32.582157485533465,0.0,0.0,0.08034118,17.1,0.0,32.578373324947755,0.08034118,0.08034118,0.0,0.0,0.08034118,0.0,0.0,0.0,0.04865536959737696,0.0,0.04865536959737696,0.0 
 07/21  08:29:00,33.4,23.03723394331823,32.58566889708742,23.03723394331823,0.0,29763.893822248363,32.58566889708742,0.0,0.0,0.08034118,17.1,0.0,32.582157485533465,0.08034118,0.08034118,0.0,0.0,0.08034118,0.0,0.0,0.0,0.04865536959737696,0.0,0.04865536959737696,0.0 
 07/21  08:30:00,33.4,23.00822797237148,32.588932749575484,23.00822797237148,0.0,29616.658787630127,32.588932749575484,0.0,0.0,0.08034118,17.1,0.0,32.58566889708742,0.08034118,0.08034118,0.0,0.0,0.08034118,0.0,0.0,0.0,0.04865536959737696,0.0,0.04865536959737696,0.0 
 07/21  08:31:00,33.4,22.979478636708613,32.591972038420245,22.979478636708613,0.0,29470.749343923235,32.591972038420245,0.0,0.0,0.08034118,17.1,0.0,32.588932749575484,0.08034118,0.08034118,0.0,0.0,0.08034118,0.0,0.0,0.0,0.04865536959737696,0.0,0.04865536959737696,0.0 
 07/21  08:32:00,33.4,22.951017317778796,32.59480732774007,22.951017317778796,0.0,29326.319736531063,32.59480732774007,0.0,0.0,0.08034118,17.1,0.0,32.591972038420245,0.08034118,0.08034118,0.0,0.0,0.08034118,0.0,0.0,0.0,0.04865536959737696,0.0,0.04865536959737696,0.0 
 07/21  08:33:00,33.4,22.9228058641971,32.59745741111229,22.9228058641971,0.0,29183.180062076153,32.59745741111229,0.0,0.0,0.08034118,17.1,0.0,32.59480732774007,0.08034118,0.08034118,0.0,0.0,0.08034118,0.0,0.0,0.0,0.04865536959737696,0.0,0.04865536959737696,0.0 
 07/21  08:34:00,33.4,22.894874807098216,32.599939121899304,22.894874807098216,0.0,29041.480464016513,32.599939121899304,0.0,0.0,0.08034118,17.1,0.0,32.59745741111229,0.08034118,0.08034118,0.0,0.0,0.08034118,0.0,0.0,0.0,0.04865536959737696,0.0,0.04865536959737696,0.0 
 07/21  08:35:00,33.4,22.86718708890012,32.60226783865298,22.86718708890012,0.0,28901.036375217038,32.60226783865298,0.0,0.0,0.08034118,17.1,0.0,32.599939121899304,0.08034118,0.08034118,0.0,0.0,0.08034118,0.0,0.0,0.0,0.04865536959737696,0.0,0.04865536959737696,0.0 
 07/21  08:36:00,33.4,22.839772435055114,32.60445729687867,22.839772435055114,0.0,28761.99400101195,32.60445729687867,0.0,0.0,0.08034118,17.1,0.0,32.60226783865298,0.08034118,0.08034118,0.0,0.0,0.08034118,0.0,0.0,0.0,0.04865536959737696,0.0,0.04865536959737696,0.0 
 07/21  08:37:00,33.4,22.81259483541095,32.606520130231566,22.81259483541095,0.0,28624.174165795812,32.606520130231566,0.0,0.0,0.08034118,17.1,0.0,32.60445729687867,0.08034118,0.08034118,0.0,0.0,0.08034118,0.0,0.0,0.0,0.04865536959737696,0.0,0.04865536959737696,0.0 
 07/21  08:38:00,33.4,22.78568323750174,32.60846756396267,22.78568323750174,0.0,28487.719157533025,32.60846756396267,0.0,0.0,0.08034118,17.1,0.0,32.606520130231566,0.08034118,0.08034118,0.0,0.0,0.08034118,0.0,0.0,0.0,0.04865536959737696,0.0,0.04865536959737696,0.0 
 07/21  08:39:00,33.4,22.759002643209485,32.610309936111896,22.759002643209485,0.0,28352.454840176295,32.610309936111896,0.0,0.0,0.08034118,17.1,0.0,32.60846756396267,0.08034118,0.08034118,0.0,0.0,0.08034118,0.0,0.0,0.0,0.04865536959737696,0.0,0.04865536959737696,0.0 
 07/21  08:40:00,33.4,22.732581253170284,32.61205646175905,22.732581253170284,0.0,28218.51990964503,32.61205646175905,0.0,0.0,0.08034118,17.1,0.0,32.610309936111896,0.08034118,0.08034118,0.0,0.0,0.08034118,0.0,0.0,0.0,0.04865536959737696,0.0,0.04865536959737696,0.0 
 07/21  08:41:00,33.4,22.7063850368454,32.61371561878542,22.7063850368454,0.0,28085.745100086308,32.61371561878542,0.0,0.0,0.08034118,17.1,0.0,32.61205646175905,0.08034118,0.08034118,0.0,0.0,0.08034118,0.0,0.0,0.0,0.04865536959737696,0.0,0.04865536959737696,0.0 
 07/21  08:42:00,33.4,22.68044147783636,32.6152949293727,22.68044147783636,0.0,27954.265494344683,32.6152949293727,0.0,0.0,0.08034118,17.1,0.0,32.61371561878542,0.08034118,0.08034118,0.0,0.0,0.08034118,0.0,0.0,0.0,0.04865536959737696,0.0,0.04865536959737696,0.0 
 07/21  08:43:00,33.4,22.65471748180151,32.616801389560635,22.65471748180151,0.0,27823.916483713445,32.616801389560635,0.0,0.0,0.08034118,17.1,0.0,32.6152949293727,0.08034118,0.08034118,0.0,0.0,0.08034118,0.0,0.0,0.0,0.04865536959737696,0.0,0.04865536959737696,0.0 
 07/21  08:44:00,33.4,22.629239836168917,32.618241155688125,22.629239836168917,0.0,27694.829916958137,32.618241155688125,0.0,0.0,0.08034118,17.1,0.0,32.616801389560635,0.08034118,0.08034118,0.0,0.0,0.08034118,0.0,0.0,0.0,0.04865536959737696,0.0,0.04865536959737696,0.0 
 07/21  08:45:00,33.4,22.603976343706776,32.61961996271578,22.603976343706776,0.0,27566.84548089153,32.61961996271578,0.0,0.0,0.08034118,17.1,0.0,32.618241155688125,0.08034118,0.08034118,0.0,0.0,0.08034118,0.0,0.0,0.0,0.04865536959737696,0.0,0.04865536959737696,0.0 
 07/21  08:46:00,33.4,22.57895312382017,32.62094288479043,22.57895312382017,0.0,27440.091871577246,32.62094288479043,0.0,0.0,0.08034118,17.1,0.0,32.61961996271578,0.08034118,0.08034118,0.0,0.0,0.08034118,0.0,0.0,0.0,0.04865536959737696,0.0,0.04865536959737696,0.0 
 07/21  08:47:00,33.4,22.554138839306106,32.622214639195654,22.554138839306106,0.0,27314.413050102725,32.622214639195654,0.0,0.0,0.08034118,17.1,0.0,32.62094288479043,0.08034118,0.08034118,0.0,0.0,0.08034118,0.0,0.0,0.0,0.04865536959737696,0.0,0.04865536959737696,0.0 
 07/21  08:48:00,33.4,22.529558969109637,32.62343936938606,22.529558969109637,0.0,27189.93447919457,32.62343936938606,0.0,0.0,0.08034118,17.1,0.0,32.622214639195654,0.08034118,0.08034118,0.0,0.0,0.08034118,0.0,0.0,0.0,0.04865536959737696,0.0,0.04865536959737696,0.0 
 07/21  08:49:00,33.4,22.50518300257968,32.62462099288932,22.50518300257968,0.0,27066.50438621472,32.62462099288932,0.0,0.0,0.08034118,17.1,0.0,32.62343936938606,0.08034118,0.08034118,0.0,0.0,0.08034118,0.0,0.0,0.0,0.04865536959737696,0.0,0.04865536959737696,0.0 
 07/21  08:50:00,33.4,22.481035795429932,32.62576290698701,22.481035795429932,0.0,26944.245139107592,32.62576290698701,0.0,0.0,0.08034118,17.1,0.0,32.62462099288932,0.08034118,0.08034118,0.0,0.0,0.08034118,0.0,0.0,0.0,0.04865536959737696,0.0,0.04865536959737696,0.0 
 07/21  08:51:00,33.4,22.45708763398717,32.6268683307167,22.45708763398717,0.0,26823.008920877946,32.6268683307167,0.0,0.0,0.08034118,17.1,0.0,32.62576290698701,0.08034118,0.08034118,0.0,0.0,0.08034118,0.0,0.0,0.0,0.04865536959737696,0.0,0.04865536959737696,0.0 
 07/21  08:52:00,33.4,22.433362774432574,32.62794007986452,22.433362774432574,0.0,26702.915175692106,32.62794007986452,0.0,0.0,0.08034118,17.1,0.0,32.6268683307167,0.08034118,0.08034118,0.0,0.0,0.08034118,0.0,0.0,0.0,0.04865536959737696,0.0,0.04865536959737696,0.0 
 07/21  08:53:00,33.4,22.409832273323403,32.628980813190545,22.409832273323403,0.0,26583.819856348302,32.628980813190545,0.0,0.0,0.08034118,17.1,0.0,32.62794007986452,0.08034118,0.08034118,0.0,0.0,0.08034118,0.0,0.0,0.0,0.04865536959737696,0.0,0.04865536959737696,0.0 
 07/21  08:54:00,33.4,22.38651980551943,32.62999283030922,22.38651980551943,0.0,26465.83967617347,32.62999283030922,0.0,0.0,0.08034118,17.1,0.0,32.628980813190545,0.08034118,0.08034118,0.0,0.0,0.08034118,0.0,0.0,0.0,0.04865536959737696,0.0,0.04865536959737696,0.0 
 07/21  08:55:00,33.4,22.36339716397213,32.63097835897239,22.36339716397213,0.0,26348.834239305575,32.63097835897239,0.0,0.0,0.08034118,17.1,0.0,32.62999283030922,0.08034118,0.08034118,0.0,0.0,0.08034118,0.0,0.0,0.0,0.04865536959737696,0.0,0.04865536959737696,0.0 
 07/21  08:56:00,33.4,22.340487465403996,32.63193928887157,22.340487465403996,0.0,26232.917435879135,32.63193928887157,0.0,0.0,0.08034118,17.1,0.0,32.63097835897239,0.08034118,0.08034118,0.0,0.0,0.08034118,0.0,0.0,0.0,0.04865536959737696,0.0,0.04865536959737696,0.0 
 07/21  08:57:00,33.4,22.317763215020165,32.63287745628741,22.317763215020165,0.0,26117.952502815973,32.63287745628741,0.0,0.0,0.08034118,17.1,0.0,32.63193928887157,0.08034118,0.08034118,0.0,0.0,0.08034118,0.0,0.0,0.0,0.04865536959737696,0.0,0.04865536959737696,0.0 
 07/21  08:58:00,33.4,22.29524698585874,32.6337944398164,22.29524698585874,0.0,26004.05068042252,32.6337944398164,0.0,0.0,0.08034118,17.1,0.0,32.63287745628741,0.08034118,0.08034118,0.0,0.0,0.08034118,0.0,0.0,0.0,0.04865536959737696,0.0,0.04865536959737696,0.0 
 07/21  08:59:00,33.4,22.272911968728906,32.634691764581376,22.272911968728906,0.0,25891.078601147252,32.634691764581376,0.0,0.0,0.08034118,17.1,0.0,32.6337944398164,0.08034118,0.08034118,0.0,0.0,0.08034118,0.0,0.0,0.0,0.04865536959737696,0.0,0.04865536959737696,0.0 
 07/21  09:00:00,33.4,22.250780213902118,32.63557071928756,22.250780213902118,0.0,25779.144909165036,32.63557071928756,0.0,0.0,0.08034118,17.1,0.0,32.634691764581376,0.08034118,0.08034118,0.0,0.0,0.08034118,0.0,0.0,0.0,0.04865536959737696,0.0,0.04865536959737696,0.0,88387200.0 
 07/21  09:01:00,33.4,22.228825573115145,32.63643259771285,22.228825573115145,0.0,25668.119608227153,32.63643259771285,0.0,0.0,0.08034118,17.1,0.0,32.63557071928756,0.08034118,0.08034118,0.0,0.0,0.08034118,0.0,0.0,0.0,0.04865536959737696,0.0,0.04865536959737696,0.0 
 07/21  09:02:00,33.4,22.207069590315164,32.63727846165274,22.207069590315164,0.0,25558.108778515765,32.63727846165274,0.0,0.0,0.08034118,17.1,0.0,32.63643259771285,0.08034118,0.08034118,0.0,0.0,0.08034118,0.0,0.0,0.0,0.04865536959737696,0.0,0.04865536959737696,0.0 
 07/21  09:03:00,33.4,22.185486759197364,32.63810938179921,22.185486759197364,0.0,25448.98560038623,32.63810938179921,0.0,0.0,0.08034118,17.1,0.0,32.63727846165274,0.08034118,0.08034118,0.0,0.0,0.08034118,0.0,0.0,0.0,0.04865536959737696,0.0,0.04865536959737696,0.0 
 07/21  09:04:00,33.4,22.164098132106812,32.638926255033354,22.164098132106812,0.0,25340.85381153769,32.638926255033354,0.0,0.0,0.08034118,17.1,0.0,32.63810938179921,0.08034118,0.08034118,0.0,0.0,0.08034118,0.0,0.0,0.0,0.04865536959737696,0.0,0.04865536959737696,0.0 
 07/21  09:05:00,33.4,22.142878815065718,32.639729977156925,22.142878815065718,0.0,25233.58971623612,32.639729977156925,0.0,0.0,0.08034118,17.1,0.0,32.638926255033354,0.08034118,0.08034118,0.0,0.0,0.08034118,0.0,0.0,0.0,0.04865536959737696,0.0,0.04865536959737696,0.0 
 07/21  09:06:00,33.4,22.12184938333868,32.64052127931717,22.12184938333868,0.0,25127.29463370557,32.64052127931717,0.0,0.0,0.08034118,17.1,0.0,32.639729977156925,0.08034118,0.08034118,0.0,0.0,0.08034118,0.0,0.0,0.0,0.04865536959737696,0.0,0.04865536959737696,0.0 
 07/21  09:07:00,33.4,22.100985543056034,32.64130093427436,22.100985543056034,0.0,25021.84778581903,32.64130093427436,0.0,0.0,0.08034118,17.1,0.0,32.64052127931717,0.08034118,0.08034118,0.0,0.0,0.08034118,0.0,0.0,0.0,0.04865536959737696,0.0,0.04865536959737696,0.0 
 07/21  09:08:00,33.4,22.08030740824529,32.6420695462719,22.08030740824529,0.0,24917.348345521877,32.6420695462719,0.0,0.0,0.08034118,17.1,0.0,32.64130093427436,0.08034118,0.08034118,0.0,0.0,0.08034118,0.0,0.0,0.0,0.04865536959737696,0.0,0.04865536959737696,0.0 
 07/21  09:09:00,33.4,22.05979126138238,32.64282775795854,22.05979126138238,0.0,24813.67833369552,32.64282775795854,0.0,0.0,0.08034118,17.1,0.0,32.6420695462719,0.08034118,0.08034118,0.0,0.0,0.08034118,0.0,0.0,0.0,0.04865536959737696,0.0,0.04865536959737696,0.0 
 07/21  09:10:00,33.4,22.0394567697885,32.643576087758284,22.0394567697885,0.0,24710.934751734585,32.643576087758284,0.0,0.0,0.08034118,17.1,0.0,32.64282775795854,0.08034118,0.08034118,0.0,0.0,0.08034118,0.0,0.0,0.0,0.04865536959737696,0.0,0.04865536959737696,0.0 
 07/21  09:11:00,33.4,22.019280770062796,32.644315078390704,22.019280770062796,0.0,24609.002450310778,32.644315078390704,0.0,0.0,0.08034118,17.1,0.0,32.643576087758284,0.08034118,0.08034118,0.0,0.0,0.08034118,0.0,0.0,0.0,0.04865536959737696,0.0,0.04865536959737696,0.0 
 07/21  09:12:00,33.4,21.99928249619899,32.645045151137055,21.99928249619899,0.0,24507.976230579152,32.645045151137055,0.0,0.0,0.08034118,17.1,0.0,32.644315078390704,0.08034118,0.08034118,0.0,0.0,0.08034118,0.0,0.0,0.0,0.04865536959737696,0.0,0.04865536959737696,0.0 
 07/21  09:13:00,33.4,21.979439325969285,32.645766784529414,21.979439325969285,0.0,24407.743613916624,32.645766784529414,0.0,0.0,0.08034118,17.1,0.0,32.645045151137055,0.08034118,0.08034118,0.0,0.0,0.08034118,0.0,0.0,0.0,0.04865536959737696,0.0,0.04865536959737696,0.0 
 07/21  09:14:00,33.4,21.959770072727892,32.646480327871025,21.959770072727892,0.0,24308.397404901258,32.646480327871025,0.0,0.0,0.08034118,17.1,0.0,32.645766784529414,0.08034118,0.08034118,0.0,0.0,0.08034118,0.0,0.0,0.0,0.04865536959737696,0.0,0.04865536959737696,0.0 
 07/21  09:15:00,33.4,21.94025263476501,32.64718618138064,21.94025263476501,0.0,24209.827691694583,32.64718618138064,0.0,0.0,0.08034118,17.1,0.0,32.646480327871025,0.08034118,0.08034118,0.0,0.0,0.08034118,0.0,0.0,0.0,0.04865536959737696,0.0,0.04865536959737696,0.0 
 07/21  09:16:00,33.4,21.920905416577508,32.647884651354076,21.920905416577508,0.0,24112.125292904086,32.647884651354076,0.0,0.0,0.08034118,17.1,0.0,32.64718618138064,0.08034118,0.08034118,0.0,0.0,0.08034118,0.0,0.0,0.0,0.04865536959737696,0.0,0.04865536959737696,0.0 
 07/21  09:17:00,33.4,21.901706821250915,32.64857607962294,21.901706821250915,0.0,24015.182785003504,32.64857607962294,0.0,0.0,0.08034118,17.1,0.0,32.647884651354076,0.08034118,0.08034118,0.0,0.0,0.08034118,0.0,0.0,0.0,0.04865536959737696,0.0,0.04865536959737696,0.0 
 07/21  09:18:00,33.4,21.8826748592124,32.64926071358,21.8826748592124,0.0,23919.089028439153,32.64926071358,0.0,0.0,0.08034118,17.1,0.0,32.64857607962294,0.08034118,0.08034118,0.0,0.0,0.08034118,0.0,0.0,0.0,0.04865536959737696,0.0,0.04865536959737696,0.0 
 07/21  09:19:00,33.4,21.86378842293711,32.64993886290382,21.86378842293711,0.0,23823.739056637874,32.64993886290382,0.0,0.0,0.08034118,17.1,0.0,32.64926071358,0.08034118,0.08034118,0.0,0.0,0.08034118,0.0,0.0,0.0,0.04865536959737696,0.0,0.04865536959737696,0.0 
 07/21  09:20:00,33.4,21.845065137645868,32.65061073337365,21.845065137645868,0.0,23729.219860651654,32.65061073337365,0.0,0.0,0.08034118,17.1,0.0,32.64993886290382,0.08034118,0.08034118,0.0,0.0,0.08034118,0.0,0.0,0.0,0.04865536959737696,0.0,0.04865536959737696,0.0 
 07/21  09:21:00,33.4,21.826484365438453,32.651276585558364,21.826484365438453,0.0,23635.428875003327,32.651276585558364,0.0,0.0,0.08034118,17.1,0.0,32.65061073337365,0.08034118,0.08034118,0.0,0.0,0.08034118,0.0,0.0,0.0,0.04865536959737696,0.0,0.04865536959737696,0.0 
 07/21  09:22:00,33.4,21.808063361266917,32.65193660538772,21.808063361266917,0.0,23542.451117022312,32.65193660538772,0.0,0.0,0.08034118,17.1,0.0,32.651276585558364,0.08034118,0.08034118,0.0,0.0,0.08034118,0.0,0.0,0.0,0.04865536959737696,0.0,0.04865536959737696,0.0 
 07/21  09:23:00,33.4,21.789781948473085,32.652591018288526,21.789781948473085,0.0,23450.18638018908,32.652591018288526,0.0,0.0,0.08034118,17.1,0.0,32.65193660538772,0.08034118,0.08034118,0.0,0.0,0.08034118,0.0,0.0,0.0,0.04865536959737696,0.0,0.04865536959737696,0.0 
 07/21  09:24:00,33.4,21.771657015649676,32.65323997286501,21.771657015649676,0.0,23358.71799385979,32.65323997286501,0.0,0.0,0.08034118,17.1,0.0,32.652591018288526,0.08034118,0.08034118,0.0,0.0,0.08034118,0.0,0.0,0.0,0.04865536959737696,0.0,0.04865536959737696,0.0 
 07/21  09:25:00,33.4,21.753668830417496,32.65388367984569,21.753668830417496,0.0,23267.947847463583,32.65388367984569,0.0,0.0,0.08034118,17.1,0.0,32.65323997286501,0.08034118,0.08034118,0.0,0.0,0.08034118,0.0,0.0,0.0,0.04865536959737696,0.0,0.04865536959737696,0.0 
 07/21  09:26:00,33.4,21.735833931831298,32.654522263149026,21.735833931831298,0.0,23177.957533858716,32.654522263149026,0.0,0.0,0.08034118,17.1,0.0,32.65388367984569,0.08034118,0.08034118,0.0,0.0,0.08034118,0.0,0.0,0.0,0.04865536959737696,0.0,0.04865536959737696,0.0 
 07/21  09:27:00,33.4,21.718133020809002,32.65515590111861,21.718133020809002,0.0,23088.651116700843,32.65515590111861,0.0,0.0,0.08034118,17.1,0.0,32.654522263149026,0.08034118,0.08034118,0.0,0.0,0.08034118,0.0,0.0,0.0,0.04865536959737696,0.0,0.04865536959737696,0.0 
 07/21  09:28:00,33.4,21.700582290186308,32.65578471031823,21.700582290186308,0.0,23000.108597474933,32.65578471031823,0.0,0.0,0.08034118,17.1,0.0,32.65515590111861,0.08034118,0.08034118,0.0,0.0,0.08034118,0.0,0.0,0.0,0.04865536959737696,0.0,0.04865536959737696,0.0 
 07/21  09:29:00,33.4,21.683162859029892,32.65640884712079,21.683162859029892,0.0,22912.236007807827,32.65640884712079,0.0,0.0,0.08034118,17.1,0.0,32.65578471031823,0.08034118,0.08034118,0.0,0.0,0.08034118,0.0,0.0,0.0,0.04865536959737696,0.0,0.04865536959737696,0.0 
 07/21  09:30:00,33.4,21.665890588395758,32.657028403135435,21.665890588395758,0.0,22825.1117424525,32.657028403135435,0.0,0.0,0.08034118,17.1,0.0,32.65640884712079,0.08034118,0.08034118,0.0,0.0,0.08034118,0.0,0.0,0.0,0.04865536959737696,0.0,0.04865536959737696,0.0 
 07/21  09:31:00,33.4,21.648747003619004,32.65764352954648,21.648747003619004,0.0,22738.64387161204,32.65764352954648,0.0,0.0,0.08034118,17.1,0.0,32.657028403135435,0.08034118,0.08034118,0.0,0.0,0.08034118,0.0,0.0,0.0,0.04865536959737696,0.0,0.04865536959737696,0.0 
 07/21  09:32:00,33.4,21.631747642358235,32.65825430281744,21.631747642358235,0.0,22652.909181610215,32.65825430281744,0.0,0.0,0.08034118,17.1,0.0,32.65764352954648,0.08034118,0.08034118,0.0,0.0,0.08034118,0.0,0.0,0.0,0.04865536959737696,0.0,0.04865536959737696,0.0 
 07/21  09:33:00,33.4,21.614874422218797,32.65886085152342,21.614874422218797,0.0,22567.81775260131,32.65886085152342,0.0,0.0,0.08034118,17.1,0.0,32.65825430281744,0.08034118,0.08034118,0.0,0.0,0.08034118,0.0,0.0,0.0,0.04865536959737696,0.0,0.04865536959737696,0.0 
 07/21  09:34:00,33.4,21.59814256782714,32.659463251476545,21.59814256782714,0.0,22483.444730241732,32.659463251476545,0.0,0.0,0.08034118,17.1,0.0,32.65886085152342,0.08034118,0.08034118,0.0,0.0,0.08034118,0.0,0.0,0.0,0.04865536959737696,0.0,0.04865536959737696,0.0 
 07/21  09:35:00,33.4,21.581534380401003,32.660061616868006,21.581534380401003,0.0,22399.702160655637,32.660061616868006,0.0,0.0,0.08034118,17.1,0.0,32.659463251476545,0.08034118,0.08034118,0.0,0.0,0.08034118,0.0,0.0,0.0,0.04865536959737696,0.0,0.04865536959737696,0.0 
 07/21  09:36:00,33.4,21.565064776764924,32.66065600579691,21.565064776764924,0.0,22316.66370095913,32.66065600579691,0.0,0.0,0.08034118,17.1,0.0,32.660061616868006,0.08034118,0.08034118,0.0,0.0,0.08034118,0.0,0.0,0.0,0.04865536959737696,0.0,0.04865536959737696,0.0 
 07/21  09:37:00,33.4,21.548716427737027,32.66124653243584,21.548716427737027,0.0,22234.24324968235,32.66124653243584,0.0,0.0,0.08034118,17.1,0.0,32.66065600579691,0.08034118,0.08034118,0.0,0.0,0.08034118,0.0,0.0,0.0,0.04865536959737696,0.0,0.04865536959737696,0.0 
 07/21  09:38:00,33.4,21.53250395436045,32.66183324519106,21.53250395436045,0.0,22152.512911283247,32.66183324519106,0.0,0.0,0.08034118,17.1,0.0,32.66124653243584,0.08034118,0.08034118,0.0,0.0,0.08034118,0.0,0.0,0.0,0.04865536959737696,0.0,0.04865536959737696,0.0 
 07/21  09:39:00,33.4,21.516410390194345,32.66241624148988,21.516410390194345,0.0,22071.388443858756,32.66241624148988,0.0,0.0,0.08034118,17.1,0.0,32.66183324519106,0.08034118,0.08034118,0.0,0.0,0.08034118,0.0,0.0,0.0,0.04865536959737696,0.0,0.04865536959737696,0.0 
 07/21  09:40:00,33.4,21.500450063238386,32.66299557264236,21.500450063238386,0.0,21990.940577104295,32.66299557264236,0.0,0.0,0.08034118,17.1,0.0,32.66241624148988,0.08034118,0.08034118,0.0,0.0,0.08034118,0.0,0.0,0.0,0.04865536959737696,0.0,0.04865536959737696,0.0 
 07/21  09:41:00,33.4,21.48460635919104,32.6635713261542,21.48460635919104,0.0,21911.086711355387,32.6635713261542,0.0,0.0,0.08034118,17.1,0.0,32.66299557264236,0.08034118,0.08034118,0.0,0.0,0.08034118,0.0,0.0,0.0,0.04865536959737696,0.0,0.04865536959737696,0.0 
 07/21  09:42:00,33.4,21.46889332344501,32.664143539974276,21.46889332344501,0.0,21831.89625270311,32.664143539974276,0.0,0.0,0.08034118,17.1,0.0,32.6635713261542,0.08034118,0.08034118,0.0,0.0,0.08034118,0.0,0.0,0.0,0.04865536959737696,0.0,0.04865536959737696,0.0 
 07/21  09:43:00,33.4,21.453294681775763,32.664712304383116,21.453294681775763,0.0,21753.288305837672,32.664712304383116,0.0,0.0,0.08034118,17.1,0.0,32.664143539974276,0.08034118,0.08034118,0.0,0.0,0.08034118,0.0,0.0,0.0,0.04865536959737696,0.0,0.04865536959737696,0.0 
 07/21  09:44:00,33.4,21.437824206751458,32.66527765080923,21.437824206751458,0.0,21675.330840173963,32.66527765080923,0.0,0.0,0.08034118,17.1,0.0,32.664712304383116,0.08034118,0.08034118,0.0,0.0,0.08034118,0.0,0.0,0.0,0.04865536959737696,0.0,0.04865536959737696,0.0 
 07/21  09:45:00,33.4,21.42246595580168,32.66583965641795,21.42246595580168,0.0,21597.9447026772,32.66583965641795,0.0,0.0,0.08034118,17.1,0.0,32.66527765080923,0.08034118,0.08034118,0.0,0.0,0.08034118,0.0,0.0,0.0,0.04865536959737696,0.0,0.04865536959737696,0.0 
 07/21  09:46:00,33.4,21.40723343038172,32.66639835738565,21.40723343038172,0.0,21521.196554458067,32.66639835738565,0.0,0.0,0.08034118,17.1,0.0,32.66583965641795,0.08034118,0.08034118,0.0,0.0,0.08034118,0.0,0.0,0.0,0.04865536959737696,0.0,0.04865536959737696,0.0 
 07/21  09:47:00,33.4,21.39211101095922,32.6669538236494,21.39211101095922,0.0,21445.00878109231,32.6669538236494,0.0,0.0,0.08034118,17.1,0.0,32.66639835738565,0.08034118,0.08034118,0.0,0.0,0.08034118,0.0,0.0,0.0,0.04865536959737696,0.0,0.04865536959737696,0.0 
 07/21  09:48:00,33.4,21.377111939851805,32.667506080724,21.377111939851805,0.0,21369.446755854475,32.667506080724,0.0,0.0,0.08034118,17.1,0.0,32.6669538236494,0.08034118,0.08034118,0.0,0.0,0.08034118,0.0,0.0,0.0,0.04865536959737696,0.0,0.04865536959737696,0.0 
 07/21  09:49:00,33.4,21.362220913181574,32.668055202810365,21.362220913181574,0.0,21294.434446062594,32.668055202810365,0.0,0.0,0.08034118,17.1,0.0,32.667506080724,0.08034118,0.08034118,0.0,0.0,0.08034118,0.0,0.0,0.0,0.04865536959737696,0.0,0.04865536959737696,0.0 
 07/21  09:50:00,33.4,21.347450916309167,32.66860121078914,21.347450916309167,0.0,21220.03602558911,32.66860121078914,0.0,0.0,0.08034118,17.1,0.0,32.668055202810365,0.08034118,0.08034118,0.0,0.0,0.08034118,0.0,0.0,0.0,0.04865536959737696,0.0,0.04865536959737696,0.0 
 07/21  09:51:00,33.4,21.332786950886383,32.66914416807638,21.332786950886383,0.0,21146.176914277134,32.66914416807638,0.0,0.0,0.08034118,17.1,0.0,32.66860121078914,0.08034118,0.08034118,0.0,0.0,0.08034118,0.0,0.0,0.0,0.04865536959737696,0.0,0.04865536959737696,0.0 
 07/21  09:52:00,33.4,21.318241754104083,32.66968410121587,21.318241754104083,0.0,21072.920090631484,32.66968410121587,0.0,0.0,0.08034118,17.1,0.0,32.66914416807638,0.08034118,0.08034118,0.0,0.0,0.08034118,0.0,0.0,0.0,0.04865536959737696,0.0,0.04865536959737696,0.0 
 07/21  09:53:00,33.4,21.303800624808915,32.67022106807181,21.303800624808915,0.0,21000.19246352127,32.67022106807181,0.0,0.0,0.08034118,17.1,0.0,32.66968410121587,0.08034118,0.08034118,0.0,0.0,0.08034118,0.0,0.0,0.0,0.04865536959737696,0.0,0.04865536959737696,0.0 
 07/21  09:54:00,33.4,21.28947605803124,32.67075508626353,21.28947605803124,0.0,20928.055806758748,32.67075508626353,0.0,0.0,0.08034118,17.1,0.0,32.67022106807181,0.08034118,0.08034118,0.0,0.0,0.08034118,0.0,0.0,0.0,0.04865536959737696,0.0,0.04865536959737696,0.0 
 07/21  09:55:00,33.4,21.275253643730142,32.67128621869143,21.275253643730142,0.0,20856.438449557354,32.67128621869143,0.0,0.0,0.08034118,17.1,0.0,32.67075508626353,0.08034118,0.08034118,0.0,0.0,0.08034118,0.0,0.0,0.0,0.04865536959737696,0.0,0.04865536959737696,0.0 
 07/21  09:56:00,33.4,21.261145641163438,32.67181447949198,21.261145641163438,0.0,20785.4010312257,32.67181447949198,0.0,0.0,0.08034118,17.1,0.0,32.67128621869143,0.08034118,0.08034118,0.0,0.0,0.08034118,0.0,0.0,0.0,0.04865536959737696,0.0,0.04865536959737696,0.0 
 07/21  09:57:00,33.4,21.247137920240654,32.67233992233774,21.247137920240654,0.0,20714.873321248342,32.67233992233774,0.0,0.0,0.08034118,17.1,0.0,32.67181447949198,0.08034118,0.08034118,0.0,0.0,0.08034118,0.0,0.0,0.0,0.04865536959737696,0.0,0.04865536959737696,0.0 
 07/21  09:58:00,33.4,21.2332425124787,32.67286256744251,21.2332425124787,0.0,20644.914712862224,32.67286256744251,0.0,0.0,0.08034118,17.1,0.0,32.67233992233774,0.08034118,0.08034118,0.0,0.0,0.08034118,0.0,0.0,0.0,0.04865536959737696,0.0,0.04865536959737696,0.0 
 07/21  09:59:00,33.4,21.219445561843212,32.673382464007894,21.219445561843212,0.0,20575.456461133323,32.673382464007894,0.0,0.0,0.08034118,17.1,0.0,32.67286256744251,0.08034118,0.08034118,0.0,0.0,0.08034118,0.0,0.0,0.0,0.04865536959737696,0.0,0.04865536959737696,0.0 
 07/21  10:00:00,33.4,21.205758872980812,32.673899624486374,21.205758872980812,0.0,20506.556831040052,32.673899624486374,0.0,0.0,0.08034118,17.1,0.0,32.673382464007894,0.08034118,0.08034118,0.0,0.0,0.08034118,0.0,0.0,0.0,0.04865536959737696,0.0,0.04865536959737696,0.0,88387200.0 
 07/21  10:01:00,33.4,21.1921688603685,32.67441410349507,21.1921688603685,0.0,20438.14831967587,32.67441410349507,0.0,0.0,0.08034118,17.1,0.0,32.673899624486374,0.08034118,0.08034118,0.0,0.0,0.08034118,0.0,0.0,0.0,0.04865536959737696,0.0,0.04865536959737696,0.0 
 07/21  10:02:00,33.4,21.17868710922872,32.674925910727694,21.17868710922872,0.0,20370.28821301009,32.674925910727694,0.0,0.0,0.08034118,17.1,0.0,32.67441410349507,0.08034118,0.08034118,0.0,0.0,0.08034118,0.0,0.0,0.0,0.04865536959737696,0.0,0.04865536959737696,0.0 
 07/21  10:03:00,33.4,21.165300292888446,32.67543509265746,21.165300292888446,0.0,20302.91030376601,32.67543509265746,0.0,0.0,0.08034118,17.1,0.0,32.674925910727694,0.08034118,0.08034118,0.0,0.0,0.08034118,0.0,0.0,0.0,0.04865536959737696,0.0,0.04865536959737696,0.0 
 07/21  10:04:00,33.4,21.15201978548838,32.67594166520258,21.15201978548838,0.0,20236.070717718234,32.67594166520258,0.0,0.0,0.08034118,17.1,0.0,32.67543509265746,0.08034118,0.08034118,0.0,0.0,0.08034118,0.0,0.0,0.0,0.04865536959737696,0.0,0.04865536959737696,0.0 
 07/21  10:05:00,33.4,21.13883251438895,32.67644567108999,21.13883251438895,0.0,20169.704629653643,32.67644567108999,0.0,0.0,0.08034118,17.1,0.0,32.67594166520258,0.08034118,0.08034118,0.0,0.0,0.08034118,0.0,0.0,0.0,0.04865536959737696,0.0,0.04865536959737696,0.0 
 07/21  10:06:00,33.4,21.125749642882855,32.676947119288286,21.125749642882855,0.0,20103.86711700762,32.676947119288286,0.0,0.0,0.08034118,17.1,0.0,32.67644567108999,0.08034118,0.08034118,0.0,0.0,0.08034118,0.0,0.0,0.0,0.04865536959737696,0.0,0.04865536959737696,0.0 
 07/21  10:07:00,33.4,21.11275834760377,32.67744605810559,21.11275834760377,0.0,20038.49452869135,32.67744605810559,0.0,0.0,0.08034118,17.1,0.0,32.676947119288286,0.08034118,0.08034118,0.0,0.0,0.08034118,0.0,0.0,0.0,0.04865536959737696,0.0,0.04865536959737696,0.0 
 07/21  10:08:00,33.4,21.099869589055864,32.67794249422315,21.099869589055864,0.0,19973.64097091706,32.67794249422315,0.0,0.0,0.08034118,17.1,0.0,32.67744605810559,0.08034118,0.08034118,0.0,0.0,0.08034118,0.0,0.0,0.0,0.04865536959737696,0.0,0.04865536959737696,0.0 
 07/21  10:09:00,33.4,21.087070785913724,32.67843646859043,21.087070785913724,0.0,19909.244003750133,32.67843646859043,0.0,0.0,0.08034118,17.1,0.0,32.67794249422315,0.08034118,0.08034118,0.0,0.0,0.08034118,0.0,0.0,0.0,0.04865536959737696,0.0,0.04865536959737696,0.0 
 07/21  10:10:00,33.4,21.07437269659325,32.67892799412139,21.07437269659325,0.0,19845.356800377336,32.67892799412139,0.0,0.0,0.08034118,17.1,0.0,32.67843646859043,0.08034118,0.08034118,0.0,0.0,0.08034118,0.0,0.0,0.0,0.04865536959737696,0.0,0.04865536959737696,0.0 
 07/21  10:11:00,33.4,21.061762976786603,32.67941710852418,21.061762976786603,0.0,19781.917999065594,32.67941710852418,0.0,0.0,0.08034118,17.1,0.0,32.67892799412139,0.08034118,0.08034118,0.0,0.0,0.08034118,0.0,0.0,0.0,0.04865536959737696,0.0,0.04865536959737696,0.0 
 07/21  10:12:00,33.4,21.04925219202687,32.6799038183511,21.04925219202687,0.0,19718.979849747266,32.6799038183511,0.0,0.0,0.08034118,17.1,0.0,32.67941710852418,0.08034118,0.08034118,0.0,0.0,0.08034118,0.0,0.0,0.0,0.04865536959737696,0.0,0.04865536959737696,0.0 
 07/21  10:13:00,33.4,21.03682822878662,32.6803881669412,21.03682822878662,0.0,19656.48214605022,32.6803881669412,0.0,0.0,0.08034118,17.1,0.0,32.6799038183511,0.08034118,0.08034118,0.0,0.0,0.08034118,0.0,0.0,0.0,0.04865536959737696,0.0,0.04865536959737696,0.0 
 07/21  10:14:00,33.4,21.024501461331432,32.68087015887588,21.024501461331432,0.0,19594.47622171907,32.68087015887588,0.0,0.0,0.08034118,17.1,0.0,32.6803881669412,0.08034118,0.08034118,0.0,0.0,0.08034118,0.0,0.0,0.0,0.04865536959737696,0.0,0.04865536959737696,0.0 
 07/21  10:15:00,33.4,21.01226000050124,32.68134983072342,21.01226000050124,0.0,19532.902958050152,32.68134983072342,0.0,0.0,0.08034118,17.1,0.0,32.68087015887588,0.08034118,0.08034118,0.0,0.0,0.08034118,0.0,0.0,0.0,0.04865536959737696,0.0,0.04865536959737696,0.0 
 07/21  10:16:00,33.4,21.00011403571994,32.68182719323541,21.00011403571994,0.0,19471.812769197986,32.68182719323541,0.0,0.0,0.08034118,17.1,0.0,32.68134983072342,0.08034118,0.08034118,0.0,0.0,0.08034118,0.0,0.0,0.0,0.04865536959737696,0.0,0.04865536959737696,0.0 
 07/21  10:17:00,33.4,20.988051896273387,32.68230228010285,20.988051896273387,0.0,19411.147664907985,32.68230228010285,0.0,0.0,0.08034118,17.1,0.0,32.68182719323541,0.08034118,0.08034118,0.0,0.0,0.08034118,0.0,0.0,0.0,0.04865536959737696,0.0,0.04865536959737696,0.0 
 07/21  10:18:00,33.4,20.97608359058025,32.682775096155176,20.97608359058025,0.0,19350.957123818265,32.682775096155176,0.0,0.0,0.08034118,17.1,0.0,32.68230228010285,0.08034118,0.08034118,0.0,0.0,0.08034118,0.0,0.0,0.0,0.04865536959737696,0.0,0.04865536959737696,0.0 
 07/21  10:19:00,33.4,20.96419766267653,32.683245680702534,20.96419766267653,0.0,19291.18423042298,32.683245680702534,0.0,0.0,0.08034118,17.1,0.0,32.682775096155176,0.08034118,0.08034118,0.0,0.0,0.08034118,0.0,0.0,0.0,0.04865536959737696,0.0,0.04865536959737696,0.0 
 07/21  10:20:00,33.4,20.95240394306949,32.68371403682255,20.95240394306949,0.0,19231.877613007222,32.68371403682255,0.0,0.0,0.08034118,17.1,0.0,32.683245680702534,0.08034118,0.08034118,0.0,0.0,0.08034118,0.0,0.0,0.0,0.04865536959737696,0.0,0.04865536959737696,0.0 
 07/21  10:21:00,33.4,20.940691184897677,32.68418019750832,20.940691184897677,0.0,19172.981367773944,32.68418019750832,0.0,0.0,0.08034118,17.1,0.0,32.68371403682255,0.08034118,0.08034118,0.0,0.0,0.08034118,0.0,0.0,0.0,0.04865536959737696,0.0,0.04865536959737696,0.0 
 07/21  10:22:00,33.4,20.929069044884578,32.68464417191341,20.929069044884578,0.0,19114.543292731465,32.68464417191341,0.0,0.0,0.08034118,17.1,0.0,32.68418019750832,0.08034118,0.08034118,0.0,0.0,0.08034118,0.0,0.0,0.0,0.04865536959737696,0.0,0.04865536959737696,0.0 
 07/21  10:23:00,33.4,20.9175264806886,32.68510599042598,20.9175264806886,0.0,19056.508473261252,32.68510599042598,0.0,0.0,0.08034118,17.1,0.0,32.68464417191341,0.08034118,0.08034118,0.0,0.0,0.08034118,0.0,0.0,0.0,0.04865536959737696,0.0,0.04865536959737696,0.0 
 07/21  10:24:00,33.4,20.906072980704593,32.68556565661671,20.906072980704593,0.0,18998.92386990434,32.68556565661671,0.0,0.0,0.08034118,17.1,0.0,32.68510599042598,0.08034118,0.08034118,0.0,0.0,0.08034118,0.0,0.0,0.0,0.04865536959737696,0.0,0.04865536959737696,0.0 
 07/21  10:25:00,33.4,20.894697701138014,32.686023206452006,20.894697701138014,0.0,18941.735595678274,32.686023206452006,0.0,0.0,0.08034118,17.1,0.0,32.68556565661671,0.08034118,0.08034118,0.0,0.0,0.08034118,0.0,0.0,0.0,0.04865536959737696,0.0,0.04865536959737696,0.0 
 07/21  10:26:00,33.4,20.88340996504509,32.68647864190835,20.88340996504509,0.0,18884.9897545388,32.68647864190835,0.0,0.0,0.08034118,17.1,0.0,32.686023206452006,0.08034118,0.08034118,0.0,0.0,0.08034118,0.0,0.0,0.0,0.04865536959737696,0.0,0.04865536959737696,0.0 
 07/21  10:27:00,33.4,20.87219912262181,32.686931992995135,20.87219912262181,0.0,18828.63346374284,32.686931992995135,0.0,0.0,0.08034118,17.1,0.0,32.68647864190835,0.08034118,0.08034118,0.0,0.0,0.08034118,0.0,0.0,0.0,0.04865536959737696,0.0,0.04865536959737696,0.0 
 07/21  10:28:00,33.4,20.86107433420427,32.6873832676605,20.86107433420427,0.0,18772.712017630125,32.6873832676605,0.0,0.0,0.08034118,17.1,0.0,32.686931992995135,0.08034118,0.08034118,0.0,0.0,0.08034118,0.0,0.0,0.0,0.04865536959737696,0.0,0.04865536959737696,0.0 
 07/21  10:29:00,33.4,20.85002514233032,32.68783249351951,20.85002514233032,0.0,18717.173428582264,32.68783249351951,0.0,0.0,0.08034118,17.1,0.0,32.6873832676605,0.08034118,0.08034118,0.0,0.0,0.08034118,0.0,0.0,0.0,0.04865536959737696,0.0,0.04865536959737696,0.0 
 07/21  10:30:00,33.4,20.839060549069377,32.6882796732058,20.839060549069377,0.0,18662.062270616596,32.6882796732058,0.0,0.0,0.08034118,17.1,0.0,32.68783249351951,0.08034118,0.08034118,0.0,0.0,0.08034118,0.0,0.0,0.0,0.04865536959737696,0.0,0.04865536959737696,0.0 
 07/21  10:31:00,33.4,20.828170280212973,32.688724839859475,20.828170280212973,0.0,18607.32750587166,32.688724839859475,0.0,0.0,0.08034118,17.1,0.0,32.6882796732058,0.08034118,0.08034118,0.0,0.0,0.08034118,0.0,0.0,0.0,0.04865536959737696,0.0,0.04865536959737696,0.0 
 07/21  10:32:00,33.4,20.81736318314728,32.689167994636456,20.81736318314728,0.0,18553.012872128962,32.689167994636456,0.0,0.0,0.08034118,17.1,0.0,32.688724839859475,0.08034118,0.08034118,0.0,0.0,0.08034118,0.0,0.0,0.0,0.04865536959737696,0.0,0.04865536959737696,0.0 
 07/21  10:33:00,33.4,20.80662916691027,32.68960916501085,20.80662916691027,0.0,18499.068248171796,32.68960916501085,0.0,0.0,0.08034118,17.1,0.0,32.689167994636456,0.08034118,0.08034118,0.0,0.0,0.08034118,0.0,0.0,0.0,0.04865536959737696,0.0,0.04865536959737696,0.0 
 07/21  10:34:00,33.4,20.79597692870821,32.69004835800595,20.79597692870821,0.0,18445.536625073117,32.69004835800595,0.0,0.0,0.08034118,17.1,0.0,32.68960916501085,0.08034118,0.08034118,0.0,0.0,0.08034118,0.0,0.0,0.0,0.04865536959737696,0.0,0.04865536959737696,0.0 
 07/21  10:35:00,33.4,20.78539655305178,32.690485598868044,20.78539655305178,0.0,18392.368824528236,32.690485598868044,0.0,0.0,0.08034118,17.1,0.0,32.69004835800595,0.08034118,0.08034118,0.0,0.0,0.08034118,0.0,0.0,0.0,0.04865536959737696,0.0,0.04865536959737696,0.0 
 07/21  10:36:00,33.4,20.77489658878842,32.69092088952161,20.77489658878842,0.0,18339.607034311917,32.69092088952161,0.0,0.0,0.08034118,17.1,0.0,32.690485598868044,0.08034118,0.08034118,0.0,0.0,0.08034118,0.0,0.0,0.0,0.04865536959737696,0.0,0.04865536959737696,0.0 
 07/21  10:37:00,33.4,20.764467295210512,32.69135426068107,20.764467295210512,0.0,18287.20294980119,32.69135426068107,0.0,0.0,0.08034118,17.1,0.0,32.69092088952161,0.08034118,0.08034118,0.0,0.0,0.08034118,0.0,0.0,0.0,0.04865536959737696,0.0,0.04865536959737696,0.0 
 07/21  10:38:00,33.4,20.754117073263384,32.69178571288098,20.754117073263384,0.0,18235.198120649497,32.69178571288098,0.0,0.0,0.08034118,17.1,0.0,32.69135426068107,0.08034118,0.08034118,0.0,0.0,0.08034118,0.0,0.0,0.0,0.04865536959737696,0.0,0.04865536959737696,0.0 
 07/21  10:39:00,33.4,20.74383635349327,32.69221527140863,20.74383635349327,0.0,18183.544968568025,32.69221527140863,0.0,0.0,0.08034118,17.1,0.0,32.69178571288098,0.08034118,0.08034118,0.0,0.0,0.08034118,0.0,0.0,0.0,0.04865536959737696,0.0,0.04865536959737696,0.0 
 07/21  10:40:00,33.4,20.733633398197465,32.69264294256703,20.733633398197465,0.0,18132.28435411502,32.69264294256703,0.0,0.0,0.08034118,17.1,0.0,32.69221527140863,0.08034118,0.08034118,0.0,0.0,0.08034118,0.0,0.0,0.0,0.04865536959737696,0.0,0.04865536959737696,0.0 
 07/21  10:41:00,33.4,20.72349880113533,32.69306874955021,20.72349880113533,0.0,18081.369643690166,32.69306874955021,0.0,0.0,0.08034118,17.1,0.0,32.69264294256703,0.08034118,0.08034118,0.0,0.0,0.08034118,0.0,0.0,0.0,0.04865536959737696,0.0,0.04865536959737696,0.0 
 07/21  10:42:00,33.4,20.713440683568287,32.69349269373833,20.713440683568287,0.0,18030.84093185135,32.69349269373833,0.0,0.0,0.08034118,17.1,0.0,32.69306874955021,0.08034118,0.08034118,0.0,0.0,0.08034118,0.0,0.0,0.0,0.04865536959737696,0.0,0.04865536959737696,0.0 
 07/21  10:43:00,33.4,20.703449803946043,32.69391480373799,20.703449803946043,0.0,17980.652344216614,32.69391480373799,0.0,0.0,0.08034118,17.1,0.0,32.69349269373833,0.08034118,0.08034118,0.0,0.0,0.08034118,0.0,0.0,0.0,0.04865536959737696,0.0,0.04865536959737696,0.0 
 07/21  10:44:00,33.4,20.693534146897555,32.694335079606795,20.693534146897555,0.0,17930.8433915618,32.694335079606795,0.0,0.0,0.08034118,17.1,0.0,32.69391480373799,0.08034118,0.08034118,0.0,0.0,0.08034118,0.0,0.0,0.0,0.04865536959737696,0.0,0.04865536959737696,0.0 
 07/21  10:45:00,33.4,20.683684628849544,32.6947535447222,20.683684628849544,0.0,17881.36895716989,32.6947535447222,0.0,0.0,0.08034118,17.1,0.0,32.694335079606795,0.08034118,0.08034118,0.0,0.0,0.08034118,0.0,0.0,0.0,0.04865536959737696,0.0,0.04865536959737696,0.0 
 07/21  10:46:00,33.4,20.673909102161478,32.69517020481861,20.673909102161478,0.0,17832.26786224257,32.69517020481861,0.0,0.0,0.08034118,17.1,0.0,32.6947535447222,0.08034118,0.08034118,0.0,0.0,0.08034118,0.0,0.0,0.0,0.04865536959737696,0.0,0.04865536959737696,0.0 
 07/21  10:47:00,33.4,20.664198640087573,32.69558508129007,20.664198640087573,0.0,17783.495774250336,32.69558508129007,0.0,0.0,0.08034118,17.1,0.0,32.69517020481861,0.08034118,0.08034118,0.0,0.0,0.08034118,0.0,0.0,0.0,0.04865536959737696,0.0,0.04865536959737696,0.0 
 07/21  10:48:00,33.4,20.65456096289188,32.695998175092384,20.65456096289188,0.0,17735.090920028266,32.695998175092384,0.0,0.0,0.08034118,17.1,0.0,32.69558508129007,0.08034118,0.08034118,0.0,0.0,0.08034118,0.0,0.0,0.0,0.04865536959737696,0.0,0.04865536959737696,0.0 
 07/21  10:49:00,33.4,20.64498729473322,32.696409512979685,20.64498729473322,0.0,17687.009689856826,32.696409512979685,0.0,0.0,0.08034118,17.1,0.0,32.695998175092384,0.08034118,0.08034118,0.0,0.0,0.08034118,0.0,0.0,0.0,0.04865536959737696,0.0,0.04865536959737696,0.0 
 07/21  10:50:00,33.4,20.63548522794843,32.69681909463704,20.63548522794843,0.0,17639.28967386412,32.69681909463704,0.0,0.0,0.08034118,17.1,0.0,32.696409512979685,0.08034118,0.08034118,0.0,0.0,0.08034118,0.0,0.0,0.0,0.04865536959737696,0.0,0.04865536959737696,0.0 
 07/21  10:51:00,33.4,20.626046137030393,32.697226941754906,20.626046137030393,0.0,17591.887982913413,32.697226941754906,0.0,0.0,0.08034118,17.1,0.0,32.69681909463704,0.08034118,0.08034118,0.0,0.0,0.08034118,0.0,0.0,0.0,0.04865536959737696,0.0,0.04865536959737696,0.0 
 07/21  10:52:00,33.4,20.61667749073575,32.69763305961181,20.61667749073575,0.0,17544.84159241036,32.69763305961181,0.0,0.0,0.08034118,17.1,0.0,32.697226941754906,0.08034118,0.08034118,0.0,0.0,0.08034118,0.0,0.0,0.0,0.04865536959737696,0.0,0.04865536959737696,0.0 
 07/21  10:53:00,33.4,20.60737080631668,32.698037468005964,20.60737080631668,0.0,17498.108419448967,32.698037468005964,0.0,0.0,0.08034118,17.1,0.0,32.69763305961181,0.08034118,0.08034118,0.0,0.0,0.08034118,0.0,0.0,0.0,0.04865536959737696,0.0,0.04865536959737696,0.0 
 07/21  10:54:00,33.4,20.598133429852556,32.69844016755698,20.598133429852556,0.0,17451.724736485263,32.69844016755698,0.0,0.0,0.08034118,17.1,0.0,32.698037468005964,0.08034118,0.08034118,0.0,0.0,0.08034118,0.0,0.0,0.0,0.04865536959737696,0.0,0.04865536959737696,0.0 
 07/21  10:55:00,33.4,20.58895702291191,32.698841183375684,20.58895702291191,0.0,17405.649181799803,32.698841183375684,0.0,0.0,0.08034118,17.1,0.0,32.69844016755698,0.08034118,0.08034118,0.0,0.0,0.08034118,0.0,0.0,0.0,0.04865536959737696,0.0,0.04865536959737696,0.0 
 07/21  10:56:00,33.4,20.579848810506686,32.699240514851965,20.579848810506686,0.0,17359.917487075312,32.699240514851965,0.0,0.0,0.08034118,17.1,0.0,32.698841183375684,0.08034118,0.08034118,0.0,0.0,0.08034118,0.0,0.0,0.0,0.04865536959737696,0.0,0.04865536959737696,0.0 
 07/21  10:57:00,33.4,20.570800594305364,32.69963818217309,20.570800594305364,0.0,17314.488929427367,32.69963818217309,0.0,0.0,0.08034118,17.1,0.0,32.699240514851965,0.08034118,0.08034118,0.0,0.0,0.08034118,0.0,0.0,0.0,0.04865536959737696,0.0,0.04865536959737696,0.0 
 07/21  10:58:00,33.4,20.56181948165376,32.70003419024825,20.56181948165376,0.0,17269.398685725057,32.70003419024825,0.0,0.0,0.08034118,17.1,0.0,32.69963818217309,0.08034118,0.08034118,0.0,0.0,0.08034118,0.0,0.0,0.0,0.04865536959737696,0.0,0.04865536959737696,0.0 
 07/21  10:59:00,33.4,20.55289740934461,32.700428557449946,20.55289740934461,0.0,17224.6067384813,32.700428557449946,0.0,0.0,0.08034118,17.1,0.0,32.70003419024825,0.08034118,0.08034118,0.0,0.0,0.08034118,0.0,0.0,0.0,0.04865536959737696,0.0,0.04865536959737696,0.0 
 07/21  11:00:00,33.4,20.544041370168106,32.7008212841294,20.544041370168106,0.0,17180.14763418342,32.7008212841294,0.0,0.0,0.08034118,17.1,0.0,32.700428557449946,0.08034118,0.08034118,0.0,0.0,0.08034118,0.0,0.0,0.0,0.04865536959737696,0.0,0.04865536959737696,0.0,88387200.0 
 07/21  11:01:00,33.4,20.53524343529643,32.70121239393042,20.53524343529643,0.0,17135.982056857323,32.70121239393042,0.0,0.0,0.08034118,17.1,0.0,32.7008212841294,0.08034118,0.08034118,0.0,0.0,0.08034118,0.0,0.0,0.0,0.04865536959737696,0.0,0.04865536959737696,0.0 
 07/21  11:02:00,33.4,20.526510483169353,32.70160188600813,20.526510483169353,0.0,17092.14401423753,32.70160188600813,0.0,0.0,0.08034118,17.1,0.0,32.70121239393042,0.08034118,0.08034118,0.0,0.0,0.08034118,0.0,0.0,0.0,0.04865536959737696,0.0,0.04865536959737696,0.0 
 07/21  11:03:00,33.4,20.51783471691501,32.70198977920291,20.51783471691501,0.0,17048.59478946343,32.70198977920291,0.0,0.0,0.08034118,17.1,0.0,32.70160188600813,0.08034118,0.08034118,0.0,0.0,0.08034118,0.0,0.0,0.0,0.04865536959737696,0.0,0.04865536959737696,0.0 
 07/21  11:04:00,33.4,20.509222904641632,32.702376078124004,20.509222904641632,0.0,17005.367871466995,32.702376078124004,0.0,0.0,0.08034118,17.1,0.0,32.70198977920291,0.08034118,0.08034118,0.0,0.0,0.08034118,0.0,0.0,0.0,0.04865536959737696,0.0,0.04865536959737696,0.0 
 07/21  11:05:00,33.4,20.50066737899822,32.70276079986352,20.50066737899822,0.0,16962.42516087334,32.70276079986352,0.0,0.0,0.08034118,17.1,0.0,32.702376078124004,0.08034118,0.08034118,0.0,0.0,0.08034118,0.0,0.0,0.0,0.04865536959737696,0.0,0.04865536959737696,0.0 
 07/21  11:06:00,33.4,20.492174798085173,32.703143944557944,20.492174798085173,0.0,16919.799658561988,32.703143944557944,0.0,0.0,0.08034118,17.1,0.0,32.70276079986352,0.08034118,0.08034118,0.0,0.0,0.08034118,0.0,0.0,0.0,0.04865536959737696,0.0,0.04865536959737696,0.0 
 07/21  11:07:00,33.4,20.483737618333954,32.703525534534414,20.483737618333954,0.0,16877.453883457125,32.703525534534414,0.0,0.0,0.08034118,17.1,0.0,32.703143944557944,0.08034118,0.08034118,0.0,0.0,0.08034118,0.0,0.0,0.0,0.04865536959737696,0.0,0.04865536959737696,0.0 
 07/21  11:08:00,33.4,20.475362392450386,32.703905568760085,20.475362392450386,0.0,16835.42025283805,32.703905568760085,0.0,0.0,0.08034118,17.1,0.0,32.703525534534414,0.08034118,0.08034118,0.0,0.0,0.08034118,0.0,0.0,0.0,0.04865536959737696,0.0,0.04865536959737696,0.0 
 07/21  11:09:00,33.4,20.467041701087318,32.70428406486093,20.467041701087318,0.0,16793.661935823722,32.70428406486093,0.0,0.0,0.08034118,17.1,0.0,32.703905568760085,0.08034118,0.08034118,0.0,0.0,0.08034118,0.0,0.0,0.0,0.04865536959737696,0.0,0.04865536959737696,0.0 
 07/21  11:10:00,33.4,20.458781992684663,32.704661027199656,20.458781992684663,0.0,16752.21083099688,32.704661027199656,0.0,0.0,0.08034118,17.1,0.0,32.70428406486093,0.08034118,0.08034118,0.0,0.0,0.08034118,0.0,0.0,0.0,0.04865536959737696,0.0,0.04865536959737696,0.0 
 07/21  11:11:00,33.4,20.45057596847532,32.7050364717102,20.45057596847532,0.0,16711.030709760656,32.7050364717102,0.0,0.0,0.08034118,17.1,0.0,32.704661027199656,0.08034118,0.08034118,0.0,0.0,0.08034118,0.0,0.0,0.0,0.04865536959737696,0.0,0.04865536959737696,0.0 
 07/21  11:12:00,33.4,20.442429973122515,32.705410398353614,20.442429973122515,0.0,16670.152983428557,32.705410398353614,0.0,0.0,0.08034118,17.1,0.0,32.7050364717102,0.08034118,0.08034118,0.0,0.0,0.08034118,0.0,0.0,0.0,0.04865536959737696,0.0,0.04865536959737696,0.0 
 07/21  11:13:00,33.4,20.434336827238354,32.70578282826627,20.434336827238354,0.0,16629.541961571827,32.70578282826627,0.0,0.0,0.08034118,17.1,0.0,32.705410398353614,0.08034118,0.08034118,0.0,0.0,0.08034118,0.0,0.0,0.0,0.04865536959737696,0.0,0.04865536959737696,0.0 
 07/21  11:14:00,33.4,20.426302775711907,32.7061537602609,20.426302775711907,0.0,16589.2285881112,32.7061537602609,0.0,0.0,0.08034118,17.1,0.0,32.70578282826627,0.08034118,0.08034118,0.0,0.0,0.08034118,0.0,0.0,0.0,0.04865536959737696,0.0,0.04865536959737696,0.0 
 07/21  11:15:00,33.4,20.418320755147377,32.70652321086035,20.418320755147377,0.0,16549.17775223244,32.70652321086035,0.0,0.0,0.08034118,17.1,0.0,32.7061537602609,0.08034118,0.08034118,0.0,0.0,0.08034118,0.0,0.0,0.0,0.04865536959737696,0.0,0.04865536959737696,0.0 
 07/21  11:16:00,33.4,20.41039691051414,32.706891184220964,20.41039691051414,0.0,16509.41992915298,32.706891184220964,0.0,0.0,0.08034118,17.1,0.0,32.70652321086035,0.08034118,0.08034118,0.0,0.0,0.08034118,0.0,0.0,0.0,0.04865536959737696,0.0,0.04865536959737696,0.0 
 07/21  11:17:00,33.4,20.40252429185885,32.70725769522255,20.40252429185885,0.0,16469.920546073023,32.70725769522255,0.0,0.0,0.08034118,17.1,0.0,32.706891184220964,0.08034118,0.08034118,0.0,0.0,0.08034118,0.0,0.0,0.0,0.04865536959737696,0.0,0.04865536959737696,0.0 
 07/21  11:18:00,33.4,20.394708949184416,32.70762274368097,20.394708949184416,0.0,16430.709576892405,32.70762274368097,0.0,0.0,0.08034118,17.1,0.0,32.70725769522255,0.08034118,0.08034118,0.0,0.0,0.08034118,0.0,0.0,0.0,0.04865536959737696,0.0,0.04865536959737696,0.0 
 07/21  11:19:00,33.4,20.386944043469402,32.707986349651144,20.386944043469402,0.0,16391.753060309184,32.707986349651144,0.0,0.0,0.08034118,17.1,0.0,32.70762274368097,0.08034118,0.08034118,0.0,0.0,0.08034118,0.0,0.0,0.0,0.04865536959737696,0.0,0.04865536959737696,0.0 
 07/21  11:20:00,33.4,20.37923552954217,32.70834851181882,20.37923552954217,0.0,16353.080467948897,32.70834851181882,0.0,0.0,0.08034118,17.1,0.0,32.707986349651144,0.08034118,0.08034118,0.0,0.0,0.08034118,0.0,0.0,0.0,0.04865536959737696,0.0,0.04865536959737696,0.0 
 07/21  11:21:00,33.4,20.371576677778528,32.70870924570252,20.371576677778528,0.0,16314.658384897575,32.70870924570252,0.0,0.0,0.08034118,17.1,0.0,32.70834851181882,0.08034118,0.08034118,0.0,0.0,0.08034118,0.0,0.0,0.0,0.04865536959737696,0.0,0.04865536959737696,0.0 
 07/21  11:22:00,33.4,20.36397335026434,32.70906855528701,20.36397335026434,0.0,16276.515821373956,32.70906855528701,0.0,0.0,0.08034118,17.1,0.0,32.70870924570252,0.08034118,0.08034118,0.0,0.0,0.08034118,0.0,0.0,0.0,0.04865536959737696,0.0,0.04865536959737696,0.0 
 07/21  11:23:00,33.4,20.356418924726412,32.709426454491656,20.356418924726412,0.0,16238.61989859373,32.709426454491656,0.0,0.0,0.08034118,17.1,0.0,32.70906855528701,0.08034118,0.08034118,0.0,0.0,0.08034118,0.0,0.0,0.0,0.04865536959737696,0.0,0.04865536959737696,0.0 
 07/21  11:24:00,33.4,20.34894831983753,32.709782885536605,20.34894831983753,0.0,16201.14454889181,32.709782885536605,0.0,0.0,0.08034118,17.1,0.0,32.709426454491656,0.08034118,0.08034118,0.0,0.0,0.08034118,0.0,0.0,0.0,0.04865536959737696,0.0,0.04865536959737696,0.0 
 07/21  11:25:00,33.4,20.341508377423715,32.710137926499065,20.341508377423715,0.0,16163.825646820238,32.710137926499065,0.0,0.0,0.08034118,17.1,0.0,32.709782885536605,0.08034118,0.08034118,0.0,0.0,0.08034118,0.0,0.0,0.0,0.04865536959737696,0.0,0.04865536959737696,0.0 
 07/21  11:26:00,33.4,20.33412640921404,32.71049154919141,20.33412640921404,0.0,16126.797848746242,32.71049154919141,0.0,0.0,0.08034118,17.1,0.0,32.710137926499065,0.08034118,0.08034118,0.0,0.0,0.08034118,0.0,0.0,0.0,0.04865536959737696,0.0,0.04865536959737696,0.0 
 07/21  11:27:00,33.4,20.326799900047927,32.71084375897153,20.326799900047927,0.0,16090.049343930623,32.71084375897153,0.0,0.0,0.08034118,17.1,0.0,32.71049154919141,0.08034118,0.08034118,0.0,0.0,0.08034118,0.0,0.0,0.0,0.04865536959737696,0.0,0.04865536959737696,0.0 
 07/21  11:28:00,33.4,20.319527270209168,32.71119457303838,20.319527270209168,0.0,16053.57220244989,32.71119457303838,0.0,0.0,0.08034118,17.1,0.0,32.71084375897153,0.08034118,0.08034118,0.0,0.0,0.08034118,0.0,0.0,0.0,0.04865536959737696,0.0,0.04865536959737696,0.0 
 07/21  11:29:00,33.4,20.312300781057512,32.711544013102966,20.312300781057512,0.0,16017.32773007941,32.711544013102966,0.0,0.0,0.08034118,17.1,0.0,32.71119457303838,0.08034118,0.08034118,0.0,0.0,0.08034118,0.0,0.0,0.0,0.04865536959737696,0.0,0.04865536959737696,0.0 
 07/21  11:30:00,33.4,20.305124374476108,32.711892084315075,20.305124374476108,0.0,15981.335366598574,32.711892084315075,0.0,0.0,0.08034118,17.1,0.0,32.711544013102966,0.08034118,0.08034118,0.0,0.0,0.08034118,0.0,0.0,0.0,0.04865536959737696,0.0,0.04865536959737696,0.0 
 07/21  11:31:00,33.4,20.297991720415403,32.71223880788659,20.297991720415403,0.0,15945.563610987874,32.71223880788659,0.0,0.0,0.08034118,17.1,0.0,32.711892084315075,0.08034118,0.08034118,0.0,0.0,0.08034118,0.0,0.0,0.0,0.04865536959737696,0.0,0.04865536959737696,0.0 
 07/21  11:32:00,33.4,20.290908128548036,32.712584184755514,20.290908128548036,0.0,15910.038725071954,32.712584184755514,0.0,0.0,0.08034118,17.1,0.0,32.71223880788659,0.08034118,0.08034118,0.0,0.0,0.08034118,0.0,0.0,0.0,0.04865536959737696,0.0,0.04865536959737696,0.0 
 07/21  11:33:00,33.4,20.283868229638873,32.712928230152386,20.283868229638873,0.0,15874.734137018113,32.712928230152386,0.0,0.0,0.08034118,17.1,0.0,32.712584184755514,0.08034118,0.08034118,0.0,0.0,0.08034118,0.0,0.0,0.0,0.04865536959737696,0.0,0.04865536959737696,0.0 
 07/21  11:34:00,33.4,20.276877583636473,32.713270948927835,20.276877583636473,0.0,15839.677329640372,32.713270948927835,0.0,0.0,0.08034118,17.1,0.0,32.712928230152386,0.08034118,0.08034118,0.0,0.0,0.08034118,0.0,0.0,0.0,0.04865536959737696,0.0,0.04865536959737696,0.0 
 07/21  11:35:00,33.4,20.26993073432314,32.71361235406859,20.26993073432314,0.0,15804.841270006364,32.71361235406859,0.0,0.0,0.08034118,17.1,0.0,32.713270948927835,0.08034118,0.08034118,0.0,0.0,0.08034118,0.0,0.0,0.0,0.04865536959737696,0.0,0.04865536959737696,0.0 
 07/21  11:36:00,33.4,20.263032927727302,32.713952445747275,20.263032927727302,0.0,15770.251903864319,32.713952445747275,0.0,0.0,0.08034118,17.1,0.0,32.71361235406859,0.08034118,0.08034118,0.0,0.0,0.08034118,0.0,0.0,0.0,0.04865536959737696,0.0,0.04865536959737696,0.0 
 07/21  11:37:00,33.4,20.256178578960313,32.714291241567096,20.256178578960313,0.0,15735.88158388186,32.714291241567096,0.0,0.0,0.08034118,17.1,0.0,32.713952445747275,0.08034118,0.08034118,0.0,0.0,0.08034118,0.0,0.0,0.0,0.04865536959737696,0.0,0.04865536959737696,0.0 
 07/21  11:38:00,33.4,20.249372753816353,32.71462874034168,20.249372753816353,0.0,15701.755303666687,32.71462874034168,0.0,0.0,0.08034118,17.1,0.0,32.714291241567096,0.08034118,0.08034118,0.0,0.0,0.08034118,0.0,0.0,0.0,0.04865536959737696,0.0,0.04865536959737696,0.0 
 07/21  11:39:00,33.4,20.242609886494897,32.714964955173386,20.242609886494897,0.0,15667.845511232794,32.714964955173386,0.0,0.0,0.08034118,17.1,0.0,32.71462874034168,0.08034118,0.08034118,0.0,0.0,0.08034118,0.0,0.0,0.0,0.04865536959737696,0.0,0.04865536959737696,0.0 
 07/21  11:40:00,33.4,20.235894934807074,32.71529988981633,20.235894934807074,0.0,15634.176689915897,32.71529988981633,0.0,0.0,0.08034118,17.1,0.0,32.714964955173386,0.08034118,0.08034118,0.0,0.0,0.08034118,0.0,0.0,0.0,0.04865536959737696,0.0,0.04865536959737696,0.0 
 07/21  11:41:00,33.4,20.229222385785828,32.71563355580643,20.229222385785828,0.0,15600.72152430449,32.71563355580643,0.0,0.0,0.08034118,17.1,0.0,32.71529988981633,0.08034118,0.08034118,0.0,0.0,0.08034118,0.0,0.0,0.0,0.04865536959737696,0.0,0.04865536959737696,0.0 
 07/21  11:42:00,33.4,20.222597101863872,32.7159659526911,20.222597101863872,0.0,15567.504076789146,32.7159659526911,0.0,0.0,0.08034118,17.1,0.0,32.71563355580643,0.08034118,0.08034118,0.0,0.0,0.08034118,0.0,0.0,0.0,0.04865536959737696,0.0,0.04865536959737696,0.0 
 07/21  11:43:00,33.4,20.216013637353228,32.716297096953205,20.216013637353228,0.0,15534.497260581547,32.716297096953205,0.0,0.0,0.08034118,17.1,0.0,32.7159659526911,0.08034118,0.08034118,0.0,0.0,0.08034118,0.0,0.0,0.0,0.04865536959737696,0.0,0.04865536959737696,0.0 
 07/21  11:44:00,33.4,20.209476772291538,32.71662698703204,20.209476772291538,0.0,15501.72480833805,32.71662698703204,0.0,0.0,0.08034118,17.1,0.0,32.716297096953205,0.08034118,0.08034118,0.0,0.0,0.08034118,0.0,0.0,0.0,0.04865536959737696,0.0,0.04865536959737696,0.0 
 07/21  11:45:00,33.4,20.2029811321029,32.716955635099,20.2029811321029,0.0,15469.160014963512,32.716955635099,0.0,0.0,0.08034118,17.1,0.0,32.71662698703204,0.08034118,0.08034118,0.0,0.0,0.08034118,0.0,0.0,0.0,0.04865536959737696,0.0,0.04865536959737696,0.0 
 07/21  11:46:00,33.4,20.19653142190868,32.71728304464922,20.19653142190868,0.0,15436.826160209697,32.71728304464922,0.0,0.0,0.08034118,17.1,0.0,32.716955635099,0.08034118,0.08034118,0.0,0.0,0.08034118,0.0,0.0,0.0,0.04865536959737696,0.0,0.04865536959737696,0.0 
 07/21  11:47:00,33.4,20.19012234491375,32.71760922640475,20.19012234491375,0.0,15404.696954023326,32.71760922640475,0.0,0.0,0.08034118,17.1,0.0,32.71728304464922,0.08034118,0.08034118,0.0,0.0,0.08034118,0.0,0.0,0.0,0.04865536959737696,0.0,0.04865536959737696,0.0 
 07/21  11:48:00,33.4,20.18375853439506,32.71793417974349,20.18375853439506,0.0,15372.795318792496,32.71793417974349,0.0,0.0,0.08034118,17.1,0.0,32.71760922640475,0.08034118,0.08034118,0.0,0.0,0.08034118,0.0,0.0,0.0,0.04865536959737696,0.0,0.04865536959737696,0.0 
 07/21  11:49:00,33.4,20.177434769758165,32.71825792038543,20.177434769758165,0.0,15341.095371140942,32.71825792038543,0.0,0.0,0.08034118,17.1,0.0,32.71793417974349,0.08034118,0.08034118,0.0,0.0,0.08034118,0.0,0.0,0.0,0.04865536959737696,0.0,0.04865536959737696,0.0 
 07/21  11:50:00,33.4,20.17115561289759,32.71858044665139,20.17115561289759,0.0,15309.619678204353,32.71858044665139,0.0,0.0,0.08034118,17.1,0.0,32.71825792038543,0.08034118,0.08034118,0.0,0.0,0.08034118,0.0,0.0,0.0,0.04865536959737696,0.0,0.04865536959737696,0.0 
 07/21  11:51:00,33.4,20.164915920571765,32.71890177001476,20.164915920571765,0.0,15278.342716233452,32.71890177001476,0.0,0.0,0.08034118,17.1,0.0,32.71858044665139,0.08034118,0.08034118,0.0,0.0,0.08034118,0.0,0.0,0.0,0.04865536959737696,0.0,0.04865536959737696,0.0 
 07/21  11:52:00,33.4,20.158720187267956,32.719221893861366,20.158720187267956,0.0,15247.286717119492,32.719221893861366,0.0,0.0,0.08034118,17.1,0.0,32.71890177001476,0.08034118,0.08034118,0.0,0.0,0.08034118,0.0,0.0,0.0,0.04865536959737696,0.0,0.04865536959737696,0.0 
 07/21  11:53:00,33.4,20.152563345668064,32.71954082825928,20.152563345668064,0.0,15216.42656210056,32.71954082825928,0.0,0.0,0.08034118,17.1,0.0,32.719221893861366,0.08034118,0.08034118,0.0,0.0,0.08034118,0.0,0.0,0.0,0.04865536959737696,0.0,0.04865536959737696,0.0 
 07/21  11:54:00,33.4,20.14644982352004,32.71985857251519,20.14644982352004,0.0,15185.784124988631,32.71985857251519,0.0,0.0,0.08034118,17.1,0.0,32.71954082825928,0.08034118,0.08034118,0.0,0.0,0.08034118,0.0,0.0,0.0,0.04865536959737696,0.0,0.04865536959737696,0.0 
 07/21  11:55:00,33.4,20.140374630401322,32.72017514170194,20.140374630401322,0.0,15155.334644749291,32.72017514170194,0.0,0.0,0.08034118,17.1,0.0,32.71985857251519,0.08034118,0.08034118,0.0,0.0,0.08034118,0.0,0.0,0.0,0.04865536959737696,0.0,0.04865536959737696,0.0 
 07/21  11:56:00,33.4,20.13434212684778,32.72049053408696,20.13434212684778,0.0,15125.099738787185,32.72049053408696,0.0,0.0,0.08034118,17.1,0.0,32.72017514170194,0.08034118,0.08034118,0.0,0.0,0.08034118,0.0,0.0,0.0,0.04865536959737696,0.0,0.04865536959737696,0.0 
 07/21  11:57:00,33.4,20.12834739619258,32.72080476053767,20.12834739619258,0.0,15095.054962200407,32.72080476053767,0.0,0.0,0.08034118,17.1,0.0,32.72049053408696,0.08034118,0.08034118,0.0,0.0,0.08034118,0.0,0.0,0.0,0.04865536959737696,0.0,0.04865536959737696,0.0 
 07/21  11:58:00,33.4,20.122394735138617,32.72111782437491,20.122394735138617,0.0,15065.221614717371,32.72111782437491,0.0,0.0,0.08034118,17.1,0.0,32.72080476053767,0.08034118,0.08034118,0.0,0.0,0.08034118,0.0,0.0,0.0,0.04865536959737696,0.0,0.04865536959737696,0.0 
 07/21  11:59:00,33.4,20.11647929870572,32.721429735087845,20.11647929870572,0.0,15035.575660775048,32.721429735087845,0.0,0.0,0.08034118,17.1,0.0,32.72111782437491,0.08034118,0.08034118,0.0,0.0,0.08034118,0.0,0.0,0.0,0.04865536959737696,0.0,0.04865536959737696,0.0 
 07/21  12:00:00,33.4,20.1106053215715,32.72174049194399,20.1106053215715,0.0,15006.138014229236,32.72174049194399,0.0,0.0,0.08034118,17.1,0.0,32.721429735087845,0.08034118,0.08034118,0.0,0.0,0.08034118,0.0,0.0,0.0,0.04865536959737696,0.0,0.04865536959737696,0.0,88387200.0 
 07/21  12:01:00,33.4,20.104768031835825,32.72205010943294,20.104768031835825,0.0,14976.885029919204,32.72205010943294,0.0,0.0,0.08034118,17.1,0.0,32.72174049194399,0.08034118,0.08034118,0.0,0.0,0.08034118,0.0,0.0,0.0,0.04865536959737696,0.0,0.04865536959737696,0.0 
 07/21  12:02:00,33.4,20.098971601367666,32.72235858579187,20.098971601367666,0.0,14947.83733498431,32.72235858579187,0.0,0.0,0.08034118,17.1,0.0,32.72205010943294,0.08034118,0.08034118,0.0,0.0,0.08034118,0.0,0.0,0.0,0.04865536959737696,0.0,0.04865536959737696,0.0 
 07/21  12:03:00,33.4,20.093211328865205,32.72266593133807,20.093211328865205,0.0,14918.971610798504,32.72266593133807,0.0,0.0,0.08034118,17.1,0.0,32.72235858579187,0.08034118,0.08034118,0.0,0.0,0.08034118,0.0,0.0,0.0,0.04865536959737696,0.0,0.04865536959737696,0.0 
 07/21  12:04:00,33.4,20.08749132442493,32.72297214934487,20.08749132442493,0.0,14890.308202715541,32.72297214934487,0.0,0.0,0.08034118,17.1,0.0,32.72266593133807,0.08034118,0.08034118,0.0,0.0,0.08034118,0.0,0.0,0.0,0.04865536959737696,0.0,0.04865536959737696,0.0 
 07/21  12:05:00,33.4,20.081806956613836,32.723277248771986,20.081806956613836,0.0,14861.824115216568,32.723277248771986,0.0,0.0,0.08034118,17.1,0.0,32.72297214934487,0.08034118,0.08034118,0.0,0.0,0.08034118,0.0,0.0,0.0,0.04865536959737696,0.0,0.04865536959737696,0.0 
 07/21  12:06:00,33.4,20.07616227617584,32.72358122886014,20.07616227617584,0.0,14833.53939842755,32.72358122886014,0.0,0.0,0.08034118,17.1,0.0,32.723277248771986,0.08034118,0.08034118,0.0,0.0,0.08034118,0.0,0.0,0.0,0.04865536959737696,0.0,0.04865536959737696,0.0 
 07/21  12:07:00,33.4,20.070552719567385,32.72388410356109,20.070552719567385,0.0,14805.431420880464,32.72388410356109,0.0,0.0,0.08034118,17.1,0.0,32.72358122886014,0.08034118,0.08034118,0.0,0.0,0.08034118,0.0,0.0,0.0,0.04865536959737696,0.0,0.04865536959737696,0.0 
 07/21  12:08:00,33.4,20.064982277598887,32.72418587109052,20.064982277598887,0.0,14777.519934408547,32.72418587109052,0.0,0.0,0.08034118,17.1,0.0,32.72388410356109,0.08034118,0.08034118,0.0,0.0,0.08034118,0.0,0.0,0.0,0.04865536959737696,0.0,0.04865536959737696,0.0 
 07/21  12:09:00,33.4,20.059446454413624,32.724486541256496,20.059446454413624,0.0,14749.782619957195,32.724486541256496,0.0,0.0,0.08034118,17.1,0.0,32.72418587109052,0.08034118,0.08034118,0.0,0.0,0.08034118,0.0,0.0,0.0,0.04865536959737696,0.0,0.04865536959737696,0.0 
 07/21  12:10:00,33.4,20.053949182678753,32.724786117291586,20.053949182678753,0.0,14722.238965211149,32.724786117291586,0.0,0.0,0.08034118,17.1,0.0,32.724486541256496,0.08034118,0.08034118,0.0,0.0,0.08034118,0.0,0.0,0.0,0.04865536959737696,0.0,0.04865536959737696,0.0 
 07/21  12:11:00,33.4,20.04848603424527,32.7250846076634,20.04848603424527,0.0,14694.866938832598,32.7250846076634,0.0,0.0,0.08034118,17.1,0.0,32.724786117291586,0.08034118,0.08034118,0.0,0.0,0.08034118,0.0,0.0,0.0,0.04865536959737696,0.0,0.04865536959737696,0.0 
 07/21  12:12:00,33.4,20.043060884525957,32.72538201158977,20.043060884525957,0.0,14667.68579367677,32.72538201158977,0.0,0.0,0.08034118,17.1,0.0,32.7250846076634,0.08034118,0.08034118,0.0,0.0,0.08034118,0.0,0.0,0.0,0.04865536959737696,0.0,0.04865536959737696,0.0 
 07/21  12:13:00,33.4,20.03766936928739,32.72567834252006,20.03766936928739,0.0,14640.67381741626,32.72567834252006,0.0,0.0,0.08034118,17.1,0.0,32.72538201158977,0.08034118,0.08034118,0.0,0.0,0.08034118,0.0,0.0,0.0,0.04865536959737696,0.0,0.04865536959737696,0.0 
 07/21  12:14:00,33.4,20.032315307981513,32.725973598650654,20.032315307981513,0.0,14613.849959254885,32.725973598650654,0.0,0.0,0.08034118,17.1,0.0,32.72567834252006,0.08034118,0.08034118,0.0,0.0,0.08034118,0.0,0.0,0.0,0.04865536959737696,0.0,0.04865536959737696,0.0 
 07/21  12:15:00,33.4,20.026994400032976,32.72626778931316,20.026994400032976,0.0,14587.192849516814,32.72626778931316,0.0,0.0,0.08034118,17.1,0.0,32.725973598650654,0.08034118,0.08034118,0.0,0.0,0.08034118,0.0,0.0,0.0,0.04865536959737696,0.0,0.04865536959737696,0.0 
 07/21  12:16:00,33.4,20.021710411254812,32.726560917701335,20.021710411254812,0.0,14560.721120808488,32.726560917701335,0.0,0.0,0.08034118,17.1,0.0,32.72626778931316,0.08034118,0.08034118,0.0,0.0,0.08034118,0.0,0.0,0.0,0.04865536959737696,0.0,0.04865536959737696,0.0 
 07/21  12:17:00,33.4,20.016459102737215,32.726852991821865,20.016459102737215,0.0,14534.41378546218,32.726852991821865,0.0,0.0,0.08034118,17.1,0.0,32.726560917701335,0.08034118,0.08034118,0.0,0.0,0.08034118,0.0,0.0,0.0,0.04865536959737696,0.0,0.04865536959737696,0.0 
 07/21  12:18:00,33.4,20.0112441858867,32.7271440108709,20.0112441858867,0.0,14508.289155924344,32.7271440108709,0.0,0.0,0.08034118,17.1,0.0,32.726852991821865,0.08034118,0.08034118,0.0,0.0,0.08034118,0.0,0.0,0.0,0.04865536959737696,0.0,0.04865536959737696,0.0 
 07/21  12:19:00,33.4,20.00606148428798,32.727433987826714,20.00606148428798,0.0,14482.32655613022,32.727433987826714,0.0,0.0,0.08034118,17.1,0.0,32.7271440108709,0.08034118,0.08034118,0.0,0.0,0.08034118,0.0,0.0,0.0,0.04865536959737696,0.0,0.04865536959737696,0.0 
 07/21  12:20:00,33.4,20.00091465569609,32.72772292086832,20.00091465569609,0.0,14456.544056435823,32.72772292086832,0.0,0.0,0.08034118,17.1,0.0,32.727433987826714,0.08034118,0.08034118,0.0,0.0,0.08034118,0.0,0.0,0.0,0.04865536959737696,0.0,0.04865536959737696,0.0 
 07/21  12:21:00,33.4,19.995799583741732,32.728010818882524,19.995799583741732,0.0,14430.92128000646,32.728010818882524,0.0,0.0,0.08034118,17.1,0.0,32.72772292086832,0.08034118,0.08034118,0.0,0.0,0.08034118,0.0,0.0,0.0,0.04865536959737696,0.0,0.04865536959737696,0.0 
 07/21  12:22:00,33.4,19.990719874186166,32.72829768502947,19.990719874186166,0.0,14405.476014155316,32.72829768502947,0.0,0.0,0.08034118,17.1,0.0,32.728010818882524,0.08034118,0.08034118,0.0,0.0,0.08034118,0.0,0.0,0.0,0.04865536959737696,0.0,0.04865536959737696,0.0 
 07/21  12:23:00,33.4,19.9856714713053,32.72858352689013,19.9856714713053,0.0,14380.188184401059,32.72858352689013,0.0,0.0,0.08034118,17.1,0.0,32.72829768502947,0.08034118,0.08034118,0.0,0.0,0.08034118,0.0,0.0,0.0,0.04865536959737696,0.0,0.04865536959737696,0.0 
 07/21  12:24:00,33.4,19.980657928883474,32.72886834365036,19.980657928883474,0.0,14355.075344102555,32.72886834365036,0.0,0.0,0.08034118,17.1,0.0,32.72858352689013,0.08034118,0.08034118,0.0,0.0,0.08034118,0.0,0.0,0.0,0.04865536959737696,0.0,0.04865536959737696,0.0 
 07/21  12:25:00,33.4,19.975675250112655,32.729152147861704,19.975675250112655,0.0,14330.117688069668,32.729152147861704,0.0,0.0,0.08034118,17.1,0.0,32.72886834365036,0.08034118,0.08034118,0.0,0.0,0.08034118,0.0,0.0,0.0,0.04865536959737696,0.0,0.04865536959737696,0.0 
 07/21  12:26:00,33.4,19.9707269375331,32.729434937709186,19.9707269375331,0.0,14305.33253915768,32.729434937709186,0.0,0.0,0.08034118,17.1,0.0,32.729152147861704,0.08034118,0.08034118,0.0,0.0,0.08034118,0.0,0.0,0.0,0.04865536959737696,0.0,0.04865536959737696,0.0 
 07/21  12:27:00,33.4,19.965809052444694,32.729716721692036,19.965809052444694,0.0,14280.700357622472,32.729716721692036,0.0,0.0,0.08034118,17.1,0.0,32.729434937709186,0.08034118,0.08034118,0.0,0.0,0.08034118,0.0,0.0,0.0,0.04865536959737696,0.0,0.04865536959737696,0.0 
 07/21  12:28:00,33.4,19.96092504615533,32.72999750297555,19.96092504615533,0.0,14256.238259812239,32.72999750297555,0.0,0.0,0.08034118,17.1,0.0,32.729716721692036,0.08034118,0.08034118,0.0,0.0,0.08034118,0.0,0.0,0.0,0.04865536959737696,0.0,0.04865536959737696,0.0 
 07/21  12:29:00,33.4,19.956071038071517,32.730277288785665,19.956071038071517,0.0,14231.926923283168,32.730277288785665,0.0,0.0,0.08034118,17.1,0.0,32.72999750297555,0.08034118,0.08034118,0.0,0.0,0.08034118,0.0,0.0,0.0,0.04865536959737696,0.0,0.04865536959737696,0.0 
 07/21  12:30:00,33.4,19.951250430617716,32.73055607834824,19.951250430617716,0.0,14207.783269341217,32.73055607834824,0.0,0.0,0.08034118,17.1,0.0,32.730277288785665,0.08034118,0.08034118,0.0,0.0,0.08034118,0.0,0.0,0.0,0.04865536959737696,0.0,0.04865536959737696,0.0 
 07/21  12:31:00,33.4,19.946459398443046,32.73083388386547,19.946459398443046,0.0,14183.78825124716,32.73083388386547,0.0,0.0,0.08034118,17.1,0.0,32.73055607834824,0.08034118,0.08034118,0.0,0.0,0.08034118,0.0,0.0,0.0,0.04865536959737696,0.0,0.04865536959737696,0.0 
 07/21  12:32:00,33.4,19.941701296981492,32.73111070358124,19.941701296981492,0.0,14159.958508252139,32.73111070358124,0.0,0.0,0.08034118,17.1,0.0,32.73083388386547,0.08034118,0.08034118,0.0,0.0,0.08034118,0.0,0.0,0.0,0.04865536959737696,0.0,0.04865536959737696,0.0 
 07/21  12:33:00,33.4,19.936972354729235,32.731386545680316,19.936972354729235,0.0,14136.275334328739,32.731386545680316,0.0,0.0,0.08034118,17.1,0.0,32.73111070358124,0.08034118,0.08034118,0.0,0.0,0.08034118,0.0,0.0,0.0,0.04865536959737696,0.0,0.04865536959737696,0.0 
 07/21  12:34:00,33.4,19.932275879539723,32.731661413376735,19.932275879539723,0.0,14112.755083969554,32.731661413376735,0.0,0.0,0.08034118,17.1,0.0,32.731386545680316,0.08034118,0.08034118,0.0,0.0,0.08034118,0.0,0.0,0.0,0.04865536959737696,0.0,0.04865536959737696,0.0 
 07/21  12:35:00,33.4,19.927608153716296,32.73193531360036,19.927608153716296,0.0,14089.37934333186,32.73193531360036,0.0,0.0,0.08034118,17.1,0.0,32.731661413376735,0.08034118,0.08034118,0.0,0.0,0.08034118,0.0,0.0,0.0,0.04865536959737696,0.0,0.04865536959737696,0.0 
 07/21  12:36:00,33.4,19.92297243897263,32.732208245644145,19.92297243897263,0.0,14066.164213600208,32.732208245644145,0.0,0.0,0.08034118,17.1,0.0,32.73193531360036,0.08034118,0.08034118,0.0,0.0,0.08034118,0.0,0.0,0.0,0.04865536959737696,0.0,0.04865536959737696,0.0 
 07/21  12:37:00,33.4,19.918365071581388,32.73248022140015,19.918365071581388,0.0,14043.091550009573,32.73248022140015,0.0,0.0,0.08034118,17.1,0.0,32.732208245644145,0.08034118,0.08034118,0.0,0.0,0.08034118,0.0,0.0,0.0,0.04865536959737696,0.0,0.04865536959737696,0.0 
 07/21  12:38:00,33.4,19.91378926584661,32.73275123917959,19.91378926584661,0.0,14020.177265442002,32.73275123917959,0.0,0.0,0.08034118,17.1,0.0,32.73248022140015,0.08034118,0.08034118,0.0,0.0,0.08034118,0.0,0.0,0.0,0.04865536959737696,0.0,0.04865536959737696,0.0 
 07/21  12:39:00,33.4,19.909241410354163,32.733021306873596,19.909241410354163,0.0,13997.403428419144,32.733021306873596,0.0,0.0,0.08034118,17.1,0.0,32.73275123917959,0.08034118,0.08034118,0.0,0.0,0.08034118,0.0,0.0,0.0,0.04865536959737696,0.0,0.04865536959737696,0.0 
 07/21  12:40:00,33.4,19.904724675096407,32.73329042773599,19.904724675096407,0.0,13974.785731430384,32.73329042773599,0.0,0.0,0.08034118,17.1,0.0,32.733021306873596,0.08034118,0.08034118,0.0,0.0,0.08034118,0.0,0.0,0.0,0.04865536959737696,0.0,0.04865536959737696,0.0 
 07/21  12:41:00,33.4,19.900235499967245,32.73355860840631,19.900235499967245,0.0,13952.306522505936,32.73355860840631,0.0,0.0,0.08034118,17.1,0.0,32.73329042773599,0.08034118,0.08034118,0.0,0.0,0.08034118,0.0,0.0,0.0,0.04865536959737696,0.0,0.04865536959737696,0.0 
 07/21  12:42:00,33.4,19.89577700980381,32.733825848223766,19.89577700980381,0.0,13929.981269405716,32.733825848223766,0.0,0.0,0.08034118,17.1,0.0,32.73355860840631,0.08034118,0.08034118,0.0,0.0,0.08034118,0.0,0.0,0.0,0.04865536959737696,0.0,0.04865536959737696,0.0 
 07/21  12:43:00,33.4,19.891345695548686,32.7340921587646,19.891345695548686,0.0,13907.792551149701,32.7340921587646,0.0,0.0,0.08034118,17.1,0.0,32.733825848223766,0.08034118,0.08034118,0.0,0.0,0.08034118,0.0,0.0,0.0,0.04865536959737696,0.0,0.04865536959737696,0.0 
 07/21  12:44:00,33.4,19.88694463909956,32.73435753837879,19.88694463909956,0.0,13885.755621939652,32.73435753837879,0.0,0.0,0.08034118,17.1,0.0,32.7340921587646,0.08034118,0.08034118,0.0,0.0,0.08034118,0.0,0.0,0.0,0.04865536959737696,0.0,0.04865536959737696,0.0 
 07/21  12:45:00,33.4,19.882570380818624,32.734621994652414,19.882570380818624,0.0,13863.853330692506,32.734621994652414,0.0,0.0,0.08034118,17.1,0.0,32.73435753837879,0.08034118,0.08034118,0.0,0.0,0.08034118,0.0,0.0,0.0,0.04865536959737696,0.0,0.04865536959737696,0.0 
 07/21  12:46:00,33.4,19.878225957776127,32.7348855308456,19.878225957776127,0.0,13842.100731840783,32.7348855308456,0.0,0.0,0.08034118,17.1,0.0,32.734621994652414,0.08034118,0.08034118,0.0,0.0,0.08034118,0.0,0.0,0.0,0.04865536959737696,0.0,0.04865536959737696,0.0 
 07/21  12:47:00,33.4,19.87390796055994,32.7351481532934,19.87390796055994,0.0,13820.48085464381,32.7351481532934,0.0,0.0,0.08034118,17.1,0.0,32.7348855308456,0.08034118,0.08034118,0.0,0.0,0.08034118,0.0,0.0,0.0,0.04865536959737696,0.0,0.04865536959737696,0.0 
 07/21  12:48:00,33.4,19.869619385223938,32.735409861347314,19.869619385223938,0.0,13799.008572838917,32.735409861347314,0.0,0.0,0.08034118,17.1,0.0,32.7351481532934,0.08034118,0.08034118,0.0,0.0,0.08034118,0.0,0.0,0.0,0.04865536959737696,0.0,0.04865536959737696,0.0 
 07/21  12:49:00,33.4,19.86535686825806,32.73567066625261,19.86535686825806,0.0,13777.667214430094,32.73567066625261,0.0,0.0,0.08034118,17.1,0.0,32.735409861347314,0.08034118,0.08034118,0.0,0.0,0.08034118,0.0,0.0,0.0,0.04865536959737696,0.0,0.04865536959737696,0.0 
 07/21  12:50:00,33.4,19.86112336472247,32.735930566365425,19.86112336472247,0.0,13756.471356110254,32.735930566365425,0.0,0.0,0.08034118,17.1,0.0,32.73567066625261,0.08034118,0.08034118,0.0,0.0,0.08034118,0.0,0.0,0.0,0.04865536959737696,0.0,0.04865536959737696,0.0 
 07/21  12:51:00,33.4,19.856915559780653,32.73618956895399,19.856915559780653,0.0,13735.404591815004,32.73618956895399,0.0,0.0,0.08034118,17.1,0.0,32.735930566365425,0.08034118,0.08034118,0.0,0.0,0.08034118,0.0,0.0,0.0,0.04865536959737696,0.0,0.04865536959737696,0.0 
 07/21  12:52:00,33.4,19.85273636628286,32.736447677254255,19.85273636628286,0.0,13714.48133462842,32.736447677254255,0.0,0.0,0.08034118,17.1,0.0,32.73618956895399,0.08034118,0.08034118,0.0,0.0,0.08034118,0.0,0.0,0.0,0.04865536959737696,0.0,0.04865536959737696,0.0 
 07/21  12:53:00,33.4,19.848582516953236,32.73670489728712,19.848582516953236,0.0,13693.685346180573,32.73670489728712,0.0,0.0,0.08034118,17.1,0.0,32.736447677254255,0.08034118,0.08034118,0.0,0.0,0.08034118,0.0,0.0,0.0,0.04865536959737696,0.0,0.04865536959737696,0.0 
 07/21  12:54:00,33.4,19.844456883274283,32.73696122839021,19.844456883274283,0.0,13673.03090293461,32.73696122839021,0.0,0.0,0.08034118,17.1,0.0,32.73670489728712,0.08034118,0.08034118,0.0,0.0,0.08034118,0.0,0.0,0.0,0.04865536959737696,0.0,0.04865536959737696,0.0 
 07/21  12:55:00,33.4,19.8403562430483,32.737216681471054,19.8403562430483,0.0,13652.501968236487,32.737216681471054,0.0,0.0,0.08034118,17.1,0.0,32.73696122839021,0.08034118,0.08034118,0.0,0.0,0.08034118,0.0,0.0,0.0,0.04865536959737696,0.0,0.04865536959737696,0.0 
 07/21  12:56:00,33.4,19.836283429692564,32.737471254870066,19.836283429692564,0.0,13632.112583073376,32.737471254870066,0.0,0.0,0.08034118,17.1,0.0,32.737216681471054,0.08034118,0.08034118,0.0,0.0,0.08034118,0.0,0.0,0.0,0.04865536959737696,0.0,0.04865536959737696,0.0 
 07/21  12:57:00,33.4,19.83223526643761,32.73772495553517,19.83223526643761,0.0,13611.846983392083,32.73772495553517,0.0,0.0,0.08034118,17.1,0.0,32.737471254870066,0.08034118,0.08034118,0.0,0.0,0.08034118,0.0,0.0,0.0,0.04865536959737696,0.0,0.04865536959737696,0.0 
 07/21  12:58:00,33.4,19.82821454686104,32.73797778665947,19.82821454686104,0.0,13591.719011858822,32.73797778665947,0.0,0.0,0.08034118,17.1,0.0,32.73772495553517,0.08034118,0.08034118,0.0,0.0,0.08034118,0.0,0.0,0.0,0.04865536959737696,0.0,0.04865536959737696,0.0 
 07/21  12:59:00,33.4,19.824218137877253,32.73822975395089,19.824218137877253,0.0,13571.713122166817,32.73822975395089,0.0,0.0,0.08034118,17.1,0.0,32.73797778665947,0.08034118,0.08034118,0.0,0.0,0.08034118,0.0,0.0,0.0,0.04865536959737696,0.0,0.04865536959737696,0.0 
 07/21  13:00:00,33.4,19.82024879420628,32.7384808567187,19.82024879420628,0.0,13551.84296355697,32.7384808567187,0.0,0.0,0.08034118,17.1,0.0,32.73822975395089,0.08034118,0.08034118,0.0,0.0,0.08034118,0.0,0.0,0.0,0.04865536959737696,0.0,0.04865536959737696,0.0,88387200.0 
 07/21  13:01:00,33.4,19.816303427336848,32.73873110553647,19.816303427336848,0.0,13532.093189172292,32.73873110553647,0.0,0.0,0.08034118,17.1,0.0,32.7384808567187,0.08034118,0.08034118,0.0,0.0,0.08034118,0.0,0.0,0.0,0.04865536959737696,0.0,0.04865536959737696,0.0 
 07/21  13:02:00,33.4,19.812384755143864,32.73898049871788,19.812384755143864,0.0,13512.477264970184,32.73898049871788,0.0,0.0,0.08034118,17.1,0.0,32.73873110553647,0.08034118,0.08034118,0.0,0.0,0.08034118,0.0,0.0,0.0,0.04865536959737696,0.0,0.04865536959737696,0.0 
 07/21  13:03:00,33.4,19.808489731830605,32.739229042897676,19.808489731830605,0.0,13492.980079831013,32.739229042897676,0.0,0.0,0.08034118,17.1,0.0,32.73898049871788,0.08034118,0.08034118,0.0,0.0,0.08034118,0.0,0.0,0.0,0.04865536959737696,0.0,0.04865536959737696,0.0 
 07/21  13:04:00,33.4,19.804621038081144,32.739476741217544,19.804621038081144,0.0,13473.614891980309,32.739476741217544,0.0,0.0,0.08034118,17.1,0.0,32.739229042897676,0.08034118,0.08034118,0.0,0.0,0.08034118,0.0,0.0,0.0,0.04865536959737696,0.0,0.04865536959737696,0.0 
 07/21  13:05:00,33.4,19.800775669015092,32.73972359908194,19.800775669015092,0.0,13454.366839490063,32.73972359908194,0.0,0.0,0.08034118,17.1,0.0,32.739476741217544,0.08034118,0.08034118,0.0,0.0,0.08034118,0.0,0.0,0.0,0.04865536959737696,0.0,0.04865536959737696,0.0 
 07/21  13:06:00,33.4,19.796956267863795,32.739969615765986,19.796956267863795,0.0,13435.248971588368,32.739969615765986,0.0,0.0,0.08034118,17.1,0.0,32.73972359908194,0.08034118,0.08034118,0.0,0.0,0.08034118,0.0,0.0,0.0,0.04865536959737696,0.0,0.04865536959737696,0.0 
 07/21  13:07:00,33.4,19.793159873270916,32.74021480151991,19.793159873270916,0.0,13416.24659811216,32.74021480151991,0.0,0.0,0.08034118,17.1,0.0,32.739969615765986,0.08034118,0.08034118,0.0,0.0,0.08034118,0.0,0.0,0.0,0.04865536959737696,0.0,0.04865536959737696,0.0 
 07/21  13:08:00,33.4,19.789389092730712,32.74045915462663,19.789389092730712,0.0,13397.372635710195,32.74045915462663,0.0,0.0,0.08034118,17.1,0.0,32.74021480151991,0.08034118,0.08034118,0.0,0.0,0.08034118,0.0,0.0,0.0,0.04865536959737696,0.0,0.04865536959737696,0.0 
 07/21  13:09:00,33.4,19.785641005226246,32.740702681419876,19.785641005226246,0.0,13378.612595259106,32.740702681419876,0.0,0.0,0.08034118,17.1,0.0,32.74045915462663,0.08034118,0.08034118,0.0,0.0,0.08034118,0.0,0.0,0.0,0.04865536959737696,0.0,0.04865536959737696,0.0 
 07/21  13:10:00,33.4,19.78191818191956,32.740945384986446,19.78191818191956,0.0,13359.97921256815,32.740945384986446,0.0,0.0,0.08034118,17.1,0.0,32.740702681419876,0.08034118,0.08034118,0.0,0.0,0.08034118,0.0,0.0,0.0,0.04865536959737696,0.0,0.04865536959737696,0.0 
 07/21  13:11:00,33.4,19.77821774269827,32.74118727044032,19.77821774269827,0.0,13341.45818000542,32.74118727044032,0.0,0.0,0.08034118,17.1,0.0,32.740945384986446,0.08034118,0.08034118,0.0,0.0,0.08034118,0.0,0.0,0.0,0.04865536959737696,0.0,0.04865536959737696,0.0 
 07/21  13:12:00,33.4,19.77454222368082,32.74142833702035,19.77454222368082,0.0,13323.062081389431,32.74142833702035,0.0,0.0,0.08034118,17.1,0.0,32.74118727044032,0.08034118,0.08034118,0.0,0.0,0.08034118,0.0,0.0,0.0,0.04865536959737696,0.0,0.04865536959737696,0.0 
 07/21  13:13:00,33.4,19.770888784099533,32.74166859466651,19.770888784099533,0.0,13304.77680522894,32.74166859466651,0.0,0.0,0.08034118,17.1,0.0,32.74142833702035,0.08034118,0.08034118,0.0,0.0,0.08034118,0.0,0.0,0.0,0.04865536959737696,0.0,0.04865536959737696,0.0 
 07/21  13:14:00,33.4,19.767259926111972,32.741908041629905,19.767259926111972,0.0,13286.614743996315,32.741908041629905,0.0,0.0,0.08034118,17.1,0.0,32.74166859466651,0.08034118,0.08034118,0.0,0.0,0.08034118,0.0,0.0,0.0,0.04865536959737696,0.0,0.04865536959737696,0.0 
 07/21  13:15:00,33.4,19.763652847975212,32.74214668395741,19.763652847975212,0.0,13268.562003060124,32.74214668395741,0.0,0.0,0.08034118,17.1,0.0,32.741908041629905,0.08034118,0.08034118,0.0,0.0,0.08034118,0.0,0.0,0.0,0.04865536959737696,0.0,0.04865536959737696,0.0 
 07/21  13:16:00,33.4,19.760070017406676,32.742384524680226,19.760070017406676,0.0,13250.630803481341,32.742384524680226,0.0,0.0,0.08034118,17.1,0.0,32.74214668395741,0.08034118,0.08034118,0.0,0.0,0.08034118,0.0,0.0,0.0,0.04865536959737696,0.0,0.04865536959737696,0.0 
 07/21  13:17:00,33.4,19.75650867169663,32.74262156863662,19.75650867169663,0.0,13232.807422984197,32.74262156863662,0.0,0.0,0.08034118,17.1,0.0,32.742384524680226,0.08034118,0.08034118,0.0,0.0,0.08034118,0.0,0.0,0.0,0.04865536959737696,0.0,0.04865536959737696,0.0 
 07/21  13:18:00,33.4,19.75297124591655,32.7428578150297,19.75297124591655,0.0,13215.103920259517,32.7428578150297,0.0,0.0,0.08034118,17.1,0.0,32.74262156863662,0.08034118,0.08034118,0.0,0.0,0.08034118,0.0,0.0,0.0,0.04865536959737696,0.0,0.04865536959737696,0.0 
 07/21  13:19:00,33.4,19.74945501400237,32.743093273503916,19.74945501400237,0.0,13197.506799963512,32.743093273503916,0.0,0.0,0.08034118,17.1,0.0,32.7428578150297,0.08034118,0.08034118,0.0,0.0,0.08034118,0.0,0.0,0.0,0.04865536959737696,0.0,0.04865536959737696,0.0 
 07/21  13:20:00,33.4,19.745962377193536,32.74332794228003,19.745962377193536,0.0,13180.027930258708,32.74332794228003,0.0,0.0,0.08034118,17.1,0.0,32.743093273503916,0.08034118,0.08034118,0.0,0.0,0.08034118,0.0,0.0,0.0,0.04865536959737696,0.0,0.04865536959737696,0.0 
 07/21  13:21:00,33.4,19.742490647505413,32.74356182713374,19.742490647505413,0.0,13162.653983459717,32.74356182713374,0.0,0.0,0.08034118,17.1,0.0,32.74332794228003,0.08034118,0.08034118,0.0,0.0,0.08034118,0.0,0.0,0.0,0.04865536959737696,0.0,0.04865536959737696,0.0 
 07/21  13:22:00,33.4,19.739042194874923,32.743794931042565,19.739042194874923,0.0,13145.39667211688,32.743794931042565,0.0,0.0,0.08034118,17.1,0.0,32.74356182713374,0.08034118,0.08034118,0.0,0.0,0.08034118,0.0,0.0,0.0,0.04865536959737696,0.0,0.04865536959737696,0.0 
 07/21  13:23:00,33.4,19.735614367901597,32.744027258585575,19.735614367901597,0.0,13128.242872873743,32.744027258585575,0.0,0.0,0.08034118,17.1,0.0,32.743794931042565,0.08034118,0.08034118,0.0,0.0,0.08034118,0.0,0.0,0.0,0.04865536959737696,0.0,0.04865536959737696,0.0 
 07/21  13:24:00,33.4,19.732209502917847,32.74425880893344,19.732209502917847,0.0,13111.204153014687,32.74425880893344,0.0,0.0,0.08034118,17.1,0.0,32.744027258585575,0.08034118,0.08034118,0.0,0.0,0.08034118,0.0,0.0,0.0,0.04865536959737696,0.0,0.04865536959737696,0.0 
 07/21  13:25:00,33.4,19.728824984946943,32.744489591451945,19.728824984946943,0.0,13094.26752673422,32.744489591451945,0.0,0.0,0.08034118,17.1,0.0,32.74425880893344,0.08034118,0.08034118,0.0,0.0,0.08034118,0.0,0.0,0.0,0.04865536959737696,0.0,0.04865536959737696,0.0 
 07/21  13:26:00,33.4,19.725463119993307,32.74471960433604,19.725463119993307,0.0,13077.444410490516,32.74471960433604,0.0,0.0,0.08034118,17.1,0.0,32.744489591451945,0.08034118,0.08034118,0.0,0.0,0.08034118,0.0,0.0,0.0,0.04865536959737696,0.0,0.04865536959737696,0.0 
 07/21  13:27:00,33.4,19.7221213287457,32.74494885310816,19.7221213287457,0.0,13060.722018151755,32.74494885310816,0.0,0.0,0.08034118,17.1,0.0,32.74471960433604,0.08034118,0.08034118,0.0,0.0,0.08034118,0.0,0.0,0.0,0.04865536959737696,0.0,0.04865536959737696,0.0 
 07/21  13:28:00,33.4,19.71880188560901,32.74517734069696,19.71880188560901,0.0,13044.111608918225,32.74517734069696,0.0,0.0,0.08034118,17.1,0.0,32.74494885310816,0.08034118,0.08034118,0.0,0.0,0.08034118,0.0,0.0,0.0,0.04865536959737696,0.0,0.04865536959737696,0.0 
 07/21  13:29:00,33.4,19.715502246734026,32.74540507144059,19.715502246734026,0.0,13027.600551579371,32.74540507144059,0.0,0.0,0.08034118,17.1,0.0,32.74517734069696,0.08034118,0.08034118,0.0,0.0,0.08034118,0.0,0.0,0.0,0.04865536959737696,0.0,0.04865536959737696,0.0 
 07/21  13:30:00,33.4,19.712224655830227,32.74563204448274,19.712224655830227,0.0,13011.199974399202,32.74563204448274,0.0,0.0,0.08034118,17.1,0.0,32.74540507144059,0.08034118,0.08034118,0.0,0.0,0.08034118,0.0,0.0,0.0,0.04865536959737696,0.0,0.04865536959737696,0.0 
 07/21  13:31:00,33.4,19.70896660315435,32.745858268928046,19.70896660315435,0.0,12994.897416144913,32.745858268928046,0.0,0.0,0.08034118,17.1,0.0,32.74563204448274,0.08034118,0.08034118,0.0,0.0,0.08034118,0.0,0.0,0.0,0.04865536959737696,0.0,0.04865536959737696,0.0 
 07/21  13:32:00,33.4,19.70573030196407,32.746083742950965,19.70573030196407,0.0,12978.703853477982,32.746083742950965,0.0,0.0,0.08034118,17.1,0.0,32.745858268928046,0.08034118,0.08034118,0.0,0.0,0.08034118,0.0,0.0,0.0,0.04865536959737696,0.0,0.04865536959737696,0.0 
 07/21  13:33:00,33.4,19.70251327726567,32.7463084718379,19.70251327726567,0.0,12962.60697671369,32.7463084718379,0.0,0.0,0.08034118,17.1,0.0,32.746083742950965,0.08034118,0.08034118,0.0,0.0,0.08034118,0.0,0.0,0.0,0.04865536959737696,0.0,0.04865536959737696,0.0 
 07/21  13:34:00,33.4,19.699317712723488,32.74653245847292,19.699317712723488,0.0,12946.617636879755,32.74653245847292,0.0,0.0,0.08034118,17.1,0.0,32.7463084718379,0.08034118,0.08034118,0.0,0.0,0.08034118,0.0,0.0,0.0,0.04865536959737696,0.0,0.04865536959737696,0.0 
 07/21  13:35:00,33.4,19.69614116645959,32.746755706969715,19.69614116645959,0.0,12930.7236893866,32.746755706969715,0.0,0.0,0.08034118,17.1,0.0,32.74653245847292,0.08034118,0.08034118,0.0,0.0,0.08034118,0.0,0.0,0.0,0.04865536959737696,0.0,0.04865536959737696,0.0 
 07/21  13:36:00,33.4,19.692985793444496,32.74697821644926,19.692985793444496,0.0,12914.935820818373,32.74697821644926,0.0,0.0,0.08034118,17.1,0.0,32.746755706969715,0.08034118,0.08034118,0.0,0.0,0.08034118,0.0,0.0,0.0,0.04865536959737696,0.0,0.04865536959737696,0.0 
 07/21  13:37:00,33.4,19.689849183829914,32.74719999577021,19.689849183829914,0.0,12899.242089372347,32.74719999577021,0.0,0.0,0.08034118,17.1,0.0,32.74697821644926,0.08034118,0.08034118,0.0,0.0,0.08034118,0.0,0.0,0.0,0.04865536959737696,0.0,0.04865536959737696,0.0 
 07/21  13:38:00,33.4,19.686733464167343,32.74742104309062,19.686733464167343,0.0,12883.65299711084,32.74742104309062,0.0,0.0,0.08034118,17.1,0.0,32.74719999577021,0.08034118,0.08034118,0.0,0.0,0.08034118,0.0,0.0,0.0,0.04865536959737696,0.0,0.04865536959737696,0.0 
 07/21  13:39:00,33.4,19.68363625811794,32.747641363476106,19.68363625811794,0.0,12868.156769243957,32.747641363476106,0.0,0.0,0.08034118,17.1,0.0,32.74742104309062,0.08034118,0.08034118,0.0,0.0,0.08034118,0.0,0.0,0.0,0.04865536959737696,0.0,0.04865536959737696,0.0 
 07/21  13:40:00,33.4,19.68055966377887,32.74786095976966,19.68055966377887,0.0,12852.76378781261,32.74786095976966,0.0,0.0,0.08034118,17.1,0.0,32.747641363476106,0.08034118,0.08034118,0.0,0.0,0.08034118,0.0,0.0,0.0,0.04865536959737696,0.0,0.04865536959737696,0.0 
 07/21  13:41:00,33.4,19.677501336199953,32.74807983587565,19.677501336199953,0.0,12837.462434381556,32.74807983587565,0.0,0.0,0.08034118,17.1,0.0,32.74786095976966,0.08034118,0.08034118,0.0,0.0,0.08034118,0.0,0.0,0.0,0.04865536959737696,0.0,0.04865536959737696,0.0 
 07/21  13:42:00,33.4,19.674463345040483,32.74829799089621,19.674463345040483,0.0,12822.262949484444,32.74829799089621,0.0,0.0,0.08034118,17.1,0.0,32.74807983587565,0.08034118,0.08034118,0.0,0.0,0.08034118,0.0,0.0,0.0,0.04865536959737696,0.0,0.04865536959737696,0.0 
 07/21  13:43:00,33.4,19.671443376675096,32.74851543345852,19.671443376675096,0.0,12807.15387071884,32.74851543345852,0.0,0.0,0.08034118,17.1,0.0,32.74829799089621,0.08034118,0.08034118,0.0,0.0,0.08034118,0.0,0.0,0.0,0.04865536959737696,0.0,0.04865536959737696,0.0 
 07/21  13:44:00,33.4,19.668443474085528,32.748732161708325,19.668443474085528,0.0,12792.145284574635,32.748732161708325,0.0,0.0,0.08034118,17.1,0.0,32.74851543345852,0.08034118,0.08034118,0.0,0.0,0.08034118,0.0,0.0,0.0,0.04865536959737696,0.0,0.04865536959737696,0.0 
 07/21  13:45:00,33.4,19.665461355697886,32.74894818050504,19.665461355697886,0.0,12777.22588838259,32.74894818050504,0.0,0.0,0.08034118,17.1,0.0,32.748732161708325,0.08034118,0.08034118,0.0,0.0,0.08034118,0.0,0.0,0.0,0.04865536959737696,0.0,0.04865536959737696,0.0 
 07/21  13:46:00,33.4,19.662499036208885,32.7491634926541,19.662499036208885,0.0,12762.405670525095,32.7491634926541,0.0,0.0,0.08034118,17.1,0.0,32.74894818050504,0.08034118,0.08034118,0.0,0.0,0.08034118,0.0,0.0,0.0,0.04865536959737696,0.0,0.04865536959737696,0.0 
 07/21  13:47:00,33.4,19.65955426379379,32.74937810186491,19.65955426379379,0.0,12747.67345520417,32.74937810186491,0.0,0.0,0.08034118,17.1,0.0,32.7491634926541,0.08034118,0.08034118,0.0,0.0,0.08034118,0.0,0.0,0.0,0.04865536959737696,0.0,0.04865536959737696,0.0 
 07/21  13:48:00,33.4,19.656629027141783,32.74959200722458,19.656629027141783,0.0,12733.03908015196,32.74959200722458,0.0,0.0,0.08034118,17.1,0.0,32.74937810186491,0.08034118,0.08034118,0.0,0.0,0.08034118,0.0,0.0,0.0,0.04865536959737696,0.0,0.04865536959737696,0.0 
 07/21  13:49:00,33.4,19.653721104825287,32.7498052171421,19.653721104825287,0.0,12718.491542274323,32.7498052171421,0.0,0.0,0.08034118,17.1,0.0,32.74959200722458,0.08034118,0.08034118,0.0,0.0,0.08034118,0.0,0.0,0.0,0.04865536959737696,0.0,0.04865536959737696,0.0 
 07/21  13:50:00,33.4,19.65083245896523,32.75001772975436,19.65083245896523,0.0,12704.040547108752,32.75001772975436,0.0,0.0,0.08034118,17.1,0.0,32.7498052171421,0.08034118,0.08034118,0.0,0.0,0.08034118,0.0,0.0,0.0,0.04865536959737696,0.0,0.04865536959737696,0.0 
 07/21  13:51:00,33.4,19.64796089839387,32.75022954972755,19.64796089839387,0.0,12689.675221163066,32.75022954972755,0.0,0.0,0.08034118,17.1,0.0,32.75001772975436,0.08034118,0.08034118,0.0,0.0,0.08034118,0.0,0.0,0.0,0.04865536959737696,0.0,0.04865536959737696,0.0 
 07/21  13:52:00,33.4,19.64510835919658,32.75044067983172,19.64510835919658,0.0,12675.405161597733,32.75044067983172,0.0,0.0,0.08034118,17.1,0.0,32.75022954972755,0.08034118,0.08034118,0.0,0.0,0.08034118,0.0,0.0,0.0,0.04865536959737696,0.0,0.04865536959737696,0.0 
 07/21  13:53:00,33.4,19.642272679028885,32.75065112359317,19.642272679028885,0.0,12661.219638527864,32.75065112359317,0.0,0.0,0.08034118,17.1,0.0,32.75044067983172,0.08034118,0.08034118,0.0,0.0,0.08034118,0.0,0.0,0.0,0.04865536959737696,0.0,0.04865536959737696,0.0 
 07/21  13:54:00,33.4,19.639455768908444,32.750860880085455,19.639455768908444,0.0,12647.128103309497,32.750860880085455,0.0,0.0,0.08034118,17.1,0.0,32.75065112359317,0.08034118,0.08034118,0.0,0.0,0.08034118,0.0,0.0,0.0,0.04865536959737696,0.0,0.04865536959737696,0.0 
 07/21  13:55:00,33.4,19.63665549524693,32.75106995750936,19.63665549524693,0.0,12633.119990408992,32.75106995750936,0.0,0.0,0.08034118,17.1,0.0,32.750860880085455,0.08034118,0.08034118,0.0,0.0,0.08034118,0.0,0.0,0.0,0.04865536959737696,0.0,0.04865536959737696,0.0 
 07/21  13:56:00,33.4,19.63387374258511,32.75127835399363,19.63387374258511,0.0,12619.204640418548,32.75127835399363,0.0,0.0,0.08034118,17.1,0.0,32.75106995750936,0.08034118,0.08034118,0.0,0.0,0.08034118,0.0,0.0,0.0,0.04865536959737696,0.0,0.04865536959737696,0.0 
 07/21  13:57:00,33.4,19.63110840616145,32.75148607402061,19.63110840616145,0.0,12605.371589389375,32.75148607402061,0.0,0.0,0.08034118,17.1,0.0,32.75127835399363,0.08034118,0.08034118,0.0,0.0,0.08034118,0.0,0.0,0.0,0.04865536959737696,0.0,0.04865536959737696,0.0 
 07/21  13:58:00,33.4,19.628361345998282,32.75169312032461,19.628361345998282,0.0,12591.630076878164,32.75169312032461,0.0,0.0,0.08034118,17.1,0.0,32.75148607402061,0.08034118,0.08034118,0.0,0.0,0.08034118,0.0,0.0,0.0,0.04865536959737696,0.0,0.04865536959737696,0.0 
 07/21  13:59:00,33.4,19.625630486128465,32.75189949625805,19.625630486128465,0.0,12577.969761541799,32.75189949625805,0.0,0.0,0.08034118,17.1,0.0,32.75169312032461,0.08034118,0.08034118,0.0,0.0,0.08034118,0.0,0.0,0.0,0.04865536959737696,0.0,0.04865536959737696,0.0 
 07/21  14:00:00,33.4,19.62291766200446,32.75210520088123,19.62291766200446,0.0,12564.399781540611,32.75210520088123,0.0,0.0,0.08034118,17.1,0.0,32.75189949625805,0.08034118,0.08034118,0.0,0.0,0.08034118,0.0,0.0,0.0,0.04865536959737696,0.0,0.04865536959737696,0.0,88387200.0 
 07/21  14:01:00,33.4,19.620220824718793,32.75231024219588,19.620220824718793,0.0,12550.90993044233,32.75231024219588,0.0,0.0,0.08034118,17.1,0.0,32.75210520088123,0.08034118,0.08034118,0.0,0.0,0.08034118,0.0,0.0,0.0,0.04865536959737696,0.0,0.04865536959737696,0.0 
 07/21  14:02:00,33.4,19.617541786046583,32.752514618323936,19.617541786046583,0.0,12537.509207634761,32.752514618323936,0.0,0.0,0.08034118,17.1,0.0,32.75231024219588,0.08034118,0.08034118,0.0,0.0,0.08034118,0.0,0.0,0.0,0.04865536959737696,0.0,0.04865536959737696,0.0 
 07/21  14:03:00,33.4,19.61487852331454,32.75271833357443,19.61487852331454,0.0,12524.187579148344,32.75271833357443,0.0,0.0,0.08034118,17.1,0.0,32.752514618323936,0.08034118,0.08034118,0.0,0.0,0.08034118,0.0,0.0,0.0,0.04865536959737696,0.0,0.04865536959737696,0.0 
 07/21  14:04:00,33.4,19.61223282488272,32.752921390648076,19.61223282488272,0.0,12510.953886160965,32.752921390648076,0.0,0.0,0.08034118,17.1,0.0,32.75271833357443,0.08034118,0.08034118,0.0,0.0,0.08034118,0.0,0.0,0.0,0.04865536959737696,0.0,0.04865536959737696,0.0 
 07/21  14:05:00,33.4,19.609602694985895,32.75312379273519,19.609602694985895,0.0,12497.798249569329,32.75312379273519,0.0,0.0,0.08034118,17.1,0.0,32.752921390648076,0.08034118,0.08034118,0.0,0.0,0.08034118,0.0,0.0,0.0,0.04865536959737696,0.0,0.04865536959737696,0.0 
 07/21  14:06:00,33.4,19.606989898371545,32.753325538886756,19.606989898371545,0.0,12484.729393076714,32.753325538886756,0.0,0.0,0.08034118,17.1,0.0,32.75312379273519,0.08034118,0.08034118,0.0,0.0,0.08034118,0.0,0.0,0.0,0.04865536959737696,0.0,0.04865536959737696,0.0 
 07/21  14:07:00,33.4,19.604392465442604,32.753526636917634,19.604392465442604,0.0,12471.737567886754,32.753526636917634,0.0,0.0,0.08034118,17.1,0.0,32.753325538886756,0.08034118,0.08034118,0.0,0.0,0.08034118,0.0,0.0,0.0,0.04865536959737696,0.0,0.04865536959737696,0.0 
 07/21  14:08:00,33.4,19.601812138569915,32.75372708494786,19.601812138569915,0.0,12458.831365711081,32.75372708494786,0.0,0.0,0.08034118,17.1,0.0,32.753526636917634,0.08034118,0.08034118,0.0,0.0,0.08034118,0.0,0.0,0.0,0.04865536959737696,0.0,0.04865536959737696,0.0 
 07/21  14:09:00,33.4,19.599246975060243,32.75392688712621,19.599246975060243,0.0,12446.00117179409,32.75392688712621,0.0,0.0,0.08034118,17.1,0.0,32.75372708494786,0.08034118,0.08034118,0.0,0.0,0.08034118,0.0,0.0,0.0,0.04865536959737696,0.0,0.04865536959737696,0.0 
 07/21  14:10:00,33.4,19.59669869337511,32.75412604612436,19.59669869337511,0.0,12433.255500263618,32.75412604612436,0.0,0.0,0.08034118,17.1,0.0,32.75392688712621,0.08034118,0.08034118,0.0,0.0,0.08034118,0.0,0.0,0.0,0.04865536959737696,0.0,0.04865536959737696,0.0 
 07/21  14:11:00,33.4,19.594165375629125,32.75432456498328,19.594165375629125,0.0,12420.584839218176,32.75432456498328,0.0,0.0,0.08034118,17.1,0.0,32.75412604612436,0.08034118,0.08034118,0.0,0.0,0.08034118,0.0,0.0,0.0,0.04865536959737696,0.0,0.04865536959737696,0.0 
 07/21  14:12:00,33.4,19.591648717698536,32.754522442749,19.591648717698536,0.0,12407.997590378822,32.754522442749,0.0,0.0,0.08034118,17.1,0.0,32.75432456498328,0.08034118,0.08034118,0.0,0.0,0.08034118,0.0,0.0,0.0,0.04865536959737696,0.0,0.04865536959737696,0.0 
 07/21  14:13:00,33.4,19.589146827960185,32.754719687060735,19.589146827960185,0.0,12395.484352106672,32.754719687060735,0.0,0.0,0.08034118,17.1,0.0,32.754522442749,0.08034118,0.08034118,0.0,0.0,0.08034118,0.0,0.0,0.0,0.04865536959737696,0.0,0.04865536959737696,0.0 
 07/21  14:14:00,33.4,19.58666138040625,32.754916296040214,19.58666138040625,0.0,12383.053437808148,32.754916296040214,0.0,0.0,0.08034118,17.1,0.0,32.754719687060735,0.08034118,0.08034118,0.0,0.0,0.08034118,0.0,0.0,0.0,0.04865536959737696,0.0,0.04865536959737696,0.0 
 07/21  14:15:00,33.4,19.58419050798779,32.75511227368636,19.58419050798779,0.0,12370.695568296933,32.75511227368636,0.0,0.0,0.08034118,17.1,0.0,32.754916296040214,0.08034118,0.08034118,0.0,0.0,0.08034118,0.0,0.0,0.0,0.04865536959737696,0.0,0.04865536959737696,0.0 
 07/21  14:16:00,33.4,19.58173586337203,32.75530762264391,19.58173586337203,0.0,12358.418930320007,32.75530762264391,0.0,0.0,0.08034118,17.1,0.0,32.75511227368636,0.08034118,0.08034118,0.0,0.0,0.08034118,0.0,0.0,0.0,0.04865536959737696,0.0,0.04865536959737696,0.0 
 07/21  14:17:00,33.4,19.579295603946665,32.75550234581391,19.579295603946665,0.0,12346.214386983796,32.75550234581391,0.0,0.0,0.08034118,17.1,0.0,32.75530762264391,0.08034118,0.08034118,0.0,0.0,0.08034118,0.0,0.0,0.0,0.04865536959737696,0.0,0.04865536959737696,0.0 
 07/21  14:18:00,33.4,19.576871360462405,32.755696442239106,19.576871360462405,0.0,12334.09001595941,32.755696442239106,0.0,0.0,0.08034118,17.1,0.0,32.75550234581391,0.08034118,0.08034118,0.0,0.0,0.08034118,0.0,0.0,0.0,0.04865536959737696,0.0,0.04865536959737696,0.0 
 07/21  14:19:00,33.4,19.574461314146536,32.75588991939095,19.574461314146536,0.0,12322.03679909414,32.75588991939095,0.0,0.0,0.08034118,17.1,0.0,32.755696442239106,0.08034118,0.08034118,0.0,0.0,0.08034118,0.0,0.0,0.0,0.04865536959737696,0.0,0.04865536959737696,0.0 
 07/21  14:20:00,33.4,19.572067074404895,32.75608277539381,19.572067074404895,0.0,12310.062707830726,32.75608277539381,0.0,0.0,0.08034118,17.1,0.0,32.75588991939095,0.08034118,0.08034118,0.0,0.0,0.08034118,0.0,0.0,0.0,0.04865536959737696,0.0,0.04865536959737696,0.0 
 07/21  14:21:00,33.4,19.569686847110976,32.75627501410414,19.569686847110976,0.0,12298.158826402541,32.75627501410414,0.0,0.0,0.08034118,17.1,0.0,32.75608277539381,0.08034118,0.08034118,0.0,0.0,0.08034118,0.0,0.0,0.0,0.04865536959737696,0.0,0.04865536959737696,0.0 
 07/21  14:22:00,33.4,19.56732222087545,32.75646663813942,19.56732222087545,0.0,12286.33304317551,32.75646663813942,0.0,0.0,0.08034118,17.1,0.0,32.75627501410414,0.08034118,0.08034118,0.0,0.0,0.08034118,0.0,0.0,0.0,0.04865536959737696,0.0,0.04865536959737696,0.0 
 07/21  14:23:00,33.4,19.564971423866055,32.756657650267535,19.564971423866055,0.0,12274.576573792132,32.756657650267535,0.0,0.0,0.08034118,17.1,0.0,32.75646663813942,0.08034118,0.08034118,0.0,0.0,0.08034118,0.0,0.0,0.0,0.04865536959737696,0.0,0.04865536959737696,0.0 
 07/21  14:24:00,33.4,19.562636024490036,32.75684804952764,19.562636024490036,0.0,12262.897165358914,32.75684804952764,0.0,0.0,0.08034118,17.1,0.0,32.756657650267535,0.08034118,0.08034118,0.0,0.0,0.08034118,0.0,0.0,0.0,0.04865536959737696,0.0,0.04865536959737696,0.0 
 07/21  14:25:00,33.4,19.560314275198547,32.757037843229334,19.560314275198547,0.0,12251.286154527497,32.757037843229334,0.0,0.0,0.08034118,17.1,0.0,32.75684804952764,0.08034118,0.08034118,0.0,0.0,0.08034118,0.0,0.0,0.0,0.04865536959737696,0.0,0.04865536959737696,0.0 
 07/21  14:26:00,33.4,19.558007723288295,32.757227029499546,19.558007723288295,0.0,12239.75122397118,32.757227029499546,0.0,0.0,0.08034118,17.1,0.0,32.757037843229334,0.08034118,0.08034118,0.0,0.0,0.08034118,0.0,0.0,0.0,0.04865536959737696,0.0,0.04865536959737696,0.0 
 07/21  14:27:00,33.4,19.555714644238254,32.757415612058814,19.555714644238254,0.0,12228.283784489307,32.757415612058814,0.0,0.0,0.08034118,17.1,0.0,32.757227029499546,0.08034118,0.08034118,0.0,0.0,0.08034118,0.0,0.0,0.0,0.04865536959737696,0.0,0.04865536959737696,0.0 
 07/21  14:28:00,33.4,19.553436565306708,32.75760359349717,19.553436565306708,0.0,12216.891439271134,32.75760359349717,0.0,0.0,0.08034118,17.1,0.0,32.757415612058814,0.08034118,0.08034118,0.0,0.0,0.08034118,0.0,0.0,0.0,0.04865536959737696,0.0,0.04865536959737696,0.0 
 07/21  14:29:00,33.4,19.551171784245142,32.75779097645631,19.551171784245142,0.0,12205.565710126157,32.75779097645631,0.0,0.0,0.08034118,17.1,0.0,32.75760359349717,0.08034118,0.08034118,0.0,0.0,0.08034118,0.0,0.0,0.0,0.04865536959737696,0.0,0.04865536959737696,0.0 
 07/21  14:30:00,33.4,19.548921809181717,32.757977759972576,19.548921809181717,0.0,12194.314084786183,32.757977759972576,0.0,0.0,0.08034118,17.1,0.0,32.75779097645631,0.08034118,0.08034118,0.0,0.0,0.08034118,0.0,0.0,0.0,0.04865536959737696,0.0,0.04865536959737696,0.0 
 07/21  14:31:00,33.4,19.54668495919711,32.75816395120047,19.54668495919711,0.0,12183.128231738383,32.75816395120047,0.0,0.0,0.08034118,17.1,0.0,32.757977759972576,0.08034118,0.08034118,0.0,0.0,0.08034118,0.0,0.0,0.0,0.04865536959737696,0.0,0.04865536959737696,0.0 
 07/21  14:32:00,33.4,19.54446272329577,32.75834954827068,19.54446272329577,0.0,12172.015503179955,32.75834954827068,0.0,0.0,0.08034118,17.1,0.0,32.75816395120047,0.08034118,0.08034118,0.0,0.0,0.08034118,0.0,0.0,0.0,0.04865536959737696,0.0,0.04865536959737696,0.0 
 07/21  14:33:00,33.4,19.542253442537767,32.758534554774975,19.542253442537767,0.0,12160.967697231172,32.758534554774975,0.0,0.0,0.08034118,17.1,0.0,32.75834954827068,0.08034118,0.08034118,0.0,0.0,0.08034118,0.0,0.0,0.0,0.04865536959737696,0.0,0.04865536959737696,0.0 
 07/21  14:34:00,33.4,19.540058586554693,32.75871897327674,19.540058586554693,0.0,12149.992069724482,32.75871897327674,0.0,0.0,0.08034118,17.1,0.0,32.758534554774975,0.08034118,0.08034118,0.0,0.0,0.08034118,0.0,0.0,0.0,0.04865536959737696,0.0,0.04865536959737696,0.0 
 07/21  14:35:00,33.4,19.53787651775345,32.75890280629866,19.53787651775345,0.0,12139.080525046153,32.75890280629866,0.0,0.0,0.08034118,17.1,0.0,32.75871897327674,0.08034118,0.08034118,0.0,0.0,0.08034118,0.0,0.0,0.0,0.04865536959737696,0.0,0.04865536959737696,0.0 
 07/21  14:36:00,33.4,19.53570868671983,32.75908605287525,19.53570868671983,0.0,12128.240224292404,32.75908605287525,0.0,0.0,0.08034118,17.1,0.0,32.75890280629866,0.08034118,0.08034118,0.0,0.0,0.08034118,0.0,0.0,0.0,0.04865536959737696,0.0,0.04865536959737696,0.0 
 07/21  14:37:00,33.4,19.533553477907212,32.75926872001229,19.533553477907212,0.0,12117.46316156883,32.75926872001229,0.0,0.0,0.08034118,17.1,0.0,32.75908605287525,0.08034118,0.08034118,0.0,0.0,0.08034118,0.0,0.0,0.0,0.04865536959737696,0.0,0.04865536959737696,0.0 
 07/21  14:38:00,33.4,19.53141232332793,32.759450805845134,19.53141232332793,0.0,12106.756425656604,32.759450805845134,0.0,0.0,0.08034118,17.1,0.0,32.75926872001229,0.08034118,0.08034118,0.0,0.0,0.08034118,0.0,0.0,0.0,0.04865536959737696,0.0,0.04865536959737696,0.0 
 07/21  14:39:00,33.4,19.529283628030633,32.75963231384326,19.529283628030633,0.0,12096.112113221898,32.75963231384326,0.0,0.0,0.08034118,17.1,0.0,32.759450805845134,0.08034118,0.08034118,0.0,0.0,0.08034118,0.0,0.0,0.0,0.04865536959737696,0.0,0.04865536959737696,0.0 
 07/21  14:40:00,33.4,19.527168805279395,32.75981324654368,19.527168805279395,0.0,12085.537219750171,32.75981324654368,0.0,0.0,0.08034118,17.1,0.0,32.75963231384326,0.08034118,0.08034118,0.0,0.0,0.08034118,0.0,0.0,0.0,0.04865536959737696,0.0,0.04865536959737696,0.0 
 07/21  14:41:00,33.4,19.525066281437507,32.759993606356275,19.525066281437507,0.0,12075.02392809902,32.759993606356275,0.0,0.0,0.08034118,17.1,0.0,32.75981324654368,0.08034118,0.08034118,0.0,0.0,0.08034118,0.0,0.0,0.0,0.04865536959737696,0.0,0.04865536959737696,0.0 
 07/21  14:42:00,33.4,19.52297745167536,32.76017339231429,19.52297745167536,0.0,12064.579163706558,32.76017339231429,0.0,0.0,0.08034118,17.1,0.0,32.759993606356275,0.08034118,0.08034118,0.0,0.0,0.08034118,0.0,0.0,0.0,0.04865536959737696,0.0,0.04865536959737696,0.0 
 07/21  14:43:00,33.4,19.520900761555172,32.76035261128027,19.520900761555172,0.0,12054.195224983723,32.76035261128027,0.0,0.0,0.08034118,17.1,0.0,32.76017339231429,0.08034118,0.08034118,0.0,0.0,0.08034118,0.0,0.0,0.0,0.04865536959737696,0.0,0.04865536959737696,0.0 
 07/21  14:44:00,33.4,19.518837587935177,32.76053126139476,19.518837587935177,0.0,12043.87892625642,32.76053126139476,0.0,0.0,0.08034118,17.1,0.0,32.76035261128027,0.08034118,0.08034118,0.0,0.0,0.08034118,0.0,0.0,0.0,0.04865536959737696,0.0,0.04865536959737696,0.0 
 07/21  14:45:00,33.4,19.5167863983028,32.76070934601061,19.5167863983028,0.0,12033.622635369456,32.76070934601061,0.0,0.0,0.08034118,17.1,0.0,32.76053126139476,0.08034118,0.08034118,0.0,0.0,0.08034118,0.0,0.0,0.0,0.04865536959737696,0.0,0.04865536959737696,0.0 
 07/21  14:46:00,33.4,19.514748552352433,32.76088686763842,19.514748552352433,0.0,12023.433121063485,32.76088686763842,0.0,0.0,0.08034118,17.1,0.0,32.76070934601061,0.08034118,0.08034118,0.0,0.0,0.08034118,0.0,0.0,0.0,0.04865536959737696,0.0,0.04865536959737696,0.0 
 07/21  14:47:00,33.4,19.512722536003913,32.76106382858092,19.512722536003913,0.0,12013.302862876812,32.76106382858092,0.0,0.0,0.08034118,17.1,0.0,32.76088686763842,0.08034118,0.08034118,0.0,0.0,0.08034118,0.0,0.0,0.0,0.04865536959737696,0.0,0.04865536959737696,0.0 
 07/21  14:48:00,33.4,19.5107096908151,32.76124022787057,19.5107096908151,0.0,12003.238519352839,32.76124022787057,0.0,0.0,0.08034118,17.1,0.0,32.76106382858092,0.08034118,0.08034118,0.0,0.0,0.08034118,0.0,0.0,0.0,0.04865536959737696,0.0,0.04865536959737696,0.0 
 07/21  14:49:00,33.4,19.50870852307085,32.76141607223203,19.50870852307085,0.0,11993.232651676635,32.76141607223203,0.0,0.0,0.08034118,17.1,0.0,32.76124022787057,0.08034118,0.08034118,0.0,0.0,0.08034118,0.0,0.0,0.0,0.04865536959737696,0.0,0.04865536959737696,0.0 
 07/21  14:50:00,33.4,19.506720357520685,32.76159135981205,19.506720357520685,0.0,11983.29185455218,32.76159135981205,0.0,0.0,0.08034118,17.1,0.0,32.76141607223203,0.08034118,0.08034118,0.0,0.0,0.08034118,0.0,0.0,0.0,0.04865536959737696,0.0,0.04865536959737696,0.0 
 07/21  14:51:00,33.4,19.504743719529625,32.76176609385295,19.504743719529625,0.0,11973.408784244697,32.76176609385295,0.0,0.0,0.08034118,17.1,0.0,32.76159135981205,0.08034118,0.08034118,0.0,0.0,0.08034118,0.0,0.0,0.0,0.04865536959737696,0.0,0.04865536959737696,0.0 
 07/21  14:52:00,33.4,19.502779916636165,32.76194027684001,19.502779916636165,0.0,11963.589949743182,32.76194027684001,0.0,0.0,0.08034118,17.1,0.0,32.76176609385295,0.08034118,0.08034118,0.0,0.0,0.08034118,0.0,0.0,0.0,0.04865536959737696,0.0,0.04865536959737696,0.0 
 07/21  14:53:00,33.4,19.500827493831093,32.762113910975394,19.500827493831093,0.0,11953.828085384812,32.762113910975394,0.0,0.0,0.08034118,17.1,0.0,32.76194027684001,0.08034118,0.08034118,0.0,0.0,0.08034118,0.0,0.0,0.0,0.04865536959737696,0.0,0.04865536959737696,0.0 
 07/21  14:54:00,33.4,19.498887741996146,32.76228699529254,19.498887741996146,0.0,11944.12963696329,32.76228699529254,0.0,0.0,0.08034118,17.1,0.0,32.762113910975394,0.08034118,0.08034118,0.0,0.0,0.08034118,0.0,0.0,0.0,0.04865536959737696,0.0,0.04865536959737696,0.0 
 07/21  14:55:00,33.4,19.496959223678033,32.76245953638451,19.496959223678033,0.0,11934.487446023908,32.76245953638451,0.0,0.0,0.08034118,17.1,0.0,32.76228699529254,0.08034118,0.08034118,0.0,0.0,0.08034118,0.0,0.0,0.0,0.04865536959737696,0.0,0.04865536959737696,0.0 
 07/21  14:56:00,33.4,19.49504321369022,32.762631532406175,19.49504321369022,0.0,11924.907838910503,32.762631532406175,0.0,0.0,0.08034118,17.1,0.0,32.76245953638451,0.08034118,0.08034118,0.0,0.0,0.08034118,0.0,0.0,0.0,0.04865536959737696,0.0,0.04865536959737696,0.0 
 07/21  14:57:00,33.4,19.49313829333174,32.76280298649578,19.49313829333174,0.0,11915.383770312998,32.76280298649578,0.0,0.0,0.08034118,17.1,0.0,32.762631532406175,0.08034118,0.08034118,0.0,0.0,0.08034118,0.0,0.0,0.0,0.04865536959737696,0.0,0.04865536959737696,0.0 
 07/21  14:58:00,33.4,19.49124572193448,32.76297390111465,19.49124572193448,0.0,11905.921469877307,32.76297390111465,0.0,0.0,0.08034118,17.1,0.0,32.76280298649578,0.08034118,0.08034118,0.0,0.0,0.08034118,0.0,0.0,0.0,0.04865536959737696,0.0,0.04865536959737696,0.0 
 07/21  14:59:00,33.4,19.48936409811461,32.76314427837068,19.48936409811461,0.0,11896.51401783292,32.76314427837068,0.0,0.0,0.08034118,17.1,0.0,32.76297390111465,0.08034118,0.08034118,0.0,0.0,0.08034118,0.0,0.0,0.0,0.04865536959737696,0.0,0.04865536959737696,0.0 
 07/21  15:00:00,33.4,19.48749466462198,32.763314117299835,19.48749466462198,0.0,11887.16754166675,32.763314117299835,0.0,0.0,0.08034118,17.1,0.0,32.76314427837068,0.08034118,0.08034118,0.0,0.0,0.08034118,0.0,0.0,0.0,0.04865536959737696,0.0,0.04865536959737696,0.0,88387200.0 
 07/21  15:01:00,33.4,19.485636038808934,32.76348342436912,19.485636038808934,0.0,11877.875195277706,32.76348342436912,0.0,0.0,0.08034118,17.1,0.0,32.763314117299835,0.08034118,0.08034118,0.0,0.0,0.08034118,0.0,0.0,0.0,0.04865536959737696,0.0,0.04865536959737696,0.0 
 07/21  15:02:00,33.4,19.483789447890956,32.763652197743056,19.483789447890956,0.0,11868.643048510849,32.763652197743056,0.0,0.0,0.08034118,17.1,0.0,32.76348342436912,0.08034118,0.08034118,0.0,0.0,0.08034118,0.0,0.0,0.0,0.04865536959737696,0.0,0.04865536959737696,0.0 
 07/21  15:03:00,33.4,19.48195352670873,32.76382044046146,19.48195352670873,0.0,11859.464342335159,32.76382044046146,0.0,0.0,0.08034118,17.1,0.0,32.763652197743056,0.08034118,0.08034118,0.0,0.0,0.08034118,0.0,0.0,0.0,0.04865536959737696,0.0,0.04865536959737696,0.0 
 07/21  15:04:00,33.4,19.48012948740663,32.7639881549626,19.48012948740663,0.0,11850.345052081211,32.7639881549626,0.0,0.0,0.08034118,17.1,0.0,32.76382044046146,0.08034118,0.08034118,0.0,0.0,0.08034118,0.0,0.0,0.0,0.04865536959737696,0.0,0.04865536959737696,0.0 
 07/21  15:05:00,33.4,19.478315981406322,32.76415534326545,19.478315981406322,0.0,11841.27854034411,32.76415534326545,0.0,0.0,0.08034118,17.1,0.0,32.7639881549626,0.08034118,0.08034118,0.0,0.0,0.08034118,0.0,0.0,0.0,0.04865536959737696,0.0,0.04865536959737696,0.0 
 07/21  15:06:00,33.4,19.47651420499564,32.76432200440933,19.47651420499564,0.0,11832.270684046234,32.76432200440933,0.0,0.0,0.08034118,17.1,0.0,32.76415534326545,0.08034118,0.08034118,0.0,0.0,0.08034118,0.0,0.0,0.0,0.04865536959737696,0.0,0.04865536959737696,0.0 
 07/21  15:07:00,33.4,19.474722827647977,32.76448814473965,19.474722827647977,0.0,11823.314916109393,32.76448814473965,0.0,0.0,0.08034118,17.1,0.0,32.76432200440933,0.08034118,0.08034118,0.0,0.0,0.08034118,0.0,0.0,0.0,0.04865536959737696,0.0,0.04865536959737696,0.0 
 07/21  15:08:00,33.4,19.47294303076609,32.76465376243093,19.47294303076609,0.0,11814.417058975981,32.76465376243093,0.0,0.0,0.08034118,17.1,0.0,32.76448814473965,0.08034118,0.08034118,0.0,0.0,0.08034118,0.0,0.0,0.0,0.04865536959737696,0.0,0.04865536959737696,0.0 
 07/21  15:09:00,33.4,19.471173500588076,32.764818860428605,19.471173500588076,0.0,11805.570628997597,32.764818860428605,0.0,0.0,0.08034118,17.1,0.0,32.76465376243093,0.08034118,0.08034118,0.0,0.0,0.08034118,0.0,0.0,0.0,0.04865536959737696,0.0,0.04865536959737696,0.0 
 07/21  15:10:00,33.4,19.469415402466293,32.76498344114722,19.469415402466293,0.0,11796.781388217518,32.76498344114722,0.0,0.0,0.08034118,17.1,0.0,32.764818860428605,0.08034118,0.08034118,0.0,0.0,0.08034118,0.0,0.0,0.0,0.04865536959737696,0.0,0.04865536959737696,0.0 
 07/21  15:11:00,33.4,19.467667440740065,32.765147506520236,19.467667440740065,0.0,11788.042884783827,32.765147506520236,0.0,0.0,0.08034118,17.1,0.0,32.76498344114722,0.08034118,0.08034118,0.0,0.0,0.08034118,0.0,0.0,0.0,0.04865536959737696,0.0,0.04865536959737696,0.0 
 07/21  15:12:00,33.4,19.465930766492797,32.76531105558944,19.465930766492797,0.0,11779.360848638871,32.76531105558944,0.0,0.0,0.08034118,17.1,0.0,32.765147506520236,0.08034118,0.08034118,0.0,0.0,0.08034118,0.0,0.0,0.0,0.04865536959737696,0.0,0.04865536959737696,0.0 
 07/21  15:13:00,33.4,19.464204099424613,32.76547409458108,19.464204099424613,0.0,11770.728923847088,32.76547409458108,0.0,0.0,0.08034118,17.1,0.0,32.76531105558944,0.08034118,0.08034118,0.0,0.0,0.08034118,0.0,0.0,0.0,0.04865536959737696,0.0,0.04865536959737696,0.0 
 07/21  15:14:00,33.4,19.462488575480474,32.765636621678524,19.462488575480474,0.0,11762.15274555259,32.765636621678524,0.0,0.0,0.08034118,17.1,0.0,32.76547409458108,0.08034118,0.08034118,0.0,0.0,0.08034118,0.0,0.0,0.0,0.04865536959737696,0.0,0.04865536959737696,0.0 
 07/21  15:15:00,33.4,19.46078293152304,32.76579863973535,19.46078293152304,0.0,11753.626023944298,32.76579863973535,0.0,0.0,0.08034118,17.1,0.0,32.765636621678524,0.08034118,0.08034118,0.0,0.0,0.08034118,0.0,0.0,0.0,0.04865536959737696,0.0,0.04865536959737696,0.0 
 07/21  15:16:00,33.4,19.459088290282555,32.765960151140874,19.459088290282555,0.0,11745.154328439097,32.765960151140874,0.0,0.0,0.08034118,17.1,0.0,32.76579863973535,0.08034118,0.08034118,0.0,0.0,0.08034118,0.0,0.0,0.0,0.04865536959737696,0.0,0.04865536959737696,0.0 
 07/21  15:17:00,33.4,19.4574034038046,32.76612115774577,19.4574034038046,0.0,11736.731483553895,32.76612115774577,0.0,0.0,0.08034118,17.1,0.0,32.765960151140874,0.08034118,0.08034118,0.0,0.0,0.08034118,0.0,0.0,0.0,0.04865536959737696,0.0,0.04865536959737696,0.0 
 07/21  15:18:00,33.4,19.455729379139797,32.766281658593414,19.455729379139797,0.0,11728.362980611488,32.766281658593414,0.0,0.0,0.08034118,17.1,0.0,32.76612115774577,0.08034118,0.08034118,0.0,0.0,0.08034118,0.0,0.0,0.0,0.04865536959737696,0.0,0.04865536959737696,0.0 
 07/21  15:19:00,33.4,19.45406498554132,32.766441659793635,19.45406498554132,0.0,11720.04267188704,32.766441659793635,0.0,0.0,0.08034118,17.1,0.0,32.766281658593414,0.08034118,0.08034118,0.0,0.0,0.08034118,0.0,0.0,0.0,0.04865536959737696,0.0,0.04865536959737696,0.0 
 07/21  15:20:00,33.4,19.452411316743145,32.76660115953838,19.452411316743145,0.0,11711.77602105583,32.76660115953838,0.0,0.0,0.08034118,17.1,0.0,32.766441659793635,0.08034118,0.08034118,0.0,0.0,0.08034118,0.0,0.0,0.0,0.04865536959737696,0.0,0.04865536959737696,0.0 
 07/21  15:21:00,33.4,19.45076715661237,32.766760160592945,19.45076715661237,0.0,11703.556972489318,32.766760160592945,0.0,0.0,0.08034118,17.1,0.0,32.76660115953838,0.08034118,0.08034118,0.0,0.0,0.08034118,0.0,0.0,0.0,0.04865536959737696,0.0,0.04865536959737696,0.0 
 07/21  15:22:00,33.4,19.449133585354634,32.766918665321334,19.449133585354634,0.0,11695.390883939712,32.766918665321334,0.0,0.0,0.08034118,17.1,0.0,32.766760160592945,0.08034118,0.08034118,0.0,0.0,0.08034118,0.0,0.0,0.0,0.04865536959737696,0.0,0.04865536959737696,0.0 
 07/21  15:23:00,33.4,19.44750940241471,32.767076675495495,19.44750940241471,0.0,11687.271796656087,32.767076675495495,0.0,0.0,0.08034118,17.1,0.0,32.766918665321334,0.08034118,0.08034118,0.0,0.0,0.08034118,0.0,0.0,0.0,0.04865536959737696,0.0,0.04865536959737696,0.0 
 07/21  15:24:00,33.4,19.445895674296032,32.76723419016096,19.445895674296032,0.0,11679.20500018969,32.76723419016096,0.0,0.0,0.08034118,17.1,0.0,32.767076675495495,0.08034118,0.08034118,0.0,0.0,0.08034118,0.0,0.0,0.0,0.04865536959737696,0.0,0.04865536959737696,0.0 
 07/21  15:25:00,33.4,19.444291215492836,32.76739121531515,19.444291215492836,0.0,11671.184610734808,32.76739121531515,0.0,0.0,0.08034118,17.1,0.0,32.76723419016096,0.08034118,0.08034118,0.0,0.0,0.08034118,0.0,0.0,0.0,0.04865536959737696,0.0,0.04865536959737696,0.0 
 07/21  15:26:00,33.4,19.442697078987553,32.76754774915953,19.442697078987553,0.0,11663.215850544411,32.76754774915953,0.0,0.0,0.08034118,17.1,0.0,32.76739121531515,0.08034118,0.08034118,0.0,0.0,0.08034118,0.0,0.0,0.0,0.04865536959737696,0.0,0.04865536959737696,0.0 
 07/21  15:27:00,33.4,19.441112095039248,32.767703794375514,19.441112095039248,0.0,11655.292895152703,32.767703794375514,0.0,0.0,0.08034118,17.1,0.0,32.76754774915953,0.08034118,0.08034118,0.0,0.0,0.08034118,0.0,0.0,0.0,0.04865536959737696,0.0,0.04865536959737696,0.0 
 07/21  15:28:00,33.4,19.439537303478758,32.767859353302676,19.439537303478758,0.0,11647.420920548735,32.767859353302676,0.0,0.0,0.08034118,17.1,0.0,32.767703794375514,0.08034118,0.08034118,0.0,0.0,0.08034118,0.0,0.0,0.0,0.04865536959737696,0.0,0.04865536959737696,0.0 
 07/21  15:29:00,33.4,19.437971548239386,32.76801442763882,19.437971548239386,0.0,11639.594189528189,32.76801442763882,0.0,0.0,0.08034118,17.1,0.0,32.767859353302676,0.08034118,0.08034118,0.0,0.0,0.08034118,0.0,0.0,0.0,0.04865536959737696,0.0,0.04865536959737696,0.0 
 07/21  15:30:00,33.4,19.43641585646644,32.768169016432985,19.43641585646644,0.0,11631.81777662523,32.768169016432985,0.0,0.0,0.08034118,17.1,0.0,32.76801442763882,0.08034118,0.08034118,0.0,0.0,0.08034118,0.0,0.0,0.0,0.04865536959737696,0.0,0.04865536959737696,0.0 
 07/21  15:31:00,33.4,19.43486908697686,32.76832312557462,19.43486908697686,0.0,11624.086037902329,32.76832312557462,0.0,0.0,0.08034118,17.1,0.0,32.768169016432985,0.08034118,0.08034118,0.0,0.0,0.08034118,0.0,0.0,0.0,0.04865536959737696,0.0,0.04865536959737696,0.0 
 07/21  15:32:00,33.4,19.433332253983455,32.768476753276296,19.433332253983455,0.0,11616.403983554934,32.768476753276296,0.0,0.0,0.08034118,17.1,0.0,32.76832312557462,0.08034118,0.08034118,0.0,0.0,0.08034118,0.0,0.0,0.0,0.04865536959737696,0.0,0.04865536959737696,0.0 
 07/21  15:33:00,33.4,19.431804231338088,32.76862990214033,19.431804231338088,0.0,11608.766025405439,32.76862990214033,0.0,0.0,0.08034118,17.1,0.0,32.768476753276296,0.08034118,0.08034118,0.0,0.0,0.08034118,0.0,0.0,0.0,0.04865536959737696,0.0,0.04865536959737696,0.0 
 07/21  15:34:00,33.4,19.430286019724868,32.76878257448332,19.430286019724868,0.0,11601.177144514608,32.76878257448332,0.0,0.0,0.08034118,17.1,0.0,32.76862990214033,0.08034118,0.08034118,0.0,0.0,0.08034118,0.0,0.0,0.0,0.04865536959737696,0.0,0.04865536959737696,0.0 
 07/21  15:35:00,33.4,19.42877650673527,32.76893477193383,19.42877650673527,0.0,11593.63180202945,32.76893477193383,0.0,0.0,0.08034118,17.1,0.0,32.76878257448332,0.08034118,0.08034118,0.0,0.0,0.08034118,0.0,0.0,0.0,0.04865536959737696,0.0,0.04865536959737696,0.0 
 07/21  15:36:00,33.4,19.427276681311632,32.76908649354626,19.427276681311632,0.0,11586.134901506615,32.76908649354626,0.0,0.0,0.08034118,17.1,0.0,32.76893477193383,0.08034118,0.08034118,0.0,0.0,0.08034118,0.0,0.0,0.0,0.04865536959737696,0.0,0.04865536959737696,0.0 
 07/21  15:37:00,33.4,19.425785444554393,32.76923774510674,19.425785444554393,0.0,11578.681009477787,32.76923774510674,0.0,0.0,0.08034118,17.1,0.0,32.76908649354626,0.08034118,0.08034118,0.0,0.0,0.08034118,0.0,0.0,0.0,0.04865536959737696,0.0,0.04865536959737696,0.0 
 07/21  15:38:00,33.4,19.424303773512612,32.76938852484095,19.424303773512612,0.0,11571.274932246279,32.76938852484095,0.0,0.0,0.08034118,17.1,0.0,32.76923774510674,0.08034118,0.08034118,0.0,0.0,0.08034118,0.0,0.0,0.0,0.04865536959737696,0.0,0.04865536959737696,0.0 
 07/21  15:39:00,33.4,19.422830584050672,32.76953883527685,19.422830584050672,0.0,11563.911309872652,32.76953883527685,0.0,0.0,0.08034118,17.1,0.0,32.76938852484095,0.08034118,0.08034118,0.0,0.0,0.08034118,0.0,0.0,0.0,0.04865536959737696,0.0,0.04865536959737696,0.0 
 07/21  15:40:00,33.4,19.421366839348803,32.769688678709464,19.421366839348803,0.0,11556.594936674443,32.769688678709464,0.0,0.0,0.08034118,17.1,0.0,32.76953883527685,0.08034118,0.08034118,0.0,0.0,0.08034118,0.0,0.0,0.0,0.04865536959737696,0.0,0.04865536959737696,0.0 
 07/21  15:41:00,33.4,19.419911468971115,32.76983805670248,19.419911468971115,0.0,11549.32046391351,32.76983805670248,0.0,0.0,0.08034118,17.1,0.0,32.769688678709464,0.08034118,0.08034118,0.0,0.0,0.08034118,0.0,0.0,0.0,0.04865536959737696,0.0,0.04865536959737696,0.0 
 07/21  15:42:00,33.4,19.41846542516048,32.76998696831662,19.41846542516048,0.0,11542.092631487258,32.76998696831662,0.0,0.0,0.08034118,17.1,0.0,32.76983805670248,0.08034118,0.08034118,0.0,0.0,0.08034118,0.0,0.0,0.0,0.04865536959737696,0.0,0.04865536959737696,0.0 
 07/21  15:43:00,33.4,19.41702765115898,32.77013541923783,19.41702765115898,0.0,11534.906177800254,32.77013541923783,0.0,0.0,0.08034118,17.1,0.0,32.76998696831662,0.08034118,0.08034118,0.0,0.0,0.08034118,0.0,0.0,0.0,0.04865536959737696,0.0,0.04865536959737696,0.0 
 07/21  15:44:00,33.4,19.415599086152767,32.77028340770497,19.415599086152767,0.0,11527.765796667072,32.77028340770497,0.0,0.0,0.08034118,17.1,0.0,32.77013541923783,0.08034118,0.08034118,0.0,0.0,0.08034118,0.0,0.0,0.0,0.04865536959737696,0.0,0.04865536959737696,0.0 
 07/21  15:45:00,33.4,19.414178686180485,32.77043093617406,19.414178686180485,0.0,11520.666271281398,32.77043093617406,0.0,0.0,0.08034118,17.1,0.0,32.77028340770497,0.08034118,0.08034118,0.0,0.0,0.08034118,0.0,0.0,0.0,0.04865536959737696,0.0,0.04865536959737696,0.0 
 07/21  15:46:00,33.4,19.412767380401473,32.770578006917624,19.412767380401473,0.0,11513.61220769977,32.770578006917624,0.0,0.0,0.08034118,17.1,0.0,32.77043093617406,0.08034118,0.08034118,0.0,0.0,0.08034118,0.0,0.0,0.0,0.04865536959737696,0.0,0.04865536959737696,0.0 
 07/21  15:47:00,33.4,19.411364137644313,32.770724621436294,19.411364137644313,0.0,11506.598509599156,32.770724621436294,0.0,0.0,0.08034118,17.1,0.0,32.770578006917624,0.08034118,0.08034118,0.0,0.0,0.08034118,0.0,0.0,0.0,0.04865536959737696,0.0,0.04865536959737696,0.0 
 07/21  15:48:00,33.4,19.40996987411254,32.770870778796095,19.40996987411254,0.0,11499.629718515156,32.770870778796095,0.0,0.0,0.08034118,17.1,0.0,32.770724621436294,0.08034118,0.08034118,0.0,0.0,0.08034118,0.0,0.0,0.0,0.04865536959737696,0.0,0.04865536959737696,0.0 
 07/21  15:49:00,33.4,19.40858357199543,32.771016484584315,19.40858357199543,0.0,11492.700766857066,32.771016484584315,0.0,0.0,0.08034118,17.1,0.0,32.770870778796095,0.08034118,0.08034118,0.0,0.0,0.08034118,0.0,0.0,0.0,0.04865536959737696,0.0,0.04865536959737696,0.0 
 07/21  15:50:00,33.4,19.407206137284774,32.77116173705214,19.407206137284774,0.0,11485.816145378576,32.77116173705214,0.0,0.0,0.08034118,17.1,0.0,32.771016484584315,0.08034118,0.08034118,0.0,0.0,0.08034118,0.0,0.0,0.0,0.04865536959737696,0.0,0.04865536959737696,0.0 
 07/21  15:51:00,33.4,19.405836564306483,32.77130653858556,19.405836564306483,0.0,11478.970884658997,32.77130653858556,0.0,0.0,0.08034118,17.1,0.0,32.77116173705214,0.08034118,0.08034118,0.0,0.0,0.08034118,0.0,0.0,0.0,0.04865536959737696,0.0,0.04865536959737696,0.0 
 07/21  15:52:00,33.4,19.404475747230634,32.771450891433744,19.404475747230634,0.0,11472.169397752805,32.771450891433744,0.0,0.0,0.08034118,17.1,0.0,32.77130653858556,0.08034118,0.08034118,0.0,0.0,0.08034118,0.0,0.0,0.0,0.04865536959737696,0.0,0.04865536959737696,0.0 
 07/21  15:53:00,33.4,19.40312269365215,32.771594797036215,19.40312269365215,0.0,11465.406762467115,32.771594797036215,0.0,0.0,0.08034118,17.1,0.0,32.771450891433744,0.08034118,0.08034118,0.0,0.0,0.08034118,0.0,0.0,0.0,0.04865536959737696,0.0,0.04865536959737696,0.0 
 07/21  15:54:00,33.4,19.401778286822164,32.771738254463486,19.401778286822164,0.0,11458.687356378756,32.771738254463486,0.0,0.0,0.08034118,17.1,0.0,32.771594797036215,0.08034118,0.08034118,0.0,0.0,0.08034118,0.0,0.0,0.0,0.04865536959737696,0.0,0.04865536959737696,0.0 
 07/21  15:55:00,33.4,19.400441545763996,32.77188126920557,19.400441545763996,0.0,11452.006332985242,32.77188126920557,0.0,0.0,0.08034118,17.1,0.0,32.771738254463486,0.08034118,0.08034118,0.0,0.0,0.08034118,0.0,0.0,0.0,0.04865536959737696,0.0,0.04865536959737696,0.0 
 07/21  15:56:00,33.4,19.3991133431648,32.772023839524884,19.3991133431648,0.0,11445.367979700623,32.772023839524884,0.0,0.0,0.08034118,17.1,0.0,32.77188126920557,0.08034118,0.08034118,0.0,0.0,0.08034118,0.0,0.0,0.0,0.04865536959737696,0.0,0.04865536959737696,0.0 
 07/21  15:57:00,33.4,19.397792711356743,32.772165967738566,19.397792711356743,0.0,11438.76751629733,32.772165967738566,0.0,0.0,0.08034118,17.1,0.0,32.772023839524884,0.08034118,0.08034118,0.0,0.0,0.08034118,0.0,0.0,0.0,0.04865536959737696,0.0,0.04865536959737696,0.0 
 07/21  15:58:00,33.4,19.396480511446963,32.772307656070865,19.396480511446963,0.0,11432.209210146608,32.772307656070865,0.0,0.0,0.08034118,17.1,0.0,32.772165967738566,0.08034118,0.08034118,0.0,0.0,0.08034118,0.0,0.0,0.0,0.04865536959737696,0.0,0.04865536959737696,0.0 
 07/21  15:59:00,33.4,19.395175787273242,32.77244890590145,19.395175787273242,0.0,11425.688319505283,32.77244890590145,0.0,0.0,0.08034118,17.1,0.0,32.772307656070865,0.08034118,0.08034118,0.0,0.0,0.08034118,0.0,0.0,0.0,0.04865536959737696,0.0,0.04865536959737696,0.0 
 07/21  16:00:00,33.4,19.393879389153103,32.77258971630431,19.393879389153103,0.0,11419.209058047954,32.77258971630431,0.0,0.0,0.08034118,17.1,0.0,32.77244890590145,0.08034118,0.08034118,0.0,0.0,0.08034118,0.0,0.0,0.0,0.04865536959737696,0.0,0.04865536959737696,0.0,88387200.0 
 07/21  16:01:00,33.4,19.392590372993464,32.772730092673825,19.392590372993464,0.0,11412.766744121167,32.772730092673825,0.0,0.0,0.08034118,17.1,0.0,32.77258971630431,0.08034118,0.08034118,0.0,0.0,0.08034118,0.0,0.0,0.0,0.04865536959737696,0.0,0.04865536959737696,0.0 
 07/21  16:02:00,33.4,19.391309579456717,32.77287003328354,19.391309579456717,0.0,11406.365524646853,32.77287003328354,0.0,0.0,0.08034118,17.1,0.0,32.772730092673825,0.08034118,0.08034118,0.0,0.0,0.08034118,0.0,0.0,0.0,0.04865536959737696,0.0,0.04865536959737696,0.0 
 07/21  16:03:00,33.4,19.390036076365757,32.77300954038447,19.390036076365757,0.0,11400.00079602543,32.77300954038447,0.0,0.0,0.08034118,17.1,0.0,32.77287003328354,0.08034118,0.08034118,0.0,0.0,0.08034118,0.0,0.0,0.0,0.04865536959737696,0.0,0.04865536959737696,0.0 
 07/21  16:04:00,33.4,19.38877069285938,32.77314861617669,19.38877069285938,0.0,11393.676666532438,32.77314861617669,0.0,0.0,0.08034118,17.1,0.0,32.77300954038447,0.08034118,0.08034118,0.0,0.0,0.08034118,0.0,0.0,0.0,0.04865536959737696,0.0,0.04865536959737696,0.0 
 07/21  16:05:00,33.4,19.38751250873215,32.77328726198363,19.38751250873215,0.0,11387.388554775102,32.77328726198363,0.0,0.0,0.08034118,17.1,0.0,32.77314861617669,0.08034118,0.08034118,0.0,0.0,0.08034118,0.0,0.0,0.0,0.04865536959737696,0.0,0.04865536959737696,0.0 
 07/21  16:06:00,33.4,19.386262343108832,32.77342547688439,19.386262343108832,0.0,11381.140537885776,32.77342547688439,0.0,0.0,0.08034118,17.1,0.0,32.77328726198363,0.08034118,0.08034118,0.0,0.0,0.08034118,0.0,0.0,0.0,0.04865536959737696,0.0,0.04865536959737696,0.0 
 07/21  16:07:00,33.4,19.38501928720868,32.773563266181725,19.38501928720868,0.0,11374.92809137411,32.773563266181725,0.0,0.0,0.08034118,17.1,0.0,32.77342547688439,0.08034118,0.08034118,0.0,0.0,0.08034118,0.0,0.0,0.0,0.04865536959737696,0.0,0.04865536959737696,0.0 
 07/21  16:08:00,33.4,19.383784150625903,32.7737006281623,19.383784150625903,0.0,11368.755226286494,32.7737006281623,0.0,0.0,0.08034118,17.1,0.0,32.773563266181725,0.08034118,0.08034118,0.0,0.0,0.08034118,0.0,0.0,0.0,0.04865536959737696,0.0,0.04865536959737696,0.0 
 07/21  16:09:00,33.4,19.382556035102198,32.77383756501528,19.382556035102198,0.0,11362.61750782263,32.77383756501528,0.0,0.0,0.08034118,17.1,0.0,32.7737006281623,0.08034118,0.08034118,0.0,0.0,0.08034118,0.0,0.0,0.0,0.04865536959737696,0.0,0.04865536959737696,0.0 
 07/21  16:10:00,33.4,19.38133573898878,32.773974078918336,19.38133573898878,0.0,11356.518891041818,32.773974078918336,0.0,0.0,0.08034118,17.1,0.0,32.77383756501528,0.08034118,0.08034118,0.0,0.0,0.08034118,0.0,0.0,0.0,0.04865536959737696,0.0,0.04865536959737696,0.0 
 07/21  16:11:00,33.4,19.380122376661216,32.77411017114275,19.380122376661216,0.0,11350.454948183278,32.77411017114275,0.0,0.0,0.08034118,17.1,0.0,32.773974078918336,0.08034118,0.08034118,0.0,0.0,0.08034118,0.0,0.0,0.0,0.04865536959737696,0.0,0.04865536959737696,0.0 
 07/21  16:12:00,33.4,19.378916737274874,32.77424584077436,19.378916737274874,0.0,11344.429625790359,32.77424584077436,0.0,0.0,0.08034118,17.1,0.0,32.77411017114275,0.08034118,0.08034118,0.0,0.0,0.08034118,0.0,0.0,0.0,0.04865536959737696,0.0,0.04865536959737696,0.0 
 07/21  16:13:00,33.4,19.37771794600312,32.774381093027685,19.37771794600312,0.0,11338.43854990334,32.774381093027685,0.0,0.0,0.08034118,17.1,0.0,32.77424584077436,0.08034118,0.08034118,0.0,0.0,0.08034118,0.0,0.0,0.0,0.04865536959737696,0.0,0.04865536959737696,0.0 
 07/21  16:14:00,33.4,19.376526781798653,32.774515926203705,19.376526781798653,0.0,11332.485616246835,32.774515926203705,0.0,0.0,0.08034118,17.1,0.0,32.774381093027685,0.08034118,0.08034118,0.0,0.0,0.08034118,0.0,0.0,0.0,0.04865536959737696,0.0,0.04865536959737696,0.0 
 07/21  16:15:00,33.4,19.375342379663476,32.77465034243273,19.375342379663476,0.0,11326.566518393101,32.77465034243273,0.0,0.0,0.08034118,17.1,0.0,32.774515926203705,0.08034118,0.08034118,0.0,0.0,0.08034118,0.0,0.0,0.0,0.04865536959737696,0.0,0.04865536959737696,0.0 
 07/21  16:16:00,33.4,19.374165508758523,32.77478434387065,19.374165508758523,0.0,11320.68508471622,32.77478434387065,0.0,0.0,0.08034118,17.1,0.0,32.77465034243273,0.08034118,0.08034118,0.0,0.0,0.08034118,0.0,0.0,0.0,0.04865536959737696,0.0,0.04865536959737696,0.0 
 07/21  16:17:00,33.4,19.372995316699864,32.774917931739125,19.372995316699864,0.0,11314.837034537872,32.774917931739125,0.0,0.0,0.08034118,17.1,0.0,32.77478434387065,0.08034118,0.08034118,0.0,0.0,0.08034118,0.0,0.0,0.0,0.04865536959737696,0.0,0.04865536959737696,0.0 
 07/21  16:18:00,33.4,19.371832563661226,32.77505110513101,19.371832563661226,0.0,11309.026188599837,32.77505110513101,0.0,0.0,0.08034118,17.1,0.0,32.774917931739125,0.08034118,0.08034118,0.0,0.0,0.08034118,0.0,0.0,0.0,0.04865536959737696,0.0,0.04865536959737696,0.0 
 07/21  16:19:00,33.4,19.370676405813352,32.77518386917465,19.370676405813352,0.0,11303.248345903361,32.77518386917465,0.0,0.0,0.08034118,17.1,0.0,32.77505110513101,0.08034118,0.08034118,0.0,0.0,0.08034118,0.0,0.0,0.0,0.04865536959737696,0.0,0.04865536959737696,0.0 
 07/21  16:20:00,33.4,19.369527593931878,32.77531622218531,19.369527593931878,0.0,11297.507224785277,32.77531622218531,0.0,0.0,0.08034118,17.1,0.0,32.77518386917465,0.08034118,0.08034118,0.0,0.0,0.08034118,0.0,0.0,0.0,0.04865536959737696,0.0,0.04865536959737696,0.0 
 07/21  16:21:00,33.4,19.3683852958392,32.77544816623625,19.3683852958392,0.0,11291.798682304783,32.77544816623625,0.0,0.0,0.08034118,17.1,0.0,32.77531622218531,0.08034118,0.08034118,0.0,0.0,0.08034118,0.0,0.0,0.0,0.04865536959737696,0.0,0.04865536959737696,0.0 
 07/21  16:22:00,33.4,19.367250253371097,32.775579703461084,19.367250253371097,0.0,11286.126410824581,32.775579703461084,0.0,0.0,0.08034118,17.1,0.0,32.77544816623625,0.08034118,0.08034118,0.0,0.0,0.08034118,0.0,0.0,0.0,0.04865536959737696,0.0,0.04865536959737696,0.0 
 07/21  16:23:00,33.4,19.366121643580634,32.77571083503336,19.366121643580634,0.0,11280.486331848537,32.77571083503336,0.0,0.0,0.08034118,17.1,0.0,32.775579703461084,0.08034118,0.08034118,0.0,0.0,0.08034118,0.0,0.0,0.0,0.04865536959737696,0.0,0.04865536959737696,0.0 
 07/21  16:24:00,33.4,19.365000198696396,32.77584156005237,19.365000198696396,0.0,11274.882071417036,32.77584156005237,0.0,0.0,0.08034118,17.1,0.0,32.77571083503336,0.08034118,0.08034118,0.0,0.0,0.08034118,0.0,0.0,0.0,0.04865536959737696,0.0,0.04865536959737696,0.0 
 07/21  16:25:00,33.4,19.363885106851622,32.77597188356148,19.363885106851622,0.0,11269.3095877421,32.77597188356148,0.0,0.0,0.08034118,17.1,0.0,32.77584156005237,0.08034118,0.08034118,0.0,0.0,0.08034118,0.0,0.0,0.0,0.04865536959737696,0.0,0.04865536959737696,0.0 
 07/21  16:26:00,33.4,19.362777091617172,32.77610180388968,19.362777091617172,0.0,11263.772482252665,32.77610180388968,0.0,0.0,0.08034118,17.1,0.0,32.77597188356148,0.08034118,0.08034118,0.0,0.0,0.08034118,0.0,0.0,0.0,0.04865536959737696,0.0,0.04865536959737696,0.0 
 07/21  16:27:00,33.4,19.361675351012476,32.77623132305457,19.361675351012476,0.0,11258.266762395884,32.77623132305457,0.0,0.0,0.08034118,17.1,0.0,32.77610180388968,0.08034118,0.08034118,0.0,0.0,0.08034118,0.0,0.0,0.0,0.04865536959737696,0.0,0.04865536959737696,0.0 
 07/21  16:28:00,33.4,19.36058059943261,32.77636044316706,19.36058059943261,0.0,11252.795983918595,32.77636044316706,0.0,0.0,0.08034118,17.1,0.0,32.77623132305457,0.08034118,0.08034118,0.0,0.0,0.08034118,0.0,0.0,0.0,0.04865536959737696,0.0,0.04865536959737696,0.0 
 07/21  16:29:00,33.4,19.359492044654807,32.77648916535436,19.359492044654807,0.0,11247.356202863233,32.77648916535436,0.0,0.0,0.08034118,17.1,0.0,32.77636044316706,0.08034118,0.08034118,0.0,0.0,0.08034118,0.0,0.0,0.0,0.04865536959737696,0.0,0.04865536959737696,0.0 
 07/21  16:30:00,33.4,19.35841039300095,32.77661748872235,19.35841039300095,0.0,11241.950916383239,32.77661748872235,0.0,0.0,0.08034118,17.1,0.0,32.77648916535436,0.08034118,0.08034118,0.0,0.0,0.08034118,0.0,0.0,0.0,0.04865536959737696,0.0,0.04865536959737696,0.0 
 07/21  16:31:00,33.4,19.357334861372966,32.776745418231634,19.357334861372966,0.0,11236.576262774593,32.776745418231634,0.0,0.0,0.08034118,17.1,0.0,32.77661748872235,0.08034118,0.08034118,0.0,0.0,0.08034118,0.0,0.0,0.0,0.04865536959737696,0.0,0.04865536959737696,0.0 
 07/21  16:32:00,33.4,19.356266147013695,32.77687295222581,19.356266147013695,0.0,11231.235675600532,32.77687295222581,0.0,0.0,0.08034118,17.1,0.0,32.776745418231634,0.08034118,0.08034118,0.0,0.0,0.08034118,0.0,0.0,0.0,0.04865536959737696,0.0,0.04865536959737696,0.0 
 07/21  16:33:00,33.4,19.355203476510184,32.777000092669724,19.355203476510184,0.0,11225.92534134956,32.777000092669724,0.0,0.0,0.08034118,17.1,0.0,32.77687295222581,0.08034118,0.08034118,0.0,0.0,0.08034118,0.0,0.0,0.0,0.04865536959737696,0.0,0.04865536959737696,0.0 
 07/21  16:34:00,33.4,19.354147539467064,32.77712684165302,19.354147539467064,0.0,11220.648637236194,32.77712684165302,0.0,0.0,0.08034118,17.1,0.0,32.777000092669724,0.08034118,0.08034118,0.0,0.0,0.08034118,0.0,0.0,0.0,0.04865536959737696,0.0,0.04865536959737696,0.0 
 07/21  16:35:00,33.4,19.353097572217354,32.77725320026007,19.353097572217354,0.0,11215.401816624517,32.77725320026007,0.0,0.0,0.08034118,17.1,0.0,32.77712684165302,0.08034118,0.08034118,0.0,0.0,0.08034118,0.0,0.0,0.0,0.04865536959737696,0.0,0.04865536959737696,0.0 
 07/21  16:36:00,33.4,19.352054254863493,32.777379167605304,19.352054254863493,0.0,11210.18822782336,32.777379167605304,0.0,0.0,0.08034118,17.1,0.0,32.77725320026007,0.08034118,0.08034118,0.0,0.0,0.08034118,0.0,0.0,0.0,0.04865536959737696,0.0,0.04865536959737696,0.0 
 07/21  16:37:00,33.4,19.351016833505238,32.77750474857022,19.351016833505238,0.0,11205.004136082684,32.77750474857022,0.0,0.0,0.08034118,17.1,0.0,32.777379167605304,0.08034118,0.08034118,0.0,0.0,0.08034118,0.0,0.0,0.0,0.04865536959737696,0.0,0.04865536959737696,0.0 
 07/21  16:38:00,33.4,19.349985980156504,32.77762994151494,19.349985980156504,0.0,11199.852867832824,32.77762994151494,0.0,0.0,0.08034118,17.1,0.0,32.77750474857022,0.08034118,0.08034118,0.0,0.0,0.08034118,0.0,0.0,0.0,0.04865536959737696,0.0,0.04865536959737696,0.0 
 07/21  16:39:00,33.4,19.348960950162923,32.77775474835499,19.348960950162923,0.0,11194.730734348108,32.77775474835499,0.0,0.0,0.08034118,17.1,0.0,32.77762994151494,0.08034118,0.08034118,0.0,0.0,0.08034118,0.0,0.0,0.0,0.04865536959737696,0.0,0.04865536959737696,0.0 
 07/21  16:40:00,33.4,19.347942406394356,32.77787917116,19.347942406394356,0.0,11189.641034859447,32.77787917116,0.0,0.0,0.08034118,17.1,0.0,32.77775474835499,0.08034118,0.08034118,0.0,0.0,0.08034118,0.0,0.0,0.0,0.04865536959737696,0.0,0.04865536959737696,0.0 
 07/21  16:41:00,33.4,19.34692961393314,32.778003210974035,19.34692961393314,0.0,11184.580092491411,32.778003210974035,0.0,0.0,0.08034118,17.1,0.0,32.77787917116,0.08034118,0.08034118,0.0,0.0,0.08034118,0.0,0.0,0.0,0.04865536959737696,0.0,0.04865536959737696,0.0 
 07/21  16:42:00,33.4,19.34592322865033,32.77812686692025,19.34592322865033,0.0,11179.551171659532,32.77812686692025,0.0,0.0,0.08034118,17.1,0.0,32.778003210974035,0.08034118,0.08034118,0.0,0.0,0.08034118,0.0,0.0,0.0,0.04865536959737696,0.0,0.04865536959737696,0.0 
 07/21  16:43:00,33.4,19.344922524751347,32.77825014380208,19.344922524751347,0.0,11174.550659241762,32.77825014380208,0.0,0.0,0.08034118,17.1,0.0,32.77812686692025,0.08034118,0.08034118,0.0,0.0,0.08034118,0.0,0.0,0.0,0.04865536959737696,0.0,0.04865536959737696,0.0 
 07/21  16:44:00,33.4,19.343928148833253,32.77837303999495,19.343928148833253,0.0,11169.581791751883,32.77837303999495,0.0,0.0,0.08034118,17.1,0.0,32.77825014380208,0.08034118,0.08034118,0.0,0.0,0.08034118,0.0,0.0,0.0,0.04865536959737696,0.0,0.04865536959737696,0.0 
 07/21  16:45:00,33.4,19.342939383515496,32.77849555736476,19.342939383515496,0.0,11164.640979683394,32.77849555736476,0.0,0.0,0.08034118,17.1,0.0,32.77837303999495,0.08034118,0.08034118,0.0,0.0,0.08034118,0.0,0.0,0.0,0.04865536959737696,0.0,0.04865536959737696,0.0 
 07/21  16:46:00,33.4,19.341956867609948,32.778617697958595,19.341956867609948,0.0,11159.731420774579,32.778617697958595,0.0,0.0,0.08034118,17.1,0.0,32.77849555736476,0.08034118,0.08034118,0.0,0.0,0.08034118,0.0,0.0,0.0,0.04865536959737696,0.0,0.04865536959737696,0.0 
 07/21  16:47:00,33.4,19.34097989360192,32.778739462778766,19.34097989360192,0.0,11154.849556424597,32.778739462778766,0.0,0.0,0.08034118,17.1,0.0,32.778617697958595,0.08034118,0.08034118,0.0,0.0,0.08034118,0.0,0.0,0.0,0.04865536959737696,0.0,0.04865536959737696,0.0 
 07/21  16:48:00,33.4,19.340009092739034,32.77886085095397,19.340009092739034,0.0,11149.998564954121,32.77886085095397,0.0,0.0,0.08034118,17.1,0.0,32.778739462778766,0.08034118,0.08034118,0.0,0.0,0.08034118,0.0,0.0,0.0,0.04865536959737696,0.0,0.04865536959737696,0.0 
 07/21  16:49:00,33.4,19.33904376517864,32.77898186720782,19.33904376517864,0.0,11145.174944226561,32.77898186720782,0.0,0.0,0.08034118,17.1,0.0,32.77886085095397,0.08034118,0.08034118,0.0,0.0,0.08034118,0.0,0.0,0.0,0.04865536959737696,0.0,0.04865536959737696,0.0 
 07/21  16:50:00,33.4,19.338084534785462,32.77910250992803,19.338084534785462,0.0,11140.381799319484,32.77910250992803,0.0,0.0,0.08034118,17.1,0.0,32.77898186720782,0.08034118,0.08034118,0.0,0.0,0.08034118,0.0,0.0,0.0,0.04865536959737696,0.0,0.04865536959737696,0.0 
 07/21  16:51:00,33.4,19.33713071056018,32.77922278092978,19.33713071056018,0.0,11135.615690381168,32.77922278092978,0.0,0.0,0.08034118,17.1,0.0,32.77910250992803,0.08034118,0.08034118,0.0,0.0,0.08034118,0.0,0.0,0.0,0.04865536959737696,0.0,0.04865536959737696,0.0 
 07/21  16:52:00,33.4,19.336182908692845,32.779342682235594,19.336182908692845,0.0,11130.87968428259,32.779342682235594,0.0,0.0,0.08034118,17.1,0.0,32.77922278092978,0.08034118,0.08034118,0.0,0.0,0.08034118,0.0,0.0,0.0,0.04865536959737696,0.0,0.04865536959737696,0.0 
 07/21  16:53:00,33.4,19.335240446519567,32.77946221480644,19.335240446519567,0.0,11126.170382679402,32.77946221480644,0.0,0.0,0.08034118,17.1,0.0,32.779342682235594,0.08034118,0.08034118,0.0,0.0,0.08034118,0.0,0.0,0.0,0.04865536959737696,0.0,0.04865536959737696,0.0 
 07/21  16:54:00,33.4,19.3343039325961,32.77958137777627,19.3343039325961,0.0,11121.490814437308,32.77958137777627,0.0,0.0,0.08034118,17.1,0.0,32.77946221480644,0.08034118,0.08034118,0.0,0.0,0.08034118,0.0,0.0,0.0,0.04865536959737696,0.0,0.04865536959737696,0.0 
 07/21  16:55:00,33.4,19.333372692597425,32.779700175791056,19.333372692597425,0.0,11116.83762273598,32.779700175791056,0.0,0.0,0.08034118,17.1,0.0,32.77958137777627,0.08034118,0.08034118,0.0,0.0,0.08034118,0.0,0.0,0.0,0.04865536959737696,0.0,0.04865536959737696,0.0 
 07/21  16:56:00,33.4,19.332447328395666,32.77981860725226,19.332447328395666,0.0,11112.213785006688,32.77981860725226,0.0,0.0,0.08034118,17.1,0.0,32.779700175791056,0.08034118,0.08034118,0.0,0.0,0.08034118,0.0,0.0,0.0,0.04865536959737696,0.0,0.04865536959737696,0.0 
 07/21  16:57:00,33.4,19.331527173277287,32.77993667392797,19.331527173277287,0.0,11107.616018663275,32.77993667392797,0.0,0.0,0.08034118,17.1,0.0,32.77981860725226,0.08034118,0.08034118,0.0,0.0,0.08034118,0.0,0.0,0.0,0.04865536959737696,0.0,0.04865536959737696,0.0 
 07/21  16:58:00,33.4,19.330612821366998,32.78005437781873,19.330612821366998,0.0,11103.04724441616,32.78005437781873,0.0,0.0,0.08034118,17.1,0.0,32.77993667392797,0.08034118,0.08034118,0.0,0.0,0.08034118,0.0,0.0,0.0,0.04865536959737696,0.0,0.04865536959737696,0.0 
 07/21  16:59:00,33.4,19.32970361487758,32.78017171984833,19.32970361487758,0.0,11098.504205956278,32.78017171984833,0.0,0.0,0.08034118,17.1,0.0,32.78005437781873,0.08034118,0.08034118,0.0,0.0,0.08034118,0.0,0.0,0.0,0.04865536959737696,0.0,0.04865536959737696,0.0 
 07/21  17:00:00,33.4,19.32880014018848,32.78028869915863,19.32880014018848,0.0,11093.989821751547,32.78028869915863,0.0,0.0,0.08034118,17.1,0.0,32.78017171984833,0.08034118,0.08034118,0.0,0.0,0.08034118,0.0,0.0,0.0,0.04865536959737696,0.0,0.04865536959737696,0.0,88387200.0 
 07/21  17:01:00,33.4,19.327901748028395,32.78040532032172,19.327901748028395,0.0,11089.500841615685,32.78040532032172,0.0,0.0,0.08034118,17.1,0.0,32.78028869915863,0.08034118,0.08034118,0.0,0.0,0.08034118,0.0,0.0,0.0,0.04865536959737696,0.0,0.04865536959737696,0.0 
 07/21  17:02:00,33.4,19.327009017764453,32.780521581754705,19.327009017764453,0.0,11085.040167244297,32.780521581754705,0.0,0.0,0.08034118,17.1,0.0,32.78040532032172,0.08034118,0.08034118,0.0,0.0,0.08034118,0.0,0.0,0.0,0.04865536959737696,0.0,0.04865536959737696,0.0 
 07/21  17:03:00,33.4,19.326121307168737,32.7806374851814,19.326121307168737,0.0,11080.604601644478,32.7806374851814,0.0,0.0,0.08034118,17.1,0.0,32.780521581754705,0.08034118,0.08034118,0.0,0.0,0.08034118,0.0,0.0,0.0,0.04865536959737696,0.0,0.04865536959737696,0.0 
 07/21  17:04:00,33.4,19.32523918900742,32.780753032581266,19.32523918900742,0.0,11076.196977419928,32.780753032581266,0.0,0.0,0.08034118,17.1,0.0,32.7806374851814,0.08034118,0.08034118,0.0,0.0,0.08034118,0.0,0.0,0.0,0.04865536959737696,0.0,0.04865536959737696,0.0 
 07/21  17:05:00,33.4,19.324362028461398,32.78086822484281,19.324362028461398,0.0,11071.814170668498,32.78086822484281,0.0,0.0,0.08034118,17.1,0.0,32.780753032581266,0.08034118,0.08034118,0.0,0.0,0.08034118,0.0,0.0,0.0,0.04865536959737696,0.0,0.04865536959737696,0.0 
 07/21  17:06:00,33.4,19.32349039194438,32.78098306111602,19.32349039194438,0.0,11067.458946204133,32.78098306111602,0.0,0.0,0.08034118,17.1,0.0,32.78086822484281,0.08034118,0.08034118,0.0,0.0,0.08034118,0.0,0.0,0.0,0.04865536959737696,0.0,0.04865536959737696,0.0 
 07/21  17:07:00,33.4,19.322623653391986,32.78109754590048,19.322623653391986,0.0,11063.128223707496,32.78109754590048,0.0,0.0,0.08034118,17.1,0.0,32.78098306111602,0.08034118,0.08034118,0.0,0.0,0.08034118,0.0,0.0,0.0,0.04865536959737696,0.0,0.04865536959737696,0.0 
 07/21  17:08:00,33.4,19.321762371543226,32.78121167762899,19.321762371543226,0.0,11058.82476598594,32.78121167762899,0.0,0.0,0.08034118,17.1,0.0,32.78109754590048,0.08034118,0.08034118,0.0,0.0,0.08034118,0.0,0.0,0.0,0.04865536959737696,0.0,0.04865536959737696,0.0 
 07/21  17:09:00,33.4,19.320905927371683,32.78132545798242,19.320905927371683,0.0,11054.545509654272,32.78132545798242,0.0,0.0,0.08034118,17.1,0.0,32.78121167762899,0.08034118,0.08034118,0.0,0.0,0.08034118,0.0,0.0,0.0,0.04865536959737696,0.0,0.04865536959737696,0.0 
 07/21  17:10:00,33.4,19.320054872711932,32.78143888891926,19.320054872711932,0.0,11050.29318316505,32.78143888891926,0.0,0.0,0.08034118,17.1,0.0,32.78132545798242,0.08034118,0.08034118,0.0,0.0,0.08034118,0.0,0.0,0.0,0.04865536959737696,0.0,0.04865536959737696,0.0 
 07/21  17:11:00,33.4,19.319208596969908,32.78155197129422,19.319208596969908,0.0,11046.064747062861,32.78155197129422,0.0,0.0,0.08034118,17.1,0.0,32.78143888891926,0.08034118,0.08034118,0.0,0.0,0.08034118,0.0,0.0,0.0,0.04865536959737696,0.0,0.04865536959737696,0.0 
 07/21  17:12:00,33.4,19.31836764473429,32.78166470426566,19.31836764473429,0.0,11041.86292983335,32.78166470426566,0.0,0.0,0.08034118,17.1,0.0,32.78155197129422,0.08034118,0.08034118,0.0,0.0,0.08034118,0.0,0.0,0.0,0.04865536959737696,0.0,0.04865536959737696,0.0 
 07/21  17:13:00,33.4,19.31753141251447,32.781777092262246,19.31753141251447,0.0,11037.684709343761,32.781777092262246,0.0,0.0,0.08034118,17.1,0.0,32.78166470426566,0.08034118,0.08034118,0.0,0.0,0.08034118,0.0,0.0,0.0,0.04865536959737696,0.0,0.04865536959737696,0.0 
 07/21  17:14:00,33.4,19.316700439033966,32.78188913373274,19.316700439033966,0.0,11033.532766850225,32.78188913373274,0.0,0.0,0.08034118,17.1,0.0,32.781777092262246,0.08034118,0.08034118,0.0,0.0,0.08034118,0.0,0.0,0.0,0.04865536959737696,0.0,0.04865536959737696,0.0 
 07/21  17:15:00,33.4,19.31587412766274,32.78200083031664,19.31587412766274,0.0,11029.404150437782,32.78200083031664,0.0,0.0,0.08034118,17.1,0.0,32.78188913373274,0.08034118,0.08034118,0.0,0.0,0.08034118,0.0,0.0,0.0,0.04865536959737696,0.0,0.04865536959737696,0.0 
 07/21  17:16:00,33.4,19.315053010286086,32.78211218395177,19.315053010286086,0.0,11025.301489297462,32.78211218395177,0.0,0.0,0.08034118,17.1,0.0,32.78200083031664,0.08034118,0.08034118,0.0,0.0,0.08034118,0.0,0.0,0.0,0.04865536959737696,0.0,0.04865536959737696,0.0 
 07/21  17:17:00,33.4,19.31423649834615,32.782223195460546,19.31423649834615,0.0,11021.221853696421,32.782223195460546,0.0,0.0,0.08034118,17.1,0.0,32.78211218395177,0.08034118,0.08034118,0.0,0.0,0.08034118,0.0,0.0,0.0,0.04865536959737696,0.0,0.04865536959737696,0.0 
 07/21  17:18:00,33.4,19.31342511825668,32.78233386401008,19.31342511825668,0.0,11017.16784562539,32.78233386401008,0.0,0.0,0.08034118,17.1,0.0,32.782223195460546,0.08034118,0.08034118,0.0,0.0,0.08034118,0.0,0.0,0.0,0.04865536959737696,0.0,0.04865536959737696,0.0 
 07/21  17:19:00,33.4,19.312618287024293,32.78244419395975,19.312618287024293,0.0,11013.136617020891,32.78244419395975,0.0,0.0,0.08034118,17.1,0.0,32.78233386401008,0.08034118,0.08034118,0.0,0.0,0.08034118,0.0,0.0,0.0,0.04865536959737696,0.0,0.04865536959737696,0.0 
 07/21  17:20:00,33.4,19.311816523915493,32.78255418377472,19.311816523915493,0.0,11009.13069832159,32.78255418377472,0.0,0.0,0.08034118,17.1,0.0,32.78244419395975,0.08034118,0.08034118,0.0,0.0,0.08034118,0.0,0.0,0.0,0.04865536959737696,0.0,0.04865536959737696,0.0 
 07/21  17:21:00,33.4,19.311019254698795,32.78266383505485,19.311019254698795,0.0,11005.147249113834,32.78266383505485,0.0,0.0,0.08034118,17.1,0.0,32.78255418377472,0.08034118,0.08034118,0.0,0.0,0.08034118,0.0,0.0,0.0,0.04865536959737696,0.0,0.04865536959737696,0.0 
 07/21  17:22:00,33.4,19.310250182424042,32.7827728569052,19.310250182424042,0.0,11001.304248808887,32.7827728569052,0.0,0.0,0.08034118,17.1,0.0,32.78266383505485,0.08034118,0.08034118,0.0,0.0,0.08034118,0.0,0.0,0.0,0.04865536959737696,0.0,0.04865536959737696,0.0 
 07/21  17:23:00,33.4,19.30947262954629,32.78288155230233,19.30947262954629,0.0,10997.41956889242,32.78288155230233,0.0,0.0,0.08034118,17.1,0.0,32.7827728569052,0.08034118,0.08034118,0.0,0.0,0.08034118,0.0,0.0,0.0,0.04865536959737696,0.0,0.04865536959737696,0.0 
 07/21  17:24:00,33.4,19.308703211022106,32.78298977830015,19.308703211022106,0.0,10993.575244107727,32.78298977830015,0.0,0.0,0.08034118,17.1,0.0,32.78288155230233,0.08034118,0.08034118,0.0,0.0,0.08034118,0.0,0.0,0.0,0.04865536959737696,0.0,0.04865536959737696,0.0 
 07/21  17:25:00,33.4,19.30792153916335,32.78309778346513,19.30792153916335,0.0,10989.670084124327,32.78309778346513,0.0,0.0,0.08034118,17.1,0.0,32.78298977830015,0.08034118,0.08034118,0.0,0.0,0.08034118,0.0,0.0,0.0,0.04865536959737696,0.0,0.04865536959737696,0.0 
 07/21  17:26:00,33.4,19.30715315029775,32.78320536556943,19.30715315029775,0.0,10985.83083432909,32.78320536556943,0.0,0.0,0.08034118,17.1,0.0,32.78309778346513,0.08034118,0.08034118,0.0,0.0,0.08034118,0.0,0.0,0.0,0.04865536959737696,0.0,0.04865536959737696,0.0 
 07/21  17:27:00,33.4,19.306378159237823,32.783312742449546,19.306378159237823,0.0,10981.958966848488,32.783312742449546,0.0,0.0,0.08034118,17.1,0.0,32.78320536556943,0.08034118,0.08034118,0.0,0.0,0.08034118,0.0,0.0,0.0,0.04865536959737696,0.0,0.04865536959737696,0.0 
 07/21  17:28:00,33.4,19.305618904934025,32.783419703666354,19.305618904934025,0.0,10978.165312291385,32.783419703666354,0.0,0.0,0.08034118,17.1,0.0,32.783312742449546,0.08034118,0.08034118,0.0,0.0,0.08034118,0.0,0.0,0.0,0.04865536959737696,0.0,0.04865536959737696,0.0 
 07/21  17:29:00,33.4,19.304853552459768,32.783526454997165,19.304853552459768,0.0,10974.341620086789,32.783526454997165,0.0,0.0,0.08034118,17.1,0.0,32.783419703666354,0.08034118,0.08034118,0.0,0.0,0.08034118,0.0,0.0,0.0,0.04865536959737696,0.0,0.04865536959737696,0.0 
 07/21  17:30:00,33.4,19.30410343854768,32.78363277963602,19.30410343854768,0.0,10970.593678646655,32.78363277963602,0.0,0.0,0.08034118,17.1,0.0,32.783526454997165,0.08034118,0.08034118,0.0,0.0,0.08034118,0.0,0.0,0.0,0.04865536959737696,0.0,0.04865536959737696,0.0 
 07/21  17:31:00,33.4,19.30334704640358,32.78373888859632,19.30334704640358,0.0,10966.814767112355,32.78373888859632,0.0,0.0,0.08034118,17.1,0.0,32.78363277963602,0.08034118,0.08034118,0.0,0.0,0.08034118,0.0,0.0,0.0,0.04865536959737696,0.0,0.04865536959737696,0.0 
 07/21  17:32:00,33.4,19.30260566418699,32.78384457547064,19.30260566418699,0.0,10963.110467995812,32.78384457547064,0.0,0.0,0.08034118,17.1,0.0,32.78373888859632,0.08034118,0.08034118,0.0,0.0,0.08034118,0.0,0.0,0.0,0.04865536959737696,0.0,0.04865536959737696,0.0 
 07/21  17:33:00,33.4,19.301858130916315,32.78395005530414,19.301858130916315,0.0,10959.375849310622,32.78395005530414,0.0,0.0,0.08034118,17.1,0.0,32.78384457547064,0.08034118,0.08034118,0.0,0.0,0.08034118,0.0,0.0,0.0,0.04865536959737696,0.0,0.04865536959737696,0.0 
 07/21  17:34:00,33.4,19.301125482531813,32.784055123300845,19.301125482531813,0.0,10955.715202437577,32.784055123300845,0.0,0.0,0.08034118,17.1,0.0,32.78395005530414,0.08034118,0.08034118,0.0,0.0,0.08034118,0.0,0.0,0.0,0.04865536959737696,0.0,0.04865536959737696,0.0 
 07/21  17:35:00,33.4,19.30038678142103,32.78415998253242,19.30038678142103,0.0,10952.024707164464,32.78415998253242,0.0,0.0,0.08034118,17.1,0.0,32.784055123300845,0.08034118,0.08034118,0.0,0.0,0.08034118,0.0,0.0,0.0,0.04865536959737696,0.0,0.04865536959737696,0.0 
 07/21  17:36:00,33.4,19.2996627901337,32.78426442013914,19.2996627901337,0.0,10948.407347769538,32.78426442013914,0.0,0.0,0.08034118,17.1,0.0,32.78415998253242,0.08034118,0.08034118,0.0,0.0,0.08034118,0.0,0.0,0.0,0.04865536959737696,0.0,0.04865536959737696,0.0 
 07/21  17:37:00,33.4,19.2989328134887,32.78436864337062,19.2989328134887,0.0,10944.760474920116,32.78436864337062,0.0,0.0,0.08034118,17.1,0.0,32.78426442013914,0.08034118,0.08034118,0.0,0.0,0.08034118,0.0,0.0,0.0,0.04865536959737696,0.0,0.04865536959737696,0.0 
 07/21  17:38:00,33.4,19.29821736925331,32.784472449330366,19.29821736925331,0.0,10941.185818852558,32.784472449330366,0.0,0.0,0.08034118,17.1,0.0,32.78436864337062,0.08034118,0.08034118,0.0,0.0,0.08034118,0.0,0.0,0.0,0.04865536959737696,0.0,0.04865536959737696,0.0 
 07/21  17:39:00,33.4,19.297519485752865,32.78457575544553,19.297519485752865,0.0,10937.698862641664,32.78457575544553,0.0,0.0,0.08034118,17.1,0.0,32.784472449330366,0.08034118,0.08034118,0.0,0.0,0.08034118,0.0,0.0,0.0,0.04865536959737696,0.0,0.04865536959737696,0.0 
 07/21  17:40:00,33.4,19.29683029790152,32.784678619651615,19.29683029790152,0.0,10934.255517249658,32.784678619651615,0.0,0.0,0.08034118,17.1,0.0,32.78457575544553,0.08034118,0.08034118,0.0,0.0,0.08034118,0.0,0.0,0.0,0.04865536959737696,0.0,0.04865536959737696,0.0 
 07/21  17:41:00,33.4,19.296144639256838,32.784781088356304,19.296144639256838,0.0,10930.829924713262,32.784781088356304,0.0,0.0,0.08034118,17.1,0.0,32.784678619651615,0.08034118,0.08034118,0.0,0.0,0.08034118,0.0,0.0,0.0,0.04865536959737696,0.0,0.04865536959737696,0.0 
 07/21  17:42:00,33.4,19.295460888749137,32.784883192723264,19.295460888749137,0.0,10927.413891514925,32.784883192723264,0.0,0.0,0.08034118,17.1,0.0,32.784781088356304,0.08034118,0.08034118,0.0,0.0,0.08034118,0.0,0.0,0.0,0.04865536959737696,0.0,0.04865536959737696,0.0 
 07/21  17:43:00,33.4,19.29477860705621,32.78498495499857,19.29477860705621,0.0,10924.005213123173,32.78498495499857,0.0,0.0,0.08034118,17.1,0.0,32.784883192723264,0.08034118,0.08034118,0.0,0.0,0.08034118,0.0,0.0,0.0,0.04865536959737696,0.0,0.04865536959737696,0.0 
 07/21  17:44:00,33.4,19.29409863534914,32.78508638732693,19.29409863534914,0.0,10920.608058395173,32.78508638732693,0.0,0.0,0.08034118,17.1,0.0,32.78498495499857,0.08034118,0.08034118,0.0,0.0,0.08034118,0.0,0.0,0.0,0.04865536959737696,0.0,0.04865536959737696,0.0 
 07/21  17:45:00,33.4,19.293421228678383,32.78518749916141,19.293421228678383,0.0,10917.223732330727,32.78518749916141,0.0,0.0,0.08034118,17.1,0.0,32.78508638732693,0.08034118,0.08034118,0.0,0.0,0.08034118,0.0,0.0,0.0,0.04865536959737696,0.0,0.04865536959737696,0.0 
 07/21  17:46:00,33.4,19.29274708293568,32.78528829826267,19.29274708293568,0.0,10913.855698457937,32.78528829826267,0.0,0.0,0.08034118,17.1,0.0,32.78518749916141,0.08034118,0.08034118,0.0,0.0,0.08034118,0.0,0.0,0.0,0.04865536959737696,0.0,0.04865536959737696,0.0 
 07/21  17:47:00,33.4,19.292076074758256,32.78538878959262,19.292076074758256,0.0,10910.503342657517,32.78538878959262,0.0,0.0,0.08034118,17.1,0.0,32.78528829826267,0.08034118,0.08034118,0.0,0.0,0.08034118,0.0,0.0,0.0,0.04865536959737696,0.0,0.04865536959737696,0.0 
 07/21  17:48:00,33.4,19.291408654668526,32.78548897577495,19.291408654668526,0.0,10907.168907178344,32.78548897577495,0.0,0.0,0.08034118,17.1,0.0,32.78538878959262,0.08034118,0.08034118,0.0,0.0,0.08034118,0.0,0.0,0.0,0.04865536959737696,0.0,0.04865536959737696,0.0 
 07/21  17:49:00,33.4,19.290744567497313,32.78558886243047,19.290744567497313,0.0,10903.851157424891,32.78558886243047,0.0,0.0,0.08034118,17.1,0.0,32.78548897577495,0.08034118,0.08034118,0.0,0.0,0.08034118,0.0,0.0,0.0,0.04865536959737696,0.0,0.04865536959737696,0.0 
 07/21  17:50:00,33.4,19.290084208718053,32.785688450292234,19.290084208718053,0.0,10900.552008291594,32.785688450292234,0.0,0.0,0.08034118,17.1,0.0,32.78558886243047,0.08034118,0.08034118,0.0,0.0,0.08034118,0.0,0.0,0.0,0.04865536959737696,0.0,0.04865536959737696,0.0 
 07/21  17:51:00,33.4,19.28942728369283,32.785787741635325,19.28942728369283,0.0,10897.27004650099,32.785787741635325,0.0,0.0,0.08034118,17.1,0.0,32.785688450292234,0.08034118,0.08034118,0.0,0.0,0.08034118,0.0,0.0,0.0,0.04865536959737696,0.0,0.04865536959737696,0.0 
 07/21  17:52:00,33.4,19.28877415273445,32.785886738996936,19.28877415273445,0.0,10894.007029737892,32.785886738996936,0.0,0.0,0.08034118,17.1,0.0,32.785787741635325,0.08034118,0.08034118,0.0,0.0,0.08034118,0.0,0.0,0.0,0.04865536959737696,0.0,0.04865536959737696,0.0 
 07/21  17:53:00,33.4,19.288124493219446,32.78598544375512,19.288124493219446,0.0,10890.761369874099,32.78598544375512,0.0,0.0,0.08034118,17.1,0.0,32.785886738996936,0.08034118,0.08034118,0.0,0.0,0.08034118,0.0,0.0,0.0,0.04865536959737696,0.0,0.04865536959737696,0.0 
 07/21  17:54:00,33.4,19.287478641075054,32.786083855721024,19.287478641075054,0.0,10887.534738759532,32.786083855721024,0.0,0.0,0.08034118,17.1,0.0,32.78598544375512,0.08034118,0.08034118,0.0,0.0,0.08034118,0.0,0.0,0.0,0.04865536959737696,0.0,0.04865536959737696,0.0 
 07/21  17:55:00,33.4,19.28683626029597,32.78618197856724,19.28683626029597,0.0,10884.325463893569,32.78618197856724,0.0,0.0,0.08034118,17.1,0.0,32.786083855721024,0.08034118,0.08034118,0.0,0.0,0.08034118,0.0,0.0,0.0,0.04865536959737696,0.0,0.04865536959737696,0.0 
 07/21  17:56:00,33.4,19.286197675129568,32.78627981143853,19.286197675129568,0.0,10881.135141253371,32.78627981143853,0.0,0.0,0.08034118,17.1,0.0,32.78618197856724,0.08034118,0.08034118,0.0,0.0,0.08034118,0.0,0.0,0.0,0.04865536959737696,0.0,0.04865536959737696,0.0 
 07/21  17:57:00,33.4,19.285562544849302,32.78637735545094,19.285562544849302,0.0,10877.962110326307,32.78637735545094,0.0,0.0,0.08034118,17.1,0.0,32.78627981143853,0.08034118,0.08034118,0.0,0.0,0.08034118,0.0,0.0,0.0,0.04865536959737696,0.0,0.04865536959737696,0.0 
 07/21  17:58:00,33.4,19.284931185607114,32.78647461220574,19.284931185607114,0.0,10874.807909063466,32.78647461220574,0.0,0.0,0.08034118,17.1,0.0,32.78637735545094,0.08034118,0.08034118,0.0,0.0,0.08034118,0.0,0.0,0.0,0.04865536959737696,0.0,0.04865536959737696,0.0 
 07/21  17:59:00,33.4,19.284303256751105,32.78657158238206,19.284303256751105,0.0,10871.67085958581,32.78657158238206,0.0,0.0,0.08034118,17.1,0.0,32.78647461220574,0.08034118,0.08034118,0.0,0.0,0.08034118,0.0,0.0,0.0,0.04865536959737696,0.0,0.04865536959737696,0.0 
 07/21  18:00:00,33.4,19.283679068851022,32.78666826520703,19.283679068851022,0.0,10868.552489814156,32.78666826520703,0.0,0.0,0.08034118,17.1,0.0,32.78657158238206,0.08034118,0.08034118,0.0,0.0,0.08034118,0.0,0.0,0.0,0.04865536959737696,0.0,0.04865536959737696,0.0,88387200.0 
 07/21  18:01:00,33.4,19.161662280649193,32.767256088286075,19.161662280649193,0.0,10261.242665411464,32.767256088286075,0.0,0.0,0.08034118,17.1,0.0,32.78666826520703,0.08034118,0.08034118,0.0,0.0,0.08034118,0.0,0.0,0.0,0.04865536959737696,0.0,0.04865536959737696,0.0 
 07/21  18:02:00,33.4,19.02584931067836,32.73699083765318,19.02584931067836,0.0,9583.286691744474,32.73699083765318,0.0,0.0,0.08034118,17.1,0.0,32.767256088286075,0.08034118,0.08034118,0.0,0.0,0.08034118,0.0,0.0,0.0,0.04865536959737696,0.0,0.04865536959737696,0.0 
 07/21  18:03:00,33.4,18.943871756019913,32.70506208998147,18.943871756019913,0.0,9173.248336975694,32.70506208998147,0.0,0.0,0.08034118,17.1,0.0,32.73699083765318,0.08034118,0.08034118,0.0,0.0,0.08034118,0.0,0.0,0.0,0.04865536959737696,0.0,0.04865536959737696,0.0 
 07/21  18:04:00,33.4,18.91366289297862,32.67562168059388,18.91366289297862,0.0,9021.716373134977,32.67562168059388,0.0,0.0,0.08034118,17.1,0.0,32.70506208998147,0.08034118,0.08034118,0.0,0.0,0.08034118,0.0,0.0,0.0,0.04865536959737696,0.0,0.04865536959737696,0.0 
 07/21  18:05:00,33.4,18.908473552700563,32.64946378603935,18.908473552700563,0.0,8995.447689491502,32.64946378603935,0.0,0.0,0.08034118,17.1,0.0,32.67562168059388,0.08034118,0.08034118,0.0,0.0,0.08034118,0.0,0.0,0.0,0.04865536959737696,0.0,0.04865536959737696,0.0 
 07/21  18:06:00,33.4,18.908478058387196,32.626177654738314,18.908478058387196,0.0,8995.391974086084,32.626177654738314,0.0,0.0,0.08034118,17.1,0.0,32.64946378603935,0.08034118,0.08034118,0.0,0.0,0.08034118,0.0,0.0,0.0,0.04865536959737696,0.0,0.04865536959737696,0.0 
 07/21  18:07:00,33.4,18.906610520460596,32.6052277361925,18.906610520460596,0.0,8986.102889315207,32.6052277361925,0.0,0.0,0.08034118,17.1,0.0,32.626177654738314,0.08034118,0.08034118,0.0,0.0,0.08034118,0.0,0.0,0.0,0.04865536959737696,0.0,0.04865536959737696,0.0 
 07/21  18:08:00,33.4,18.90299510353315,32.586238385649835,18.90299510353315,0.0,8968.091737314513,32.586238385649835,0.0,0.0,0.08034118,17.1,0.0,32.6052277361925,0.08034118,0.08034118,0.0,0.0,0.08034118,0.0,0.0,0.0,0.04865536959737696,0.0,0.04865536959737696,0.0 
 07/21  18:09:00,33.4,18.899191916602632,32.568973458287275,18.899191916602632,0.0,8949.120548061192,32.568973458287275,0.0,0.0,0.08034118,17.1,0.0,32.586238385649835,0.08034118,0.08034118,0.0,0.0,0.08034118,0.0,0.0,0.0,0.04865536959737696,0.0,0.04865536959737696,0.0 
 07/21  18:10:00,33.4,18.89598457147879,32.55326583725526,18.89598457147879,0.0,8933.110499569002,32.55326583725526,0.0,0.0,0.08034118,17.1,0.0,32.568973458287275,0.08034118,0.08034118,0.0,0.0,0.08034118,0.0,0.0,0.0,0.04865536959737696,0.0,0.04865536959737696,0.0 
 07/21  18:11:00,33.4,18.893340232110514,32.538975119146585,18.893340232110514,0.0,8919.909865544709,32.538975119146585,0.0,0.0,0.08034118,17.1,0.0,32.55326583725526,0.08034118,0.08034118,0.0,0.0,0.08034118,0.0,0.0,0.0,0.04865536959737696,0.0,0.04865536959737696,0.0 
 07/21  18:12:00,33.4,18.890987241966187,32.525972443585125,18.890987241966187,0.0,8908.166927593757,32.525972443585125,0.0,0.0,0.08034118,17.1,0.0,32.538975119146585,0.08034118,0.08034118,0.0,0.0,0.08034118,0.0,0.0,0.0,0.04865536959737696,0.0,0.04865536959737696,0.0 
 07/21  18:13:00,33.4,18.888723380820604,32.5141383598749,18.888723380820604,0.0,8896.871727061804,32.5141383598749,0.0,0.0,0.08034118,17.1,0.0,32.525972443585125,0.08034118,0.08034118,0.0,0.0,0.08034118,0.0,0.0,0.0,0.04865536959737696,0.0,0.04865536959737696,0.0 
 07/21  18:14:00,33.4,18.886486692894458,32.503363137535096,18.886486692894458,0.0,8885.713121113,32.503363137535096,0.0,0.0,0.08034118,17.1,0.0,32.5141383598749,0.08034118,0.08034118,0.0,0.0,0.08034118,0.0,0.0,0.0,0.04865536959737696,0.0,0.04865536959737696,0.0 
 07/21  18:15:00,33.4,18.884273926701276,32.49354715606238,18.884273926701276,0.0,8874.673968296498,32.49354715606238,0.0,0.0,0.08034118,17.1,0.0,32.503363137535096,0.08034118,0.08034118,0.0,0.0,0.08034118,0.0,0.0,0.0,0.04865536959737696,0.0,0.04865536959737696,0.0 
 07/21  18:16:00,33.4,18.882100813724392,32.484600466459696,18.882100813724392,0.0,8863.832496988034,32.484600466459696,0.0,0.0,0.08034118,17.1,0.0,32.49354715606238,0.08034118,0.08034118,0.0,0.0,0.08034118,0.0,0.0,0.0,0.04865536959737696,0.0,0.04865536959737696,0.0 
 07/21  18:17:00,33.4,18.87996737435556,32.476441776697,18.87996737435556,0.0,8853.18901655835,32.476441776697,0.0,0.0,0.08034118,17.1,0.0,32.484600466459696,0.08034118,0.08034118,0.0,0.0,0.08034118,0.0,0.0,0.0,0.04865536959737696,0.0,0.04865536959737696,0.0 
 07/21  18:18:00,33.4,18.877872682770093,32.4689976977046,18.877872682770093,0.0,8842.738931791442,32.4689976977046,0.0,0.0,0.08034118,17.1,0.0,32.476441776697,0.08034118,0.08034118,0.0,0.0,0.08034118,0.0,0.0,0.0,0.04865536959737696,0.0,0.04865536959737696,0.0 
 07/21  18:19:00,33.4,18.875808306848672,32.46220181207271,18.875808306848672,0.0,8832.440284910408,32.46220181207271,0.0,0.0,0.08034118,17.1,0.0,32.4689976977046,0.08034118,0.08034118,0.0,0.0,0.08034118,0.0,0.0,0.0,0.04865536959737696,0.0,0.04865536959737696,0.0 
 07/21  18:20:00,33.4,18.873773073751238,32.45599410240793,18.873773073751238,0.0,8822.287098147444,32.45599410240793,0.0,0.0,0.08034118,17.1,0.0,32.46220181207271,0.08034118,0.08034118,0.0,0.0,0.08034118,0.0,0.0,0.0,0.04865536959737696,0.0,0.04865536959737696,0.0 
 07/21  18:21:00,33.4,18.8717621115369,32.45032014658367,18.8717621115369,0.0,8812.255136646541,32.45032014658367,0.0,0.0,0.08034118,17.1,0.0,32.45599410240793,0.08034118,0.08034118,0.0,0.0,0.08034118,0.0,0.0,0.0,0.04865536959737696,0.0,0.04865536959737696,0.0 
 07/21  18:22:00,33.4,18.869776672907737,32.445130783675936,18.869776672907737,0.0,8802.350543983215,32.445130783675936,0.0,0.0,0.08034118,17.1,0.0,32.45032014658367,0.08034118,0.08034118,0.0,0.0,0.08034118,0.0,0.0,0.0,0.04865536959737696,0.0,0.04865536959737696,0.0 
 07/21  18:23:00,33.4,18.86781330982916,32.44038139214827,18.86781330982916,0.0,8792.556196113192,32.44038139214827,0.0,0.0,0.08034118,17.1,0.0,32.445130783675936,0.08034118,0.08034118,0.0,0.0,0.08034118,0.0,0.0,0.0,0.04865536959737696,0.0,0.04865536959737696,0.0 
 07/21  18:24:00,33.4,18.865873454219308,32.436031673925754,18.865873454219308,0.0,8782.879170480159,32.436031673925754,0.0,0.0,0.08034118,17.1,0.0,32.44038139214827,0.08034118,0.08034118,0.0,0.0,0.08034118,0.0,0.0,0.0,0.04865536959737696,0.0,0.04865536959737696,0.0 
 07/21  18:25:00,33.4,18.863953935489274,32.43204499391893,18.863953935489274,0.0,8773.303695278228,32.43204499391893,0.0,0.0,0.08034118,17.1,0.0,32.436031673925754,0.08034118,0.08034118,0.0,0.0,0.08034118,0.0,0.0,0.0,0.04865536959737696,0.0,0.04865536959737696,0.0 
 07/21  18:26:00,33.4,18.86205619030385,32.42838830125759,18.86205619030385,0.0,8763.836871906155,32.42838830125759,0.0,0.0,0.08034118,17.1,0.0,32.43204499391893,0.08034118,0.08034118,0.0,0.0,0.08034118,0.0,0.0,0.0,0.04865536959737696,0.0,0.04865536959737696,0.0 
 07/21  18:27:00,33.4,18.860177364089605,32.42503151201574,18.860177364089605,0.0,8754.46452855866,32.42503151201574,0.0,0.0,0.08034118,17.1,0.0,32.42838830125759,0.08034118,0.08034118,0.0,0.0,0.08034118,0.0,0.0,0.0,0.04865536959737696,0.0,0.04865536959737696,0.0 
 07/21  18:28:00,33.4,18.85831895443126,32.42194747467474,18.85831895443126,0.0,8745.194069843888,32.42194747467474,0.0,0.0,0.08034118,17.1,0.0,32.42503151201574,0.08034118,0.08034118,0.0,0.0,0.08034118,0.0,0.0,0.0,0.04865536959737696,0.0,0.04865536959737696,0.0 
 07/21  18:29:00,33.4,18.85647835995445,32.41911146549354,18.85647835995445,0.0,8736.012569543887,32.41911146549354,0.0,0.0,0.08034118,17.1,0.0,32.42194747467474,0.08034118,0.08034118,0.0,0.0,0.08034118,0.0,0.0,0.0,0.04865536959737696,0.0,0.04865536959737696,0.0 
 07/21  18:30:00,33.4,18.85465708498759,32.41650119440952,18.85465708498759,0.0,8726.927479934962,32.41650119440952,0.0,0.0,0.08034118,17.1,0.0,32.41911146549354,0.08034118,0.08034118,0.0,0.0,0.08034118,0.0,0.0,0.0,0.04865536959737696,0.0,0.04865536959737696,0.0 
 07/21  18:31:00,33.4,18.852852707066283,32.414096296751865,18.852852707066283,0.0,8717.926764804988,32.414096296751865,0.0,0.0,0.08034118,17.1,0.0,32.41650119440952,0.08034118,0.08034118,0.0,0.0,0.08034118,0.0,0.0,0.0,0.04865536959737696,0.0,0.04865536959737696,0.0 
 07/21  18:32:00,33.4,18.85106671146532,32.41187845652209,18.85106671146532,0.0,8709.017781809893,32.41187845652209,0.0,0.0,0.08034118,17.1,0.0,32.414096296751865,0.08034118,0.08034118,0.0,0.0,0.08034118,0.0,0.0,0.0,0.04865536959737696,0.0,0.04865536959737696,0.0 
 07/21  18:33:00,33.4,18.849296819706986,32.40983092151336,18.849296819706986,0.0,8700.189224867445,32.40983092151336,0.0,0.0,0.08034118,17.1,0.0,32.41187845652209,0.08034118,0.08034118,0.0,0.0,0.08034118,0.0,0.0,0.0,0.04865536959737696,0.0,0.04865536959737696,0.0 
 07/21  18:34:00,33.4,18.847544491866007,32.40793860118708,18.847544491866007,0.0,8691.448298736223,32.40793860118708,0.0,0.0,0.08034118,17.1,0.0,32.40983092151336,0.08034118,0.08034118,0.0,0.0,0.08034118,0.0,0.0,0.0,0.04865536959737696,0.0,0.04865536959737696,0.0 
 07/21  18:35:00,33.4,18.845807572588956,32.40618769703923,18.845807572588956,0.0,8682.784309859439,32.40618769703923,0.0,0.0,0.08034118,17.1,0.0,32.40793860118708,0.08034118,0.08034118,0.0,0.0,0.08034118,0.0,0.0,0.0,0.04865536959737696,0.0,0.04865536959737696,0.0 
 07/21  18:36:00,33.4,18.84408749105632,32.404565805774304,18.84408749105632,0.0,8674.204350960954,32.404565805774304,0.0,0.0,0.08034118,17.1,0.0,32.40618769703923,0.08034118,0.08034118,0.0,0.0,0.08034118,0.0,0.0,0.0,0.04865536959737696,0.0,0.04865536959737696,0.0 
 07/21  18:37:00,33.4,18.84238219638097,32.40306152007149,18.84238219638097,0.0,8665.698220500562,32.40306152007149,0.0,0.0,0.08034118,17.1,0.0,32.404565805774304,0.08034118,0.08034118,0.0,0.0,0.08034118,0.0,0.0,0.0,0.04865536959737696,0.0,0.04865536959737696,0.0 
 07/21  18:38:00,33.4,18.840693086017193,32.40166462943526,18.840693086017193,0.0,8657.272853501418,32.40166462943526,0.0,0.0,0.08034118,17.1,0.0,32.40306152007149,0.08034118,0.08034118,0.0,0.0,0.08034118,0.0,0.0,0.0,0.04865536959737696,0.0,0.04865536959737696,0.0 
 07/21  18:39:00,33.4,18.839018200880123,32.400365733658454,18.839018200880123,0.0,8648.91851890613,32.400365733658454,0.0,0.0,0.08034118,17.1,0.0,32.40166462943526,0.08034118,0.08034118,0.0,0.0,0.08034118,0.0,0.0,0.0,0.04865536959737696,0.0,0.04865536959737696,0.0 
 07/21  18:40:00,33.4,18.837358906099155,32.3991563921526,18.837358906099155,0.0,8640.641977274594,32.3991563921526,0.0,0.0,0.08034118,17.1,0.0,32.400365733658454,0.08034118,0.08034118,0.0,0.0,0.08034118,0.0,0.0,0.0,0.04865536959737696,0.0,0.04865536959737696,0.0 
 07/21  18:41:00,33.4,18.83571332488949,32.39802884298877,18.83571332488949,0.0,8632.433906981314,32.39802884298877,0.0,0.0,0.08034118,17.1,0.0,32.3991563921526,0.08034118,0.08034118,0.0,0.0,0.08034118,0.0,0.0,0.0,0.04865536959737696,0.0,0.04865536959737696,0.0 
 07/21  18:42:00,33.4,18.834082790270507,32.39697614203557,18.834082790270507,0.0,8624.300908997966,32.39697614203557,0.0,0.0,0.08034118,17.1,0.0,32.39802884298877,0.08034118,0.08034118,0.0,0.0,0.08034118,0.0,0.0,0.0,0.04865536959737696,0.0,0.04865536959737696,0.0 
 07/21  18:43:00,33.4,18.832465498297722,32.39599184390107,18.832465498297722,0.0,8616.234051462256,32.39599184390107,0.0,0.0,0.08034118,17.1,0.0,32.39697614203557,0.08034118,0.08034118,0.0,0.0,0.08034118,0.0,0.0,0.0,0.04865536959737696,0.0,0.04865536959737696,0.0 
 07/21  18:44:00,33.4,18.830862750043902,32.39507022174986,18.830862750043902,0.0,8608.239749121722,32.39507022174986,0.0,0.0,0.08034118,17.1,0.0,32.39599184390107,0.08034118,0.08034118,0.0,0.0,0.08034118,0.0,0.0,0.0,0.04865536959737696,0.0,0.04865536959737696,0.0 
 07/21  18:45:00,33.4,18.829272809799882,32.394205954808335,18.829272809799882,0.0,8600.30939585511,32.394205954808335,0.0,0.0,0.08034118,17.1,0.0,32.39507022174986,0.08034118,0.08034118,0.0,0.0,0.08034118,0.0,0.0,0.0,0.04865536959737696,0.0,0.04865536959737696,0.0 
 07/21  18:46:00,33.4,18.82769694694044,32.393394289752514,18.82769694694044,0.0,8592.449289921275,32.393394289752514,0.0,0.0,0.08034118,17.1,0.0,32.394205954808335,0.08034118,0.08034118,0.0,0.0,0.08034118,0.0,0.0,0.0,0.04865536959737696,0.0,0.04865536959737696,0.0 
 07/21  18:47:00,33.4,18.826133486638447,32.39263082069381,18.826133486638447,0.0,8584.651114334632,32.39263082069381,0.0,0.0,0.08034118,17.1,0.0,32.393394289752514,0.08034118,0.08034118,0.0,0.0,0.08034118,0.0,0.0,0.0,0.04865536959737696,0.0,0.04865536959737696,0.0 
 07/21  18:48:00,33.4,18.824583668846067,32.39191163436743,18.824583668846067,0.0,8576.920993803527,32.39191163436743,0.0,0.0,0.08034118,17.1,0.0,32.39263082069381,0.08034118,0.08034118,0.0,0.0,0.08034118,0.0,0.0,0.0,0.04865536959737696,0.0,0.04865536959737696,0.0 
 07/21  18:49:00,33.4,18.823045875669123,32.391233051169294,18.823045875669123,0.0,8569.250921846342,32.391233051169294,0.0,0.0,0.08034118,17.1,0.0,32.39191163436743,0.08034118,0.08034118,0.0,0.0,0.08034118,0.0,0.0,0.0,0.04865536959737696,0.0,0.04865536959737696,0.0 
 07/21  18:50:00,33.4,18.82152131679154,32.39059183740144,18.82152131679154,0.0,8561.64688631889,32.39059183740144,0.0,0.0,0.08034118,17.1,0.0,32.391233051169294,0.08034118,0.08034118,0.0,0.0,0.08034118,0.0,0.0,0.0,0.04865536959737696,0.0,0.04865536959737696,0.0 
 07/21  18:51:00,33.4,18.820008427688784,32.389984949376135,18.820008427688784,0.0,8554.101105358928,32.389984949376135,0.0,0.0,0.08034118,17.1,0.0,32.39059183740144,0.08034118,0.08034118,0.0,0.0,0.08034118,0.0,0.0,0.0,0.04865536959737696,0.0,0.04865536959737696,0.0 
 07/21  18:52:00,33.4,18.818508389935815,32.38940968871361,18.818508389935815,0.0,8546.619454306732,32.38940968871361,0.0,0.0,0.08034118,17.1,0.0,32.389984949376135,0.08034118,0.08034118,0.0,0.0,0.08034118,0.0,0.0,0.0,0.04865536959737696,0.0,0.04865536959737696,0.0 
 07/21  18:53:00,33.4,18.81701968789348,32.38886352611743,18.81701968789348,0.0,8539.19439449045,32.38886352611743,0.0,0.0,0.08034118,17.1,0.0,32.38940968871361,0.08034118,0.08034118,0.0,0.0,0.08034118,0.0,0.0,0.0,0.04865536959737696,0.0,0.04865536959737696,0.0 
 07/21  18:54:00,33.4,18.81554347612566,32.388344239004,18.81554347612566,0.0,8531.831653369154,32.388344239004,0.0,0.0,0.08034118,17.1,0.0,32.38886352611743,0.08034118,0.08034118,0.0,0.0,0.08034118,0.0,0.0,0.0,0.04865536959737696,0.0,0.04865536959737696,0.0 
 07/21  18:55:00,33.4,18.814078284934993,32.38784969855698,18.814078284934993,0.0,8524.523934390458,32.38784969855698,0.0,0.0,0.08034118,17.1,0.0,32.388344239004,0.08034118,0.08034118,0.0,0.0,0.08034118,0.0,0.0,0.0,0.04865536959737696,0.0,0.04865536959737696,0.0 
 07/21  18:56:00,33.4,18.81262524296069,32.3873780637272,18.81262524296069,0.0,8517.276822585995,32.3873780637272,0.0,0.0,0.08034118,17.1,0.0,32.38784969855698,0.08034118,0.08034118,0.0,0.0,0.08034118,0.0,0.0,0.0,0.04865536959737696,0.0,0.04865536959737696,0.0 
 07/21  18:57:00,33.4,18.81118292307124,32.38692756929628,18.81118292307124,0.0,8510.083260187075,32.38692756929628,0.0,0.0,0.08034118,17.1,0.0,32.3873780637272,0.08034118,0.08034118,0.0,0.0,0.08034118,0.0,0.0,0.0,0.04865536959737696,0.0,0.04865536959737696,0.0 
 07/21  18:58:00,33.4,18.80975242889104,32.386496667614125,18.80975242889104,0.0,8502.94868083813,32.386496667614125,0.0,0.0,0.08034118,17.1,0.0,32.38692756929628,0.08034118,0.08034118,0.0,0.0,0.08034118,0.0,0.0,0.0,0.04865536959737696,0.0,0.04865536959737696,0.0 
 07/21  18:59:00,33.4,18.808332374688842,32.38608388500762,18.808332374688842,0.0,8495.866232684242,32.38608388500762,0.0,0.0,0.08034118,17.1,0.0,32.386496667614125,0.08034118,0.08034118,0.0,0.0,0.08034118,0.0,0.0,0.0,0.04865536959737696,0.0,0.04865536959737696,0.0 
 07/21  19:00:00,33.4,18.806923839306524,32.38568794641578,18.806923839306524,0.0,8488.841253200562,32.38568794641578,0.0,0.0,0.08034118,17.1,0.0,32.38608388500762,0.08034118,0.08034118,0.0,0.0,0.08034118,0.0,0.0,0.0,0.04865536959737696,0.0,0.04865536959737696,0.0,49104000.0 
 07/21  19:01:00,33.4,18.80552547564992,32.38530759830428,18.80552547564992,0.0,8481.86705570644,32.38530759830428,0.0,0.0,0.08034118,17.1,0.0,32.38568794641578,0.08034118,0.08034118,0.0,0.0,0.08034118,0.0,0.0,0.0,0.04865536959737696,0.0,0.04865536959737696,0.0 
 07/21  19:02:00,33.4,18.8041383393305,32.38494178130592,18.8041383393305,0.0,8474.948875679343,32.38494178130592,0.0,0.0,0.08034118,17.1,0.0,32.38530759830428,0.08034118,0.08034118,0.0,0.0,0.08034118,0.0,0.0,0.0,0.04865536959737696,0.0,0.04865536959737696,0.0 
 07/21  19:03:00,33.4,18.802761119568444,32.38458945290213,18.802761119568444,0.0,8468.080207065199,32.38458945290213,0.0,0.0,0.08034118,17.1,0.0,32.38494178130592,0.08034118,0.08034118,0.0,0.0,0.08034118,0.0,0.0,0.0,0.04865536959737696,0.0,0.04865536959737696,0.0 
 07/21  19:04:00,33.4,18.801394850069673,32.3842497133551,18.801394850069673,0.0,8461.2661629986,32.3842497133551,0.0,0.0,0.08034118,17.1,0.0,32.38458945290213,0.08034118,0.08034118,0.0,0.0,0.08034118,0.0,0.0,0.0,0.04865536959737696,0.0,0.04865536959737696,0.0 
 07/21  19:05:00,33.4,18.80003825515777,32.3839216871391,18.80003825515777,0.0,8454.500412062298,32.3839216871391,0.0,0.0,0.08034118,17.1,0.0,32.3842497133551,0.08034118,0.08034118,0.0,0.0,0.08034118,0.0,0.0,0.0,0.04865536959737696,0.0,0.04865536959737696,0.0 
 07/21  19:06:00,33.4,18.79869234687924,32.383604633160424,18.79869234687924,0.0,8447.787973156164,32.383604633160424,0.0,0.0,0.08034118,17.1,0.0,32.3839216871391,0.08034118,0.08034118,0.0,0.0,0.08034118,0.0,0.0,0.0,0.04865536959737696,0.0,0.04865536959737696,0.0 
 07/21  19:07:00,33.4,18.797355881347457,32.38329779604138,18.797355881347457,0.0,8441.122686371658,32.38329779604138,0.0,0.0,0.08034118,17.1,0.0,32.383604633160424,0.08034118,0.08034118,0.0,0.0,0.08034118,0.0,0.0,0.0,0.04865536959737696,0.0,0.04865536959737696,0.0 
 07/21  19:08:00,33.4,18.79602984956695,32.383000557749774,18.79602984956695,0.0,8434.50945257162,32.383000557749774,0.0,0.0,0.08034118,17.1,0.0,32.38329779604138,0.08034118,0.08034118,0.0,0.0,0.08034118,0.0,0.0,0.0,0.04865536959737696,0.0,0.04865536959737696,0.0 
 07/21  19:09:00,33.4,18.794713040065954,32.38271228789194,18.794713040065954,0.0,8427.942246316794,32.38271228789194,0.0,0.0,0.08034118,17.1,0.0,32.383000557749774,0.08034118,0.08034118,0.0,0.0,0.08034118,0.0,0.0,0.0,0.04865536959737696,0.0,0.04865536959737696,0.0 
 07/21  19:10:00,33.4,18.793406423770037,32.382432454059646,18.793406423770037,0.0,8421.425908792531,32.382432454059646,0.0,0.0,0.08034118,17.1,0.0,32.38271228789194,0.08034118,0.08034118,0.0,0.0,0.08034118,0.0,0.0,0.0,0.04865536959737696,0.0,0.04865536959737696,0.0 
 07/21  19:11:00,33.4,18.792108819046888,32.382160522884675,18.792108819046888,0.0,8414.95453627533,32.382160522884675,0.0,0.0,0.08034118,17.1,0.0,32.382432454059646,0.08034118,0.08034118,0.0,0.0,0.08034118,0.0,0.0,0.0,0.04865536959737696,0.0,0.04865536959737696,0.0 
 07/21  19:12:00,33.4,18.790821177548214,32.38189605630898,18.790821177548214,0.0,8408.53288744063,32.38189605630898,0.0,0.0,0.08034118,17.1,0.0,32.382160522884675,0.08034118,0.08034118,0.0,0.0,0.08034118,0.0,0.0,0.0,0.04865536959737696,0.0,0.04865536959737696,0.0 
 07/21  19:13:00,33.4,18.789542345165813,32.38163858561523,18.789542345165813,0.0,8402.15520885287,32.38163858561523,0.0,0.0,0.08034118,17.1,0.0,32.38189605630898,0.08034118,0.08034118,0.0,0.0,0.08034118,0.0,0.0,0.0,0.04865536959737696,0.0,0.04865536959737696,0.0 
 07/21  19:14:00,33.4,18.78827325594803,32.38138774383589,18.78827325594803,0.0,8395.826131630824,32.38138774383589,0.0,0.0,0.08034118,17.1,0.0,32.38163858561523,0.08034118,0.08034118,0.0,0.0,0.08034118,0.0,0.0,0.0,0.04865536959737696,0.0,0.04865536959737696,0.0 
 07/21  19:15:00,33.4,18.787012783099172,32.38114313833276,18.787012783099172,0.0,8389.54006489369,32.38114313833276,0.0,0.0,0.08034118,17.1,0.0,32.38138774383589,0.08034118,0.08034118,0.0,0.0,0.08034118,0.0,0.0,0.0,0.04865536959737696,0.0,0.04865536959737696,0.0 
 07/21  19:16:00,33.4,18.785761842585377,32.38090444684093,18.785761842585377,0.0,8383.301549854601,32.38090444684093,0.0,0.0,0.08034118,17.1,0.0,32.38114313833276,0.08034118,0.08034118,0.0,0.0,0.08034118,0.0,0.0,0.0,0.04865536959737696,0.0,0.04865536959737696,0.0 
 07/21  19:17:00,33.4,18.784519332535968,32.38067133418955,18.784519332535968,0.0,8377.105132880493,32.38067133418955,0.0,0.0,0.08034118,17.1,0.0,32.38090444684093,0.08034118,0.08034118,0.0,0.0,0.08034118,0.0,0.0,0.0,0.04865536959737696,0.0,0.04865536959737696,0.0 
 07/21  19:18:00,33.4,18.783286151997995,32.380443535882605,18.783286151997995,0.0,8370.955244495632,32.380443535882605,0.0,0.0,0.08034118,17.1,0.0,32.38067133418955,0.08034118,0.08034118,0.0,0.0,0.08034118,0.0,0.0,0.0,0.04865536959737696,0.0,0.04865536959737696,0.0 
 07/21  19:19:00,33.4,18.782061224591303,32.38022075058725,18.782061224591303,0.0,8364.846557857618,32.38022075058725,0.0,0.0,0.08034118,17.1,0.0,32.380443535882605,0.08034118,0.08034118,0.0,0.0,0.08034118,0.0,0.0,0.0,0.04865536959737696,0.0,0.04865536959737696,0.0 
 07/21  19:20:00,33.4,18.78084543278583,32.380002755573685,18.78084543278583,0.0,8358.783434391149,32.380002755573685,0.0,0.0,0.08034118,17.1,0.0,32.38022075058725,0.08034118,0.08034118,0.0,0.0,0.08034118,0.0,0.0,0.0,0.04865536959737696,0.0,0.04865536959737696,0.0 
 07/21  19:21:00,33.4,18.77963772350137,32.37978929747968,18.77963772350137,0.0,8352.760663116842,32.37978929747968,0.0,0.0,0.08034118,17.1,0.0,32.380002755573685,0.08034118,0.08034118,0.0,0.0,0.08034118,0.0,0.0,0.0,0.04865536959737696,0.0,0.04865536959737696,0.0 
 07/21  19:22:00,33.4,18.77843896225484,32.37958017569463,18.77843896225484,0.0,8346.782534416161,32.37958017569463,0.0,0.0,0.08034118,17.1,0.0,32.37978929747968,0.08034118,0.08034118,0.0,0.0,0.08034118,0.0,0.0,0.0,0.04865536959737696,0.0,0.04865536959737696,0.0 
 07/21  19:23:00,33.4,18.777248118970284,32.379375171765794,18.777248118970284,0.0,8340.843925239233,32.379375171765794,0.0,0.0,0.08034118,17.1,0.0,32.37958017569463,0.08034118,0.08034118,0.0,0.0,0.08034118,0.0,0.0,0.0,0.04865536959737696,0.0,0.04865536959737696,0.0 
 07/21  19:24:00,33.4,18.77606604440402,32.37917412179962,18.77606604440402,0.0,8334.949052611391,32.37917412179962,0.0,0.0,0.08034118,17.1,0.0,32.379375171765794,0.08034118,0.08034118,0.0,0.0,0.08034118,0.0,0.0,0.0,0.04865536959737696,0.0,0.04865536959737696,0.0 
 07/21  19:25:00,33.4,18.774891729752202,32.37897682408679,18.774891729752202,0.0,8329.09292572138,32.37897682408679,0.0,0.0,0.08034118,17.1,0.0,32.37917412179962,0.08034118,0.08034118,0.0,0.0,0.08034118,0.0,0.0,0.0,0.04865536959737696,0.0,0.04865536959737696,0.0 
 07/21  19:26:00,33.4,18.773726010810375,32.37878313982907,18.773726010810375,0.0,8323.279660811135,32.37878313982907,0.0,0.0,0.08034118,17.1,0.0,32.37897682408679,0.08034118,0.08034118,0.0,0.0,0.08034118,0.0,0.0,0.0,0.04865536959737696,0.0,0.04865536959737696,0.0 
 07/21  19:27:00,33.4,18.772567899647026,32.37859289888856,18.772567899647026,0.0,8317.504384062122,32.37859289888856,0.0,0.0,0.08034118,17.1,0.0,32.37878313982907,0.08034118,0.08034118,0.0,0.0,0.08034118,0.0,0.0,0.0,0.04865536959737696,0.0,0.04865536959737696,0.0 
 07/21  19:28:00,33.4,18.771418216723614,32.37840597217841,18.771418216723614,0.0,8311.77114868251,32.37840597217841,0.0,0.0,0.08034118,17.1,0.0,32.37859289888856,0.08034118,0.08034118,0.0,0.0,0.08034118,0.0,0.0,0.0,0.04865536959737696,0.0,0.04865536959737696,0.0 
 07/21  19:29:00,33.4,18.7702759950722,32.37822221145884,18.7702759950722,0.0,8306.075145578274,32.37822221145884,0.0,0.0,0.08034118,17.1,0.0,32.37840597217841,0.08034118,0.08034118,0.0,0.0,0.08034118,0.0,0.0,0.0,0.04865536959737696,0.0,0.04865536959737696,0.0 
 07/21  19:30:00,33.4,18.769142041239512,32.37804151205622,18.769142041239512,0.0,8300.420385146841,32.37804151205622,0.0,0.0,0.08034118,17.1,0.0,32.37822221145884,0.08034118,0.08034118,0.0,0.0,0.08034118,0.0,0.0,0.0,0.04865536959737696,0.0,0.04865536959737696,0.0 
 07/21  19:31:00,33.4,18.768015406777373,32.3778637330176,18.768015406777373,0.0,8294.802163555441,32.3778637330176,0.0,0.0,0.08034118,17.1,0.0,32.37804151205622,0.08034118,0.08034118,0.0,0.0,0.08034118,0.0,0.0,0.0,0.04865536959737696,0.0,0.04865536959737696,0.0 
 07/21  19:32:00,33.4,18.766896884038815,32.37768878519208,18.766896884038815,0.0,8289.22440745846,32.37768878519208,0.0,0.0,0.08034118,17.1,0.0,32.3778637330176,0.08034118,0.08034118,0.0,0.0,0.08034118,0.0,0.0,0.0,0.04865536959737696,0.0,0.04865536959737696,0.0 
 07/21  19:33:00,33.4,18.765785543777994,32.3775165494365,18.765785543777994,0.0,8283.682495406092,32.3775165494365,0.0,0.0,0.08034118,17.1,0.0,32.37768878519208,0.08034118,0.08034118,0.0,0.0,0.08034118,0.0,0.0,0.0,0.04865536959737696,0.0,0.04865536959737696,0.0 
 07/21  19:34:00,33.4,18.764682165189495,32.37734693955413,18.764682165189495,0.0,8278.180301768634,32.37734693955413,0.0,0.0,0.08034118,17.1,0.0,32.3775165494365,0.08034118,0.08034118,0.0,0.0,0.08034118,0.0,0.0,0.0,0.04865536959737696,0.0,0.04865536959737696,0.0 
 07/21  19:35:00,33.4,18.763585836859974,32.377179850679546,18.763585836859974,0.0,8272.713293801593,32.377179850679546,0.0,0.0,0.08034118,17.1,0.0,32.37734693955413,0.08034118,0.08034118,0.0,0.0,0.08034118,0.0,0.0,0.0,0.04865536959737696,0.0,0.04865536959737696,0.0 
 07/21  19:36:00,33.4,18.76249732530981,32.37701521368676,18.76249732530981,0.0,8267.285269756167,32.37701521368676,0.0,0.0,0.08034118,17.1,0.0,32.377179850679546,0.08034118,0.08034118,0.0,0.0,0.08034118,0.0,0.0,0.0,0.04865536959737696,0.0,0.04865536959737696,0.0 
 07/21  19:37:00,33.4,18.761415735855213,32.376852925800165,18.761415735855213,0.0,8261.891806292802,32.376852925800165,0.0,0.0,0.08034118,17.1,0.0,32.37701521368676,0.08034118,0.08034118,0.0,0.0,0.08034118,0.0,0.0,0.0,0.04865536959737696,0.0,0.04865536959737696,0.0 
 07/21  19:38:00,33.4,18.76034182201953,32.37669292784577,18.76034182201953,0.0,8256.536623947854,32.37669292784577,0.0,0.0,0.08034118,17.1,0.0,32.376852925800165,0.08034118,0.08034118,0.0,0.0,0.08034118,0.0,0.0,0.0,0.04865536959737696,0.0,0.04865536959737696,0.0 
 07/21  19:39:00,33.4,18.75927470640178,32.37653513289272,18.75927470640178,0.0,8251.215372253664,32.37653513289272,0.0,0.0,0.08034118,17.1,0.0,32.37669292784577,0.08034118,0.08034118,0.0,0.0,0.08034118,0.0,0.0,0.0,0.04865536959737696,0.0,0.04865536959737696,0.0 
 07/21  19:40:00,33.4,18.75821513038526,32.37637948110201,18.75821513038526,0.0,8245.931724488246,32.37637948110201,0.0,0.0,0.08034118,17.1,0.0,32.37653513289272,0.08034118,0.08034118,0.0,0.0,0.08034118,0.0,0.0,0.0,0.04865536959737696,0.0,0.04865536959737696,0.0 
 07/21  19:41:00,33.4,18.757162232596972,32.37622589526671,18.757162232596972,0.0,8240.681409893627,32.37622589526671,0.0,0.0,0.08034118,17.1,0.0,32.37637948110201,0.08034118,0.08034118,0.0,0.0,0.08034118,0.0,0.0,0.0,0.04865536959737696,0.0,0.04865536959737696,0.0 
 07/21  19:42:00,33.4,18.756116742219096,32.37607432811521,18.756116742219096,0.0,8235.46804108841,32.37607432811521,0.0,0.0,0.08034118,17.1,0.0,32.37622589526671,0.08034118,0.08034118,0.0,0.0,0.08034118,0.0,0.0,0.0,0.04865536959737696,0.0,0.04865536959737696,0.0 
 07/21  19:43:00,33.4,18.75507781394917,32.37592470171195,18.75507781394917,0.0,8230.287414211052,32.37592470171195,0.0,0.0,0.08034118,17.1,0.0,32.37607432811521,0.08034118,0.08034118,0.0,0.0,0.08034118,0.0,0.0,0.0,0.04865536959737696,0.0,0.04865536959737696,0.0 
 07/21  19:44:00,33.4,18.75404616476783,32.375776975437205,18.75404616476783,0.0,8225.143107275813,32.375776975437205,0.0,0.0,0.08034118,17.1,0.0,32.37592470171195,0.08034118,0.08034118,0.0,0.0,0.08034118,0.0,0.0,0.0,0.04865536959737696,0.0,0.04865536959737696,0.0 
 07/21  19:45:00,33.4,18.753020964229126,32.37563108343255,18.753020964229126,0.0,8220.030977288592,32.37563108343255,0.0,0.0,0.08034118,17.1,0.0,32.375776975437205,0.08034118,0.08034118,0.0,0.0,0.08034118,0.0,0.0,0.0,0.04865536959737696,0.0,0.04865536959737696,0.0 
 07/21  19:46:00,33.4,18.75200291846777,32.37548698253498,18.75200291846777,0.0,8214.954535310368,32.37548698253498,0.0,0.0,0.08034118,17.1,0.0,32.37563108343255,0.08034118,0.08034118,0.0,0.0,0.08034118,0.0,0.0,0.0,0.04865536959737696,0.0,0.04865536959737696,0.0 
 07/21  19:47:00,33.4,18.750991211361413,32.37534461381813,18.750991211361413,0.0,8209.909735618217,32.37534461381813,0.0,0.0,0.08034118,17.1,0.0,32.37548698253498,0.08034118,0.08034118,0.0,0.0,0.08034118,0.0,0.0,0.0,0.04865536959737696,0.0,0.04865536959737696,0.0 
 07/21  19:48:00,33.4,18.74998653825247,32.3752039438286,18.74998653825247,0.0,8204.90000961554,32.3752039438286,0.0,0.0,0.08034118,17.1,0.0,32.37534461381813,0.08034118,0.08034118,0.0,0.0,0.08034118,0.0,0.0,0.0,0.04865536959737696,0.0,0.04865536959737696,0.0 
 07/21  19:49:00,33.4,18.748988097883334,32.37506491142313,18.748988097883334,0.0,8199.921385527477,32.37506491142313,0.0,0.0,0.08034118,17.1,0.0,32.3752039438286,0.08034118,0.08034118,0.0,0.0,0.08034118,0.0,0.0,0.0,0.04865536959737696,0.0,0.04865536959737696,0.0 
 07/21  19:50:00,33.4,18.74799657415464,32.37492748780087,18.74799657415464,0.0,8194.97726384313,32.37492748780087,0.0,0.0,0.08034118,17.1,0.0,32.37506491142313,0.08034118,0.08034118,0.0,0.0,0.08034118,0.0,0.0,0.0,0.04865536959737696,0.0,0.04865536959737696,0.0 
 07/21  19:51:00,33.4,18.74701117864099,32.3747916214221,18.74701117864099,0.0,8190.063736575994,32.3747916214221,0.0,0.0,0.08034118,17.1,0.0,32.37492748780087,0.08034118,0.08034118,0.0,0.0,0.08034118,0.0,0.0,0.0,0.04865536959737696,0.0,0.04865536959737696,0.0 
 07/21  19:52:00,33.4,18.746032585589376,32.37465728002876,18.746032585589376,0.0,8185.184117343088,32.37465728002876,0.0,0.0,0.08034118,17.1,0.0,32.3747916214221,0.08034118,0.08034118,0.0,0.0,0.08034118,0.0,0.0,0.0,0.04865536959737696,0.0,0.04865536959737696,0.0 
 07/21  19:53:00,33.4,18.745060020432266,32.3745244172477,18.745060020432266,0.0,8180.3345929978195,32.3745244172477,0.0,0.0,0.08034118,17.1,0.0,32.37465728002876,0.08034118,0.08034118,0.0,0.0,0.08034118,0.0,0.0,0.0,0.04865536959737696,0.0,0.04865536959737696,0.0 
 07/21  19:54:00,33.4,18.744094145856852,32.37439300864274,18.744094145856852,0.0,8175.518445579382,32.37439300864274,0.0,0.0,0.08034118,17.1,0.0,32.3745244172477,0.08034118,0.08034118,0.0,0.0,0.08034118,0.0,0.0,0.0,0.04865536959737696,0.0,0.04865536959737696,0.0 
 07/21  19:55:00,33.4,18.743134200960853,32.374263004879445,18.743134200960853,0.0,8170.731878128695,32.374263004879445,0.0,0.0,0.08034118,17.1,0.0,32.37439300864274,0.08034118,0.08034118,0.0,0.0,0.08034118,0.0,0.0,0.0,0.04865536959737696,0.0,0.04865536959737696,0.0 
 07/21  19:56:00,33.4,18.7421808392571,32.37413438492836,18.7421808392571,0.0,8165.978140039538,32.37413438492836,0.0,0.0,0.08034118,17.1,0.0,32.374263004879445,0.08034118,0.08034118,0.0,0.0,0.08034118,0.0,0.0,0.0,0.04865536959737696,0.0,0.04865536959737696,0.0 
 07/21  19:57:00,33.4,18.74123331142555,32.37400710736285,18.74123331142555,0.0,8161.253530721183,32.37400710736285,0.0,0.0,0.08034118,17.1,0.0,32.37413438492836,0.08034118,0.08034118,0.0,0.0,0.08034118,0.0,0.0,0.0,0.04865536959737696,0.0,0.04865536959737696,0.0 
 07/21  19:58:00,33.4,18.740292261055544,32.37388114731285,18.740292261055544,0.0,8156.561211478656,32.37388114731285,0.0,0.0,0.08034118,17.1,0.0,32.37400710736285,0.08034118,0.08034118,0.0,0.0,0.08034118,0.0,0.0,0.0,0.04865536959737696,0.0,0.04865536959737696,0.0 
 07/21  19:59:00,33.4,18.739356951819612,32.37375646736054,18.739356951819612,0.0,8151.897546338528,32.37375646736054,0.0,0.0,0.08034118,17.1,0.0,32.37388114731285,0.08034118,0.08034118,0.0,0.0,0.08034118,0.0,0.0,0.0,0.04865536959737696,0.0,0.04865536959737696,0.0 
 07/21  20:00:00,33.4,18.738428017235037,32.37363304915445,18.738428017235037,0.0,8147.265672351414,32.37363304915445,0.0,0.0,0.08034118,17.1,0.0,32.37375646736054,0.08034118,0.08034118,0.0,0.0,0.08034118,0.0,0.0,0.0,0.04865536959737696,0.0,0.04865536959737696,0.0,49104000.0 
 07/21  20:01:00,33.4,18.737504732640083,32.373510851986076,18.737504732640083,0.0,8142.661998641715,32.373510851986076,0.0,0.0,0.08034118,17.1,0.0,32.37363304915445,0.08034118,0.08034118,0.0,0.0,0.08034118,0.0,0.0,0.0,0.04865536959737696,0.0,0.04865536959737696,0.0 
 07/21  20:02:00,33.4,18.736587722076933,32.37338986010827,18.736587722076933,0.0,8138.089615156496,32.37338986010827,0.0,0.0,0.08034118,17.1,0.0,32.373510851986076,0.08034118,0.08034118,0.0,0.0,0.08034118,0.0,0.0,0.0,0.04865536959737696,0.0,0.04865536959737696,0.0 
 07/21  20:03:00,33.4,18.735676272651276,32.37327003950524,18.735676272651276,0.0,8133.544989536167,32.37327003950524,0.0,0.0,0.08034118,17.1,0.0,32.37338986010827,0.08034118,0.08034118,0.0,0.0,0.08034118,0.0,0.0,0.0,0.04865536959737696,0.0,0.04865536959737696,0.0 
 07/21  20:04:00,33.4,18.734770999779037,32.37315137049442,18.734770999779037,0.0,8129.031155996145,32.37315137049442,0.0,0.0,0.08034118,17.1,0.0,32.37327003950524,0.08034118,0.08034118,0.0,0.0,0.08034118,0.0,0.0,0.0,0.04865536959737696,0.0,0.04865536959737696,0.0 
 07/21  20:05:00,33.4,18.73387120203567,32.37303382227929,18.73387120203567,0.0,8124.544652076838,32.37303382227929,0.0,0.0,0.08034118,17.1,0.0,32.37315137049442,0.08034118,0.08034118,0.0,0.0,0.08034118,0.0,0.0,0.0,0.04865536959737696,0.0,0.04865536959737696,0.0 
 07/21  20:06:00,33.4,18.732977485566607,32.372917380754735,18.732977485566607,0.0,8120.088465922936,32.372917380754735,0.0,0.0,0.08034118,17.1,0.0,32.37303382227929,0.08034118,0.08034118,0.0,0.0,0.08034118,0.0,0.0,0.0,0.04865536959737696,0.0,0.04865536959737696,0.0 
 07/21  20:07:00,33.4,18.732089159806616,32.372802011734066,18.732089159806616,0.0,8115.659189058574,32.372802011734066,0.0,0.0,0.08034118,17.1,0.0,32.372917380754735,0.08034118,0.08034118,0.0,0.0,0.08034118,0.0,0.0,0.0,0.04865536959737696,0.0,0.04865536959737696,0.0 
 07/21  20:08:00,33.4,18.73120682141144,32.37268770318022,18.73120682141144,0.0,8111.259775286048,32.37268770318022,0.0,0.0,0.08034118,17.1,0.0,32.372802011734066,0.08034118,0.08034118,0.0,0.0,0.08034118,0.0,0.0,0.0,0.04865536959737696,0.0,0.04865536959737696,0.0 
 07/21  20:09:00,33.4,18.73032979160628,32.37257442669105,18.73032979160628,0.0,8106.886836287713,32.37257442669105,0.0,0.0,0.08034118,17.1,0.0,32.37268770318022,0.08034118,0.08034118,0.0,0.0,0.08034118,0.0,0.0,0.0,0.04865536959737696,0.0,0.04865536959737696,0.0 
 07/21  20:10:00,33.4,18.72945865821459,32.37246216635261,18.72945865821459,0.0,8102.543320414147,32.37246216635261,0.0,0.0,0.08034118,17.1,0.0,32.37257442669105,0.08034118,0.08034118,0.0,0.0,0.08034118,0.0,0.0,0.0,0.04865536959737696,0.0,0.04865536959737696,0.0 
 07/21  20:11:00,33.4,18.728592752725337,32.37235089642141,18.728592752725337,0.0,8098.225877596387,32.37235089642141,0.0,0.0,0.08034118,17.1,0.0,32.37246216635261,0.08034118,0.08034118,0.0,0.0,0.08034118,0.0,0.0,0.0,0.04865536959737696,0.0,0.04865536959737696,0.0 
 07/21  20:12:00,33.4,18.727732654895885,32.37224060585185,18.727732654895885,0.0,8093.937403254263,32.37224060585185,0.0,0.0,0.08034118,17.1,0.0,32.37235089642141,0.08034118,0.08034118,0.0,0.0,0.08034118,0.0,0.0,0.0,0.04865536959737696,0.0,0.04865536959737696,0.0 
 07/21  20:13:00,33.4,18.726877706078714,32.372131265535955,18.726877706078714,0.0,8089.674621994391,32.372131265535955,0.0,0.0,0.08034118,17.1,0.0,32.37224060585185,0.08034118,0.08034118,0.0,0.0,0.08034118,0.0,0.0,0.0,0.04865536959737696,0.0,0.04865536959737696,0.0 
 07/21  20:14:00,33.4,18.726028477475182,32.3720228661232,18.726028477475182,0.0,8085.440373877623,32.3720228661232,0.0,0.0,0.08034118,17.1,0.0,32.372131265535955,0.08034118,0.08034118,0.0,0.0,0.08034118,0.0,0.0,0.0,0.04865536959737696,0.0,0.04865536959737696,0.0 
 07/21  20:15:00,33.4,18.725184320539334,32.371915383585296,18.725184320539334,0.0,8081.231433755133,32.371915383585296,0.0,0.0,0.08034118,17.1,0.0,32.3720228661232,0.08034118,0.08034118,0.0,0.0,0.08034118,0.0,0.0,0.0,0.04865536959737696,0.0,0.04865536959737696,0.0 
 07/21  20:16:00,33.4,18.724345799493538,32.371808804830636,18.724345799493538,0.0,8077.0505814627495,32.371808804830636,0.0,0.0,0.08034118,17.1,0.0,32.371915383585296,0.08034118,0.08034118,0.0,0.0,0.08034118,0.0,0.0,0.0,0.04865536959737696,0.0,0.04865536959737696,0.0 
 07/21  20:17:00,33.4,18.723512275301005,32.3717031080754,18.723512275301005,0.0,8072.894677449772,32.3717031080754,0.0,0.0,0.08034118,17.1,0.0,32.371808804830636,0.08034118,0.08034118,0.0,0.0,0.08034118,0.0,0.0,0.0,0.04865536959737696,0.0,0.04865536959737696,0.0 
 07/21  20:18:00,33.4,18.722684303170674,32.37159828454129,18.722684303170674,0.0,8068.766456736812,32.37159828454129,0.0,0.0,0.08034118,17.1,0.0,32.3717031080754,0.08034118,0.08034118,0.0,0.0,0.08034118,0.0,0.0,0.0,0.04865536959737696,0.0,0.04865536959737696,0.0 
 07/21  20:19:00,33.4,18.72186125392449,32.371494309171396,18.72186125392449,0.0,8064.66280326857,32.371494309171396,0.0,0.0,0.08034118,17.1,0.0,32.37159828454129,0.08034118,0.08034118,0.0,0.0,0.08034118,0.0,0.0,0.0,0.04865536959737696,0.0,0.04865536959737696,0.0 
 07/21  20:20:00,33.4,18.721067351211808,32.37139140366396,18.721067351211808,0.0,8060.704155385893,32.37139140366396,0.0,0.0,0.08034118,17.1,0.0,32.371494309171396,0.08034118,0.08034118,0.0,0.0,0.08034118,0.0,0.0,0.0,0.04865536959737696,0.0,0.04865536959737696,0.0 
 07/21  20:21:00,33.4,18.7202651811707,32.3712893100501,18.7202651811707,0.0,8056.704791554612,32.3712893100501,0.0,0.0,0.08034118,17.1,0.0,32.37139140366396,0.08034118,0.08034118,0.0,0.0,0.08034118,0.0,0.0,0.0,0.04865536959737696,0.0,0.04865536959737696,0.0 
 07/21  20:22:00,33.4,18.719471670711318,32.37118812411353,18.719471670711318,0.0,8052.748396336256,32.37118812411353,0.0,0.0,0.08034118,17.1,0.0,32.3712893100501,0.08034118,0.08034118,0.0,0.0,0.08034118,0.0,0.0,0.0,0.04865536959737696,0.0,0.04865536959737696,0.0 
 07/21  20:23:00,33.4,18.718665972262816,32.37108764062302,18.718665972262816,0.0,8048.731522354956,32.37108764062302,0.0,0.0,0.08034118,17.1,0.0,32.37118812411353,0.08034118,0.08034118,0.0,0.0,0.08034118,0.0,0.0,0.0,0.04865536959737696,0.0,0.04865536959737696,0.0 
 07/21  20:24:00,33.4,18.717874093850376,32.370988014055285,18.717874093850376,0.0,8044.783213548626,32.370988014055285,0.0,0.0,0.08034118,17.1,0.0,32.37108764062302,0.08034118,0.08034118,0.0,0.0,0.08034118,0.0,0.0,0.0,0.04865536959737696,0.0,0.04865536959737696,0.0 
 07/21  20:25:00,33.4,18.71707575978308,32.370889062711164,18.71707575978308,0.0,8040.8030058855775,32.370889062711164,0.0,0.0,0.08034118,17.1,0.0,32.370988014055285,0.08034118,0.08034118,0.0,0.0,0.08034118,0.0,0.0,0.0,0.04865536959737696,0.0,0.04865536959737696,0.0 
 07/21  20:26:00,33.4,18.716293743824355,32.37079093955582,18.716293743824355,0.0,8036.903860894172,32.37079093955582,0.0,0.0,0.08034118,17.1,0.0,32.370889062711164,0.08034118,0.08034118,0.0,0.0,0.08034118,0.0,0.0,0.0,0.04865536959737696,0.0,0.04865536959737696,0.0 
 07/21  20:27:00,33.4,18.715505809681506,32.370693461618025,18.715505809681506,0.0,8032.975514585746,32.370693461618025,0.0,0.0,0.08034118,17.1,0.0,32.37079093955582,0.08034118,0.08034118,0.0,0.0,0.08034118,0.0,0.0,0.0,0.04865536959737696,0.0,0.04865536959737696,0.0 
 07/21  20:28:00,33.4,18.714733687024093,32.3705967784448,18.714733687024093,0.0,8029.125724095966,32.3705967784448,0.0,0.0,0.08034118,17.1,0.0,32.370693461618025,0.08034118,0.08034118,0.0,0.0,0.08034118,0.0,0.0,0.0,0.04865536959737696,0.0,0.04865536959737696,0.0 
 07/21  20:29:00,33.4,18.713955462638307,32.3705007188754,18.713955462638307,0.0,8025.245806534072,32.3705007188754,0.0,0.0,0.08034118,17.1,0.0,32.3705967784448,0.08034118,0.08034118,0.0,0.0,0.08034118,0.0,0.0,0.0,0.04865536959737696,0.0,0.04865536959737696,0.0 
 07/21  20:30:00,33.4,18.71319279579587,32.37040544002301,18.71319279579587,0.0,8021.443181706254,32.37040544002301,0.0,0.0,0.08034118,17.1,0.0,32.3705007188754,0.08034118,0.08034118,0.0,0.0,0.08034118,0.0,0.0,0.0,0.04865536959737696,0.0,0.04865536959737696,0.0 
 07/21  20:31:00,33.4,18.71242414805719,32.3703107678858,18.71242414805719,0.0,8017.611030243356,32.3703107678858,0.0,0.0,0.08034118,17.1,0.0,32.37040544002301,0.08034118,0.08034118,0.0,0.0,0.08034118,0.0,0.0,0.0,0.04865536959737696,0.0,0.04865536959737696,0.0 
 07/21  20:32:00,33.4,18.711670910400244,32.370216850583475,18.711670910400244,0.0,8013.855437905172,32.370216850583475,0.0,0.0,0.08034118,17.1,0.0,32.3703107678858,0.08034118,0.08034118,0.0,0.0,0.08034118,0.0,0.0,0.0,0.04865536959737696,0.0,0.04865536959737696,0.0 
 07/21  20:33:00,33.4,18.71091178382068,32.37012351245224,18.71091178382068,0.0,8010.0707885196425,32.37012351245224,0.0,0.0,0.08034118,17.1,0.0,32.370216850583475,0.08034118,0.08034118,0.0,0.0,0.08034118,0.0,0.0,0.0,0.04865536959737696,0.0,0.04865536959737696,0.0 
 07/21  20:34:00,33.4,18.710167871676912,32.37003089942634,18.710167871676912,0.0,8006.361712417452,32.37003089942634,0.0,0.0,0.08034118,17.1,0.0,32.37012351245224,0.08034118,0.08034118,0.0,0.0,0.08034118,0.0,0.0,0.0,0.04865536959737696,0.0,0.04865536959737696,0.0 
 07/21  20:35:00,33.4,18.709418135387907,32.369938847625335,18.709418135387907,0.0,8002.623875710251,32.369938847625335,0.0,0.0,0.08034118,17.1,0.0,32.37003089942634,0.08034118,0.08034118,0.0,0.0,0.08034118,0.0,0.0,0.0,0.04865536959737696,0.0,0.04865536959737696,0.0 
 07/21  20:36:00,33.4,18.708683415281705,32.36984751030069,18.708683415281705,0.0,7998.960651431516,32.36984751030069,0.0,0.0,0.08034118,17.1,0.0,32.369938847625335,0.08034118,0.08034118,0.0,0.0,0.08034118,0.0,0.0,0.0,0.04865536959737696,0.0,0.04865536959737696,0.0 
 07/21  20:37:00,33.4,18.707942935757007,32.369756720645206,18.707942935757007,0.0,7995.269000649791,32.369756720645206,0.0,0.0,0.08034118,17.1,0.0,32.36984751030069,0.08034118,0.08034118,0.0,0.0,0.08034118,0.0,0.0,0.0,0.04865536959737696,0.0,0.04865536959737696,0.0 
 07/21  20:38:00,33.4,18.70721727966097,32.3696666230855,18.70721727966097,0.0,7991.65097825668,32.3696666230855,0.0,0.0,0.08034118,17.1,0.0,32.369756720645206,0.08034118,0.08034118,0.0,0.0,0.08034118,0.0,0.0,0.0,0.04865536959737696,0.0,0.04865536959737696,0.0 
 07/21  20:39:00,33.4,18.706509492160887,32.36957726752738,18.706509492160887,0.0,7988.122028288485,32.36957726752738,0.0,0.0,0.08034118,17.1,0.0,32.3696666230855,0.08034118,0.08034118,0.0,0.0,0.08034118,0.0,0.0,0.0,0.04865536959737696,0.0,0.04865536959737696,0.0 
 07/21  20:40:00,33.4,18.70581072830038,32.36948860402236,18.70581072830038,0.0,7984.638169977516,32.36948860402236,0.0,0.0,0.08034118,17.1,0.0,32.36957726752738,0.08034118,0.08034118,0.0,0.0,0.08034118,0.0,0.0,0.0,0.04865536959737696,0.0,0.04865536959737696,0.0 
 07/21  20:41:00,33.4,18.705115783173596,32.369400585407746,18.705115783173596,0.0,7981.17344675758,32.369400585407746,0.0,0.0,0.08034118,17.1,0.0,32.36948860402236,0.08034118,0.08034118,0.0,0.0,0.08034118,0.0,0.0,0.0,0.04865536959737696,0.0,0.04865536959737696,0.0 
 07/21  20:42:00,33.4,18.70442301274391,32.36931318413227,18.70442301274391,0.0,7977.71958296707,32.36931318413227,0.0,0.0,0.08034118,17.1,0.0,32.369400585407746,0.08034118,0.08034118,0.0,0.0,0.08034118,0.0,0.0,0.0,0.04865536959737696,0.0,0.04865536959737696,0.0 
 07/21  20:43:00,33.4,18.703731924301465,32.369226372794934,18.703731924301465,0.0,7974.274128601869,32.369226372794934,0.0,0.0,0.08034118,17.1,0.0,32.36931318413227,0.08034118,0.08034118,0.0,0.0,0.08034118,0.0,0.0,0.0,0.04865536959737696,0.0,0.04865536959737696,0.0 
 07/21  20:44:00,33.4,18.703043354344025,32.36914013853245,18.703043354344025,0.0,7970.84121775913,32.36914013853245,0.0,0.0,0.08034118,17.1,0.0,32.369226372794934,0.08034118,0.08034118,0.0,0.0,0.08034118,0.0,0.0,0.0,0.04865536959737696,0.0,0.04865536959737696,0.0 
 07/21  20:45:00,33.4,18.70235753561182,32.369054464117745,18.70235753561182,0.0,7967.422032776158,32.369054464117745,0.0,0.0,0.08034118,17.1,0.0,32.36914013853245,0.08034118,0.08034118,0.0,0.0,0.08034118,0.0,0.0,0.0,0.04865536959737696,0.0,0.04865536959737696,0.0 
 07/21  20:46:00,33.4,18.70167517965317,32.36896933931249,18.70167517965317,0.0,7964.020111589193,32.36896933931249,0.0,0.0,0.08034118,17.1,0.0,32.369054464117745,0.08034118,0.08034118,0.0,0.0,0.08034118,0.0,0.0,0.0,0.04865536959737696,0.0,0.04865536959737696,0.0 
 07/21  20:47:00,33.4,18.70099614887525,32.368884750508734,18.70099614887525,0.0,7960.634769933631,32.368884750508734,0.0,0.0,0.08034118,17.1,0.0,32.36896933931249,0.08034118,0.08034118,0.0,0.0,0.08034118,0.0,0.0,0.0,0.04865536959737696,0.0,0.04865536959737696,0.0 
 07/21  20:48:00,33.4,18.700320907253463,32.368800691821605,18.700320907253463,0.0,7957.268327276497,32.368800691821605,0.0,0.0,0.08034118,17.1,0.0,32.368884750508734,0.08034118,0.08034118,0.0,0.0,0.08034118,0.0,0.0,0.0,0.04865536959737696,0.0,0.04865536959737696,0.0 
 07/21  20:49:00,33.4,18.699649183871955,32.368717149133275,18.699649183871955,0.0,7953.919436412257,32.368717149133275,0.0,0.0,0.08034118,17.1,0.0,32.368800691821605,0.08034118,0.08034118,0.0,0.0,0.08034118,0.0,0.0,0.0,0.04865536959737696,0.0,0.04865536959737696,0.0 
 07/21  20:50:00,33.4,18.698981384281442,32.368634118206046,18.698981384281442,0.0,7950.59011372623,32.368634118206046,0.0,0.0,0.08034118,17.1,0.0,32.368717149133275,0.08034118,0.08034118,0.0,0.0,0.08034118,0.0,0.0,0.0,0.04865536959737696,0.0,0.04865536959737696,0.0 
 07/21  20:51:00,33.4,18.69831719752735,32.36855158823118,18.69831719752735,0.0,7947.278812931413,32.36855158823118,0.0,0.0,0.08034118,17.1,0.0,32.368634118206046,0.08034118,0.08034118,0.0,0.0,0.08034118,0.0,0.0,0.0,0.04865536959737696,0.0,0.04865536959737696,0.0 
 07/21  20:52:00,33.4,18.697656994340864,32.368469553453785,18.697656994340864,0.0,7943.987364746031,32.368469553453785,0.0,0.0,0.08034118,17.1,0.0,32.36855158823118,0.08034118,0.08034118,0.0,0.0,0.08034118,0.0,0.0,0.0,0.04865536959737696,0.0,0.04865536959737696,0.0 
 07/21  20:53:00,33.4,18.69700043540664,32.36838800414422,18.69700043540664,0.0,7940.714106936039,32.36838800414422,0.0,0.0,0.08034118,17.1,0.0,32.368469553453785,0.08034118,0.08034118,0.0,0.0,0.08034118,0.0,0.0,0.0,0.04865536959737696,0.0,0.04865536959737696,0.0 
 07/21  20:54:00,33.4,18.696347866479446,32.36830693707805,18.696347866479446,0.0,7937.460733502485,32.36830693707805,0.0,0.0,0.08034118,17.1,0.0,32.36838800414422,0.08034118,0.08034118,0.0,0.0,0.08034118,0.0,0.0,0.0,0.04865536959737696,0.0,0.04865536959737696,0.0 
 07/21  20:55:00,33.4,18.69569893554054,32.36822634089935,18.69569893554054,0.0,7934.225519029428,32.36822634089935,0.0,0.0,0.08034118,17.1,0.0,32.36830693707805,0.08034118,0.08034118,0.0,0.0,0.08034118,0.0,0.0,0.0,0.04865536959737696,0.0,0.04865536959737696,0.0 
 07/21  20:56:00,33.4,18.695053974687923,32.36814621308878,18.695053974687923,0.0,7931.010102141327,32.36814621308878,0.0,0.0,0.08034118,17.1,0.0,32.36822634089935,0.08034118,0.08034118,0.0,0.0,0.08034118,0.0,0.0,0.0,0.04865536959737696,0.0,0.04865536959737696,0.0 
 07/21  20:57:00,33.4,18.694412629300917,32.368066544849974,18.694412629300917,0.0,7927.812706943973,32.368066544849974,0.0,0.0,0.08034118,17.1,0.0,32.36814621308878,0.08034118,0.08034118,0.0,0.0,0.08034118,0.0,0.0,0.0,0.04865536959737696,0.0,0.04865536959737696,0.0 
 07/21  20:58:00,33.4,18.69377522299492,32.367987331751316,18.69377522299492,0.0,7924.634967417987,32.367987331751316,0.0,0.0,0.08034118,17.1,0.0,32.368066544849974,0.08034118,0.08034118,0.0,0.0,0.08034118,0.0,0.0,0.0,0.04865536959737696,0.0,0.04865536959737696,0.0 
 07/21  20:59:00,33.4,18.69314140030725,32.3679085656672,18.69314140030725,0.0,7921.475103482767,32.3679085656672,0.0,0.0,0.08034118,17.1,0.0,32.367987331751316,0.08034118,0.08034118,0.0,0.0,0.08034118,0.0,0.0,0.0,0.04865536959737696,0.0,0.04865536959737696,0.0 
 07/21  21:00:00,33.4,18.692511479430486,32.36783024430445,18.692511479430486,0.0,7918.334684657116,32.36783024430445,0.0,0.0,0.08034118,17.1,0.0,32.3679085656672,0.08034118,0.08034118,0.0,0.0,0.08034118,0.0,0.0,0.0,0.04865536959737696,0.0,0.04865536959737696,0.0,49104000.0 
 07/21  21:01:00,33.4,18.691885107059257,32.367752357773554,18.691885107059257,0.0,7915.211966597981,32.367752357773554,0.0,0.0,0.08034118,17.1,0.0,32.36783024430445,0.08034118,0.08034118,0.0,0.0,0.08034118,0.0,0.0,0.0,0.04865536959737696,0.0,0.04865536959737696,0.0 
 07/21  21:02:00,33.4,18.691262595031436,32.367674904276,18.691262595031436,0.0,7912.108512187729,32.367674904276,0.0,0.0,0.08034118,17.1,0.0,32.367752357773554,0.08034118,0.08034118,0.0,0.0,0.08034118,0.0,0.0,0.0,0.04865536959737696,0.0,0.04865536959737696,0.0 
 07/21  21:03:00,33.4,18.69064359293269,32.367597876206275,18.69064359293269,0.0,7909.0225540103165,32.367597876206275,0.0,0.0,0.08034118,17.1,0.0,32.367674904276,0.08034118,0.08034118,0.0,0.0,0.08034118,0.0,0.0,0.0,0.04865536959737696,0.0,0.04865536959737696,0.0 
 07/21  21:04:00,33.4,18.690028408918828,32.36752126983477,18.690028408918828,0.0,7905.95563664428,32.36752126983477,0.0,0.0,0.08034118,17.1,0.0,32.367597876206275,0.08034118,0.08034118,0.0,0.0,0.08034118,0.0,0.0,0.0,0.04865536959737696,0.0,0.04865536959737696,0.0 
 07/21  21:05:00,33.4,18.68941669559617,32.36744507808657,18.68941669559617,0.0,7902.906032655105,32.36744507808657,0.0,0.0,0.08034118,17.1,0.0,32.36752126983477,0.08034118,0.08034118,0.0,0.0,0.08034118,0.0,0.0,0.0,0.04865536959737696,0.0,0.04865536959737696,0.0 
 07/21  21:06:00,33.4,18.688808757164306,32.3673692991793,18.688808757164306,0.0,7899.875242013668,32.3673692991793,0.0,0.0,0.08034118,17.1,0.0,32.36744507808657,0.08034118,0.08034118,0.0,0.0,0.08034118,0.0,0.0,0.0,0.04865536959737696,0.0,0.04865536959737696,0.0 
 07/21  21:07:00,33.4,18.688204249335737,32.36729392428534,18.688204249335737,0.0,7896.861577649897,32.36729392428534,0.0,0.0,0.08034118,17.1,0.0,32.3673692991793,0.08034118,0.08034118,0.0,0.0,0.08034118,0.0,0.0,0.0,0.04865536959737696,0.0,0.04865536959737696,0.0 
 07/21  21:08:00,33.4,18.68760347213029,32.367218952030626,18.68760347213029,0.0,7893.866506301624,32.367218952030626,0.0,0.0,0.08034118,17.1,0.0,32.36729392428534,0.08034118,0.08034118,0.0,0.0,0.08034118,0.0,0.0,0.0,0.04865536959737696,0.0,0.04865536959737696,0.0 
 07/21  21:09:00,33.4,18.687006085613472,32.36714437569303,18.687006085613472,0.0,7890.888350088476,32.36714437569303,0.0,0.0,0.08034118,17.1,0.0,32.367218952030626,0.08034118,0.08034118,0.0,0.0,0.08034118,0.0,0.0,0.0,0.04865536959737696,0.0,0.04865536959737696,0.0 
 07/21  21:10:00,33.4,18.686412385661143,32.36707019201955,18.686412385661143,0.0,7887.928580046669,32.36707019201955,0.0,0.0,0.08034118,17.1,0.0,32.36714437569303,0.08034118,0.08034118,0.0,0.0,0.08034118,0.0,0.0,0.0,0.04865536959737696,0.0,0.04865536959737696,0.0 
 07/21  21:11:00,33.4,18.68582203649502,32.36699639474343,18.68582203649502,0.0,7884.985514083091,32.36699639474343,0.0,0.0,0.08034118,17.1,0.0,32.36707019201955,0.08034118,0.08034118,0.0,0.0,0.08034118,0.0,0.0,0.0,0.04865536959737696,0.0,0.04865536959737696,0.0 
 07/21  21:12:00,33.4,18.68523533035143,32.36692298242449,18.68523533035143,0.0,7882.060617575753,32.36692298242449,0.0,0.0,0.08034118,17.1,0.0,32.36699639474343,0.08034118,0.08034118,0.0,0.0,0.08034118,0.0,0.0,0.0,0.04865536959737696,0.0,0.04865536959737696,0.0 
 07/21  21:13:00,33.4,18.684651934701126,32.36684994709081,18.684651934701126,0.0,7879.152237020517,32.36684994709081,0.0,0.0,0.08034118,17.1,0.0,32.36692298242449,0.08034118,0.08034118,0.0,0.0,0.08034118,0.0,0.0,0.0,0.04865536959737696,0.0,0.04865536959737696,0.0 
 07/21  21:14:00,33.4,18.68407213844383,32.36677728766213,18.68407213844383,0.0,7876.261796351218,32.36677728766213,0.0,0.0,0.08034118,17.1,0.0,32.36684994709081,0.08034118,0.08034118,0.0,0.0,0.08034118,0.0,0.0,0.0,0.04865536959737696,0.0,0.04865536959737696,0.0 
 07/21  21:15:00,33.4,18.68349561314607,32.366704998132455,18.68349561314607,0.0,7873.387674857645,32.366704998132455,0.0,0.0,0.08034118,17.1,0.0,32.36677728766213,0.08034118,0.08034118,0.0,0.0,0.08034118,0.0,0.0,0.0,0.04865536959737696,0.0,0.04865536959737696,0.0 
 07/21  21:16:00,33.4,18.68292264358544,32.366633075612455,18.68292264358544,0.0,7870.531288390921,32.366633075612455,0.0,0.0,0.08034118,17.1,0.0,32.366704998132455,0.08034118,0.08034118,0.0,0.0,0.08034118,0.0,0.0,0.0,0.04865536959737696,0.0,0.04865536959737696,0.0 
 07/21  21:17:00,33.4,18.68235290555856,32.366561514501605,18.68235290555856,0.0,7867.6910124553615,32.366561514501605,0.0,0.0,0.08034118,17.1,0.0,32.366633075612455,0.08034118,0.08034118,0.0,0.0,0.08034118,0.0,0.0,0.0,0.04865536959737696,0.0,0.04865536959737696,0.0 
 07/21  21:18:00,33.4,18.681786681039146,32.3664903136155,18.681786681039146,0.0,7864.868248974503,32.3664903136155,0.0,0.0,0.08034118,17.1,0.0,32.366561514501605,0.08034118,0.08034118,0.0,0.0,0.08034118,0.0,0.0,0.0,0.04865536959737696,0.0,0.04865536959737696,0.0 
 07/21  21:19:00,33.4,18.68122364869308,32.366419465705604,18.68122364869308,0.0,7862.061424917042,32.366419465705604,0.0,0.0,0.08034118,17.1,0.0,32.3664903136155,0.08034118,0.08034118,0.0,0.0,0.08034118,0.0,0.0,0.0,0.04865536959737696,0.0,0.04865536959737696,0.0 
 07/21  21:20:00,33.4,18.68066408708666,32.36634896991509,18.68066408708666,0.0,7859.271888079952,32.36634896991509,0.0,0.0,0.08034118,17.1,0.0,32.366419465705604,0.08034118,0.08034118,0.0,0.0,0.08034118,0.0,0.0,0.0,0.04865536959737696,0.0,0.04865536959737696,0.0 
 07/21  21:21:00,33.4,18.680107678942612,32.36627882084407,18.680107678942612,0.0,7856.498097983099,32.36627882084407,0.0,0.0,0.08034118,17.1,0.0,32.36634896991509,0.08034118,0.08034118,0.0,0.0,0.08034118,0.0,0.0,0.0,0.04865536959737696,0.0,0.04865536959737696,0.0 
 07/21  21:22:00,33.4,18.679554699490318,32.366209015899,18.679554699490318,0.0,7853.741385859785,32.366209015899,0.0,0.0,0.08034118,17.1,0.0,32.36627882084407,0.08034118,0.08034118,0.0,0.0,0.08034118,0.0,0.0,0.0,0.04865536959737696,0.0,0.04865536959737696,0.0 
 07/21  21:23:00,33.4,18.679004835749854,32.3661395500482,18.679004835749854,0.0,7851.000220202236,32.3661395500482,0.0,0.0,0.08034118,17.1,0.0,32.366209015899,0.08034118,0.08034118,0.0,0.0,0.08034118,0.0,0.0,0.0,0.04865536959737696,0.0,0.04865536959737696,0.0 
 07/21  21:24:00,33.4,18.678458358577025,32.366070422311715,18.678458358577025,0.0,7848.275947637371,32.366070422311715,0.0,0.0,0.08034118,17.1,0.0,32.3661395500482,0.08034118,0.08034118,0.0,0.0,0.08034118,0.0,0.0,0.0,0.04865536959737696,0.0,0.04865536959737696,0.0 
 07/21  21:25:00,33.4,18.67791495891457,32.3660016260683,18.67791495891457,0.0,7845.567019034929,32.3660016260683,0.0,0.0,0.08034118,17.1,0.0,32.366070422311715,0.08034118,0.08034118,0.0,0.0,0.08034118,0.0,0.0,0.0,0.04865536959737696,0.0,0.04865536959737696,0.0 
 07/21  21:26:00,33.4,18.677374905095757,32.3659331606418,18.677374905095757,0.0,7842.874768492779,32.3659331606418,0.0,0.0,0.08034118,17.1,0.0,32.3660016260683,0.08034118,0.08034118,0.0,0.0,0.08034118,0.0,0.0,0.0,0.04865536959737696,0.0,0.04865536959737696,0.0 
 07/21  21:27:00,33.4,18.676837891461982,32.365865021158434,18.676837891461982,0.0,7840.197688510916,32.365865021158434,0.0,0.0,0.08034118,17.1,0.0,32.3659331606418,0.08034118,0.08034118,0.0,0.0,0.08034118,0.0,0.0,0.0,0.04865536959737696,0.0,0.04865536959737696,0.0 
 07/21  21:28:00,33.4,18.676304183278116,32.36579720527543,18.676304183278116,0.0,7837.537073221029,32.36579720527543,0.0,0.0,0.08034118,17.1,0.0,32.365865021158434,0.08034118,0.08034118,0.0,0.0,0.08034118,0.0,0.0,0.0,0.04865536959737696,0.0,0.04865536959737696,0.0 
 07/21  21:29:00,33.4,18.675773478093987,32.365729708457586,18.675773478093987,0.0,7834.891455770635,32.365729708457586,0.0,0.0,0.08034118,17.1,0.0,32.36579720527543,0.08034118,0.08034118,0.0,0.0,0.08034118,0.0,0.0,0.0,0.04865536959737696,0.0,0.04865536959737696,0.0 
 07/21  21:30:00,33.4,18.675246037747808,32.365662529896284,18.675246037747808,0.0,7832.262100919061,32.365662529896284,0.0,0.0,0.08034118,17.1,0.0,32.365729708457586,0.08034118,0.08034118,0.0,0.0,0.08034118,0.0,0.0,0.0,0.04865536959737696,0.0,0.04865536959737696,0.0 
 07/21  21:31:00,33.4,18.674721564046724,32.36559566352291,18.674721564046724,0.0,7829.64755062455,32.36559566352291,0.0,0.0,0.08034118,17.1,0.0,32.365662529896284,0.08034118,0.08034118,0.0,0.0,0.08034118,0.0,0.0,0.0,0.04865536959737696,0.0,0.04865536959737696,0.0 
 07/21  21:32:00,33.4,18.674200315340027,32.36552910881365,18.674200315340027,0.0,7827.049076998164,32.36552910881365,0.0,0.0,0.08034118,17.1,0.0,32.36559566352291,0.08034118,0.08034118,0.0,0.0,0.08034118,0.0,0.0,0.0,0.04865536959737696,0.0,0.04865536959737696,0.0 
 07/21  21:33:00,33.4,18.673681996863447,32.36546286135784,18.673681996863447,0.0,7824.465226692955,32.36546286135784,0.0,0.0,0.08034118,17.1,0.0,32.36552910881365,0.08034118,0.08034118,0.0,0.0,0.08034118,0.0,0.0,0.0,0.04865536959737696,0.0,0.04865536959737696,0.0 
 07/21  21:34:00,33.4,18.673166864367968,32.365396919030005,18.673166864367968,0.0,7821.897246588464,32.365396919030005,0.0,0.0,0.08034118,17.1,0.0,32.36546286135784,0.08034118,0.08034118,0.0,0.0,0.08034118,0.0,0.0,0.0,0.04865536959737696,0.0,0.04865536959737696,0.0 
 07/21  21:35:00,33.4,18.672654626836398,32.36533127773262,18.672654626836398,0.0,7819.343714293254,32.36533127773262,0.0,0.0,0.08034118,17.1,0.0,32.365396919030005,0.08034118,0.08034118,0.0,0.0,0.08034118,0.0,0.0,0.0,0.04865536959737696,0.0,0.04865536959737696,0.0 
 07/21  21:36:00,33.4,18.672145536266616,32.36526593680302,18.672145536266616,0.0,7816.8058703550105,32.36526593680302,0.0,0.0,0.08034118,17.1,0.0,32.36533127773262,0.08034118,0.08034118,0.0,0.0,0.08034118,0.0,0.0,0.0,0.04865536959737696,0.0,0.04865536959737696,0.0 
 07/21  21:37:00,33.4,18.671639305441058,32.36520089066142,18.671639305441058,0.0,7814.282286632219,32.36520089066142,0.0,0.0,0.08034118,17.1,0.0,32.36526593680302,0.08034118,0.08034118,0.0,0.0,0.08034118,0.0,0.0,0.0,0.04865536959737696,0.0,0.04865536959737696,0.0 
 07/21  21:38:00,33.4,18.671136183478165,32.36513613891258,18.671136183478165,0.0,7811.774201680241,32.36513613891258,0.0,0.0,0.08034118,17.1,0.0,32.36520089066142,0.08034118,0.08034118,0.0,0.0,0.08034118,0.0,0.0,0.0,0.04865536959737696,0.0,0.04865536959737696,0.0 
 07/21  21:39:00,33.4,18.670635886114486,32.36507167755356,18.670635886114486,0.0,7809.2802143484505,32.36507167755356,0.0,0.0,0.08034118,17.1,0.0,32.36513613891258,0.08034118,0.08034118,0.0,0.0,0.08034118,0.0,0.0,0.0,0.04865536959737696,0.0,0.04865536959737696,0.0 
 07/21  21:40:00,33.4,18.67013865979659,32.36500750464576,18.67013865979659,0.0,7806.8015253042995,32.36500750464576,0.0,0.0,0.08034118,17.1,0.0,32.36507167755356,0.08034118,0.08034118,0.0,0.0,0.08034118,0.0,0.0,0.0,0.04865536959737696,0.0,0.04865536959737696,0.0 
 07/21  21:41:00,33.4,18.669644223920532,32.36494361647613,18.669644223920532,0.0,7804.336763890988,32.36494361647613,0.0,0.0,0.08034118,17.1,0.0,32.36500750464576,0.08034118,0.08034118,0.0,0.0,0.08034118,0.0,0.0,0.0,0.04865536959737696,0.0,0.04865536959737696,0.0 
 07/21  21:42:00,33.4,18.669152821921234,32.364880012504074,18.669152821921234,0.0,7801.887115818213,32.364880012504074,0.0,0.0,0.08034118,17.1,0.0,32.36494361647613,0.08034118,0.08034118,0.0,0.0,0.08034118,0.0,0.0,0.0,0.04865536959737696,0.0,0.04865536959737696,0.0 
 07/21  21:43:00,33.4,18.66866417649349,32.36481668758086,18.66866417649349,0.0,7799.45122681735,32.36481668758086,0.0,0.0,0.08034118,17.1,0.0,32.364880012504074,0.08034118,0.08034118,0.0,0.0,0.08034118,0.0,0.0,0.0,0.04865536959737696,0.0,0.04865536959737696,0.0 
 07/21  21:44:00,33.4,18.668178527550253,32.36475364141808,18.668178527550253,0.0,7797.030277381004,32.36475364141808,0.0,0.0,0.08034118,17.1,0.0,32.36481668758086,0.08034118,0.08034118,0.0,0.0,0.08034118,0.0,0.0,0.0,0.04865536959737696,0.0,0.04865536959737696,0.0 
 07/21  21:45:00,33.4,18.66769560208189,32.364690870371376,18.66769560208189,0.0,7794.622897750646,32.364690870371376,0.0,0.0,0.08034118,17.1,0.0,32.36475364141808,0.08034118,0.08034118,0.0,0.0,0.08034118,0.0,0.0,0.0,0.04865536959737696,0.0,0.04865536959737696,0.0 
 07/21  21:46:00,33.4,18.66721563693406,32.36462837266273,18.66721563693406,0.0,7792.230290010384,32.36462837266273,0.0,0.0,0.08034118,17.1,0.0,32.364690870371376,0.08034118,0.08034118,0.0,0.0,0.08034118,0.0,0.0,0.0,0.04865536959737696,0.0,0.04865536959737696,0.0 
 07/21  21:47:00,33.4,18.666738361634412,32.364566144917994,18.666738361634412,0.0,7789.851097016467,32.364566144917994,0.0,0.0,0.08034118,17.1,0.0,32.36462837266273,0.08034118,0.08034118,0.0,0.0,0.08034118,0.0,0.0,0.0,0.04865536959737696,0.0,0.04865536959737696,0.0 
 07/21  21:48:00,33.4,18.666264011021845,32.364504186699776,18.666264011021845,0.0,7787.486474060756,32.364504186699776,0.0,0.0,0.08034118,17.1,0.0,32.364566144917994,0.08034118,0.08034118,0.0,0.0,0.08034118,0.0,0.0,0.0,0.04865536959737696,0.0,0.04865536959737696,0.0 
 07/21  21:49:00,33.4,18.665792317767462,32.36444249324189,18.665792317767462,0.0,7785.135116437923,32.36444249324189,0.0,0.0,0.08034118,17.1,0.0,32.364504186699776,0.08034118,0.08034118,0.0,0.0,0.08034118,0.0,0.0,0.0,0.04865536959737696,0.0,0.04865536959737696,0.0 
 07/21  21:50:00,33.4,18.66532351365011,32.36438106434625,18.66532351365011,0.0,7782.798151966817,32.36438106434625,0.0,0.0,0.08034118,17.1,0.0,32.36444249324189,0.08034118,0.08034118,0.0,0.0,0.08034118,0.0,0.0,0.0,0.04865536959737696,0.0,0.04865536959737696,0.0 
 07/21  21:51:00,33.4,18.664857334508703,32.36431989668643,18.664857334508703,0.0,7780.4742916796795,32.36431989668643,0.0,0.0,0.08034118,17.1,0.0,32.36438106434625,0.08034118,0.08034118,0.0,0.0,0.08034118,0.0,0.0,0.0,0.04865536959737696,0.0,0.04865536959737696,0.0 
 07/21  21:52:00,33.4,18.66439400936876,32.364258988624336,18.66439400936876,0.0,7778.164649721248,32.364258988624336,0.0,0.0,0.08034118,17.1,0.0,32.36431989668643,0.08034118,0.08034118,0.0,0.0,0.08034118,0.0,0.0,0.0,0.04865536959737696,0.0,0.04865536959737696,0.0 
 07/21  21:53:00,33.4,18.66393327782513,32.36419833708677,18.66393327782513,0.0,7775.867943543708,32.36419833708677,0.0,0.0,0.08034118,17.1,0.0,32.364258988624336,0.08034118,0.08034118,0.0,0.0,0.08034118,0.0,0.0,0.0,0.04865536959737696,0.0,0.04865536959737696,0.0 
 07/21  21:54:00,33.4,18.663475365731273,32.364137941724906,18.663475365731273,0.0,7773.585296023275,32.364137941724906,0.0,0.0,0.08034118,17.1,0.0,32.36419833708677,0.08034118,0.08034118,0.0,0.0,0.08034118,0.0,0.0,0.0,0.04865536959737696,0.0,0.04865536959737696,0.0 
 07/21  21:55:00,33.4,18.66302001556728,32.36407779811398,18.66302001556728,0.0,7771.315426706942,32.36407779811398,0.0,0.0,0.08034118,17.1,0.0,32.364137941724906,0.08034118,0.08034118,0.0,0.0,0.08034118,0.0,0.0,0.0,0.04865536959737696,0.0,0.04865536959737696,0.0 
 07/21  21:56:00,33.4,18.66256745098051,32.364017906133675,18.66256745098051,0.0,7769.059435271456,32.364017906133675,0.0,0.0,0.08034118,17.1,0.0,32.36407779811398,0.08034118,0.08034118,0.0,0.0,0.08034118,0.0,0.0,0.0,0.04865536959737696,0.0,0.04865536959737696,0.0 
 07/21  21:57:00,33.4,18.662117417230764,32.36395826274142,18.662117417230764,0.0,7766.816079551891,32.36395826274142,0.0,0.0,0.08034118,17.1,0.0,32.364017906133675,0.08034118,0.08034118,0.0,0.0,0.08034118,0.0,0.0,0.0,0.04865536959737696,0.0,0.04865536959737696,0.0 
 07/21  21:58:00,33.4,18.661670135086947,32.36389886642265,18.661670135086947,0.0,7764.586432686433,32.36389886642265,0.0,0.0,0.08034118,17.1,0.0,32.36395826274142,0.08034118,0.08034118,0.0,0.0,0.08034118,0.0,0.0,0.0,0.04865536959737696,0.0,0.04865536959737696,0.0 
 07/21  21:59:00,33.4,18.661225353429554,32.363839714373384,18.661225353429554,0.0,7762.369258281078,32.363839714373384,0.0,0.0,0.08034118,17.1,0.0,32.36389886642265,0.08034118,0.08034118,0.0,0.0,0.08034118,0.0,0.0,0.0,0.04865536959737696,0.0,0.04865536959737696,0.0 
 07/21  22:00:00,33.4,18.660783290045508,32.363780806322175,18.660783290045508,0.0,7760.165639103734,32.363780806322175,0.0,0.0,0.08034118,17.1,0.0,32.363839714373384,0.08034118,0.08034118,0.0,0.0,0.08034118,0.0,0.0,0.0,0.04865536959737696,0.0,0.04865536959737696,0.0,49104000.0 
 07/21  22:01:00,33.4,18.660343697156044,32.36372213815059,18.660343697156044,0.0,7757.974330931993,32.36372213815059,0.0,0.0,0.08034118,17.1,0.0,32.363780806322175,0.08034118,0.08034118,0.0,0.0,0.08034118,0.0,0.0,0.0,0.04865536959737696,0.0,0.04865536959737696,0.0 
 07/21  22:02:00,33.4,18.659906790027712,32.36366370980585,18.659906790027712,0.0,7755.796416220792,32.36366370980585,0.0,0.0,0.08034118,17.1,0.0,32.36372213815059,0.08034118,0.08034118,0.0,0.0,0.08034118,0.0,0.0,0.0,0.04865536959737696,0.0,0.04865536959737696,0.0 
 07/21  22:03:00,33.4,18.659472323266723,32.36360551849943,18.659472323266723,0.0,7753.630674819801,32.36360551849943,0.0,0.0,0.08034118,17.1,0.0,32.36366370980585,0.08034118,0.08034118,0.0,0.0,0.08034118,0.0,0.0,0.0,0.04865536959737696,0.0,0.04865536959737696,0.0 
 07/21  22:04:00,33.4,18.659040509870128,32.36354756282576,18.659040509870128,0.0,7751.478153480762,32.36354756282576,0.0,0.0,0.08034118,17.1,0.0,32.36360551849943,0.08034118,0.08034118,0.0,0.0,0.08034118,0.0,0.0,0.0,0.04865536959737696,0.0,0.04865536959737696,0.0 
 07/21  22:05:00,33.4,18.65861110710414,32.36348984022164,18.65861110710414,0.0,7749.337669685551,32.36348984022164,0.0,0.0,0.08034118,17.1,0.0,32.36354756282576,0.08034118,0.08034118,0.0,0.0,0.08034118,0.0,0.0,0.0,0.04865536959737696,0.0,0.04865536959737696,0.0 
 07/21  22:06:00,33.4,18.658184325836938,32.36343235048274,18.658184325836938,0.0,7747.210235211492,32.36343235048274,0.0,0.0,0.08034118,17.1,0.0,32.36348984022164,0.08034118,0.08034118,0.0,0.0,0.08034118,0.0,0.0,0.0,0.04865536959737696,0.0,0.04865536959737696,0.0 
 07/21  22:07:00,33.4,18.657759926430295,32.36337508976554,18.657759926430295,0.0,7745.09469511961,32.36337508976554,0.0,0.0,0.08034118,17.1,0.0,32.36343235048274,0.08034118,0.08034118,0.0,0.0,0.08034118,0.0,0.0,0.0,0.04865536959737696,0.0,0.04865536959737696,0.0 
 07/21  22:08:00,33.4,18.65733811665243,32.363318058075706,18.65733811665243,0.0,7742.992057981314,32.363318058075706,0.0,0.0,0.08034118,17.1,0.0,32.36337508976554,0.08034118,0.08034118,0.0,0.0,0.08034118,0.0,0.0,0.0,0.04865536959737696,0.0,0.04865536959737696,0.0 
 07/21  22:09:00,33.4,18.656918660561345,32.363261252852524,18.656918660561345,0.0,7740.901150659174,32.363261252852524,0.0,0.0,0.08034118,17.1,0.0,32.363318058075706,0.08034118,0.08034118,0.0,0.0,0.08034118,0.0,0.0,0.0,0.04865536959737696,0.0,0.04865536959737696,0.0 
 07/21  22:10:00,33.4,18.65650176269234,32.36320467278693,18.65650176269234,0.0,7738.823014399886,32.36320467278693,0.0,0.0,0.08034118,17.1,0.0,32.363261252852524,0.08034118,0.08034118,0.0,0.0,0.08034118,0.0,0.0,0.0,0.04865536959737696,0.0,0.04865536959737696,0.0 
 07/21  22:11:00,33.4,18.656087190086808,32.36314831553163,18.656087190086808,0.0,7736.756454355705,32.36314831553163,0.0,0.0,0.08034118,17.1,0.0,32.36320467278693,0.08034118,0.08034118,0.0,0.0,0.08034118,0.0,0.0,0.0,0.04865536959737696,0.0,0.04865536959737696,0.0 
 07/21  22:12:00,33.4,18.655675145010115,32.363092180940555,18.655675145010115,0.0,7734.702512654735,32.363092180940555,0.0,0.0,0.08034118,17.1,0.0,32.36314831553163,0.08034118,0.08034118,0.0,0.0,0.08034118,0.0,0.0,0.0,0.04865536959737696,0.0,0.04865536959737696,0.0 
 07/21  22:13:00,33.4,18.65526539684008,32.36303626541709,18.65526539684008,0.0,7732.660018257357,32.36303626541709,0.0,0.0,0.08034118,17.1,0.0,32.363092180940555,0.08034118,0.08034118,0.0,0.0,0.08034118,0.0,0.0,0.0,0.04865536959737696,0.0,0.04865536959737696,0.0 
 07/21  22:14:00,33.4,18.654858146316414,32.362980569016834,18.654858146316414,0.0,7730.629969180982,32.362980569016834,0.0,0.0,0.08034118,17.1,0.0,32.36303626541709,0.08034118,0.08034118,0.0,0.0,0.08034118,0.0,0.0,0.0,0.04865536959737696,0.0,0.04865536959737696,0.0 
 07/21  22:15:00,33.4,18.654453165373585,32.362925089382664,18.654453165373585,0.0,7728.611243617652,32.362925089382664,0.0,0.0,0.08034118,17.1,0.0,32.362980569016834,0.08034118,0.08034118,0.0,0.0,0.08034118,0.0,0.0,0.0,0.04865536959737696,0.0,0.04865536959737696,0.0 
 07/21  22:16:00,33.4,18.654050652054483,32.36286982528975,18.654050652054483,0.0,7726.604814007915,32.36286982528975,0.0,0.0,0.08034118,17.1,0.0,32.362925089382664,0.08034118,0.08034118,0.0,0.0,0.08034118,0.0,0.0,0.0,0.04865536959737696,0.0,0.04865536959737696,0.0 
 07/21  22:17:00,33.4,18.6536503809271,32.36281477458326,18.6536503809271,0.0,7724.609571633005,32.36281477458326,0.0,0.0,0.08034118,17.1,0.0,32.36286982528975,0.08034118,0.08034118,0.0,0.0,0.08034118,0.0,0.0,0.0,0.04865536959737696,0.0,0.04865536959737696,0.0 
 07/21  22:18:00,33.4,18.65325254720643,32.362759937166196,18.65325254720643,0.0,7722.626487030625,32.362759937166196,0.0,0.0,0.08034118,17.1,0.0,32.36281477458326,0.08034118,0.08034118,0.0,0.0,0.08034118,0.0,0.0,0.0,0.04865536959737696,0.0,0.04865536959737696,0.0 
 07/21  22:19:00,33.4,18.652856929165605,32.36270530966278,18.652856929165605,0.0,7720.654433446825,32.36270530966278,0.0,0.0,0.08034118,17.1,0.0,32.362759937166196,0.08034118,0.08034118,0.0,0.0,0.08034118,0.0,0.0,0.0,0.04865536959737696,0.0,0.04865536959737696,0.0 
 07/21  22:20:00,33.4,18.652463719556714,32.36265089217019,18.652463719556714,0.0,7718.694405625888,32.36265089217019,0.0,0.0,0.08034118,17.1,0.0,32.36270530966278,0.08034118,0.08034118,0.0,0.0,0.08034118,0.0,0.0,0.0,0.04865536959737696,0.0,0.04865536959737696,0.0 
 07/21  22:21:00,33.4,18.652072699044712,32.36259668251288,18.652072699044712,0.0,7716.745276570809,32.36259668251288,0.0,0.0,0.08034118,17.1,0.0,32.36265089217019,0.08034118,0.08034118,0.0,0.0,0.08034118,0.0,0.0,0.0,0.04865536959737696,0.0,0.04865536959737696,0.0 
 07/21  22:22:00,33.4,18.651684058480207,32.36254267953946,18.651684058480207,0.0,7714.8080194139175,32.36254267953946,0.0,0.0,0.08034118,17.1,0.0,32.36259668251288,0.08034118,0.08034118,0.0,0.0,0.08034118,0.0,0.0,0.0,0.04865536959737696,0.0,0.04865536959737696,0.0 
 07/21  22:23:00,33.4,18.651297580243455,32.36248888126721,18.651297580243455,0.0,7712.881552120884,32.36248888126721,0.0,0.0,0.08034118,17.1,0.0,32.36254267953946,0.08034118,0.08034118,0.0,0.0,0.08034118,0.0,0.0,0.0,0.04865536959737696,0.0,0.04865536959737696,0.0 
 07/21  22:24:00,33.4,18.650913453133782,32.362435287641084,18.650913453133782,0.0,7710.966801199497,32.362435287641084,0.0,0.0,0.08034118,17.1,0.0,32.36248888126721,0.08034118,0.08034118,0.0,0.0,0.08034118,0.0,0.0,0.0,0.04865536959737696,0.0,0.04865536959737696,0.0 
 07/21  22:25:00,33.4,18.650531462948553,32.362381895484454,18.650531462948553,0.0,7709.062701616981,32.362381895484454,0.0,0.0,0.08034118,17.1,0.0,32.362435287641084,0.08034118,0.08034118,0.0,0.0,0.08034118,0.0,0.0,0.0,0.04865536959737696,0.0,0.04865536959737696,0.0 
 07/21  22:26:00,33.4,18.650151796413212,32.362328704930505,18.650151796413212,0.0,7707.170181710203,32.362328704930505,0.0,0.0,0.08034118,17.1,0.0,32.362381895484454,0.08034118,0.08034118,0.0,0.0,0.08034118,0.0,0.0,0.0,0.04865536959737696,0.0,0.04865536959737696,0.0 
 07/21  22:27:00,33.4,18.649774241144218,32.36227571396789,18.649774241144218,0.0,7705.288197613859,32.36227571396789,0.0,0.0,0.08034118,17.1,0.0,32.362328704930505,0.08034118,0.08034118,0.0,0.0,0.08034118,0.0,0.0,0.0,0.04865536959737696,0.0,0.04865536959737696,0.0 
 07/21  22:28:00,33.4,18.64939898133038,32.36222292151132,18.64939898133038,0.0,7703.417652924982,32.36222292151132,0.0,0.0,0.08034118,17.1,0.0,32.36227571396789,0.08034118,0.08034118,0.0,0.0,0.08034118,0.0,0.0,0.0,0.04865536959737696,0.0,0.04865536959737696,0.0 
 07/21  22:29:00,33.4,18.64902580720928,32.362170325734326,18.64902580720928,0.0,7701.557516805879,32.362170325734326,0.0,0.0,0.08034118,17.1,0.0,32.36222292151132,0.08034118,0.08034118,0.0,0.0,0.08034118,0.0,0.0,0.0,0.04865536959737696,0.0,0.04865536959737696,0.0 
 07/21  22:30:00,33.4,18.64865490146989,32.36211792661958,18.64865490146989,0.0,7699.7086732910475,32.36211792661958,0.0,0.0,0.08034118,17.1,0.0,32.362170325734326,0.08034118,0.08034118,0.0,0.0,0.08034118,0.0,0.0,0.0,0.04865536959737696,0.0,0.04865536959737696,0.0 
 07/21  22:31:00,33.4,18.64828605702652,32.3620657211718,18.64828605702652,0.0,7697.870116964696,32.3620657211718,0.0,0.0,0.08034118,17.1,0.0,32.36211792661958,0.08034118,0.08034118,0.0,0.0,0.08034118,0.0,0.0,0.0,0.04865536959737696,0.0,0.04865536959737696,0.0 
 07/21  22:32:00,33.4,18.647919453226216,32.362013709556166,18.647919453226216,0.0,7696.042739468485,32.362013709556166,0.0,0.0,0.08034118,17.1,0.0,32.3620657211718,0.08034118,0.08034118,0.0,0.0,0.08034118,0.0,0.0,0.0,0.04865536959737696,0.0,0.04865536959737696,0.0 
 07/21  22:33:00,33.4,18.64755488612181,32.36196188991017,18.64755488612181,0.0,7694.2255025529175,32.36196188991017,0.0,0.0,0.08034118,17.1,0.0,32.362013709556166,0.08034118,0.08034118,0.0,0.0,0.08034118,0.0,0.0,0.0,0.04865536959737696,0.0,0.04865536959737696,0.0 
 07/21  22:34:00,33.4,18.64719253337108,32.36191026120753,18.64719253337108,0.0,7692.4193136773465,32.36191026120753,0.0,0.0,0.08034118,17.1,0.0,32.36196188991017,0.08034118,0.08034118,0.0,0.0,0.08034118,0.0,0.0,0.0,0.04865536959737696,0.0,0.04865536959737696,0.0 
 07/21  22:35:00,33.4,18.646832192928816,32.361858821762404,18.646832192928816,0.0,7690.6231561588675,32.361858821762404,0.0,0.0,0.08034118,17.1,0.0,32.36191026120753,0.08034118,0.08034118,0.0,0.0,0.08034118,0.0,0.0,0.0,0.04865536959737696,0.0,0.04865536959737696,0.0 
 07/21  22:36:00,33.4,18.646474040583072,32.3618075715893,18.646474040583072,0.0,7688.8379039529855,32.3618075715893,0.0,0.0,0.08034118,17.1,0.0,32.361858821762404,0.08034118,0.08034118,0.0,0.0,0.08034118,0.0,0.0,0.0,0.04865536959737696,0.0,0.04865536959737696,0.0 
 07/21  22:37:00,33.4,18.646117876321576,32.361756507855915,18.646117876321576,0.0,7687.062574681263,32.361756507855915,0.0,0.0,0.08034118,17.1,0.0,32.3618075715893,0.08034118,0.08034118,0.0,0.0,0.08034118,0.0,0.0,0.0,0.04865536959737696,0.0,0.04865536959737696,0.0 
 07/21  22:38:00,33.4,18.645763874233765,32.36170563075324,18.645763874233765,0.0,7685.29800967071,32.36170563075324,0.0,0.0,0.08034118,17.1,0.0,32.361756507855915,0.08034118,0.08034118,0.0,0.0,0.08034118,0.0,0.0,0.0,0.04865536959737696,0.0,0.04865536959737696,0.0 
 07/21  22:39:00,33.4,18.645411836852254,32.361654938551396,18.645411836852254,0.0,7683.543251284441,32.361654938551396,0.0,0.0,0.08034118,17.1,0.0,32.36170563075324,0.08034118,0.08034118,0.0,0.0,0.08034118,0.0,0.0,0.0,0.04865536959737696,0.0,0.04865536959737696,0.0 
 07/21  22:40:00,33.4,18.645061935639138,32.36160443027476,18.645061935639138,0.0,7681.799139879286,32.36160443027476,0.0,0.0,0.08034118,17.1,0.0,32.361654938551396,0.08034118,0.08034118,0.0,0.0,0.08034118,0.0,0.0,0.0,0.04865536959737696,0.0,0.04865536959737696,0.0 
 07/21  22:41:00,33.4,18.64471397578447,32.36155410436288,18.64471397578447,0.0,7680.064706855692,32.36155410436288,0.0,0.0,0.08034118,17.1,0.0,32.36160443027476,0.08034118,0.08034118,0.0,0.0,0.08034118,0.0,0.0,0.0,0.04865536959737696,0.0,0.04865536959737696,0.0 
 07/21  22:42:00,33.4,18.64436812691984,32.36150396085635,18.64436812691984,0.0,7678.340795559052,32.36150396085635,0.0,0.0,0.08034118,17.1,0.0,32.36155410436288,0.08034118,0.08034118,0.0,0.0,0.08034118,0.0,0.0,0.0,0.04865536959737696,0.0,0.04865536959737696,0.0 
 07/21  22:43:00,33.4,18.64402419652247,32.36145399706968,18.64402419652247,0.0,7676.626448762954,32.36145399706968,0.0,0.0,0.08034118,17.1,0.0,32.36150396085635,0.08034118,0.08034118,0.0,0.0,0.08034118,0.0,0.0,0.0,0.04865536959737696,0.0,0.04865536959737696,0.0 
 07/21  22:44:00,33.4,18.643682351619216,32.361404213215216,18.643682351619216,0.0,7674.922508931354,32.361404213215216,0.0,0.0,0.08034118,17.1,0.0,32.36145399706968,0.08034118,0.08034118,0.0,0.0,0.08034118,0.0,0.0,0.0,0.04865536959737696,0.0,0.04865536959737696,0.0 
 07/21  22:45:00,33.4,18.643342402341897,32.361354607682706,18.643342402341897,0.0,7673.228007896469,32.361354607682706,0.0,0.0,0.08034118,17.1,0.0,32.361404213215216,0.08034118,0.08034118,0.0,0.0,0.08034118,0.0,0.0,0.0,0.04865536959737696,0.0,0.04865536959737696,0.0 
 07/21  22:46:00,33.4,18.643004513991148,32.361305179541596,18.643004513991148,0.0,7671.543791605695,32.361305179541596,0.0,0.0,0.08034118,17.1,0.0,32.361354607682706,0.08034118,0.08034118,0.0,0.0,0.08034118,0.0,0.0,0.0,0.04865536959737696,0.0,0.04865536959737696,0.0 
 07/21  22:47:00,33.4,18.642668498454558,32.361255927345034,18.642668498454558,0.0,7669.8689126944555,32.361255927345034,0.0,0.0,0.08034118,17.1,0.0,32.361305179541596,0.08034118,0.08034118,0.0,0.0,0.08034118,0.0,0.0,0.0,0.04865536959737696,0.0,0.04865536959737696,0.0 
 07/21  22:48:00,33.4,18.642334519917437,32.36120685115645,18.642334519917437,0.0,7668.204175371488,32.36120685115645,0.0,0.0,0.08034118,17.1,0.0,32.361255927345034,0.08034118,0.08034118,0.0,0.0,0.08034118,0.0,0.0,0.0,0.04865536959737696,0.0,0.04865536959737696,0.0 
 07/21  22:49:00,33.4,18.64200239225641,32.36115794842443,18.64200239225641,0.0,7666.548678350337,32.36115794842443,0.0,0.0,0.08034118,17.1,0.0,32.36120685115645,0.08034118,0.08034118,0.0,0.0,0.08034118,0.0,0.0,0.0,0.04865536959737696,0.0,0.04865536959737696,0.0 
 07/21  22:50:00,33.4,18.641672276920445,32.361109219380026,18.641672276920445,0.0,7664.903212231984,32.361109219380026,0.0,0.0,0.08034118,17.1,0.0,32.36115794842443,0.08034118,0.08034118,0.0,0.0,0.08034118,0.0,0.0,0.0,0.04865536959737696,0.0,0.04865536959737696,0.0 
 07/21  22:51:00,33.4,18.64134399032751,32.36106066252216,18.64134399032751,0.0,7663.266864248417,32.36106066252216,0.0,0.0,0.08034118,17.1,0.0,32.361109219380026,0.08034118,0.08034118,0.0,0.0,0.08034118,0.0,0.0,0.0,0.04865536959737696,0.0,0.04865536959737696,0.0 
 07/21  22:52:00,33.4,18.641017692829244,32.36101227696121,18.641017692829244,0.0,7661.640419558671,32.36101227696121,0.0,0.0,0.08034118,17.1,0.0,32.36106066252216,0.08034118,0.08034118,0.0,0.0,0.08034118,0.0,0.0,0.0,0.04865536959737696,0.0,0.04865536959737696,0.0 
 07/21  22:53:00,33.4,18.64069320262889,32.36096406135387,18.64069320262889,0.0,7660.02299836804,32.36096406135387,0.0,0.0,0.08034118,17.1,0.0,32.36101227696121,0.08034118,0.08034118,0.0,0.0,0.08034118,0.0,0.0,0.0,0.04865536959737696,0.0,0.04865536959737696,0.0 
 07/21  22:54:00,33.4,18.640370677347686,32.36091601578354,18.640370677347686,0.0,7658.415372257464,32.36091601578354,0.0,0.0,0.08034118,17.1,0.0,32.36096406135387,0.08034118,0.08034118,0.0,0.0,0.08034118,0.0,0.0,0.0,0.04865536959737696,0.0,0.04865536959737696,0.0 
 07/21  22:55:00,33.4,18.64004993770847,32.36086813782108,18.64004993770847,0.0,7656.816649864936,32.36086813782108,0.0,0.0,0.08034118,17.1,0.0,32.36091601578354,0.08034118,0.08034118,0.0,0.0,0.08034118,0.0,0.0,0.0,0.04865536959737696,0.0,0.04865536959737696,0.0 
 07/21  22:56:00,33.4,18.639731139826814,32.36082042771328,18.639731139826814,0.0,7655.227607334568,32.36082042771328,0.0,0.0,0.08034118,17.1,0.0,32.36086813782108,0.08034118,0.08034118,0.0,0.0,0.08034118,0.0,0.0,0.0,0.04865536959737696,0.0,0.04865536959737696,0.0 
 07/21  22:57:00,33.4,18.63941410711629,32.36077288405781,18.63941410711629,0.0,7653.64735465078,32.36077288405781,0.0,0.0,0.08034118,17.1,0.0,32.36082042771328,0.08034118,0.08034118,0.0,0.0,0.08034118,0.0,0.0,0.0,0.04865536959737696,0.0,0.04865536959737696,0.0 
 07/21  22:58:00,33.4,18.639098993346504,32.3607255060012,18.639098993346504,0.0,7652.076680362011,32.3607255060012,0.0,0.0,0.08034118,17.1,0.0,32.36077288405781,0.08034118,0.08034118,0.0,0.0,0.08034118,0.0,0.0,0.0,0.04865536959737696,0.0,0.04865536959737696,0.0 
 07/21  22:59:00,33.4,18.638785623673776,32.36067829229372,18.638785623673776,0.0,7650.514691088583,32.36067829229372,0.0,0.0,0.08034118,17.1,0.0,32.3607255060012,0.08034118,0.08034118,0.0,0.0,0.08034118,0.0,0.0,0.0,0.04865536959737696,0.0,0.04865536959737696,0.0 
 07/21  23:00:00,33.4,18.638474150029218,32.360631243035655,18.638474150029218,0.0,7648.96216622737,32.360631243035655,0.0,0.0,0.08034118,17.1,0.0,32.36067829229372,0.08034118,0.08034118,0.0,0.0,0.08034118,0.0,0.0,0.0,0.04865536959737696,0.0,0.04865536959737696,0.0,49104000.0 
 07/21  23:01:00,33.4,18.638164399742312,32.36058435590956,18.638164399742312,0.0,7647.418223215277,32.36058435590956,0.0,0.0,0.08034118,17.1,0.0,32.360631243035655,0.08034118,0.08034118,0.0,0.0,0.08034118,0.0,0.0,0.0,0.04865536959737696,0.0,0.04865536959737696,0.0 
 07/21  23:02:00,33.4,18.637856523538524,32.360537631175745,18.637856523538524,0.0,7645.883623424511,32.360537631175745,0.0,0.0,0.08034118,17.1,0.0,32.36058435590956,0.08034118,0.08034118,0.0,0.0,0.08034118,0.0,0.0,0.0,0.04865536959737696,0.0,0.04865536959737696,0.0 
 07/21  23:03:00,33.4,18.637550349889775,32.36049106752233,18.637550349889775,0.0,7644.357526042586,32.36049106752233,0.0,0.0,0.08034118,17.1,0.0,32.360537631175745,0.08034118,0.08034118,0.0,0.0,0.08034118,0.0,0.0,0.0,0.04865536959737696,0.0,0.04865536959737696,0.0 
 07/21  23:04:00,33.4,18.637246028416378,32.3604446641291,18.637246028416378,0.0,7642.840638868524,32.3604446641291,0.0,0.0,0.08034118,17.1,0.0,32.36049106752233,0.08034118,0.08034118,0.0,0.0,0.08034118,0.0,0.0,0.0,0.04865536959737696,0.0,0.04865536959737696,0.0 
 07/21  23:05:00,33.4,18.636943389940576,32.360398419832286,18.636943389940576,0.0,7641.332156810431,32.360398419832286,0.0,0.0,0.08034118,17.1,0.0,32.3604446641291,0.08034118,0.08034118,0.0,0.0,0.08034118,0.0,0.0,0.0,0.04865536959737696,0.0,0.04865536959737696,0.0 
 07/21  23:06:00,33.4,18.636642581225377,32.36035233474745,18.636642581225377,0.0,7639.832797495151,32.36035233474745,0.0,0.0,0.08034118,17.1,0.0,32.360398419832286,0.08034118,0.08034118,0.0,0.0,0.08034118,0.0,0.0,0.0,0.04865536959737696,0.0,0.04865536959737696,0.0 
 07/21  23:07:00,33.4,18.63634343522947,32.360306406659994,18.63634343522947,0.0,7638.341730403131,32.360306406659994,0.0,0.0,0.08034118,17.1,0.0,32.36035233474745,0.08034118,0.08034118,0.0,0.0,0.08034118,0.0,0.0,0.0,0.04865536959737696,0.0,0.04865536959737696,0.0 
 07/21  23:08:00,33.4,18.63604609782682,32.36026063584196,18.63604609782682,0.0,7636.859668753677,32.36026063584196,0.0,0.0,0.08034118,17.1,0.0,32.360306406659994,0.08034118,0.08034118,0.0,0.0,0.08034118,0.0,0.0,0.0,0.04865536959737696,0.0,0.04865536959737696,0.0 
 07/21  23:09:00,33.4,18.635750404156497,32.36021502106394,18.635750404156497,0.0,7635.385804878142,32.36021502106394,0.0,0.0,0.08034118,17.1,0.0,32.36026063584196,0.08034118,0.08034118,0.0,0.0,0.08034118,0.0,0.0,0.0,0.04865536959737696,0.0,0.04865536959737696,0.0 
 07/21  23:10:00,33.4,18.63545649767355,32.360169561535436,18.63545649767355,0.0,7633.920851973403,32.360169561535436,0.0,0.0,0.08034118,17.1,0.0,32.36021502106394,0.08034118,0.08034118,0.0,0.0,0.08034118,0.0,0.0,0.0,0.04865536959737696,0.0,0.04865536959737696,0.0 
 07/21  23:11:00,33.4,18.635164215144247,32.36012425617053,18.635164215144247,0.0,7632.463998452886,32.36012425617053,0.0,0.0,0.08034118,17.1,0.0,32.360169561535436,0.08034118,0.08034118,0.0,0.0,0.08034118,0.0,0.0,0.0,0.04865536959737696,0.0,0.04865536959737696,0.0 
 07/21  23:12:00,33.4,18.63487369891949,32.36007910509721,18.63487369891949,0.0,7631.015940029574,32.36007910509721,0.0,0.0,0.08034118,17.1,0.0,32.36012425617053,0.08034118,0.08034118,0.0,0.0,0.08034118,0.0,0.0,0.0,0.04865536959737696,0.0,0.04865536959737696,0.0 
 07/21  23:13:00,33.4,18.634584787427894,32.36003410619444,18.634584787427894,0.0,7629.57589737377,32.36003410619444,0.0,0.0,0.08034118,17.1,0.0,32.36007910509721,0.08034118,0.08034118,0.0,0.0,0.08034118,0.0,0.0,0.0,0.04865536959737696,0.0,0.04865536959737696,0.0 
 07/21  23:14:00,33.4,18.6342976211977,32.359989259743166,18.6342976211977,0.0,7628.144545144628,32.359989259743166,0.0,0.0,0.08034118,17.1,0.0,32.36003410619444,0.08034118,0.08034118,0.0,0.0,0.08034118,0.0,0.0,0.0,0.04865536959737696,0.0,0.04865536959737696,0.0 
 07/21  23:15:00,33.4,18.63401204108895,32.359944564588325,18.63401204108895,0.0,7626.721104105504,32.359944564588325,0.0,0.0,0.08034118,17.1,0.0,32.359989259743166,0.08034118,0.08034118,0.0,0.0,0.08034118,0.0,0.0,0.0,0.04865536959737696,0.0,0.04865536959737696,0.0 
 07/21  23:16:00,33.4,18.633728186149074,32.359900019965345,18.633728186149074,0.0,7625.3062535545905,32.359900019965345,0.0,0.0,0.08034118,17.1,0.0,32.359944564588325,0.08034118,0.08034118,0.0,0.0,0.08034118,0.0,0.0,0.0,0.04865536959737696,0.0,0.04865536959737696,0.0 
 07/21  23:17:00,33.4,18.633445898470864,32.35985562485841,18.633445898470864,0.0,7623.8992323624325,32.35985562485841,0.0,0.0,0.08034118,17.1,0.0,32.359900019965345,0.08034118,0.08034118,0.0,0.0,0.08034118,0.0,0.0,0.0,0.04865536959737696,0.0,0.04865536959737696,0.0 
 07/21  23:18:00,33.4,18.633165315239154,32.35981137940528,18.633165315239154,0.0,7622.500698584649,32.35981137940528,0.0,0.0,0.08034118,17.1,0.0,32.35985562485841,0.08034118,0.08034118,0.0,0.0,0.08034118,0.0,0.0,0.0,0.04865536959737696,0.0,0.04865536959737696,0.0 
 07/21  23:19:00,33.4,18.632886281500507,32.35976728157013,18.632886281500507,0.0,7621.109881814232,32.35976728157013,0.0,0.0,0.08034118,17.1,0.0,32.35981137940528,0.08034118,0.08034118,0.0,0.0,0.08034118,0.0,0.0,0.0,0.04865536959737696,0.0,0.04865536959737696,0.0 
 07/21  23:20:00,33.4,18.63260893214702,32.359723331640545,18.63260893214702,0.0,7619.727476631051,32.359723331640545,0.0,0.0,0.08034118,17.1,0.0,32.35976728157013,0.08034118,0.08034118,0.0,0.0,0.08034118,0.0,0.0,0.0,0.04865536959737696,0.0,0.04865536959737696,0.0 
 07/21  23:21:00,33.4,18.632333113612155,32.35967952852898,18.632333113612155,0.0,7618.352695565236,32.35967952852898,0.0,0.0,0.08034118,17.1,0.0,32.359723331640545,0.08034118,0.08034118,0.0,0.0,0.08034118,0.0,0.0,0.0,0.04865536959737696,0.0,0.04865536959737696,0.0 
 07/21  23:22:00,33.4,18.63205895974406,32.35963587149392,18.63205895974406,0.0,7616.986216026553,32.35963587149392,0.0,0.0,0.08034118,17.1,0.0,32.35967952852898,0.08034118,0.08034118,0.0,0.0,0.08034118,0.0,0.0,0.0,0.04865536959737696,0.0,0.04865536959737696,0.0 
 07/21  23:23:00,33.4,18.631786319048025,32.359592359583466,18.631786319048025,0.0,7615.627272831089,32.359592359583466,0.0,0.0,0.08034118,17.1,0.0,32.35963587149392,0.08034118,0.08034118,0.0,0.0,0.08034118,0.0,0.0,0.0,0.04865536959737696,0.0,0.04865536959737696,0.0 
 07/21  23:24:00,33.4,18.631515323745095,32.35954899294352,18.631515323745095,0.0,7614.276535294193,32.35954899294352,0.0,0.0,0.08034118,17.1,0.0,32.359592359583466,0.08034118,0.08034118,0.0,0.0,0.08034118,0.0,0.0,0.0,0.04865536959737696,0.0,0.04865536959737696,0.0 
 07/21  23:25:00,33.4,18.631245823474053,32.359505769616995,18.631245823474053,0.0,7612.933255836365,32.359505769616995,0.0,0.0,0.08034118,17.1,0.0,32.35954899294352,0.08034118,0.08034118,0.0,0.0,0.08034118,0.0,0.0,0.0,0.04865536959737696,0.0,0.04865536959737696,0.0 
 07/21  23:26:00,33.4,18.63097794875424,32.35946268989712,18.63097794875424,0.0,7611.598083339841,32.35946268989712,0.0,0.0,0.08034118,17.1,0.0,32.359505769616995,0.08034118,0.08034118,0.0,0.0,0.08034118,0.0,0.0,0.0,0.04865536959737696,0.0,0.04865536959737696,0.0 
 07/21  23:27:00,33.4,18.630711551663,32.35941975275863,18.630711551663,0.0,7610.270270391311,32.35941975275863,0.0,0.0,0.08034118,17.1,0.0,32.35946268989712,0.08034118,0.08034118,0.0,0.0,0.08034118,0.0,0.0,0.0,0.04865536959737696,0.0,0.04865536959737696,0.0 
 07/21  23:28:00,33.4,18.630446761956744,32.35937695748158,18.630446761956744,0.0,7608.9504620865455,32.35937695748158,0.0,0.0,0.08034118,17.1,0.0,32.35941975275863,0.08034118,0.08034118,0.0,0.0,0.08034118,0.0,0.0,0.0,0.04865536959737696,0.0,0.04865536959737696,0.0 
 07/21  23:29:00,33.4,18.630183432415922,32.35933430317322,18.630183432415922,0.0,7607.637950382923,32.35933430317322,0.0,0.0,0.08034118,17.1,0.0,32.35937695748158,0.08034118,0.08034118,0.0,0.0,0.08034118,0.0,0.0,0.0,0.04865536959737696,0.0,0.04865536959737696,0.0 
 07/21  23:30:00,33.4,18.629921690775607,32.35929178998698,18.629921690775607,0.0,7606.3333464089465,32.35929178998698,0.0,0.0,0.08034118,17.1,0.0,32.35933430317322,0.08034118,0.08034118,0.0,0.0,0.08034118,0.0,0.0,0.0,0.04865536959737696,0.0,0.04865536959737696,0.0 
 07/21  23:31:00,33.4,18.629661392632922,32.359249416039184,18.629661392632922,0.0,7605.035932218143,32.359249416039184,0.0,0.0,0.08034118,17.1,0.0,32.35929178998698,0.08034118,0.08034118,0.0,0.0,0.08034118,0.0,0.0,0.0,0.04865536959737696,0.0,0.04865536959737696,0.0 
 07/21  23:32:00,33.4,18.62940266414049,32.35920718162815,18.62940266414049,0.0,7603.7463469364,32.35920718162815,0.0,0.0,0.08034118,17.1,0.0,32.359249416039184,0.08034118,0.08034118,0.0,0.0,0.08034118,0.0,0.0,0.0,0.04865536959737696,0.0,0.04865536959737696,0.0 
 07/21  23:33:00,33.4,18.629145361797555,32.359165085786394,18.629145361797555,0.0,7602.463877096625,32.359165085786394,0.0,0.0,0.08034118,17.1,0.0,32.35920718162815,0.08034118,0.08034118,0.0,0.0,0.08034118,0.0,0.0,0.0,0.04865536959737696,0.0,0.04865536959737696,0.0 
 07/21  23:34:00,33.4,18.628889610580195,32.35912312781422,18.628889610580195,0.0,7601.189132077611,32.35912312781422,0.0,0.0,0.08034118,17.1,0.0,32.359165085786394,0.08034118,0.08034118,0.0,0.0,0.08034118,0.0,0.0,0.0,0.04865536959737696,0.0,0.04865536959737696,0.0 
 07/21  23:35:00,33.4,18.628635268937952,32.359081306873705,18.628635268937952,0.0,7599.921420057167,32.359081306873705,0.0,0.0,0.08034118,17.1,0.0,32.35912312781422,0.08034118,0.08034118,0.0,0.0,0.08034118,0.0,0.0,0.0,0.04865536959737696,0.0,0.04865536959737696,0.0 
 07/21  23:36:00,33.4,18.62838246043108,32.35903962312519,18.62838246043108,0.0,7598.661343379208,32.35903962312519,0.0,0.0,0.08034118,17.1,0.0,32.359081306873705,0.08034118,0.08034118,0.0,0.0,0.08034118,0.0,0.0,0.0,0.04865536959737696,0.0,0.04865536959737696,0.0 
 07/21  23:37:00,33.4,18.628131045087944,32.35899807475345,18.628131045087944,0.0,7597.408218067571,32.35899807475345,0.0,0.0,0.08034118,17.1,0.0,32.35903962312519,0.08034118,0.08034118,0.0,0.0,0.08034118,0.0,0.0,0.0,0.04865536959737696,0.0,0.04865536959737696,0.0 
 07/21  23:38:00,33.4,18.62788114446893,32.35895666206137,18.62788114446893,0.0,7596.162648462209,32.35895666206137,0.0,0.0,0.08034118,17.1,0.0,32.35899807475345,0.08034118,0.08034118,0.0,0.0,0.08034118,0.0,0.0,0.0,0.04865536959737696,0.0,0.04865536959737696,0.0 
 07/21  23:39:00,33.4,18.62763262064234,32.358915384135116,18.62763262064234,0.0,7594.923936854061,32.358915384135116,0.0,0.0,0.08034118,17.1,0.0,32.35895666206137,0.08034118,0.08034118,0.0,0.0,0.08034118,0.0,0.0,0.0,0.04865536959737696,0.0,0.04865536959737696,0.0 
 07/21  23:40:00,33.4,18.627385594512443,32.358874240293964,18.627385594512443,0.0,7593.692684327248,32.358874240293964,0.0,0.0,0.08034118,17.1,0.0,32.358915384135116,0.08034118,0.08034118,0.0,0.0,0.08034118,0.0,0.0,0.0,0.04865536959737696,0.0,0.04865536959737696,0.0 
 07/21  23:41:00,33.4,18.627139929326088,32.3588332297507,18.627139929326088,0.0,7592.468222900225,32.3588332297507,0.0,0.0,0.08034118,17.1,0.0,32.358874240293964,0.08034118,0.08034118,0.0,0.0,0.08034118,0.0,0.0,0.0,0.04865536959737696,0.0,0.04865536959737696,0.0 
 07/21  23:42:00,33.4,18.626895744209833,32.35879235267171,18.626895744209833,0.0,7591.251132886105,32.35879235267171,0.0,0.0,0.08034118,17.1,0.0,32.3588332297507,0.08034118,0.08034118,0.0,0.0,0.08034118,0.0,0.0,0.0,0.04865536959737696,0.0,0.04865536959737696,0.0 
 07/21  23:43:00,33.4,18.626652903932097,32.35875160730547,18.626652903932097,0.0,7590.040753864805,32.35875160730547,0.0,0.0,0.08034118,17.1,0.0,32.35879235267171,0.08034118,0.08034118,0.0,0.0,0.08034118,0.0,0.0,0.0,0.04865536959737696,0.0,0.04865536959737696,0.0 
 07/21  23:44:00,33.4,18.62641152581974,32.35871099395848,18.62641152581974,0.0,7588.837669128056,32.35871099395848,0.0,0.0,0.08034118,17.1,0.0,32.35875160730547,0.08034118,0.08034118,0.0,0.0,0.08034118,0.0,0.0,0.0,0.04865536959737696,0.0,0.04865536959737696,0.0 
 07/21  23:45:00,33.4,18.626171476732825,32.35867051176623,18.626171476732825,0.0,7587.641204805072,32.35867051176623,0.0,0.0,0.08034118,17.1,0.0,32.35871099395848,0.08034118,0.08034118,0.0,0.0,0.08034118,0.0,0.0,0.0,0.04865536959737696,0.0,0.04865536959737696,0.0 
 07/21  23:46:00,33.4,18.625932873430564,32.35863016006526,18.625932873430564,0.0,7586.451941371447,32.35863016006526,0.0,0.0,0.08034118,17.1,0.0,32.35867051176623,0.08034118,0.08034118,0.0,0.0,0.08034118,0.0,0.0,0.0,0.04865536959737696,0.0,0.04865536959737696,0.0 
 07/21  23:47:00,33.4,18.62569558389315,32.35858993811476,18.62569558389315,0.0,7585.269234368457,32.35858993811476,0.0,0.0,0.08034118,17.1,0.0,32.35863016006526,0.08034118,0.08034118,0.0,0.0,0.08034118,0.0,0.0,0.0,0.04865536959737696,0.0,0.04865536959737696,0.0 
 07/21  23:48:00,33.4,18.625459723143106,32.35854984608575,18.625459723143106,0.0,7584.093643717097,32.35854984608575,0.0,0.0,0.08034118,17.1,0.0,32.35858993811476,0.08034118,0.08034118,0.0,0.0,0.08034118,0.0,0.0,0.0,0.04865536959737696,0.0,0.04865536959737696,0.0 
 07/21  23:49:00,33.4,18.625225160620346,32.35850988228541,18.625225160620346,0.0,7582.924532212701,32.35850988228541,0.0,0.0,0.08034118,17.1,0.0,32.35854984608575,0.08034118,0.08034118,0.0,0.0,0.08034118,0.0,0.0,0.0,0.04865536959737696,0.0,0.04865536959737696,0.0 
 07/21  23:50:00,33.4,18.624992010088857,32.358470047022415,18.624992010088857,0.0,7581.762453523083,32.358470047022415,0.0,0.0,0.08034118,17.1,0.0,32.35850988228541,0.08034118,0.08034118,0.0,0.0,0.08034118,0.0,0.0,0.0,0.04865536959737696,0.0,0.04865536959737696,0.0 
 07/21  23:51:00,33.4,18.624760143081183,32.358430339477046,18.624760143081183,0.0,7580.606768936104,32.358430339477046,0.0,0.0,0.08034118,17.1,0.0,32.358470047022415,0.08034118,0.08034118,0.0,0.0,0.08034118,0.0,0.0,0.0,0.04865536959737696,0.0,0.04865536959737696,0.0 
 07/21  23:52:00,33.4,18.62452967164321,32.3583907590011,18.62452967164321,0.0,7579.4580473997985,32.3583907590011,0.0,0.0,0.08034118,17.1,0.0,32.358430339477046,0.08034118,0.08034118,0.0,0.0,0.08034118,0.0,0.0,0.0,0.04865536959737696,0.0,0.04865536959737696,0.0 
 07/21  23:53:00,33.4,18.624300468540238,32.3583513048958,18.624300468540238,0.0,7578.315644421568,32.3583513048958,0.0,0.0,0.08034118,17.1,0.0,32.3583907590011,0.08034118,0.08034118,0.0,0.0,0.08034118,0.0,0.0,0.0,0.04865536959737696,0.0,0.04865536959737696,0.0 
 07/21  23:54:00,33.4,18.624072644515458,32.3583119773354,18.624072644515458,0.0,7577.180122468767,32.3583119773354,0.0,0.0,0.08034118,17.1,0.0,32.3583513048958,0.08034118,0.08034118,0.0,0.0,0.08034118,0.0,0.0,0.0,0.04865536959737696,0.0,0.04865536959737696,0.0 
 07/21  23:55:00,33.4,18.623846073920134,32.35827277468125,18.623846073920134,0.0,7576.050844938345,32.35827277468125,0.0,0.0,0.08034118,17.1,0.0,32.3583119773354,0.08034118,0.08034118,0.0,0.0,0.08034118,0.0,0.0,0.0,0.04865536959737696,0.0,0.04865536959737696,0.0 
 07/21  23:56:00,33.4,18.623620866288988,32.358233697243136,18.623620866288988,0.0,7574.928368285591,32.358233697243136,0.0,0.0,0.08034118,17.1,0.0,32.35827277468125,0.08034118,0.08034118,0.0,0.0,0.08034118,0.0,0.0,0.0,0.04865536959737696,0.0,0.04865536959737696,0.0 
 07/21  23:57:00,33.4,18.62339689796045,32.35819474424264,18.62339689796045,0.0,7573.812053894981,32.35819474424264,0.0,0.0,0.08034118,17.1,0.0,32.358233697243136,0.08034118,0.08034118,0.0,0.0,0.08034118,0.0,0.0,0.0,0.04865536959737696,0.0,0.04865536959737696,0.0 
 07/21  23:58:00,33.4,18.62317427676349,32.35815591504576,18.62317427676349,0.0,7572.702473532418,32.35815591504576,0.0,0.0,0.08034118,17.1,0.0,32.35819474424264,0.08034118,0.08034118,0.0,0.0,0.08034118,0.0,0.0,0.0,0.04865536959737696,0.0,0.04865536959737696,0.0 
 07/21  23:59:00,33.4,18.622952880206192,32.358117208992866,18.622952880206192,0.0,7571.5989825074075,32.358117208992866,0.0,0.0,0.08034118,17.1,0.0,32.35815591504576,0.08034118,0.08034118,0.0,0.0,0.08034118,0.0,0.0,0.0,0.04865536959737696,0.0,0.04865536959737696,0.0 
 07/21  24:00:00,33.4,18.622732815354752,32.35807862626133,18.622732815354752,0.0,7570.502136891164,32.35807862626133,0.0,0.0,0.08034118,17.1,0.0,32.358117208992866,0.08034118,0.08034118,0.0,0.0,0.08034118,0.0,0.0,0.0,0.04865536959737696,0.0,0.04865536959737696,0.0,49104000.0 
 07/21  00:01:00,32.7,19.035063282362174,32.315872351508006,19.035063282362174,0.0,0.0,32.315872351508006,0.0,0.0,0.0,18.599436855333124,0.0,32.33700369422429,0.0,0.0,0.0,0.0,0.0,0.0,0.0,0.0,0.0,0.0,0.0,0.0 
 07/21  00:02:00,32.7,19.674807991428345,32.282970702060254,19.674807991428345,0.0,0.0,32.282970702060254,0.0,0.0,0.0,19.035063282362174,0.0,32.315872351508006,0.0,0.0,0.0,0.0,0.0,0.0,0.0,0.0,0.0,0.0,0.0,0.0 
 07/21  00:03:00,32.7,20.28622034952659,32.24825116021767,20.28622034952659,0.0,0.0,32.24825116021767,0.0,0.0,0.0,19.674807991428345,0.0,32.282970702060254,0.0,0.0,0.0,0.0,0.0,0.0,0.0,0.0,0.0,0.0,0.0,0.0 
 07/21  00:04:00,32.7,20.785054631773,32.216209477508144,20.785054631773,0.0,0.0,32.216209477508144,0.0,0.0,0.0,20.28622034952659,0.0,32.24825116021767,0.0,0.0,0.0,0.0,0.0,0.0,0.0,0.0,0.0,0.0,0.0,0.0 
 07/21  00:05:00,32.7,21.17973380039013,32.187707491194395,21.17973380039013,0.0,0.0,32.187707491194395,0.0,0.0,0.0,20.785054631773,0.0,32.216209477508144,0.0,0.0,0.0,0.0,0.0,0.0,0.0,0.0,0.0,0.0,0.0,0.0 
 07/21  00:06:00,32.7,21.504801090896933,32.16230365116076,21.504801090896933,0.0,0.0,32.16230365116076,0.0,0.0,0.0,21.17973380039013,0.0,32.187707491194395,0.0,0.0,0.0,0.0,0.0,0.0,0.0,0.0,0.0,0.0,0.0,0.0 
 07/21  00:07:00,32.7,21.789622460311207,32.13942152264212,21.789622460311207,0.0,0.0,32.13942152264212,0.0,0.0,0.0,21.504801090896933,0.0,32.16230365116076,0.0,0.0,0.0,0.0,0.0,0.0,0.0,0.0,0.0,0.0,0.0,0.0 
 07/21  00:08:00,32.7,22.04925719485376,32.118657256835206,22.04925719485376,0.0,0.0,32.118657256835206,0.0,0.0,0.0,21.789622460311207,0.0,32.13942152264212,0.0,0.0,0.0,0.0,0.0,0.0,0.0,0.0,0.0,0.0,0.0,0.0 
 07/21  00:09:00,32.7,22.29197330781605,32.09975749919081,22.29197330781605,0.0,0.0,32.09975749919081,0.0,0.0,0.0,22.04925719485376,0.0,32.118657256835206,0.0,0.0,0.0,0.0,0.0,0.0,0.0,0.0,0.0,0.0,0.0,0.0 
 07/21  00:10:00,32.7,22.513726234783785,32.082543127196516,22.513726234783785,0.0,0.0,32.082543127196516,0.0,0.0,0.0,22.29197330781605,0.0,32.09975749919081,0.0,0.0,0.0,0.0,0.0,0.0,0.0,0.0,0.0,0.0,0.0,0.0 
 07/21  00:11:00,32.7,22.711775503464573,32.06686359910216,22.711775503464573,0.0,0.0,32.06686359910216,0.0,0.0,0.0,22.513726234783785,0.0,32.082543127196516,0.0,0.0,0.0,0.0,0.0,0.0,0.0,0.0,0.0,0.0,0.0,0.0 
 07/21  00:12:00,32.7,22.88675169367134,32.05258054909401,22.88675169367134,0.0,0.0,32.05258054909401,0.0,0.0,0.0,22.711775503464573,0.0,32.06686359910216,0.0,0.0,0.0,0.0,0.0,0.0,0.0,0.0,0.0,0.0,0.0,0.0 
 07/21  00:13:00,32.7,23.041447048475803,32.039565577774326,23.041447048475803,0.0,0.0,32.039565577774326,0.0,0.0,0.0,22.88675169367134,0.0,32.05258054909401,0.0,0.0,0.0,0.0,0.0,0.0,0.0,0.0,0.0,0.0,0.0,0.0 
 07/21  00:14:00,32.7,23.179294487922594,32.02770053336933,23.179294487922594,0.0,0.0,32.02770053336933,0.0,0.0,0.0,23.041447048475803,0.0,32.039565577774326,0.0,0.0,0.0,0.0,0.0,0.0,0.0,0.0,0.0,0.0,0.0,0.0 
 07/21  00:15:00,32.7,23.30355192571121,32.01687802901197,23.30355192571121,0.0,0.0,32.01687802901197,0.0,0.0,0.0,23.179294487922594,0.0,32.02770053336933,0.0,0.0,0.0,0.0,0.0,0.0,0.0,0.0,0.0,0.0,0.0,0.0 
 07/21  00:16:00,32.7,23.416932410456546,32.007000940566435,23.416932410456546,0.0,0.0,32.007000940566435,0.0,0.0,0.0,23.30355192571121,0.0,32.01687802901197,0.0,0.0,0.0,0.0,0.0,0.0,0.0,0.0,0.0,0.0,0.0,0.0 
 07/21  00:17:00,32.7,23.521654038232317,31.997981377635668,23.521654038232317,0.0,0.0,31.997981377635668,0.0,0.0,0.0,23.416932410456546,0.0,32.007000940566435,0.0,0.0,0.0,0.0,0.0,0.0,0.0,0.0,0.0,0.0,0.0,0.0 
 07/21  00:18:00,32.7,23.61944761967252,31.98973984555498,23.61944761967252,0.0,0.0,31.98973984555498,0.0,0.0,0.0,23.521654038232317,0.0,31.997981377635668,0.0,0.0,0.0,0.0,0.0,0.0,0.0,0.0,0.0,0.0,0.0,0.0 
 07/21  00:19:00,32.7,23.71171916546952,31.98220432757658,23.71171916546952,0.0,0.0,31.98220432757658,0.0,0.0,0.0,23.61944761967252,0.0,31.98973984555498,0.0,0.0,0.0,0.0,0.0,0.0,0.0,0.0,0.0,0.0,0.0,0.0 
 07/21  00:20:00,32.7,23.799549813716343,31.97530960742336,23.799549813716343,0.0,0.0,31.97530960742336,0.0,0.0,0.0,23.71171916546952,0.0,31.98220432757658,0.0,0.0,0.0,0.0,0.0,0.0,0.0,0.0,0.0,0.0,0.0,0.0 
 07/21  00:21:00,32.7,23.88382659297978,31.96899649305457,23.88382659297978,0.0,0.0,31.96899649305457,0.0,0.0,0.0,23.799549813716343,0.0,31.97530960742336,0.0,0.0,0.0,0.0,0.0,0.0,0.0,0.0,0.0,0.0,0.0,0.0 
 07/21  00:22:00,32.7,23.96521734265126,31.9632114114876,23.96521734265126,0.0,0.0,31.9632114114876,0.0,0.0,0.0,23.88382659297978,0.0,31.96899649305457,0.0,0.0,0.0,0.0,0.0,0.0,0.0,0.0,0.0,0.0,0.0,0.0 
 07/21  00:23:00,32.7,24.044277738292042,31.95790569017178,24.044277738292042,0.0,0.0,31.95790569017178,0.0,0.0,0.0,23.96521734265126,0.0,31.9632114114876,0.0,0.0,0.0,0.0,0.0,0.0,0.0,0.0,0.0,0.0,0.0,0.0 
 07/21  00:24:00,32.7,24.121414950174085,31.953035279740657,24.121414950174085,0.0,0.0,31.953035279740657,0.0,0.0,0.0,24.044277738292042,0.0,31.95790569017178,0.0,0.0,0.0,0.0,0.0,0.0,0.0,0.0,0.0,0.0,0.0,0.0 
 07/21  00:25:00,32.7,24.196977272532386,31.94856012580909,24.196977272532386,0.0,0.0,31.94856012580909,0.0,0.0,0.0,24.121414950174085,0.0,31.953035279740657,0.0,0.0,0.0,0.0,0.0,0.0,0.0,0.0,0.0,0.0,0.0,0.0 
 07/21  00:26:00,32.7,24.27121139666231,31.944444000206833,24.27121139666231,0.0,0.0,31.944444000206833,0.0,0.0,0.0,24.196977272532386,0.0,31.94856012580909,0.0,0.0,0.0,0.0,0.0,0.0,0.0,0.0,0.0,0.0,0.0,0.0 
 07/21  00:27:00,32.7,24.344338227438374,31.940653927594134,24.344338227438374,0.0,0.0,31.940653927594134,0.0,0.0,0.0,24.27121139666231,0.0,31.944444000206833,0.0,0.0,0.0,0.0,0.0,0.0,0.0,0.0,0.0,0.0,0.0,0.0 
 07/21  00:28:00,32.7,24.416506915877743,31.937160084264846,24.416506915877743,0.0,0.0,31.937160084264846,0.0,0.0,0.0,24.344338227438374,0.0,31.940653927594134,0.0,0.0,0.0,0.0,0.0,0.0,0.0,0.0,0.0,0.0,0.0,0.0 
 07/21  00:29:00,32.7,24.48786046027557,31.933935313211894,24.48786046027557,0.0,0.0,31.933935313211894,0.0,0.0,0.0,24.416506915877743,0.0,31.937160084264846,0.0,0.0,0.0,0.0,0.0,0.0,0.0,0.0,0.0,0.0,0.0,0.0 
 07/21  00:30:00,32.7,24.558488836156908,31.930955069355107,24.558488836156908,0.0,0.0,31.930955069355107,0.0,0.0,0.0,24.48786046027557,0.0,31.933935313211894,0.0,0.0,0.0,0.0,0.0,0.0,0.0,0.0,0.0,0.0,0.0,0.0 
 07/21  00:31:00,32.7,24.628487231410062,31.928196960261523,24.628487231410062,0.0,0.0,31.928196960261523,0.0,0.0,0.0,24.558488836156908,0.0,31.930955069355107,0.0,0.0,0.0,0.0,0.0,0.0,0.0,0.0,0.0,0.0,0.0,0.0 
 07/21  00:32:00,32.7,24.697909644038706,31.925640776785567,24.697909644038706,0.0,0.0,31.925640776785567,0.0,0.0,0.0,24.628487231410062,0.0,31.928196960261523,0.0,0.0,0.0,0.0,0.0,0.0,0.0,0.0,0.0,0.0,0.0,0.0 
 07/21  00:33:00,32.7,24.766821713470335,31.923268069222573,24.766821713470335,0.0,0.0,31.923268069222573,0.0,0.0,0.0,24.697909644038706,0.0,31.925640776785567,0.0,0.0,0.0,0.0,0.0,0.0,0.0,0.0,0.0,0.0,0.0,0.0 
 07/21  00:34:00,32.7,24.835255479351662,31.921062175607457,24.835255479351662,0.0,0.0,31.921062175607457,0.0,0.0,0.0,24.766821713470335,0.0,31.923268069222573,0.0,0.0,0.0,0.0,0.0,0.0,0.0,0.0,0.0,0.0,0.0,0.0 
 07/21  00:35:00,32.7,24.903258129556978,31.919007886391814,24.903258129556978,0.0,0.0,31.919007886391814,0.0,0.0,0.0,24.835255479351662,0.0,31.921062175607457,0.0,0.0,0.0,0.0,0.0,0.0,0.0,0.0,0.0,0.0,0.0,0.0 
 07/21  00:36:00,32.7,24.970848228409185,31.91709148381414,24.970848228409185,0.0,0.0,31.91709148381414,0.0,0.0,0.0,24.903258129556978,0.0,31.919007886391814,0.0,0.0,0.0,0.0,0.0,0.0,0.0,0.0,0.0,0.0,0.0,0.0 
 07/21  00:37:00,32.7,25.03806127822448,31.91530040671574,25.03806127822448,0.0,0.0,31.91530040671574,0.0,0.0,0.0,24.970848228409185,0.0,31.91709148381414,0.0,0.0,0.0,0.0,0.0,0.0,0.0,0.0,0.0,0.0,0.0,0.0 
 07/21  00:38:00,32.7,25.10490751612712,31.91362335338075,25.10490751612712,0.0,0.0,31.91362335338075,0.0,0.0,0.0,25.03806127822448,0.0,31.91530040671574,0.0,0.0,0.0,0.0,0.0,0.0,0.0,0.0,0.0,0.0,0.0,0.0 
 07/21  00:39:00,32.7,25.171414907532707,31.912049969907326,25.171414907532707,0.0,0.0,31.912049969907326,0.0,0.0,0.0,25.10490751612712,0.0,31.91362335338075,0.0,0.0,0.0,0.0,0.0,0.0,0.0,0.0,0.0,0.0,0.0,0.0 
 07/21  00:40:00,32.7,25.23758850080231,31.91057092658678,25.23758850080231,0.0,0.0,31.91057092658678,0.0,0.0,0.0,25.171414907532707,0.0,31.912049969907326,0.0,0.0,0.0,0.0,0.0,0.0,0.0,0.0,0.0,0.0,0.0,0.0 
 07/21  00:41:00,32.7,25.30345128820198,31.909177681526224,25.30345128820198,0.0,0.0,31.909177681526224,0.0,0.0,0.0,25.23758850080231,0.0,31.91057092658678,0.0,0.0,0.0,0.0,0.0,0.0,0.0,0.0,0.0,0.0,0.0,0.0 
 07/21  00:42:00,32.7,25.369005053869184,31.907862553698994,25.369005053869184,0.0,0.0,31.907862553698994,0.0,0.0,0.0,25.30345128820198,0.0,31.909177681526224,0.0,0.0,0.0,0.0,0.0,0.0,0.0,0.0,0.0,0.0,0.0,0.0 
 07/21  00:43:00,32.7,25.43426941720131,31.906618477851616,25.43426941720131,0.0,0.0,31.906618477851616,0.0,0.0,0.0,25.369005053869184,0.0,31.907862553698994,0.0,0.0,0.0,0.0,0.0,0.0,0.0,0.0,0.0,0.0,0.0,0.0 
 07/21  00:44:00,32.7,25.499244086751858,31.90543912350464,25.499244086751858,0.0,0.0,31.90543912350464,0.0,0.0,0.0,25.43426941720131,0.0,31.906618477851616,0.0,0.0,0.0,0.0,0.0,0.0,0.0,0.0,0.0,0.0,0.0,0.0 
 07/21  00:45:00,32.7,25.56394632052007,31.904318665630992,25.56394632052007,0.0,0.0,31.904318665630992,0.0,0.0,0.0,25.499244086751858,0.0,31.90543912350464,0.0,0.0,0.0,0.0,0.0,0.0,0.0,0.0,0.0,0.0,0.0,0.0 
 07/21  00:46:00,32.7,25.628374491920496,31.903251872452845,25.628374491920496,0.0,0.0,31.903251872452845,0.0,0.0,0.0,25.56394632052007,0.0,31.904318665630992,0.0,0.0,0.0,0.0,0.0,0.0,0.0,0.0,0.0,0.0,0.0,0.0 
 07/21  00:47:00,32.7,25.692544146780808,31.902233935379446,25.692544146780808,0.0,0.0,31.902233935379446,0.0,0.0,0.0,25.628374491920496,0.0,31.903251872452845,0.0,0.0,0.0,0.0,0.0,0.0,0.0,0.0,0.0,0.0,0.0,0.0 
 07/21  00:48:00,32.7,25.756452789313688,31.901260548695102,25.756452789313688,0.0,0.0,31.901260548695102,0.0,0.0,0.0,25.692544146780808,0.0,31.902233935379446,0.0,0.0,0.0,0.0,0.0,0.0,0.0,0.0,0.0,0.0,0.0,0.0 
 07/21  00:49:00,32.7,25.820114677712272,31.90032772880542,25.820114677712272,0.0,0.0,31.90032772880542,0.0,0.0,0.0,25.756452789313688,0.0,31.901260548695102,0.0,0.0,0.0,0.0,0.0,0.0,0.0,0.0,0.0,0.0,0.0,0.0 
 07/21  00:50:00,32.7,25.883526743657487,31.899431926758552,25.883526743657487,0.0,0.0,31.899431926758552,0.0,0.0,0.0,25.820114677712272,0.0,31.90032772880542,0.0,0.0,0.0,0.0,0.0,0.0,0.0,0.0,0.0,0.0,0.0,0.0 
 07/21  00:51:00,32.7,25.946702241479944,31.89856985802295,25.946702241479944,0.0,0.0,31.89856985802295,0.0,0.0,0.0,25.883526743657487,0.0,31.899431926758552,0.0,0.0,0.0,0.0,0.0,0.0,0.0,0.0,0.0,0.0,0.0,0.0 
 07/21  00:52:00,32.7,26.00963772178526,31.897738586647034,26.00963772178526,0.0,0.0,31.897738586647034,0.0,0.0,0.0,25.946702241479944,0.0,31.89856985802295,0.0,0.0,0.0,0.0,0.0,0.0,0.0,0.0,0.0,0.0,0.0,0.0 
 07/21  00:53:00,32.7,26.072345629558644,31.896935399738954,26.072345629558644,0.0,0.0,31.896935399738954,0.0,0.0,0.0,26.00963772178526,0.0,31.897738586647034,0.0,0.0,0.0,0.0,0.0,0.0,0.0,0.0,0.0,0.0,0.0,0.0 
 07/21  00:54:00,32.7,26.134822259765514,31.896157882951563,26.134822259765514,0.0,0.0,31.896157882951563,0.0,0.0,0.0,26.072345629558644,0.0,31.896935399738954,0.0,0.0,0.0,0.0,0.0,0.0,0.0,0.0,0.0,0.0,0.0,0.0 
 07/21  00:55:00,32.7,26.19707938515235,31.895403784995356,26.19707938515235,0.0,0.0,31.895403784995356,0.0,0.0,0.0,26.134822259765514,0.0,31.896157882951563,0.0,0.0,0.0,0.0,0.0,0.0,0.0,0.0,0.0,0.0,0.0,0.0 
 07/21  00:56:00,32.7,26.259113128590823,31.894671116436555,26.259113128590823,0.0,0.0,31.894671116436555,0.0,0.0,0.0,26.19707938515235,0.0,31.895403784995356,0.0,0.0,0.0,0.0,0.0,0.0,0.0,0.0,0.0,0.0,0.0,0.0 
 07/21  00:57:00,32.7,26.320934690142,31.893958021197616,26.320934690142,0.0,0.0,31.893958021197616,0.0,0.0,0.0,26.259113128590823,0.0,31.894671116436555,0.0,0.0,0.0,0.0,0.0,0.0,0.0,0.0,0.0,0.0,0.0,0.0 
 07/21  00:58:00,32.7,26.382540077212447,31.89326285216128,26.382540077212447,0.0,0.0,31.89326285216128,0.0,0.0,0.0,26.320934690142,0.0,31.893958021197616,0.0,0.0,0.0,0.0,0.0,0.0,0.0,0.0,0.0,0.0,0.0,0.0 
 07/21  00:59:00,32.7,26.443939991687984,31.892584075502626,26.443939991687984,0.0,0.0,31.892584075502626,0.0,0.0,0.0,26.382540077212447,0.0,31.89326285216128,0.0,0.0,0.0,0.0,0.0,0.0,0.0,0.0,0.0,0.0,0.0,0.0 
 07/21  01:00:00,32.7,26.50513036459031,31.891920338684145,26.50513036459031,0.0,0.0,31.891920338684145,0.0,0.0,0.0,26.443939991687984,0.0,31.892584075502626,0.0,0.0,0.0,0.0,0.0,0.0,0.0,0.0,0.0,0.0,0.0,0.0,49104000.0 
 07/21  01:01:00,32.7,26.566121457074818,31.89127036642001,26.566121457074818,0.0,0.0,31.89127036642001,0.0,0.0,0.0,26.50513036459031,0.0,31.891920338684145,0.0,0.0,0.0,0.0,0.0,0.0,0.0,0.0,0.0,0.0,0.0,0.0 
 07/21  01:02:00,32.7,26.62690915123454,31.890633045191155,26.62690915123454,0.0,0.0,31.890633045191155,0.0,0.0,0.0,26.566121457074818,0.0,31.89127036642001,0.0,0.0,0.0,0.0,0.0,0.0,0.0,0.0,0.0,0.0,0.0,0.0 
 07/21  01:03:00,32.7,26.68750331303346,31.89000732380349,26.68750331303346,0.0,0.0,31.89000732380349,0.0,0.0,0.0,26.62690915123454,0.0,31.890633045191155,0.0,0.0,0.0,0.0,0.0,0.0,0.0,0.0,0.0,0.0,0.0,0.0 
 07/21  01:04:00,32.7,26.747899795258693,31.889392279967126,26.747899795258693,0.0,0.0,31.889392279967126,0.0,0.0,0.0,26.68750331303346,0.0,31.89000732380349,0.0,0.0,0.0,0.0,0.0,0.0,0.0,0.0,0.0,0.0,0.0,0.0 
 07/21  01:05:00,32.7,26.80810810570711,31.888787044556917,26.80810810570711,0.0,0.0,31.888787044556917,0.0,0.0,0.0,26.747899795258693,0.0,31.889392279967126,0.0,0.0,0.0,0.0,0.0,0.0,0.0,0.0,0.0,0.0,0.0,0.0 
 07/21  01:06:00,32.7,26.868124082107432,31.888190862090212,26.868124082107432,0.0,0.0,31.888190862090212,0.0,0.0,0.0,26.80810810570711,0.0,31.888787044556917,0.0,0.0,0.0,0.0,0.0,0.0,0.0,0.0,0.0,0.0,0.0,0.0 
 07/21  01:07:00,32.7,26.927956904868253,31.88760300830997,26.927956904868253,0.0,0.0,31.88760300830997,0.0,0.0,0.0,26.868124082107432,0.0,31.888190862090212,0.0,0.0,0.0,0.0,0.0,0.0,0.0,0.0,0.0,0.0,0.0,0.0 
 07/21  01:08:00,32.7,26.987602407150327,31.887022862394208,26.987602407150327,0.0,0.0,31.887022862394208,0.0,0.0,0.0,26.927956904868253,0.0,31.88760300830997,0.0,0.0,0.0,0.0,0.0,0.0,0.0,0.0,0.0,0.0,0.0,0.0 
 07/21  01:09:00,32.7,27.047069468055945,31.886449827519534,27.047069468055945,0.0,0.0,31.886449827519534,0.0,0.0,0.0,26.987602407150327,0.0,31.887022862394208,0.0,0.0,0.0,0.0,0.0,0.0,0.0,0.0,0.0,0.0,0.0,0.0 
 07/21  01:10:00,32.7,27.106353923993705,31.885883389646683,27.106353923993705,0.0,0.0,31.885883389646683,0.0,0.0,0.0,27.047069468055945,0.0,31.886449827519534,0.0,0.0,0.0,0.0,0.0,0.0,0.0,0.0,0.0,0.0,0.0,0.0 
 07/21  01:11:00,32.7,27.16546437522381,31.885323055025488,27.16546437522381,0.0,0.0,31.885323055025488,0.0,0.0,0.0,27.106353923993705,0.0,31.885883389646683,0.0,0.0,0.0,0.0,0.0,0.0,0.0,0.0,0.0,0.0,0.0,0.0 
 07/21  01:12:00,32.7,27.224396667280764,31.884768404319765,27.224396667280764,0.0,0.0,31.884768404319765,0.0,0.0,0.0,27.16546437522381,0.0,31.885323055025488,0.0,0.0,0.0,0.0,0.0,0.0,0.0,0.0,0.0,0.0,0.0,0.0 
 07/21  01:13:00,32.7,27.283159141197316,31.884219024908457,27.283159141197316,0.0,0.0,31.884219024908457,0.0,0.0,0.0,27.224396667280764,0.0,31.884768404319765,0.0,0.0,0.0,0.0,0.0,0.0,0.0,0.0,0.0,0.0,0.0,0.0 
 07/21  01:14:00,32.7,27.34174765608449,31.883674573409227,27.34174765608449,0.0,0.0,31.883674573409227,0.0,0.0,0.0,27.283159141197316,0.0,31.884219024908457,0.0,0.0,0.0,0.0,0.0,0.0,0.0,0.0,0.0,0.0,0.0,0.0 
 07/21  01:15:00,32.7,27.40017031107141,31.88313470987256,27.40017031107141,0.0,0.0,31.88313470987256,0.0,0.0,0.0,27.34174765608449,0.0,31.883674573409227,0.0,0.0,0.0,0.0,0.0,0.0,0.0,0.0,0.0,0.0,0.0,0.0 
 07/21  01:16:00,32.7,27.458422982228598,31.88259915043538,27.458422982228598,0.0,0.0,31.88259915043538,0.0,0.0,0.0,27.40017031107141,0.0,31.88313470987256,0.0,0.0,0.0,0.0,0.0,0.0,0.0,0.0,0.0,0.0,0.0,0.0 
 07/21  01:17:00,32.7,27.516513542229855,31.882067613594856,27.516513542229855,0.0,0.0,31.882067613594856,0.0,0.0,0.0,27.458422982228598,0.0,31.88259915043538,0.0,0.0,0.0,0.0,0.0,0.0,0.0,0.0,0.0,0.0,0.0,0.0 
 07/21  01:18:00,32.7,27.574437886678666,31.881539869392192,27.574437886678666,0.0,0.0,31.881539869392192,0.0,0.0,0.0,27.516513542229855,0.0,31.882067613594856,0.0,0.0,0.0,0.0,0.0,0.0,0.0,0.0,0.0,0.0,0.0,0.0 
 07/21  01:19:00,32.7,27.63220367568086,31.881015681647007,27.63220367568086,0.0,0.0,31.881015681647007,0.0,0.0,0.0,27.574437886678666,0.0,31.881539869392192,0.0,0.0,0.0,0.0,0.0,0.0,0.0,0.0,0.0,0.0,0.0,0.0 
 07/21  01:20:00,32.7,27.689806826324975,31.88049486325947,27.689806826324975,0.0,0.0,31.88049486325947,0.0,0.0,0.0,27.63220367568086,0.0,31.881015681647007,0.0,0.0,0.0,0.0,0.0,0.0,0.0,0.0,0.0,0.0,0.0,0.0 
 07/21  01:21:00,32.7,27.7472547987185,31.879977219603223,27.7472547987185,0.0,0.0,31.879977219603223,0.0,0.0,0.0,27.689806826324975,0.0,31.88049486325947,0.0,0.0,0.0,0.0,0.0,0.0,0.0,0.0,0.0,0.0,0.0,0.0 
 07/21  01:22:00,32.7,27.804543532905164,31.87946259660266,27.804543532905164,0.0,0.0,31.87946259660266,0.0,0.0,0.0,27.7472547987185,0.0,31.879977219603223,0.0,0.0,0.0,0.0,0.0,0.0,0.0,0.0,0.0,0.0,0.0,0.0 
 07/21  01:23:00,32.7,27.861680300437026,31.878950832806424,27.861680300437026,0.0,0.0,31.878950832806424,0.0,0.0,0.0,27.804543532905164,0.0,31.87946259660266,0.0,0.0,0.0,0.0,0.0,0.0,0.0,0.0,0.0,0.0,0.0,0.0 
 07/21  01:24:00,32.7,27.918661065405765,31.878441804900188,27.918661065405765,0.0,0.0,31.878441804900188,0.0,0.0,0.0,27.861680300437026,0.0,31.878950832806424,0.0,0.0,0.0,0.0,0.0,0.0,0.0,0.0,0.0,0.0,0.0,0.0 
 07/21  01:25:00,32.7,27.97549292127701,31.877935376596422,27.97549292127701,0.0,0.0,31.877935376596422,0.0,0.0,0.0,27.918661065405765,0.0,31.878441804900188,0.0,0.0,0.0,0.0,0.0,0.0,0.0,0.0,0.0,0.0,0.0,0.0 
 07/21  01:26:00,32.7,28.03217185698526,31.87743144874672,28.03217185698526,0.0,0.0,31.87743144874672,0.0,0.0,0.0,27.97549292127701,0.0,31.877935376596422,0.0,0.0,0.0,0.0,0.0,0.0,0.0,0.0,0.0,0.0,0.0,0.0 
 07/21  01:27:00,32.7,28.0887047975285,31.876929908890833,28.0887047975285,0.0,0.0,31.876929908890833,0.0,0.0,0.0,28.03217185698526,0.0,31.87743144874672,0.0,0.0,0.0,0.0,0.0,0.0,0.0,0.0,0.0,0.0,0.0,0.0 
 07/21  01:28:00,32.7,28.14508775724239,31.876430676020302,28.14508775724239,0.0,0.0,31.876430676020302,0.0,0.0,0.0,28.0887047975285,0.0,31.876929908890833,0.0,0.0,0.0,0.0,0.0,0.0,0.0,0.0,0.0,0.0,0.0,0.0 
 07/21  01:29:00,32.7,28.201327501527455,31.875933656508344,28.201327501527455,0.0,0.0,31.875933656508344,0.0,0.0,0.0,28.14508775724239,0.0,31.876430676020302,0.0,0.0,0.0,0.0,0.0,0.0,0.0,0.0,0.0,0.0,0.0,0.0 
 07/21  01:30:00,32.7,28.257420070489662,31.875438786954394,28.257420070489662,0.0,0.0,31.875438786954394,0.0,0.0,0.0,28.201327501527455,0.0,31.875933656508344,0.0,0.0,0.0,0.0,0.0,0.0,0.0,0.0,0.0,0.0,0.0,0.0 
 07/21  01:31:00,32.7,28.313372078138418,31.874945987514092,28.313372078138418,0.0,0.0,31.874945987514092,0.0,0.0,0.0,28.257420070489662,0.0,31.875438786954394,0.0,0.0,0.0,0.0,0.0,0.0,0.0,0.0,0.0,0.0,0.0,0.0 
 07/21  01:32:00,32.7,28.369179590567388,31.874455208376833,28.369179590567388,0.0,0.0,31.874455208376833,0.0,0.0,0.0,28.313372078138418,0.0,31.874945987514092,0.0,0.0,0.0,0.0,0.0,0.0,0.0,0.0,0.0,0.0,0.0,0.0 
 07/21  01:33:00,32.7,28.42484907800818,31.873966383411574,28.42484907800818,0.0,0.0,31.873966383411574,0.0,0.0,0.0,28.369179590567388,0.0,31.874455208376833,0.0,0.0,0.0,0.0,0.0,0.0,0.0,0.0,0.0,0.0,0.0,0.0 
 07/21  01:34:00,32.7,28.480376632637192,31.873479472559104,28.480376632637192,0.0,0.0,31.873479472559104,0.0,0.0,0.0,28.42484907800818,0.0,31.873966383411574,0.0,0.0,0.0,0.0,0.0,0.0,0.0,0.0,0.0,0.0,0.0,0.0 
 07/21  01:35:00,32.7,28.535768587989114,31.872994420371736,28.535768587989114,0.0,0.0,31.872994420371736,0.0,0.0,0.0,28.480376632637192,0.0,31.873479472559104,0.0,0.0,0.0,0.0,0.0,0.0,0.0,0.0,0.0,0.0,0.0,0.0 
 07/21  01:36:00,32.7,28.59102106231931,31.87251119691797,28.59102106231931,0.0,0.0,31.87251119691797,0.0,0.0,0.0,28.535768587989114,0.0,31.872994420371736,0.0,0.0,0.0,0.0,0.0,0.0,0.0,0.0,0.0,0.0,0.0,0.0 
 07/21  01:37:00,32.7,28.646140259065575,31.872029754081087,28.646140259065575,0.0,0.0,31.872029754081087,0.0,0.0,0.0,28.59102106231931,0.0,31.87251119691797,0.0,0.0,0.0,0.0,0.0,0.0,0.0,0.0,0.0,0.0,0.0,0.0 
 07/21  01:38:00,32.7,28.701122322478604,31.87155006953152,28.701122322478604,0.0,0.0,31.87155006953152,0.0,0.0,0.0,28.646140259065575,0.0,31.872029754081087,0.0,0.0,0.0,0.0,0.0,0.0,0.0,0.0,0.0,0.0,0.0,0.0 
 07/21  01:39:00,32.7,28.755973332063302,31.871072103099596,28.755973332063302,0.0,0.0,31.871072103099596,0.0,0.0,0.0,28.701122322478604,0.0,31.87155006953152,0.0,0.0,0.0,0.0,0.0,0.0,0.0,0.0,0.0,0.0,0.0,0.0 
 07/21  01:40:00,32.7,28.810689457917228,31.87059583745586,28.810689457917228,0.0,0.0,31.87059583745586,0.0,0.0,0.0,28.755973332063302,0.0,31.871072103099596,0.0,0.0,0.0,0.0,0.0,0.0,0.0,0.0,0.0,0.0,0.0,0.0 
 07/21  01:41:00,32.7,28.86527666137933,31.870121238483584,28.86527666137933,0.0,0.0,31.870121238483584,0.0,0.0,0.0,28.810689457917228,0.0,31.87059583745586,0.0,0.0,0.0,0.0,0.0,0.0,0.0,0.0,0.0,0.0,0.0,0.0 
 07/21  01:42:00,32.7,28.919731138193335,31.8696482947367,28.919731138193335,0.0,0.0,31.8696482947367,0.0,0.0,0.0,28.86527666137933,0.0,31.870121238483584,0.0,0.0,0.0,0.0,0.0,0.0,0.0,0.0,0.0,0.0,0.0,0.0 
 07/21  01:43:00,32.7,28.974058736936257,31.869176975750392,28.974058736936257,0.0,0.0,31.869176975750392,0.0,0.0,0.0,28.919731138193335,0.0,31.8696482947367,0.0,0.0,0.0,0.0,0.0,0.0,0.0,0.0,0.0,0.0,0.0,0.0 
 07/21  01:44:00,32.7,29.028255678755052,31.868707274292987,29.028255678755052,0.0,0.0,31.868707274292987,0.0,0.0,0.0,28.974058736936257,0.0,31.869176975750392,0.0,0.0,0.0,0.0,0.0,0.0,0.0,0.0,0.0,0.0,0.0,0.0 
 07/21  01:45:00,32.7,29.08232770453608,31.86823916457508,29.08232770453608,0.0,0.0,31.86823916457508,0.0,0.0,0.0,29.028255678755052,0.0,31.868707274292987,0.0,0.0,0.0,0.0,0.0,0.0,0.0,0.0,0.0,0.0,0.0,0.0 
 07/21  01:46:00,32.7,29.13627106055272,31.867772641650767,29.13627106055272,0.0,0.0,31.867772641650767,0.0,0.0,0.0,29.08232770453608,0.0,31.86823916457508,0.0,0.0,0.0,0.0,0.0,0.0,0.0,0.0,0.0,0.0,0.0,0.0 
 07/21  01:47:00,32.7,29.190091384766017,31.86730768316023,29.190091384766017,0.0,0.0,31.86730768316023,0.0,0.0,0.0,29.13627106055272,0.0,31.867772641650767,0.0,0.0,0.0,0.0,0.0,0.0,0.0,0.0,0.0,0.0,0.0,0.0 
 07/21  01:48:00,32.7,29.24378494827189,31.86684428764994,29.24378494827189,0.0,0.0,31.86684428764994,0.0,0.0,0.0,29.190091384766017,0.0,31.86730768316023,0.0,0.0,0.0,0.0,0.0,0.0,0.0,0.0,0.0,0.0,0.0,0.0 
 07/21  01:49:00,32.7,29.29735729058943,31.866382434292518,29.29735729058943,0.0,0.0,31.866382434292518,0.0,0.0,0.0,29.24378494827189,0.0,31.86684428764994,0.0,0.0,0.0,0.0,0.0,0.0,0.0,0.0,0.0,0.0,0.0,0.0 
 07/21  01:50:00,32.7,29.35080470731196,31.865922123939065,29.35080470731196,0.0,0.0,31.865922123939065,0.0,0.0,0.0,29.29735729058943,0.0,31.866382434292518,0.0,0.0,0.0,0.0,0.0,0.0,0.0,0.0,0.0,0.0,0.0,0.0 
 07/21  01:51:00,32.7,29.404132643739374,31.865463338603607,29.404132643739374,0.0,0.0,31.865463338603607,0.0,0.0,0.0,29.35080470731196,0.0,31.865922123939065,0.0,0.0,0.0,0.0,0.0,0.0,0.0,0.0,0.0,0.0,0.0,0.0 
 07/21  01:52:00,32.7,29.457337419620625,31.865006079849216,29.457337419620625,0.0,0.0,31.865006079849216,0.0,0.0,0.0,29.404132643739374,0.0,31.865463338603607,0.0,0.0,0.0,0.0,0.0,0.0,0.0,0.0,0.0,0.0,0.0,0.0 
 07/21  01:53:00,32.7,29.510424390018038,31.864550331644207,29.510424390018038,0.0,0.0,31.864550331644207,0.0,0.0,0.0,29.457337419620625,0.0,31.865006079849216,0.0,0.0,0.0,0.0,0.0,0.0,0.0,0.0,0.0,0.0,0.0,0.0 
 07/21  01:54:00,32.7,29.563389898481866,31.86409609771928,29.563389898481866,0.0,0.0,31.86409609771928,0.0,0.0,0.0,29.510424390018038,0.0,31.864550331644207,0.0,0.0,0.0,0.0,0.0,0.0,0.0,0.0,0.0,0.0,0.0,0.0 
 07/21  01:55:00,32.7,29.616239213594664,31.863643362333757,29.616239213594664,0.0,0.0,31.863643362333757,0.0,0.0,0.0,29.563389898481866,0.0,31.86409609771928,0.0,0.0,0.0,0.0,0.0,0.0,0.0,0.0,0.0,0.0,0.0,0.0 
 07/21  01:56:00,32.7,29.668968702344436,31.863192130455946,29.668968702344436,0.0,0.0,31.863192130455946,0.0,0.0,0.0,29.616239213594664,0.0,31.863643362333757,0.0,0.0,0.0,0.0,0.0,0.0,0.0,0.0,0.0,0.0,0.0,0.0 
 07/21  01:57:00,32.7,29.721583550383812,31.86274238818593,29.721583550383812,0.0,0.0,31.86274238818593,0.0,0.0,0.0,29.668968702344436,0.0,31.863192130455946,0.0,0.0,0.0,0.0,0.0,0.0,0.0,0.0,0.0,0.0,0.0,0.0 
 07/21  01:58:00,32.7,29.774080147768487,31.862294140269977,29.774080147768487,0.0,0.0,31.862294140269977,0.0,0.0,0.0,29.721583550383812,0.0,31.86274238818593,0.0,0.0,0.0,0.0,0.0,0.0,0.0,0.0,0.0,0.0,0.0,0.0 
 07/21  01:59:00,32.7,29.82646360057763,31.86184737394702,29.82646360057763,0.0,0.0,31.86184737394702,0.0,0.0,0.0,29.774080147768487,0.0,31.862294140269977,0.0,0.0,0.0,0.0,0.0,0.0,0.0,0.0,0.0,0.0,0.0,0.0 
 07/21  02:00:00,32.7,29.87873032156048,31.861402095423852,29.87873032156048,0.0,0.0,31.861402095423852,0.0,0.0,0.0,29.82646360057763,0.0,31.86184737394702,0.0,0.0,0.0,0.0,0.0,0.0,0.0,0.0,0.0,0.0,0.0,0.0,49104000.0 
 07/21  02:01:00,32.7,29.930885340398806,31.86095829148452,29.930885340398806,0.0,0.0,31.86095829148452,0.0,0.0,0.0,29.87873032156048,0.0,31.861402095423852,0.0,0.0,0.0,0.0,0.0,0.0,0.0,0.0,0.0,0.0,0.0,0.0 
 07/21  02:02:00,32.7,29.98292509215912,31.860515968989063,29.98292509215912,0.0,0.0,31.860515968989063,0.0,0.0,0.0,29.930885340398806,0.0,31.86095829148452,0.0,0.0,0.0,0.0,0.0,0.0,0.0,0.0,0.0,0.0,0.0,0.0 
 07/21  02:03:00,32.7,30.034854533133636,31.860075116046726,30.034854533133636,0.0,0.0,31.860075116046726,0.0,0.0,0.0,29.98292509215912,0.0,31.860515968989063,0.0,0.0,0.0,0.0,0.0,0.0,0.0,0.0,0.0,0.0,0.0,0.0 
 07/21  02:04:00,32.7,30.086670120329497,31.859635738720453,30.086670120329497,0.0,0.0,31.859635738720453,0.0,0.0,0.0,30.034854533133636,0.0,31.860075116046726,0.0,0.0,0.0,0.0,0.0,0.0,0.0,0.0,0.0,0.0,0.0,0.0 
 07/21  02:05:00,32.7,30.138376739499925,31.85919782582226,30.138376739499925,0.0,0.0,31.85919782582226,0.0,0.0,0.0,30.086670120329497,0.0,31.859635738720453,0.0,0.0,0.0,0.0,0.0,0.0,0.0,0.0,0.0,0.0,0.0,0.0 
 07/21  02:06:00,32.7,30.189970869217007,31.858761384526527,30.189970869217007,0.0,0.0,31.858761384526527,0.0,0.0,0.0,30.138376739499925,0.0,31.85919782582226,0.0,0.0,0.0,0.0,0.0,0.0,0.0,0.0,0.0,0.0,0.0,0.0 
 07/21  02:07:00,32.7,30.241457327398457,31.858326402723176,30.241457327398457,0.0,0.0,31.858326402723176,0.0,0.0,0.0,30.189970869217007,0.0,31.858761384526527,0.0,0.0,0.0,0.0,0.0,0.0,0.0,0.0,0.0,0.0,0.0,0.0 
 07/21  02:08:00,32.7,30.29283261380797,31.857892887931502,30.29283261380797,0.0,0.0,31.857892887931502,0.0,0.0,0.0,30.241457327398457,0.0,31.858326402723176,0.0,0.0,0.0,0.0,0.0,0.0,0.0,0.0,0.0,0.0,0.0,0.0 
 07/21  02:09:00,32.7,30.344101481093475,31.85746082913311,30.344101481093475,0.0,0.0,31.85746082913311,0.0,0.0,0.0,30.29283261380797,0.0,31.857892887931502,0.0,0.0,0.0,0.0,0.0,0.0,0.0,0.0,0.0,0.0,0.0,0.0 
 07/21  02:10:00,32.7,30.395260449840038,31.857030232676095,30.395260449840038,0.0,0.0,31.857030232676095,0.0,0.0,0.0,30.344101481093475,0.0,31.85746082913311,0.0,0.0,0.0,0.0,0.0,0.0,0.0,0.0,0.0,0.0,0.0,0.0 
 07/21  02:11:00,32.7,30.446314209862404,31.85660108802636,30.446314209862404,0.0,0.0,31.85660108802636,0.0,0.0,0.0,30.395260449840038,0.0,31.857030232676095,0.0,0.0,0.0,0.0,0.0,0.0,0.0,0.0,0.0,0.0,0.0,0.0 
 07/21  02:12:00,32.7,30.497259302200945,31.856173402502037,30.497259302200945,0.0,0.0,31.856173402502037,0.0,0.0,0.0,30.446314209862404,0.0,31.85660108802636,0.0,0.0,0.0,0.0,0.0,0.0,0.0,0.0,0.0,0.0,0.0,0.0 
 07/21  02:13:00,32.7,30.548100356152535,31.85574716433638,30.548100356152535,0.0,0.0,31.85574716433638,0.0,0.0,0.0,30.497259302200945,0.0,31.856173402502037,0.0,0.0,0.0,0.0,0.0,0.0,0.0,0.0,0.0,0.0,0.0,0.0 
 07/21  02:14:00,32.7,30.59883393285152,31.85532238104193,30.59883393285152,0.0,0.0,31.85532238104193,0.0,0.0,0.0,30.548100356152535,0.0,31.85574716433638,0.0,0.0,0.0,0.0,0.0,0.0,0.0,0.0,0.0,0.0,0.0,0.0 
 07/21  02:15:00,32.7,30.64946460327846,31.85489904187367,30.64946460327846,0.0,0.0,31.85489904187367,0.0,0.0,0.0,30.59883393285152,0.0,31.85532238104193,0.0,0.0,0.0,0.0,0.0,0.0,0.0,0.0,0.0,0.0,0.0,0.0 
 07/21  02:16:00,32.7,30.699988948305776,31.854477152911873,30.699988948305776,0.0,0.0,31.854477152911873,0.0,0.0,0.0,30.64946460327846,0.0,31.85489904187367,0.0,0.0,0.0,0.0,0.0,0.0,0.0,0.0,0.0,0.0,0.0,0.0 
 07/21  02:17:00,32.7,30.75041148269217,31.85405670380172,30.75041148269217,0.0,0.0,31.85405670380172,0.0,0.0,0.0,30.699988948305776,0.0,31.854477152911873,0.0,0.0,0.0,0.0,0.0,0.0,0.0,0.0,0.0,0.0,0.0,0.0 
 07/21  02:18:00,32.7,30.800728806697954,31.85363770157244,30.800728806697954,0.0,0.0,31.85363770157244,0.0,0.0,0.0,30.75041148269217,0.0,31.85405670380172,0.0,0.0,0.0,0.0,0.0,0.0,0.0,0.0,0.0,0.0,0.0,0.0 
 07/21  02:19:00,32.7,30.850945380853705,31.853220134414496,30.850945380853705,0.0,0.0,31.853220134414496,0.0,0.0,0.0,30.800728806697954,0.0,31.85363770157244,0.0,0.0,0.0,0.0,0.0,0.0,0.0,0.0,0.0,0.0,0.0,0.0 
 07/21  02:20:00,32.7,30.901057824463898,31.852804009491354,30.901057824463898,0.0,0.0,31.852804009491354,0.0,0.0,0.0,30.850945380853705,0.0,31.853220134414496,0.0,0.0,0.0,0.0,0.0,0.0,0.0,0.0,0.0,0.0,0.0,0.0 
 07/21  02:21:00,32.7,30.951070545729777,31.85238931603974,30.951070545729777,0.0,0.0,31.85238931603974,0.0,0.0,0.0,30.901057824463898,0.0,31.852804009491354,0.0,0.0,0.0,0.0,0.0,0.0,0.0,0.0,0.0,0.0,0.0,0.0 
 07/21  02:22:00,32.7,31.00098018266269,31.851976059594453,31.00098018266269,0.0,0.0,31.851976059594453,0.0,0.0,0.0,30.951070545729777,0.0,31.85238931603974,0.0,0.0,0.0,0.0,0.0,0.0,0.0,0.0,0.0,0.0,0.0,0.0 
 07/21  02:23:00,32.7,31.050791092944046,31.85156422975928,31.050791092944046,0.0,0.0,31.85156422975928,0.0,0.0,0.0,31.00098018266269,0.0,31.851976059594453,0.0,0.0,0.0,0.0,0.0,0.0,0.0,0.0,0.0,0.0,0.0,0.0 
 07/21  02:24:00,32.7,31.100499932961686,31.851153833066288,31.100499932961686,0.0,0.0,31.851153833066288,0.0,0.0,0.0,31.050791092944046,0.0,31.85156422975928,0.0,0.0,0.0,0.0,0.0,0.0,0.0,0.0,0.0,0.0,0.0,0.0 
 07/21  02:25:00,32.7,31.150111011602206,31.85074485749301,31.150111011602206,0.0,0.0,31.85074485749301,0.0,0.0,0.0,31.100499932961686,0.0,31.851153833066288,0.0,0.0,0.0,0.0,0.0,0.0,0.0,0.0,0.0,0.0,0.0,0.0 
 07/21  02:26:00,32.7,31.19962100330657,31.850337309696997,31.19962100330657,0.0,0.0,31.850337309696997,0.0,0.0,0.0,31.150111011602206,0.0,31.85074485749301,0.0,0.0,0.0,0.0,0.0,0.0,0.0,0.0,0.0,0.0,0.0,0.0 
 07/21  02:27:00,32.7,31.249034169811974,31.849931178779567,31.249034169811974,0.0,0.0,31.849931178779567,0.0,0.0,0.0,31.19962100330657,0.0,31.850337309696997,0.0,0.0,0.0,0.0,0.0,0.0,0.0,0.0,0.0,0.0,0.0,0.0 
 07/21  02:28:00,32.7,31.29834720329635,31.849526469610236,31.29834720329635,0.0,0.0,31.849526469610236,0.0,0.0,0.0,31.249034169811974,0.0,31.849931178779567,0.0,0.0,0.0,0.0,0.0,0.0,0.0,0.0,0.0,0.0,0.0,0.0 
 07/21  02:29:00,32.7,31.347564319917726,31.84912317167285,31.347564319917726,0.0,0.0,31.84912317167285,0.0,0.0,0.0,31.29834720329635,0.0,31.849526469610236,0.0,0.0,0.0,0.0,0.0,0.0,0.0,0.0,0.0,0.0,0.0,0.0 
 07/21  02:30:00,32.7,31.396682229282145,31.848721290920455,31.396682229282145,0.0,0.0,31.848721290920455,0.0,0.0,0.0,31.347564319917726,0.0,31.84912317167285,0.0,0.0,0.0,0.0,0.0,0.0,0.0,0.0,0.0,0.0,0.0,0.0 
 07/21  02:31:00,32.7,31.44570510346751,31.84832081506715,31.44570510346751,0.0,0.0,31.84832081506715,0.0,0.0,0.0,31.396682229282145,0.0,31.848721290920455,0.0,0.0,0.0,0.0,0.0,0.0,0.0,0.0,0.0,0.0,0.0,0.0 
 07/21  02:32:00,32.7,31.49462966920645,31.847921750210208,31.49462966920645,0.0,0.0,31.847921750210208,0.0,0.0,0.0,31.44570510346751,0.0,31.84832081506715,0.0,0.0,0.0,0.0,0.0,0.0,0.0,0.0,0.0,0.0,0.0,0.0 
 07/21  02:33:00,32.7,31.543460055928573,31.84752408529235,31.543460055928573,0.0,0.0,31.84752408529235,0.0,0.0,0.0,31.49462966920645,0.0,31.847921750210208,0.0,0.0,0.0,0.0,0.0,0.0,0.0,0.0,0.0,0.0,0.0,0.0 
 07/21  02:34:00,32.7,31.592193007199043,31.84712782448479,31.592193007199043,0.0,0.0,31.84712782448479,0.0,0.0,0.0,31.543460055928573,0.0,31.84752408529235,0.0,0.0,0.0,0.0,0.0,0.0,0.0,0.0,0.0,0.0,0.0,0.0 
 07/21  02:35:00,32.7,31.64083261116723,31.846732957148,31.64083261116723,0.0,0.0,31.846732957148,0.0,0.0,0.0,31.592193007199043,0.0,31.84712782448479,0.0,0.0,0.0,0.0,0.0,0.0,0.0,0.0,0.0,0.0,0.0,0.0 
 07/21  02:36:00,32.7,31.68937562794404,31.846339488642588,31.68937562794404,0.0,0.0,31.846339488642588,0.0,0.0,0.0,31.64083261116723,0.0,31.846732957148,0.0,0.0,0.0,0.0,0.0,0.0,0.0,0.0,0.0,0.0,0.0,0.0 
 07/21  02:37:00,32.7,31.737826105706358,31.845947406432256,31.737826105706358,0.0,0.0,31.845947406432256,0.0,0.0,0.0,31.68937562794404,0.0,31.846339488642588,0.0,0.0,0.0,0.0,0.0,0.0,0.0,0.0,0.0,0.0,0.0,0.0 
 07/21  02:38:00,32.7,31.786180820831426,31.845556716055448,31.786180820831426,0.0,0.0,31.845556716055448,0.0,0.0,0.0,31.737826105706358,0.0,31.845947406432256,0.0,0.0,0.0,0.0,0.0,0.0,0.0,0.0,0.0,0.0,0.0,0.0 
 07/21  02:39:00,32.7,31.834443782774184,31.84516740632266,31.834443782774184,0.0,0.0,31.84516740632266,0.0,0.0,0.0,31.786180820831426,0.0,31.845556716055448,0.0,0.0,0.0,0.0,0.0,0.0,0.0,0.0,0.0,0.0,0.0,0.0 
 07/21  02:40:00,32.7,31.88261178390611,31.844779480722345,31.88261178390611,0.0,0.0,31.844779480722345,0.0,0.0,0.0,31.834443782774184,0.0,31.84516740632266,0.0,0.0,0.0,0.0,0.0,0.0,0.0,0.0,0.0,0.0,0.0,0.0 
 07/21  02:41:00,32.7,31.93068879615637,31.84439292852778,31.93068879615637,0.0,0.0,31.84439292852778,0.0,0.0,0.0,31.88261178390611,0.0,31.844779480722345,0.0,0.0,0.0,0.0,0.0,0.0,0.0,0.0,0.0,0.0,0.0,0.0 
 07/21  02:42:00,32.7,31.97867162762575,31.84400775453185,31.97867162762575,0.0,0.0,31.84400775453185,0.0,0.0,0.0,31.93068879615637,0.0,31.84439292852778,0.0,0.0,0.0,0.0,0.0,0.0,0.0,0.0,0.0,0.0,0.0,0.0 
 07/21  02:43:00,32.7,32.02656421386239,31.843623945994437,32.02656421386239,0.0,0.0,31.843623945994437,0.0,0.0,0.0,31.97867162762575,0.0,31.84400775453185,0.0,0.0,0.0,0.0,0.0,0.0,0.0,0.0,0.0,0.0,0.0,0.0 
 07/21  02:44:00,32.7,32.07436337843855,31.843241507926898,32.07436337843855,0.0,0.0,31.843241507926898,0.0,0.0,0.0,32.02656421386239,0.0,31.843623945994437,0.0,0.0,0.0,0.0,0.0,0.0,0.0,0.0,0.0,0.0,0.0,0.0 
 07/21  02:45:00,32.7,32.12207302161714,31.842860429058046,32.12207302161714,0.0,0.0,31.842860429058046,0.0,0.0,0.0,32.07436337843855,0.0,31.843241507926898,0.0,0.0,0.0,0.0,0.0,0.0,0.0,0.0,0.0,0.0,0.0,0.0 
 07/21  02:46:00,32.7,32.16968998219119,31.842480712234387,32.16968998219119,0.0,0.0,31.842480712234387,0.0,0.0,0.0,32.12207302161714,0.0,31.842860429058046,0.0,0.0,0.0,0.0,0.0,0.0,0.0,0.0,0.0,0.0,0.0,0.0 
 07/21  02:47:00,32.7,32.217218126187646,31.842102346695352,32.217218126187646,0.0,0.0,31.842102346695352,0.0,0.0,0.0,32.16968998219119,0.0,31.842480712234387,0.0,0.0,0.0,0.0,0.0,0.0,0.0,0.0,0.0,0.0,0.0,0.0 
 07/21  02:48:00,32.7,32.26465430737647,31.84172533670898,32.26465430737647,0.0,0.0,31.84172533670898,0.0,0.0,0.0,32.217218126187646,0.0,31.842102346695352,0.0,0.0,0.0,0.0,0.0,0.0,0.0,0.0,0.0,0.0,0.0,0.0 
 07/21  02:49:00,32.7,32.312002358553826,31.841349669391267,32.312002358553826,0.0,0.0,31.841349669391267,0.0,0.0,0.0,32.26465430737647,0.0,31.84172533670898,0.0,0.0,0.0,0.0,0.0,0.0,0.0,0.0,0.0,0.0,0.0,0.0 
 07/21  02:50:00,32.7,32.35925914822957,31.84097534927169,32.35925914822957,0.0,0.0,31.84097534927169,0.0,0.0,0.0,32.312002358553826,0.0,31.841349669391267,0.0,0.0,0.0,0.0,0.0,0.0,0.0,0.0,0.0,0.0,0.0,0.0 
 07/21  02:51:00,32.7,32.40642847693223,31.840602365056007,32.40642847693223,0.0,0.0,31.840602365056007,0.0,0.0,0.0,32.35925914822957,0.0,31.84097534927169,0.0,0.0,0.0,0.0,0.0,0.0,0.0,0.0,0.0,0.0,0.0,0.0 
 07/21  02:52:00,32.7,32.45350722768119,31.840230719000782,32.45350722768119,0.0,0.0,31.840230719000782,0.0,0.0,0.0,32.40642847693223,0.0,31.840602365056007,0.0,0.0,0.0,0.0,0.0,0.0,0.0,0.0,0.0,0.0,0.0,0.0 
 07/21  02:53:00,32.7,32.50049916966051,31.839860400369673,32.50049916966051,0.0,0.0,31.839860400369673,0.0,0.0,0.0,32.45350722768119,0.0,31.840230719000782,0.0,0.0,0.0,0.0,0.0,0.0,0.0,0.0,0.0,0.0,0.0,0.0 
 07/21  02:54:00,32.7,32.54740120017538,31.83949141295601,32.54740120017538,0.0,0.0,31.83949141295601,0.0,0.0,0.0,32.50049916966051,0.0,31.839860400369673,0.0,0.0,0.0,0.0,0.0,0.0,0.0,0.0,0.0,0.0,0.0,0.0 
 07/21  02:55:00,32.7,32.59421705795038,31.83912374379489,32.59421705795038,0.0,0.0,31.83912374379489,0.0,0.0,0.0,32.54740120017538,0.0,31.83949141295601,0.0,0.0,0.0,0.0,0.0,0.0,0.0,0.0,0.0,0.0,0.0,0.0 
 07/21  02:56:00,32.7,32.64094365435917,31.838757396983816,32.64094365435917,0.0,0.0,31.838757396983816,0.0,0.0,0.0,32.59421705795038,0.0,31.83912374379489,0.0,0.0,0.0,0.0,0.0,0.0,0.0,0.0,0.0,0.0,0.0,0.0 
 07/21  02:57:00,32.7,32.68758469851568,31.83839236126416,32.68758469851568,0.0,0.0,31.83839236126416,0.0,0.0,0.0,32.64094365435917,0.0,31.838757396983816,0.0,0.0,0.0,0.0,0.0,0.0,0.0,0.0,0.0,0.0,0.0,0.0 
 07/21  02:58:00,32.7,32.734137115650974,31.838028638358388,32.734137115650974,0.0,0.0,31.838028638358388,0.0,0.0,0.0,32.68758469851568,0.0,31.83839236126416,0.0,0.0,0.0,0.0,0.0,0.0,0.0,0.0,0.0,0.0,0.0,0.0 
 07/21  02:59:00,32.7,32.780604586082625,31.837666217610806,32.780604586082625,0.0,0.0,31.837666217610806,0.0,0.0,0.0,32.734137115650974,0.0,31.838028638358388,0.0,0.0,0.0,0.0,0.0,0.0,0.0,0.0,0.0,0.0,0.0,0.0 
 07/21  03:00:00,32.7,32.82698404869418,31.83730510239204,32.82698404869418,0.0,0.0,31.83730510239204,0.0,0.0,0.0,32.780604586082625,0.0,31.837666217610806,0.0,0.0,0.0,0.0,0.0,0.0,0.0,0.0,0.0,0.0,0.0,0.0,49104000.0 
 07/21  03:01:00,32.7,32.87327915578814,31.836945279717284,32.87327915578814,0.0,0.0,31.836945279717284,0.0,0.0,0.0,32.82698404869418,0.0,31.83730510239204,0.0,0.0,0.0,0.0,0.0,0.0,0.0,0.0,0.0,0.0,0.0,0.0 
 07/21  03:02:00,32.7,32.91948685970155,31.836586753302715,32.91948685970155,0.0,0.0,31.836586753302715,0.0,0.0,0.0,32.87327915578814,0.0,31.836945279717284,0.0,0.0,0.0,0.0,0.0,0.0,0.0,0.0,0.0,0.0,0.0,0.0 
 07/21  03:03:00,32.7,32.9656107854717,31.83622951198038,32.9656107854717,0.0,0.0,31.83622951198038,0.0,0.0,0.0,32.91948685970155,0.0,31.836586753302715,0.0,0.0,0.0,0.0,0.0,0.0,0.0,0.0,0.0,0.0,0.0,0.0 
 07/21  03:04:00,32.7,33.01164789869601,31.835873556994507,33.01164789869601,0.0,0.0,31.835873556994507,0.0,0.0,0.0,32.9656107854717,0.0,31.83622951198038,0.0,0.0,0.0,0.0,0.0,0.0,0.0,0.0,0.0,0.0,0.0,0.0 
 07/21  03:05:00,32.7,33.0576017978665,31.835518877821645,33.0576017978665,0.0,0.0,31.835518877821645,0.0,0.0,0.0,33.01164789869601,0.0,31.835873556994507,0.0,0.0,0.0,0.0,0.0,0.0,0.0,0.0,0.0,0.0,0.0,0.0 
 07/21  03:06:00,32.7,33.10346946165359,31.835165477459995,33.10346946165359,0.0,0.0,31.835165477459995,0.0,0.0,0.0,33.0576017978665,0.0,31.835518877821645,0.0,0.0,0.0,0.0,0.0,0.0,0.0,0.0,0.0,0.0,0.0,0.0 
 07/21  03:07:00,32.7,33.149254462695254,31.834813342960192,33.149254462695254,0.0,0.0,31.834813342960192,0.0,0.0,0.0,33.10346946165359,0.0,31.835165477459995,0.0,0.0,0.0,0.0,0.0,0.0,0.0,0.0,0.0,0.0,0.0,0.0 
 07/21  03:08:00,32.7,33.19495379255302,31.83446247770479,33.19495379255302,0.0,0.0,31.83446247770479,0.0,0.0,0.0,33.149254462695254,0.0,31.834813342960192,0.0,0.0,0.0,0.0,0.0,0.0,0.0,0.0,0.0,0.0,0.0,0.0 
 07/21  03:09:00,32.7,33.24057099867482,31.83411287066459,33.24057099867482,0.0,0.0,31.83411287066459,0.0,0.0,0.0,33.19495379255302,0.0,31.83446247770479,0.0,0.0,0.0,0.0,0.0,0.0,0.0,0.0,0.0,0.0,0.0,0.0 
 07/21  03:10:00,32.7,33.28610308533681,31.833764522657972,33.28610308533681,0.0,0.0,31.833764522657972,0.0,0.0,0.0,33.24057099867482,0.0,31.83411287066459,0.0,0.0,0.0,0.0,0.0,0.0,0.0,0.0,0.0,0.0,0.0,0.0 
 07/21  03:11:00,32.7,33.331553575434704,31.833417423337778,33.331553575434704,0.0,0.0,31.833417423337778,0.0,0.0,0.0,33.28610308533681,0.0,31.833764522657972,0.0,0.0,0.0,0.0,0.0,0.0,0.0,0.0,0.0,0.0,0.0,0.0 
 07/21  03:12:00,32.7,33.376919485788086,31.833071575375968,33.376919485788086,0.0,0.0,31.833071575375968,0.0,0.0,0.0,33.331553575434704,0.0,31.833417423337778,0.0,0.0,0.0,0.0,0.0,0.0,0.0,0.0,0.0,0.0,0.0,0.0 
 07/21  03:13:00,32.7,33.422204315353326,31.83272696590668,33.422204315353326,0.0,0.0,31.83272696590668,0.0,0.0,0.0,33.376919485788086,0.0,31.833071575375968,0.0,0.0,0.0,0.0,0.0,0.0,0.0,0.0,0.0,0.0,0.0,0.0 
 07/21  03:14:00,32.7,33.467405093327294,31.83238359802248,33.467405093327294,0.0,0.0,31.83238359802248,0.0,0.0,0.0,33.422204315353326,0.0,31.83272696590668,0.0,0.0,0.0,0.0,0.0,0.0,0.0,0.0,0.0,0.0,0.0,0.0 
 07/21  03:15:00,32.7,33.512525295316074,31.832041460874006,33.512525295316074,0.0,0.0,31.832041460874006,0.0,0.0,0.0,33.467405093327294,0.0,31.83238359802248,0.0,0.0,0.0,0.0,0.0,0.0,0.0,0.0,0.0,0.0,0.0,0.0 
 07/21  03:16:00,32.7,33.55756196273263,31.83170055490269,33.55756196273263,0.0,0.0,31.83170055490269,0.0,0.0,0.0,33.512525295316074,0.0,31.832041460874006,0.0,0.0,0.0,0.0,0.0,0.0,0.0,0.0,0.0,0.0,0.0,0.0 
 07/21  03:17:00,32.7,33.60251854839893,31.831360869975324,33.60251854839893,0.0,0.0,31.831360869975324,0.0,0.0,0.0,33.55756196273263,0.0,31.83170055490269,0.0,0.0,0.0,0.0,0.0,0.0,0.0,0.0,0.0,0.0,0.0,0.0 
 07/21  03:18:00,32.7,33.64739210578757,31.831022408480575,33.64739210578757,0.0,0.0,31.831022408480575,0.0,0.0,0.0,33.60251854839893,0.0,31.831360869975324,0.0,0.0,0.0,0.0,0.0,0.0,0.0,0.0,0.0,0.0,0.0,0.0 
 07/21  03:19:00,32.7,33.69218606548084,31.8306851576781,33.69218606548084,0.0,0.0,31.8306851576781,0.0,0.0,0.0,33.64739210578757,0.0,31.831022408480575,0.0,0.0,0.0,0.0,0.0,0.0,0.0,0.0,0.0,0.0,0.0,0.0 
 07/21  03:20:00,32.7,33.736897492859185,31.830349120410872,33.736897492859185,0.0,0.0,31.830349120410872,0.0,0.0,0.0,33.69218606548084,0.0,31.8306851576781,0.0,0.0,0.0,0.0,0.0,0.0,0.0,0.0,0.0,0.0,0.0,0.0 
 07/21  03:21:00,32.7,33.781529796788774,31.830014286044193,33.781529796788774,0.0,0.0,31.830014286044193,0.0,0.0,0.0,33.736897492859185,0.0,31.830349120410872,0.0,0.0,0.0,0.0,0.0,0.0,0.0,0.0,0.0,0.0,0.0,0.0 
 07/21  03:22:00,32.7,33.82608005441076,31.82968065468769,33.82608005441076,0.0,0.0,31.82968065468769,0.0,0.0,0.0,33.781529796788774,0.0,31.830014286044193,0.0,0.0,0.0,0.0,0.0,0.0,0.0,0.0,0.0,0.0,0.0,0.0 
 07/21  03:23:00,32.7,33.870551653378676,31.829348216452924,33.870551653378676,0.0,0.0,31.829348216452924,0.0,0.0,0.0,33.82608005441076,0.0,31.82968065468769,0.0,0.0,0.0,0.0,0.0,0.0,0.0,0.0,0.0,0.0,0.0,0.0 
 07/21  03:24:00,32.7,33.91494168245148,31.829016973483697,33.91494168245148,0.0,0.0,31.829016973483697,0.0,0.0,0.0,33.870551653378676,0.0,31.829348216452924,0.0,0.0,0.0,0.0,0.0,0.0,0.0,0.0,0.0,0.0,0.0,0.0 
 07/21  03:25:00,32.7,33.95925350855454,31.828686913199842,33.95925350855454,0.0,0.0,31.828686913199842,0.0,0.0,0.0,33.91494168245148,0.0,31.829016973483697,0.0,0.0,0.0,0.0,0.0,0.0,0.0,0.0,0.0,0.0,0.0,0.0 
 07/21  03:26:00,32.7,34.00348423192603,31.828358038230046,34.00348423192603,0.0,0.0,31.828358038230046,0.0,0.0,0.0,33.95925350855454,0.0,31.828686913199842,0.0,0.0,0.0,0.0,0.0,0.0,0.0,0.0,0.0,0.0,0.0,0.0 
 07/21  03:27:00,32.7,34.04763719922926,31.828030338181488,34.04763719922926,0.0,0.0,31.828030338181488,0.0,0.0,0.0,34.00348423192603,0.0,31.828358038230046,0.0,0.0,0.0,0.0,0.0,0.0,0.0,0.0,0.0,0.0,0.0,0.0 
 07/21  03:28:00,32.7,34.091709522047076,31.827703812871867,34.091709522047076,0.0,0.0,31.827703812871867,0.0,0.0,0.0,34.04763719922926,0.0,31.828030338181488,0.0,0.0,0.0,0.0,0.0,0.0,0.0,0.0,0.0,0.0,0.0,0.0 
 07/21  03:29:00,32.7,34.13570452722935,31.827378452681174,34.13570452722935,0.0,0.0,31.827378452681174,0.0,0.0,0.0,34.091709522047076,0.0,31.827703812871867,0.0,0.0,0.0,0.0,0.0,0.0,0.0,0.0,0.0,0.0,0.0,0.0 
 07/21  03:30:00,32.7,34.179619337573115,31.82705425954197,34.179619337573115,0.0,0.0,31.82705425954197,0.0,0.0,0.0,34.13570452722935,0.0,31.827378452681174,0.0,0.0,0.0,0.0,0.0,0.0,0.0,0.0,0.0,0.0,0.0,0.0 
 07/21  03:31:00,32.7,34.22345726054653,31.82673122106235,34.22345726054653,0.0,0.0,31.82673122106235,0.0,0.0,0.0,34.179619337573115,0.0,31.82705425954197,0.0,0.0,0.0,0.0,0.0,0.0,0.0,0.0,0.0,0.0,0.0,0.0 
 07/21  03:32:00,32.7,34.267215430034156,31.826409339687984,34.267215430034156,0.0,0.0,31.826409339687984,0.0,0.0,0.0,34.22345726054653,0.0,31.82673122106235,0.0,0.0,0.0,0.0,0.0,0.0,0.0,0.0,0.0,0.0,0.0,0.0 
 07/21  03:33:00,32.7,34.310897134538095,31.82608860528953,34.310897134538095,0.0,0.0,31.82608860528953,0.0,0.0,0.0,34.267215430034156,0.0,31.826409339687984,0.0,0.0,0.0,0.0,0.0,0.0,0.0,0.0,0.0,0.0,0.0,0.0 
 07/21  03:34:00,32.7,34.35449951890756,31.82576901742905,34.35449951890756,0.0,0.0,31.82576901742905,0.0,0.0,0.0,34.310897134538095,0.0,31.82608860528953,0.0,0.0,0.0,0.0,0.0,0.0,0.0,0.0,0.0,0.0,0.0,0.0 
 07/21  03:35:00,32.7,34.398025853078856,31.825450566773508,34.398025853078856,0.0,0.0,31.825450566773508,0.0,0.0,0.0,34.35449951890756,0.0,31.82576901742905,0.0,0.0,0.0,0.0,0.0,0.0,0.0,0.0,0.0,0.0,0.0,0.0 
 07/21  03:36:00,32.7,34.441473292746544,31.82513325507455,34.441473292746544,0.0,0.0,31.82513325507455,0.0,0.0,0.0,34.398025853078856,0.0,31.825450566773508,0.0,0.0,0.0,0.0,0.0,0.0,0.0,0.0,0.0,0.0,0.0,0.0 
 07/21  03:37:00,32.7,34.48484508966661,31.824817070151276,34.48484508966661,0.0,0.0,31.824817070151276,0.0,0.0,0.0,34.441473292746544,0.0,31.82513325507455,0.0,0.0,0.0,0.0,0.0,0.0,0.0,0.0,0.0,0.0,0.0,0.0 
 07/21  03:38:00,32.7,34.52813841026321,31.824502014293905,34.52813841026321,0.0,0.0,31.824502014293905,0.0,0.0,0.0,34.48484508966661,0.0,31.824817070151276,0.0,0.0,0.0,0.0,0.0,0.0,0.0,0.0,0.0,0.0,0.0,0.0 
 07/21  03:39:00,32.7,34.571356488483275,31.824188077652465,34.571356488483275,0.0,0.0,31.824188077652465,0.0,0.0,0.0,34.52813841026321,0.0,31.824502014293905,0.0,0.0,0.0,0.0,0.0,0.0,0.0,0.0,0.0,0.0,0.0,0.0 
 07/21  03:40:00,32.7,34.61449650136814,31.823875259565007,34.61449650136814,0.0,0.0,31.823875259565007,0.0,0.0,0.0,34.571356488483275,0.0,31.824188077652465,0.0,0.0,0.0,0.0,0.0,0.0,0.0,0.0,0.0,0.0,0.0,0.0 
 07/21  03:41:00,32.7,34.65756166541332,31.82356355099775,34.65756166541332,0.0,0.0,31.82356355099775,0.0,0.0,0.0,34.61449650136814,0.0,31.823875259565007,0.0,0.0,0.0,0.0,0.0,0.0,0.0,0.0,0.0,0.0,0.0,0.0 
 07/21  03:42:00,32.7,34.70054916816829,31.82325295354656,34.70054916816829,0.0,0.0,31.82325295354656,0.0,0.0,0.0,34.65756166541332,0.0,31.82356355099775,0.0,0.0,0.0,0.0,0.0,0.0,0.0,0.0,0.0,0.0,0.0,0.0 
 07/21  03:43:00,32.7,34.74346220902171,31.822943455257544,34.74346220902171,0.0,0.0,31.822943455257544,0.0,0.0,0.0,34.70054916816829,0.0,31.82325295354656,0.0,0.0,0.0,0.0,0.0,0.0,0.0,0.0,0.0,0.0,0.0,0.0 
 07/21  03:44:00,32.7,34.78629798592516,31.822635058287783,34.78629798592516,0.0,0.0,31.822635058287783,0.0,0.0,0.0,34.74346220902171,0.0,31.822943455257544,0.0,0.0,0.0,0.0,0.0,0.0,0.0,0.0,0.0,0.0,0.0,0.0 
 07/21  03:45:00,32.7,34.82905968149263,31.822327753076276,34.82905968149263,0.0,0.0,31.822327753076276,0.0,0.0,0.0,34.78629798592516,0.0,31.822635058287783,0.0,0.0,0.0,0.0,0.0,0.0,0.0,0.0,0.0,0.0,0.0,0.0 
 07/21  03:46:00,32.7,34.871744503974966,31.822021538763813,34.871744503974966,0.0,0.0,31.822021538763813,0.0,0.0,0.0,34.82905968149263,0.0,31.822327753076276,0.0,0.0,0.0,0.0,0.0,0.0,0.0,0.0,0.0,0.0,0.0,0.0 
 07/21  03:47:00,32.7,34.91435561953148,31.82171640662287,34.91435561953148,0.0,0.0,31.82171640662287,0.0,0.0,0.0,34.871744503974966,0.0,31.822021538763813,0.0,0.0,0.0,0.0,0.0,0.0,0.0,0.0,0.0,0.0,0.0,0.0 
 07/21  03:48:00,32.7,34.956890246612325,31.82141235811489,34.956890246612325,0.0,0.0,31.82141235811489,0.0,0.0,0.0,34.91435561953148,0.0,31.82171640662287,0.0,0.0,0.0,0.0,0.0,0.0,0.0,0.0,0.0,0.0,0.0,0.0 
 07/21  03:49:00,32.7,34.999351535230666,31.821109381524614,34.999351535230666,0.0,0.0,31.821109381524614,0.0,0.0,0.0,34.956890246612325,0.0,31.82141235811489,0.0,0.0,0.0,0.0,0.0,0.0,0.0,0.0,0.0,0.0,0.0,0.0 
 07/21  03:50:00,32.7,35.04173671393888,31.820807478895464,35.04173671393888,0.0,0.0,31.820807478895464,0.0,0.0,0.0,34.999351535230666,0.0,31.821109381524614,0.0,0.0,0.0,0.0,0.0,0.0,0.0,0.0,0.0,0.0,0.0,0.0 
 07/21  03:51:00,32.7,35.084048916901494,31.82050664096164,35.084048916901494,0.0,0.0,31.82050664096164,0.0,0.0,0.0,35.04173671393888,0.0,31.820807478895464,0.0,0.0,0.0,0.0,0.0,0.0,0.0,0.0,0.0,0.0,0.0,0.0 
 07/21  03:52:00,32.7,35.126285382678816,31.820206866690818,35.126285382678816,0.0,0.0,31.820206866690818,0.0,0.0,0.0,35.084048916901494,0.0,31.82050664096164,0.0,0.0,0.0,0.0,0.0,0.0,0.0,0.0,0.0,0.0,0.0,0.0 
 07/21  03:53:00,32.7,35.168449229873495,31.81990814766564,35.168449229873495,0.0,0.0,31.81990814766564,0.0,0.0,0.0,35.126285382678816,0.0,31.820206866690818,0.0,0.0,0.0,0.0,0.0,0.0,0.0,0.0,0.0,0.0,0.0,0.0 
 07/21  03:54:00,32.7,35.21053770696209,31.819610485232136,35.21053770696209,0.0,0.0,31.819610485232136,0.0,0.0,0.0,35.168449229873495,0.0,31.81990814766564,0.0,0.0,0.0,0.0,0.0,0.0,0.0,0.0,0.0,0.0,0.0,0.0 
 07/21  03:55:00,32.7,35.25255391726206,31.819313867921892,35.25255391726206,0.0,0.0,31.819313867921892,0.0,0.0,0.0,35.21053770696209,0.0,31.819610485232136,0.0,0.0,0.0,0.0,0.0,0.0,0.0,0.0,0.0,0.0,0.0,0.0 
 07/21  03:56:00,32.7,35.2944951190772,31.81901829768164,35.2944951190772,0.0,0.0,31.81901829768164,0.0,0.0,0.0,35.25255391726206,0.0,31.819313867921892,0.0,0.0,0.0,0.0,0.0,0.0,0.0,0.0,0.0,0.0,0.0,0.0 
 07/21  03:57:00,32.7,35.336364400706586,31.818723765543666,35.336364400706586,0.0,0.0,31.818723765543666,0.0,0.0,0.0,35.2944951190772,0.0,31.81901829768164,0.0,0.0,0.0,0.0,0.0,0.0,0.0,0.0,0.0,0.0,0.0,0.0 
 07/21  03:58:00,32.7,35.37815903019463,31.818430270323855,35.37815903019463,0.0,0.0,31.818430270323855,0.0,0.0,0.0,35.336364400706586,0.0,31.818723765543666,0.0,0.0,0.0,0.0,0.0,0.0,0.0,0.0,0.0,0.0,0.0,0.0 
 07/21  03:59:00,32.7,35.419882081079535,31.81813780391585,35.419882081079535,0.0,0.0,31.81813780391585,0.0,0.0,0.0,35.37815903019463,0.0,31.818430270323855,0.0,0.0,0.0,0.0,0.0,0.0,0.0,0.0,0.0,0.0,0.0,0.0 
 07/21  04:00:00,32.7,35.46153083106223,31.81784636756677,35.46153083106223,0.0,0.0,31.81784636756677,0.0,0.0,0.0,35.419882081079535,0.0,31.81813780391585,0.0,0.0,0.0,0.0,0.0,0.0,0.0,0.0,0.0,0.0,0.0,0.0,49104000.0 
 07/21  04:01:00,32.7,35.503108339168385,31.81755595006036,35.503108339168385,0.0,0.0,31.81755595006036,0.0,0.0,0.0,35.46153083106223,0.0,31.81784636756677,0.0,0.0,0.0,0.0,0.0,0.0,0.0,0.0,0.0,0.0,0.0,0.0 
 07/21  04:02:00,32.7,35.5446118926736,31.817266553261618,35.5446118926736,0.0,0.0,31.817266553261618,0.0,0.0,0.0,35.503108339168385,0.0,31.81755595006036,0.0,0.0,0.0,0.0,0.0,0.0,0.0,0.0,0.0,0.0,0.0,0.0 
 07/21  04:03:00,32.7,35.5860445363308,31.816978168501674,35.5860445363308,0.0,0.0,31.816978168501674,0.0,0.0,0.0,35.5446118926736,0.0,31.817266553261618,0.0,0.0,0.0,0.0,0.0,0.0,0.0,0.0,0.0,0.0,0.0,0.0 
 07/21  04:04:00,32.7,35.6274035669107,31.8166907944642,35.6274035669107,0.0,0.0,31.8166907944642,0.0,0.0,0.0,35.5860445363308,0.0,31.816978168501674,0.0,0.0,0.0,0.0,0.0,0.0,0.0,0.0,0.0,0.0,0.0,0.0 
 07/21  04:05:00,32.7,35.668692015124776,31.816404423353156,35.668692015124776,0.0,0.0,31.816404423353156,0.0,0.0,0.0,35.6274035669107,0.0,31.8166907944642,0.0,0.0,0.0,0.0,0.0,0.0,0.0,0.0,0.0,0.0,0.0,0.0 
 07/21  04:06:00,32.7,35.70990718716142,31.81611905633213,35.70990718716142,0.0,0.0,31.81611905633213,0.0,0.0,0.0,35.668692015124776,0.0,31.816404423353156,0.0,0.0,0.0,0.0,0.0,0.0,0.0,0.0,0.0,0.0,0.0,0.0 
 07/21  04:07:00,32.7,35.75105209991406,31.81583468244096,35.75105209991406,0.0,0.0,31.81583468244096,0.0,0.0,0.0,35.70990718716142,0.0,31.81611905633213,0.0,0.0,0.0,0.0,0.0,0.0,0.0,0.0,0.0,0.0,0.0,0.0 
 07/21  04:08:00,32.7,35.792124068913445,31.815551303477,35.792124068913445,0.0,0.0,31.815551303477,0.0,0.0,0.0,35.75105209991406,0.0,31.81583468244096,0.0,0.0,0.0,0.0,0.0,0.0,0.0,0.0,0.0,0.0,0.0,0.0 
 07/21  04:09:00,32.7,35.83312609745063,31.815268911069893,35.83312609745063,0.0,0.0,31.815268911069893,0.0,0.0,0.0,35.792124068913445,0.0,31.815551303477,0.0,0.0,0.0,0.0,0.0,0.0,0.0,0.0,0.0,0.0,0.0,0.0 
 07/21  04:10:00,32.7,35.874055510325405,31.814987503789443,35.874055510325405,0.0,0.0,31.814987503789443,0.0,0.0,0.0,35.83312609745063,0.0,31.815268911069893,0.0,0.0,0.0,0.0,0.0,0.0,0.0,0.0,0.0,0.0,0.0,0.0 
 07/21  04:11:00,32.7,35.914915297434725,31.81470707414782,35.914915297434725,0.0,0.0,31.81470707414782,0.0,0.0,0.0,35.874055510325405,0.0,31.814987503789443,0.0,0.0,0.0,0.0,0.0,0.0,0.0,0.0,0.0,0.0,0.0,0.0 
 07/21  04:12:00,32.7,35.95570279277606,31.814427623238913,35.95570279277606,0.0,0.0,31.814427623238913,0.0,0.0,0.0,35.914915297434725,0.0,31.81470707414782,0.0,0.0,0.0,0.0,0.0,0.0,0.0,0.0,0.0,0.0,0.0,0.0 
 07/21  04:13:00,32.7,35.996420973053425,31.814149140360293,35.996420973053425,0.0,0.0,31.814149140360293,0.0,0.0,0.0,35.95570279277606,0.0,31.814427623238913,0.0,0.0,0.0,0.0,0.0,0.0,0.0,0.0,0.0,0.0,0.0,0.0 
 07/21  04:14:00,32.7,36.03706718139251,31.813871627253494,36.03706718139251,0.0,0.0,31.813871627253494,0.0,0.0,0.0,35.996420973053425,0.0,31.814149140360293,0.0,0.0,0.0,0.0,0.0,0.0,0.0,0.0,0.0,0.0,0.0,0.0 
 07/21  04:15:00,32.7,36.077644381498715,31.813595075843477,36.077644381498715,0.0,0.0,31.813595075843477,0.0,0.0,0.0,36.03706718139251,0.0,31.813871627253494,0.0,0.0,0.0,0.0,0.0,0.0,0.0,0.0,0.0,0.0,0.0,0.0 
 07/21  04:16:00,32.7,36.11814992555831,31.813319484601234,36.11814992555831,0.0,0.0,31.813319484601234,0.0,0.0,0.0,36.077644381498715,0.0,31.813595075843477,0.0,0.0,0.0,0.0,0.0,0.0,0.0,0.0,0.0,0.0,0.0,0.0 
 07/21  04:17:00,32.7,36.158586764465824,31.813044846341935,36.158586764465824,0.0,0.0,31.813044846341935,0.0,0.0,0.0,36.11814992555831,0.0,31.813319484601234,0.0,0.0,0.0,0.0,0.0,0.0,0.0,0.0,0.0,0.0,0.0,0.0 
 07/21  04:18:00,32.7,36.19895225940217,31.812771162100333,36.19895225940217,0.0,0.0,31.812771162100333,0.0,0.0,0.0,36.158586764465824,0.0,31.813044846341935,0.0,0.0,0.0,0.0,0.0,0.0,0.0,0.0,0.0,0.0,0.0,0.0 
 07/21  04:19:00,32.7,36.23924934863242,31.81249842143024,36.23924934863242,0.0,0.0,31.81249842143024,0.0,0.0,0.0,36.19895225940217,0.0,31.812771162100333,0.0,0.0,0.0,0.0,0.0,0.0,0.0,0.0,0.0,0.0,0.0,0.0 
 07/21  04:20:00,32.7,36.27947540226797,31.81222662602651,36.27947540226797,0.0,0.0,31.81222662602651,0.0,0.0,0.0,36.23924934863242,0.0,31.81249842143024,0.0,0.0,0.0,0.0,0.0,0.0,0.0,0.0,0.0,0.0,0.0,0.0 
 07/21  04:21:00,32.7,36.31963334611982,31.81195576810428,36.31963334611982,0.0,0.0,31.81195576810428,0.0,0.0,0.0,36.27947540226797,0.0,31.81222662602651,0.0,0.0,0.0,0.0,0.0,0.0,0.0,0.0,0.0,0.0,0.0,0.0 
 07/21  04:22:00,32.7,36.35972055916728,31.811685846049123,36.35972055916728,0.0,0.0,31.811685846049123,0.0,0.0,0.0,36.31963334611982,0.0,31.81195576810428,0.0,0.0,0.0,0.0,0.0,0.0,0.0,0.0,0.0,0.0,0.0,0.0 
 07/21  04:23:00,32.7,36.39973995493678,31.811416852973203,36.39973995493678,0.0,0.0,31.811416852973203,0.0,0.0,0.0,36.35972055916728,0.0,31.811685846049123,0.0,0.0,0.0,0.0,0.0,0.0,0.0,0.0,0.0,0.0,0.0,0.0 
 07/21  04:24:00,32.7,36.43968892121457,31.811148789862116,36.43968892121457,0.0,0.0,31.811148789862116,0.0,0.0,0.0,36.39973995493678,0.0,31.811416852973203,0.0,0.0,0.0,0.0,0.0,0.0,0.0,0.0,0.0,0.0,0.0,0.0 
 07/21  04:25:00,32.7,36.479570359406495,31.810881646523868,36.479570359406495,0.0,0.0,31.810881646523868,0.0,0.0,0.0,36.43968892121457,0.0,31.811148789862116,0.0,0.0,0.0,0.0,0.0,0.0,0.0,0.0,0.0,0.0,0.0,0.0 
 07/21  04:26:00,32.7,36.51938166604639,31.81061542461509,36.51938166604639,0.0,0.0,31.81061542461509,0.0,0.0,0.0,36.479570359406495,0.0,31.810881646523868,0.0,0.0,0.0,0.0,0.0,0.0,0.0,0.0,0.0,0.0,0.0,0.0 
 07/21  04:27:00,32.7,36.55912573057799,31.810350116634808,36.55912573057799,0.0,0.0,31.810350116634808,0.0,0.0,0.0,36.51938166604639,0.0,31.81061542461509,0.0,0.0,0.0,0.0,0.0,0.0,0.0,0.0,0.0,0.0,0.0,0.0 
 07/21  04:28:00,32.7,36.59879995822473,31.81008572089423,36.59879995822473,0.0,0.0,31.81008572089423,0.0,0.0,0.0,36.55912573057799,0.0,31.810350116634808,0.0,0.0,0.0,0.0,0.0,0.0,0.0,0.0,0.0,0.0,0.0,0.0 
 07/21  04:29:00,32.7,36.63840722662162,31.809822230793884,36.63840722662162,0.0,0.0,31.809822230793884,0.0,0.0,0.0,36.59879995822473,0.0,31.81008572089423,0.0,0.0,0.0,0.0,0.0,0.0,0.0,0.0,0.0,0.0,0.0,0.0 
 07/21  04:30:00,32.7,36.67794494962516,31.80955964727651,36.67794494962516,0.0,0.0,31.80955964727651,0.0,0.0,0.0,36.63840722662162,0.0,31.809822230793884,0.0,0.0,0.0,0.0,0.0,0.0,0.0,0.0,0.0,0.0,0.0,0.0 
 07/21  04:31:00,32.7,36.71741599320996,31.809297960398435,36.71741599320996,0.0,0.0,31.809297960398435,0.0,0.0,0.0,36.67794494962516,0.0,31.80955964727651,0.0,0.0,0.0,0.0,0.0,0.0,0.0,0.0,0.0,0.0,0.0,0.0 
 07/21  04:32:00,32.7,36.75681777981042,31.809037171782535,36.75681777981042,0.0,0.0,31.809037171782535,0.0,0.0,0.0,36.71741599320996,0.0,31.809297960398435,0.0,0.0,0.0,0.0,0.0,0.0,0.0,0.0,0.0,0.0,0.0,0.0 
 07/21  04:33:00,32.7,36.79615316388426,31.808777274202175,36.79615316388426,0.0,0.0,31.808777274202175,0.0,0.0,0.0,36.75681777981042,0.0,31.809037171782535,0.0,0.0,0.0,0.0,0.0,0.0,0.0,0.0,0.0,0.0,0.0,0.0 
 07/21  04:34:00,32.7,36.83541957638996,31.808518265902222,36.83541957638996,0.0,0.0,31.808518265902222,0.0,0.0,0.0,36.79615316388426,0.0,31.808777274202175,0.0,0.0,0.0,0.0,0.0,0.0,0.0,0.0,0.0,0.0,0.0,0.0 
 07/21  04:35:00,32.7,36.87461986040719,31.808260140561373,36.87461986040719,0.0,0.0,31.808260140561373,0.0,0.0,0.0,36.83541957638996,0.0,31.808518265902222,0.0,0.0,0.0,0.0,0.0,0.0,0.0,0.0,0.0,0.0,0.0,0.0 
 07/21  04:36:00,32.7,36.91375145536584,31.808002899084872,36.91375145536584,0.0,0.0,31.808002899084872,0.0,0.0,0.0,36.87461986040719,0.0,31.808260140561373,0.0,0.0,0.0,0.0,0.0,0.0,0.0,0.0,0.0,0.0,0.0,0.0 
 07/21  04:37:00,32.7,36.952817193102035,31.807746531771485,36.952817193102035,0.0,0.0,31.807746531771485,0.0,0.0,0.0,36.91375145536584,0.0,31.808002899084872,0.0,0.0,0.0,0.0,0.0,0.0,0.0,0.0,0.0,0.0,0.0,0.0 
 07/21  04:38:00,32.7,36.99181452146566,31.807491040215353,36.99181452146566,0.0,0.0,31.807491040215353,0.0,0.0,0.0,36.952817193102035,0.0,31.807746531771485,0.0,0.0,0.0,0.0,0.0,0.0,0.0,0.0,0.0,0.0,0.0,0.0 
 07/21  04:39:00,32.7,37.03074626117949,31.807236417455936,37.03074626117949,0.0,0.0,31.807236417455936,0.0,0.0,0.0,36.99181452146566,0.0,31.807491040215353,0.0,0.0,0.0,0.0,0.0,0.0,0.0,0.0,0.0,0.0,0.0,0.0 
 07/21  04:40:00,32.7,37.06960986846329,31.806982661680724,37.06960986846329,0.0,0.0,31.806982661680724,0.0,0.0,0.0,37.03074626117949,0.0,31.807236417455936,0.0,0.0,0.0,0.0,0.0,0.0,0.0,0.0,0.0,0.0,0.0,0.0 
 07/21  04:41:00,32.7,37.10840815305248,31.806729766837936,37.10840815305248,0.0,0.0,31.806729766837936,0.0,0.0,0.0,37.06960986846329,0.0,31.806982661680724,0.0,0.0,0.0,0.0,0.0,0.0,0.0,0.0,0.0,0.0,0.0,0.0 
 07/21  04:42:00,32.7,37.14713857948769,31.806477733801483,37.14713857948769,0.0,0.0,31.806477733801483,0.0,0.0,0.0,37.10840815305248,0.0,31.806729766837936,0.0,0.0,0.0,0.0,0.0,0.0,0.0,0.0,0.0,0.0,0.0,0.0 
 07/21  04:43:00,32.7,37.185803946639055,31.806226553107578,37.185803946639055,0.0,0.0,31.806226553107578,0.0,0.0,0.0,37.14713857948769,0.0,31.806477733801483,0.0,0.0,0.0,0.0,0.0,0.0,0.0,0.0,0.0,0.0,0.0,0.0 
 07/21  04:44:00,32.7,37.22440172732011,31.80597622632691,37.22440172732011,0.0,0.0,31.80597622632691,0.0,0.0,0.0,37.185803946639055,0.0,31.806226553107578,0.0,0.0,0.0,0.0,0.0,0.0,0.0,0.0,0.0,0.0,0.0,0.0 
 07/21  04:45:00,32.7,37.2629347096541,31.805726746757088,37.2629347096541,0.0,0.0,31.805726746757088,0.0,0.0,0.0,37.22440172732011,0.0,31.80597622632691,0.0,0.0,0.0,0.0,0.0,0.0,0.0,0.0,0.0,0.0,0.0,0.0 
 07/21  04:46:00,32.7,37.301400374680654,31.80547811253663,37.301400374680654,0.0,0.0,31.80547811253663,0.0,0.0,0.0,37.2629347096541,0.0,31.805726746757088,0.0,0.0,0.0,0.0,0.0,0.0,0.0,0.0,0.0,0.0,0.0,0.0 
 07/21  04:47:00,32.7,37.339801499890704,31.805230317874422,37.339801499890704,0.0,0.0,31.805230317874422,0.0,0.0,0.0,37.301400374680654,0.0,31.80547811253663,0.0,0.0,0.0,0.0,0.0,0.0,0.0,0.0,0.0,0.0,0.0,0.0 
 07/21  04:48:00,32.7,37.378135574504185,31.804983363618497,37.378135574504185,0.0,0.0,31.804983363618497,0.0,0.0,0.0,37.339801499890704,0.0,31.805230317874422,0.0,0.0,0.0,0.0,0.0,0.0,0.0,0.0,0.0,0.0,0.0,0.0 
 07/21  04:49:00,32.7,37.41640536549082,31.804737240537,37.41640536549082,0.0,0.0,31.804737240537,0.0,0.0,0.0,37.378135574504185,0.0,31.804983363618497,0.0,0.0,0.0,0.0,0.0,0.0,0.0,0.0,0.0,0.0,0.0,0.0 
 07/21  04:50:00,32.7,37.45460837020602,31.804491950181745,37.45460837020602,0.0,0.0,31.804491950181745,0.0,0.0,0.0,37.41640536549082,0.0,31.804737240537,0.0,0.0,0.0,0.0,0.0,0.0,0.0,0.0,0.0,0.0,0.0,0.0 
 07/21  04:51:00,32.7,37.492747345206,31.80424748610042,37.492747345206,0.0,0.0,31.80424748610042,0.0,0.0,0.0,37.45460837020602,0.0,31.804491950181745,0.0,0.0,0.0,0.0,0.0,0.0,0.0,0.0,0.0,0.0,0.0,0.0 
 07/21  04:52:00,32.7,37.530819795937774,31.80400384639023,37.530819795937774,0.0,0.0,31.80400384639023,0.0,0.0,0.0,37.492747345206,0.0,31.80424748610042,0.0,0.0,0.0,0.0,0.0,0.0,0.0,0.0,0.0,0.0,0.0,0.0 
 07/21  04:53:00,32.7,37.568828468648526,31.803761025511943,37.568828468648526,0.0,0.0,31.803761025511943,0.0,0.0,0.0,37.530819795937774,0.0,31.80400384639023,0.0,0.0,0.0,0.0,0.0,0.0,0.0,0.0,0.0,0.0,0.0,0.0 
 07/21  04:54:00,32.7,37.606770876834005,31.80351902429257,37.606770876834005,0.0,0.0,31.80351902429257,0.0,0.0,0.0,37.568828468648526,0.0,31.803761025511943,0.0,0.0,0.0,0.0,0.0,0.0,0.0,0.0,0.0,0.0,0.0,0.0 
 07/21  04:55:00,32.7,37.644649756533596,31.803277833726433,37.644649756533596,0.0,0.0,31.803277833726433,0.0,0.0,0.0,37.606770876834005,0.0,31.80351902429257,0.0,0.0,0.0,0.0,0.0,0.0,0.0,0.0,0.0,0.0,0.0,0.0 
 07/21  04:56:00,32.7,37.68246262924965,31.80303745535023,37.68246262924965,0.0,0.0,31.80303745535023,0.0,0.0,0.0,37.644649756533596,0.0,31.803277833726433,0.0,0.0,0.0,0.0,0.0,0.0,0.0,0.0,0.0,0.0,0.0,0.0 
 07/21  04:57:00,32.7,37.72021222091209,31.802797882953023,37.72021222091209,0.0,0.0,31.802797882953023,0.0,0.0,0.0,37.68246262924965,0.0,31.80303745535023,0.0,0.0,0.0,0.0,0.0,0.0,0.0,0.0,0.0,0.0,0.0,0.0 
 07/21  04:58:00,32.7,37.757896060988756,31.802559114596875,37.757896060988756,0.0,0.0,31.802559114596875,0.0,0.0,0.0,37.72021222091209,0.0,31.802797882953023,0.0,0.0,0.0,0.0,0.0,0.0,0.0,0.0,0.0,0.0,0.0,0.0 
 07/21  04:59:00,32.7,37.795516865395406,31.802321144984546,37.795516865395406,0.0,0.0,31.802321144984546,0.0,0.0,0.0,37.757896060988756,0.0,31.802559114596875,0.0,0.0,0.0,0.0,0.0,0.0,0.0,0.0,0.0,0.0,0.0,0.0 
 07/21  05:00:00,32.7,37.833072171524954,31.802083974925132,37.833072171524954,0.0,0.0,31.802083974925132,0.0,0.0,0.0,37.795516865395406,0.0,31.802321144984546,0.0,0.0,0.0,0.0,0.0,0.0,0.0,0.0,0.0,0.0,0.0,0.0,49104000.0 
 07/21  05:01:00,32.7,37.870564685371534,31.80184759563179,37.870564685371534,0.0,0.0,31.80184759563179,0.0,0.0,0.0,37.833072171524954,0.0,31.802083974925132,0.0,0.0,0.0,0.0,0.0,0.0,0.0,0.0,0.0,0.0,0.0,0.0 
 07/21  05:02:00,32.7,37.90799195221362,31.80161200862801,37.90799195221362,0.0,0.0,31.80161200862801,0.0,0.0,0.0,37.870564685371534,0.0,31.80184759563179,0.0,0.0,0.0,0.0,0.0,0.0,0.0,0.0,0.0,0.0,0.0,0.0 
 07/21  05:03:00,32.7,37.945356668213634,31.801377207934166,37.945356668213634,0.0,0.0,31.801377207934166,0.0,0.0,0.0,37.90799195221362,0.0,31.80161200862801,0.0,0.0,0.0,0.0,0.0,0.0,0.0,0.0,0.0,0.0,0.0,0.0 
 07/21  05:04:00,32.7,37.98265638649684,31.80114319158151,37.98265638649684,0.0,0.0,31.80114319158151,0.0,0.0,0.0,37.945356668213634,0.0,31.801377207934166,0.0,0.0,0.0,0.0,0.0,0.0,0.0,0.0,0.0,0.0,0.0,0.0 
 07/21  05:05:00,32.7,38.019893793481145,31.8009099545039,38.019893793481145,0.0,0.0,31.8009099545039,0.0,0.0,0.0,37.98265638649684,0.0,31.80114319158151,0.0,0.0,0.0,0.0,0.0,0.0,0.0,0.0,0.0,0.0,0.0,0.0 
 07/21  05:06:00,32.7,38.057066450100564,31.80067749749415,38.057066450100564,0.0,0.0,31.80067749749415,0.0,0.0,0.0,38.019893793481145,0.0,31.8009099545039,0.0,0.0,0.0,0.0,0.0,0.0,0.0,0.0,0.0,0.0,0.0,0.0 
 07/21  05:07:00,32.7,38.09417703311326,31.800445811976086,38.09417703311326,0.0,0.0,31.800445811976086,0.0,0.0,0.0,38.057066450100564,0.0,31.80067749749415,0.0,0.0,0.0,0.0,0.0,0.0,0.0,0.0,0.0,0.0,0.0,0.0 
 07/21  05:08:00,32.7,38.13122311122478,31.8002148994608,38.13122311122478,0.0,0.0,31.8002148994608,0.0,0.0,0.0,38.09417703311326,0.0,31.800445811976086,0.0,0.0,0.0,0.0,0.0,0.0,0.0,0.0,0.0,0.0,0.0,0.0 
 07/21  05:09:00,32.7,38.168207351615834,31.79998475418967,38.168207351615834,0.0,0.0,31.79998475418967,0.0,0.0,0.0,38.13122311122478,0.0,31.8002148994608,0.0,0.0,0.0,0.0,0.0,0.0,0.0,0.0,0.0,0.0,0.0,0.0 
 07/21  05:10:00,32.7,38.20512733072684,31.799755374166686,38.20512733072684,0.0,0.0,31.799755374166686,0.0,0.0,0.0,38.168207351615834,0.0,31.79998475418967,0.0,0.0,0.0,0.0,0.0,0.0,0.0,0.0,0.0,0.0,0.0,0.0 
 07/21  05:11:00,32.7,38.24198570624119,31.799526754546193,38.24198570624119,0.0,0.0,31.799526754546193,0.0,0.0,0.0,38.20512733072684,0.0,31.799755374166686,0.0,0.0,0.0,0.0,0.0,0.0,0.0,0.0,0.0,0.0,0.0,0.0 
 07/21  05:12:00,32.7,38.27878006229827,31.799298896106517,38.27878006229827,0.0,0.0,31.799298896106517,0.0,0.0,0.0,38.24198570624119,0.0,31.799526754546193,0.0,0.0,0.0,0.0,0.0,0.0,0.0,0.0,0.0,0.0,0.0,0.0 
 07/21  05:13:00,32.7,38.31551304716188,31.799071790474873,38.31551304716188,0.0,0.0,31.799071790474873,0.0,0.0,0.0,38.27878006229827,0.0,31.799298896106517,0.0,0.0,0.0,0.0,0.0,0.0,0.0,0.0,0.0,0.0,0.0,0.0 
 07/21  05:14:00,32.7,38.3521822526351,31.798845439151687,38.3521822526351,0.0,0.0,31.798845439151687,0.0,0.0,0.0,38.31551304716188,0.0,31.799071790474873,0.0,0.0,0.0,0.0,0.0,0.0,0.0,0.0,0.0,0.0,0.0,0.0 
 07/21  05:15:00,32.7,38.38879031763783,31.798619836590614,38.38879031763783,0.0,0.0,31.798619836590614,0.0,0.0,0.0,38.3521822526351,0.0,31.798845439151687,0.0,0.0,0.0,0.0,0.0,0.0,0.0,0.0,0.0,0.0,0.0,0.0 
 07/21  05:16:00,32.7,38.42533484160227,31.798394980773175,38.42533484160227,0.0,0.0,31.798394980773175,0.0,0.0,0.0,38.38879031763783,0.0,31.798619836590614,0.0,0.0,0.0,0.0,0.0,0.0,0.0,0.0,0.0,0.0,0.0,0.0 
 07/21  05:17:00,32.7,38.46181845417797,31.798170867065544,38.46181845417797,0.0,0.0,31.798170867065544,0.0,0.0,0.0,38.42533484160227,0.0,31.798394980773175,0.0,0.0,0.0,0.0,0.0,0.0,0.0,0.0,0.0,0.0,0.0,0.0 
 07/21  05:18:00,32.7,38.498238762392205,31.797947496234528,38.498238762392205,0.0,0.0,31.797947496234528,0.0,0.0,0.0,38.46181845417797,0.0,31.798170867065544,0.0,0.0,0.0,0.0,0.0,0.0,0.0,0.0,0.0,0.0,0.0,0.0 
 07/21  05:19:00,32.7,38.53459838669583,31.79772486010499,38.53459838669583,0.0,0.0,31.79772486010499,0.0,0.0,0.0,38.498238762392205,0.0,31.797947496234528,0.0,0.0,0.0,0.0,0.0,0.0,0.0,0.0,0.0,0.0,0.0,0.0 
 07/21  05:20:00,32.7,38.57089494167789,31.797502960169247,38.57089494167789,0.0,0.0,31.797502960169247,0.0,0.0,0.0,38.53459838669583,0.0,31.79772486010499,0.0,0.0,0.0,0.0,0.0,0.0,0.0,0.0,0.0,0.0,0.0,0.0 
 07/21  05:21:00,32.7,38.60713103866017,31.79728179108568,38.60713103866017,0.0,0.0,31.79728179108568,0.0,0.0,0.0,38.57089494167789,0.0,31.797502960169247,0.0,0.0,0.0,0.0,0.0,0.0,0.0,0.0,0.0,0.0,0.0,0.0 
 07/21  05:22:00,32.7,38.64330429976054,31.797061350818428,38.64330429976054,0.0,0.0,31.797061350818428,0.0,0.0,0.0,38.60713103866017,0.0,31.79728179108568,0.0,0.0,0.0,0.0,0.0,0.0,0.0,0.0,0.0,0.0,0.0,0.0 
 07/21  05:23:00,32.7,38.67941732723957,31.796841634937586,38.67941732723957,0.0,0.0,31.796841634937586,0.0,0.0,0.0,38.64330429976054,0.0,31.797061350818428,0.0,0.0,0.0,0.0,0.0,0.0,0.0,0.0,0.0,0.0,0.0,0.0 
 07/21  05:24:00,32.7,38.71546775071172,31.796622644201726,38.71546775071172,0.0,0.0,31.796622644201726,0.0,0.0,0.0,38.67941732723957,0.0,31.796841634937586,0.0,0.0,0.0,0.0,0.0,0.0,0.0,0.0,0.0,0.0,0.0,0.0 
 07/21  05:25:00,32.7,38.75145816344241,31.796404370628217,38.75145816344241,0.0,0.0,31.796404370628217,0.0,0.0,0.0,38.71546775071172,0.0,31.796622644201726,0.0,0.0,0.0,0.0,0.0,0.0,0.0,0.0,0.0,0.0,0.0,0.0 
 07/21  05:26:00,32.7,38.78738620251099,31.796186815704203,38.78738620251099,0.0,0.0,31.796186815704203,0.0,0.0,0.0,38.75145816344241,0.0,31.796404370628217,0.0,0.0,0.0,0.0,0.0,0.0,0.0,0.0,0.0,0.0,0.0,0.0 
 07/21  05:27:00,32.7,38.823254452251945,31.795969974285992,38.823254452251945,0.0,0.0,31.795969974285992,0.0,0.0,0.0,38.78738620251099,0.0,31.796186815704203,0.0,0.0,0.0,0.0,0.0,0.0,0.0,0.0,0.0,0.0,0.0,0.0 
 07/21  05:28:00,32.7,38.859060557178154,31.795753844325453,38.859060557178154,0.0,0.0,31.795753844325453,0.0,0.0,0.0,38.823254452251945,0.0,31.795969974285992,0.0,0.0,0.0,0.0,0.0,0.0,0.0,0.0,0.0,0.0,0.0,0.0 
 07/21  05:29:00,32.7,38.89480709275593,31.795538421589256,38.89480709275593,0.0,0.0,31.795538421589256,0.0,0.0,0.0,38.859060557178154,0.0,31.795753844325453,0.0,0.0,0.0,0.0,0.0,0.0,0.0,0.0,0.0,0.0,0.0,0.0 
 07/21  05:30:00,32.7,38.93049171090095,31.795323706830505,38.93049171090095,0.0,0.0,31.795323706830505,0.0,0.0,0.0,38.89480709275593,0.0,31.795538421589256,0.0,0.0,0.0,0.0,0.0,0.0,0.0,0.0,0.0,0.0,0.0,0.0 
 07/21  05:31:00,32.7,38.96611697827235,31.795109692253323,38.96611697827235,0.0,0.0,31.795109692253323,0.0,0.0,0.0,38.93049171090095,0.0,31.795323706830505,0.0,0.0,0.0,0.0,0.0,0.0,0.0,0.0,0.0,0.0,0.0,0.0 
 07/21  05:32:00,32.7,39.00168055415817,31.79489637934094,39.00168055415817,0.0,0.0,31.79489637934094,0.0,0.0,0.0,38.96611697827235,0.0,31.795109692253323,0.0,0.0,0.0,0.0,0.0,0.0,0.0,0.0,0.0,0.0,0.0,0.0 
 07/21  05:33:00,32.7,39.03718499646991,31.794683763139044,39.03718499646991,0.0,0.0,31.794683763139044,0.0,0.0,0.0,39.00168055415817,0.0,31.79489637934094,0.0,0.0,0.0,0.0,0.0,0.0,0.0,0.0,0.0,0.0,0.0,0.0 
 07/21  05:34:00,32.7,39.072627971838195,31.794471841589495,39.072627971838195,0.0,0.0,31.794471841589495,0.0,0.0,0.0,39.03718499646991,0.0,31.794683763139044,0.0,0.0,0.0,0.0,0.0,0.0,0.0,0.0,0.0,0.0,0.0,0.0 
 07/21  05:35:00,32.7,39.10801202948483,31.79426061064538,39.10801202948483,0.0,0.0,31.79426061064538,0.0,0.0,0.0,39.072627971838195,0.0,31.794471841589495,0.0,0.0,0.0,0.0,0.0,0.0,0.0,0.0,0.0,0.0,0.0,0.0 
 07/21  05:36:00,32.7,39.14333484335353,31.794050071053714,39.14333484335353,0.0,0.0,31.794050071053714,0.0,0.0,0.0,39.10801202948483,0.0,31.79426061064538,0.0,0.0,0.0,0.0,0.0,0.0,0.0,0.0,0.0,0.0,0.0,0.0 
 07/21  05:37:00,32.7,39.178598954033134,31.793840215196663,39.178598954033134,0.0,0.0,31.793840215196663,0.0,0.0,0.0,39.14333484335353,0.0,31.794050071053714,0.0,0.0,0.0,0.0,0.0,0.0,0.0,0.0,0.0,0.0,0.0,0.0 
 07/21  05:38:00,32.7,39.21380204275154,31.79363104455178,39.21380204275154,0.0,0.0,31.79363104455178,0.0,0.0,0.0,39.178598954033134,0.0,31.793840215196663,0.0,0.0,0.0,0.0,0.0,0.0,0.0,0.0,0.0,0.0,0.0,0.0 
 07/21  05:39:00,32.7,39.24894664151982,31.79342255434349,39.24894664151982,0.0,0.0,31.79342255434349,0.0,0.0,0.0,39.21380204275154,0.0,31.79363104455178,0.0,0.0,0.0,0.0,0.0,0.0,0.0,0.0,0.0,0.0,0.0,0.0 
 07/21  05:40:00,32.7,39.28403043882152,31.79321474250383,39.28403043882152,0.0,0.0,31.79321474250383,0.0,0.0,0.0,39.24894664151982,0.0,31.79342255434349,0.0,0.0,0.0,0.0,0.0,0.0,0.0,0.0,0.0,0.0,0.0,0.0 
 07/21  05:41:00,32.7,39.31905595814396,31.79300760516169,39.31905595814396,0.0,0.0,31.79300760516169,0.0,0.0,0.0,39.28403043882152,0.0,31.79321474250383,0.0,0.0,0.0,0.0,0.0,0.0,0.0,0.0,0.0,0.0,0.0,0.0 
 07/21  05:42:00,32.7,39.354020895198225,31.79280114305718,39.354020895198225,0.0,0.0,31.79280114305718,0.0,0.0,0.0,39.31905595814396,0.0,31.79300760516169,0.0,0.0,0.0,0.0,0.0,0.0,0.0,0.0,0.0,0.0,0.0,0.0 
 07/21  05:43:00,32.7,39.38892776500049,31.79259534874286,39.38892776500049,0.0,0.0,31.79259534874286,0.0,0.0,0.0,39.354020895198225,0.0,31.79280114305718,0.0,0.0,0.0,0.0,0.0,0.0,0.0,0.0,0.0,0.0,0.0,0.0 
 07/21  05:44:00,32.7,39.42377427046162,31.79239022369022,39.42377427046162,0.0,0.0,31.79239022369022,0.0,0.0,0.0,39.38892776500049,0.0,31.79259534874286,0.0,0.0,0.0,0.0,0.0,0.0,0.0,0.0,0.0,0.0,0.0,0.0 
 07/21  05:45:00,32.7,39.458562918178174,31.79218576329417,39.458562918178174,0.0,0.0,31.79218576329417,0.0,0.0,0.0,39.42377427046162,0.0,31.79239022369022,0.0,0.0,0.0,0.0,0.0,0.0,0.0,0.0,0.0,0.0,0.0,0.0 
 07/21  05:46:00,32.7,39.49329141823344,31.791981965479266,39.49329141823344,0.0,0.0,31.791981965479266,0.0,0.0,0.0,39.458562918178174,0.0,31.79218576329417,0.0,0.0,0.0,0.0,0.0,0.0,0.0,0.0,0.0,0.0,0.0,0.0 
 07/21  05:47:00,32.7,39.527962268854566,31.791778826542213,39.527962268854566,0.0,0.0,31.791778826542213,0.0,0.0,0.0,39.49329141823344,0.0,31.791981965479266,0.0,0.0,0.0,0.0,0.0,0.0,0.0,0.0,0.0,0.0,0.0,0.0 
 07/21  05:48:00,32.7,39.56257318727023,31.79157634721728,39.56257318727023,0.0,0.0,31.79157634721728,0.0,0.0,0.0,39.527962268854566,0.0,31.791778826542213,0.0,0.0,0.0,0.0,0.0,0.0,0.0,0.0,0.0,0.0,0.0,0.0 
 07/21  05:49:00,32.7,39.597126663387236,31.79137452022175,39.597126663387236,0.0,0.0,31.79137452022175,0.0,0.0,0.0,39.56257318727023,0.0,31.79157634721728,0.0,0.0,0.0,0.0,0.0,0.0,0.0,0.0,0.0,0.0,0.0,0.0 
 07/21  05:50:00,32.7,39.6316204215529,31.791173347021818,39.6316204215529,0.0,0.0,31.791173347021818,0.0,0.0,0.0,39.597126663387236,0.0,31.79137452022175,0.0,0.0,0.0,0.0,0.0,0.0,0.0,0.0,0.0,0.0,0.0,0.0 
 07/21  05:51:00,32.7,39.66605694340169,31.79097282317581,39.66605694340169,0.0,0.0,31.79097282317581,0.0,0.0,0.0,39.6316204215529,0.0,31.791173347021818,0.0,0.0,0.0,0.0,0.0,0.0,0.0,0.0,0.0,0.0,0.0,0.0 
 07/21  05:52:00,32.7,39.70043396037329,31.79077294660331,39.70043396037329,0.0,0.0,31.79077294660331,0.0,0.0,0.0,39.66605694340169,0.0,31.79097282317581,0.0,0.0,0.0,0.0,0.0,0.0,0.0,0.0,0.0,0.0,0.0,0.0 
 07/21  05:53:00,32.7,39.73475394587673,31.790573713761315,39.73475394587673,0.0,0.0,31.790573713761315,0.0,0.0,0.0,39.70043396037329,0.0,31.79077294660331,0.0,0.0,0.0,0.0,0.0,0.0,0.0,0.0,0.0,0.0,0.0,0.0 
 07/21  05:54:00,32.7,39.76901463841802,31.79037512537905,39.76901463841802,0.0,0.0,31.79037512537905,0.0,0.0,0.0,39.73475394587673,0.0,31.790573713761315,0.0,0.0,0.0,0.0,0.0,0.0,0.0,0.0,0.0,0.0,0.0,0.0 
 07/21  05:55:00,32.7,39.80321850322672,31.790177174332594,39.80321850322672,0.0,0.0,31.790177174332594,0.0,0.0,0.0,39.76901463841802,0.0,31.79037512537905,0.0,0.0,0.0,0.0,0.0,0.0,0.0,0.0,0.0,0.0,0.0,0.0 
 07/21  05:56:00,32.7,39.837363285849456,31.78997986208284,39.837363285849456,0.0,0.0,31.78997986208284,0.0,0.0,0.0,39.80321850322672,0.0,31.790177174332594,0.0,0.0,0.0,0.0,0.0,0.0,0.0,0.0,0.0,0.0,0.0,0.0 
 07/21  05:57:00,32.7,39.87145144338125,31.789783184343893,39.87145144338125,0.0,0.0,31.789783184343893,0.0,0.0,0.0,39.837363285849456,0.0,31.78997986208284,0.0,0.0,0.0,0.0,0.0,0.0,0.0,0.0,0.0,0.0,0.0,0.0 
 07/21  05:58:00,32.7,39.90548072838396,31.78958713903184,39.90548072838396,0.0,0.0,31.78958713903184,0.0,0.0,0.0,39.87145144338125,0.0,31.789783184343893,0.0,0.0,0.0,0.0,0.0,0.0,0.0,0.0,0.0,0.0,0.0,0.0 
 07/21  05:59:00,32.7,39.93945358986208,31.789391722755934,39.93945358986208,0.0,0.0,31.789391722755934,0.0,0.0,0.0,39.90548072838396,0.0,31.78958713903184,0.0,0.0,0.0,0.0,0.0,0.0,0.0,0.0,0.0,0.0,0.0,0.0 
 07/21  06:00:00,32.7,39.973367787367756,31.789196936240465,39.973367787367756,0.0,0.0,31.789196936240465,0.0,0.0,0.0,39.93945358986208,0.0,31.789391722755934,0.0,0.0,0.0,0.0,0.0,0.0,0.0,0.0,0.0,0.0,0.0,0.0,49104000.0 
 07/21  06:01:00,32.7,40.007225761857924,31.78900277251451,40.007225761857924,0.0,0.0,31.78900277251451,0.0,0.0,0.0,39.973367787367756,0.0,31.789196936240465,0.0,0.0,0.0,0.0,0.0,0.0,0.0,0.0,0.0,0.0,0.0,0.0 
 07/21  06:02:00,32.7,40.04102527984999,31.788809233033877,40.04102527984999,0.0,0.0,31.788809233033877,0.0,0.0,0.0,40.007225761857924,0.0,31.78900277251451,0.0,0.0,0.0,0.0,0.0,0.0,0.0,0.0,0.0,0.0,0.0,0.0 
 07/21  06:03:00,32.7,40.07476877429564,31.788616313661965,40.07476877429564,0.0,0.0,31.788616313661965,0.0,0.0,0.0,40.04102527984999,0.0,31.788809233033877,0.0,0.0,0.0,0.0,0.0,0.0,0.0,0.0,0.0,0.0,0.0,0.0 
 07/21  06:04:00,32.7,40.1084540186531,31.788424012313836,40.1084540186531,0.0,0.0,31.788424012313836,0.0,0.0,0.0,40.07476877429564,0.0,31.788616313661965,0.0,0.0,0.0,0.0,0.0,0.0,0.0,0.0,0.0,0.0,0.0,0.0 
 07/21  06:05:00,32.7,40.14208343791002,31.788232325745025,40.14208343791002,0.0,0.0,31.788232325745025,0.0,0.0,0.0,40.1084540186531,0.0,31.788424012313836,0.0,0.0,0.0,0.0,0.0,0.0,0.0,0.0,0.0,0.0,0.0,0.0 
 07/21  06:06:00,32.7,40.17565481244108,31.788041254678507,40.17565481244108,0.0,0.0,31.788041254678507,0.0,0.0,0.0,40.14208343791002,0.0,31.788232325745025,0.0,0.0,0.0,0.0,0.0,0.0,0.0,0.0,0.0,0.0,0.0,0.0 
 07/21  06:07:00,32.7,40.20917055931045,31.787850792305395,40.20917055931045,0.0,0.0,31.787850792305395,0.0,0.0,0.0,40.17565481244108,0.0,31.788041254678507,0.0,0.0,0.0,0.0,0.0,0.0,0.0,0.0,0.0,0.0,0.0,0.0 
 07/21  06:08:00,32.7,40.24262846578525,31.78766094013048,40.24262846578525,0.0,0.0,31.78766094013048,0.0,0.0,0.0,40.20917055931045,0.0,31.787850792305395,0.0,0.0,0.0,0.0,0.0,0.0,0.0,0.0,0.0,0.0,0.0,0.0 
 07/21  06:09:00,32.7,40.27603094104585,31.787471694311154,40.27603094104585,0.0,0.0,31.787471694311154,0.0,0.0,0.0,40.24262846578525,0.0,31.78766094013048,0.0,0.0,0.0,0.0,0.0,0.0,0.0,0.0,0.0,0.0,0.0,0.0 
 07/21  06:10:00,32.7,40.30937577922834,31.787283053101373,40.30937577922834,0.0,0.0,31.787283053101373,0.0,0.0,0.0,40.27603094104585,0.0,31.787471694311154,0.0,0.0,0.0,0.0,0.0,0.0,0.0,0.0,0.0,0.0,0.0,0.0 
 07/21  06:11:00,32.7,40.34266538166849,31.787095014024583,40.34266538166849,0.0,0.0,31.787095014024583,0.0,0.0,0.0,40.30937577922834,0.0,31.787283053101373,0.0,0.0,0.0,0.0,0.0,0.0,0.0,0.0,0.0,0.0,0.0,0.0 
 07/21  06:12:00,32.7,40.37589754935069,31.786907578828323,40.37589754935069,0.0,0.0,31.786907578828323,0.0,0.0,0.0,40.34266538166849,0.0,31.787095014024583,0.0,0.0,0.0,0.0,0.0,0.0,0.0,0.0,0.0,0.0,0.0,0.0 
 07/21  06:13:00,32.7,40.40907467580638,31.786720742330363,40.40907467580638,0.0,0.0,31.786720742330363,0.0,0.0,0.0,40.37589754935069,0.0,31.786907578828323,0.0,0.0,0.0,0.0,0.0,0.0,0.0,0.0,0.0,0.0,0.0,0.0 
 07/21  06:14:00,32.7,40.442194568859584,31.786534508018477,40.442194568859584,0.0,0.0,31.786534508018477,0.0,0.0,0.0,40.40907467580638,0.0,31.786720742330363,0.0,0.0,0.0,0.0,0.0,0.0,0.0,0.0,0.0,0.0,0.0,0.0 
 07/21  06:15:00,32.7,40.47525961428486,31.78634887458145,40.47525961428486,0.0,0.0,31.78634887458145,0.0,0.0,0.0,40.442194568859584,0.0,31.786534508018477,0.0,0.0,0.0,0.0,0.0,0.0,0.0,0.0,0.0,0.0,0.0,0.0 
 07/21  06:16:00,32.7,40.508267626767804,31.786163843006467,40.508267626767804,0.0,0.0,31.786163843006467,0.0,0.0,0.0,40.47525961428486,0.0,31.78634887458145,0.0,0.0,0.0,0.0,0.0,0.0,0.0,0.0,0.0,0.0,0.0,0.0 
 07/21  06:17:00,32.7,40.54122098439166,31.78597941380511,40.54122098439166,0.0,0.0,31.78597941380511,0.0,0.0,0.0,40.508267626767804,0.0,31.786163843006467,0.0,0.0,0.0,0.0,0.0,0.0,0.0,0.0,0.0,0.0,0.0,0.0 
 07/21  06:18:00,32.7,40.5741175087773,31.78579559158278,40.5741175087773,0.0,0.0,31.78579559158278,0.0,0.0,0.0,40.54122098439166,0.0,31.78597941380511,0.0,0.0,0.0,0.0,0.0,0.0,0.0,0.0,0.0,0.0,0.0,0.0 
 07/21  06:19:00,32.7,40.606959570408826,31.785612373877512,40.606959570408826,0.0,0.0,31.785612373877512,0.0,0.0,0.0,40.5741175087773,0.0,31.78579559158278,0.0,0.0,0.0,0.0,0.0,0.0,0.0,0.0,0.0,0.0,0.0,0.0 
 07/21  06:20:00,32.7,40.63974499797465,31.785429766500307,40.63974499797465,0.0,0.0,31.785429766500307,0.0,0.0,0.0,40.606959570408826,0.0,31.785612373877512,0.0,0.0,0.0,0.0,0.0,0.0,0.0,0.0,0.0,0.0,0.0,0.0 
 07/21  06:21:00,32.7,40.6724761544748,31.785247770076893,40.6724761544748,0.0,0.0,31.785247770076893,0.0,0.0,0.0,40.63974499797465,0.0,31.785429766500307,0.0,0.0,0.0,0.0,0.0,0.0,0.0,0.0,0.0,0.0,0.0,0.0 
 07/21  06:22:00,32.7,40.70515087583937,31.78506638695636,40.70515087583937,0.0,0.0,31.78506638695636,0.0,0.0,0.0,40.6724761544748,0.0,31.785247770076893,0.0,0.0,0.0,0.0,0.0,0.0,0.0,0.0,0.0,0.0,0.0,0.0 
 07/21  06:23:00,32.7,40.737771517703955,31.784885618583505,40.737771517703955,0.0,0.0,31.784885618583505,0.0,0.0,0.0,40.70515087583937,0.0,31.78506638695636,0.0,0.0,0.0,0.0,0.0,0.0,0.0,0.0,0.0,0.0,0.0,0.0 
 07/21  06:24:00,32.7,40.7703359234217,31.784705469942434,40.7703359234217,0.0,0.0,31.784705469942434,0.0,0.0,0.0,40.737771517703955,0.0,31.784885618583505,0.0,0.0,0.0,0.0,0.0,0.0,0.0,0.0,0.0,0.0,0.0,0.0 
 07/21  06:25:00,32.7,40.80284644136292,31.784525938509365,40.80284644136292,0.0,0.0,31.784525938509365,0.0,0.0,0.0,40.7703359234217,0.0,31.784705469942434,0.0,0.0,0.0,0.0,0.0,0.0,0.0,0.0,0.0,0.0,0.0,0.0 
 07/21  06:26:00,32.7,40.83530092245437,31.784347029615212,40.83530092245437,0.0,0.0,31.784347029615212,0.0,0.0,0.0,40.80284644136292,0.0,31.784525938509365,0.0,0.0,0.0,0.0,0.0,0.0,0.0,0.0,0.0,0.0,0.0,0.0 
 07/21  06:27:00,32.7,40.867701707859,31.7841687430889,40.867701707859,0.0,0.0,31.7841687430889,0.0,0.0,0.0,40.83530092245437,0.0,31.784347029615212,0.0,0.0,0.0,0.0,0.0,0.0,0.0,0.0,0.0,0.0,0.0,0.0 
 07/21  06:28:00,32.7,40.90004665616883,31.783991080124853,40.90004665616883,0.0,0.0,31.783991080124853,0.0,0.0,0.0,40.867701707859,0.0,31.7841687430889,0.0,0.0,0.0,0.0,0.0,0.0,0.0,0.0,0.0,0.0,0.0,0.0 
 07/21  06:29:00,32.7,40.932338101346694,31.78381404085764,40.932338101346694,0.0,0.0,31.78381404085764,0.0,0.0,0.0,40.90004665616883,0.0,31.783991080124853,0.0,0.0,0.0,0.0,0.0,0.0,0.0,0.0,0.0,0.0,0.0,0.0 
 07/21  06:30:00,32.7,40.96457390967078,31.783637628738877,40.96457390967078,0.0,0.0,31.783637628738877,0.0,0.0,0.0,40.932338101346694,0.0,31.78381404085764,0.0,0.0,0.0,0.0,0.0,0.0,0.0,0.0,0.0,0.0,0.0,0.0 
 07/21  06:31:00,32.7,40.99675640786283,31.783461839606446,40.99675640786283,0.0,0.0,31.783461839606446,0.0,0.0,0.0,40.96457390967078,0.0,31.783637628738877,0.0,0.0,0.0,0.0,0.0,0.0,0.0,0.0,0.0,0.0,0.0,0.0 
 07/21  06:32:00,32.7,41.02888346983996,31.783286677060733,41.02888346983996,0.0,0.0,31.783286677060733,0.0,0.0,0.0,40.99675640786283,0.0,31.783461839606446,0.0,0.0,0.0,0.0,0.0,0.0,0.0,0.0,0.0,0.0,0.0,0.0 
 07/21  06:33:00,32.7,41.06095741500527,31.7831121392014,41.06095741500527,0.0,0.0,31.7831121392014,0.0,0.0,0.0,41.02888346983996,0.0,31.783286677060733,0.0,0.0,0.0,0.0,0.0,0.0,0.0,0.0,0.0,0.0,0.0,0.0 
 07/21  06:34:00,32.7,41.092976124812054,31.782938225420498,41.092976124812054,0.0,0.0,31.782938225420498,0.0,0.0,0.0,41.06095741500527,0.0,31.7831121392014,0.0,0.0,0.0,0.0,0.0,0.0,0.0,0.0,0.0,0.0,0.0,0.0 
 07/21  06:35:00,32.7,41.124941911245706,31.782764934143895,41.124941911245706,0.0,0.0,31.782764934143895,0.0,0.0,0.0,41.092976124812054,0.0,31.782938225420498,0.0,0.0,0.0,0.0,0.0,0.0,0.0,0.0,0.0,0.0,0.0,0.0 
 07/21  06:36:00,32.7,41.1568526631546,31.782592267103638,41.1568526631546,0.0,0.0,31.782592267103638,0.0,0.0,0.0,41.124941911245706,0.0,31.782764934143895,0.0,0.0,0.0,0.0,0.0,0.0,0.0,0.0,0.0,0.0,0.0,0.0 
 07/21  06:37:00,32.7,41.1887106850012,31.78242021851636,41.1887106850012,0.0,0.0,31.78242021851636,0.0,0.0,0.0,41.1568526631546,0.0,31.782592267103638,0.0,0.0,0.0,0.0,0.0,0.0,0.0,0.0,0.0,0.0,0.0,0.0 
 07/21  06:38:00,32.7,41.22051387286657,31.782248790396615,41.22051387286657,0.0,0.0,31.782248790396615,0.0,0.0,0.0,41.1887106850012,0.0,31.78242021851636,0.0,0.0,0.0,0.0,0.0,0.0,0.0,0.0,0.0,0.0,0.0,0.0 
 07/21  06:39:00,32.7,41.25226452359167,31.78207797939869,41.25226452359167,0.0,0.0,31.78207797939869,0.0,0.0,0.0,41.22051387286657,0.0,31.782248790396615,0.0,0.0,0.0,0.0,0.0,0.0,0.0,0.0,0.0,0.0,0.0,0.0 
 07/21  06:40:00,32.7,41.28396054032144,31.781907783488904,41.28396054032144,0.0,0.0,31.781907783488904,0.0,0.0,0.0,41.25226452359167,0.0,31.78207797939869,0.0,0.0,0.0,0.0,0.0,0.0,0.0,0.0,0.0,0.0,0.0,0.0 
 07/21  06:41:00,32.7,38.06692683445801,31.78173986537343,38.06692683445801,0.0,57047.5230811598,31.78173986537343,0.0,0.0,0.08034118,26.6,0.0,31.781907783488904,0.08034118,0.08034118,0.0,0.0,0.08034118,0.0,0.0,0.0,0.04865536959737696,0.0,0.04865536959737696,0.0 
 07/21  06:42:00,32.7,33.89253719590245,31.78157140615483,33.89253719590245,0.0,50281.378178177845,31.78157140615483,0.0,0.0,0.08034118,23.8,0.0,31.78173986537343,0.08034118,0.08034118,0.0,0.0,0.08034118,0.0,0.0,0.0,0.04865536959737696,0.0,0.04865536959737696,0.0 
 07/21  06:43:00,32.6,30.98569839359537,31.778380558584487,30.98569839359537,0.0,44847.80304846044,31.778380558584487,0.0,0.0,0.08034118,22.0,0.0,31.78157140615483,0.08034118,0.08034118,0.0,0.0,0.08034118,0.0,0.0,0.0,0.04865536959737696,0.0,0.04865536959737696,0.0 
 07/21  06:44:00,32.5,29.587628824065973,31.770483395741667,29.587628824065973,0.0,43921.90010245419,31.770483395741667,0.0,0.0,0.08034118,20.8,0.0,31.778380558584487,0.08034118,0.08034118,0.0,0.0,0.08034118,0.0,0.0,0.0,0.04865536959737696,0.0,0.04865536959737696,0.0 
 07/21  06:45:00,32.6,29.03755832808982,31.76366172758807,29.03755832808982,0.0,44712.23761539719,31.76366172758807,0.0,0.0,0.08034118,20.1,0.0,31.770483395741667,0.08034118,0.08034118,0.0,0.0,0.08034118,0.0,0.0,0.0,0.04865536959737696,0.0,0.04865536959737696,0.0 
 07/21  06:46:00,32.6,28.760635608362314,31.758641497372466,28.760635608362314,0.0,45356.347242500764,31.758641497372466,0.0,0.0,0.08034118,19.7,0.0,31.76366172758807,0.08034118,0.08034118,0.0,0.0,0.08034118,0.0,0.0,0.0,0.04865536959737696,0.0,0.04865536959737696,0.0 
 07/21  06:47:00,32.6,28.532430950977037,31.75476819606511,28.532430950977037,0.0,45237.42538208316,31.75476819606511,0.0,0.0,0.08034118,19.5,0.0,31.758641497372466,0.08034118,0.08034118,0.0,0.0,0.08034118,0.0,0.0,0.0,0.04865536959737696,0.0,0.04865536959737696,0.0 
 07/21  06:48:00,32.5,28.333799435742982,31.748439478599554,28.333799435742982,0.0,44759.6919453959,31.748439478599554,0.0,0.0,0.08034118,19.4,0.0,31.75476819606511,0.08034118,0.08034118,0.0,0.0,0.08034118,0.0,0.0,0.0,0.04865536959737696,0.0,0.04865536959737696,0.0 
 07/21  06:49:00,32.5,28.133541037348213,31.740726599482436,28.133541037348213,0.0,45270.223112264495,31.740726599482436,0.0,0.0,0.08034118,19.1,0.0,31.748439478599554,0.08034118,0.08034118,0.0,0.0,0.08034118,0.0,0.0,0.0,0.04865536959737696,0.0,0.04865536959737696,0.0 
 07/21  06:50:00,32.5,27.943846109079225,31.73297326027313,27.943846109079225,0.0,45331.168288724926,31.73297326027313,0.0,0.0,0.08034118,18.9,0.0,31.740726599482436,0.08034118,0.08034118,0.0,0.0,0.08034118,0.0,0.0,0.0,0.04865536959737696,0.0,0.04865536959737696,0.0 
 07/21  06:51:00,32.6,27.76995638905474,31.728831268691096,27.76995638905474,0.0,45471.64879688784,31.728831268691096,0.0,0.0,0.08034118,18.7,0.0,31.73297326027313,0.08034118,0.08034118,0.0,0.0,0.08034118,0.0,0.0,0.0,0.04865536959737696,0.0,0.04865536959737696,0.0 
 07/21  06:52:00,32.6,27.627269388312815,31.727080875955767,27.627269388312815,0.0,45266.31334136152,31.727080875955767,0.0,0.0,0.08034118,18.6,0.0,31.728831268691096,0.08034118,0.08034118,0.0,0.0,0.08034118,0.0,0.0,0.0,0.04865536959737696,0.0,0.04865536959737696,0.0 
 07/21  06:53:00,32.7,27.490193348497648,31.7292494959839,27.490193348497648,0.0,45585.71860747879,31.7292494959839,0.0,0.0,0.08034118,18.4,0.0,31.727080875955767,0.08034118,0.08034118,0.0,0.0,0.08034118,0.0,0.0,0.0,0.04865536959737696,0.0,0.04865536959737696,0.0 
 07/21  06:54:00,32.7,27.345081177844456,31.733262771739092,27.345081177844456,0.0,45863.75516294772,31.733262771739092,0.0,0.0,0.08034118,18.2,0.0,31.7292494959839,0.08034118,0.08034118,0.0,0.0,0.08034118,0.0,0.0,0.0,0.04865536959737696,0.0,0.04865536959737696,0.0 
 07/21  06:55:00,32.7,27.23206644383707,31.737500039646992,27.23206644383707,0.0,45302.209180000435,31.737500039646992,0.0,0.0,0.08034118,18.2,0.0,31.733262771739092,0.08034118,0.08034118,0.0,0.0,0.08034118,0.0,0.0,0.0,0.04865536959737696,0.0,0.04865536959737696,0.0 
 07/21  06:56:00,32.7,27.117895462681524,31.741331510469028,27.117895462681524,0.0,45733.47573358257,31.741331510469028,0.0,0.0,0.08034118,18.0,0.0,31.737500039646992,0.08034118,0.08034118,0.0,0.0,0.08034118,0.0,0.0,0.0,0.04865536959737696,0.0,0.04865536959737696,0.0 
 07/21  06:57:00,32.7,27.004670217382873,31.744674656853668,27.004670217382873,0.0,45667.62606142345,31.744674656853668,0.0,0.0,0.08034118,17.9,0.0,31.741331510469028,0.08034118,0.08034118,0.0,0.0,0.08034118,0.0,0.0,0.0,0.04865536959737696,0.0,0.04865536959737696,0.0 
 07/21  06:58:00,32.7,26.917005578398875,31.747617169916023,26.917005578398875,0.0,45227.245612600105,31.747617169916023,0.0,0.0,0.08034118,17.9,0.0,31.744674656853668,0.08034118,0.08034118,0.0,0.0,0.08034118,0.0,0.0,0.0,0.04865536959737696,0.0,0.04865536959737696,0.0 
 07/21  06:59:00,32.8,26.83513443128072,31.753260844545135,26.83513443128072,0.0,45321.38981347276,31.753260844545135,0.0,0.0,0.08034118,17.8,0.0,31.747617169916023,0.08034118,0.08034118,0.0,0.0,0.08034118,0.0,0.0,0.0,0.04865536959737696,0.0,0.04865536959737696,0.0 
 07/21  07:00:00,32.9,26.746330129266877,31.76334183504703,26.746330129266877,0.0,45380.11762634979,31.76334183504703,0.0,0.0,0.08034118,17.7,0.0,31.753260844545135,0.08034118,0.08034118,0.0,0.0,0.08034118,0.0,0.0,0.0,0.04865536959737696,0.0,0.04865536959737696,0.0,49104000.0 
 07/21  07:01:00,32.8,26.670094524196752,31.772115944933844,26.670094524196752,0.0,45003.448719383974,31.772115944933844,0.0,0.0,0.08034118,17.7,0.0,31.76334183504703,0.08034118,0.08034118,0.0,0.0,0.08034118,0.0,0.0,0.0,0.04865536959737696,0.0,0.04865536959737696,0.0 
 07/21  07:02:00,32.8,26.59196989758841,31.778882467438827,26.59196989758841,0.0,45112.63849926958,31.778882467438827,0.0,0.0,0.08034118,17.6,0.0,31.772115944933844,0.08034118,0.08034118,0.0,0.0,0.08034118,0.0,0.0,0.0,0.04865536959737696,0.0,0.04865536959737696,0.0 
 07/21  07:03:00,32.8,26.504689929668533,31.784315267476305,26.504689929668533,0.0,45174.39163406926,31.784315267476305,0.0,0.0,0.08034118,17.5,0.0,31.778882467438827,0.08034118,0.08034118,0.0,0.0,0.08034118,0.0,0.0,0.0,0.04865536959737696,0.0,0.04865536959737696,0.0 
 07/21  07:04:00,32.8,26.410657960624327,31.78900726641579,26.410657960624327,0.0,45207.4241652414,31.78900726641579,0.0,0.0,0.08034118,17.4,0.0,31.784315267476305,0.08034118,0.08034118,0.0,0.0,0.08034118,0.0,0.0,0.0,0.04865536959737696,0.0,0.04865536959737696,0.0 
 07/21  07:05:00,32.9,26.31448734810897,31.796258417501534,26.31448734810897,0.0,45227.69662029015,31.796258417501534,0.0,0.0,0.08034118,17.3,0.0,31.78900726641579,0.08034118,0.08034118,0.0,0.0,0.08034118,0.0,0.0,0.0,0.04865536959737696,0.0,0.04865536959737696,0.0 
 07/21  07:06:00,33.0,26.238496510858905,31.807838935154994,26.238496510858905,0.0,44846.9077286117,31.807838935154994,0.0,0.0,0.08034118,17.3,0.0,31.796258417501534,0.08034118,0.08034118,0.0,0.0,0.08034118,0.0,0.0,0.0,0.04865536959737696,0.0,0.04865536959737696,0.0 
 07/21  07:07:00,32.8,26.183553941568935,31.814987988448724,26.183553941568935,0.0,44571.35113034118,31.814987988448724,0.0,0.0,0.08034118,17.3,0.0,31.807838935154994,0.08034118,0.08034118,0.0,0.0,0.08034118,0.0,0.0,0.0,0.04865536959737696,0.0,0.04865536959737696,0.0 
 07/21  07:08:00,32.9,26.19877835875803,31.82135483843402,26.19877835875803,0.0,43139.740530485935,31.82135483843402,0.0,0.0,0.08034118,17.6,0.0,31.814987988448724,0.08034118,0.08034118,0.0,0.0,0.08034118,0.0,0.0,0.0,0.04865536959737696,0.0,0.04865536959737696,0.0 
 07/21  07:09:00,32.9,26.178702249953396,31.82769630609757,26.178702249953396,0.0,44043.62722929712,31.82769630609757,0.0,0.0,0.08034118,17.4,0.0,31.82135483843402,0.08034118,0.08034118,0.0,0.0,0.08034118,0.0,0.0,0.0,0.04865536959737696,0.0,0.04865536959737696,0.0 
 07/21  07:10:00,32.8,26.08855385825033,31.8308186121978,26.08855385825033,0.0,44600.20526818254,31.8308186121978,0.0,0.0,0.08034118,17.2,0.0,31.82769630609757,0.08034118,0.08034118,0.0,0.0,0.08034118,0.0,0.0,0.0,0.04865536959737696,0.0,0.04865536959737696,0.0 
 07/21  07:11:00,33.0,25.993202166173816,31.837867082311252,25.993202166173816,0.0,44121.595076808786,31.837867082311252,0.0,0.0,0.08034118,17.2,0.0,31.8308186121978,0.08034118,0.08034118,0.0,0.0,0.08034118,0.0,0.0,0.0,0.04865536959737696,0.0,0.04865536959737696,0.0 
 07/21  07:12:00,32.9,25.945061525691962,31.844486646640433,25.945061525691962,0.0,43378.10760899407,31.844486646640433,0.0,0.0,0.08034118,17.3,0.0,31.837867082311252,0.08034118,0.08034118,0.0,0.0,0.08034118,0.0,0.0,0.0,0.04865536959737696,0.0,0.04865536959737696,0.0 
 07/21  07:13:00,33.0,25.880901752894726,31.85284986456578,25.880901752894726,0.0,44057.16809163427,31.85284986456578,0.0,0.0,0.08034118,17.1,0.0,31.844486646640433,0.08034118,0.08034118,0.0,0.0,0.08034118,0.0,0.0,0.0,0.04865536959737696,0.0,0.04865536959737696,0.0 
 07/21  07:14:00,33.0,25.81429702174588,31.86192832533004,25.81429702174588,0.0,43723.58298064714,31.86192832533004,0.0,0.0,0.08034118,17.1,0.0,31.85284986456578,0.08034118,0.08034118,0.0,0.0,0.08034118,0.0,0.0,0.0,0.04865536959737696,0.0,0.04865536959737696,0.0 
 07/21  07:15:00,32.9,25.759046553878186,31.867665105475947,25.759046553878186,0.0,43450.620632788145,31.867665105475947,0.0,0.0,0.08034118,17.1,0.0,31.86192832533004,0.08034118,0.08034118,0.0,0.0,0.08034118,0.0,0.0,0.0,0.04865536959737696,0.0,0.04865536959737696,0.0 
 07/21  07:16:00,32.8,25.734917673190516,31.86794571934057,25.734917673190516,0.0,42827.34859051291,31.86794571934057,0.0,0.0,0.08034118,17.2,0.0,31.867665105475947,0.08034118,0.08034118,0.0,0.0,0.08034118,0.0,0.0,0.0,0.04865536959737696,0.0,0.04865536959737696,0.0 
 07/21  07:17:00,32.9,25.67759406548037,31.868499773265203,25.67759406548037,0.0,43539.302931888924,31.868499773265203,0.0,0.0,0.08034118,17.0,0.0,31.86794571934057,0.08034118,0.08034118,0.0,0.0,0.08034118,0.0,0.0,0.0,0.04865536959737696,0.0,0.04865536959737696,0.0 
 07/21  07:18:00,32.9,25.610910860410392,31.870141826745904,25.610910860410392,0.0,43201.08074295479,31.870141826745904,0.0,0.0,0.08034118,17.0,0.0,31.868499773265203,0.08034118,0.08034118,0.0,0.0,0.08034118,0.0,0.0,0.0,0.04865536959737696,0.0,0.04865536959737696,0.0 
 07/21  07:19:00,33.0,25.575418457714257,31.875329973780218,25.575418457714257,0.0,42521.09130686601,31.875329973780218,0.0,0.0,0.08034118,17.1,0.0,31.870141826745904,0.08034118,0.08034118,0.0,0.0,0.08034118,0.0,0.0,0.0,0.04865536959737696,0.0,0.04865536959737696,0.0 
 07/21  07:20:00,33.0,25.553423410298592,31.882227047518718,25.553423410298592,0.0,42410.00827714942,31.882227047518718,0.0,0.0,0.08034118,17.1,0.0,31.875329973780218,0.08034118,0.08034118,0.0,0.0,0.08034118,0.0,0.0,0.0,0.04865536959737696,0.0,0.04865536959737696,0.0 
 07/21  07:21:00,32.9,25.527624885978007,31.886182603955607,25.527624885978007,0.0,42285.16574144238,31.886182603955607,0.0,0.0,0.08034118,17.1,0.0,31.882227047518718,0.08034118,0.08034118,0.0,0.0,0.08034118,0.0,0.0,0.0,0.04865536959737696,0.0,0.04865536959737696,0.0 
 07/21  07:22:00,32.8,25.514711889170766,31.8848423692528,25.514711889170766,0.0,41720.31134356207,31.8848423692528,0.0,0.0,0.08034118,17.2,0.0,31.886182603955607,0.08034118,0.08034118,0.0,0.0,0.08034118,0.0,0.0,0.0,0.04865536959737696,0.0,0.04865536959737696,0.0 
 07/21  07:23:00,32.9,25.479457578347073,31.883887154388706,25.479457578347073,0.0,42044.411035207566,31.883887154388706,0.0,0.0,0.08034118,17.1,0.0,31.8848423692528,0.08034118,0.08034118,0.0,0.0,0.08034118,0.0,0.0,0.0,0.04865536959737696,0.0,0.04865536959737696,0.0 
 07/21  07:24:00,33.0,25.433994225217724,31.88714918646469,25.433994225217724,0.0,41817.84222040441,31.88714918646469,0.0,0.0,0.08034118,17.1,0.0,31.883887154388706,0.08034118,0.08034118,0.0,0.0,0.08034118,0.0,0.0,0.0,0.04865536959737696,0.0,0.04865536959737696,0.0 
 07/21  07:25:00,32.8,25.39141959487804,31.886708874306667,25.39141959487804,0.0,41605.63862323801,31.886708874306667,0.0,0.0,0.08034118,17.1,0.0,31.88714918646469,0.08034118,0.08034118,0.0,0.0,0.08034118,0.0,0.0,0.0,0.04865536959737696,0.0,0.04865536959737696,0.0 
 07/21  07:26:00,32.9,25.335081241412528,31.886332341320138,25.335081241412528,0.0,41824.66834235596,31.886332341320138,0.0,0.0,0.08034118,17.0,0.0,31.886708874306667,0.08034118,0.08034118,0.0,0.0,0.08034118,0.0,0.0,0.0,0.04865536959737696,0.0,0.04865536959737696,0.0 
 07/21  07:27:00,32.9,25.281571667117642,31.88665613348515,25.281571667117642,0.0,41557.30473611548,31.88665613348515,0.0,0.0,0.08034118,17.0,0.0,31.886332341320138,0.08034118,0.08034118,0.0,0.0,0.08034118,0.0,0.0,0.0,0.04865536959737696,0.0,0.04865536959737696,0.0 
 07/21  07:28:00,33.1,25.258470704817192,31.893408693939655,25.258470704817192,0.0,40939.18805193637,31.893408693939655,0.0,0.0,0.08034118,17.1,0.0,31.88665613348515,0.08034118,0.08034118,0.0,0.0,0.08034118,0.0,0.0,0.0,0.04865536959737696,0.0,0.04865536959737696,0.0 
 07/21  07:29:00,33.1,25.224163341186127,31.903607055651307,25.224163341186127,0.0,41268.106653490664,31.903607055651307,0.0,0.0,0.08034118,17.0,0.0,31.893408693939655,0.08034118,0.08034118,0.0,0.0,0.08034118,0.0,0.0,0.0,0.04865536959737696,0.0,0.04865536959737696,0.0 
 07/21  07:30:00,33.1,25.162702319488435,31.914268198515988,25.162702319488435,0.0,41464.202590608314,31.914268198515988,0.0,0.0,0.08034118,16.9,0.0,31.903607055651307,0.08034118,0.08034118,0.0,0.0,0.08034118,0.0,0.0,0.0,0.04865536959737696,0.0,0.04865536959737696,0.0 
 07/21  07:31:00,33.1,25.102701054051565,31.92408035853949,25.102701054051565,0.0,41162.415356386,31.92408035853949,0.0,0.0,0.08034118,16.9,0.0,31.914268198515988,0.08034118,0.08034118,0.0,0.0,0.08034118,0.0,0.0,0.0,0.04865536959737696,0.0,0.04865536959737696,0.0 
 07/21  07:32:00,33.1,25.0770780618094,31.932810123839417,25.0770780618094,0.0,40530.05933499854,31.932810123839417,0.0,0.0,0.08034118,17.0,0.0,31.92408035853949,0.08034118,0.08034118,0.0,0.0,0.08034118,0.0,0.0,0.0,0.04865536959737696,0.0,0.04865536959737696,0.0 
 07/21  07:33:00,33.2,25.06314650033404,31.94361091646279,25.06314650033404,0.0,40460.08869817621,31.94361091646279,0.0,0.0,0.08034118,17.0,0.0,31.932810123839417,0.08034118,0.08034118,0.0,0.0,0.08034118,0.0,0.0,0.0,0.04865536959737696,0.0,0.04865536959737696,0.0 
 07/21  07:34:00,33.2,25.043369709195616,31.95531834016607,25.043369709195616,0.0,40363.40411206103,31.95531834016607,0.0,0.0,0.08034118,17.0,0.0,31.94361091646279,0.08034118,0.08034118,0.0,0.0,0.08034118,0.0,0.0,0.0,0.04865536959737696,0.0,0.04865536959737696,0.0 
 07/21  07:35:00,33.3,24.9958724512834,31.96964972567009,24.9958724512834,0.0,40627.58507175365,31.96964972567009,0.0,0.0,0.08034118,16.9,0.0,31.95531834016607,0.08034118,0.08034118,0.0,0.0,0.08034118,0.0,0.0,0.0,0.04865536959737696,0.0,0.04865536959737696,0.0 
 07/21  07:36:00,33.3,24.944229302912795,31.98470457547243,24.944229302912795,0.0,40371.42222026526,31.98470457547243,0.0,0.0,0.08034118,16.9,0.0,31.96964972567009,0.08034118,0.08034118,0.0,0.0,0.08034118,0.0,0.0,0.0,0.04865536959737696,0.0,0.04865536959737696,0.0 
 07/21  07:37:00,33.0,24.92202798484711,31.989953101681138,24.92202798484711,0.0,39762.02572864664,31.989953101681138,0.0,0.0,0.08034118,17.0,0.0,31.98470457547243,0.08034118,0.08034118,0.0,0.0,0.08034118,0.0,0.0,0.0,0.04865536959737696,0.0,0.04865536959737696,0.0 
 07/21  07:38:00,33.3,24.889866489596653,31.99791755886753,24.889866489596653,0.0,40102.60711254132,31.99791755886753,0.0,0.0,0.08034118,16.9,0.0,31.989953101681138,0.08034118,0.08034118,0.0,0.0,0.08034118,0.0,0.0,0.0,0.04865536959737696,0.0,0.04865536959737696,0.0 
 07/21  07:39:00,33.1,24.87068420758075,32.00281424965086,24.87068420758075,0.0,39508.70235687227,32.00281424965086,0.0,0.0,0.08034118,17.0,0.0,31.99791755886753,0.08034118,0.08034118,0.0,0.0,0.08034118,0.0,0.0,0.0,0.04865536959737696,0.0,0.04865536959737696,0.0 
 07/21  07:40:00,33.2,24.83451559139702,32.00816185619537,24.83451559139702,0.0,39831.02476338882,32.00816185619537,0.0,0.0,0.08034118,16.9,0.0,32.00281424965086,0.08034118,0.08034118,0.0,0.0,0.08034118,0.0,0.0,0.0,0.04865536959737696,0.0,0.04865536959737696,0.0 
 07/21  07:41:00,33.2,24.753909317130166,32.01405662770014,24.753909317130166,0.0,38929.50530121668,32.01405662770014,0.0,0.0,0.08034118,17.0,0.0,32.00816185619537,0.08034118,0.08034118,0.0,0.0,0.08034118,0.0,0.0,0.0,0.04865536959737696,0.0,0.04865536959737696,0.0 
 07/21  07:42:00,33.2,24.646255113222164,32.0199178536377,24.646255113222164,0.0,38392.86212772418,32.0199178536377,0.0,0.0,0.08034118,17.0,0.0,32.01405662770014,0.08034118,0.08034118,0.0,0.0,0.08034118,0.0,0.0,0.0,0.04865536959737696,0.0,0.04865536959737696,0.0 
 07/21  07:43:00,33.2,24.546342410627858,32.0253840004978,24.546342410627858,0.0,37889.74234379508,32.0253840004978,0.0,0.0,0.08034118,17.0,0.0,32.0199178536377,0.08034118,0.08034118,0.0,0.0,0.08034118,0.0,0.0,0.0,0.04865536959737696,0.0,0.04865536959737696,0.0 
 07/21  07:44:00,33.2,24.46679594493373,32.030354386196514,24.46679594493373,0.0,37490.062286556196,32.030354386196514,0.0,0.0,0.08034118,17.0,0.0,32.0253840004978,0.08034118,0.08034118,0.0,0.0,0.08034118,0.0,0.0,0.0,0.04865536959737696,0.0,0.04865536959737696,0.0 
 07/21  07:45:00,33.3,24.421855844321712,32.03786658374316,24.421855844321712,0.0,36764.00470217948,32.03786658374316,0.0,0.0,0.08034118,17.1,0.0,32.030354386196514,0.08034118,0.08034118,0.0,0.0,0.08034118,0.0,0.0,0.0,0.04865536959737696,0.0,0.04865536959737696,0.0 
 07/21  07:46:00,33.3,24.384568513993425,32.04664300676734,24.384568513993425,0.0,36578.11015564385,32.04664300676734,0.0,0.0,0.08034118,17.1,0.0,32.03786658374316,0.08034118,0.08034118,0.0,0.0,0.08034118,0.0,0.0,0.0,0.04865536959737696,0.0,0.04865536959737696,0.0 
 07/21  07:47:00,33.4,24.339753531808753,32.058328866603745,24.339753531808753,0.0,36354.75499560374,32.058328866603745,0.0,0.0,0.08034118,17.1,0.0,32.04664300676734,0.08034118,0.08034118,0.0,0.0,0.08034118,0.0,0.0,0.0,0.04865536959737696,0.0,0.04865536959737696,0.0 
 07/21  07:48:00,33.1,24.288202891566968,32.0619460904621,24.288202891566968,0.0,36098.908266666724,32.0619460904621,0.0,0.0,0.08034118,17.1,0.0,32.058328866603745,0.08034118,0.08034118,0.0,0.0,0.08034118,0.0,0.0,0.0,0.04865536959737696,0.0,0.04865536959737696,0.0 
 07/21  07:49:00,33.2,24.235062889035007,32.063010830866205,24.235062889035007,0.0,35832.11284408685,32.063010830866205,0.0,0.0,0.08034118,17.1,0.0,32.0619460904621,0.08034118,0.08034118,0.0,0.0,0.08034118,0.0,0.0,0.0,0.04865536959737696,0.0,0.04865536959737696,0.0 
 07/21  07:50:00,33.4,24.183630094932084,32.06991292324384,24.183630094932084,0.0,35573.29957168285,32.06991292324384,0.0,0.0,0.08034118,17.1,0.0,32.063010830866205,0.08034118,0.08034118,0.0,0.0,0.08034118,0.0,0.0,0.0,0.04865536959737696,0.0,0.04865536959737696,0.0 
 07/21  07:51:00,33.4,24.134160185419123,32.08046555977921,24.134160185419123,0.0,35325.63983949164,32.08046555977921,0.0,0.0,0.08034118,17.1,0.0,32.06991292324384,0.08034118,0.08034118,0.0,0.0,0.08034118,0.0,0.0,0.0,0.04865536959737696,0.0,0.04865536959737696,0.0 
 07/21  07:52:00,33.4,24.086160535959827,32.09170333189334,24.086160535959827,0.0,35083.442354132836,32.09170333189334,0.0,0.0,0.08034118,17.1,0.0,32.08046555977921,0.08034118,0.08034118,0.0,0.0,0.08034118,0.0,0.0,0.0,0.04865536959737696,0.0,0.04865536959737696,0.0 
 07/21  07:53:00,33.4,24.03908474049686,32.10217294427616,24.03908474049686,0.0,34843.709773974566,32.10217294427616,0.0,0.0,0.08034118,17.1,0.0,32.09170333189334,0.08034118,0.08034118,0.0,0.0,0.08034118,0.0,0.0,0.0,0.04865536959737696,0.0,0.04865536959737696,0.0 
 07/21  07:54:00,33.4,23.992827133062377,32.11154704412565,23.992827133062377,0.0,34607.7953185261,32.11154704412565,0.0,0.0,0.08034118,17.1,0.0,32.10217294427616,0.08034118,0.08034118,0.0,0.0,0.08034118,0.0,0.0,0.0,0.04865536959737696,0.0,0.04865536959737696,0.0 
 07/21  07:55:00,33.4,23.94720877630899,32.119935079421026,23.94720877630899,0.0,34375.78637496958,32.119935079421026,0.0,0.0,0.08034118,17.1,0.0,32.11154704412565,0.08034118,0.08034118,0.0,0.0,0.08034118,0.0,0.0,0.0,0.04865536959737696,0.0,0.04865536959737696,0.0 
 07/21  07:56:00,33.4,23.902249279250867,32.12751109671344,23.902249279250867,0.0,34147.89932284012,32.12751109671344,0.0,0.0,0.08034118,17.1,0.0,32.119935079421026,0.08034118,0.08034118,0.0,0.0,0.08034118,0.0,0.0,0.0,0.04865536959737696,0.0,0.04865536959737696,0.0 
 07/21  07:57:00,33.4,23.857826619460308,32.134403263291745,23.857826619460308,0.0,33923.32618418537,32.134403263291745,0.0,0.0,0.08034118,17.1,0.0,32.12751109671344,0.08034118,0.08034118,0.0,0.0,0.08034118,0.0,0.0,0.0,0.04865536959737696,0.0,0.04865536959737696,0.0 
 07/21  07:58:00,33.4,23.813991204016787,32.1406941531668,23.813991204016787,0.0,33702.12019058213,32.1406941531668,0.0,0.0,0.08034118,17.1,0.0,32.134403263291745,0.08034118,0.08034118,0.0,0.0,0.08034118,0.0,0.0,0.0,0.04865536959737696,0.0,0.04865536959737696,0.0 
 07/21  07:59:00,33.4,23.770656715930894,32.14644239228194,23.770656715930894,0.0,33483.717783728454,32.14644239228194,0.0,0.0,0.08034118,17.1,0.0,32.1406941531668,0.08034118,0.08034118,0.0,0.0,0.08034118,0.0,0.0,0.0,0.04865536959737696,0.0,0.04865536959737696,0.0 
 07/21  08:00:00,33.4,23.727882931963816,32.151696915761065,23.727882931963816,0.0,33268.34174306289,32.151696915761065,0.0,0.0,0.08034118,17.1,0.0,32.14644239228194,0.08034118,0.08034118,0.0,0.0,0.08034118,0.0,0.0,0.0,0.04865536959737696,0.0,0.04865536959737696,0.0,49104000.0 
 07/21  08:01:00,33.4,23.68559071579792,32.156502409350544,23.68559071579792,0.0,33055.54478990657,32.156502409350544,0.0,0.0,0.08034118,17.1,0.0,32.151696915761065,0.08034118,0.08034118,0.0,0.0,0.08034118,0.0,0.0,0.0,0.04865536959737696,0.0,0.04865536959737696,0.0 
 07/21  08:02:00,33.4,23.643834303465045,32.160900358625064,23.643834303465045,0.0,32845.56222168365,32.160900358625064,0.0,0.0,0.08034118,17.1,0.0,32.156502409350544,0.08034118,0.08034118,0.0,0.0,0.08034118,0.0,0.0,0.0,0.04865536959737696,0.0,0.04865536959737696,0.0 
 07/21  08:03:00,33.4,23.60253758518838,32.16492896001975,23.60253758518838,0.0,32637.98301438468,32.16492896001975,0.0,0.0,0.08034118,17.1,0.0,32.160900358625064,0.08034118,0.08034118,0.0,0.0,0.08034118,0.0,0.0,0.0,0.04865536959737696,0.0,0.04865536959737696,0.0 
 07/21  08:04:00,33.4,23.56185412194906,32.168622917466685,23.56185412194906,0.0,32430.973064516467,32.168622917466685,0.0,0.0,0.08034118,17.1,0.0,32.16492896001975,0.08034118,0.08034118,0.0,0.0,0.08034118,0.0,0.0,0.0,0.04865536959737696,0.0,0.04865536959737696,0.0 
 07/21  08:05:00,33.4,23.521719553407646,32.17201372552337,23.521719553407646,0.0,32226.705753715578,32.17201372552337,0.0,0.0,0.08034118,17.1,0.0,32.168622917466685,0.08034118,0.08034118,0.0,0.0,0.08034118,0.0,0.0,0.0,0.04865536959737696,0.0,0.04865536959737696,0.0 
 07/21  08:06:00,33.4,23.482133105024268,32.17512980952075,23.482133105024268,0.0,32025.268790027723,32.17512980952075,0.0,0.0,0.08034118,17.1,0.0,32.17201372552337,0.08034118,0.08034118,0.0,0.0,0.08034118,0.0,0.0,0.0,0.04865536959737696,0.0,0.04865536959737696,0.0 
 07/21  08:07:00,33.4,23.442981930949173,32.177996947364,23.442981930949173,0.0,31826.094089050297,32.177996947364,0.0,0.0,0.08034118,17.1,0.0,32.17512980952075,0.08034118,0.08034118,0.0,0.0,0.08034118,0.0,0.0,0.0,0.04865536959737696,0.0,0.04865536959737696,0.0 
 07/21  08:08:00,33.4,23.404296304496672,32.1806384102087,23.404296304496672,0.0,31629.324189125113,32.1806384102087,0.0,0.0,0.08034118,17.1,0.0,32.177996947364,0.08034118,0.08034118,0.0,0.0,0.08034118,0.0,0.0,0.0,0.04865536959737696,0.0,0.04865536959737696,0.0 
 07/21  08:09:00,33.4,23.366009849425357,32.18307534288781,23.366009849425357,0.0,31434.62670624516,32.18307534288781,0.0,0.0,0.08034118,17.1,0.0,32.1806384102087,0.08034118,0.08034118,0.0,0.0,0.08034118,0.0,0.0,0.0,0.04865536959737696,0.0,0.04865536959737696,0.0 
 07/21  08:10:00,33.4,23.32817195638951,32.18532682750226,23.32817195638951,0.0,31242.243602009625,32.18532682750226,0.0,0.0,0.08034118,17.1,0.0,32.18307534288781,0.08034118,0.08034118,0.0,0.0,0.08034118,0.0,0.0,0.0,0.04865536959737696,0.0,0.04865536959737696,0.0 
 07/21  08:11:00,33.4,23.29072188521992,32.18741021622818,23.29072188521992,0.0,31051.872109463216,32.18741021622818,0.0,0.0,0.08034118,17.1,0.0,32.18532682750226,0.08034118,0.08034118,0.0,0.0,0.08034118,0.0,0.0,0.0,0.04865536959737696,0.0,0.04865536959737696,0.0 
 07/21  08:12:00,33.4,23.253704149357688,32.1893411571125,23.253704149357688,0.0,30863.73015911333,32.1893411571125,0.0,0.0,0.08034118,17.1,0.0,32.18741021622818,0.08034118,0.08034118,0.0,0.0,0.08034118,0.0,0.0,0.0,0.04865536959737696,0.0,0.04865536959737696,0.0 
 07/21  08:13:00,33.4,23.217058509120008,32.1911338984358,23.217058509120008,0.0,30677.51744675881,32.1911338984358,0.0,0.0,0.08034118,17.1,0.0,32.1893411571125,0.08034118,0.08034118,0.0,0.0,0.08034118,0.0,0.0,0.0,0.04865536959737696,0.0,0.04865536959737696,0.0 
 07/21  08:14:00,33.4,23.180827873676957,32.192801271642956,23.180827873676957,0.0,30493.443845392278,32.192801271642956,0.0,0.0,0.08034118,17.1,0.0,32.1911338984358,0.08034118,0.08034118,0.0,0.0,0.08034118,0.0,0.0,0.0,0.04865536959737696,0.0,0.04865536959737696,0.0 
 07/21  08:15:00,33.4,23.144955167798543,32.19435497099755,23.144955167798543,0.0,30311.22481664672,32.19435497099755,0.0,0.0,0.08034118,17.1,0.0,32.192801271642956,0.08034118,0.08034118,0.0,0.0,0.08034118,0.0,0.0,0.0,0.04865536959737696,0.0,0.04865536959737696,0.0 
 07/21  08:16:00,33.4,23.10948247353392,32.195805526592956,23.10948247353392,0.0,30131.066625877036,32.195805526592956,0.0,0.0,0.08034118,17.1,0.0,32.19435497099755,0.08034118,0.08034118,0.0,0.0,0.08034118,0.0,0.0,0.0,0.04865536959737696,0.0,0.04865536959737696,0.0 
 07/21  08:17:00,33.4,23.074355205022687,32.19716253853924,23.074355205022687,0.0,29952.697104273975,32.19716253853924,0.0,0.0,0.08034118,17.1,0.0,32.195805526592956,0.08034118,0.08034118,0.0,0.0,0.08034118,0.0,0.0,0.0,0.04865536959737696,0.0,0.04865536959737696,0.0 
 07/21  08:18:00,33.4,23.039614170709473,32.198434639659396,23.039614170709473,0.0,29776.316407234568,32.198434639659396,0.0,0.0,0.08034118,17.1,0.0,32.19716253853924,0.08034118,0.08034118,0.0,0.0,0.08034118,0.0,0.0,0.0,0.04865536959737696,0.0,0.04865536959737696,0.0 
 07/21  08:19:00,33.4,23.005206879543206,32.199629720423914,23.005206879543206,0.0,29601.662814121883,32.199629720423914,0.0,0.0,0.08034118,17.1,0.0,32.198434639659396,0.08034118,0.08034118,0.0,0.0,0.08034118,0.0,0.0,0.0,0.04865536959737696,0.0,0.04865536959737696,0.0 
 07/21  08:20:00,33.4,22.971172923746067,32.20075486070128,22.971172923746067,0.0,29428.930588830266,32.20075486070128,0.0,0.0,0.08034118,17.1,0.0,32.199629720423914,0.08034118,0.08034118,0.0,0.0,0.08034118,0.0,0.0,0.0,0.04865536959737696,0.0,0.04865536959737696,0.0 
 07/21  08:21:00,33.4,22.937461787210943,32.20181653719176,22.937461787210943,0.0,29257.868029895984,32.20181653719176,0.0,0.0,0.08034118,17.1,0.0,32.20075486070128,0.08034118,0.08034118,0.0,0.0,0.08034118,0.0,0.0,0.0,0.04865536959737696,0.0,0.04865536959737696,0.0 
 07/21  08:22:00,33.4,22.90411191641353,32.20282056363868,22.90411191641353,0.0,29088.663736353443,32.20282056363868,0.0,0.0,0.08034118,17.1,0.0,32.20181653719176,0.08034118,0.08034118,0.0,0.0,0.08034118,0.0,0.0,0.0,0.04865536959737696,0.0,0.04865536959737696,0.0 
 07/21  08:23:00,33.4,22.87107462991593,32.20377225929403,22.87107462991593,0.0,28921.075255739015,32.20377225929403,0.0,0.0,0.08034118,17.1,0.0,32.20282056363868,0.08034118,0.08034118,0.0,0.0,0.08034118,0.0,0.0,0.0,0.04865536959737696,0.0,0.04865536959737696,0.0 
 07/21  08:24:00,33.4,22.838387268905255,32.20467638892301,22.838387268905255,0.0,28755.285722475775,32.20467638892301,0.0,0.0,0.08034118,17.1,0.0,32.20377225929403,0.08034118,0.08034118,0.0,0.0,0.08034118,0.0,0.0,0.0,0.04865536959737696,0.0,0.04865536959737696,0.0 
 07/21  08:25:00,33.4,22.806002858716845,32.20553732900107,22.806002858716845,0.0,28591.061286410106,32.20553732900107,0.0,0.0,0.08034118,17.1,0.0,32.20467638892301,0.08034118,0.08034118,0.0,0.0,0.08034118,0.0,0.0,0.0,0.04865536959737696,0.0,0.04865536959737696,0.0 
 07/21  08:26:00,33.4,22.77395766911045,32.20635898732455,22.77395766911045,0.0,28428.58000980641,32.20635898732455,0.0,0.0,0.08034118,17.1,0.0,32.20553732900107,0.08034118,0.08034118,0.0,0.0,0.08034118,0.0,0.0,0.0,0.04865536959737696,0.0,0.04865536959737696,0.0 
 07/21  08:27:00,33.4,22.742206325524908,32.207144956876526,22.742206325524908,0.0,28267.615820849038,32.207144956876526,0.0,0.0,0.08034118,17.1,0.0,32.20635898732455,0.08034118,0.08034118,0.0,0.0,0.08034118,0.0,0.0,0.0,0.04865536959737696,0.0,0.04865536959737696,0.0 
 07/21  08:28:00,33.4,22.710784078068993,32.20789844815594,22.710784078068993,0.0,28108.34190616807,32.20789844815594,0.0,0.0,0.08034118,17.1,0.0,32.207144956876526,0.08034118,0.08034118,0.0,0.0,0.08034118,0.0,0.0,0.0,0.04865536959737696,0.0,0.04865536959737696,0.0 
 07/21  08:29:00,33.4,22.679647050103714,32.20862241367019,22.679647050103714,0.0,27950.539796691068,32.20862241367019,0.0,0.0,0.08034118,17.1,0.0,32.20789844815594,0.08034118,0.08034118,0.0,0.0,0.08034118,0.0,0.0,0.0,0.04865536959737696,0.0,0.04865536959737696,0.0 
 07/21  08:30:00,33.4,22.64882951050866,32.20931948348003,22.64882951050866,0.0,27794.37776574091,32.20931948348003,0.0,0.0,0.08034118,17.1,0.0,32.20862241367019,0.08034118,0.08034118,0.0,0.0,0.08034118,0.0,0.0,0.0,0.04865536959737696,0.0,0.04865536959737696,0.0 
 07/21  08:31:00,33.4,22.618288998953712,32.20999208939013,22.618288998953712,0.0,27639.644478034552,32.20999208939013,0.0,0.0,0.08034118,17.1,0.0,32.20931948348003,0.08034118,0.08034118,0.0,0.0,0.08034118,0.0,0.0,0.0,0.04865536959737696,0.0,0.04865536959737696,0.0 
 07/21  08:32:00,33.4,22.588058840171694,32.210642388150326,22.588058840171694,0.0,27486.5036421438,32.210642388150326,0.0,0.0,0.08034118,17.1,0.0,32.20999208939013,0.08034118,0.08034118,0.0,0.0,0.08034118,0.0,0.0,0.0,0.04865536959737696,0.0,0.04865536959737696,0.0 
 07/21  08:33:00,33.4,22.558097914990814,32.211272376889085,22.558097914990814,0.0,27334.750513507282,32.211272376889085,0.0,0.0,0.08034118,17.1,0.0,32.210642388150326,0.08034118,0.08034118,0.0,0.0,0.08034118,0.0,0.0,0.0,0.04865536959737696,0.0,0.04865536959737696,0.0 
 07/21  08:34:00,33.4,22.52843864034808,32.211883827731974,22.52843864034808,0.0,27184.544520790223,32.211883827731974,0.0,0.0,0.08034118,17.1,0.0,32.211272376889085,0.08034118,0.08034118,0.0,0.0,0.08034118,0.0,0.0,0.0,0.04865536959737696,0.0,0.04865536959737696,0.0 
 07/21  08:35:00,33.4,22.499041164039536,32.212478382932844,22.499041164039536,0.0,27035.687191201476,32.212478382932844,0.0,0.0,0.08034118,17.1,0.0,32.211883827731974,0.08034118,0.08034118,0.0,0.0,0.08034118,0.0,0.0,0.0,0.04865536959737696,0.0,0.04865536959737696,0.0 
 07/21  08:36:00,33.4,22.469937035057487,32.21305749321102,22.469937035057487,0.0,26888.33365411181,32.21305749321102,0.0,0.0,0.08034118,17.1,0.0,32.212478382932844,0.08034118,0.08034118,0.0,0.0,0.08034118,0.0,0.0,0.0,0.04865536959737696,0.0,0.04865536959737696,0.0 
 07/21  08:37:00,33.4,22.441087605108187,32.21362251255586,22.441087605108187,0.0,26742.29155059366,32.21362251255586,0.0,0.0,0.08034118,17.1,0.0,32.21305749321102,0.08034118,0.08034118,0.0,0.0,0.08034118,0.0,0.0,0.0,0.04865536959737696,0.0,0.04865536959737696,0.0 
 07/21  08:38:00,33.4,22.412523584282642,32.214174630027564,22.412523584282642,0.0,26597.71190551692,32.214174630027564,0.0,0.0,0.08034118,17.1,0.0,32.21362251255586,0.08034118,0.08034118,0.0,0.0,0.08034118,0.0,0.0,0.0,0.04865536959737696,0.0,0.04865536959737696,0.0 
 07/21  08:39:00,33.4,22.384207469525247,32.21471495825599,22.384207469525247,0.0,26454.408070838334,32.21471495825599,0.0,0.0,0.08034118,17.1,0.0,32.214174630027564,0.08034118,0.08034118,0.0,0.0,0.08034118,0.0,0.0,0.0,0.04865536959737696,0.0,0.04865536959737696,0.0 
 07/21  08:40:00,33.4,22.356169167989812,32.21524447361999,22.356169167989812,0.0,26312.527093666096,32.21524447361999,0.0,0.0,0.08034118,17.1,0.0,32.21471495825599,0.08034118,0.08034118,0.0,0.0,0.08034118,0.0,0.0,0.0,0.04865536959737696,0.0,0.04865536959737696,0.0 
 07/21  08:41:00,33.4,22.328372269960806,32.21576409185952,22.328372269960806,0.0,26171.887827259045,32.21576409185952,0.0,0.0,0.08034118,17.1,0.0,32.21524447361999,0.08034118,0.08034118,0.0,0.0,0.08034118,0.0,0.0,0.0,0.04865536959737696,0.0,0.04865536959737696,0.0 
 07/21  08:42:00,33.4,22.30084590547557,32.21627461135177,22.30084590547557,0.0,26032.633569668906,32.21627461135177,0.0,0.0,0.08034118,17.1,0.0,32.21576409185952,0.08034118,0.08034118,0.0,0.0,0.08034118,0.0,0.0,0.0,0.04865536959737696,0.0,0.04865536959737696,0.0 
 07/21  08:43:00,33.4,22.273554709321846,32.216776787697185,22.273554709321846,0.0,25894.58827671646,32.216776787697185,0.0,0.0,0.08034118,17.1,0.0,32.21627461135177,0.08034118,0.08034118,0.0,0.0,0.08034118,0.0,0.0,0.0,0.04865536959737696,0.0,0.04865536959737696,0.0 
 07/21  08:44:00,33.4,22.246527064690625,32.21727127451517,22.246527064690625,0.0,25757.89169584841,32.21727127451517,0.0,0.0,0.08034118,17.1,0.0,32.216776787697185,0.08034118,0.08034118,0.0,0.0,0.08034118,0.0,0.0,0.0,0.04865536959737696,0.0,0.04865536959737696,0.0 
 07/21  08:45:00,33.4,22.2197285993306,32.217758693394295,22.2197285993306,0.0,25622.372776696808,32.217758693394295,0.0,0.0,0.08034118,17.1,0.0,32.21727127451517,0.08034118,0.08034118,0.0,0.0,0.08034118,0.0,0.0,0.0,0.04865536959737696,0.0,0.04865536959737696,0.0 
 07/21  08:46:00,33.4,22.193186978409965,32.218239579906026,22.193186978409965,0.0,25488.16765711081,32.218239579906026,0.0,0.0,0.08034118,17.1,0.0,32.217758693394295,0.08034118,0.08034118,0.0,0.0,0.08034118,0.0,0.0,0.0,0.04865536959737696,0.0,0.04865536959737696,0.0 
 07/21  08:47:00,33.4,22.166868786281874,32.21871444629632,22.166868786281874,0.0,25355.11004881328,32.21871444629632,0.0,0.0,0.08034118,17.1,0.0,32.218239579906026,0.08034118,0.08034118,0.0,0.0,0.08034118,0.0,0.0,0.0,0.04865536959737696,0.0,0.04865536959737696,0.0 
 07/21  08:48:00,33.4,22.14080099556133,32.21918372967604,22.14080099556133,0.0,25223.332754737734,32.21918372967604,0.0,0.0,0.08034118,17.1,0.0,32.21871444629632,0.08034118,0.08034118,0.0,0.0,0.08034118,0.0,0.0,0.0,0.04865536959737696,0.0,0.04865536959737696,0.0 
 07/21  08:49:00,33.4,22.114951101301852,32.21964785287801,22.114951101301852,0.0,25092.674065057505,32.21964785287801,0.0,0.0,0.08034118,17.1,0.0,32.21918372967604,0.08034118,0.08034118,0.0,0.0,0.08034118,0.0,0.0,0.0,0.04865536959737696,0.0,0.04865536959737696,0.0 
 07/21  08:50:00,33.4,22.08934540710846,32.22010717292685,22.08934540710846,0.0,24963.26346529714,32.22010717292685,0.0,0.0,0.08034118,17.1,0.0,32.21964785287801,0.08034118,0.08034118,0.0,0.0,0.08034118,0.0,0.0,0.0,0.04865536959737696,0.0,0.04865536959737696,0.0 
 07/21  08:51:00,33.4,22.063952283029867,32.2205620383952,22.063952283029867,0.0,24834.943643482962,32.2205620383952,0.0,0.0,0.08034118,17.1,0.0,32.22010717292685,0.08034118,0.08034118,0.0,0.0,0.08034118,0.0,0.0,0.0,0.04865536959737696,0.0,0.04865536959737696,0.0 
 07/21  08:52:00,33.4,22.03879738896078,32.22101274041242,22.03879738896078,0.0,24707.840893751305,32.22101274041242,0.0,0.0,0.08034118,17.1,0.0,32.2205620383952,0.08034118,0.08034118,0.0,0.0,0.08034118,0.0,0.0,0.0,0.04865536959737696,0.0,0.04865536959737696,0.0 
 07/21  08:53:00,33.4,22.013849935476227,32.22145956682615,22.013849935476227,0.0,24581.802127706083,32.22145956682615,0.0,0.0,0.08034118,17.1,0.0,32.22101274041242,0.08034118,0.08034118,0.0,0.0,0.08034118,0.0,0.0,0.0,0.04865536959737696,0.0,0.04865536959737696,0.0 
 07/21  08:54:00,33.4,21.989134961129867,32.221902754518844,21.989134961129867,0.0,24456.950559459416,32.221902754518844,0.0,0.0,0.08034118,17.1,0.0,32.22145956682615,0.08034118,0.08034118,0.0,0.0,0.08034118,0.0,0.0,0.0,0.04865536959737696,0.0,0.04865536959737696,0.0 
 07/21  08:55:00,33.4,21.964622483695567,32.22234254104329,21.964622483695567,0.0,24333.13715575773,32.22234254104329,0.0,0.0,0.08034118,17.1,0.0,32.221902754518844,0.08034118,0.08034118,0.0,0.0,0.08034118,0.0,0.0,0.0,0.04865536959737696,0.0,0.04865536959737696,0.0 
 07/21  08:56:00,33.4,21.940336939733722,32.222779119039025,21.940336939733722,0.0,24210.482192712923,32.222779119039025,0.0,0.0,0.08034118,17.1,0.0,32.22234254104329,0.08034118,0.08034118,0.0,0.0,0.08034118,0.0,0.0,0.0,0.04865536959737696,0.0,0.04865536959737696,0.0 
 07/21  08:57:00,33.4,21.916249122863142,32.22321268514111,21.916249122863142,0.0,24088.84048742742,32.22321268514111,0.0,0.0,0.08034118,17.1,0.0,32.222779119039025,0.08034118,0.08034118,0.0,0.0,0.08034118,0.0,0.0,0.0,0.04865536959737696,0.0,0.04865536959737696,0.0 
 07/21  08:58:00,33.4,21.89238288708006,32.22364339489042,21.89238288708006,0.0,23968.329518730683,32.22364339489042,0.0,0.0,0.08034118,17.1,0.0,32.22321268514111,0.08034118,0.08034118,0.0,0.0,0.08034118,0.0,0.0,0.0,0.04865536959737696,0.0,0.04865536959737696,0.0 
 07/21  08:59:00,33.4,21.86870977304996,32.22407141125729,21.86870977304996,0.0,23848.80776397114,32.22407141125729,0.0,0.0,0.08034118,17.1,0.0,32.22364339489042,0.08034118,0.08034118,0.0,0.0,0.08034118,0.0,0.0,0.0,0.04865536959737696,0.0,0.04865536959737696,0.0 
 07/21  09:00:00,33.4,21.84525307457262,32.224496860164386,21.84525307457262,0.0,23730.389969221305,32.224496860164386,0.0,0.0,0.08034118,17.1,0.0,32.22407141125729,0.08034118,0.08034118,0.0,0.0,0.08034118,0.0,0.0,0.0,0.04865536959737696,0.0,0.04865536959737696,0.0,49104000.0 
 07/21  09:01:00,33.4,21.821985052331872,32.22491987598109,21.821985052331872,0.0,23612.93818297852,32.22491987598109,0.0,0.0,0.08034118,17.1,0.0,32.224496860164386,0.08034118,0.08034118,0.0,0.0,0.08034118,0.0,0.0,0.0,0.04865536959737696,0.0,0.04865536959737696,0.0 
 07/21  09:02:00,33.4,21.798928457758542,32.22534056029066,21.798928457758542,0.0,23496.564506171635,32.22534056029066,0.0,0.0,0.08034118,17.1,0.0,32.22491987598109,0.08034118,0.08034118,0.0,0.0,0.08034118,0.0,0.0,0.0,0.04865536959737696,0.0,0.04865536959737696,0.0 
 07/21  09:03:00,33.4,21.77605624088987,32.22575902519079,21.77605624088987,0.0,23381.13449246612,32.22575902519079,0.0,0.0,0.08034118,17.1,0.0,32.22534056029066,0.08034118,0.08034118,0.0,0.0,0.08034118,0.0,0.0,0.0,0.04865536959737696,0.0,0.04865536959737696,0.0 
 07/21  09:04:00,33.4,21.753390627906736,32.2261753511109,21.753390627906736,0.0,23266.757593088965,32.2261753511109,0.0,0.0,0.08034118,17.1,0.0,32.22575902519079,0.08034118,0.08034118,0.0,0.0,0.08034118,0.0,0.0,0.0,0.04865536959737696,0.0,0.04865536959737696,0.0 
 07/21  09:05:00,33.4,21.730905236662956,32.226589631576424,21.730905236662956,0.0,23153.302713611152,32.226589631576424,0.0,0.0,0.08034118,17.1,0.0,32.2261753511109,0.08034118,0.08034118,0.0,0.0,0.08034118,0.0,0.0,0.0,0.04865536959737696,0.0,0.04865536959737696,0.0 
 07/21  09:06:00,33.4,21.70862178484372,32.227001931137515,21.70862178484372,0.0,23040.876826880736,32.227001931137515,0.0,0.0,0.08034118,17.1,0.0,32.226589631576424,0.08034118,0.08034118,0.0,0.0,0.08034118,0.0,0.0,0.0,0.04865536959737696,0.0,0.04865536959737696,0.0 
 07/21  09:07:00,33.4,21.68651453580996,32.22741232679344,21.68651453580996,0.0,22929.351991400505,32.22741232679344,0.0,0.0,0.08034118,17.1,0.0,32.227001931137515,0.08034118,0.08034118,0.0,0.0,0.08034118,0.0,0.0,0.0,0.04865536959737696,0.0,0.04865536959737696,0.0 
 07/21  09:08:00,33.4,21.664604713436884,32.22782086982403,21.664604713436884,0.0,22818.832859427814,32.22782086982403,0.0,0.0,0.08034118,17.1,0.0,32.22741232679344,0.08034118,0.08034118,0.0,0.0,0.08034118,0.0,0.0,0.0,0.04865536959737696,0.0,0.04865536959737696,0.0 
 07/21  09:09:00,33.4,21.642867201735516,32.22822762539395,21.642867201735516,0.0,22709.194518344724,32.22822762539395,0.0,0.0,0.08034118,17.1,0.0,32.22782086982403,0.08034118,0.08034118,0.0,0.0,0.08034118,0.0,0.0,0.0,0.04865536959737696,0.0,0.04865536959737696,0.0 
 07/21  09:10:00,33.4,21.621322748154736,32.22863263249511,21.621322748154736,0.0,22600.539298624393,32.22863263249511,0.0,0.0,0.08034118,17.1,0.0,32.22822762539395,0.08034118,0.08034118,0.0,0.0,0.08034118,0.0,0.0,0.0,0.04865536959737696,0.0,0.04865536959737696,0.0 
 07/21  09:11:00,33.4,21.599946837348785,32.22903594614826,21.599946837348785,0.0,22492.745260016032,32.22903594614826,0.0,0.0,0.08034118,17.1,0.0,32.22863263249511,0.08034118,0.08034118,0.0,0.0,0.08034118,0.0,0.0,0.0,0.04865536959737696,0.0,0.04865536959737696,0.0 
 07/21  09:12:00,33.4,21.578759756918934,32.22943759712875,21.578759756918934,0.0,22385.912451331336,32.22943759712875,0.0,0.0,0.08034118,17.1,0.0,32.22903594614826,0.08034118,0.08034118,0.0,0.0,0.08034118,0.0,0.0,0.0,0.04865536959737696,0.0,0.04865536959737696,0.0 
 07/21  09:13:00,33.4,21.557737568200352,32.22983763068824,21.557737568200352,0.0,22279.921909343837,32.22983763068824,0.0,0.0,0.08034118,17.1,0.0,32.22943759712875,0.08034118,0.08034118,0.0,0.0,0.08034118,0.0,0.0,0.0,0.04865536959737696,0.0,0.04865536959737696,0.0 
 07/21  09:14:00,33.4,21.536900108515468,32.23023607049206,21.536900108515468,0.0,22174.87144731465,32.23023607049206,0.0,0.0,0.08034118,17.1,0.0,32.22983763068824,0.08034118,0.08034118,0.0,0.0,0.08034118,0.0,0.0,0.0,0.04865536959737696,0.0,0.04865536959737696,0.0 
 07/21  09:15:00,33.4,21.516224002048617,32.230632955790185,21.516224002048617,0.0,22070.64480182131,32.230632955790185,0.0,0.0,0.08034118,17.1,0.0,32.23023607049206,0.08034118,0.08034118,0.0,0.0,0.08034118,0.0,0.0,0.0,0.04865536959737696,0.0,0.04865536959737696,0.0 
 07/21  09:16:00,33.4,21.495728652416396,32.231028302923626,21.495728652416396,0.0,21967.337756915615,32.231028302923626,0.0,0.0,0.08034118,17.1,0.0,32.230632955790185,0.08034118,0.08034118,0.0,0.0,0.08034118,0.0,0.0,0.0,0.04865536959737696,0.0,0.04865536959737696,0.0 
 07/21  09:17:00,33.4,21.475391224455095,32.2314221457038,21.475391224455095,0.0,21864.836720592306,32.2314221457038,0.0,0.0,0.08034118,17.1,0.0,32.231028302923626,0.08034118,0.08034118,0.0,0.0,0.08034118,0.0,0.0,0.0,0.04865536959737696,0.0,0.04865536959737696,0.0 
 07/21  09:18:00,33.4,21.455230702726872,32.23181449651402,21.455230702726872,0.0,21763.235356245656,32.23181449651402,0.0,0.0,0.08034118,17.1,0.0,32.2314221457038,0.08034118,0.08034118,0.0,0.0,0.08034118,0.0,0.0,0.0,0.04865536959737696,0.0,0.04865536959737696,0.0 
 07/21  09:19:00,33.4,21.435224774355245,32.232205383209354,21.435224774355245,0.0,21662.42277246667,32.232205383209354,0.0,0.0,0.08034118,17.1,0.0,32.23181449651402,0.08034118,0.08034118,0.0,0.0,0.08034118,0.0,0.0,0.0,0.04865536959737696,0.0,0.04865536959737696,0.0 
 07/21  09:20:00,33.4,21.415392012029468,32.232594814487584,21.415392012029468,0.0,21562.490627112136,32.232594814487584,0.0,0.0,0.08034118,17.1,0.0,32.232205383209354,0.08034118,0.08034118,0.0,0.0,0.08034118,0.0,0.0,0.0,0.04865536959737696,0.0,0.04865536959737696,0.0 
 07/21  09:21:00,33.4,21.39571061128598,32.23298281544023,21.39571061128598,0.0,21463.33045853144,32.23298281544023,0.0,0.0,0.08034118,17.1,0.0,32.232594814487584,0.08034118,0.08034118,0.0,0.0,0.08034118,0.0,0.0,0.0,0.04865536959737696,0.0,0.04865536959737696,0.0 
 07/21  09:22:00,33.4,21.37619875240202,32.23336939025072,21.37619875240202,0.0,21365.0319774449,32.23336939025072,0.0,0.0,0.08034118,17.1,0.0,32.23298281544023,0.08034118,0.08034118,0.0,0.0,0.08034118,0.0,0.0,0.0,0.04865536959737696,0.0,0.04865536959737696,0.0 
 07/21  09:23:00,33.4,21.356835120983874,32.23375456118992,21.356835120983874,0.0,21267.48925888385,32.23375456118992,0.0,0.0,0.08034118,17.1,0.0,32.23336939025072,0.08034118,0.08034118,0.0,0.0,0.08034118,0.0,0.0,0.0,0.04865536959737696,0.0,0.04865536959737696,0.0 
 07/21  09:24:00,33.4,21.337637508778514,32.23413833082698,21.337637508778514,0.0,21170.790123009116,32.23413833082698,0.0,0.0,0.08034118,17.1,0.0,32.23375456118992,0.08034118,0.08034118,0.0,0.0,0.08034118,0.0,0.0,0.0,0.04865536959737696,0.0,0.04865536959737696,0.0 
 07/21  09:25:00,33.4,21.31858507639784,32.23452071765718,21.31858507639784,0.0,21074.830947866365,32.23452071765718,0.0,0.0,0.08034118,17.1,0.0,32.23413833082698,0.08034118,0.08034118,0.0,0.0,0.08034118,0.0,0.0,0.0,0.04865536959737696,0.0,0.04865536959737696,0.0 
 07/21  09:26:00,33.4,21.299695243876354,32.23490172246008,21.299695243876354,0.0,20979.697708463194,32.23490172246008,0.0,0.0,0.08034118,17.1,0.0,32.23452071765718,0.08034118,0.08034118,0.0,0.0,0.08034118,0.0,0.0,0.0,0.04865536959737696,0.0,0.04865536959737696,0.0 
 07/21  09:27:00,33.4,21.280947632453532,32.23528136273735,21.280947632453532,0.0,20885.289130578458,32.23528136273735,0.0,0.0,0.08034118,17.1,0.0,32.23490172246008,0.08034118,0.08034118,0.0,0.0,0.08034118,0.0,0.0,0.0,0.04865536959737696,0.0,0.04865536959737696,0.0 
 07/21  09:28:00,33.4,21.2623592998511,32.23565963637618,21.2623592998511,0.0,20791.689352379784,32.23565963637618,0.0,0.0,0.08034118,17.1,0.0,32.23528136273735,0.08034118,0.08034118,0.0,0.0,0.08034118,0.0,0.0,0.0,0.04865536959737696,0.0,0.04865536959737696,0.0 
 07/21  09:29:00,33.4,21.243910313094545,32.23603655950253,21.243910313094545,0.0,20698.799371745594,32.23603655950253,0.0,0.0,0.08034118,17.1,0.0,32.23565963637618,0.08034118,0.08034118,0.0,0.0,0.08034118,0.0,0.0,0.0,0.04865536959737696,0.0,0.04865536959737696,0.0 
 07/21  09:30:00,33.4,21.2256173747008,32.236412129651555,21.2256173747008,0.0,20606.701601095927,32.236412129651555,0.0,0.0,0.08034118,17.1,0.0,32.23603655950253,0.08034118,0.08034118,0.0,0.0,0.08034118,0.0,0.0,0.0,0.04865536959737696,0.0,0.04865536959737696,0.0 
 07/21  09:31:00,33.4,21.207460986949034,32.23678636044957,21.207460986949034,0.0,20515.29910619076,32.23678636044957,0.0,0.0,0.08034118,17.1,0.0,32.236412129651555,0.08034118,0.08034118,0.0,0.0,0.08034118,0.0,0.0,0.0,0.04865536959737696,0.0,0.04865536959737696,0.0 
 07/21  09:32:00,33.4,21.189457508771017,32.2371592486816,21.189457508771017,0.0,20424.672706095684,32.2371592486816,0.0,0.0,0.08034118,17.1,0.0,32.23678636044957,0.08034118,0.08034118,0.0,0.0,0.08034118,0.0,0.0,0.0,0.04865536959737696,0.0,0.04865536959737696,0.0 
 07/21  09:33:00,33.4,21.171587861614974,32.23753080791552,21.171587861614974,0.0,20334.727529662636,32.23753080791552,0.0,0.0,0.08034118,17.1,0.0,32.2371592486816,0.08034118,0.08034118,0.0,0.0,0.08034118,0.0,0.0,0.0,0.04865536959737696,0.0,0.04865536959737696,0.0 
 07/21  09:34:00,33.4,21.15386807232751,32.23790103300919,21.15386807232751,0.0,20245.542709745903,32.23790103300919,0.0,0.0,0.08034118,17.1,0.0,32.23753080791552,0.08034118,0.08034118,0.0,0.0,0.08034118,0.0,0.0,0.0,0.04865536959737696,0.0,0.04865536959737696,0.0 
 07/21  09:35:00,33.4,21.13627946876016,32.23826993693744,21.13627946876016,0.0,20157.025485308845,32.23826993693744,0.0,0.0,0.08034118,17.1,0.0,32.23790103300919,0.08034118,0.08034118,0.0,0.0,0.08034118,0.0,0.0,0.0,0.04865536959737696,0.0,0.04865536959737696,0.0 
 07/21  09:36:00,33.4,21.118837752904874,32.238637514854034,21.118837752904874,0.0,20069.253339206196,32.238637514854034,0.0,0.0,0.08034118,17.1,0.0,32.23826993693744,0.08034118,0.08034118,0.0,0.0,0.08034118,0.0,0.0,0.0,0.04865536959737696,0.0,0.04865536959737696,0.0 
 07/21  09:37:00,33.4,21.10152464994339,32.23900377800675,21.10152464994339,0.0,19982.135464361785,32.23900377800675,0.0,0.0,0.08034118,17.1,0.0,32.238637514854034,0.08034118,0.08034118,0.0,0.0,0.08034118,0.0,0.0,0.0,0.04865536959737696,0.0,0.04865536959737696,0.0 
 07/21  09:38:00,33.4,21.084355545425755,32.23936872135682,21.084355545425755,0.0,19895.747845080838,32.23936872135682,0.0,0.0,0.08034118,17.1,0.0,32.23900377800675,0.08034118,0.08034118,0.0,0.0,0.08034118,0.0,0.0,0.0,0.04865536959737696,0.0,0.04865536959737696,0.0 
 07/21  09:39:00,33.4,21.06731254823749,32.239732356551876,21.06731254823749,0.0,19810.001559902077,32.239732356551876,0.0,0.0,0.08034118,17.1,0.0,32.23936872135682,0.08034118,0.08034118,0.0,0.0,0.08034118,0.0,0.0,0.0,0.04865536959737696,0.0,0.04865536959737696,0.0 
 07/21  09:40:00,33.4,21.05041073708861,32.24009467722716,21.05041073708861,0.0,19724.971069359857,32.24009467722716,0.0,0.0,0.08034118,17.1,0.0,32.239732356551876,0.08034118,0.08034118,0.0,0.0,0.08034118,0.0,0.0,0.0,0.04865536959737696,0.0,0.04865536959737696,0.0 
 07/21  09:41:00,33.4,21.033632594470443,32.24045569484516,21.033632594470443,0.0,19640.56932334803,32.24045569484516,0.0,0.0,0.08034118,17.1,0.0,32.24009467722716,0.08034118,0.08034118,0.0,0.0,0.08034118,0.0,0.0,0.0,0.04865536959737696,0.0,0.04865536959737696,0.0 
 07/21  09:42:00,33.4,21.016992899065933,32.24081540363439,21.016992899065933,0.0,19556.869327685,32.24081540363439,0.0,0.0,0.08034118,17.1,0.0,32.24045569484516,0.08034118,0.08034118,0.0,0.0,0.08034118,0.0,0.0,0.0,0.04865536959737696,0.0,0.04865536959737696,0.0 
 07/21  09:43:00,33.4,21.000474496036254,32.241173813821725,21.000474496036254,0.0,19473.785813075883,32.241173813821725,0.0,0.0,0.08034118,17.1,0.0,32.24081540363439,0.08034118,0.08034118,0.0,0.0,0.08034118,0.0,0.0,0.0,0.04865536959737696,0.0,0.04865536959737696,0.0 
 07/21  09:44:00,33.4,20.984091873777928,32.24153091972813,20.984091873777928,0.0,19391.39034369005,32.24153091972813,0.0,0.0,0.08034118,17.1,0.0,32.241173813821725,0.08034118,0.08034118,0.0,0.0,0.08034118,0.0,0.0,0.0,0.04865536959737696,0.0,0.04865536959737696,0.0 
 07/21  09:45:00,33.4,20.967828229173563,32.241886732164744,20.967828229173563,0.0,19309.59944639551,32.241886732164744,0.0,0.0,0.08034118,17.1,0.0,32.24153091972813,0.08034118,0.08034118,0.0,0.0,0.08034118,0.0,0.0,0.0,0.04865536959737696,0.0,0.04865536959737696,0.0 
 07/21  09:46:00,33.4,20.951697767411495,32.24224124452424,20.951697767411495,0.0,19228.483244032723,32.24224124452424,0.0,0.0,0.08034118,17.1,0.0,32.241886732164744,0.08034118,0.08034118,0.0,0.0,0.08034118,0.0,0.0,0.0,0.04865536959737696,0.0,0.04865536959737696,0.0 
 07/21  09:47:00,33.4,20.93568402882613,32.24259446762754,20.93568402882613,0.0,19147.959982997396,32.24259446762754,0.0,0.0,0.08034118,17.1,0.0,32.24224124452424,0.08034118,0.08034118,0.0,0.0,0.08034118,0.0,0.0,0.0,0.04865536959737696,0.0,0.04865536959737696,0.0 
 07/21  09:48:00,33.4,20.919800941746878,32.2429463955575,20.919800941746878,0.0,19068.098445781583,32.2429463955575,0.0,0.0,0.08034118,17.1,0.0,32.24259446762754,0.08034118,0.08034118,0.0,0.0,0.08034118,0.0,0.0,0.0,0.04865536959737696,0.0,0.04865536959737696,0.0 
 07/21  09:49:00,33.4,20.904032378627743,32.2432970382338,20.904032378627743,0.0,18988.818540831002,32.2432970382338,0.0,0.0,0.08034118,17.1,0.0,32.2429463955575,0.08034118,0.08034118,0.0,0.0,0.08034118,0.0,0.0,0.0,0.04865536959737696,0.0,0.04865536959737696,0.0 
 07/21  09:50:00,33.4,20.888391999436873,32.24364638996321,20.888391999436873,0.0,18910.187683996308,32.24364638996321,0.0,0.0,0.08034118,17.1,0.0,32.2432970382338,0.08034118,0.08034118,0.0,0.0,0.08034118,0.0,0.0,0.0,0.04865536959737696,0.0,0.04865536959737696,0.0 
 07/21  09:51:00,33.4,20.872864002109573,32.2439944612789,20.872864002109573,0.0,18832.12741279513,32.2439944612789,0.0,0.0,0.08034118,17.1,0.0,32.24364638996321,0.08034118,0.08034118,0.0,0.0,0.08034118,0.0,0.0,0.0,0.04865536959737696,0.0,0.04865536959737696,0.0 
 07/21  09:52:00,33.4,20.857461782603654,32.24434124584428,20.857461782603654,0.0,18754.703899428354,32.24434124584428,0.0,0.0,0.08034118,17.1,0.0,32.2439944612789,0.08034118,0.08034118,0.0,0.0,0.08034118,0.0,0.0,0.0,0.04865536959737696,0.0,0.04865536959737696,0.0 
 07/21  09:53:00,33.4,20.842169855823663,32.24468675427868,20.842169855823663,0.0,18677.840166985632,32.24468675427868,0.0,0.0,0.08034118,17.1,0.0,32.24434124584428,0.08034118,0.08034118,0.0,0.0,0.08034118,0.0,0.0,0.0,0.04865536959737696,0.0,0.04865536959737696,0.0 
 07/21  09:54:00,33.4,20.827001360931856,32.24503098092015,20.827001360931856,0.0,18601.60121218999,32.24503098092015,0.0,0.0,0.08034118,17.1,0.0,32.24468675427868,0.08034118,0.08034118,0.0,0.0,0.08034118,0.0,0.0,0.0,0.04865536959737696,0.0,0.04865536959737696,0.0 
 07/21  09:55:00,33.4,20.81194112020645,32.245373935734214,20.81194112020645,0.0,18525.911530358433,32.245373935734214,0.0,0.0,0.08034118,17.1,0.0,32.24503098092015,0.08034118,0.08034118,0.0,0.0,0.08034118,0.0,0.0,0.0,0.04865536959737696,0.0,0.04865536959737696,0.0 
 07/21  09:56:00,33.4,20.797002024869354,32.24571561332917,20.797002024869354,0.0,18450.834886226163,32.24571561332917,0.0,0.0,0.08034118,17.1,0.0,32.245373935734214,0.08034118,0.08034118,0.0,0.0,0.08034118,0.0,0.0,0.0,0.04865536959737696,0.0,0.04865536959737696,0.0 
 07/21  09:57:00,33.4,20.782169193193837,32.24605602422669,20.782169193193837,0.0,18376.297355362338,32.24605602422669,0.0,0.0,0.08034118,17.1,0.0,32.24571561332917,0.08034118,0.08034118,0.0,0.0,0.08034118,0.0,0.0,0.0,0.04865536959737696,0.0,0.04865536959737696,0.0 
 07/21  09:58:00,33.4,20.767455274901796,32.24639516261343,20.767455274901796,0.0,18302.361371511597,32.24639516261343,0.0,0.0,0.08034118,17.1,0.0,32.24605602422669,0.08034118,0.08034118,0.0,0.0,0.08034118,0.0,0.0,0.0,0.04865536959737696,0.0,0.04865536959737696,0.0 
 07/21  09:59:00,33.4,20.7528456801571,32.24673303910814,20.7528456801571,0.0,18228.95453600859,32.24673303910814,0.0,0.0,0.08034118,17.1,0.0,32.24639516261343,0.08034118,0.08034118,0.0,0.0,0.08034118,0.0,0.0,0.0,0.04865536959737696,0.0,0.04865536959737696,0.0 
 07/21  10:00:00,33.4,20.73835282130582,32.24706964849393,20.73835282130582,0.0,18156.13810404196,32.24706964849393,0.0,0.0,0.08034118,17.1,0.0,32.24673303910814,0.08034118,0.08034118,0.0,0.0,0.08034118,0.0,0.0,0.0,0.04865536959737696,0.0,0.04865536959737696,0.0,49104000.0 
 07/21  10:01:00,33.4,20.723962391507253,32.24740500093422,20.723962391507253,0.0,18083.841091934562,32.24740500093422,0.0,0.0,0.08034118,17.1,0.0,32.24706964849393,0.08034118,0.08034118,0.0,0.0,0.08034118,0.0,0.0,0.0,0.04865536959737696,0.0,0.04865536959737696,0.0 
 07/21  10:02:00,33.4,20.709686571551618,32.24773909148157,20.709686571551618,0.0,18012.123605312678,32.24773909148157,0.0,0.0,0.08034118,17.1,0.0,32.24740500093422,0.08034118,0.08034118,0.0,0.0,0.08034118,0.0,0.0,0.0,0.04865536959737696,0.0,0.04865536959737696,0.0 
 07/21  10:03:00,33.4,20.69551133211554,32.24807193075122,20.69551133211554,0.0,17940.91601624124,32.24807193075122,0.0,0.0,0.08034118,17.1,0.0,32.24773909148157,0.08034118,0.08034118,0.0,0.0,0.08034118,0.0,0.0,0.0,0.04865536959737696,0.0,0.04865536959737696,0.0 
 07/21  10:04:00,33.4,20.681448627240304,32.248403513559445,20.681448627240304,0.0,17870.277368171828,32.248403513559445,0.0,0.0,0.08034118,17.1,0.0,32.24807193075122,0.08034118,0.08034118,0.0,0.0,0.08034118,0.0,0.0,0.0,0.04865536959737696,0.0,0.04865536959737696,0.0 
 07/21  10:05:00,33.4,20.667484697490117,32.24873385059425,20.667484697490117,0.0,17800.139319385715,32.24873385059425,0.0,0.0,0.08034118,17.1,0.0,32.248403513559445,0.08034118,0.08034118,0.0,0.0,0.08034118,0.0,0.0,0.0,0.04865536959737696,0.0,0.04865536959737696,0.0 
 07/21  10:06:00,33.4,20.653631275650945,32.249062937156594,20.653631275650945,0.0,17730.559877327127,32.249062937156594,0.0,0.0,0.08034118,17.1,0.0,32.24873385059425,0.08034118,0.08034118,0.0,0.0,0.08034118,0.0,0.0,0.0,0.04865536959737696,0.0,0.04865536959737696,0.0 
 07/21  10:07:00,33.4,20.6398748643768,32.24939078364969,20.6398748643768,0.0,17661.471979591,32.24939078364969,0.0,0.0,0.08034118,17.1,0.0,32.249062937156594,0.08034118,0.08034118,0.0,0.0,0.08034118,0.0,0.0,0.0,0.04865536959737696,0.0,0.04865536959737696,0.0 
 07/21  10:08:00,33.4,20.626226983053932,32.249717385617636,20.626226983053932,0.0,17592.932542411574,32.249717385617636,0.0,0.0,0.08034118,17.1,0.0,32.24939078364969,0.08034118,0.08034118,0.0,0.0,0.08034118,0.0,0.0,0.0,0.04865536959737696,0.0,0.04865536959737696,0.0 
 07/21  10:09:00,33.4,20.612674390676652,32.25004275378715,20.612674390676652,0.0,17524.87581676968,32.25004275378715,0.0,0.0,0.08034118,17.1,0.0,32.249717385617636,0.08034118,0.08034118,0.0,0.0,0.08034118,0.0,0.0,0.0,0.04865536959737696,0.0,0.04865536959737696,0.0 
 07/21  10:10:00,33.4,20.59922839515835,32.25036688362935,20.59922839515835,0.0,17457.357699104366,32.25036688362935,0.0,0.0,0.08034118,17.1,0.0,32.25004275378715,0.08034118,0.08034118,0.0,0.0,0.08034118,0.0,0.0,0.0,0.04865536959737696,0.0,0.04865536959737696,0.0 
 07/21  10:11:00,33.4,20.585876004457983,32.25068978590129,20.585876004457983,0.0,17390.313654339705,32.25068978590129,0.0,0.0,0.08034118,17.1,0.0,32.25036688362935,0.08034118,0.08034118,0.0,0.0,0.08034118,0.0,0.0,0.0,0.04865536959737696,0.0,0.04865536959737696,0.0 
 07/21  10:12:00,33.4,20.57262832193298,32.251011456430064,20.57262832193298,0.0,17323.798562685093,32.251011456430064,0.0,0.0,0.08034118,17.1,0.0,32.25068978590129,0.08034118,0.08034118,0.0,0.0,0.08034118,0.0,0.0,0.0,0.04865536959737696,0.0,0.04865536959737696,0.0 
 07/21  10:13:00,33.4,20.5594725994113,32.2513319058413,20.5594725994113,0.0,17257.749108568467,32.2513319058413,0.0,0.0,0.08034118,17.1,0.0,32.251011456430064,0.08034118,0.08034118,0.0,0.0,0.08034118,0.0,0.0,0.0,0.04865536959737696,0.0,0.04865536959737696,0.0 
 07/21  10:14:00,33.4,20.5464197403717,32.25165113016559,20.5464197403717,0.0,17192.219179272583,32.25165113016559,0.0,0.0,0.08034118,17.1,0.0,32.2513319058413,0.08034118,0.08034118,0.0,0.0,0.08034118,0.0,0.0,0.0,0.04865536959737696,0.0,0.04865536959737696,0.0 
 07/21  10:15:00,33.4,20.533457234128754,32.25196914021321,20.533457234128754,0.0,17127.146646674308,32.25196914021321,0.0,0.0,0.08034118,17.1,0.0,32.25165113016559,0.08034118,0.08034118,0.0,0.0,0.08034118,0.0,0.0,0.0,0.04865536959737696,0.0,0.04865536959737696,0.0 
 07/21  10:16:00,33.4,20.52059578743123,32.25228593209087,20.52059578743123,0.0,17062.58445061621,32.25228593209087,0.0,0.0,0.08034118,17.1,0.0,32.25196914021321,0.08034118,0.08034118,0.0,0.0,0.08034118,0.0,0.0,0.0,0.04865536959737696,0.0,0.04865536959737696,0.0 
 07/21  10:17:00,33.4,20.507823121164808,32.252601516588825,20.507823121164808,0.0,16998.47159063387,32.252601516588825,0.0,0.0,0.08034118,17.1,0.0,32.25228593209087,0.08034118,0.08034118,0.0,0.0,0.08034118,0.0,0.0,0.0,0.04865536959737696,0.0,0.04865536959737696,0.0 
 07/21  10:18:00,33.4,20.495149751637694,32.25291589003444,20.495149751637694,0.0,16934.860060401556,32.25291589003444,0.0,0.0,0.08034118,17.1,0.0,32.252601516588825,0.08034118,0.08034118,0.0,0.0,0.08034118,0.0,0.0,0.0,0.04865536959737696,0.0,0.04865536959737696,0.0 
 07/21  10:19:00,33.4,20.482563626355496,32.25322906322941,20.482563626355496,0.0,16871.68999256774,32.25322906322941,0.0,0.0,0.08034118,17.1,0.0,32.25291589003444,0.08034118,0.08034118,0.0,0.0,0.08034118,0.0,0.0,0.0,0.04865536959737696,0.0,0.04865536959737696,0.0 
 07/21  10:20:00,33.4,20.47007507519348,32.25354103265925,20.47007507519348,0.0,16809.012454601485,32.25354103265925,0.0,0.0,0.08034118,17.1,0.0,32.25322906322941,0.08034118,0.08034118,0.0,0.0,0.08034118,0.0,0.0,0.0,0.04865536959737696,0.0,0.04865536959737696,0.0 
 07/21  10:21:00,33.4,20.457672265216818,32.25385180916949,20.457672265216818,0.0,16746.768706009418,32.25385180916949,0.0,0.0,0.08034118,17.1,0.0,32.25354103265925,0.08034118,0.08034118,0.0,0.0,0.08034118,0.0,0.0,0.0,0.04865536959737696,0.0,0.04865536959737696,0.0 
 07/21  10:22:00,33.4,20.445365342588435,32.25416138946131,20.445365342588435,0.0,16685.008901216734,32.25416138946131,0.0,0.0,0.08034118,17.1,0.0,32.25385180916949,0.08034118,0.08034118,0.0,0.0,0.08034118,0.0,0.0,0.0,0.04865536959737696,0.0,0.04865536959737696,0.0 
 07/21  10:23:00,33.4,20.433142691480107,32.25446978430779,20.433142691480107,0.0,16623.675326580636,32.25446978430779,0.0,0.0,0.08034118,17.1,0.0,32.25416138946131,0.08034118,0.08034118,0.0,0.0,0.08034118,0.0,0.0,0.0,0.04865536959737696,0.0,0.04865536959737696,0.0 
 07/21  10:24:00,33.4,20.42101427970265,32.25477699049483,20.42101427970265,0.0,16562.817308513935,32.25477699049483,0.0,0.0,0.08034118,17.1,0.0,32.25446978430779,0.08034118,0.08034118,0.0,0.0,0.08034118,0.0,0.0,0.0,0.04865536959737696,0.0,0.04865536959737696,0.0 
 07/21  10:25:00,33.4,20.408968701923587,32.25508301894268,20.408968701923587,0.0,16502.3781567416,32.25508301894268,0.0,0.0,0.08034118,17.1,0.0,32.25477699049483,0.08034118,0.08034118,0.0,0.0,0.08034118,0.0,0.0,0.0,0.04865536959737696,0.0,0.04865536959737696,0.0 
 07/21  10:26:00,33.4,20.397015751915255,32.25538786654835,20.397015751915255,0.0,16442.40633272068,32.25538786654835,0.0,0.0,0.08034118,17.1,0.0,32.25508301894268,0.08034118,0.08034118,0.0,0.0,0.08034118,0.0,0.0,0.0,0.04865536959737696,0.0,0.04865536959737696,0.0 
 07/21  10:27:00,33.4,20.385144227832402,32.255691544137704,20.385144227832402,0.0,16382.846220509131,32.255691544137704,0.0,0.0,0.08034118,17.1,0.0,32.25538786654835,0.08034118,0.08034118,0.0,0.0,0.08034118,0.0,0.0,0.0,0.04865536959737696,0.0,0.04865536959737696,0.0 
 07/21  10:28:00,33.4,20.373363754086135,32.25599404895569,20.373363754086135,0.0,16323.745354332295,32.25599404895569,0.0,0.0,0.08034118,17.1,0.0,32.255691544137704,0.08034118,0.08034118,0.0,0.0,0.08034118,0.0,0.0,0.0,0.04865536959737696,0.0,0.04865536959737696,0.0 
 07/21  10:29:00,33.4,20.36166332965591,32.2562953917046,20.36166332965591,0.0,16265.049178533263,32.2562953917046,0.0,0.0,0.08034118,17.1,0.0,32.25599404895569,0.08034118,0.08034118,0.0,0.0,0.08034118,0.0,0.0,0.0,0.04865536959737696,0.0,0.04865536959737696,0.0 
 07/21  10:30:00,33.4,20.35005241143063,32.256595569581506,20.35005241143063,0.0,16206.804395215928,32.256595569581506,0.0,0.0,0.08034118,17.1,0.0,32.2562953917046,0.08034118,0.08034118,0.0,0.0,0.08034118,0.0,0.0,0.0,0.04865536959737696,0.0,0.04865536959737696,0.0 
 07/21  10:31:00,33.4,20.338520196050723,32.25689459356629,20.338520196050723,0.0,16148.957379691856,32.25689459356629,0.0,0.0,0.08034118,17.1,0.0,32.256595569581506,0.08034118,0.08034118,0.0,0.0,0.08034118,0.0,0.0,0.0,0.04865536959737696,0.0,0.04865536959737696,0.0 
 07/21  10:32:00,33.4,20.327075976019465,32.257192460921146,20.327075976019465,0.0,16091.554101707243,32.257192460921146,0.0,0.0,0.08034118,17.1,0.0,32.25689459356629,0.08034118,0.08034118,0.0,0.0,0.08034118,0.0,0.0,0.0,0.04865536959737696,0.0,0.04865536959737696,0.0 
 07/21  10:33:00,33.4,20.315709139552283,32.257489182399176,20.315709139552283,0.0,16034.541837647143,32.257489182399176,0.0,0.0,0.08034118,17.1,0.0,32.257192460921146,0.08034118,0.08034118,0.0,0.0,0.08034118,0.0,0.0,0.0,0.04865536959737696,0.0,0.04865536959737696,0.0 
 07/21  10:34:00,33.4,20.30442882043978,32.25778475573683,20.30442882043978,0.0,15977.965768675012,32.25778475573683,0.0,0.0,0.08034118,17.1,0.0,32.257489182399176,0.08034118,0.08034118,0.0,0.0,0.08034118,0.0,0.0,0.0,0.04865536959737696,0.0,0.04865536959737696,0.0 
 07/21  10:35:00,33.4,20.293224594973772,32.258079191515506,20.293224594973772,0.0,15921.774111221654,32.258079191515506,0.0,0.0,0.08034118,17.1,0.0,32.25778475573683,0.08034118,0.08034118,0.0,0.0,0.08034118,0.0,0.0,0.0,0.04865536959737696,0.0,0.04865536959737696,0.0 
 07/21  10:36:00,33.4,20.282105439006333,32.25837248729618,20.282105439006333,0.0,15866.011316412918,32.25837248729618,0.0,0.0,0.08034118,17.1,0.0,32.258079191515506,0.08034118,0.08034118,0.0,0.0,0.08034118,0.0,0.0,0.0,0.04865536959737696,0.0,0.04865536959737696,0.0 
 07/21  10:37:00,33.4,20.271061111829862,32.25866465406334,20.271061111829862,0.0,15810.626460115709,32.25866465406334,0.0,0.0,0.08034118,17.1,0.0,32.25837248729618,0.08034118,0.08034118,0.0,0.0,0.08034118,0.0,0.0,0.0,0.04865536959737696,0.0,0.04865536959737696,0.0 
 07/21  10:38:00,33.4,20.260100436487846,32.258955689398725,20.260100436487846,0.0,15755.663260958972,32.258955689398725,0.0,0.0,0.08034118,17.1,0.0,32.25866465406334,0.08034118,0.08034118,0.0,0.0,0.08034118,0.0,0.0,0.0,0.04865536959737696,0.0,0.04865536959737696,0.0 
 07/21  10:39:00,33.4,20.249213351021265,32.25924560393392,20.249213351021265,0.0,15701.071688187989,32.25924560393392,0.0,0.0,0.08034118,17.1,0.0,32.258955689398725,0.08034118,0.08034118,0.0,0.0,0.08034118,0.0,0.0,0.0,0.04865536959737696,0.0,0.04865536959737696,0.0 
 07/21  10:40:00,33.4,20.238408530934233,32.25953439584509,20.238408530934233,0.0,15646.894672699633,32.25953439584509,0.0,0.0,0.08034118,17.1,0.0,32.25924560393392,0.08034118,0.08034118,0.0,0.0,0.08034118,0.0,0.0,0.0,0.04865536959737696,0.0,0.04865536959737696,0.0 
 07/21  10:41:00,33.4,20.227676089347533,32.25982207554706,20.227676089347533,0.0,15593.083112951412,32.25982207554706,0.0,0.0,0.08034118,17.1,0.0,32.25953439584509,0.08034118,0.08034118,0.0,0.0,0.08034118,0.0,0.0,0.0,0.04865536959737696,0.0,0.04865536959737696,0.0 
 07/21  10:42:00,33.4,20.21702455439918,32.26010864091848,20.21702455439918,0.0,15539.679207223176,32.26010864091848,0.0,0.0,0.08034118,17.1,0.0,32.25982207554706,0.08034118,0.08034118,0.0,0.0,0.08034118,0.0,0.0,0.0,0.04865536959737696,0.0,0.04865536959737696,0.0 
 07/21  10:43:00,33.4,20.206444209485703,32.26039410289795,20.206444209485703,0.0,15486.634704414613,32.26039410289795,0.0,0.0,0.08034118,17.1,0.0,32.26010864091848,0.08034118,0.08034118,0.0,0.0,0.08034118,0.0,0.0,0.0,0.04865536959737696,0.0,0.04865536959737696,0.0 
 07/21  10:44:00,33.4,20.195943439133856,32.26067845934283,20.195943439133856,0.0,15433.9910889075,32.26067845934283,0.0,0.0,0.08034118,17.1,0.0,32.26039410289795,0.08034118,0.08034118,0.0,0.0,0.08034118,0.0,0.0,0.0,0.04865536959737696,0.0,0.04865536959737696,0.0 
 07/21  10:45:00,33.4,20.18551269521027,32.26096172072009,20.18551269521027,0.0,15381.700924557248,32.26096172072009,0.0,0.0,0.08034118,17.1,0.0,32.26067845934283,0.08034118,0.08034118,0.0,0.0,0.08034118,0.0,0.0,0.0,0.04865536959737696,0.0,0.04865536959737696,0.0 
 07/21  10:46:00,33.4,20.175160222153945,32.26124388559648,20.175160222153945,0.0,15329.805025994365,32.26124388559648,0.0,0.0,0.08034118,17.1,0.0,32.26096172072009,0.08034118,0.08034118,0.0,0.0,0.08034118,0.0,0.0,0.0,0.04865536959737696,0.0,0.04865536959737696,0.0 
 07/21  10:47:00,33.4,20.164876636230357,32.26152496418141,20.164876636230357,0.0,15278.256752040506,32.26152496418141,0.0,0.0,0.08034118,17.1,0.0,32.26124388559648,0.08034118,0.08034118,0.0,0.0,0.08034118,0.0,0.0,0.0,0.04865536959737696,0.0,0.04865536959737696,0.0 
 07/21  10:48:00,33.4,20.15467004420749,32.26180495462904,20.15467004420749,0.0,15227.096259195077,32.26180495462904,0.0,0.0,0.08034118,17.1,0.0,32.26152496418141,0.08034118,0.08034118,0.0,0.0,0.08034118,0.0,0.0,0.0,0.04865536959737696,0.0,0.04865536959737696,0.0 
 07/21  10:49:00,33.4,20.14453122086221,32.26208386778914,20.14453122086221,0.0,15176.277724125343,32.26208386778914,0.0,0.0,0.08034118,17.1,0.0,32.26180495462904,0.08034118,0.08034118,0.0,0.0,0.08034118,0.0,0.0,0.0,0.04865536959737696,0.0,0.04865536959737696,0.0 
 07/21  10:50:00,33.4,20.134468140033036,32.26236170175575,20.134468140033036,0.0,15125.84056436361,32.26236170175575,0.0,0.0,0.08034118,17.1,0.0,32.26208386778914,0.08034118,0.08034118,0.0,0.0,0.08034118,0.0,0.0,0.0,0.04865536959737696,0.0,0.04865536959737696,0.0 
 07/21  10:51:00,33.4,20.124471732773994,32.26263846679616,20.124471732773994,0.0,15075.739814907893,32.26263846679616,0.0,0.0,0.08034118,17.1,0.0,32.26236170175575,0.08034118,0.08034118,0.0,0.0,0.08034118,0.0,0.0,0.0,0.04865536959737696,0.0,0.04865536959737696,0.0 
 07/21  10:52:00,33.4,20.11454984059096,32.2629141618236,20.11454984059096,0.0,15026.01420983034,32.2629141618236,0.0,0.0,0.08034118,17.1,0.0,32.26263846679616,0.08034118,0.08034118,0.0,0.0,0.08034118,0.0,0.0,0.0,0.04865536959737696,0.0,0.04865536959737696,0.0 
 07/21  10:53:00,33.4,20.1046935499323,32.26318879681081,20.1046935499323,0.0,14976.619508340218,32.26318879681081,0.0,0.0,0.08034118,17.1,0.0,32.2629141618236,0.08034118,0.08034118,0.0,0.0,0.08034118,0.0,0.0,0.0,0.04865536959737696,0.0,0.04865536959737696,0.0 
 07/21  10:54:00,33.4,20.094910572508976,32.263462370149774,20.094910572508976,0.0,14927.593876842951,32.263462370149774,0.0,0.0,0.08034118,17.1,0.0,32.26318879681081,0.08034118,0.08034118,0.0,0.0,0.08034118,0.0,0.0,0.0,0.04865536959737696,0.0,0.04865536959737696,0.0 
 07/21  10:55:00,33.4,20.085192145098045,32.2637348925652,20.085192145098045,0.0,14878.893773908485,32.2637348925652,0.0,0.0,0.08034118,17.1,0.0,32.263462370149774,0.08034118,0.08034118,0.0,0.0,0.08034118,0.0,0.0,0.0,0.04865536959737696,0.0,0.04865536959737696,0.0 
 07/21  10:56:00,33.4,20.075545851745456,32.26400636235244,20.075545851745456,0.0,14830.556782140015,32.26400636235244,0.0,0.0,0.08034118,17.1,0.0,32.2637348925652,0.08034118,0.08034118,0.0,0.0,0.08034118,0.0,0.0,0.0,0.04865536959737696,0.0,0.04865536959737696,0.0 
 07/21  10:57:00,33.4,20.06596307579415,32.26427678954982,20.06596307579415,0.0,14782.540066581596,32.26427678954982,0.0,0.0,0.08034118,17.1,0.0,32.26400636235244,0.08034118,0.08034118,0.0,0.0,0.08034118,0.0,0.0,0.0,0.04865536959737696,0.0,0.04865536959737696,0.0 
 07/21  10:58:00,33.4,20.0564512786568,32.264546173376004,20.0564512786568,0.0,14734.88057480636,32.264546173376004,0.0,0.0,0.08034118,17.1,0.0,32.26427678954982,0.08034118,0.08034118,0.0,0.0,0.08034118,0.0,0.0,0.0,0.04865536959737696,0.0,0.04865536959737696,0.0 
 07/21  10:59:00,33.4,20.047001988064824,32.26481452354118,20.047001988064824,0.0,14687.53621832302,32.26481452354118,0.0,0.0,0.08034118,17.1,0.0,32.264546173376004,0.08034118,0.08034118,0.0,0.0,0.08034118,0.0,0.0,0.0,0.04865536959737696,0.0,0.04865536959737696,0.0 
 07/21  11:00:00,33.4,20.03762254378462,32.265081838640555,20.03762254378462,0.0,14640.543339866099,32.265081838640555,0.0,0.0,0.08034118,17.1,0.0,32.26481452354118,0.08034118,0.08034118,0.0,0.0,0.08034118,0.0,0.0,0.0,0.04865536959737696,0.0,0.04865536959737696,0.0,49104000.0 
 07/21  11:01:00,33.4,20.02830461415809,32.26534812924321,20.02830461415809,0.0,14593.860553027058,32.26534812924321,0.0,0.0,0.08034118,17.1,0.0,32.265081838640555,0.08034118,0.08034118,0.0,0.0,0.08034118,0.0,0.0,0.0,0.04865536959737696,0.0,0.04865536959737696,0.0 
 07/21  11:02:00,33.4,20.01905542082649,32.26561339381393,20.01905542082649,0.0,14547.52358853722,32.26561339381393,0.0,0.0,0.08034118,17.1,0.0,32.26534812924321,0.08034118,0.08034118,0.0,0.0,0.08034118,0.0,0.0,0.0,0.04865536959737696,0.0,0.04865536959737696,0.0 
 07/21  11:03:00,33.4,20.00986676926175,32.265877642138804,20.00986676926175,0.0,14501.491794161197,32.265877642138804,0.0,0.0,0.08034118,17.1,0.0,32.26561339381393,0.08034118,0.08034118,0.0,0.0,0.08034118,0.0,0.0,0.0,0.04865536959737696,0.0,0.04865536959737696,0.0 
 07/21  11:04:00,33.4,20.000745764018752,32.26614087370502,20.000745764018752,0.0,14455.800293893144,32.26614087370502,0.0,0.0,0.08034118,17.1,0.0,32.265877642138804,0.08034118,0.08034118,0.0,0.0,0.08034118,0.0,0.0,0.0,0.04865536959737696,0.0,0.04865536959737696,0.0 
 07/21  11:05:00,33.4,19.991684347869118,32.26640309794035,19.991684347869118,0.0,14410.409071668964,32.26640309794035,0.0,0.0,0.08034118,17.1,0.0,32.26614087370502,0.08034118,0.08034118,0.0,0.0,0.08034118,0.0,0.0,0.0,0.04865536959737696,0.0,0.04865536959737696,0.0 
 07/21  11:06:00,33.4,19.982689509535835,32.26666431361271,19.982689509535835,0.0,14365.352773932213,32.26666431361271,0.0,0.0,0.08034118,17.1,0.0,32.26640309794035,0.08034118,0.08034118,0.0,0.0,0.08034118,0.0,0.0,0.0,0.04865536959737696,0.0,0.04865536959737696,0.0 
 07/21  11:07:00,33.4,19.973753323354046,32.26692453111107,19.973753323354046,0.0,14320.59199230821,32.26692453111107,0.0,0.0,0.08034118,17.1,0.0,32.26666431361271,0.08034118,0.08034118,0.0,0.0,0.08034118,0.0,0.0,0.0,0.04865536959737696,0.0,0.04865536959737696,0.0 
 07/21  11:08:00,33.4,19.964882667158083,32.267183749041756,19.964882667158083,0.0,14276.160797477933,32.267183749041756,0.0,0.0,0.08034118,17.1,0.0,32.26692453111107,0.08034118,0.08034118,0.0,0.0,0.08034118,0.0,0.0,0.0,0.04865536959737696,0.0,0.04865536959737696,0.0 
 07/21  11:09:00,33.4,19.95606974561684,32.267441976920836,19.95606974561684,0.0,14232.020456328619,32.267441976920836,0.0,0.0,0.08034118,17.1,0.0,32.267183749041756,0.08034118,0.08034118,0.0,0.0,0.08034118,0.0,0.0,0.0,0.04865536959737696,0.0,0.04865536959737696,0.0 
 07/21  11:10:00,33.4,19.947321326593972,32.26769921447084,19.947321326593972,0.0,14188.204492706485,32.26769921447084,0.0,0.0,0.08034118,17.1,0.0,32.267441976920836,0.08034118,0.08034118,0.0,0.0,0.08034118,0.0,0.0,0.0,0.04865536959737696,0.0,0.04865536959737696,0.0 
 07/21  11:11:00,33.4,19.93862974064511,32.26795547082231,19.93862974064511,0.0,14144.674825916263,32.26795547082231,0.0,0.0,0.08034118,17.1,0.0,32.26769921447084,0.08034118,0.08034118,0.0,0.0,0.08034118,0.0,0.0,0.0,0.04865536959737696,0.0,0.04865536959737696,0.0 
 07/21  11:12:00,33.4,19.930001648645792,32.268210744888684,19.930001648645792,0.0,14101.464399905144,32.268210744888684,0.0,0.0,0.08034118,17.1,0.0,32.26795547082231,0.08034118,0.08034118,0.0,0.0,0.08034118,0.0,0.0,0.0,0.04865536959737696,0.0,0.04865536959737696,0.0 
 07/21  11:13:00,33.4,19.921429506261582,32.26846504685897,19.921429506261582,0.0,14058.535782370713,32.26846504685897,0.0,0.0,0.08034118,17.1,0.0,32.268210744888684,0.08034118,0.08034118,0.0,0.0,0.08034118,0.0,0.0,0.0,0.04865536959737696,0.0,0.04865536959737696,0.0 
 07/21  11:14:00,33.4,19.91291986873731,32.268718375455876,19.91291986873731,0.0,14015.921392391134,32.268718375455876,0.0,0.0,0.08034118,17.1,0.0,32.26846504685897,0.08034118,0.08034118,0.0,0.0,0.08034118,0.0,0.0,0.0,0.04865536959737696,0.0,0.04865536959737696,0.0 
 07/21  11:15:00,33.4,19.904465313673697,32.268970739911886,19.904465313673697,0.0,13973.584405995316,32.268970739911886,0.0,0.0,0.08034118,17.1,0.0,32.268718375455876,0.08034118,0.08034118,0.0,0.0,0.08034118,0.0,0.0,0.0,0.04865536959737696,0.0,0.04865536959737696,0.0 
 07/21  11:16:00,33.4,19.89607229164486,32.26922214015464,19.89607229164486,0.0,13931.556745675829,32.26922214015464,0.0,0.0,0.08034118,17.1,0.0,32.268970739911886,0.08034118,0.08034118,0.0,0.0,0.08034118,0.0,0.0,0.0,0.04865536959737696,0.0,0.04865536959737696,0.0 
 07/21  11:17:00,33.4,19.887733500792866,32.26947258500654,19.887733500792866,0.0,13889.802141696287,32.26947258500654,0.0,0.0,0.08034118,17.1,0.0,32.26922214015464,0.08034118,0.08034118,0.0,0.0,0.08034118,0.0,0.0,0.0,0.04865536959737696,0.0,0.04865536959737696,0.0 
 07/21  11:18:00,33.4,19.879455289689897,32.26972207350208,19.879455289689897,0.0,13848.352056518852,32.26972207350208,0.0,0.0,0.08034118,17.1,0.0,32.26947258500654,0.08034118,0.08034118,0.0,0.0,0.08034118,0.0,0.0,0.0,0.04865536959737696,0.0,0.04865536959737696,0.0 
 07/21  11:19:00,33.4,19.871230474671158,32.269970615614774,19.871230474671158,0.0,13807.170763534123,32.269970615614774,0.0,0.0,0.08034118,17.1,0.0,32.26972207350208,0.08034118,0.08034118,0.0,0.0,0.08034118,0.0,0.0,0.0,0.04865536959737696,0.0,0.04865536959737696,0.0 
 07/21  11:20:00,33.4,19.863065304967403,32.27021821016172,19.863065304967403,0.0,13766.28925459714,32.27021821016172,0.0,0.0,0.08034118,17.1,0.0,32.269970615614774,0.08034118,0.08034118,0.0,0.0,0.08034118,0.0,0.0,0.0,0.04865536959737696,0.0,0.04865536959737696,0.0 
 07/21  11:21:00,33.4,19.854952710828325,32.27046486608259,19.854952710828325,0.0,13725.67239503736,32.27046486608259,0.0,0.0,0.08034118,17.1,0.0,32.27021821016172,0.08034118,0.08034118,0.0,0.0,0.08034118,0.0,0.0,0.0,0.04865536959737696,0.0,0.04865536959737696,0.0 
 07/21  11:22:00,33.4,19.846898844317394,32.27071058348363,19.846898844317394,0.0,13685.350647064766,32.27071058348363,0.0,0.0,0.08034118,17.1,0.0,32.27046486608259,0.08034118,0.08034118,0.0,0.0,0.08034118,0.0,0.0,0.0,0.04865536959737696,0.0,0.04865536959737696,0.0 
 07/21  11:23:00,33.4,19.838896747920636,32.270955370873004,19.838896747920636,0.0,13645.289482394732,32.270955370873004,0.0,0.0,0.08034118,17.1,0.0,32.27071058348363,0.08034118,0.08034118,0.0,0.0,0.08034118,0.0,0.0,0.0,0.04865536959737696,0.0,0.04865536959737696,0.0 
 07/21  11:24:00,33.4,19.83095247763952,32.27119922738601,19.83095247763952,0.0,13605.518862600115,32.27119922738601,0.0,0.0,0.08034118,17.1,0.0,32.270955370873004,0.08034118,0.08034118,0.0,0.0,0.08034118,0.0,0.0,0.0,0.04865536959737696,0.0,0.04865536959737696,0.0 
 07/21  11:25:00,33.4,19.823059186803004,32.27144216277064,19.823059186803004,0.0,13566.004812340358,32.27144216277064,0.0,0.0,0.08034118,17.1,0.0,32.27119922738601,0.08034118,0.08034118,0.0,0.0,0.08034118,0.0,0.0,0.0,0.04865536959737696,0.0,0.04865536959737696,0.0 
 07/21  11:26:00,33.4,19.815222836634184,32.27168417592093,19.815222836634184,0.0,13526.776844924116,32.27168417592093,0.0,0.0,0.08034118,17.1,0.0,32.27144216277064,0.08034118,0.08034118,0.0,0.0,0.08034118,0.0,0.0,0.0,0.04865536959737696,0.0,0.04865536959737696,0.0 
 07/21  11:27:00,33.4,19.80743668991625,32.271925275480065,19.80743668991625,0.0,13487.801485470522,32.271925275480065,0.0,0.0,0.08034118,17.1,0.0,32.27168417592093,0.08034118,0.08034118,0.0,0.0,0.08034118,0.0,0.0,0.0,0.04865536959737696,0.0,0.04865536959737696,0.0 
 07/21  11:28:00,33.4,19.799706616968066,32.27216546171145,19.799706616968066,0.0,13449.107795676915,32.27216546171145,0.0,0.0,0.08034118,17.1,0.0,32.271925275480065,0.08034118,0.08034118,0.0,0.0,0.08034118,0.0,0.0,0.0,0.04865536959737696,0.0,0.04865536959737696,0.0 
 07/21  11:29:00,33.4,19.79202598516688,32.27240474280818,19.79202598516688,0.0,13410.662890380412,32.27240474280818,0.0,0.0,0.08034118,17.1,0.0,32.27216546171145,0.08034118,0.08034118,0.0,0.0,0.08034118,0.0,0.0,0.0,0.04865536959737696,0.0,0.04865536959737696,0.0 
 07/21  11:30:00,33.4,19.784400573389235,32.27264311799048,19.784400573389235,0.0,13372.495331469181,32.27264311799048,0.0,0.0,0.08034118,17.1,0.0,32.27240474280818,0.08034118,0.08034118,0.0,0.0,0.08034118,0.0,0.0,0.0,0.04865536959737696,0.0,0.04865536959737696,0.0 
 07/21  11:31:00,33.4,19.776823854587807,32.2728805967756,19.776823854587807,0.0,13334.57273783767,32.2728805967756,0.0,0.0,0.08034118,17.1,0.0,32.27264311799048,0.08034118,0.08034118,0.0,0.0,0.08034118,0.0,0.0,0.0,0.04865536959737696,0.0,0.04865536959737696,0.0 
 07/21  11:32:00,33.4,19.769330538472566,32.27311714089559,19.769330538472566,0.0,13297.067834184632,32.27311714089559,0.0,0.0,0.08034118,17.1,0.0,32.2728805967756,0.08034118,0.08034118,0.0,0.0,0.08034118,0.0,0.0,0.0,0.04865536959737696,0.0,0.04865536959737696,0.0 
 07/21  11:33:00,33.4,19.761867854535556,32.27335279685851,19.761867854535556,0.0,13259.718544921498,32.27335279685851,0.0,0.0,0.08034118,17.1,0.0,32.27311714089559,0.08034118,0.08034118,0.0,0.0,0.08034118,0.0,0.0,0.0,0.04865536959737696,0.0,0.04865536959737696,0.0 
 07/21  11:34:00,33.4,19.754462883125793,32.27358754769333,19.754462883125793,0.0,13222.65850014022,32.27358754769333,0.0,0.0,0.08034118,17.1,0.0,32.27335279685851,0.08034118,0.08034118,0.0,0.0,0.08034118,0.0,0.0,0.0,0.04865536959737696,0.0,0.04865536959737696,0.0 
 07/21  11:35:00,33.4,19.747113157642854,32.27382139463854,19.747113157642854,0.0,13185.876012091112,32.27382139463854,0.0,0.0,0.08034118,17.1,0.0,32.27358754769333,0.08034118,0.08034118,0.0,0.0,0.08034118,0.0,0.0,0.0,0.04865536959737696,0.0,0.04865536959737696,0.0 
 07/21  11:36:00,33.4,19.73981707194166,32.27405434499285,19.73981707194166,0.0,13149.363012235302,32.27405434499285,0.0,0.0,0.08034118,17.1,0.0,32.27382139463854,0.08034118,0.08034118,0.0,0.0,0.08034118,0.0,0.0,0.0,0.04865536959737696,0.0,0.04865536959737696,0.0 
 07/21  11:37:00,33.4,19.73256697933407,32.274286414041995,19.73256697933407,0.0,13113.081366576189,32.274286414041995,0.0,0.0,0.08034118,17.1,0.0,32.27405434499285,0.08034118,0.08034118,0.0,0.0,0.08034118,0.0,0.0,0.0,0.04865536959737696,0.0,0.04865536959737696,0.0 
 07/21  11:38:00,33.4,19.72536674501011,32.27451760515048,19.72536674501011,0.0,13077.050109792235,32.27451760515048,0.0,0.0,0.08034118,17.1,0.0,32.274286414041995,0.08034118,0.08034118,0.0,0.0,0.08034118,0.0,0.0,0.0,0.04865536959737696,0.0,0.04865536959737696,0.0 
 07/21  11:39:00,33.4,19.718210107032977,32.27474792879259,19.718210107032977,0.0,13041.238118468646,32.27474792879259,0.0,0.0,0.08034118,17.1,0.0,32.27451760515048,0.08034118,0.08034118,0.0,0.0,0.08034118,0.0,0.0,0.0,0.04865536959737696,0.0,0.04865536959737696,0.0 
 07/21  11:40:00,33.4,19.711102293683705,32.27497738704614,19.711102293683705,0.0,13005.671262698037,32.27497738704614,0.0,0.0,0.08034118,17.1,0.0,32.27474792879259,0.08034118,0.08034118,0.0,0.0,0.08034118,0.0,0.0,0.0,0.04865536959737696,0.0,0.04865536959737696,0.0 
 07/21  11:41:00,33.4,19.704038009758833,32.275205988389544,19.704038009758833,0.0,12970.32330050402,32.275205988389544,0.0,0.0,0.08034118,17.1,0.0,32.27497738704614,0.08034118,0.08034118,0.0,0.0,0.08034118,0.0,0.0,0.0,0.04865536959737696,0.0,0.04865536959737696,0.0 
 07/21  11:42:00,33.4,19.69702274529887,32.275433732901185,19.69702274529887,0.0,12935.2214279282,32.275433732901185,0.0,0.0,0.08034118,17.1,0.0,32.275205988389544,0.08034118,0.08034118,0.0,0.0,0.08034118,0.0,0.0,0.0,0.04865536959737696,0.0,0.04865536959737696,0.0 
 07/21  11:43:00,33.4,19.6900511234019,32.27566063001148,19.6900511234019,0.0,12900.338952804883,32.27566063001148,0.0,0.0,0.08034118,17.1,0.0,32.275433732901185,0.08034118,0.08034118,0.0,0.0,0.08034118,0.0,0.0,0.0,0.04865536959737696,0.0,0.04865536959737696,0.0 
 07/21  11:44:00,33.4,19.683128325278112,32.27588667917616,19.683128325278112,0.0,12865.701555038326,32.27588667917616,0.0,0.0,0.08034118,17.1,0.0,32.27566063001148,0.08034118,0.08034118,0.0,0.0,0.08034118,0.0,0.0,0.0,0.04865536959737696,0.0,0.04865536959737696,0.0 
 07/21  11:45:00,33.4,19.676248845722657,32.27611188835041,19.676248845722657,0.0,12831.28188236335,32.27611188835041,0.0,0.0,0.08034118,17.1,0.0,32.27588667917616,0.08034118,0.08034118,0.0,0.0,0.08034118,0.0,0.0,0.0,0.04865536959737696,0.0,0.04865536959737696,0.0 
 07/21  11:46:00,33.4,19.669417684785515,32.2763362583552,19.669417684785515,0.0,12797.10475561285,32.2763362583552,0.0,0.0,0.08034118,17.1,0.0,32.27611188835041,0.08034118,0.08034118,0.0,0.0,0.08034118,0.0,0.0,0.0,0.04865536959737696,0.0,0.04865536959737696,0.0 
 07/21  11:47:00,33.4,19.662629351205485,32.27655979654133,19.662629351205485,0.0,12763.1428710269,32.27655979654133,0.0,0.0,0.08034118,17.1,0.0,32.2763362583552,0.08034118,0.08034118,0.0,0.0,0.08034118,0.0,0.0,0.0,0.04865536959737696,0.0,0.04865536959737696,0.0 
 07/21  11:48:00,33.4,19.655888739911205,32.27678250242523,19.655888739911205,0.0,12729.42048366776,32.27678250242523,0.0,0.0,0.08034118,17.1,0.0,32.27655979654133,0.08034118,0.08034118,0.0,0.0,0.08034118,0.0,0.0,0.0,0.04865536959737696,0.0,0.04865536959737696,0.0 
 07/21  11:49:00,33.4,19.649190410232443,32.27700438479997,19.649190410232443,0.0,12695.910585018373,32.27700438479997,0.0,0.0,0.08034118,17.1,0.0,32.27678250242523,0.08034118,0.08034118,0.0,0.0,0.08034118,0.0,0.0,0.0,0.04865536959737696,0.0,0.04865536959737696,0.0 
 07/21  11:50:00,33.4,19.642539165087697,32.27722544281492,19.642539165087697,0.0,12662.63695126746,32.27722544281492,0.0,0.0,0.08034118,17.1,0.0,32.27700438479997,0.08034118,0.08034118,0.0,0.0,0.08034118,0.0,0.0,0.0,0.04865536959737696,0.0,0.04865536959737696,0.0 
 07/21  11:51:00,33.4,19.635929626005847,32.27744568390259,19.635929626005847,0.0,12629.572905231998,32.27744568390259,0.0,0.0,0.08034118,17.1,0.0,32.27722544281492,0.08034118,0.08034118,0.0,0.0,0.08034118,0.0,0.0,0.0,0.04865536959737696,0.0,0.04865536959737696,0.0 
 07/21  11:52:00,33.4,19.62936651483673,32.27766510879202,19.62936651483673,0.0,12596.74179898604,32.27766510879202,0.0,0.0,0.08034118,17.1,0.0,32.27744568390259,0.08034118,0.08034118,0.0,0.0,0.08034118,0.0,0.0,0.0,0.04865536959737696,0.0,0.04865536959737696,0.0 
 07/21  11:53:00,33.4,19.62284452501021,32.27788372440025,19.62284452501021,0.0,12564.117313849501,32.27788372440025,0.0,0.0,0.08034118,17.1,0.0,32.27766510879202,0.08034118,0.08034118,0.0,0.0,0.08034118,0.0,0.0,0.0,0.04865536959737696,0.0,0.04865536959737696,0.0 
 07/21  11:54:00,33.4,19.616368303611317,32.27810153016894,19.616368303611317,0.0,12531.722451244954,32.27810153016894,0.0,0.0,0.08034118,17.1,0.0,32.27788372440025,0.08034118,0.08034118,0.0,0.0,0.08034118,0.0,0.0,0.0,0.04865536959737696,0.0,0.04865536959737696,0.0 
 07/21  11:55:00,33.4,19.60993261799801,32.27831853458747,19.60993261799801,0.0,12499.531260879867,32.27831853458747,0.0,0.0,0.08034118,17.1,0.0,32.27810153016894,0.08034118,0.08034118,0.0,0.0,0.08034118,0.0,0.0,0.0,0.04865536959737696,0.0,0.04865536959737696,0.0 
 07/21  11:56:00,33.4,19.603542045569053,32.27853473676027,19.603542045569053,0.0,12467.566356311909,32.27853473676027,0.0,0.0,0.08034118,17.1,0.0,32.27831853458747,0.08034118,0.08034118,0.0,0.0,0.08034118,0.0,0.0,0.0,0.04865536959737696,0.0,0.04865536959737696,0.0 
 07/21  11:57:00,33.4,19.59719142992603,32.27875014379582,19.59719142992603,0.0,12435.802188140064,32.27875014379582,0.0,0.0,0.08034118,17.1,0.0,32.27853473676027,0.08034118,0.08034118,0.0,0.0,0.08034118,0.0,0.0,0.0,0.04865536959737696,0.0,0.04865536959737696,0.0 
 07/21  11:58:00,33.4,19.59088527827744,32.27896475646858,19.59088527827744,0.0,12404.2610625013,32.27896475646858,0.0,0.0,0.08034118,17.1,0.0,32.27875014379582,0.08034118,0.08034118,0.0,0.0,0.08034118,0.0,0.0,0.0,0.04865536959737696,0.0,0.04865536959737696,0.0 
 07/21  11:59:00,33.4,19.584618509168983,32.2791785813815,19.584618509168983,0.0,12372.917762066272,32.2791785813815,0.0,0.0,0.08034118,17.1,0.0,32.27896475646858,0.08034118,0.08034118,0.0,0.0,0.08034118,0.0,0.0,0.0,0.04865536959737696,0.0,0.04865536959737696,0.0 
 07/21  12:00:00,33.4,19.578395564344124,32.2793916179847,19.578395564344124,0.0,12341.794247240487,32.2793916179847,0.0,0.0,0.08034118,17.1,0.0,32.2791785813815,0.08034118,0.08034118,0.0,0.0,0.08034118,0.0,0.0,0.0,0.04865536959737696,0.0,0.04865536959737696,0.0,49104000.0 
 07/21  12:01:00,33.4,19.572211436845375,32.27960387453242,19.572211436845375,0.0,12310.86571310695,32.27960387453242,0.0,0.0,0.08034118,17.1,0.0,32.2793916179847,0.08034118,0.08034118,0.0,0.0,0.08034118,0.0,0.0,0.0,0.04865536959737696,0.0,0.04865536959737696,0.0 
 07/21  12:02:00,33.4,19.56607050112004,32.279815350134335,19.56607050112004,0.0,12280.153805953605,32.279815350134335,0.0,0.0,0.08034118,17.1,0.0,32.27960387453242,0.08034118,0.08034118,0.0,0.0,0.08034118,0.0,0.0,0.0,0.04865536959737696,0.0,0.04865536959737696,0.0 
 07/21  12:03:00,33.4,19.55996782548723,32.28002605162484,19.55996782548723,0.0,12249.634014454827,32.28002605162484,0.0,0.0,0.08034118,17.1,0.0,32.279815350134335,0.08034118,0.08034118,0.0,0.0,0.08034118,0.0,0.0,0.0,0.04865536959737696,0.0,0.04865536959737696,0.0 
 07/21  12:04:00,33.4,19.553907720392054,32.28023597984806,19.553907720392054,0.0,12219.327727921467,32.28023597984806,0.0,0.0,0.08034118,17.1,0.0,32.28002605162484,0.08034118,0.08034118,0.0,0.0,0.08034118,0.0,0.0,0.0,0.04865536959737696,0.0,0.04865536959737696,0.0 
 07/21  12:05:00,33.4,19.547885325123474,32.2804451411287,19.547885325123474,0.0,12189.210809078028,32.2804451411287,0.0,0.0,0.08034118,17.1,0.0,32.28023597984806,0.08034118,0.08034118,0.0,0.0,0.08034118,0.0,0.0,0.0,0.04865536959737696,0.0,0.04865536959737696,0.0 
 07/21  12:06:00,33.4,19.541904887754523,32.28065353494218,19.541904887754523,0.0,12159.304276337258,32.28065353494218,0.0,0.0,0.08034118,17.1,0.0,32.2804451411287,0.08034118,0.08034118,0.0,0.0,0.08034118,0.0,0.0,0.0,0.04865536959737696,0.0,0.04865536959737696,0.0 
 07/21  12:07:00,33.4,19.53596162002571,32.28086116932841,19.53596162002571,0.0,12129.5843739404,32.28086116932841,0.0,0.0,0.08034118,17.1,0.0,32.28065353494218,0.08034118,0.08034118,0.0,0.0,0.08034118,0.0,0.0,0.0,0.04865536959737696,0.0,0.04865536959737696,0.0 
 07/21  12:08:00,33.4,19.53005970760466,32.28106804341207,19.53005970760466,0.0,12100.071830250254,32.28106804341207,0.0,0.0,0.08034118,17.1,0.0,32.28086116932841,0.08034118,0.08034118,0.0,0.0,0.08034118,0.0,0.0,0.0,0.04865536959737696,0.0,0.04865536959737696,0.0 
 07/21  12:09:00,33.4,19.524194432576277,32.281274163772245,19.524194432576277,0.0,12070.743220055461,32.281274163772245,0.0,0.0,0.08034118,17.1,0.0,32.28106804341207,0.08034118,0.08034118,0.0,0.0,0.08034118,0.0,0.0,0.0,0.04865536959737696,0.0,0.04865536959737696,0.0 
 07/21  12:10:00,33.4,19.518369919168748,32.28147953132241,19.518369919168748,0.0,12041.618986256635,32.28147953132241,0.0,0.0,0.08034118,17.1,0.0,32.281274163772245,0.08034118,0.08034118,0.0,0.0,0.08034118,0.0,0.0,0.0,0.04865536959737696,0.0,0.04865536959737696,0.0 
 07/21  12:11:00,33.4,19.512581518157017,32.281684152124505,19.512581518157017,0.0,12012.676045986733,32.281684152124505,0.0,0.0,0.08034118,17.1,0.0,32.28147953132241,0.08034118,0.08034118,0.0,0.0,0.08034118,0.0,0.0,0.0,0.04865536959737696,0.0,0.04865536959737696,0.0 
 07/21  12:12:00,33.4,19.50683329515751,32.2818880256791,19.50683329515751,0.0,11983.934511036237,32.2818880256791,0.0,0.0,0.08034118,17.1,0.0,32.281684152124505,0.08034118,0.08034118,0.0,0.0,0.08034118,0.0,0.0,0.0,0.04865536959737696,0.0,0.04865536959737696,0.0 
 07/21  12:13:00,33.4,19.50112066912777,32.282091159819586,19.50112066912777,0.0,11955.371678115247,32.282091159819586,0.0,0.0,0.08034118,17.1,0.0,32.2818880256791,0.08034118,0.08034118,0.0,0.0,0.08034118,0.0,0.0,0.0,0.04865536959737696,0.0,0.04865536959737696,0.0 
 07/21  12:14:00,33.4,19.495447646075156,32.28229355368364,19.495447646075156,0.0,11927.007362720375,32.28229355368364,0.0,0.0,0.08034118,17.1,0.0,32.282091159819586,0.08034118,0.08034118,0.0,0.0,0.08034118,0.0,0.0,0.0,0.04865536959737696,0.0,0.04865536959737696,0.0 
 07/21  12:15:00,33.4,19.489809712927624,32.28249521360407,19.489809712927624,0.0,11898.819160817988,32.28249521360407,0.0,0.0,0.08034118,17.1,0.0,32.28229355368364,0.08034118,0.08034118,0.0,0.0,0.08034118,0.0,0.0,0.0,0.04865536959737696,0.0,0.04865536959737696,0.0 
 07/21  12:16:00,33.4,19.48421081765978,32.28269614055559,19.48421081765978,0.0,11870.826638918206,32.28269614055559,0.0,0.0,0.08034118,17.1,0.0,32.28249521360407,0.08034118,0.08034118,0.0,0.0,0.08034118,0.0,0.0,0.0,0.04865536959737696,0.0,0.04865536959737696,0.0 
 07/21  12:17:00,33.4,19.47864651234577,32.28289634034567,19.47864651234577,0.0,11843.007717619752,32.28289634034567,0.0,0.0,0.08034118,17.1,0.0,32.28269614055559,0.08034118,0.08034118,0.0,0.0,0.08034118,0.0,0.0,0.0,0.04865536959737696,0.0,0.04865536959737696,0.0 
 07/21  12:18:00,33.4,19.47312068741151,32.28309581249426,19.47312068741151,0.0,11815.38167718862,32.28309581249426,0.0,0.0,0.08034118,17.1,0.0,32.28289634034567,0.08034118,0.08034118,0.0,0.0,0.08034118,0.0,0.0,0.0,0.04865536959737696,0.0,0.04865536959737696,0.0 
 07/21  12:19:00,33.4,19.46762896107214,32.283294564631895,19.46762896107214,0.0,11787.926728958018,32.283294564631895,0.0,0.0,0.08034118,17.1,0.0,32.28309581249426,0.08034118,0.08034118,0.0,0.0,0.08034118,0.0,0.0,0.0,0.04865536959737696,0.0,0.04865536959737696,0.0 
 07/21  12:20:00,33.4,19.46217516789496,32.283492595904434,19.46217516789496,0.0,11760.661914405891,32.283492595904434,0.0,0.0,0.08034118,17.1,0.0,32.283294564631895,0.08034118,0.08034118,0.0,0.0,0.08034118,0.0,0.0,0.0,0.04865536959737696,0.0,0.04865536959737696,0.0 
 07/21  12:21:00,33.4,19.45675498916639,32.283689912406466,19.45675498916639,0.0,11733.565759332436,32.283689912406466,0.0,0.0,0.08034118,17.1,0.0,32.283492595904434,0.08034118,0.08034118,0.0,0.0,0.08034118,0.0,0.0,0.0,0.04865536959737696,0.0,0.04865536959737696,0.0 
 07/21  12:22:00,33.4,19.451372204562404,32.283886515167936,19.451372204562404,0.0,11706.657012738951,32.283886515167936,0.0,0.0,0.08034118,17.1,0.0,32.283689912406466,0.08034118,0.08034118,0.0,0.0,0.08034118,0.0,0.0,0.0,0.04865536959737696,0.0,0.04865536959737696,0.0 
 07/21  12:23:00,33.4,19.446022557849787,32.284082409754994,19.446022557849787,0.0,11679.914531295912,32.284082409754994,0.0,0.0,0.08034118,17.1,0.0,32.283886515167936,0.08034118,0.08034118,0.0,0.0,0.08034118,0.0,0.0,0.0,0.04865536959737696,0.0,0.04865536959737696,0.0 
 07/21  12:24:00,33.4,19.440709775729285,32.28427759571091,19.440709775729285,0.0,11653.356762106447,32.28427759571091,0.0,0.0,0.08034118,17.1,0.0,32.284082409754994,0.08034118,0.08034118,0.0,0.0,0.08034118,0.0,0.0,0.0,0.04865536959737696,0.0,0.04865536959737696,0.0 
 07/21  12:25:00,33.4,19.435429663484406,32.28447208048226,19.435429663484406,0.0,11626.962906956218,32.28447208048226,0.0,0.0,0.08034118,17.1,0.0,32.28427759571091,0.08034118,0.08034118,0.0,0.0,0.08034118,0.0,0.0,0.0,0.04865536959737696,0.0,0.04865536959737696,0.0 
 07/21  12:26:00,33.4,19.430185892961322,32.28466586324007,19.430185892961322,0.0,11600.75115929284,32.28466586324007,0.0,0.0,0.08034118,17.1,0.0,32.28447208048226,0.08034118,0.08034118,0.0,0.0,0.08034118,0.0,0.0,0.0,0.04865536959737696,0.0,0.04865536959737696,0.0 
 07/21  12:27:00,33.4,19.424974330897083,32.28485894987652,19.424974330897083,0.0,11574.700969753208,32.28485894987652,0.0,0.0,0.08034118,17.1,0.0,32.28466586324007,0.08034118,0.08034118,0.0,0.0,0.08034118,0.0,0.0,0.0,0.04865536959737696,0.0,0.04865536959737696,0.0 
 07/21  12:28:00,33.4,19.419798597759424,32.2850513415054,19.419798597759424,0.0,11548.830295534617,32.2850513415054,0.0,0.0,0.08034118,17.1,0.0,32.28485894987652,0.08034118,0.08034118,0.0,0.0,0.08034118,0.0,0.0,0.0,0.04865536959737696,0.0,0.04865536959737696,0.0 
 07/21  12:29:00,33.4,19.41465461882001,32.285243043502426,19.41465461882001,0.0,11523.118917063302,32.285243043502426,0.0,0.0,0.08034118,17.1,0.0,32.2850513415054,0.08034118,0.08034118,0.0,0.0,0.08034118,0.0,0.0,0.0,0.04865536959737696,0.0,0.04865536959737696,0.0 
 07/21  12:30:00,33.4,19.409545962916027,32.285434055477786,19.409545962916027,0.0,11497.584496777657,32.285434055477786,0.0,0.0,0.08034118,17.1,0.0,32.285243043502426,0.08034118,0.08034118,0.0,0.0,0.08034118,0.0,0.0,0.0,0.04865536959737696,0.0,0.04865536959737696,0.0 
 07/21  12:31:00,33.4,19.404468613836904,32.28562438474895,19.404468613836904,0.0,11472.207125581357,32.28562438474895,0.0,0.0,0.08034118,17.1,0.0,32.285434055477786,0.08034118,0.08034118,0.0,0.0,0.08034118,0.0,0.0,0.0,0.04865536959737696,0.0,0.04865536959737696,0.0 
 07/21  12:32:00,33.4,19.399426090283335,32.285814030559656,19.399426090283335,0.0,11447.004197898783,32.285814030559656,0.0,0.0,0.08034118,17.1,0.0,32.28562438474895,0.08034118,0.08034118,0.0,0.0,0.08034118,0.0,0.0,0.0,0.04865536959737696,0.0,0.04865536959737696,0.0 
 07/21  12:33:00,33.4,19.394414435169235,32.28600299865476,19.394414435169235,0.0,11421.956080453143,32.28600299865476,0.0,0.0,0.08034118,17.1,0.0,32.285814030559656,0.08034118,0.08034118,0.0,0.0,0.08034118,0.0,0.0,0.0,0.04865536959737696,0.0,0.04865536959737696,0.0 
 07/21  12:34:00,33.4,19.38943711629649,32.28619129026819,19.38943711629649,0.0,11397.079971084131,32.28619129026819,0.0,0.0,0.08034118,17.1,0.0,32.28600299865476,0.08034118,0.08034118,0.0,0.0,0.08034118,0.0,0.0,0.0,0.04865536959737696,0.0,0.04865536959737696,0.0 
 07/21  12:35:00,33.4,19.384490232223094,32.28637891062888,19.384490232223094,0.0,11372.356494898613,32.28637891062888,0.0,0.0,0.08034118,17.1,0.0,32.28619129026819,0.08034118,0.08034118,0.0,0.0,0.08034118,0.0,0.0,0.0,0.04865536959737696,0.0,0.04865536959737696,0.0 
 07/21  12:36:00,33.4,19.379577202043606,32.286565859437985,19.379577202043606,0.0,11347.802588836885,32.286565859437985,0.0,0.0,0.08034118,17.1,0.0,32.28637891062888,0.08034118,0.08034118,0.0,0.0,0.08034118,0.0,0.0,0.0,0.04865536959737696,0.0,0.04865536959737696,0.0 
 07/21  12:37:00,33.4,19.374694180983145,32.28675214390627,19.374694180983145,0.0,11323.399160480067,32.28675214390627,0.0,0.0,0.08034118,17.1,0.0,32.286565859437985,0.08034118,0.08034118,0.0,0.0,0.08034118,0.0,0.0,0.0,0.04865536959737696,0.0,0.04865536959737696,0.0 
 07/21  12:38:00,33.4,19.369844539751913,32.28693776335728,19.369844539751913,0.0,11299.162924813381,32.28693776335728,0.0,0.0,0.08034118,17.1,0.0,32.28675214390627,0.08034118,0.08034118,0.0,0.0,0.08034118,0.0,0.0,0.0,0.04865536959737696,0.0,0.04865536959737696,0.0 
 07/21  12:39:00,33.4,19.365024487896598,32.28712272339616,19.365024487896598,0.0,11275.075060063109,32.28712272339616,0.0,0.0,0.08034118,17.1,0.0,32.28693776335728,0.08034118,0.08034118,0.0,0.0,0.08034118,0.0,0.0,0.0,0.04865536959737696,0.0,0.04865536959737696,0.0 
 07/21  12:40:00,33.4,19.360237349732888,32.28730702536379,19.360237349732888,0.0,11251.152013590741,32.28730702536379,0.0,0.0,0.08034118,17.1,0.0,32.28712272339616,0.08034118,0.08034118,0.0,0.0,0.08034118,0.0,0.0,0.0,0.04865536959737696,0.0,0.04865536959737696,0.0 
 07/21  12:41:00,33.4,19.35547938803964,32.28749067433574,19.35547938803964,0.0,11227.375284226,32.28749067433574,0.0,0.0,0.08034118,17.1,0.0,32.28730702536379,0.08034118,0.08034118,0.0,0.0,0.08034118,0.0,0.0,0.0,0.04865536959737696,0.0,0.04865536959737696,0.0 
 07/21  12:42:00,33.4,19.350753879684955,32.287673670081105,19.350753879684955,0.0,11203.761065019398,32.287673670081105,0.0,0.0,0.08034118,17.1,0.0,32.28749067433574,0.08034118,0.08034118,0.0,0.0,0.08034118,0.0,0.0,0.0,0.04865536959737696,0.0,0.04865536959737696,0.0 
 07/21  12:43:00,33.4,19.346057141817855,32.28785601968268,19.346057141817855,0.0,11180.29108881603,32.28785601968268,0.0,0.0,0.08034118,17.1,0.0,32.287673670081105,0.08034118,0.08034118,0.0,0.0,0.08034118,0.0,0.0,0.0,0.04865536959737696,0.0,0.04865536959737696,0.0 
 07/21  12:44:00,33.4,19.341392405569806,32.28803772251285,19.341392405569806,0.0,11156.981358179482,32.28803772251285,0.0,0.0,0.08034118,17.1,0.0,32.28785601968268,0.08034118,0.08034118,0.0,0.0,0.08034118,0.0,0.0,0.0,0.04865536959737696,0.0,0.04865536959737696,0.0 
 07/21  12:45:00,33.4,19.336756040530037,32.28821878401228,19.336756040530037,0.0,11133.81384889954,32.28821878401228,0.0,0.0,0.08034118,17.1,0.0,32.28803772251285,0.08034118,0.08034118,0.0,0.0,0.08034118,0.0,0.0,0.0,0.04865536959737696,0.0,0.04865536959737696,0.0 
 07/21  12:46:00,33.4,19.332151231402847,32.28839920558984,19.332151231402847,0.0,11110.804369140169,32.28839920558984,0.0,0.0,0.08034118,17.1,0.0,32.28821878401228,0.08034118,0.08034118,0.0,0.0,0.08034118,0.0,0.0,0.0,0.04865536959737696,0.0,0.04865536959737696,0.0 
 07/21  12:47:00,33.4,19.32757439924948,32.28857899214119,19.32757439924948,0.0,11087.935114727174,32.28857899214119,0.0,0.0,0.08034118,17.1,0.0,32.28839920558984,0.08034118,0.08034118,0.0,0.0,0.08034118,0.0,0.0,0.0,0.04865536959737696,0.0,0.04865536959737696,0.0 
 07/21  12:48:00,33.4,19.32302868510129,32.288758143466325,19.32302868510129,0.0,11065.221676640967,32.288758143466325,0.0,0.0,0.08034118,17.1,0.0,32.28857899214119,0.08034118,0.08034118,0.0,0.0,0.08034118,0.0,0.0,0.0,0.04865536959737696,0.0,0.04865536959737696,0.0 
 07/21  12:49:00,33.4,19.318510559802984,32.28893666649046,19.318510559802984,0.0,11042.64653506103,32.28893666649046,0.0,0.0,0.08034118,17.1,0.0,32.288758143466325,0.08034118,0.08034118,0.0,0.0,0.08034118,0.0,0.0,0.0,0.04865536959737696,0.0,0.04865536959737696,0.0 
 07/21  12:50:00,33.4,19.314023121543965,32.289114560600034,19.314023121543965,0.0,11020.225013684707,32.289114560600034,0.0,0.0,0.08034118,17.1,0.0,32.28893666649046,0.08034118,0.08034118,0.0,0.0,0.08034118,0.0,0.0,0.0,0.04865536959737696,0.0,0.04865536959737696,0.0 
 07/21  12:51:00,33.4,19.30956289100659,32.28929183104651,19.30956289100659,0.0,10997.939877092294,32.28929183104651,0.0,0.0,0.08034118,17.1,0.0,32.289114560600034,0.08034118,0.08034118,0.0,0.0,0.08034118,0.0,0.0,0.0,0.04865536959737696,0.0,0.04865536959737696,0.0 
 07/21  12:52:00,33.4,19.305132922805104,32.28946847927144,19.305132922805104,0.0,10975.806232410301,32.28946847927144,0.0,0.0,0.08034118,17.1,0.0,32.28929183104651,0.08034118,0.08034118,0.0,0.0,0.08034118,0.0,0.0,0.0,0.04865536959737696,0.0,0.04865536959737696,0.0 
 07/21  12:53:00,33.4,19.30072978681966,32.28964450996938,19.30072978681966,0.0,10953.80707122722,32.28964450996938,0.0,0.0,0.08034118,17.1,0.0,32.28946847927144,0.08034118,0.08034118,0.0,0.0,0.08034118,0.0,0.0,0.0,0.04865536959737696,0.0,0.04865536959737696,0.0 
 07/21  12:54:00,33.4,19.296356495135093,32.289819922941575,19.296356495135093,0.0,10931.957307259372,32.289819922941575,0.0,0.0,0.08034118,17.1,0.0,32.28964450996938,0.08034118,0.08034118,0.0,0.0,0.08034118,0.0,0.0,0.0,0.04865536959737696,0.0,0.04865536959737696,0.0 
 07/21  12:55:00,33.4,19.29200966615754,32.28999472493443,19.29200966615754,0.0,10910.240155910114,32.28999472493443,0.0,0.0,0.08034118,17.1,0.0,32.289819922941575,0.08034118,0.08034118,0.0,0.0,0.08034118,0.0,0.0,0.0,0.04865536959737696,0.0,0.04865536959737696,0.0 
 07/21  12:56:00,33.4,19.2876922700654,32.29016891532244,19.2876922700654,0.0,10888.670340424696,32.29016891532244,0.0,0.0,0.08034118,17.1,0.0,32.28999472493443,0.08034118,0.08034118,0.0,0.0,0.08034118,0.0,0.0,0.0,0.04865536959737696,0.0,0.04865536959737696,0.0 
 07/21  12:57:00,33.4,19.283400972213894,32.29034249915234,19.283400972213894,0.0,10867.231310036146,32.29034249915234,0.0,0.0,0.08034118,17.1,0.0,32.29016891532244,0.08034118,0.08034118,0.0,0.0,0.08034118,0.0,0.0,0.0,0.04865536959737696,0.0,0.04865536959737696,0.0 
 07/21  12:58:00,33.4,19.279138702146714,32.290515477872844,19.279138702146714,0.0,10845.93756821936,32.290515477872844,0.0,0.0,0.08034118,17.1,0.0,32.29034249915234,0.08034118,0.08034118,0.0,0.0,0.08034118,0.0,0.0,0.0,0.04865536959737696,0.0,0.04865536959737696,0.0 
 07/21  12:59:00,33.4,19.274902171801585,32.290687855965885,19.274902171801585,0.0,10824.772813957046,32.290687855965885,0.0,0.0,0.08034118,17.1,0.0,32.290515477872844,0.08034118,0.08034118,0.0,0.0,0.08034118,0.0,0.0,0.0,0.04865536959737696,0.0,0.04865536959737696,0.0 
 07/21  13:00:00,33.4,19.270694270711108,32.290859633214296,19.270694270711108,0.0,10803.7513342139,32.290859633214296,0.0,0.0,0.08034118,17.1,0.0,32.290687855965885,0.08034118,0.08034118,0.0,0.0,0.08034118,0.0,0.0,0.0,0.04865536959737696,0.0,0.04865536959737696,0.0,49104000.0 
 07/21  13:01:00,33.4,19.266511756490484,32.291030816174995,19.266511756490484,0.0,10782.857073051255,32.291030816174995,0.0,0.0,0.08034118,17.1,0.0,32.290859633214296,0.08034118,0.08034118,0.0,0.0,0.08034118,0.0,0.0,0.0,0.04865536959737696,0.0,0.04865536959737696,0.0 
 07/21  13:02:00,33.4,19.26235747845866,32.29120140419513,19.26235747845866,0.0,10762.10411759228,32.29120140419513,0.0,0.0,0.08034118,17.1,0.0,32.291030816174995,0.08034118,0.08034118,0.0,0.0,0.08034118,0.0,0.0,0.0,0.04865536959737696,0.0,0.04865536959737696,0.0 
 07/21  13:03:00,33.4,19.25822823978375,32.29137140211183,19.25822823978375,0.0,10741.476621108968,32.29137140211183,0.0,0.0,0.08034118,17.1,0.0,32.29120140419513,0.08034118,0.08034118,0.0,0.0,0.08034118,0.0,0.0,0.0,0.04865536959737696,0.0,0.04865536959737696,0.0 
 07/21  13:04:00,33.4,19.254126850589323,32.29154081136657,19.254126850589323,0.0,10720.988493512414,32.29154081136657,0.0,0.0,0.08034118,17.1,0.0,32.29137140211183,0.08034118,0.08034118,0.0,0.0,0.08034118,0.0,0.0,0.0,0.04865536959737696,0.0,0.04865536959737696,0.0 
 07/21  13:05:00,33.4,19.250050158154625,32.29170963622772,19.250050158154625,0.0,10700.62410766267,32.29170963622772,0.0,0.0,0.08034118,17.1,0.0,32.29154081136657,0.08034118,0.08034118,0.0,0.0,0.08034118,0.0,0.0,0.0,0.04865536959737696,0.0,0.04865536959737696,0.0 
 07/21  13:06:00,33.4,19.24600093450049,32.29187787645061,19.24600093450049,0.0,10680.397166685558,32.29187787645061,0.0,0.0,0.08034118,17.1,0.0,32.29170963622772,0.08034118,0.08034118,0.0,0.0,0.08034118,0.0,0.0,0.0,0.04865536959737696,0.0,0.04865536959737696,0.0 
 07/21  13:07:00,33.4,19.241976071298247,32.29204553840219,19.241976071298247,0.0,10660.292264529771,32.29204553840219,0.0,0.0,0.08034118,17.1,0.0,32.29187787645061,0.08034118,0.08034118,0.0,0.0,0.08034118,0.0,0.0,0.0,0.04865536959737696,0.0,0.04865536959737696,0.0 
 07/21  13:08:00,33.4,19.23797830165238,32.29221262139636,19.23797830165238,0.0,10640.32294564745,32.29221262139636,0.0,0.0,0.08034118,17.1,0.0,32.29204553840219,0.08034118,0.08034118,0.0,0.0,0.08034118,0.0,0.0,0.0,0.04865536959737696,0.0,0.04865536959737696,0.0 
 07/21  13:09:00,33.4,19.234004560312755,32.29237913006439,19.234004560312755,0.0,10620.473983779057,32.29237913006439,0.0,0.0,0.08034118,17.1,0.0,32.29221262139636,0.08034118,0.08034118,0.0,0.0,0.08034118,0.0,0.0,0.0,0.04865536959737696,0.0,0.04865536959737696,0.0 
 07/21  13:10:00,33.4,19.230057543703825,32.29254506583434,19.230057543703825,0.0,10600.75874108301,32.29254506583434,0.0,0.0,0.08034118,17.1,0.0,32.29237913006439,0.08034118,0.08034118,0.0,0.0,0.08034118,0.0,0.0,0.0,0.04865536959737696,0.0,0.04865536959737696,0.0 
 07/21  13:11:00,33.4,19.226134228836834,32.29271043276691,19.226134228836834,0.0,10581.162219102698,32.29271043276691,0.0,0.0,0.08034118,17.1,0.0,32.29254506583434,0.08034118,0.08034118,0.0,0.0,0.08034118,0.0,0.0,0.0,0.04865536959737696,0.0,0.04865536959737696,0.0 
 07/21  13:12:00,33.4,19.222237274874715,32.29287523058702,19.222237274874715,0.0,10561.69759470049,32.29287523058702,0.0,0.0,0.08034118,17.1,0.0,32.29271043276691,0.08034118,0.08034118,0.0,0.0,0.08034118,0.0,0.0,0.0,0.04865536959737696,0.0,0.04865536959737696,0.0 
 07/21  13:13:00,33.4,19.218363700149496,32.293039465476284,19.218363700149496,0.0,10542.350075159511,32.293039465476284,0.0,0.0,0.08034118,17.1,0.0,32.29287523058702,0.08034118,0.08034118,0.0,0.0,0.08034118,0.0,0.0,0.0,0.04865536959737696,0.0,0.04865536959737696,0.0 
 07/21  13:14:00,33.4,19.21451612815339,32.2932031367138,19.21451612815339,0.0,10523.132642876762,32.2932031367138,0.0,0.0,0.08034118,17.1,0.0,32.293039465476284,0.08034118,0.08034118,0.0,0.0,0.08034118,0.0,0.0,0.0,0.04865536959737696,0.0,0.04865536959737696,0.0 
 07/21  13:15:00,33.4,19.21069161832536,32.29336624873215,19.21069161832536,0.0,10504.030726961264,32.29336624873215,0.0,0.0,0.08034118,17.1,0.0,32.2932031367138,0.08034118,0.08034118,0.0,0.0,0.08034118,0.0,0.0,0.0,0.04865536959737696,0.0,0.04865536959737696,0.0 
 07/21  13:16:00,33.4,19.206892758207008,32.29352880294297,19.206892758207008,0.0,10485.05713111087,32.29352880294297,0.0,0.0,0.08034118,17.1,0.0,32.29336624873215,0.08034118,0.08034118,0.0,0.0,0.08034118,0.0,0.0,0.0,0.04865536959737696,0.0,0.04865536959737696,0.0 
 07/21  13:17:00,33.4,19.203116648763682,32.29369080320734,19.203116648763682,0.0,10466.197457141643,32.29369080320734,0.0,0.0,0.08034118,17.1,0.0,32.29352880294297,0.08034118,0.08034118,0.0,0.0,0.08034118,0.0,0.0,0.0,0.04865536959737696,0.0,0.04865536959737696,0.0 
 07/21  13:18:00,33.4,19.19936584173326,32.293852249219086,19.19936584173326,0.0,10447.464381841864,32.293852249219086,0.0,0.0,0.08034118,17.1,0.0,32.29369080320734,0.08034118,0.08034118,0.0,0.0,0.08034118,0.0,0.0,0.0,0.04865536959737696,0.0,0.04865536959737696,0.0 
 07/21  13:19:00,33.4,19.19563747714624,32.294013146980994,19.19563747714624,0.0,10428.843684566045,32.294013146980994,0.0,0.0,0.08034118,17.1,0.0,32.293852249219086,0.08034118,0.08034118,0.0,0.0,0.08034118,0.0,0.0,0.0,0.04865536959737696,0.0,0.04865536959737696,0.0 
 07/21  13:20:00,33.4,19.191934073284305,32.29417349573784,19.191934073284305,0.0,10410.347841845665,32.29417349573784,0.0,0.0,0.08034118,17.1,0.0,32.294013146980994,0.08034118,0.08034118,0.0,0.0,0.08034118,0.0,0.0,0.0,0.04865536959737696,0.0,0.04865536959737696,0.0 
 07/21  13:21:00,33.4,19.188252808830153,32.29433329973234,19.188252808830153,0.0,10391.962876350612,32.29433329973234,0.0,0.0,0.08034118,17.1,0.0,32.29417349573784,0.08034118,0.08034118,0.0,0.0,0.08034118,0.0,0.0,0.0,0.04865536959737696,0.0,0.04865536959737696,0.0 
 07/21  13:22:00,33.4,19.184596167411385,32.29449256035913,19.184596167411385,0.0,10373.701075380373,32.29449256035913,0.0,0.0,0.08034118,17.1,0.0,32.29433329973234,0.08034118,0.08034118,0.0,0.0,0.08034118,0.0,0.0,0.0,0.04865536959737696,0.0,0.04865536959737696,0.0 
 07/21  13:23:00,33.4,19.180961366745073,32.294651281289845,19.180961366745073,0.0,10355.548639076245,32.294651281289845,0.0,0.0,0.08034118,17.1,0.0,32.29449256035913,0.08034118,0.08034118,0.0,0.0,0.08034118,0.0,0.0,0.0,0.04865536959737696,0.0,0.04865536959737696,0.0 
 07/21  13:24:00,33.4,19.177350857700503,32.294809462189264,19.177350857700503,0.0,10337.51769202383,32.294809462189264,0.0,0.0,0.08034118,17.1,0.0,32.294651281289845,0.08034118,0.08034118,0.0,0.0,0.08034118,0.0,0.0,0.0,0.04865536959737696,0.0,0.04865536959737696,0.0 
 07/21  13:25:00,33.4,19.173761895810664,32.29496710889062,19.173761895810664,0.0,10319.594639432953,32.29496710889062,0.0,0.0,0.08034118,17.1,0.0,32.294809462189264,0.08034118,0.08034118,0.0,0.0,0.08034118,0.0,0.0,0.0,0.04865536959737696,0.0,0.04865536959737696,0.0 
 07/21  13:26:00,33.4,19.170196897673172,32.29512422060783,19.170196897673172,0.0,10301.791452232146,32.29512422060783,0.0,0.0,0.08034118,17.1,0.0,32.29496710889062,0.08034118,0.08034118,0.0,0.0,0.08034118,0.0,0.0,0.0,0.04865536959737696,0.0,0.04865536959737696,0.0 
 07/21  13:27:00,33.4,19.166653156411307,32.29528080140543,19.166653156411307,0.0,10284.094689281115,32.29528080140543,0.0,0.0,0.08034118,17.1,0.0,32.29512422060783,0.08034118,0.08034118,0.0,0.0,0.08034118,0.0,0.0,0.0,0.04865536959737696,0.0,0.04865536959737696,0.0 
 07/21  13:28:00,33.4,19.163133056978513,32.295436852663656,19.163133056978513,0.0,10266.516164271947,32.295436852663656,0.0,0.0,0.08034118,17.1,0.0,32.29528080140543,0.08034118,0.08034118,0.0,0.0,0.08034118,0.0,0.0,0.0,0.04865536959737696,0.0,0.04865536959737696,0.0 
 07/21  13:29:00,33.4,19.159633929356048,32.295592377877306,19.159633929356048,0.0,10249.042636286804,32.295592377877306,0.0,0.0,0.08034118,17.1,0.0,32.295436852663656,0.08034118,0.08034118,0.0,0.0,0.08034118,0.0,0.0,0.0,0.04865536959737696,0.0,0.04865536959737696,0.0 
 07/21  13:30:00,33.4,19.156158126011775,32.29574737668662,19.156158126011775,0.0,10231.685757497911,32.29574737668662,0.0,0.0,0.08034118,17.1,0.0,32.295592377877306,0.08034118,0.08034118,0.0,0.0,0.08034118,0.0,0.0,0.0,0.04865536959737696,0.0,0.04865536959737696,0.0 
 07/21  13:31:00,33.4,19.152703013479627,32.29590185476614,19.152703013479627,0.0,10214.43245240328,32.29590185476614,0.0,0.0,0.08034118,17.1,0.0,32.29574737668662,0.08034118,0.08034118,0.0,0.0,0.08034118,0.0,0.0,0.0,0.04865536959737696,0.0,0.04865536959737696,0.0 
 07/21  13:32:00,33.4,19.14927091255498,32.296055811303674,19.14927091255498,0.0,10197.294232294404,32.296055811303674,0.0,0.0,0.08034118,17.1,0.0,32.29590185476614,0.08034118,0.08034118,0.0,0.0,0.08034118,0.0,0.0,0.0,0.04865536959737696,0.0,0.04865536959737696,0.0 
 07/21  13:33:00,33.4,19.14585922515034,32.296209250197215,19.14585922515034,0.0,10180.258197828065,32.296209250197215,0.0,0.0,0.08034118,17.1,0.0,32.296055811303674,0.08034118,0.08034118,0.0,0.0,0.08034118,0.0,0.0,0.0,0.04865536959737696,0.0,0.04865536959737696,0.0 
 07/21  13:34:00,33.4,19.142470240698245,32.2963621728148,19.142470240698245,0.0,10163.335704302708,32.2963621728148,0.0,0.0,0.08034118,17.1,0.0,32.296209250197215,0.08034118,0.08034118,0.0,0.0,0.08034118,0.0,0.0,0.0,0.04865536959737696,0.0,0.04865536959737696,0.0 
 07/21  13:35:00,33.4,19.13910139683337,32.29651458248537,19.13910139683337,0.0,10146.514013830338,32.29651458248537,0.0,0.0,0.08034118,17.1,0.0,32.2963621728148,0.08034118,0.08034118,0.0,0.0,0.08034118,0.0,0.0,0.0,0.04865536959737696,0.0,0.04865536959737696,0.0 
 07/21  13:36:00,33.4,19.13575495240019,32.29666647882714,19.13575495240019,0.0,10129.80434604121,32.29666647882714,0.0,0.0,0.08034118,17.1,0.0,32.29651458248537,0.08034118,0.08034118,0.0,0.0,0.08034118,0.0,0.0,0.0,0.04865536959737696,0.0,0.04865536959737696,0.0 
 07/21  13:37:00,33.4,19.132428379377924,32.29681786736398,19.132428379377924,0.0,10113.194134108322,32.29681786736398,0.0,0.0,0.08034118,17.1,0.0,32.29666647882714,0.08034118,0.08034118,0.0,0.0,0.08034118,0.0,0.0,0.0,0.04865536959737696,0.0,0.04865536959737696,0.0 
 07/21  13:38:00,33.4,19.12912390682444,32.296968747259534,19.12912390682444,0.0,10096.69443313739,32.296968747259534,0.0,0.0,0.08034118,17.1,0.0,32.29681786736398,0.08034118,0.08034118,0.0,0.0,0.08034118,0.0,0.0,0.0,0.04865536959737696,0.0,0.04865536959737696,0.0 
 07/21  13:39:00,33.4,19.12583904076892,32.297119122253925,19.12583904076892,0.0,10080.292862266775,32.297119122253925,0.0,0.0,0.08034118,17.1,0.0,32.296968747259534,0.08034118,0.08034118,0.0,0.0,0.08034118,0.0,0.0,0.0,0.04865536959737696,0.0,0.04865536959737696,0.0 
 07/21  13:40:00,33.4,19.12257598087446,32.297268993703035,19.12257598087446,0.0,10064.000314147088,32.297268993703035,0.0,0.0,0.08034118,17.1,0.0,32.297119122253925,0.08034118,0.08034118,0.0,0.0,0.08034118,0.0,0.0,0.0,0.04865536959737696,0.0,0.04865536959737696,0.0 
 07/21  13:41:00,33.4,19.119332265903065,32.29741836477877,19.119332265903065,0.0,10047.804603431714,32.29741836477877,0.0,0.0,0.08034118,17.1,0.0,32.297268993703035,0.08034118,0.08034118,0.0,0.0,0.08034118,0.0,0.0,0.0,0.04865536959737696,0.0,0.04865536959737696,0.0 
 07/21  13:42:00,33.4,19.11611006639825,32.297567235078986,19.11611006639825,0.0,10031.716445515503,32.297567235078986,0.0,0.0,0.08034118,17.1,0.0,32.29741836477877,0.08034118,0.08034118,0.0,0.0,0.08034118,0.0,0.0,0.0,0.04865536959737696,0.0,0.04865536959737696,0.0 
 07/21  13:43:00,33.4,19.112906954285478,32.297715609984664,19.112906954285478,0.0,10015.723836299498,32.297715609984664,0.0,0.0,0.08034118,17.1,0.0,32.297567235078986,0.08034118,0.08034118,0.0,0.0,0.08034118,0.0,0.0,0.0,0.04865536959737696,0.0,0.04865536959737696,0.0 
 07/21  13:44:00,33.4,19.109725071106165,32.29786348863807,19.109725071106165,0.0,9999.837347112352,32.29786348863807,0.0,0.0,0.08034118,17.1,0.0,32.297715609984664,0.08034118,0.08034118,0.0,0.0,0.08034118,0.0,0.0,0.0,0.04865536959737696,0.0,0.04865536959737696,0.0 
 07/21  13:45:00,33.4,19.106562021888898,32.29801087463105,19.106562021888898,0.0,9984.04512236707,32.29801087463105,0.0,0.0,0.08034118,17.1,0.0,32.29786348863807,0.08034118,0.08034118,0.0,0.0,0.08034118,0.0,0.0,0.0,0.04865536959737696,0.0,0.04865536959737696,0.0 
 07/21  13:46:00,33.4,19.103419919708507,32.29815776930925,19.103419919708507,0.0,9968.3576081615,32.29815776930925,0.0,0.0,0.08034118,17.1,0.0,32.29801087463105,0.08034118,0.08034118,0.0,0.0,0.08034118,0.0,0.0,0.0,0.04865536959737696,0.0,0.04865536959737696,0.0 
 07/21  13:47:00,33.4,19.100296402045277,32.29830417569782,19.100296402045277,0.0,9952.763094288339,32.29830417569782,0.0,0.0,0.08034118,17.1,0.0,32.29815776930925,0.08034118,0.08034118,0.0,0.0,0.08034118,0.0,0.0,0.0,0.04865536959737696,0.0,0.04865536959737696,0.0 
 07/21  13:48:00,33.4,19.097193553084672,32.29845009337759,19.097193553084672,0.0,9937.271915427267,32.29845009337759,0.0,0.0,0.08034118,17.1,0.0,32.29830417569782,0.08034118,0.08034118,0.0,0.0,0.08034118,0.0,0.0,0.0,0.04865536959737696,0.0,0.04865536959737696,0.0 
 07/21  13:49:00,33.4,19.094109042114063,32.29859552759511,19.094109042114063,0.0,9921.872487563933,32.29859552759511,0.0,0.0,0.08034118,17.1,0.0,32.29845009337759,0.08034118,0.08034118,0.0,0.0,0.08034118,0.0,0.0,0.0,0.04865536959737696,0.0,0.04865536959737696,0.0 
 07/21  13:50:00,33.4,19.091044925771623,32.298740477474446,19.091044925771623,0.0,9906.575024439362,32.298740477474446,0.0,0.0,0.08034118,17.1,0.0,32.29859552759511,0.08034118,0.08034118,0.0,0.0,0.08034118,0.0,0.0,0.0,0.04865536959737696,0.0,0.04865536959737696,0.0 
 07/21  13:51:00,33.4,19.08799890437976,32.298884946468164,19.08799890437976,0.0,9891.36809658713,32.298884946468164,0.0,0.0,0.08034118,17.1,0.0,32.298740477474446,0.08034118,0.08034118,0.0,0.0,0.08034118,0.0,0.0,0.0,0.04865536959737696,0.0,0.04865536959737696,0.0 
 07/21  13:52:00,33.4,19.08497300786217,32.29902893591266,19.08497300786217,0.0,9876.261768918845,32.29902893591266,0.0,0.0,0.08034118,17.1,0.0,32.298884946468164,0.08034118,0.08034118,0.0,0.0,0.08034118,0.0,0.0,0.0,0.04865536959737696,0.0,0.04865536959737696,0.0 
 07/21  13:53:00,33.4,19.081964967223396,32.299172448694826,19.081964967223396,0.0,9861.244780730372,32.299172448694826,0.0,0.0,0.08034118,17.1,0.0,32.29902893591266,0.08034118,0.08034118,0.0,0.0,0.08034118,0.0,0.0,0.0,0.04865536959737696,0.0,0.04865536959737696,0.0 
 07/21  13:54:00,33.4,19.078976785255517,32.29931548437996,19.078976785255517,0.0,9846.327062005485,32.29931548437996,0.0,0.0,0.08034118,17.1,0.0,32.299172448694826,0.08034118,0.08034118,0.0,0.0,0.08034118,0.0,0.0,0.0,0.04865536959737696,0.0,0.04865536959737696,0.0 
 07/21  13:55:00,33.4,19.076006222943068,32.29945804808672,19.076006222943068,0.0,9831.49750127344,32.29945804808672,0.0,0.0,0.08034118,17.1,0.0,32.29931548437996,0.08034118,0.08034118,0.0,0.0,0.08034118,0.0,0.0,0.0,0.04865536959737696,0.0,0.04865536959737696,0.0 
 07/21  13:56:00,33.4,19.073055257182315,32.29960013892261,19.073055257182315,0.0,9816.765883925196,32.29960013892261,0.0,0.0,0.08034118,17.1,0.0,32.29945804808672,0.08034118,0.08034118,0.0,0.0,0.08034118,0.0,0.0,0.0,0.04865536959737696,0.0,0.04865536959737696,0.0 
 07/21  13:57:00,33.4,19.070121679459085,32.299741760208406,19.070121679459085,0.0,9802.12125039142,32.299741760208406,0.0,0.0,0.08034118,17.1,0.0,32.29960013892261,0.08034118,0.08034118,0.0,0.0,0.08034118,0.0,0.0,0.0,0.04865536959737696,0.0,0.04865536959737696,0.0 
 07/21  13:58:00,33.4,19.06720743977211,32.29988291327186,19.06720743977211,0.0,9787.573283958518,32.29988291327186,0.0,0.0,0.08034118,17.1,0.0,32.299741760208406,0.08034118,0.08034118,0.0,0.0,0.08034118,0.0,0.0,0.0,0.04865536959737696,0.0,0.04865536959737696,0.0 
 07/21  13:59:00,33.4,19.064310357710585,32.30002360086968,19.064310357710585,0.0,9773.1111648658,32.30002360086968,0.0,0.0,0.08034118,17.1,0.0,32.29988291327186,0.08034118,0.08034118,0.0,0.0,0.08034118,0.0,0.0,0.0,0.04865536959737696,0.0,0.04865536959737696,0.0 
 07/21  14:00:00,33.4,19.06143235872552,32.30016382255383,19.06143235872552,0.0,9758.744407067588,32.30016382255383,0.0,0.0,0.08034118,17.1,0.0,32.30002360086968,0.08034118,0.08034118,0.0,0.0,0.08034118,0.0,0.0,0.0,0.04865536959737696,0.0,0.04865536959737696,0.0,49104000.0 
 07/21  14:01:00,33.4,19.05857129253171,32.3003035833222,19.05857129253171,0.0,9744.462356587741,32.3003035833222,0.0,0.0,0.08034118,17.1,0.0,32.30016382255383,0.08034118,0.08034118,0.0,0.0,0.08034118,0.0,0.0,0.0,0.04865536959737696,0.0,0.04865536959737696,0.0 
 07/21  14:02:00,33.4,19.05572905852271,32.300442882268655,19.05572905852271,0.0,9730.27442930072,32.300442882268655,0.0,0.0,0.08034118,17.1,0.0,32.3003035833222,0.08034118,0.08034118,0.0,0.0,0.08034118,0.0,0.0,0.0,0.04865536959737696,0.0,0.04865536959737696,0.0 
 07/21  14:03:00,33.4,19.05290353420357,32.30058172259072,19.05290353420357,0.0,9716.170093787954,32.30058172259072,0.0,0.0,0.08034118,17.1,0.0,32.300442882268655,0.08034118,0.08034118,0.0,0.0,0.08034118,0.0,0.0,0.0,0.04865536959737696,0.0,0.04865536959737696,0.0 
 07/21  14:04:00,33.4,19.050096594466893,32.30072010560928,19.050096594466893,0.0,9702.158628479123,32.30072010560928,0.0,0.0,0.08034118,17.1,0.0,32.30058172259072,0.08034118,0.08034118,0.0,0.0,0.08034118,0.0,0.0,0.0,0.04865536959737696,0.0,0.04865536959737696,0.0 
 07/21  14:05:00,33.4,19.047306145058023,32.30085803395957,19.047306145058023,0.0,9688.229658171753,32.30085803395957,0.0,0.0,0.08034118,17.1,0.0,32.30072010560928,0.08034118,0.08034118,0.0,0.0,0.08034118,0.0,0.0,0.0,0.04865536959737696,0.0,0.04865536959737696,0.0 
 07/21  14:06:00,33.4,19.044534036127587,32.300995507182925,19.044534036127587,0.0,9674.392338312133,32.300995507182925,0.0,0.0,0.08034118,17.1,0.0,32.30085803395957,0.08034118,0.08034118,0.0,0.0,0.08034118,0.0,0.0,0.0,0.04865536959737696,0.0,0.04865536959737696,0.0 
 07/21  14:07:00,33.4,19.041778201532257,32.30113253016341,19.041778201532257,0.0,9660.636418021571,32.30113253016341,0.0,0.0,0.08034118,17.1,0.0,32.300995507182925,0.08034118,0.08034118,0.0,0.0,0.08034118,0.0,0.0,0.0,0.04865536959737696,0.0,0.04865536959737696,0.0 
 07/21  14:08:00,33.4,19.039040467152486,32.301269101983834,19.039040467152486,0.0,9646.970947695918,32.301269101983834,0.0,0.0,0.08034118,17.1,0.0,32.30113253016341,0.08034118,0.08034118,0.0,0.0,0.08034118,0.0,0.0,0.0,0.04865536959737696,0.0,0.04865536959737696,0.0 
 07/21  14:09:00,33.4,19.036318793813248,32.301405225725794,19.036318793813248,0.0,9633.38581067509,32.301405225725794,0.0,0.0,0.08034118,17.1,0.0,32.301269101983834,0.08034118,0.08034118,0.0,0.0,0.08034118,0.0,0.0,0.0,0.04865536959737696,0.0,0.04865536959737696,0.0 
 07/21  14:10:00,33.4,19.033614982630507,32.30154090270407,19.033614982630507,0.0,9619.889949674653,32.30154090270407,0.0,0.0,0.08034118,17.1,0.0,32.301405225725794,0.08034118,0.08034118,0.0,0.0,0.08034118,0.0,0.0,0.0,0.04865536959737696,0.0,0.04865536959737696,0.0 
 07/21  14:11:00,33.4,19.03092702240366,32.30167613543934,19.03092702240366,0.0,9606.473340864322,32.30167613543934,0.0,0.0,0.08034118,17.1,0.0,32.30154090270407,0.08034118,0.08034118,0.0,0.0,0.08034118,0.0,0.0,0.0,0.04865536959737696,0.0,0.04865536959737696,0.0 
 07/21  14:12:00,33.4,19.028256691119424,32.30181092346346,19.028256691119424,0.0,9593.144842879692,32.30181092346346,0.0,0.0,0.08034118,17.1,0.0,32.30167613543934,0.08034118,0.08034118,0.0,0.0,0.08034118,0.0,0.0,0.0,0.04865536959737696,0.0,0.04865536959737696,0.0 
 07/21  14:13:00,33.4,19.02560200316017,32.301945271551695,19.02560200316017,0.0,9579.894574745285,32.301945271551695,0.0,0.0,0.08034118,17.1,0.0,32.30181092346346,0.08034118,0.08034118,0.0,0.0,0.08034118,0.0,0.0,0.0,0.04865536959737696,0.0,0.04865536959737696,0.0 
 07/21  14:14:00,33.4,19.02296471411965,32.30207917877664,19.02296471411965,0.0,9566.731237432605,32.30207917877664,0.0,0.0,0.08034118,17.1,0.0,32.301945271551695,0.08034118,0.08034118,0.0,0.0,0.08034118,0.0,0.0,0.0,0.04865536959737696,0.0,0.04865536959737696,0.0 
 07/21  14:15:00,33.4,19.020342864054616,32.3022126481093,19.020342864054616,0.0,9553.645124009081,32.3022126481093,0.0,0.0,0.08034118,17.1,0.0,32.30207917877664,0.08034118,0.08034118,0.0,0.0,0.08034118,0.0,0.0,0.0,0.04865536959737696,0.0,0.04865536959737696,0.0 
 07/21  14:16:00,33.4,19.017738185275952,32.30234568085758,19.017738185275952,0.0,9540.644804282732,32.30234568085758,0.0,0.0,0.08034118,17.1,0.0,32.3022126481093,0.08034118,0.08034118,0.0,0.0,0.08034118,0.0,0.0,0.0,0.04865536959737696,0.0,0.04865536959737696,0.0 
 07/21  14:17:00,33.4,19.015148744724012,32.30247827943276,19.015148744724012,0.0,9527.720674458618,32.30247827943276,0.0,0.0,0.08034118,17.1,0.0,32.30234568085758,0.08034118,0.08034118,0.0,0.0,0.08034118,0.0,0.0,0.0,0.04865536959737696,0.0,0.04865536959737696,0.0 
 07/21  14:18:00,33.4,19.012576251735215,32.30261044335721,19.012576251735215,0.0,9514.881236123147,32.30261044335721,0.0,0.0,0.08034118,17.1,0.0,32.30247827943276,0.08034118,0.08034118,0.0,0.0,0.08034118,0.0,0.0,0.0,0.04865536959737696,0.0,0.04865536959737696,0.0 
 07/21  14:19:00,33.4,19.010018797442754,32.30274217730126,19.010018797442754,0.0,9502.117005851642,32.30274217730126,0.0,0.0,0.08034118,17.1,0.0,32.30261044335721,0.08034118,0.08034118,0.0,0.0,0.08034118,0.0,0.0,0.0,0.04865536959737696,0.0,0.04865536959737696,0.0 
 07/21  14:20:00,33.4,19.007478069939268,32.302873480327676,19.007478069939268,0.0,9489.436333751677,32.302873480327676,0.0,0.0,0.08034118,17.1,0.0,32.30274217730126,0.08034118,0.08034118,0.0,0.0,0.08034118,0.0,0.0,0.0,0.04865536959737696,0.0,0.04865536959737696,0.0 
 07/21  14:21:00,33.4,19.004952185795524,32.30300435530201,19.004952185795524,0.0,9476.829893580398,32.30300435530201,0.0,0.0,0.08034118,17.1,0.0,32.302873480327676,0.08034118,0.08034118,0.0,0.0,0.08034118,0.0,0.0,0.0,0.04865536959737696,0.0,0.04865536959737696,0.0 
 07/21  14:22:00,33.4,19.002442810981442,32.30313480352504,19.002442810981442,0.0,9464.30592549254,32.30313480352504,0.0,0.0,0.08034118,17.1,0.0,32.30300435530201,0.08034118,0.08034118,0.0,0.0,0.08034118,0.0,0.0,0.0,0.04865536959737696,0.0,0.04865536959737696,0.0 
 07/21  14:23:00,33.4,18.999948086355978,32.30326482730449,18.999948086355978,0.0,9451.855224061706,32.30326482730449,0.0,0.0,0.08034118,17.1,0.0,32.30313480352504,0.08034118,0.08034118,0.0,0.0,0.08034118,0.0,0.0,0.0,0.04865536959737696,0.0,0.04865536959737696,0.0 
 07/21  14:24:00,33.4,18.997469656080522,32.30339442615441,18.997469656080522,0.0,9439.485921053165,32.30339442615441,0.0,0.0,0.08034118,17.1,0.0,32.30326482730449,0.08034118,0.08034118,0.0,0.0,0.08034118,0.0,0.0,0.0,0.04865536959737696,0.0,0.04865536959737696,0.0 
 07/21  14:25:00,33.4,18.99500568586851,32.303523604645186,18.99500568586851,0.0,9427.188919551036,32.303523604645186,0.0,0.0,0.08034118,17.1,0.0,32.30339442615441,0.08034118,0.08034118,0.0,0.0,0.08034118,0.0,0.0,0.0,0.04865536959737696,0.0,0.04865536959737696,0.0 
 07/21  14:26:00,33.4,18.992557798048857,32.30365236183135,18.992557798048857,0.0,9414.97227307604,32.30365236183135,0.0,0.0,0.08034118,17.1,0.0,32.303523604645186,0.08034118,0.08034118,0.0,0.0,0.08034118,0.0,0.0,0.0,0.04865536959737696,0.0,0.04865536959737696,0.0 
 07/21  14:27:00,33.4,18.990124182579496,32.303780700478704,18.990124182579496,0.0,9402.826975129843,32.303780700478704,0.0,0.0,0.08034118,17.1,0.0,32.30365236183135,0.08034118,0.08034118,0.0,0.0,0.08034118,0.0,0.0,0.0,0.04865536959737696,0.0,0.04865536959737696,0.0 
 07/21  14:28:00,33.4,18.987706441508085,32.30390862188123,18.987706441508085,0.0,9390.7609784194,32.30390862188123,0.0,0.0,0.08034118,17.1,0.0,32.303780700478704,0.08034118,0.08034118,0.0,0.0,0.08034118,0.0,0.0,0.0,0.04865536959737696,0.0,0.04865536959737696,0.0 
 07/21  14:29:00,33.4,18.985302787709188,32.30403612824864,18.985302787709188,0.0,9378.765420696154,32.30403612824864,0.0,0.0,0.08034118,17.1,0.0,32.30390862188123,0.08034118,0.08034118,0.0,0.0,0.08034118,0.0,0.0,0.0,0.04865536959737696,0.0,0.04865536959737696,0.0 
 07/21  14:30:00,33.4,18.98291480265128,32.304163219087584,18.98291480265128,0.0,9366.848122215279,32.304163219087584,0.0,0.0,0.08034118,17.1,0.0,32.30403612824864,0.08034118,0.08034118,0.0,0.0,0.08034118,0.0,0.0,0.0,0.04865536959737696,0.0,0.04865536959737696,0.0 
 07/21  14:31:00,33.4,18.98054072246936,32.304289898872774,18.98054072246936,0.0,9355.000351521663,32.304289898872774,0.0,0.0,0.08034118,17.1,0.0,32.304163219087584,0.08034118,0.08034118,0.0,0.0,0.08034118,0.0,0.0,0.0,0.04865536959737696,0.0,0.04865536959737696,0.0 
 07/21  14:32:00,33.4,18.97818210745456,32.30441616665171,18.97818210745456,0.0,9343.229838592382,32.30441616665171,0.0,0.0,0.08034118,17.1,0.0,32.304289898872774,0.08034118,0.08034118,0.0,0.0,0.08034118,0.0,0.0,0.0,0.04865536959737696,0.0,0.04865536959737696,0.0 
 07/21  14:33:00,33.4,18.97583721707816,32.30454202509578,18.97583721707816,0.0,9331.52793807696,32.30454202509578,0.0,0.0,0.08034118,17.1,0.0,32.30441616665171,0.08034118,0.08034118,0.0,0.0,0.08034118,0.0,0.0,0.0,0.04865536959737696,0.0,0.04865536959737696,0.0 
 07/21  14:34:00,33.4,18.973507592387215,32.30466747549273,18.973507592387215,0.0,9319.902284340496,32.30466747549273,0.0,0.0,0.08034118,17.1,0.0,32.30454202509578,0.08034118,0.08034118,0.0,0.0,0.08034118,0.0,0.0,0.0,0.04865536959737696,0.0,0.04865536959737696,0.0 
 07/21  14:35:00,33.4,18.9711915155003,32.304792519960245,18.9711915155003,0.0,9308.344359727667,32.304792519960245,0.0,0.0,0.08034118,17.1,0.0,32.30466747549273,0.08034118,0.08034118,0.0,0.0,0.08034118,0.0,0.0,0.0,0.04865536959737696,0.0,0.04865536959737696,0.0 
 07/21  14:36:00,33.4,18.968890506612002,32.30491715799954,18.968890506612002,0.0,9296.861709817826,32.30491715799954,0.0,0.0,0.08034118,17.1,0.0,32.304792519960245,0.08034118,0.08034118,0.0,0.0,0.08034118,0.0,0.0,0.0,0.04865536959737696,0.0,0.04865536959737696,0.0 
 07/21  14:37:00,33.4,18.966602870329325,32.30504139399497,18.966602870329325,0.0,9285.445899043967,32.30504139399497,0.0,0.0,0.08034118,17.1,0.0,32.30491715799954,0.08034118,0.08034118,0.0,0.0,0.08034118,0.0,0.0,0.0,0.04865536959737696,0.0,0.04865536959737696,0.0 
 07/21  14:38:00,33.4,18.964330108082127,32.30516522698954,18.964330108082127,0.0,9274.104379716237,32.30516522698954,0.0,0.0,0.08034118,17.1,0.0,32.30504139399497,0.08034118,0.08034118,0.0,0.0,0.08034118,0.0,0.0,0.0,0.04865536959737696,0.0,0.04865536959737696,0.0 
 07/21  14:39:00,33.4,18.96207054587986,32.30528865956643,18.96207054587986,0.0,9262.828852552311,32.30528865956643,0.0,0.0,0.08034118,17.1,0.0,32.30516522698954,0.08034118,0.08034118,0.0,0.0,0.08034118,0.0,0.0,0.0,0.04865536959737696,0.0,0.04865536959737696,0.0 
 07/21  14:40:00,33.4,18.959825665415714,32.305411693008715,18.959825665415714,0.0,9251.626656827984,32.305411693008715,0.0,0.0,0.08034118,17.1,0.0,32.30528865956643,0.08034118,0.08034118,0.0,0.0,0.08034118,0.0,0.0,0.0,0.04865536959737696,0.0,0.04865536959737696,0.0 
 07/21  14:41:00,33.4,18.957593814907675,32.30553432934821,18.957593814907675,0.0,9240.489588962728,32.30553432934821,0.0,0.0,0.08034118,17.1,0.0,32.305411693008715,0.08034118,0.08034118,0.0,0.0,0.08034118,0.0,0.0,0.0,0.04865536959737696,0.0,0.04865536959737696,0.0 
 07/21  14:42:00,33.4,18.955376457806636,32.30565656808259,18.955376457806636,0.0,9229.424897601399,32.30565656808259,0.0,0.0,0.08034118,17.1,0.0,32.30553432934821,0.08034118,0.08034118,0.0,0.0,0.08034118,0.0,0.0,0.0,0.04865536959737696,0.0,0.04865536959737696,0.0 
 07/21  14:43:00,33.4,18.95317196298395,32.30577841351029,18.95317196298395,0.0,9218.424511517209,32.30577841351029,0.0,0.0,0.08034118,17.1,0.0,32.30565656808259,0.08034118,0.08034118,0.0,0.0,0.08034118,0.0,0.0,0.0,0.04865536959737696,0.0,0.04865536959737696,0.0 
 07/21  14:44:00,33.4,18.950981773982612,32.305899864671126,18.950981773982612,0.0,9207.495580321032,32.305899864671126,0.0,0.0,0.08034118,17.1,0.0,32.30577841351029,0.08034118,0.08034118,0.0,0.0,0.08034118,0.0,0.0,0.0,0.04865536959737696,0.0,0.04865536959737696,0.0 
 07/21  14:45:00,33.4,18.948804281780177,32.306020924064356,18.948804281780177,0.0,9196.630098529426,32.306020924064356,0.0,0.0,0.08034118,17.1,0.0,32.305899864671126,0.08034118,0.08034118,0.0,0.0,0.08034118,0.0,0.0,0.0,0.04865536959737696,0.0,0.04865536959737696,0.0 
 07/21  14:46:00,33.4,18.94664091192997,32.3061415929678,18.94664091192997,0.0,9185.835155823403,32.3061415929678,0.0,0.0,0.08034118,17.1,0.0,32.306020924064356,0.08034118,0.08034118,0.0,0.0,0.08034118,0.0,0.0,0.0,0.04865536959737696,0.0,0.04865536959737696,0.0 
 07/21  14:47:00,33.4,18.94449007600584,32.30626187333089,18.94449007600584,0.0,9175.102849261202,32.30626187333089,0.0,0.0,0.08034118,17.1,0.0,32.3061415929678,0.08034118,0.08034118,0.0,0.0,0.08034118,0.0,0.0,0.0,0.04865536959737696,0.0,0.04865536959737696,0.0 
 07/21  14:48:00,33.4,18.9423531809802,32.306381764647156,18.9423531809802,0.0,9164.440176073495,32.306381764647156,0.0,0.0,0.08034118,17.1,0.0,32.30626187333089,0.08034118,0.08034118,0.0,0.0,0.08034118,0.0,0.0,0.0,0.04865536959737696,0.0,0.04865536959737696,0.0 
 07/21  14:49:00,33.4,18.940228658690216,32.30650127113096,18.940228658690216,0.0,9153.83933420122,32.30650127113096,0.0,0.0,0.08034118,17.1,0.0,32.306381764647156,0.08034118,0.08034118,0.0,0.0,0.08034118,0.0,0.0,0.0,0.04865536959737696,0.0,0.04865536959737696,0.0 
 07/21  14:50:00,33.4,18.938117898059716,32.30662039181803,18.938117898059716,0.0,9143.307231074223,32.30662039181803,0.0,0.0,0.08034118,17.1,0.0,32.30650127113096,0.08034118,0.08034118,0.0,0.0,0.08034118,0.0,0.0,0.0,0.04865536959737696,0.0,0.04865536959737696,0.0 
 07/21  14:51:00,33.4,18.936019351728515,32.306739129125866,18.936019351728515,0.0,9132.836153595777,32.306739129125866,0.0,0.0,0.08034118,17.1,0.0,32.30662039181803,0.08034118,0.08034118,0.0,0.0,0.08034118,0.0,0.0,0.0,0.04865536959737696,0.0,0.04865536959737696,0.0 
 07/21  14:52:00,33.4,18.93393439096687,32.30685748432509,18.93393439096687,0.0,9122.432935998286,32.30685748432509,0.0,0.0,0.08034118,17.1,0.0,32.306739129125866,0.08034118,0.08034118,0.0,0.0,0.08034118,0.0,0.0,0.0,0.04865536959737696,0.0,0.04865536959737696,0.0 
 07/21  14:53:00,33.4,18.93186148747078,32.306975459285205,18.93186148747078,0.0,9112.089974657756,32.306975459285205,0.0,0.0,0.08034118,17.1,0.0,32.30685748432509,0.08034118,0.08034118,0.0,0.0,0.08034118,0.0,0.0,0.0,0.04865536959737696,0.0,0.04865536959737696,0.0 
 07/21  14:54:00,33.4,18.929801995896995,32.30709305349456,18.929801995896995,0.0,9101.813977418187,32.30709305349456,0.0,0.0,0.08034118,17.1,0.0,32.306975459285205,0.08034118,0.08034118,0.0,0.0,0.08034118,0.0,0.0,0.0,0.04865536959737696,0.0,0.04865536959737696,0.0 
 07/21  14:55:00,33.4,18.92775440725285,32.30721027108527,18.92775440725285,0.0,9091.597480485976,32.30721027108527,0.0,0.0,0.08034118,17.1,0.0,32.30709305349456,0.08034118,0.08034118,0.0,0.0,0.08034118,0.0,0.0,0.0,0.04865536959737696,0.0,0.04865536959737696,0.0 
 07/21  14:56:00,33.4,18.92572005857656,32.307327111088675,18.92572005857656,0.0,9081.447089555204,32.307327111088675,0.0,0.0,0.08034118,17.1,0.0,32.30721027108527,0.08034118,0.08034118,0.0,0.0,0.08034118,0.0,0.0,0.0,0.04865536959737696,0.0,0.04865536959737696,0.0 
 07/21  14:57:00,33.4,18.92369746132188,32.307443575843614,18.92369746132188,0.0,9071.355413522633,32.307443575843614,0.0,0.0,0.08034118,17.1,0.0,32.307327111088675,0.08034118,0.08034118,0.0,0.0,0.08034118,0.0,0.0,0.0,0.04865536959737696,0.0,0.04865536959737696,0.0 
 07/21  14:58:00,33.4,18.92168793508975,32.307559666613024,18.92168793508975,0.0,9061.329014963252,32.307559666613024,0.0,0.0,0.08034118,17.1,0.0,32.307443575843614,0.08034118,0.08034118,0.0,0.0,0.08034118,0.0,0.0,0.0,0.04865536959737696,0.0,0.04865536959737696,0.0 
 07/21  14:59:00,33.4,18.919690009307576,32.30767538519021,18.919690009307576,0.0,9051.360592164283,32.30767538519021,0.0,0.0,0.08034118,17.1,0.0,32.307559666613024,0.08034118,0.08034118,0.0,0.0,0.08034118,0.0,0.0,0.0,0.04865536959737696,0.0,0.04865536959737696,0.0 
 07/21  15:00:00,33.4,18.917704987120384,32.30779073105916,18.917704987120384,0.0,9041.456596896373,32.30779073105916,0.0,0.0,0.08034118,17.1,0.0,32.30767538519021,0.08034118,0.08034118,0.0,0.0,0.08034118,0.0,0.0,0.0,0.04865536959737696,0.0,0.04865536959737696,0.0,49104000.0 
 07/21  15:01:00,33.4,18.91573141713356,32.307905708273054,18.91573141713356,0.0,9031.609837353863,32.307905708273054,0.0,0.0,0.08034118,17.1,0.0,32.30779073105916,0.08034118,0.08034118,0.0,0.0,0.08034118,0.0,0.0,0.0,0.04865536959737696,0.0,0.04865536959737696,0.0 
 07/21  15:02:00,33.4,18.91377058658864,32.3080203158602,18.91377058658864,0.0,9021.826671848034,32.3080203158602,0.0,0.0,0.08034118,17.1,0.0,32.307905708273054,0.08034118,0.08034118,0.0,0.0,0.08034118,0.0,0.0,0.0,0.04865536959737696,0.0,0.04865536959737696,0.0 
 07/21  15:03:00,33.4,18.91182106263618,32.30813455608508,18.91182106263618,0.0,9012.100015260476,32.30813455608508,0.0,0.0,0.08034118,17.1,0.0,32.3080203158602,0.08034118,0.08034118,0.0,0.0,0.08034118,0.0,0.0,0.0,0.04865536959737696,0.0,0.04865536959737696,0.0 
 07/21  15:04:00,33.4,18.909884115249255,32.30824843020375,18.909884115249255,0.0,9002.436154463227,32.30824843020375,0.0,0.0,0.08034118,17.1,0.0,32.30813455608508,0.08034118,0.08034118,0.0,0.0,0.08034118,0.0,0.0,0.0,0.04865536959737696,0.0,0.04865536959737696,0.0 
 07/21  15:05:00,33.4,18.90795833013045,32.30836193993809,18.90795833013045,0.0,8992.828067825712,32.30836193993809,0.0,0.0,0.08034118,17.1,0.0,32.30824843020375,0.08034118,0.08034118,0.0,0.0,0.08034118,0.0,0.0,0.0,0.04865536959737696,0.0,0.04865536959737696,0.0 
 07/21  15:06:00,33.4,18.906044961352976,32.30847508476948,18.906044961352976,0.0,8983.281977571396,32.30847508476948,0.0,0.0,0.08034118,17.1,0.0,32.30836193993809,0.08034118,0.08034118,0.0,0.0,0.08034118,0.0,0.0,0.0,0.04865536959737696,0.0,0.04865536959737696,0.0 
 07/21  15:07:00,33.4,18.904142612654514,32.30858786867643,18.904142612654514,0.0,8973.790951811374,32.30858786867643,0.0,0.0,0.08034118,17.1,0.0,32.30847508476948,0.08034118,0.08034118,0.0,0.0,0.08034118,0.0,0.0,0.0,0.04865536959737696,0.0,0.04865536959737696,0.0 
 07/21  15:08:00,33.4,18.902252522697214,32.30870029068638,18.902252522697214,0.0,8964.361121826729,32.30870029068638,0.0,0.0,0.08034118,17.1,0.0,32.30858786867643,0.08034118,0.08034118,0.0,0.0,0.08034118,0.0,0.0,0.0,0.04865536959737696,0.0,0.04865536959737696,0.0 
 07/21  15:09:00,33.4,18.90037331301067,32.30881235299434,18.90037331301067,0.0,8954.985658595528,32.30881235299434,0.0,0.0,0.08034118,17.1,0.0,32.30870029068638,0.08034118,0.08034118,0.0,0.0,0.08034118,0.0,0.0,0.0,0.04865536959737696,0.0,0.04865536959737696,0.0 
 07/21  15:10:00,33.4,18.898506206294822,32.3089240568508,18.898506206294822,0.0,8945.67061405211,32.3089240568508,0.0,0.0,0.08034118,17.1,0.0,32.30881235299434,0.08034118,0.08034118,0.0,0.0,0.08034118,0.0,0.0,0.0,0.04865536959737696,0.0,0.04865536959737696,0.0 
 07/21  15:11:00,33.4,18.896649840811666,32.30903540391089,18.896649840811666,0.0,8936.409256654388,32.30903540391089,0.0,0.0,0.08034118,17.1,0.0,32.3089240568508,0.08034118,0.08034118,0.0,0.0,0.08034118,0.0,0.0,0.0,0.04865536959737696,0.0,0.04865536959737696,0.0 
 07/21  15:12:00,33.4,18.894805424215843,32.30914639365476,18.894805424215843,0.0,8927.207535025373,32.30914639365476,0.0,0.0,0.08034118,17.1,0.0,32.30903540391089,0.08034118,0.08034118,0.0,0.0,0.08034118,0.0,0.0,0.0,0.04865536959737696,0.0,0.04865536959737696,0.0 
 07/21  15:13:00,33.4,18.892971612988052,32.30925702998913,18.892971612988052,0.0,8918.058808255977,32.30925702998913,0.0,0.0,0.08034118,17.1,0.0,32.30914639365476,0.08034118,0.08034118,0.0,0.0,0.08034118,0.0,0.0,0.0,0.04865536959737696,0.0,0.04865536959737696,0.0 
 07/21  15:14:00,33.4,18.891149599013964,32.30936731194113,18.891149599013964,0.0,8908.96897510962,32.30936731194113,0.0,0.0,0.08034118,17.1,0.0,32.30925702998913,0.08034118,0.08034118,0.0,0.0,0.08034118,0.0,0.0,0.0,0.04865536959737696,0.0,0.04865536959737696,0.0 
 07/21  15:15:00,33.4,18.889338055423032,32.30947724163881,18.889338055423032,0.0,8899.931463213143,32.30947724163881,0.0,0.0,0.08034118,17.1,0.0,32.30936731194113,0.08034118,0.08034118,0.0,0.0,0.08034118,0.0,0.0,0.0,0.04865536959737696,0.0,0.04865536959737696,0.0 
 07/21  15:16:00,33.4,18.88753815956282,32.30958682032597,18.88753815956282,0.0,8890.952084892393,32.30958682032597,0.0,0.0,0.08034118,17.1,0.0,32.30947724163881,0.08034118,0.08034118,0.0,0.0,0.08034118,0.0,0.0,0.0,0.04865536959737696,0.0,0.04865536959737696,0.0 
 07/21  15:17:00,33.4,18.885748601578364,32.309696049592795,18.885748601578364,0.0,8882.024366610713,32.309696049592795,0.0,0.0,0.08034118,17.1,0.0,32.30958682032597,0.08034118,0.08034118,0.0,0.0,0.08034118,0.0,0.0,0.0,0.04865536959737696,0.0,0.04865536959737696,0.0 
 07/21  15:18:00,33.4,18.883970543815437,32.309804928917096,18.883970543815437,0.0,8873.154046156033,32.309804928917096,0.0,0.0,0.08034118,17.1,0.0,32.309696049592795,0.08034118,0.08034118,0.0,0.0,0.08034118,0.0,0.0,0.0,0.04865536959737696,0.0,0.04865536959737696,0.0 
 07/21  15:19:00,33.4,18.882202692840625,32.309913462134695,18.882202692840625,0.0,8864.334731634463,32.309913462134695,0.0,0.0,0.08034118,17.1,0.0,32.309804928917096,0.08034118,0.08034118,0.0,0.0,0.08034118,0.0,0.0,0.0,0.04865536959737696,0.0,0.04865536959737696,0.0 
 07/21  15:20:00,33.4,18.880446196249103,32.31002164827149,18.880446196249103,0.0,8855.572087545239,32.31002164827149,0.0,0.0,0.08034118,17.1,0.0,32.309913462134695,0.08034118,0.08034118,0.0,0.0,0.08034118,0.0,0.0,0.0,0.04865536959737696,0.0,0.04865536959737696,0.0 
 07/21  15:21:00,33.4,18.878699777558694,32.31012948939013,18.878699777558694,0.0,8846.859792173509,32.31012948939013,0.0,0.0,0.08034118,17.1,0.0,32.31002164827149,0.08034118,0.08034118,0.0,0.0,0.08034118,0.0,0.0,0.0,0.04865536959737696,0.0,0.04865536959737696,0.0 
 07/21  15:22:00,33.4,18.876964569414817,32.31023698672636,18.876964569414817,0.0,8838.203463949434,32.31023698672636,0.0,0.0,0.08034118,17.1,0.0,32.31012948939013,0.08034118,0.08034118,0.0,0.0,0.08034118,0.0,0.0,0.0,0.04865536959737696,0.0,0.04865536959737696,0.0 
 07/21  15:23:00,33.4,18.875239311202655,32.31034414180752,18.875239311202655,0.0,8829.59684596066,32.31034414180752,0.0,0.0,0.08034118,17.1,0.0,32.31023698672636,0.08034118,0.08034118,0.0,0.0,0.08034118,0.0,0.0,0.0,0.04865536959737696,0.0,0.04865536959737696,0.0 
 07/21  15:24:00,33.4,18.873525122493707,32.31045095410871,18.873525122493707,0.0,8821.045463522172,32.31045095410871,0.0,0.0,0.08034118,17.1,0.0,32.31034414180752,0.08034118,0.08034118,0.0,0.0,0.08034118,0.0,0.0,0.0,0.04865536959737696,0.0,0.04865536959737696,0.0 
 07/21  15:25:00,33.4,18.871820758307095,32.310557427396525,18.871820758307095,0.0,8812.543179707254,32.310557427396525,0.0,0.0,0.08034118,17.1,0.0,32.31045095410871,0.08034118,0.08034118,0.0,0.0,0.08034118,0.0,0.0,0.0,0.04865536959737696,0.0,0.04865536959737696,0.0 
 07/21  15:26:00,33.4,18.87012732310105,32.31066356069582,18.87012732310105,0.0,8804.09544469222,32.31066356069582,0.0,0.0,0.08034118,17.1,0.0,32.310557427396525,0.08034118,0.08034118,0.0,0.0,0.08034118,0.0,0.0,0.0,0.04865536959737696,0.0,0.04865536959737696,0.0 
 07/21  15:27:00,33.4,18.86844358852453,32.31076935600655,18.86844358852453,0.0,8795.696162128337,32.31076935600655,0.0,0.0,0.08034118,17.1,0.0,32.31066356069582,0.08034118,0.08034118,0.0,0.0,0.08034118,0.0,0.0,0.0,0.04865536959737696,0.0,0.04865536959737696,0.0 
 07/21  15:28:00,33.4,18.866770644986495,32.310874814556485,18.866770644986495,0.0,8787.35075445826,32.310874814556485,0.0,0.0,0.08034118,17.1,0.0,32.31076935600655,0.08034118,0.08034118,0.0,0.0,0.08034118,0.0,0.0,0.0,0.04865536959737696,0.0,0.04865536959737696,0.0 
 07/21  15:29:00,33.4,18.86510727997399,32.31097993781338,18.86510727997399,0.0,8779.053176127618,32.31097993781338,0.0,0.0,0.08034118,17.1,0.0,32.310874814556485,0.08034118,0.08034118,0.0,0.0,0.08034118,0.0,0.0,0.0,0.04865536959737696,0.0,0.04865536959737696,0.0 
 07/21  15:30:00,33.4,18.863454570203963,32.311084725250744,18.863454570203963,0.0,8770.808795473877,32.311084725250744,0.0,0.0,0.08034118,17.1,0.0,32.31097993781338,0.08034118,0.08034118,0.0,0.0,0.08034118,0.0,0.0,0.0,0.04865536959737696,0.0,0.04865536959737696,0.0 
 07/21  15:31:00,33.4,18.861811317693967,32.3111891805689,18.861811317693967,0.0,8762.611653241684,32.3111891805689,0.0,0.0,0.08034118,17.1,0.0,32.311084725250744,0.08034118,0.08034118,0.0,0.0,0.08034118,0.0,0.0,0.0,0.04865536959737696,0.0,0.04865536959737696,0.0 
 07/21  15:32:00,33.4,18.86017858598986,32.311293302793,18.86017858598986,0.0,8754.467024303507,32.311293302793,0.0,0.0,0.08034118,17.1,0.0,32.3111891805689,0.08034118,0.08034118,0.0,0.0,0.08034118,0.0,0.0,0.0,0.04865536959737696,0.0,0.04865536959737696,0.0 
 07/21  15:33:00,33.4,18.85855519244966,32.311397093863555,18.85855519244966,0.0,8746.369039715577,32.311397093863555,0.0,0.0,0.08034118,17.1,0.0,32.311293302793,0.08034118,0.08034118,0.0,0.0,0.08034118,0.0,0.0,0.0,0.04865536959737696,0.0,0.04865536959737696,0.0 
 07/21  15:34:00,33.4,18.856942187274925,32.311500555000706,18.856942187274925,0.0,8738.32290799644,32.311500555000706,0.0,0.0,0.08034118,17.1,0.0,32.311397093863555,0.08034118,0.08034118,0.0,0.0,0.08034118,0.0,0.0,0.0,0.04865536959737696,0.0,0.04865536959737696,0.0 
 07/21  15:35:00,33.4,18.855338402611956,32.311603687615495,18.855338402611956,0.0,8730.322833773029,32.311603687615495,0.0,0.0,0.08034118,17.1,0.0,32.311500555000706,0.08034118,0.08034118,0.0,0.0,0.08034118,0.0,0.0,0.0,0.04865536959737696,0.0,0.04865536959737696,0.0 
 07/21  15:36:00,33.4,18.85374487600854,32.31170649117999,18.85374487600854,0.0,8722.373948765116,32.31170649117999,0.0,0.0,0.08034118,17.1,0.0,32.311603687615495,0.08034118,0.08034118,0.0,0.0,0.08034118,0.0,0.0,0.0,0.04865536959737696,0.0,0.04865536959737696,0.0 
 07/21  15:37:00,33.4,18.852160454348304,32.311808969329725,18.852160454348304,0.0,8714.470544823092,32.311808969329725,0.0,0.0,0.08034118,17.1,0.0,32.31170649117999,0.08034118,0.08034118,0.0,0.0,0.08034118,0.0,0.0,0.0,0.04865536959737696,0.0,0.04865536959737696,0.0 
 07/21  15:38:00,33.4,18.85058616139199,32.311911121089985,18.85058616139199,0.0,8706.617698991155,32.311911121089985,0.0,0.0,0.08034118,17.1,0.0,32.311808969329725,0.08034118,0.08034118,0.0,0.0,0.08034118,0.0,0.0,0.0,0.04865536959737696,0.0,0.04865536959737696,0.0 
 07/21  15:39:00,33.4,18.849020858802824,32.31201294834354,18.849020858802824,0.0,8698.809748898893,32.31201294834354,0.0,0.0,0.08034118,17.1,0.0,32.311911121089985,0.08034118,0.08034118,0.0,0.0,0.08034118,0.0,0.0,0.0,0.04865536959737696,0.0,0.04865536959737696,0.0 
 07/21  15:40:00,33.4,18.847465558322,32.31211445230208,18.847465558322,0.0,8691.051711867236,32.31211445230208,0.0,0.0,0.08034118,17.1,0.0,32.31201294834354,0.08034118,0.08034118,0.0,0.0,0.08034118,0.0,0.0,0.0,0.04865536959737696,0.0,0.04865536959737696,0.0 
 07/21  15:41:00,33.4,18.845919134819486,32.31221563432199,18.845919134819486,0.0,8683.338032729143,32.31221563432199,0.0,0.0,0.08034118,17.1,0.0,32.31211445230208,0.08034118,0.08034118,0.0,0.0,0.08034118,0.0,0.0,0.0,0.04865536959737696,0.0,0.04865536959737696,0.0 
 07/21  15:42:00,33.4,18.844382587491154,32.31231649387407,18.844382587491154,0.0,8675.673624951345,32.31231649387407,0.0,0.0,0.08034118,17.1,0.0,32.31221563432199,0.08034118,0.08034118,0.0,0.0,0.08034118,0.0,0.0,0.0,0.04865536959737696,0.0,0.04865536959737696,0.0 
 07/21  15:43:00,33.4,18.842854806137407,32.31241703453115,18.842854806137407,0.0,8668.053007626268,32.31241703453115,0.0,0.0,0.08034118,17.1,0.0,32.31231649387407,0.08034118,0.08034118,0.0,0.0,0.08034118,0.0,0.0,0.0,0.04865536959737696,0.0,0.04865536959737696,0.0 
 07/21  15:44:00,33.4,18.841336777078652,32.31251725531962,18.841336777078652,0.0,8660.481057863299,32.31251725531962,0.0,0.0,0.08034118,17.1,0.0,32.31241703453115,0.08034118,0.08034118,0.0,0.0,0.08034118,0.0,0.0,0.0,0.04865536959737696,0.0,0.04865536959737696,0.0 
 07/21  15:45:00,33.4,18.839827404267883,32.312617158067674,18.839827404267883,0.0,8652.952337548137,32.312617158067674,0.0,0.0,0.08034118,17.1,0.0,32.31251725531962,0.08034118,0.08034118,0.0,0.0,0.08034118,0.0,0.0,0.0,0.04865536959737696,0.0,0.04865536959737696,0.0 
 07/21  15:46:00,33.4,18.838327661755788,32.31271674397943,18.838327661755788,0.0,8645.471676593603,32.31271674397943,0.0,0.0,0.08034118,17.1,0.0,32.312617158067674,0.08034118,0.08034118,0.0,0.0,0.08034118,0.0,0.0,0.0,0.04865536959737696,0.0,0.04865536959737696,0.0 
 07/21  15:47:00,33.4,18.836836466521156,32.31281601436005,18.836836466521156,0.0,8638.033715415668,32.31281601436005,0.0,0.0,0.08034118,17.1,0.0,32.31271674397943,0.08034118,0.08034118,0.0,0.0,0.08034118,0.0,0.0,0.0,0.04865536959737696,0.0,0.04865536959737696,0.0 
 07/21  15:48:00,33.4,18.835354780837758,32.31291496868048,18.835354780837758,0.0,8630.643197892747,32.31291496868048,0.0,0.0,0.08034118,17.1,0.0,32.31281601436005,0.08034118,0.08034118,0.0,0.0,0.08034118,0.0,0.0,0.0,0.04865536959737696,0.0,0.04865536959737696,0.0 
 07/21  15:49:00,33.4,18.83388153604428,32.31301361045355,18.83388153604428,0.0,8623.294835885714,32.31301361045355,0.0,0.0,0.08034118,17.1,0.0,32.31291496868048,0.08034118,0.08034118,0.0,0.0,0.08034118,0.0,0.0,0.0,0.04865536959737696,0.0,0.04865536959737696,0.0 
 07/21  15:50:00,33.4,18.83241768135245,32.31311193870801,18.83241768135245,0.0,8615.99334949678,32.31311193870801,0.0,0.0,0.08034118,17.1,0.0,32.31301361045355,0.08034118,0.08034118,0.0,0.0,0.08034118,0.0,0.0,0.0,0.04865536959737696,0.0,0.04865536959737696,0.0 
 07/21  15:51:00,33.4,18.830962161551824,32.313209955220344,18.830962161551824,0.0,8608.73347635104,32.313209955220344,0.0,0.0,0.08034118,17.1,0.0,32.31311193870801,0.08034118,0.08034118,0.0,0.0,0.08034118,0.0,0.0,0.0,0.04865536959737696,0.0,0.04865536959737696,0.0 
 07/21  15:52:00,33.4,18.82951591540729,32.31330766118757,18.82951591540729,0.0,8601.51987095362,32.31330766118757,0.0,0.0,0.08034118,17.1,0.0,32.313209955220344,0.08034118,0.08034118,0.0,0.0,0.08034118,0.0,0.0,0.0,0.04865536959737696,0.0,0.04865536959737696,0.0 
 07/21  15:53:00,33.4,18.828077899994767,32.313405057866454,18.828077899994767,0.0,8594.347386797832,32.313405057866454,0.0,0.0,0.08034118,17.1,0.0,32.31330766118757,0.08034118,0.08034118,0.0,0.0,0.08034118,0.0,0.0,0.0,0.04865536959737696,0.0,0.04865536959737696,0.0 
 07/21  15:54:00,33.4,18.826649041772853,32.31350214472888,18.826649041772853,0.0,8587.220589837183,32.31350214472888,0.0,0.0,0.08034118,17.1,0.0,32.313405057866454,0.08034118,0.08034118,0.0,0.0,0.08034118,0.0,0.0,0.0,0.04865536959737696,0.0,0.04865536959737696,0.0 
 07/21  15:55:00,33.4,18.825228311373927,32.313598925229705,18.825228311373927,0.0,8580.134387317066,32.313598925229705,0.0,0.0,0.08034118,17.1,0.0,32.31350214472888,0.08034118,0.08034118,0.0,0.0,0.08034118,0.0,0.0,0.0,0.04865536959737696,0.0,0.04865536959737696,0.0 
 07/21  15:56:00,33.4,18.823816624036862,32.31369539840081,18.823816624036862,0.0,8573.093303112404,32.31369539840081,0.0,0.0,0.08034118,17.1,0.0,32.313598925229705,0.08034118,0.08034118,0.0,0.0,0.08034118,0.0,0.0,0.0,0.04865536959737696,0.0,0.04865536959737696,0.0 
 07/21  15:57:00,33.4,18.822412963178508,32.31379156596913,18.822412963178508,0.0,8566.092308036754,32.31379156596913,0.0,0.0,0.08034118,17.1,0.0,32.31369539840081,0.08034118,0.08034118,0.0,0.0,0.08034118,0.0,0.0,0.0,0.04865536959737696,0.0,0.04865536959737696,0.0 
 07/21  15:58:00,33.4,18.821018232519847,32.3138874291245,18.821018232519847,0.0,8559.135868722184,32.3138874291245,0.0,0.0,0.08034118,17.1,0.0,32.31379156596913,0.08034118,0.08034118,0.0,0.0,0.08034118,0.0,0.0,0.0,0.04865536959737696,0.0,0.04865536959737696,0.0 
 07/21  15:59:00,33.4,18.819631428050467,32.31398298907716,18.819631428050467,0.0,8552.219018496917,32.31398298907716,0.0,0.0,0.08034118,17.1,0.0,32.3138874291245,0.08034118,0.08034118,0.0,0.0,0.08034118,0.0,0.0,0.0,0.04865536959737696,0.0,0.04865536959737696,0.0 
 07/21  16:00:00,33.4,18.818253442814527,32.31407824529988,18.818253442814527,0.0,8545.34615736227,32.31407824529988,0.0,0.0,0.08034118,17.1,0.0,32.31398298907716,0.08034118,0.08034118,0.0,0.0,0.08034118,0.0,0.0,0.0,0.04865536959737696,0.0,0.04865536959737696,0.0,49104000.0 
 07/21  16:01:00,33.4,18.816883285381735,32.314173201190755,18.816883285381735,0.0,8538.512394791993,32.314173201190755,0.0,0.0,0.08034118,17.1,0.0,32.31407824529988,0.08034118,0.08034118,0.0,0.0,0.08034118,0.0,0.0,0.0,0.04865536959737696,0.0,0.04865536959737696,0.0 
 07/21  16:02:00,33.4,18.815521836390463,32.31426785578472,18.815521836390463,0.0,8531.722096246549,32.31426785578472,0.0,0.0,0.08034118,17.1,0.0,32.314173201190755,0.08034118,0.08034118,0.0,0.0,0.08034118,0.0,0.0,0.0,0.04865536959737696,0.0,0.04865536959737696,0.0 
 07/21  16:03:00,33.4,18.814168117519554,32.31436221076073,18.814168117519554,0.0,8524.970382144897,32.31436221076073,0.0,0.0,0.08034118,17.1,0.0,32.31426785578472,0.08034118,0.08034118,0.0,0.0,0.08034118,0.0,0.0,0.0,0.04865536959737696,0.0,0.04865536959737696,0.0 
 07/21  16:04:00,33.4,18.81282299900318,32.31445626730097,18.81282299900318,0.0,8518.261593337571,32.31445626730097,0.0,0.0,0.08034118,17.1,0.0,32.31436221076073,0.08034118,0.08034118,0.0,0.0,0.08034118,0.0,0.0,0.0,0.04865536959737696,0.0,0.04865536959737696,0.0 
 07/21  16:05:00,33.4,18.811485514664273,32.31455002657098,18.811485514664273,0.0,8511.590910695095,32.31455002657098,0.0,0.0,0.08034118,17.1,0.0,32.31445626730097,0.08034118,0.08034118,0.0,0.0,0.08034118,0.0,0.0,0.0,0.04865536959737696,0.0,0.04865536959737696,0.0 
 07/21  16:06:00,33.4,18.81015652373681,32.314643488044545,18.81015652373681,0.0,8504.962620329252,32.314643488044545,0.0,0.0,0.08034118,17.1,0.0,32.31455002657098,0.08034118,0.08034118,0.0,0.0,0.08034118,0.0,0.0,0.0,0.04865536959737696,0.0,0.04865536959737696,0.0 
 07/21  16:07:00,33.4,18.80883507189636,32.31473665506428,18.80883507189636,0.0,8498.371962111432,32.31473665506428,0.0,0.0,0.08034118,17.1,0.0,32.314643488044545,0.08034118,0.08034118,0.0,0.0,0.08034118,0.0,0.0,0.0,0.04865536959737696,0.0,0.04865536959737696,0.0 
 07/21  16:08:00,33.4,18.80752200769152,32.31482952666844,18.80752200769152,0.0,8491.823168981155,32.31482952666844,0.0,0.0,0.08034118,17.1,0.0,32.31473665506428,0.08034118,0.08034118,0.0,0.0,0.08034118,0.0,0.0,0.0,0.04865536959737696,0.0,0.04865536959737696,0.0 
 07/21  16:09:00,33.4,18.80621638866489,32.314922104489675,18.80621638866489,0.0,8485.311539881026,32.314922104489675,0.0,0.0,0.08034118,17.1,0.0,32.31482952666844,0.08034118,0.08034118,0.0,0.0,0.08034118,0.0,0.0,0.0,0.04865536959737696,0.0,0.04865536959737696,0.0 
 07/21  16:10:00,33.4,18.80491905344706,32.31501438970226,18.80491905344706,0.0,8478.84124494025,32.31501438970226,0.0,0.0,0.08034118,17.1,0.0,32.314922104489675,0.08034118,0.08034118,0.0,0.0,0.08034118,0.0,0.0,0.0,0.04865536959737696,0.0,0.04865536959737696,0.0 
 07/21  16:11:00,33.4,18.80362907136008,32.315106383428784,18.80362907136008,0.0,8472.40765521337,32.315106383428784,0.0,0.0,0.08034118,17.1,0.0,32.31501438970226,0.08034118,0.08034118,0.0,0.0,0.08034118,0.0,0.0,0.0,0.04865536959737696,0.0,0.04865536959737696,0.0 
 07/21  16:12:00,33.4,18.802347269888415,32.315198085144175,18.802347269888415,0.0,8466.014898822392,32.315198085144175,0.0,0.0,0.08034118,17.1,0.0,32.315106383428784,0.08034118,0.08034118,0.0,0.0,0.08034118,0.0,0.0,0.0,0.04865536959737696,0.0,0.04865536959737696,0.0 
 07/21  16:13:00,33.4,18.801072729613146,32.31528949813691,18.801072729613146,0.0,8459.658389389324,32.31528949813691,0.0,0.0,0.08034118,17.1,0.0,32.315198085144175,0.08034118,0.08034118,0.0,0.0,0.08034118,0.0,0.0,0.0,0.04865536959737696,0.0,0.04865536959737696,0.0 
 07/21  16:14:00,33.4,18.799806269040097,32.31538062144893,18.799806269040097,0.0,8453.34218353255,32.31538062144893,0.0,0.0,0.08034118,17.1,0.0,32.31528949813691,0.08034118,0.08034118,0.0,0.0,0.08034118,0.0,0.0,0.0,0.04865536959737696,0.0,0.04865536959737696,0.0 
 07/21  16:15:00,33.4,18.798546979939047,32.315471456668384,18.798546979939047,0.0,8447.061790833322,32.315471456668384,0.0,0.0,0.08034118,17.1,0.0,32.31538062144893,0.08034118,0.08034118,0.0,0.0,0.08034118,0.0,0.0,0.0,0.04865536959737696,0.0,0.04865536959737696,0.0 
 07/21  16:16:00,33.4,18.79729566975646,32.315562004961755,18.79729566975646,0.0,8440.821212891628,32.315562004961755,0.0,0.0,0.08034118,17.1,0.0,32.315471456668384,0.08034118,0.08034118,0.0,0.0,0.08034118,0.0,0.0,0.0,0.04865536959737696,0.0,0.04865536959737696,0.0 
 07/21  16:17:00,33.4,18.796051441815504,32.31565226741068,18.796051441815504,0.0,8434.61598994073,32.31565226741068,0.0,0.0,0.08034118,17.1,0.0,32.315562004961755,0.08034118,0.08034118,0.0,0.0,0.08034118,0.0,0.0,0.0,0.04865536959737696,0.0,0.04865536959737696,0.0 
 07/21  16:18:00,33.4,18.79481509446889,32.315742243491854,18.79481509446889,0.0,8428.450078403017,32.315742243491854,0.0,0.0,0.08034118,17.1,0.0,32.31565226741068,0.08034118,0.08034118,0.0,0.0,0.08034118,0.0,0.0,0.0,0.04865536959737696,0.0,0.04865536959737696,0.0 
 07/21  16:19:00,33.4,18.793585741707865,32.31583193644138,18.793585741707865,0.0,8422.3190983383,32.31583193644138,0.0,0.0,0.08034118,17.1,0.0,32.315742243491854,0.08034118,0.08034118,0.0,0.0,0.08034118,0.0,0.0,0.0,0.04865536959737696,0.0,0.04865536959737696,0.0 
 07/21  16:20:00,33.4,18.79236417222551,32.31592134530575,18.79236417222551,0.0,8416.226931420206,32.31592134530575,0.0,0.0,0.08034118,17.1,0.0,32.31583193644138,0.08034118,0.08034118,0.0,0.0,0.08034118,0.0,0.0,0.0,0.04865536959737696,0.0,0.04865536959737696,0.0 
 07/21  16:21:00,33.4,18.791149510417895,32.31601047163091,18.791149510417895,0.0,8410.169276139946,32.31601047163091,0.0,0.0,0.08034118,17.1,0.0,32.31592134530575,0.08034118,0.08034118,0.0,0.0,0.08034118,0.0,0.0,0.0,0.04865536959737696,0.0,0.04865536959737696,0.0 
 07/21  16:22:00,33.4,18.789942535065546,32.31609931657616,18.789942535065546,0.0,8404.149951574658,32.31609931657616,0.0,0.0,0.08034118,17.1,0.0,32.31601047163091,0.08034118,0.08034118,0.0,0.0,0.08034118,0.0,0.0,0.0,0.04865536959737696,0.0,0.04865536959737696,0.0 
 07/21  16:23:00,33.4,18.788742382577446,32.316187881184675,18.788742382577446,0.0,8398.164689268793,32.316187881184675,0.0,0.0,0.08034118,17.1,0.0,32.31609931657616,0.08034118,0.08034118,0.0,0.0,0.08034118,0.0,0.0,0.0,0.04865536959737696,0.0,0.04865536959737696,0.0 
 07/21  16:24:00,33.4,18.787549821348648,32.31627616493597,18.787549821348648,0.0,8392.217310009197,32.31627616493597,0.0,0.0,0.08034118,17.1,0.0,32.316187881184675,0.08034118,0.08034118,0.0,0.0,0.08034118,0.0,0.0,0.0,0.04865536959737696,0.0,0.04865536959737696,0.0 
 07/21  16:25:00,33.4,18.786363998501894,32.31636417101565,18.786363998501894,0.0,8386.303558659016,32.31636417101565,0.0,0.0,0.08034118,17.1,0.0,32.31627616493597,0.08034118,0.08034118,0.0,0.0,0.08034118,0.0,0.0,0.0,0.04865536959737696,0.0,0.04865536959737696,0.0 
 07/21  16:26:00,33.4,18.78518567309377,32.3164518984757,18.78518567309377,0.0,8380.427222872844,32.3164518984757,0.0,0.0,0.08034118,17.1,0.0,32.31636417101565,0.08034118,0.08034118,0.0,0.0,0.08034118,0.0,0.0,0.0,0.04865536959737696,0.0,0.04865536959737696,0.0 
 07/21  16:27:00,33.4,18.784014002780992,32.316539348821756,18.784014002780992,0.0,8374.584099944735,32.316539348821756,0.0,0.0,0.08034118,17.1,0.0,32.3164518984757,0.08034118,0.08034118,0.0,0.0,0.08034118,0.0,0.0,0.0,0.04865536959737696,0.0,0.04865536959737696,0.0 
 07/21  16:28:00,33.4,18.782849737236518,32.316626523206025,18.782849737236518,0.0,8368.777930837336,32.316626523206025,0.0,0.0,0.08034118,17.1,0.0,32.316539348821756,0.08034118,0.08034118,0.0,0.0,0.08034118,0.0,0.0,0.0,0.04865536959737696,0.0,0.04865536959737696,0.0 
 07/21  16:29:00,33.4,18.7816920444683,32.31671342263476,18.7816920444683,0.0,8363.004564365883,32.31671342263476,0.0,0.0,0.08034118,17.1,0.0,32.316626523206025,0.08034118,0.08034118,0.0,0.0,0.08034118,0.0,0.0,0.0,0.04865536959737696,0.0,0.04865536959737696,0.0 
 07/21  16:30:00,33.4,18.780541665470068,32.316800046590245,18.780541665470068,0.0,8357.267685060673,32.316800046590245,0.0,0.0,0.08034118,17.1,0.0,32.31671342263476,0.08034118,0.08034118,0.0,0.0,0.08034118,0.0,0.0,0.0,0.04865536959737696,0.0,0.04865536959737696,0.0 
 07/21  16:31:00,33.4,18.779397778029196,32.316886398208354,18.779397778029196,0.0,8351.563216911378,32.316886398208354,0.0,0.0,0.08034118,17.1,0.0,32.316800046590245,0.08034118,0.08034118,0.0,0.0,0.08034118,0.0,0.0,0.0,0.04865536959737696,0.0,0.04865536959737696,0.0 
 07/21  16:32:00,33.4,18.778261114300808,32.31697247654629,18.778261114300808,0.0,8345.894774009525,32.31697247654629,0.0,0.0,0.08034118,17.1,0.0,32.316886398208354,0.08034118,0.08034118,0.0,0.0,0.08034118,0.0,0.0,0.0,0.04865536959737696,0.0,0.04865536959737696,0.0 
 07/21  16:33:00,33.4,18.777130862277637,32.3170582830702,18.777130862277637,0.0,8340.25834434287,32.3170582830702,0.0,0.0,0.08034118,17.1,0.0,32.31697247654629,0.08034118,0.08034118,0.0,0.0,0.08034118,0.0,0.0,0.0,0.04865536959737696,0.0,0.04865536959737696,0.0 
 07/21  16:34:00,33.4,18.7760077444828,32.31714381892437,18.7760077444828,0.0,8334.657507341071,32.31714381892437,0.0,0.0,0.08034118,17.1,0.0,32.3170582830702,0.08034118,0.08034118,0.0,0.0,0.08034118,0.0,0.0,0.0,0.04865536959737696,0.0,0.04865536959737696,0.0 
 07/21  16:35:00,33.4,18.774890958708614,32.317229085078836,18.774890958708614,0.0,8329.088286483839,32.317229085078836,0.0,0.0,0.08034118,17.1,0.0,32.31714381892437,0.08034118,0.08034118,0.0,0.0,0.08034118,0.0,0.0,0.0,0.04865536959737696,0.0,0.04865536959737696,0.0 
 07/21  16:36:00,33.4,18.773781219329965,32.31731408101798,18.773781219329965,0.0,8323.554207508292,32.31731408101798,0.0,0.0,0.08034118,17.1,0.0,32.317229085078836,0.08034118,0.08034118,0.0,0.0,0.08034118,0.0,0.0,0.0,0.04865536959737696,0.0,0.04865536959737696,0.0 
 07/21  16:37:00,33.4,18.772677734824324,32.31739880982815,18.772677734824324,0.0,8318.05134706206,32.31739880982815,0.0,0.0,0.08034118,17.1,0.0,32.31731408101798,0.08034118,0.08034118,0.0,0.0,0.08034118,0.0,0.0,0.0,0.04865536959737696,0.0,0.04865536959737696,0.0 
 07/21  16:38:00,33.4,18.771581210219175,32.317483270571124,18.771581210219175,0.0,8312.583210792258,32.317483270571124,0.0,0.0,0.08034118,17.1,0.0,32.31739880982815,0.08034118,0.08034118,0.0,0.0,0.08034118,0.0,0.0,0.0,0.04865536959737696,0.0,0.04865536959737696,0.0 
 07/21  16:39:00,33.4,18.770490863233267,32.317567464674035,18.770490863233267,0.0,8307.145908119064,32.317567464674035,0.0,0.0,0.08034118,17.1,0.0,32.317483270571124,0.08034118,0.08034118,0.0,0.0,0.08034118,0.0,0.0,0.0,0.04865536959737696,0.0,0.04865536959737696,0.0 
 07/21  16:40:00,33.4,18.769407390159458,32.31765139327239,18.769407390159458,0.0,8301.742901247471,32.31765139327239,0.0,0.0,0.08034118,17.1,0.0,32.317567464674035,0.08034118,0.08034118,0.0,0.0,0.08034118,0.0,0.0,0.0,0.04865536959737696,0.0,0.04865536959737696,0.0 
 07/21  16:41:00,33.4,18.768330018422144,32.31773505730087,18.768330018422144,0.0,8296.370347883612,32.31773505730087,0.0,0.0,0.08034118,17.1,0.0,32.31765139327239,0.08034118,0.08034118,0.0,0.0,0.08034118,0.0,0.0,0.0,0.04865536959737696,0.0,0.04865536959737696,0.0 
 07/21  16:42:00,33.4,18.767259436433886,32.317818456245824,18.767259436433886,0.0,8291.031657909925,32.317818456245824,0.0,0.0,0.08034118,17.1,0.0,32.31773505730087,0.08034118,0.08034118,0.0,0.0,0.08034118,0.0,0.0,0.0,0.04865536959737696,0.0,0.04865536959737696,0.0 
 07/21  16:43:00,33.4,18.766194881215934,32.317901593144974,18.766194881215934,0.0,8285.723049924476,32.317901593144974,0.0,0.0,0.08034118,17.1,0.0,32.317818456245824,0.08034118,0.08034118,0.0,0.0,0.08034118,0.0,0.0,0.0,0.04865536959737696,0.0,0.04865536959737696,0.0 
 07/21  16:44:00,33.4,18.765137031998634,32.317984467065074,18.765137031998634,0.0,8280.4479012714,32.317984467065074,0.0,0.0,0.08034118,17.1,0.0,32.317901593144974,0.08034118,0.08034118,0.0,0.0,0.08034118,0.0,0.0,0.0,0.04865536959737696,0.0,0.04865536959737696,0.0 
 07/21  16:45:00,33.4,18.764085134877,32.31806707939578,18.764085134877,0.0,8275.202462543526,32.31806707939578,0.0,0.0,0.08034118,17.1,0.0,32.317984467065074,0.08034118,0.08034118,0.0,0.0,0.08034118,0.0,0.0,0.0,0.04865536959737696,0.0,0.04865536959737696,0.0 
 07/21  16:46:00,33.4,18.76303986144445,32.31814943126404,18.76303986144445,0.0,8269.990060009795,32.31814943126404,0.0,0.0,0.08034118,17.1,0.0,32.31806707939578,0.08034118,0.08034118,0.0,0.0,0.08034118,0.0,0.0,0.0,0.04865536959737696,0.0,0.04865536959737696,0.0 
 07/21  16:47:00,33.4,18.762000467314188,32.31823152357073,18.762000467314188,0.0,8264.807004725635,32.31823152357073,0.0,0.0,0.08034118,17.1,0.0,32.31814943126404,0.08034118,0.08034118,0.0,0.0,0.08034118,0.0,0.0,0.0,0.04865536959737696,0.0,0.04865536959737696,0.0 
 07/21  16:48:00,33.4,18.76096761576862,32.31831335580442,18.76096761576862,0.0,8259.65658164344,32.31831335580442,0.0,0.0,0.08034118,17.1,0.0,32.31823152357073,0.08034118,0.08034118,0.0,0.0,0.08034118,0.0,0.0,0.0,0.04865536959737696,0.0,0.04865536959737696,0.0 
 07/21  16:49:00,33.4,18.759940571356097,32.31839493095511,18.759940571356097,0.0,8254.535146252365,32.31839493095511,0.0,0.0,0.08034118,17.1,0.0,32.31831335580442,0.08034118,0.08034118,0.0,0.0,0.08034118,0.0,0.0,0.0,0.04865536959737696,0.0,0.04865536959737696,0.0 
 07/21  16:50:00,33.4,18.758919989153206,32.31847624809438,18.758919989153206,0.0,8249.44594271146,32.31847624809438,0.0,0.0,0.08034118,17.1,0.0,32.31839493095511,0.08034118,0.08034118,0.0,0.0,0.08034118,0.0,0.0,0.0,0.04865536959737696,0.0,0.04865536959737696,0.0 
 07/21  16:51:00,33.4,18.757905142689822,32.318557308575066,18.757905142689822,0.0,8244.385371173948,32.318557308575066,0.0,0.0,0.08034118,17.1,0.0,32.31847624809438,0.08034118,0.08034118,0.0,0.0,0.08034118,0.0,0.0,0.0,0.04865536959737696,0.0,0.04865536959737696,0.0 
 07/21  16:52:00,33.4,18.75689667906226,32.31863811351461,18.75689667906226,0.0,8239.356636127173,32.31863811351461,0.0,0.0,0.08034118,17.1,0.0,32.318557308575066,0.08034118,0.08034118,0.0,0.0,0.08034118,0.0,0.0,0.0,0.04865536959737696,0.0,0.04865536959737696,0.0 
 07/21  16:53:00,33.4,18.755893881245854,32.318718663780324,18.755893881245854,0.0,8234.356171663985,32.318718663780324,0.0,0.0,0.08034118,17.1,0.0,32.31863811351461,0.08034118,0.08034118,0.0,0.0,0.08034118,0.0,0.0,0.0,0.04865536959737696,0.0,0.04865536959737696,0.0 
 07/21  16:54:00,33.4,18.754897387980204,32.31879895886189,18.754897387980204,0.0,8229.387166799024,32.31879895886189,0.0,0.0,0.08034118,17.1,0.0,32.318718663780324,0.08034118,0.08034118,0.0,0.0,0.08034118,0.0,0.0,0.0,0.04865536959737696,0.0,0.04865536959737696,0.0 
 07/21  16:55:00,33.4,18.753906490727147,32.31887900170112,18.753906490727147,0.0,8224.446084804236,32.31887900170112,0.0,0.0,0.08034118,17.1,0.0,32.31879895886189,0.08034118,0.08034118,0.0,0.0,0.08034118,0.0,0.0,0.0,0.04865536959737696,0.0,0.04865536959737696,0.0 
 07/21  16:56:00,33.4,18.75292182098649,32.31895879137317,18.75292182098649,0.0,8219.536065665183,32.31895879137317,0.0,0.0,0.08034118,17.1,0.0,32.31887900170112,0.08034118,0.08034118,0.0,0.0,0.08034118,0.0,0.0,0.0,0.04865536959737696,0.0,0.04865536959737696,0.0 
 07/21  16:57:00,33.4,18.751942679068577,32.31903832919381,18.751942679068577,0.0,8214.653629711875,32.31903832919381,0.0,0.0,0.08034118,17.1,0.0,32.31895879137317,0.08034118,0.08034118,0.0,0.0,0.08034118,0.0,0.0,0.0,0.04865536959737696,0.0,0.04865536959737696,0.0 
 07/21  16:58:00,33.4,18.750969688104465,32.31911761626969,18.750969688104465,0.0,8209.801888298021,32.31911761626969,0.0,0.0,0.08034118,17.1,0.0,32.31903832919381,0.08034118,0.08034118,0.0,0.0,0.08034118,0.0,0.0,0.0,0.04865536959737696,0.0,0.04865536959737696,0.0 
 07/21  16:59:00,33.4,18.750002157243284,32.3191966534349,18.750002157243284,0.0,8204.977379737542,32.3191966534349,0.0,0.0,0.08034118,17.1,0.0,32.31911761626969,0.08034118,0.08034118,0.0,0.0,0.08034118,0.0,0.0,0.0,0.04865536959737696,0.0,0.04865536959737696,0.0 
 07/21  17:00:00,33.4,18.74904070221573,32.31927544018001,18.74904070221573,0.0,8200.18319155989,32.31927544018001,0.0,0.0,0.08034118,17.1,0.0,32.3191966534349,0.08034118,0.08034118,0.0,0.0,0.08034118,0.0,0.0,0.0,0.04865536959737696,0.0,0.04865536959737696,0.0,49104000.0 
 07/21  17:01:00,33.4,18.74808464005002,32.31935397939975,18.74808464005002,0.0,8195.415914272771,32.31935397939975,0.0,0.0,0.08034118,17.1,0.0,32.31927544018001,0.08034118,0.08034118,0.0,0.0,0.08034118,0.0,0.0,0.0,0.04865536959737696,0.0,0.04865536959737696,0.0 
 07/21  17:02:00,33.4,18.747134579882438,32.31943227017384,18.747134579882438,0.0,8190.678563684564,32.31943227017384,0.0,0.0,0.08034118,17.1,0.0,32.31935397939975,0.08034118,0.08034118,0.0,0.0,0.08034118,0.0,0.0,0.0,0.04865536959737696,0.0,0.04865536959737696,0.0 
 07/21  17:03:00,33.4,18.746189846827477,32.31951031378344,18.746189846827477,0.0,8185.967809437379,32.31951031378344,0.0,0.0,0.08034118,17.1,0.0,32.31943227017384,0.08034118,0.08034118,0.0,0.0,0.08034118,0.0,0.0,0.0,0.04865536959737696,0.0,0.04865536959737696,0.0 
 07/21  17:04:00,33.4,18.745251042292683,32.31958811132613,18.745251042292683,0.0,8181.286615955009,32.31958811132613,0.0,0.0,0.08034118,17.1,0.0,32.31951031378344,0.08034118,0.08034118,0.0,0.0,0.08034118,0.0,0.0,0.0,0.04865536959737696,0.0,0.04865536959737696,0.0 
 07/21  17:05:00,33.4,18.744317499519585,32.319665663606024,18.744317499519585,0.0,8176.631693275767,32.319665663606024,0.0,0.0,0.08034118,17.1,0.0,32.31958811132613,0.08034118,0.08034118,0.0,0.0,0.08034118,0.0,0.0,0.0,0.04865536959737696,0.0,0.04865536959737696,0.0 
 07/21  17:06:00,33.4,18.743389812648385,32.31974297011702,18.743389812648385,0.0,8172.005969713364,32.31974297011702,0.0,0.0,0.08034118,17.1,0.0,32.319665663606024,0.08034118,0.08034118,0.0,0.0,0.08034118,0.0,0.0,0.0,0.04865536959737696,0.0,0.04865536959737696,0.0 
 07/21  17:07:00,33.4,18.74246732364361,32.31982003371003,18.74246732364361,0.0,8167.406185750333,32.31982003371003,0.0,0.0,0.08034118,17.1,0.0,32.31974297011702,0.08034118,0.08034118,0.0,0.0,0.08034118,0.0,0.0,0.0,0.04865536959737696,0.0,0.04865536959737696,0.0 
 07/21  17:08:00,33.4,18.74155061899448,32.3198968534719,18.74155061899448,0.0,8162.835257521169,32.3198968534719,0.0,0.0,0.08034118,17.1,0.0,32.31982003371003,0.08034118,0.08034118,0.0,0.0,0.08034118,0.0,0.0,0.0,0.04865536959737696,0.0,0.04865536959737696,0.0 
 07/21  17:09:00,33.4,18.74063904840489,32.319973430652574,18.74063904840489,0.0,8158.289951069132,32.319973430652574,0.0,0.0,0.08034118,17.1,0.0,32.3198968534719,0.08034118,0.08034118,0.0,0.0,0.08034118,0.0,0.0,0.0,0.04865536959737696,0.0,0.04865536959737696,0.0 
 07/21  17:10:00,33.4,18.739733191781696,32.320049766342706,18.739733191781696,0.0,8153.773136901109,32.320049766342706,0.0,0.0,0.08034118,17.1,0.0,32.319973430652574,0.08034118,0.08034118,0.0,0.0,0.08034118,0.0,0.0,0.0,0.04865536959737696,0.0,0.04865536959737696,0.0 
 07/21  17:11:00,33.4,18.73883240692721,32.32012586131967,18.73883240692721,0.0,8149.28163425277,32.32012586131967,0.0,0.0,0.08034118,17.1,0.0,32.320049766342706,0.08034118,0.08034118,0.0,0.0,0.08034118,0.0,0.0,0.0,0.04865536959737696,0.0,0.04865536959737696,0.0 
 07/21  17:12:00,33.4,18.737937266570395,32.32020171508281,18.737937266570395,0.0,8144.818277949444,32.32020171508281,0.0,0.0,0.08034118,17.1,0.0,32.32012586131967,0.08034118,0.08034118,0.0,0.0,0.08034118,0.0,0.0,0.0,0.04865536959737696,0.0,0.04865536959737696,0.0 
 07/21  17:13:00,33.4,18.737047135613423,32.32027733044177,18.737047135613423,0.0,8140.3799353988825,32.32027733044177,0.0,0.0,0.08034118,17.1,0.0,32.32020171508281,0.08034118,0.08034118,0.0,0.0,0.08034118,0.0,0.0,0.0,0.04865536959737696,0.0,0.04865536959737696,0.0 
 07/21  17:14:00,33.4,18.73616258020686,32.32035270649218,18.73616258020686,0.0,8135.9693829809885,32.32035270649218,0.0,0.0,0.08034118,17.1,0.0,32.32027733044177,0.08034118,0.08034118,0.0,0.0,0.08034118,0.0,0.0,0.0,0.04865536959737696,0.0,0.04865536959737696,0.0 
 07/21  17:15:00,33.4,18.735282973243248,32.32042784445483,18.735282973243248,0.0,8131.583540696001,32.32042784445483,0.0,0.0,0.08034118,17.1,0.0,32.32035270649218,0.08034118,0.08034118,0.0,0.0,0.08034118,0.0,0.0,0.0,0.04865536959737696,0.0,0.04865536959737696,0.0 
 07/21  17:16:00,33.4,18.734408873487126,32.320502745414096,18.734408873487126,0.0,8127.225161083898,32.320502745414096,0.0,0.0,0.08034118,17.1,0.0,32.32042784445483,0.08034118,0.08034118,0.0,0.0,0.08034118,0.0,0.0,0.0,0.04865536959737696,0.0,0.04865536959737696,0.0 
 07/21  17:17:00,33.4,18.733539662349845,32.320577410121835,18.733539662349845,0.0,8122.89116793545,32.320577410121835,0.0,0.0,0.08034118,17.1,0.0,32.320502745414096,0.08034118,0.08034118,0.0,0.0,0.08034118,0.0,0.0,0.0,0.04865536959737696,0.0,0.04865536959737696,0.0 
 07/21  17:18:00,33.4,18.732675891569198,32.320651838082746,18.732675891569198,0.0,8118.584317413979,32.320651838082746,0.0,0.0,0.08034118,17.1,0.0,32.320577410121835,0.08034118,0.08034118,0.0,0.0,0.08034118,0.0,0.0,0.0,0.04865536959737696,0.0,0.04865536959737696,0.0 
 07/21  17:19:00,33.4,18.731816949753835,32.32072603206535,18.731816949753835,0.0,8114.301556266373,32.32072603206535,0.0,0.0,0.08034118,17.1,0.0,32.320651838082746,0.08034118,0.08034118,0.0,0.0,0.08034118,0.0,0.0,0.0,0.04865536959737696,0.0,0.04865536959737696,0.0 
 07/21  17:20:00,33.4,18.73096338238,32.32079999117335,18.73096338238,0.0,8110.045596685109,32.32079999117335,0.0,0.0,0.08034118,17.1,0.0,32.32072603206535,0.08034118,0.08034118,0.0,0.0,0.08034118,0.0,0.0,0.0,0.04865536959737696,0.0,0.04865536959737696,0.0 
 07/21  17:21:00,33.4,18.730114585057503,32.320873716598236,18.730114585057503,0.0,8105.8134458983295,32.320873716598236,0.0,0.0,0.08034118,17.1,0.0,32.32079999117335,0.08034118,0.08034118,0.0,0.0,0.08034118,0.0,0.0,0.0,0.04865536959737696,0.0,0.04865536959737696,0.0 
 07/21  17:22:00,33.4,18.729271096431567,32.320947209416886,18.729271096431567,0.0,8101.607769303605,32.320947209416886,0.0,0.0,0.08034118,17.1,0.0,32.320873716598236,0.08034118,0.08034118,0.0,0.0,0.08034118,0.0,0.0,0.0,0.04865536959737696,0.0,0.04865536959737696,0.0 
 07/21  17:23:00,33.4,18.728432319492267,32.32102047035553,18.728432319492267,0.0,8097.425610825703,32.32102047035553,0.0,0.0,0.08034118,17.1,0.0,32.320947209416886,0.08034118,0.08034118,0.0,0.0,0.08034118,0.0,0.0,0.0,0.04865536959737696,0.0,0.04865536959737696,0.0 
 07/21  17:24:00,33.4,18.72759878701845,32.32109349892332,18.72759878701845,0.0,8093.26959391512,32.32109349892332,0.0,0.0,0.08034118,17.1,0.0,32.32102047035553,0.08034118,0.08034118,0.0,0.0,0.08034118,0.0,0.0,0.0,0.04865536959737696,0.0,0.04865536959737696,0.0 
 07/21  17:25:00,33.4,18.72676990939089,32.321166297847505,18.72676990939089,0.0,8089.136812046672,32.321166297847505,0.0,0.0,0.08034118,17.1,0.0,32.32109349892332,0.08034118,0.08034118,0.0,0.0,0.08034118,0.0,0.0,0.0,0.04865536959737696,0.0,0.04865536959737696,0.0 
 07/21  17:26:00,33.4,18.72594621222401,32.321238866239334,18.72594621222401,0.0,8085.02986584384,32.321238866239334,0.0,0.0,0.08034118,17.1,0.0,32.321166297847505,0.08034118,0.08034118,0.0,0.0,0.08034118,0.0,0.0,0.0,0.04865536959737696,0.0,0.04865536959737696,0.0 
 07/21  17:27:00,33.4,18.7251271132963,32.321311205261296,18.7251271132963,0.0,8080.945859996518,32.321311205261296,0.0,0.0,0.08034118,17.1,0.0,32.321238866239334,0.08034118,0.08034118,0.0,0.0,0.08034118,0.0,0.0,0.0,0.04865536959737696,0.0,0.04865536959737696,0.0 
 07/21  17:28:00,33.4,18.7243131320466,32.32138331598231,18.7243131320466,0.0,8076.887377211228,32.32138331598231,0.0,0.0,0.08034118,17.1,0.0,32.321311205261296,0.08034118,0.08034118,0.0,0.0,0.08034118,0.0,0.0,0.0,0.04865536959737696,0.0,0.04865536959737696,0.0 
 07/21  17:29:00,33.4,18.72350369276048,32.32145519910347,18.72350369276048,0.0,8072.851567298085,32.32145519910347,0.0,0.0,0.08034118,17.1,0.0,32.32138331598231,0.08034118,0.08034118,0.0,0.0,0.08034118,0.0,0.0,0.0,0.04865536959737696,0.0,0.04865536959737696,0.0 
 07/21  17:30:00,33.4,18.722699308964184,32.321526854138156,18.722699308964184,0.0,8068.840958048527,32.321526854138156,0.0,0.0,0.08034118,17.1,0.0,32.32145519910347,0.08034118,0.08034118,0.0,0.0,0.08034118,0.0,0.0,0.0,0.04865536959737696,0.0,0.04865536959737696,0.0 
 07/21  17:31:00,33.4,18.721899412135063,32.32159828377261,18.721899412135063,0.0,8064.852747790396,32.32159828377261,0.0,0.0,0.08034118,17.1,0.0,32.321526854138156,0.08034118,0.08034118,0.0,0.0,0.08034118,0.0,0.0,0.0,0.04865536959737696,0.0,0.04865536959737696,0.0 
 07/21  17:32:00,33.4,18.721127597450725,32.321669301477414,18.721127597450725,0.0,8061.00423709996,32.321669301477414,0.0,0.0,0.08034118,17.1,0.0,32.32159828377261,0.08034118,0.08034118,0.0,0.0,0.08034118,0.0,0.0,0.0,0.04865536959737696,0.0,0.04865536959737696,0.0 
 07/21  17:33:00,33.4,18.720347422494456,32.321740102814005,18.720347422494456,0.0,8057.114547700617,32.321740102814005,0.0,0.0,0.08034118,17.1,0.0,32.321669301477414,0.08034118,0.08034118,0.0,0.0,0.08034118,0.0,0.0,0.0,0.04865536959737696,0.0,0.04865536959737696,0.0 
 07/21  17:34:00,33.4,18.719575384596823,32.32181060075417,18.719575384596823,0.0,8053.265215362908,32.32181060075417,0.0,0.0,0.08034118,17.1,0.0,32.321740102814005,0.08034118,0.08034118,0.0,0.0,0.08034118,0.0,0.0,0.0,0.04865536959737696,0.0,0.04865536959737696,0.0 
 07/21  17:35:00,33.4,18.718791170211393,32.321880949202345,18.718791170211393,0.0,8049.355448150168,32.321880949202345,0.0,0.0,0.08034118,17.1,0.0,32.32181060075417,0.08034118,0.08034118,0.0,0.0,0.08034118,0.0,0.0,0.0,0.04865536959737696,0.0,0.04865536959737696,0.0 
 07/21  17:36:00,33.4,18.718020143263413,32.32195101432233,18.718020143263413,0.0,8045.511112678851,32.32195101432233,0.0,0.0,0.08034118,17.1,0.0,32.321880949202345,0.08034118,0.08034118,0.0,0.0,0.08034118,0.0,0.0,0.0,0.04865536959737696,0.0,0.04865536959737696,0.0 
 07/21  17:37:00,33.4,18.717242533017405,32.322020930986994,18.717242533017405,0.0,8041.634217688115,32.322020930986994,0.0,0.0,0.08034118,17.1,0.0,32.32195101432233,0.08034118,0.08034118,0.0,0.0,0.08034118,0.0,0.0,0.0,0.04865536959737696,0.0,0.04865536959737696,0.0 
 07/21  17:38:00,33.4,18.716480566931526,32.32209056586063,18.716480566931526,0.0,8037.8350463606785,32.32209056586063,0.0,0.0,0.08034118,17.1,0.0,32.322020930986994,0.08034118,0.08034118,0.0,0.0,0.08034118,0.0,0.0,0.0,0.04865536959737696,0.0,0.04865536959737696,0.0 
 07/21  17:39:00,33.4,18.71571254798193,32.32216005675496,18.71571254798193,0.0,8034.0059908158855,32.32216005675496,0.0,0.0,0.08034118,17.1,0.0,32.32209056586063,0.08034118,0.08034118,0.0,0.0,0.08034118,0.0,0.0,0.0,0.04865536959737696,0.0,0.04865536959737696,0.0 
 07/21  17:40:00,33.4,18.71495970053499,32.32222927213812,18.71495970053499,0.0,8030.252308310887,32.32222927213812,0.0,0.0,0.08034118,17.1,0.0,32.32216005675496,0.08034118,0.08034118,0.0,0.0,0.08034118,0.0,0.0,0.0,0.04865536959737696,0.0,0.04865536959737696,0.0 
 07/21  17:41:00,33.4,18.714200628340492,32.32229834258,18.714200628340492,0.0,8026.467873859797,32.32229834258,0.0,0.0,0.08034118,17.1,0.0,32.32222927213812,0.08034118,0.08034118,0.0,0.0,0.08034118,0.0,0.0,0.0,0.04865536959737696,0.0,0.04865536959737696,0.0 
 07/21  17:42:00,33.4,18.713456500471377,32.322367131593914,18.713456500471377,0.0,8022.757682489032,32.322367131593914,0.0,0.0,0.08034118,17.1,0.0,32.32229834258,0.08034118,0.08034118,0.0,0.0,0.08034118,0.0,0.0,0.0,0.04865536959737696,0.0,0.04865536959737696,0.0 
 07/21  17:43:00,33.4,18.7127062717035,32.32243577212465,18.7127062717035,0.0,8019.017367315041,32.32243577212465,0.0,0.0,0.08034118,17.1,0.0,32.322367131593914,0.08034118,0.08034118,0.0,0.0,0.08034118,0.0,0.0,0.0,0.04865536959737696,0.0,0.04865536959737696,0.0 
 07/21  17:44:00,33.4,18.71197086263104,32.32250413420624,18.71197086263104,0.0,8015.3506625124055,32.32250413420624,0.0,0.0,0.08034118,17.1,0.0,32.32243577212465,0.08034118,0.08034118,0.0,0.0,0.08034118,0.0,0.0,0.0,0.04865536959737696,0.0,0.04865536959737696,0.0 
 07/21  17:45:00,33.4,18.711229449263598,32.32257235361399,18.711229449263598,0.0,8011.654313905519,32.32257235361399,0.0,0.0,0.08034118,17.1,0.0,32.32250413420624,0.08034118,0.08034118,0.0,0.0,0.08034118,0.0,0.0,0.0,0.04865536959737696,0.0,0.04865536959737696,0.0 
 07/21  17:46:00,33.4,18.710502682842264,32.32264030123178,18.710502682842264,0.0,8008.030729019788,32.32264030123178,0.0,0.0,0.08034118,17.1,0.0,32.32257235361399,0.08034118,0.08034118,0.0,0.0,0.08034118,0.0,0.0,0.0,0.04865536959737696,0.0,0.04865536959737696,0.0 
 07/21  17:47:00,33.4,18.709769980038306,32.32270810515704,18.709769980038306,0.0,8004.377825020301,32.32270810515704,0.0,0.0,0.08034118,17.1,0.0,32.32264030123178,0.08034118,0.08034118,0.0,0.0,0.08034118,0.0,0.0,0.0,0.04865536959737696,0.0,0.04865536959737696,0.0 
 07/21  17:48:00,33.4,18.709051748682295,32.322775631251716,18.709051748682295,0.0,8000.7967991516625,32.322775631251716,0.0,0.0,0.08034118,17.1,0.0,32.32270810515704,0.08034118,0.08034118,0.0,0.0,0.08034118,0.0,0.0,0.0,0.04865536959737696,0.0,0.04865536959737696,0.0 
 07/21  17:49:00,33.4,18.708351034210107,32.32284282403064,18.708351034210107,0.0,7997.303084596238,32.32284282403064,0.0,0.0,0.08034118,17.1,0.0,32.322775631251716,0.08034118,0.08034118,0.0,0.0,0.08034118,0.0,0.0,0.0,0.04865536959737696,0.0,0.04865536959737696,0.0 
 07/21  17:50:00,33.4,18.707659049174854,32.32290971684089,18.707659049174854,0.0,7993.853011672609,32.32290971684089,0.0,0.0,0.08034118,17.1,0.0,32.32284282403064,0.08034118,0.08034118,0.0,0.0,0.08034118,0.0,0.0,0.0,0.04865536959737696,0.0,0.04865536959737696,0.0 
 07/21  17:51:00,33.4,18.706970655022353,32.32297634258629,18.706970655022353,0.0,7990.420928335225,32.32297634258629,0.0,0.0,0.08034118,17.1,0.0,32.32290971684089,0.08034118,0.08034118,0.0,0.0,0.08034118,0.0,0.0,0.0,0.04865536959737696,0.0,0.04865536959737696,0.0 
 07/21  17:52:00,33.4,18.70628420849337,32.323042726081546,18.70628420849337,0.0,7986.99857526356,32.323042726081546,0.0,0.0,0.08034118,17.1,0.0,32.32297634258629,0.08034118,0.08034118,0.0,0.0,0.08034118,0.0,0.0,0.0,0.04865536959737696,0.0,0.04865536959737696,0.0 
 07/21  17:53:00,33.4,18.705599243704082,32.32310888180085,18.705599243704082,0.0,7983.583623240338,32.32310888180085,0.0,0.0,0.08034118,17.1,0.0,32.323042726081546,0.08034118,0.08034118,0.0,0.0,0.08034118,0.0,0.0,0.0,0.04865536959737696,0.0,0.04865536959737696,0.0 
 07/21  17:54:00,33.4,18.704916577314435,32.323174818015886,18.704916577314435,0.0,7980.1801329102,32.323174818015886,0.0,0.0,0.08034118,17.1,0.0,32.32310888180085,0.08034118,0.08034118,0.0,0.0,0.08034118,0.0,0.0,0.0,0.04865536959737696,0.0,0.04865536959737696,0.0 
 07/21  17:55:00,33.4,18.704236461379434,32.32324054186292,18.704236461379434,0.0,7976.789357498733,32.32324054186292,0.0,0.0,0.08034118,17.1,0.0,32.323174818015886,0.08034118,0.08034118,0.0,0.0,0.08034118,0.0,0.0,0.0,0.04865536959737696,0.0,0.04865536959737696,0.0 
 07/21  17:56:00,33.4,18.703559589773246,32.32330605639406,18.703559589773246,0.0,7973.414759674324,32.32330605639406,0.0,0.0,0.08034118,17.1,0.0,32.32324054186292,0.08034118,0.08034118,0.0,0.0,0.08034118,0.0,0.0,0.0,0.04865536959737696,0.0,0.04865536959737696,0.0 
 07/21  17:57:00,33.4,18.702885846034558,32.32337136485392,18.702885846034558,0.0,7970.055760247328,32.32337136485392,0.0,0.0,0.08034118,17.1,0.0,32.32330605639406,0.08034118,0.08034118,0.0,0.0,0.08034118,0.0,0.0,0.0,0.04865536959737696,0.0,0.04865536959737696,0.0 
 07/21  17:58:00,33.4,18.702215678994218,32.323436470098486,18.702215678994218,0.0,7966.714603408991,32.323436470098486,0.0,0.0,0.08034118,17.1,0.0,32.32337136485392,0.08034118,0.08034118,0.0,0.0,0.08034118,0.0,0.0,0.0,0.04865536959737696,0.0,0.04865536959737696,0.0 
 07/21  17:59:00,33.4,18.701548839646094,32.32350137409287,18.701548839646094,0.0,7963.390038332227,32.32350137409287,0.0,0.0,0.08034118,17.1,0.0,32.323436470098486,0.08034118,0.08034118,0.0,0.0,0.08034118,0.0,0.0,0.0,0.04865536959737696,0.0,0.04865536959737696,0.0 
 07/21  18:00:00,33.4,18.700885719651236,32.3235660775293,18.700885719651236,0.0,7960.084024924345,32.3235660775293,0.0,0.0,0.08034118,17.1,0.0,32.32350137409287,0.08034118,0.08034118,0.0,0.0,0.08034118,0.0,0.0,0.0,0.04865536959737696,0.0,0.04865536959737696,0.0,49104000.0 
 07/21  18:01:00,33.4,18.70022602926142,32.323630583262634,18.70022602926142,0.0,7956.795109789623,32.323630583262634,0.0,0.0,0.08034118,17.1,0.0,32.3235660775293,0.08034118,0.08034118,0.0,0.0,0.08034118,0.0,0.0,0.0,0.04865536959737696,0.0,0.04865536959737696,0.0 
 07/21  18:02:00,33.4,18.699570124929362,32.323694891266236,18.699570124929362,0.0,7953.525090300022,32.323694891266236,0.0,0.0,0.08034118,17.1,0.0,32.323630583262634,0.08034118,0.08034118,0.0,0.0,0.08034118,0.0,0.0,0.0,0.04865536959737696,0.0,0.04865536959737696,0.0 
 07/21  18:03:00,33.4,18.698917688208255,32.32375900269937,18.698917688208255,0.0,7950.272357819022,32.32375900269937,0.0,0.0,0.08034118,17.1,0.0,32.323694891266236,0.08034118,0.08034118,0.0,0.0,0.08034118,0.0,0.0,0.0,0.04865536959737696,0.0,0.04865536959737696,0.0 
 07/21  18:04:00,33.4,18.69826905229482,32.32382291875854,18.69826905229482,0.0,7947.038581522188,32.32382291875854,0.0,0.0,0.08034118,17.1,0.0,32.32375900269937,0.08034118,0.08034118,0.0,0.0,0.08034118,0.0,0.0,0.0,0.04865536959737696,0.0,0.04865536959737696,0.0 
 07/21  18:05:00,33.4,18.697623885075956,32.3238866402168,18.697623885075956,0.0,7943.822109924217,32.3238866402168,0.0,0.0,0.08034118,17.1,0.0,32.32382291875854,0.08034118,0.08034118,0.0,0.0,0.08034118,0.0,0.0,0.0,0.04865536959737696,0.0,0.04865536959737696,0.0 
 07/21  18:06:00,33.4,18.696982507434264,32.32395016680033,18.696982507434264,0.0,7940.624525892476,32.32395016680033,0.0,0.0,0.08034118,17.1,0.0,32.3238866402168,0.08034118,0.08034118,0.0,0.0,0.08034118,0.0,0.0,0.0,0.04865536959737696,0.0,0.04865536959737696,0.0 
 07/21  18:07:00,33.4,18.696344582407086,32.324013500667654,18.696344582407086,0.0,7937.444178888227,32.324013500667654,0.0,0.0,0.08034118,17.1,0.0,32.32395016680033,0.08034118,0.08034118,0.0,0.0,0.08034118,0.0,0.0,0.0,0.04865536959737696,0.0,0.04865536959737696,0.0 
 07/21  18:08:00,33.4,18.695710422882023,32.324076641218134,18.695710422882023,0.0,7934.28259950475,32.324076641218134,0.0,0.0,0.08034118,17.1,0.0,32.324013500667654,0.08034118,0.08034118,0.0,0.0,0.08034118,0.0,0.0,0.0,0.04865536959737696,0.0,0.04865536959737696,0.0 
 07/21  18:09:00,33.4,18.695079691699803,32.32413958918293,18.695079691699803,0.0,7931.138123700939,32.32413958918293,0.0,0.0,0.08034118,17.1,0.0,32.324076641218134,0.08034118,0.08034118,0.0,0.0,0.08034118,0.0,0.0,0.0,0.04865536959737696,0.0,0.04865536959737696,0.0 
 07/21  18:10:00,33.4,18.694452696152233,32.32420234540266,18.694452696152233,0.0,7928.012266785709,32.32420234540266,0.0,0.0,0.08034118,17.1,0.0,32.32413958918293,0.08034118,0.08034118,0.0,0.0,0.08034118,0.0,0.0,0.0,0.04865536959737696,0.0,0.04865536959737696,0.0 
 07/21  18:11:00,33.4,18.693829099469323,32.3242649103821,18.693829099469323,0.0,7924.903379145562,32.3242649103821,0.0,0.0,0.08034118,17.1,0.0,32.32420234540266,0.08034118,0.08034118,0.0,0.0,0.08034118,0.0,0.0,0.0,0.04865536959737696,0.0,0.04865536959737696,0.0 
 07/21  18:12:00,33.4,18.693209204006802,32.32432728362257,18.693209204006802,0.0,7921.812939047159,32.32432728362257,0.0,0.0,0.08034118,17.1,0.0,32.3242649103821,0.08034118,0.08034118,0.0,0.0,0.08034118,0.0,0.0,0.0,0.04865536959737696,0.0,0.04865536959737696,0.0 
 07/21  18:13:00,33.4,18.69259267570263,32.32438946710745,18.69259267570263,0.0,7918.739297838615,32.32438946710745,0.0,0.0,0.08034118,17.1,0.0,32.32432728362257,0.08034118,0.08034118,0.0,0.0,0.08034118,0.0,0.0,0.0,0.04865536959737696,0.0,0.04865536959737696,0.0 
 07/21  18:14:00,33.4,18.69197981255641,32.32445146009612,18.69197981255641,0.0,7915.683937126228,32.32445146009612,0.0,0.0,0.08034118,17.1,0.0,32.32438946710745,0.08034118,0.08034118,0.0,0.0,0.08034118,0.0,0.0,0.0,0.04865536959737696,0.0,0.04865536959737696,0.0 
 07/21  18:15:00,33.4,18.691370283475568,32.32451326321055,18.691370283475568,0.0,7912.645198048904,32.32451326321055,0.0,0.0,0.08034118,17.1,0.0,32.32445146009612,0.08034118,0.08034118,0.0,0.0,0.08034118,0.0,0.0,0.0,0.04865536959737696,0.0,0.04865536959737696,0.0 
 07/21  18:16:00,33.4,18.6907643827877,32.32457487719995,18.6907643827877,0.0,7909.6245564406945,32.32457487719995,0.0,0.0,0.08034118,17.1,0.0,32.32451326321055,0.08034118,0.08034118,0.0,0.0,0.08034118,0.0,0.0,0.0,0.04865536959737696,0.0,0.04865536959737696,0.0 
 07/21  18:17:00,33.4,18.69016178221789,32.32463630250321,18.69016178221789,0.0,7906.620367466021,32.32463630250321,0.0,0.0,0.08034118,17.1,0.0,32.32457487719995,0.08034118,0.08034118,0.0,0.0,0.08034118,0.0,0.0,0.0,0.04865536959737696,0.0,0.04865536959737696,0.0 
 07/21  18:18:00,33.4,18.689562771857503,32.32469753857239,18.689562771857503,0.0,7903.634098345001,32.32469753857239,0.0,0.0,0.08034118,17.1,0.0,32.32463630250321,0.08034118,0.08034118,0.0,0.0,0.08034118,0.0,0.0,0.0,0.04865536959737696,0.0,0.04865536959737696,0.0 
 07/21  18:19:00,33.4,18.688967026926544,32.32475858734512,18.688967026926544,0.0,7900.664096707742,32.32475858734512,0.0,0.0,0.08034118,17.1,0.0,32.32469753857239,0.08034118,0.08034118,0.0,0.0,0.08034118,0.0,0.0,0.0,0.04865536959737696,0.0,0.04865536959737696,0.0 
 07/21  18:20:00,33.4,18.688374834324424,32.32481944805847,18.688374834324424,0.0,7897.711826347795,32.32481944805847,0.0,0.0,0.08034118,17.1,0.0,32.32475858734512,0.08034118,0.08034118,0.0,0.0,0.08034118,0.0,0.0,0.0,0.04865536959737696,0.0,0.04865536959737696,0.0 
 07/21  18:21:00,33.4,18.687785871981593,32.32488012131428,18.687785871981593,0.0,7894.775660853547,32.32488012131428,0.0,0.0,0.08034118,17.1,0.0,32.32481944805847,0.08034118,0.08034118,0.0,0.0,0.08034118,0.0,0.0,0.0,0.04865536959737696,0.0,0.04865536959737696,0.0 
 07/21  18:22:00,33.4,18.687200424290275,32.324940607848006,18.687200424290275,0.0,7891.857014183415,32.324940607848006,0.0,0.0,0.08034118,17.1,0.0,32.32488012131428,0.08034118,0.08034118,0.0,0.0,0.08034118,0.0,0.0,0.0,0.04865536959737696,0.0,0.04865536959737696,0.0 
 07/21  18:23:00,33.4,18.686618172220765,32.32500090809282,18.686618172220765,0.0,7888.954312402952,32.32500090809282,0.0,0.0,0.08034118,17.1,0.0,32.324940607848006,0.08034118,0.08034118,0.0,0.0,0.08034118,0.0,0.0,0.0,0.04865536959737696,0.0,0.04865536959737696,0.0 
 07/21  18:24:00,33.4,18.68603939602607,32.32506102150703,18.68603939602607,0.0,7886.068948873576,32.32506102150703,0.0,0.0,0.08034118,17.1,0.0,32.32500090809282,0.08034118,0.08034118,0.0,0.0,0.08034118,0.0,0.0,0.0,0.04865536959737696,0.0,0.04865536959737696,0.0 
 07/21  18:25:00,33.4,18.685463780354368,32.32512095002164,18.685463780354368,0.0,7883.199343076094,32.32512095002164,0.0,0.0,0.08034118,17.1,0.0,32.32506102150703,0.08034118,0.08034118,0.0,0.0,0.08034118,0.0,0.0,0.0,0.04865536959737696,0.0,0.04865536959737696,0.0 
 07/21  18:26:00,33.4,18.684891603039347,32.32518069289085,18.684891603039347,0.0,7880.346876356457,32.32518069289085,0.0,0.0,0.08034118,17.1,0.0,32.32512095002164,0.08034118,0.08034118,0.0,0.0,0.08034118,0.0,0.0,0.0,0.04865536959737696,0.0,0.04865536959737696,0.0 
 07/21  18:27:00,33.4,18.684322551673265,32.325240250724605,18.684322551673265,0.0,7877.510007695464,32.325240250724605,0.0,0.0,0.08034118,17.1,0.0,32.32518069289085,0.08034118,0.08034118,0.0,0.0,0.08034118,0.0,0.0,0.0,0.04865536959737696,0.0,0.04865536959737696,0.0 
 07/21  18:28:00,33.4,18.683756900009836,32.32529962427017,18.683756900009836,0.0,7874.690098137112,32.32529962427017,0.0,0.0,0.08034118,17.1,0.0,32.325240250724605,0.08034118,0.08034118,0.0,0.0,0.08034118,0.0,0.0,0.0,0.04865536959737696,0.0,0.04865536959737696,0.0 
 07/21  18:29:00,33.4,18.683194339378655,32.32535881396235,18.683194339378655,0.0,7871.8856004121835,32.32535881396235,0.0,0.0,0.08034118,17.1,0.0,32.32529962427017,0.08034118,0.08034118,0.0,0.0,0.08034118,0.0,0.0,0.0,0.04865536959737696,0.0,0.04865536959737696,0.0 
 07/21  18:30:00,33.4,18.682635141245306,32.32541781923699,18.682635141245306,0.0,7869.097864201399,32.32541781923699,0.0,0.0,0.08034118,17.1,0.0,32.32535881396235,0.08034118,0.08034118,0.0,0.0,0.08034118,0.0,0.0,0.0,0.04865536959737696,0.0,0.04865536959737696,0.0 
 07/21  18:31:00,33.4,18.682079000422505,32.32547664188621,18.682079000422505,0.0,7866.325371979483,32.32547664188621,0.0,0.0,0.08034118,17.1,0.0,32.32541781923699,0.08034118,0.08034118,0.0,0.0,0.08034118,0.0,0.0,0.0,0.04865536959737696,0.0,0.04865536959737696,0.0 
 07/21  18:32:00,33.4,18.68152618444124,32.32553528087136,18.68152618444124,0.0,7863.569466254926,32.32553528087136,0.0,0.0,0.08034118,17.1,0.0,32.32547664188621,0.08034118,0.08034118,0.0,0.0,0.08034118,0.0,0.0,0.0,0.04865536959737696,0.0,0.04865536959737696,0.0 
 07/21  18:33:00,33.4,18.68097639058966,32.32559373620728,18.68097639058966,0.0,7860.828641800863,32.32559373620728,0.0,0.0,0.08034118,17.1,0.0,32.32553528087136,0.08034118,0.08034118,0.0,0.0,0.08034118,0.0,0.0,0.0,0.04865536959737696,0.0,0.04865536959737696,0.0 
 07/21  18:34:00,33.4,18.68042988435877,32.32565200766291,18.68042988435877,0.0,7858.104193809777,32.32565200766291,0.0,0.0,0.08034118,17.1,0.0,32.32559373620728,0.08034118,0.08034118,0.0,0.0,0.08034118,0.0,0.0,0.0,0.04865536959737696,0.0,0.04865536959737696,0.0 
 07/21  18:35:00,33.4,18.679886366896948,32.32571009422991,18.679886366896948,0.0,7855.3946610371895,32.32571009422991,0.0,0.0,0.08034118,17.1,0.0,32.32565200766291,0.08034118,0.08034118,0.0,0.0,0.08034118,0.0,0.0,0.0,0.04865536959737696,0.0,0.04865536959737696,0.0 
 07/21  18:36:00,33.4,18.67934610000845,32.32576799342817,18.67934610000845,0.0,7852.701332735878,32.32576799342817,0.0,0.0,0.08034118,17.1,0.0,32.32571009422991,0.08034118,0.08034118,0.0,0.0,0.08034118,0.0,0.0,0.0,0.04865536959737696,0.0,0.04865536959737696,0.0 
 07/21  18:37:00,33.4,18.678808787794033,32.32582570468716,18.678808787794033,0.0,7850.022749943714,32.32582570468716,0.0,0.0,0.08034118,17.1,0.0,32.32576799342817,0.08034118,0.08034118,0.0,0.0,0.08034118,0.0,0.0,0.0,0.04865536959737696,0.0,0.04865536959737696,0.0 
 07/21  18:38:00,33.4,18.67827468953841,32.32588322429345,18.67827468953841,0.0,7847.360177030055,32.32588322429345,0.0,0.0,0.08034118,17.1,0.0,32.32582570468716,0.08034118,0.08034118,0.0,0.0,0.08034118,0.0,0.0,0.0,0.04865536959737696,0.0,0.04865536959737696,0.0 
 07/21  18:39:00,33.4,18.677743512826396,32.325940549442215,18.677743512826396,0.0,7844.712184724367,32.325940549442215,0.0,0.0,0.08034118,17.1,0.0,32.32588322429345,0.08034118,0.08034118,0.0,0.0,0.08034118,0.0,0.0,0.0,0.04865536959737696,0.0,0.04865536959737696,0.0 
 07/21  18:40:00,33.4,18.677215513227644,32.32599767709712,18.677215513227644,0.0,7842.080031297069,32.32599767709712,0.0,0.0,0.08034118,17.1,0.0,32.325940549442215,0.08034118,0.08034118,0.0,0.0,0.08034118,0.0,0.0,0.0,0.04865536959737696,0.0,0.04865536959737696,0.0 
 07/21  18:41:00,33.4,18.676690401827,32.32605460366398,18.676690401827,0.0,7839.462280150692,32.32605460366398,0.0,0.0,0.08034118,17.1,0.0,32.32599767709712,0.08034118,0.08034118,0.0,0.0,0.08034118,0.0,0.0,0.0,0.04865536959737696,0.0,0.04865536959737696,0.0 
 07/21  18:42:00,33.4,18.676168430710646,32.326111324396294,18.676168430710646,0.0,7836.860196950051,32.326111324396294,0.0,0.0,0.08034118,17.1,0.0,32.32605460366398,0.08034118,0.08034118,0.0,0.0,0.08034118,0.0,0.0,0.0,0.04865536959737696,0.0,0.04865536959737696,0.0 
 07/21  18:43:00,33.4,18.675649314560193,32.326167836943476,18.675649314560193,0.0,7834.27233828771,32.326167836943476,0.0,0.0,0.08034118,17.1,0.0,32.326111324396294,0.08034118,0.08034118,0.0,0.0,0.08034118,0.0,0.0,0.0,0.04865536959737696,0.0,0.04865536959737696,0.0 
 07/21  18:44:00,33.4,18.675133302412423,32.326224136256855,18.675133302412423,0.0,7831.699967007776,32.326224136256855,0.0,0.0,0.08034118,17.1,0.0,32.326167836943476,0.08034118,0.08034118,0.0,0.0,0.08034118,0.0,0.0,0.0,0.04865536959737696,0.0,0.04865536959737696,0.0 
 07/21  18:45:00,33.4,18.67462011150765,32.32628021876119,18.67462011150765,0.0,7829.141664779668,32.32628021876119,0.0,0.0,0.08034118,17.1,0.0,32.326224136256855,0.08034118,0.08034118,0.0,0.0,0.08034118,0.0,0.0,0.0,0.04865536959737696,0.0,0.04865536959737696,0.0 
 07/21  18:46:00,33.4,18.674109987905386,32.32633608112201,18.674109987905386,0.0,7826.598654955101,32.32633608112201,0.0,0.0,0.08034118,17.1,0.0,32.32628021876119,0.08034118,0.08034118,0.0,0.0,0.08034118,0.0,0.0,0.0,0.04865536959737696,0.0,0.04865536959737696,0.0 
 07/21  18:47:00,33.4,18.67360265218079,32.32639171994004,18.67360265218079,0.0,7824.069548134703,32.32639171994004,0.0,0.0,0.08034118,17.1,0.0,32.32633608112201,0.08034118,0.08034118,0.0,0.0,0.08034118,0.0,0.0,0.0,0.04865536959737696,0.0,0.04865536959737696,0.0 
 07/21  18:48:00,33.4,18.67309834703084,32.32644713103404,18.67309834703084,0.0,7821.555550950666,32.32644713103404,0.0,0.0,0.08034118,17.1,0.0,32.32639171994004,0.08034118,0.08034118,0.0,0.0,0.08034118,0.0,0.0,0.0,0.04865536959737696,0.0,0.04865536959737696,0.0 
 07/21  18:49:00,33.4,18.672596796069914,32.32650231304394,18.672596796069914,0.0,7819.055289118519,32.32650231304394,0.0,0.0,0.08034118,17.1,0.0,32.32644713103404,0.08034118,0.08034118,0.0,0.0,0.08034118,0.0,0.0,0.0,0.04865536959737696,0.0,0.04865536959737696,0.0 
 07/21  18:50:00,33.4,18.67209823858557,32.32655726213478,18.67209823858557,0.0,7816.56995231785,32.32655726213478,0.0,0.0,0.08034118,17.1,0.0,32.32650231304394,0.08034118,0.08034118,0.0,0.0,0.08034118,0.0,0.0,0.0,0.04865536959737696,0.0,0.04865536959737696,0.0 
 07/21  18:51:00,33.4,18.671602400834683,32.32661197622816,18.671602400834683,0.0,7814.098191713865,32.32661197622816,0.0,0.0,0.08034118,17.1,0.0,32.32655726213478,0.08034118,0.08034118,0.0,0.0,0.08034118,0.0,0.0,0.0,0.04865536959737696,0.0,0.04865536959737696,0.0 
 07/21  18:52:00,33.4,18.671109519254376,32.32666645363999,18.671109519254376,0.0,7811.641158193943,32.32666645363999,0.0,0.0,0.08034118,17.1,0.0,32.32661197622816,0.08034118,0.08034118,0.0,0.0,0.08034118,0.0,0.0,0.0,0.04865536959737696,0.0,0.04865536959737696,0.0 
 07/21  18:53:00,33.4,18.670619324114487,32.32672069276583,18.670619324114487,0.0,7809.197522883678,32.32672069276583,0.0,0.0,0.08034118,17.1,0.0,32.32666645363999,0.08034118,0.08034118,0.0,0.0,0.08034118,0.0,0.0,0.0,0.04865536959737696,0.0,0.04865536959737696,0.0 
 07/21  18:54:00,33.4,18.67013204816099,32.32677469126274,18.67013204816099,0.0,7806.76844293625,32.32677469126274,0.0,0.0,0.08034118,17.1,0.0,32.32672069276583,0.08034118,0.08034118,0.0,0.0,0.08034118,0.0,0.0,0.0,0.04865536959737696,0.0,0.04865536959737696,0.0 
 07/21  18:55:00,33.4,18.66964742453192,32.32682844969878,18.66964742453192,0.0,7804.3525914298925,32.32682844969878,0.0,0.0,0.08034118,17.1,0.0,32.32677469126274,0.08034118,0.08034118,0.0,0.0,0.08034118,0.0,0.0,0.0,0.04865536959737696,0.0,0.04865536959737696,0.0 
 07/21  18:56:00,33.4,18.669165682745376,32.32688196612484,18.669165682745376,0.0,7801.9511094680365,32.32688196612484,0.0,0.0,0.08034118,17.1,0.0,32.32682844969878,0.08034118,0.08034118,0.0,0.0,0.08034118,0.0,0.0,0.0,0.04865536959737696,0.0,0.04865536959737696,0.0 
 07/21  18:57:00,33.4,18.668686559314285,32.32693524035137,18.668686559314285,0.0,7799.562686912423,32.32693524035137,0.0,0.0,0.08034118,17.1,0.0,32.32688196612484,0.08034118,0.08034118,0.0,0.0,0.08034118,0.0,0.0,0.0,0.04865536959737696,0.0,0.04865536959737696,0.0 
 07/21  18:58:00,33.4,18.668210281290726,32.32698827252985,18.668210281290726,0.0,7797.188440326304,32.32698827252985,0.0,0.0,0.08034118,17.1,0.0,32.32693524035137,0.08034118,0.08034118,0.0,0.0,0.08034118,0.0,0.0,0.0,0.04865536959737696,0.0,0.04865536959737696,0.0 
 07/21  18:59:00,33.4,18.6677365880928,32.32704106283193,18.6677365880928,0.0,7794.827098580245,32.32704106283193,0.0,0.0,0.08034118,17.1,0.0,32.32698827252985,0.08034118,0.08034118,0.0,0.0,0.08034118,0.0,0.0,0.0,0.04865536959737696,0.0,0.04865536959737696,0.0 
 07/21  19:00:00,33.4,18.667265703542498,32.32709361060181,18.667265703542498,0.0,7792.47974990245,32.32709361060181,0.0,0.0,0.08034118,17.1,0.0,32.32704106283193,0.08034118,0.08034118,0.0,0.0,0.08034118,0.0,0.0,0.0,0.04865536959737696,0.0,0.04865536959737696,0.0,49104000.0 
 07/21  19:01:00,33.4,18.666797370889086,32.327145918022545,18.666797370889086,0.0,7790.145129932853,32.327145918022545,0.0,0.0,0.08034118,17.1,0.0,32.32709361060181,0.08034118,0.08034118,0.0,0.0,0.08034118,0.0,0.0,0.0,0.04865536959737696,0.0,0.04865536959737696,0.0 
 07/21  19:02:00,33.4,18.6663318107602,32.327197984656316,18.6663318107602,0.0,7787.8243355694985,32.327197984656316,0.0,0.0,0.08034118,17.1,0.0,32.327145918022545,0.08034118,0.08034118,0.0,0.0,0.08034118,0.0,0.0,0.0,0.04865536959737696,0.0,0.04865536959737696,0.0 
 07/21  19:03:00,33.4,18.665868769522103,32.32724981172297,18.665868769522103,0.0,7785.51610567481,32.32724981172297,0.0,0.0,0.08034118,17.1,0.0,32.327197984656316,0.08034118,0.08034118,0.0,0.0,0.08034118,0.0,0.0,0.0,0.04865536959737696,0.0,0.04865536959737696,0.0 
 07/21  19:04:00,33.4,18.665408465085694,32.32730140069303,18.665408465085694,0.0,7783.221523638695,32.32730140069303,0.0,0.0,0.08034118,17.1,0.0,32.32724981172297,0.08034118,0.08034118,0.0,0.0,0.08034118,0.0,0.0,0.0,0.04865536959737696,0.0,0.04865536959737696,0.0 
 07/21  19:05:00,33.4,18.664950647725753,32.327352752942936,18.664950647725753,0.0,7780.939335509311,32.327352752942936,0.0,0.0,0.08034118,17.1,0.0,32.32730140069303,0.08034118,0.08034118,0.0,0.0,0.08034118,0.0,0.0,0.0,0.04865536959737696,0.0,0.04865536959737696,0.0 
 07/21  19:06:00,33.4,18.66449553282237,32.327403868935384,18.66449553282237,0.0,7778.670624351207,32.327403868935384,0.0,0.0,0.08034118,17.1,0.0,32.327352752942936,0.08034118,0.08034118,0.0,0.0,0.08034118,0.0,0.0,0.0,0.04865536959737696,0.0,0.04865536959737696,0.0 
 07/21  19:07:00,33.4,18.664042873203936,32.327454751853345,18.664042873203936,0.0,7776.414161162634,32.327454751853345,0.0,0.0,0.08034118,17.1,0.0,32.327403868935384,0.08034118,0.08034118,0.0,0.0,0.08034118,0.0,0.0,0.0,0.04865536959737696,0.0,0.04865536959737696,0.0 
 07/21  19:08:00,33.4,18.66359288190115,32.327505402190205,18.66359288190115,0.0,7774.170992829108,32.327505402190205,0.0,0.0,0.08034118,17.1,0.0,32.327454751853345,0.08034118,0.08034118,0.0,0.0,0.08034118,0.0,0.0,0.0,0.04865536959737696,0.0,0.04865536959737696,0.0 
 07/21  19:09:00,33.4,18.663145315118886,32.32755582197627,18.663145315118886,0.0,7771.939919386364,32.32755582197627,0.0,0.0,0.08034118,17.1,0.0,32.327505402190205,0.08034118,0.08034118,0.0,0.0,0.08034118,0.0,0.0,0.0,0.04865536959737696,0.0,0.04865536959737696,0.0 
 07/21  19:10:00,33.4,18.662700382843692,32.32760601343158,18.662700382843692,0.0,7769.721984822841,32.32760601343158,0.0,0.0,0.08034118,17.1,0.0,32.32755582197627,0.08034118,0.08034118,0.0,0.0,0.08034118,0.0,0.0,0.0,0.04865536959737696,0.0,0.04865536959737696,0.0 
 07/21  19:11:00,33.4,18.662257844776803,32.32765597857201,18.662257844776803,0.0,7767.515982086829,32.32765597857201,0.0,0.0,0.08034118,17.1,0.0,32.32760601343158,0.08034118,0.08034118,0.0,0.0,0.08034118,0.0,0.0,0.0,0.04865536959737696,0.0,0.04865536959737696,0.0 
 07/21  19:12:00,33.4,18.661817908671416,32.32770571845699,18.661817908671416,0.0,7765.322956297196,32.32770571845699,0.0,0.0,0.08034118,17.1,0.0,32.32765597857201,0.08034118,0.08034118,0.0,0.0,0.08034118,0.0,0.0,0.0,0.04865536959737696,0.0,0.04865536959737696,0.0 
 07/21  19:13:00,33.4,18.6613803367808,32.32775523674425,18.6613803367808,0.0,7763.141725321243,32.32775523674425,0.0,0.0,0.08034118,17.1,0.0,32.32770571845699,0.08034118,0.08034118,0.0,0.0,0.08034118,0.0,0.0,0.0,0.04865536959737696,0.0,0.04865536959737696,0.0 
 07/21  19:14:00,33.4,18.66094533481479,32.32780453438784,18.66094533481479,0.0,7760.973299666389,32.32780453438784,0.0,0.0,0.08034118,17.1,0.0,32.32775523674425,0.08034118,0.08034118,0.0,0.0,0.08034118,0.0,0.0,0.0,0.04865536959737696,0.0,0.04865536959737696,0.0 
 07/21  19:15:00,33.4,18.660512668254356,32.3278536137663,18.660512668254356,0.0,7758.816525474454,32.3278536137663,0.0,0.0,0.08034118,17.1,0.0,32.32780453438784,0.08034118,0.08034118,0.0,0.0,0.08034118,0.0,0.0,0.0,0.04865536959737696,0.0,0.04865536959737696,0.0 
 07/21  19:16:00,33.4,18.660082540450794,32.32790247742648,18.660082540450794,0.0,7756.6724015331965,32.32790247742648,0.0,0.0,0.08034118,17.1,0.0,32.3278536137663,0.08034118,0.08034118,0.0,0.0,0.08034118,0.0,0.0,0.0,0.04865536959737696,0.0,0.04865536959737696,0.0 
 07/21  19:17:00,33.4,18.65965471973473,32.32795112761915,18.65965471973473,0.0,7754.53978814804,32.32795112761915,0.0,0.0,0.08034118,17.1,0.0,32.32790247742648,0.08034118,0.08034118,0.0,0.0,0.08034118,0.0,0.0,0.0,0.04865536959737696,0.0,0.04865536959737696,0.0 
 07/21  19:18:00,33.4,18.659229406603142,32.32799956563839,18.659229406603142,0.0,7752.4196821237365,32.32799956563839,0.0,0.0,0.08034118,17.1,0.0,32.32795112761915,0.08034118,0.08034118,0.0,0.0,0.08034118,0.0,0.0,0.0,0.04865536959737696,0.0,0.04865536959737696,0.0 
 07/21  19:19:00,33.4,18.658806372698105,32.32804779526225,18.658806372698105,0.0,7750.310935818275,32.32804779526225,0.0,0.0,0.08034118,17.1,0.0,32.32799956563839,0.08034118,0.08034118,0.0,0.0,0.08034118,0.0,0.0,0.0,0.04865536959737696,0.0,0.04865536959737696,0.0 
 07/21  19:20:00,33.4,18.658385817069124,32.328095817595724,18.658385817069124,0.0,7748.214538849961,32.328095817595724,0.0,0.0,0.08034118,17.1,0.0,32.32804779526225,0.08034118,0.08034118,0.0,0.0,0.08034118,0.0,0.0,0.0,0.04865536959737696,0.0,0.04865536959737696,0.0 
 07/21  19:21:00,33.4,18.657967513737695,32.328143635068834,18.657967513737695,0.0,7746.129379809527,32.328143635068834,0.0,0.0,0.08034118,17.1,0.0,32.328095817595724,0.08034118,0.08034118,0.0,0.0,0.08034118,0.0,0.0,0.0,0.04865536959737696,0.0,0.04865536959737696,0.0 
 07/21  19:22:00,33.4,18.65755165917927,32.32819125028887,18.65755165917927,0.0,7744.056423318516,32.32819125028887,0.0,0.0,0.08034118,17.1,0.0,32.328143635068834,0.08034118,0.08034118,0.0,0.0,0.08034118,0.0,0.0,0.0,0.04865536959737696,0.0,0.04865536959737696,0.0 
 07/21  19:23:00,33.4,18.657138030100644,32.3282386654928,18.657138030100644,0.0,7741.994571314135,32.3282386654928,0.0,0.0,0.08034118,17.1,0.0,32.32819125028887,0.08034118,0.08034118,0.0,0.0,0.08034118,0.0,0.0,0.0,0.04865536959737696,0.0,0.04865536959737696,0.0 
 07/21  19:24:00,33.4,18.65672682040242,32.32828588199084,18.65672682040242,0.0,7739.94478780297,32.32828588199084,0.0,0.0,0.08034118,17.1,0.0,32.3282386654928,0.08034118,0.08034118,0.0,0.0,0.08034118,0.0,0.0,0.0,0.04865536959737696,0.0,0.04865536959737696,0.0 
 07/21  19:25:00,33.4,18.656317810518935,32.328332903472,18.656317810518935,0.0,7737.905956709442,32.328332903472,0.0,0.0,0.08034118,17.1,0.0,32.32828588199084,0.08034118,0.08034118,0.0,0.0,0.08034118,0.0,0.0,0.0,0.04865536959737696,0.0,0.04865536959737696,0.0 
 07/21  19:26:00,33.4,18.655911192103765,32.32837973101307,18.655911192103765,0.0,7735.879067408819,32.32837973101307,0.0,0.0,0.08034118,17.1,0.0,32.328332903472,0.08034118,0.08034118,0.0,0.0,0.08034118,0.0,0.0,0.0,0.04865536959737696,0.0,0.04865536959737696,0.0 
 07/21  19:27:00,33.4,18.65550674794738,32.32842636692824,18.65550674794738,0.0,7733.863003375923,32.32842636692824,0.0,0.0,0.08034118,17.1,0.0,32.32837973101307,0.08034118,0.08034118,0.0,0.0,0.08034118,0.0,0.0,0.0,0.04865536959737696,0.0,0.04865536959737696,0.0 
 07/21  19:28:00,33.4,18.65510466801302,32.32847281373714,18.65510466801302,0.0,7731.858733393933,32.32847281373714,0.0,0.0,0.08034118,17.1,0.0,32.32842636692824,0.08034118,0.08034118,0.0,0.0,0.08034118,0.0,0.0,0.0,0.04865536959737696,0.0,0.04865536959737696,0.0 
 07/21  19:29:00,33.4,18.654704736747135,32.32851907352917,18.654704736747135,0.0,7729.86518569372,32.32851907352917,0.0,0.0,0.08034118,17.1,0.0,32.32847281373714,0.08034118,0.08034118,0.0,0.0,0.08034118,0.0,0.0,0.0,0.04865536959737696,0.0,0.04865536959737696,0.0 
 07/21  19:30:00,33.4,18.65430714277798,32.32856514751493,18.65430714277798,0.0,7727.883273747466,32.32856514751493,0.0,0.0,0.08034118,17.1,0.0,32.32851907352917,0.08034118,0.08034118,0.0,0.0,0.08034118,0.0,0.0,0.0,0.04865536959737696,0.0,0.04865536959737696,0.0 
 07/21  19:31:00,33.4,18.653911673449315,32.32861103918678,18.653911673449315,0.0,7725.911964526449,32.32861103918678,0.0,0.0,0.08034118,17.1,0.0,32.32856514751493,0.08034118,0.08034118,0.0,0.0,0.08034118,0.0,0.0,0.0,0.04865536959737696,0.0,0.04865536959737696,0.0 
 07/21  19:32:00,33.4,18.653518514248088,32.328656749502606,18.653518514248088,0.0,7723.952180203673,32.328656749502606,0.0,0.0,0.08034118,17.1,0.0,32.32861103918678,0.08034118,0.08034118,0.0,0.0,0.08034118,0.0,0.0,0.0,0.04865536959737696,0.0,0.04865536959737696,0.0 
 07/21  19:33:00,33.4,18.65312745563441,32.32870228057972,18.65312745563441,0.0,7722.002854614507,32.32870228057972,0.0,0.0,0.08034118,17.1,0.0,32.328656749502606,0.08034118,0.08034118,0.0,0.0,0.08034118,0.0,0.0,0.0,0.04865536959737696,0.0,0.04865536959737696,0.0 
 07/21  19:34:00,33.4,18.652738681491243,32.328747634778516,18.652738681491243,0.0,7720.064926269324,32.328747634778516,0.0,0.0,0.08034118,17.1,0.0,32.32870228057972,0.08034118,0.08034118,0.0,0.0,0.08034118,0.0,0.0,0.0,0.04865536959737696,0.0,0.04865536959737696,0.0 
 07/21  19:35:00,33.4,18.652351983632265,32.32879281398022,18.652351983632265,0.0,7718.137360034871,32.32879281398022,0.0,0.0,0.08034118,17.1,0.0,32.328747634778516,0.08034118,0.08034118,0.0,0.0,0.08034118,0.0,0.0,0.0,0.04865536959737696,0.0,0.04865536959737696,0.0 
 07/21  19:36:00,33.4,18.651967544635784,32.328837819243745,18.651967544635784,0.0,7716.221039342295,32.328837819243745,0.0,0.0,0.08034118,17.1,0.0,32.32879281398022,0.08034118,0.08034118,0.0,0.0,0.08034118,0.0,0.0,0.0,0.04865536959737696,0.0,0.04865536959737696,0.0 
 07/21  19:37:00,33.4,18.65158515909346,32.32888265381995,18.65158515909346,0.0,7714.314967164992,32.32888265381995,0.0,0.0,0.08034118,17.1,0.0,32.328837819243745,0.08034118,0.08034118,0.0,0.0,0.08034118,0.0,0.0,0.0,0.04865536959737696,0.0,0.04865536959737696,0.0 
 07/21  19:38:00,33.4,18.651205007062376,32.328927318510736,18.651205007062376,0.0,7712.420026544769,32.328927318510736,0.0,0.0,0.08034118,17.1,0.0,32.32888265381995,0.08034118,0.08034118,0.0,0.0,0.08034118,0.0,0.0,0.0,0.04865536959737696,0.0,0.04865536959737696,0.0 
 07/21  19:39:00,33.4,18.650826885688783,32.328971815207694,18.650826885688783,0.0,7710.535208875281,32.328971815207694,0.0,0.0,0.08034118,17.1,0.0,32.328927318510736,0.08034118,0.08034118,0.0,0.0,0.08034118,0.0,0.0,0.0,0.04865536959737696,0.0,0.04865536959737696,0.0 
 07/21  19:40:00,33.4,18.650450972724958,32.32901614608616,18.650450972724958,0.0,7708.661410008513,32.32901614608616,0.0,0.0,0.08034118,17.1,0.0,32.328971815207694,0.08034118,0.08034118,0.0,0.0,0.08034118,0.0,0.0,0.0,0.04865536959737696,0.0,0.04865536959737696,0.0 
 07/21  19:41:00,33.4,18.65007706748759,32.329060312802255,18.65007706748759,0.0,7706.797619997969,32.329060312802255,0.0,0.0,0.08034118,17.1,0.0,32.32901614608616,0.08034118,0.08034118,0.0,0.0,0.08034118,0.0,0.0,0.0,0.04865536959737696,0.0,0.04865536959737696,0.0 
 07/21  19:42:00,33.4,18.649705346432988,32.32910431624846,18.649705346432988,0.0,7704.944716125001,32.32910431624846,0.0,0.0,0.08034118,17.1,0.0,32.329060312802255,0.08034118,0.08034118,0.0,0.0,0.08034118,0.0,0.0,0.0,0.04865536959737696,0.0,0.04865536959737696,0.0 
 07/21  19:43:00,33.4,18.64933561132633,32.32914815942598,18.64933561132633,0.0,7703.101712751791,32.32914815942598,0.0,0.0,0.08034118,17.1,0.0,32.32910431624846,0.08034118,0.08034118,0.0,0.0,0.08034118,0.0,0.0,0.0,0.04865536959737696,0.0,0.04865536959737696,0.0 
 07/21  19:44:00,33.4,18.648968036597918,32.329191842973955,18.648968036597918,0.0,7701.269477086221,32.329191842973955,0.0,0.0,0.08034118,17.1,0.0,32.32914815942598,0.08034118,0.08034118,0.0,0.0,0.08034118,0.0,0.0,0.0,0.04865536959737696,0.0,0.04865536959737696,0.0 
 07/21  19:45:00,33.4,18.648602425532847,32.329235368558315,18.648602425532847,0.0,7699.44704316028,32.329235368558315,0.0,0.0,0.08034118,17.1,0.0,32.329191842973955,0.08034118,0.08034118,0.0,0.0,0.08034118,0.0,0.0,0.0,0.04865536959737696,0.0,0.04865536959737696,0.0 
 07/21  19:46:00,33.4,18.6482389510319,32.32927873816812,18.6482389510319,0.0,7697.635246351451,32.32927873816812,0.0,0.0,0.08034118,17.1,0.0,32.329235368558315,0.08034118,0.08034118,0.0,0.0,0.08034118,0.0,0.0,0.0,0.04865536959737696,0.0,0.04865536959737696,0.0 
 07/21  19:47:00,33.4,18.647877418804956,32.32932195324025,18.647877418804956,0.0,7695.833144857279,32.32932195324025,0.0,0.0,0.08034118,17.1,0.0,32.32927873816812,0.08034118,0.08034118,0.0,0.0,0.08034118,0.0,0.0,0.0,0.04865536959737696,0.0,0.04865536959737696,0.0 
 07/21  19:48:00,33.4,18.647517999406475,32.329365014504795,18.647517999406475,0.0,7694.041574503494,32.329365014504795,0.0,0.0,0.08034118,17.1,0.0,32.32932195324025,0.08034118,0.08034118,0.0,0.0,0.08034118,0.0,0.0,0.0,0.04865536959737696,0.0,0.04865536959737696,0.0 
 07/21  19:49:00,33.4,18.64716050103035,32.32940792472343,18.64716050103035,0.0,7692.259581620497,32.32940792472343,0.0,0.0,0.08034118,17.1,0.0,32.329365014504795,0.08034118,0.08034118,0.0,0.0,0.08034118,0.0,0.0,0.0,0.04865536959737696,0.0,0.04865536959737696,0.0 
 07/21  19:50:00,33.4,18.64680509260312,32.32945068438026,18.64680509260312,0.0,7690.488006050905,32.32945068438026,0.0,0.0,0.08034118,17.1,0.0,32.32940792472343,0.08034118,0.08034118,0.0,0.0,0.08034118,0.0,0.0,0.0,0.04865536959737696,0.0,0.04865536959737696,0.0 
 07/21  19:51:00,33.4,18.646451583892315,32.329493294929826,18.646451583892315,0.0,7688.725914043475,32.329493294929826,0.0,0.0,0.08034118,17.1,0.0,32.32945068438026,0.08034118,0.08034118,0.0,0.0,0.08034118,0.0,0.0,0.0,0.04865536959737696,0.0,0.04865536959737696,0.0 
 07/21  19:52:00,33.4,18.646100142348818,32.32953575818583,18.646100142348818,0.0,7686.974113915171,32.32953575818583,0.0,0.0,0.08034118,17.1,0.0,32.329493294929826,0.08034118,0.08034118,0.0,0.0,0.08034118,0.0,0.0,0.0,0.04865536959737696,0.0,0.04865536959737696,0.0 
 07/21  19:53:00,33.4,18.645750580020074,32.32957807538327,18.645750580020074,0.0,7685.231695341663,32.32957807538327,0.0,0.0,0.08034118,17.1,0.0,32.32953575818583,0.08034118,0.08034118,0.0,0.0,0.08034118,0.0,0.0,0.0,0.04865536959737696,0.0,0.04865536959737696,0.0 
 07/21  19:54:00,33.4,18.64540306253466,32.32962024710363,18.64540306253466,0.0,7683.499457591224,32.32962024710363,0.0,0.0,0.08034118,17.1,0.0,32.32957807538327,0.08034118,0.08034118,0.0,0.0,0.08034118,0.0,0.0,0.0,0.04865536959737696,0.0,0.04865536959737696,0.0 
 07/21  19:55:00,33.4,18.64505740388173,32.329662275889106,18.64505740388173,0.0,7681.776499983175,32.329662275889106,0.0,0.0,0.08034118,17.1,0.0,32.32962024710363,0.08034118,0.08034118,0.0,0.0,0.08034118,0.0,0.0,0.0,0.04865536959737696,0.0,0.04865536959737696,0.0 
 07/21  19:56:00,33.4,18.644713767843136,32.32970416208458,18.644713767843136,0.0,7680.0636126156405,32.32970416208458,0.0,0.0,0.08034118,17.1,0.0,32.329662275889106,0.08034118,0.08034118,0.0,0.0,0.08034118,0.0,0.0,0.0,0.04865536959737696,0.0,0.04865536959737696,0.0 
 07/21  19:57:00,33.4,18.64437197040341,32.32974590695498,18.64437197040341,0.0,7678.359904718436,32.32974590695498,0.0,0.0,0.08034118,17.1,0.0,32.32970416208458,0.08034118,0.08034118,0.0,0.0,0.08034118,0.0,0.0,0.0,0.04865536959737696,0.0,0.04865536959737696,0.0 
 07/21  19:58:00,33.4,18.644032173590997,32.32978751215594,18.644032173590997,0.0,7676.666157683435,32.32978751215594,0.0,0.0,0.08034118,17.1,0.0,32.32974590695498,0.08034118,0.08034118,0.0,0.0,0.08034118,0.0,0.0,0.0,0.04865536959737696,0.0,0.04865536959737696,0.0 
 07/21  19:59:00,33.4,18.643694195391568,32.32982897874338,18.643694195391568,0.0,7674.98149067972,32.32982897874338,0.0,0.0,0.08034118,17.1,0.0,32.32978751215594,0.08034118,0.08034118,0.0,0.0,0.08034118,0.0,0.0,0.0,0.04865536959737696,0.0,0.04865536959737696,0.0 
 07/21  20:00:00,33.4,18.643358195602648,32.329870307168,18.643358195602648,0.0,7673.306686085034,32.329870307168,0.0,0.0,0.08034118,17.1,0.0,32.32982897874338,0.08034118,0.08034118,0.0,0.0,0.08034118,0.0,0.0,0.0,0.04865536959737696,0.0,0.04865536959737696,0.0,49104000.0 
 07/21  20:01:00,33.4,18.64302399511907,32.329911499776124,18.64302399511907,0.0,7671.64084132311,32.329911499776124,0.0,0.0,0.08034118,17.1,0.0,32.329870307168,0.08034118,0.08034118,0.0,0.0,0.08034118,0.0,0.0,0.0,0.04865536959737696,0.0,0.04865536959737696,0.0 
 07/21  20:02:00,33.4,18.6426917518543,32.32995255679145,18.6426917518543,0.0,7669.984765609156,32.32995255679145,0.0,0.0,0.08034118,17.1,0.0,32.329911499776124,0.08034118,0.08034118,0.0,0.0,0.08034118,0.0,0.0,0.0,0.04865536959737696,0.0,0.04865536959737696,0.0 
 07/21  20:03:00,33.4,18.642361287868226,32.32999347931281,18.642361287868226,0.0,7668.337562158072,32.32999347931281,0.0,0.0,0.08034118,17.1,0.0,32.32995255679145,0.08034118,0.08034118,0.0,0.0,0.08034118,0.0,0.0,0.0,0.04865536959737696,0.0,0.04865536959737696,0.0 
 07/21  20:04:00,33.4,18.6420327602098,32.330034268856245,18.6420327602098,0.0,7666.699999701414,32.330034268856245,0.0,0.0,0.08034118,17.1,0.0,32.32999347931281,0.08034118,0.08034118,0.0,0.0,0.08034118,0.0,0.0,0.0,0.04865536959737696,0.0,0.04865536959737696,0.0 
 07/21  20:05:00,33.4,18.641705992723715,32.33007492632174,18.641705992723715,0.0,7665.071226508735,32.33007492632174,0.0,0.0,0.08034118,17.1,0.0,32.330034268856245,0.08034118,0.08034118,0.0,0.0,0.08034118,0.0,0.0,0.0,0.04865536959737696,0.0,0.04865536959737696,0.0 
 07/21  20:06:00,33.4,18.64138114054309,32.33011545204688,18.64138114054309,0.0,7663.451989733758,32.33011545204688,0.0,0.0,0.08034118,17.1,0.0,32.33007492632174,0.08034118,0.08034118,0.0,0.0,0.08034118,0.0,0.0,0.0,0.04865536959737696,0.0,0.04865536959737696,0.0 
 07/21  20:07:00,33.4,18.64105802983685,32.330155848204875,18.64105802983685,0.0,7661.841437145167,32.330155848204875,0.0,0.0,0.08034118,17.1,0.0,32.33011545204688,0.08034118,0.08034118,0.0,0.0,0.08034118,0.0,0.0,0.0,0.04865536959737696,0.0,0.04865536959737696,0.0 
 07/21  20:08:00,33.4,18.640736813165848,32.33019611491478,18.640736813165848,0.0,7660.2403392591395,32.33019611491478,0.0,0.0,0.08034118,17.1,0.0,32.330155848204875,0.08034118,0.08034118,0.0,0.0,0.08034118,0.0,0.0,0.0,0.04865536959737696,0.0,0.04865536959737696,0.0 
 07/21  20:09:00,33.4,18.6404173187896,32.33023625313037,18.6404173187896,0.0,7658.647818093773,32.33023625313037,0.0,0.0,0.08034118,17.1,0.0,32.33019611491478,0.08034118,0.08034118,0.0,0.0,0.08034118,0.0,0.0,0.0,0.04865536959737696,0.0,0.04865536959737696,0.0 
 07/21  20:10:00,33.4,18.640099698422347,32.33027626424378,18.640099698422347,0.0,7657.0646399585075,32.33027626424378,0.0,0.0,0.08034118,17.1,0.0,32.33023625313037,0.08034118,0.08034118,0.0,0.0,0.08034118,0.0,0.0,0.0,0.04865536959737696,0.0,0.04865536959737696,0.0 
 07/21  20:11:00,33.4,18.639783781847346,32.33031614901877,18.639783781847346,0.0,7655.489958539497,32.33031614901877,0.0,0.0,0.08034118,17.1,0.0,32.33027626424378,0.08034118,0.08034118,0.0,0.0,0.08034118,0.0,0.0,0.0,0.04865536959737696,0.0,0.04865536959737696,0.0 
 07/21  20:12:00,33.4,18.63946971933461,32.33035590769404,18.63946971933461,0.0,7653.924508885339,32.33035590769404,0.0,0.0,0.08034118,17.1,0.0,32.33031614901877,0.08034118,0.08034118,0.0,0.0,0.08034118,0.0,0.0,0.0,0.04865536959737696,0.0,0.04865536959737696,0.0 
 07/21  20:13:00,33.4,18.639157342014965,32.33039554228906,18.639157342014965,0.0,7652.367475452679,32.33039554228906,0.0,0.0,0.08034118,17.1,0.0,32.33035590769404,0.08034118,0.08034118,0.0,0.0,0.08034118,0.0,0.0,0.0,0.04865536959737696,0.0,0.04865536959737696,0.0 
 07/21  20:14:00,33.4,18.638846797844437,32.330435052831966,18.638846797844437,0.0,7650.819581782489,32.330435052831966,0.0,0.0,0.08034118,17.1,0.0,32.33039554228906,0.08034118,0.08034118,0.0,0.0,0.08034118,0.0,0.0,0.0,0.04865536959737696,0.0,0.04865536959737696,0.0 
 07/21  20:15:00,33.4,18.63853792078645,32.33047444015018,18.63853792078645,0.0,7649.279990321293,32.33047444015018,0.0,0.0,0.08034118,17.1,0.0,32.330435052831966,0.08034118,0.08034118,0.0,0.0,0.08034118,0.0,0.0,0.0,0.04865536959737696,0.0,0.04865536959737696,0.0 
 07/21  20:16:00,33.4,18.638230857665366,32.33051370552635,18.638230857665366,0.0,7647.749443049906,32.33051370552635,0.0,0.0,0.08034118,17.1,0.0,32.33047444015018,0.08034118,0.08034118,0.0,0.0,0.08034118,0.0,0.0,0.0,0.04865536959737696,0.0,0.04865536959737696,0.0 
 07/21  20:17:00,33.4,18.637925443604793,32.330552849606796,18.637925443604793,0.0,7646.2271202097145,32.330552849606796,0.0,0.0,0.08034118,17.1,0.0,32.33051370552635,0.08034118,0.08034118,0.0,0.0,0.08034118,0.0,0.0,0.0,0.04865536959737696,0.0,0.04865536959737696,0.0 
 07/21  20:18:00,33.4,18.63762182348884,32.33059187254567,18.63762182348884,0.0,7644.713742104177,32.33059187254567,0.0,0.0,0.08034118,17.1,0.0,32.330552849606796,0.08034118,0.08034118,0.0,0.0,0.08034118,0.0,0.0,0.0,0.04865536959737696,0.0,0.04865536959737696,0.0 
 07/21  20:19:00,33.4,18.637319834743153,32.33063077622835,18.637319834743153,0.0,7643.208488406144,32.33063077622835,0.0,0.0,0.08034118,17.1,0.0,32.33059187254567,0.08034118,0.08034118,0.0,0.0,0.08034118,0.0,0.0,0.0,0.04865536959737696,0.0,0.04865536959737696,0.0 
 07/21  20:20:00,33.4,18.637019620391957,32.3306695606066,18.637019620391957,0.0,7641.712094204486,32.3306695606066,0.0,0.0,0.08034118,17.1,0.0,32.33063077622835,0.08034118,0.08034118,0.0,0.0,0.08034118,0.0,0.0,0.0,0.04865536959737696,0.0,0.04865536959737696,0.0 
 07/21  20:21:00,33.4,18.636721019451432,32.33070822640073,18.636721019451432,0.0,7640.223735068644,32.33070822640073,0.0,0.0,0.08034118,17.1,0.0,32.3306695606066,0.08034118,0.08034118,0.0,0.0,0.08034118,0.0,0.0,0.0,0.04865536959737696,0.0,0.04865536959737696,0.0 
 07/21  20:22:00,33.4,18.63642417392687,32.33074677479933,18.63642417392687,0.0,7638.7441290037395,32.33074677479933,0.0,0.0,0.08034118,17.1,0.0,32.33070822640073,0.08034118,0.08034118,0.0,0.0,0.08034118,0.0,0.0,0.0,0.04865536959737696,0.0,0.04865536959737696,0.0 
 07/21  20:23:00,33.4,18.636128924241948,32.330785206350434,18.636128924241948,0.0,7637.272482605681,32.330785206350434,0.0,0.0,0.08034118,17.1,0.0,32.33074677479933,0.08034118,0.08034118,0.0,0.0,0.08034118,0.0,0.0,0.0,0.04865536959737696,0.0,0.04865536959737696,0.0 
 07/21  20:24:00,33.4,18.635835411152133,32.33082352113867,18.635835411152133,0.0,7635.80948364815,32.33082352113867,0.0,0.0,0.08034118,17.1,0.0,32.330785206350434,0.08034118,0.08034118,0.0,0.0,0.08034118,0.0,0.0,0.0,0.04865536959737696,0.0,0.04865536959737696,0.0 
 07/21  20:25:00,33.4,18.635543476891186,32.33086172093505,18.635543476891186,0.0,7634.354359734921,32.33086172093505,0.0,0.0,0.08034118,17.1,0.0,32.33082352113867,0.08034118,0.08034118,0.0,0.0,0.08034118,0.0,0.0,0.0,0.04865536959737696,0.0,0.04865536959737696,0.0 
 07/21  20:26:00,33.4,18.63525326008167,32.33089980562985,18.63525326008167,0.0,7632.907800037478,32.33089980562985,0.0,0.0,0.08034118,17.1,0.0,32.33086172093505,0.08034118,0.08034118,0.0,0.0,0.08034118,0.0,0.0,0.0,0.04865536959737696,0.0,0.04865536959737696,0.0 
 07/21  20:27:00,33.4,18.634964604468966,32.33093777585496,18.634964604468966,0.0,7631.469027668882,32.33093777585496,0.0,0.0,0.08034118,17.1,0.0,32.33089980562985,0.08034118,0.08034118,0.0,0.0,0.08034118,0.0,0.0,0.0,0.04865536959737696,0.0,0.04865536959737696,0.0 
 07/21  20:28:00,33.4,18.63467764779929,32.33097563272004,18.63467764779929,0.0,7630.0387154509235,32.33097563272004,0.0,0.0,0.08034118,17.1,0.0,32.33093777585496,0.08034118,0.08034118,0.0,0.0,0.08034118,0.0,0.0,0.0,0.04865536959737696,0.0,0.04865536959737696,0.0 
 07/21  20:29:00,33.4,18.634392235750987,32.33101337669259,18.634392235750987,0.0,7628.616108105398,32.33101337669259,0.0,0.0,0.08034118,17.1,0.0,32.33097563272004,0.08034118,0.08034118,0.0,0.0,0.08034118,0.0,0.0,0.0,0.04865536959737696,0.0,0.04865536959737696,0.0 
 07/21  20:30:00,33.4,18.63410850396469,32.331051007801186,18.63410850396469,0.0,7627.201879977956,32.331051007801186,0.0,0.0,0.08034118,17.1,0.0,32.33101337669259,0.08034118,0.08034118,0.0,0.0,0.08034118,0.0,0.0,0.0,0.04865536959737696,0.0,0.04865536959737696,0.0 
 07/21  20:31:00,33.4,18.633826300041882,32.331088527719444,18.633826300041882,0.0,7625.795261370231,32.331088527719444,0.0,0.0,0.08034118,17.1,0.0,32.331051007801186,0.08034118,0.08034118,0.0,0.0,0.08034118,0.0,0.0,0.0,0.04865536959737696,0.0,0.04865536959737696,0.0 
 07/21  20:32:00,33.4,18.633545757810513,32.33112593628798,18.633545757810513,0.0,7624.396941588411,32.33112593628798,0.0,0.0,0.08034118,17.1,0.0,32.331088527719444,0.08034118,0.08034118,0.0,0.0,0.08034118,0.0,0.0,0.0,0.04865536959737696,0.0,0.04865536959737696,0.0 
 07/21  20:33:00,33.4,18.633266726925005,32.33116323406485,18.633266726925005,0.0,7623.006137178586,32.33116323406485,0.0,0.0,0.08034118,17.1,0.0,32.33112593628798,0.08034118,0.08034118,0.0,0.0,0.08034118,0.0,0.0,0.0,0.04865536959737696,0.0,0.04865536959737696,0.0 
 07/21  20:34:00,33.4,18.63298933991562,32.33120042209146,18.63298933991562,0.0,7621.623542970624,32.33120042209146,0.0,0.0,0.08034118,17.1,0.0,32.33116323406485,0.08034118,0.08034118,0.0,0.0,0.08034118,0.0,0.0,0.0,0.04865536959737696,0.0,0.04865536959737696,0.0 
 07/21  20:35:00,33.4,18.632713447499402,32.33123750076754,18.632713447499402,0.0,7620.248392784756,32.33123750076754,0.0,0.0,0.08034118,17.1,0.0,32.33120042209146,0.08034118,0.08034118,0.0,0.0,0.08034118,0.0,0.0,0.0,0.04865536959737696,0.0,0.04865536959737696,0.0 
 07/21  20:36:00,33.4,18.63243918105603,32.33127447007434,18.63243918105603,0.0,7618.881351762161,32.33127447007434,0.0,0.0,0.08034118,17.1,0.0,32.33123750076754,0.08034118,0.08034118,0.0,0.0,0.08034118,0.0,0.0,0.0,0.04865536959737696,0.0,0.04865536959737696,0.0 
 07/21  20:37:00,33.4,18.632166393113714,32.331311331599935,18.632166393113714,0.0,7617.521674716313,32.331311331599935,0.0,0.0,0.08034118,17.1,0.0,32.33127447007434,0.08034118,0.08034118,0.0,0.0,0.08034118,0.0,0.0,0.0,0.04865536959737696,0.0,0.04865536959737696,0.0 
 07/21  20:38:00,33.4,18.631895213580176,32.33134808514285,18.631895213580176,0.0,7616.170019465235,32.33134808514285,0.0,0.0,0.08034118,17.1,0.0,32.331311331599935,0.08034118,0.08034118,0.0,0.0,0.08034118,0.0,0.0,0.0,0.04865536959737696,0.0,0.04865536959737696,0.0 
 07/21  20:39:00,33.4,18.631625495987123,32.3313847311977,18.631625495987123,0.0,7614.825657783736,32.3313847311977,0.0,0.0,0.08034118,17.1,0.0,32.33134808514285,0.08034118,0.08034118,0.0,0.0,0.08034118,0.0,0.0,0.0,0.04865536959737696,0.0,0.04865536959737696,0.0 
 07/21  20:40:00,33.4,18.63135736917887,32.33142127074539,18.63135736917887,0.0,7613.489218262671,32.33142127074539,0.0,0.0,0.08034118,17.1,0.0,32.3313847311977,0.08034118,0.08034118,0.0,0.0,0.08034118,0.0,0.0,0.0,0.04865536959737696,0.0,0.04865536959737696,0.0 
 07/21  20:41:00,33.4,18.63109068852129,32.33145770412767,18.63109068852129,0.0,7612.159993765672,32.33145770412767,0.0,0.0,0.08034118,17.1,0.0,32.33142127074539,0.08034118,0.08034118,0.0,0.0,0.08034118,0.0,0.0,0.0,0.04865536959737696,0.0,0.04865536959737696,0.0 
 07/21  20:42:00,33.4,18.630825581439186,32.331494031285466,18.630825581439186,0.0,7610.838605830477,32.331494031285466,0.0,0.0,0.08034118,17.1,0.0,32.33145770412767,0.08034118,0.08034118,0.0,0.0,0.08034118,0.0,0.0,0.0,0.04865536959737696,0.0,0.04865536959737696,0.0 
 07/21  20:43:00,33.4,18.63056190476753,32.33153025373171,18.63056190476753,0.0,7609.524354621117,32.33153025373171,0.0,0.0,0.08034118,17.1,0.0,32.331494031285466,0.08034118,0.08034118,0.0,0.0,0.08034118,0.0,0.0,0.0,0.04865536959737696,0.0,0.04865536959737696,0.0 
 07/21  20:44:00,33.4,18.630299783961792,32.33156637122991,18.630299783961792,0.0,7608.217863843915,32.33156637122991,0.0,0.0,0.08034118,17.1,0.0,32.33153025373171,0.08034118,0.08034118,0.0,0.0,0.08034118,0.0,0.0,0.0,0.04865536959737696,0.0,0.04865536959737696,0.0 
 07/21  20:45:00,33.4,18.63003907781984,32.33160238422112,18.63003907781984,0.0,7606.918419505564,32.33160238422112,0.0,0.0,0.08034118,17.1,0.0,32.33156637122991,0.08034118,0.08034118,0.0,0.0,0.08034118,0.0,0.0,0.0,0.04865536959737696,0.0,0.04865536959737696,0.0 
 07/21  20:46:00,33.4,18.629779911179,32.33163829363356,18.629779911179,0.0,7605.626642245638,32.33163829363356,0.0,0.0,0.08034118,17.1,0.0,32.33160238422112,0.08034118,0.08034118,0.0,0.0,0.08034118,0.0,0.0,0.0,0.04865536959737696,0.0,0.04865536959737696,0.0 
 07/21  20:47:00,33.4,18.629522143447204,32.3316740997609,18.629522143447204,0.0,7604.34185696181,32.3316740997609,0.0,0.0,0.08034118,17.1,0.0,32.33163829363356,0.08034118,0.08034118,0.0,0.0,0.08034118,0.0,0.0,0.0,0.04865536959737696,0.0,0.04865536959737696,0.0 
 07/21  20:48:00,33.4,18.629265898150834,32.33170980251117,18.629265898150834,0.0,7603.064641923202,32.33170980251117,0.0,0.0,0.08034118,17.1,0.0,32.3316740997609,0.08034118,0.08034118,0.0,0.0,0.08034118,0.0,0.0,0.0,0.04865536959737696,0.0,0.04865536959737696,0.0 
 07/21  20:49:00,33.4,18.62901103642206,32.331745403332405,18.62901103642206,0.0,7601.794342542917,32.331745403332405,0.0,0.0,0.08034118,17.1,0.0,32.33170980251117,0.08034118,0.08034118,0.0,0.0,0.08034118,0.0,0.0,0.0,0.04865536959737696,0.0,0.04865536959737696,0.0 
 07/21  20:50:00,33.4,18.628757680501067,32.33178090196021,18.628757680501067,0.0,7600.531530708399,32.33178090196021,0.0,0.0,0.08034118,17.1,0.0,32.331745403332405,0.08034118,0.08034118,0.0,0.0,0.08034118,0.0,0.0,0.0,0.04865536959737696,0.0,0.04865536959737696,0.0 
 07/21  20:51:00,33.4,18.62850569300286,32.33181629879129,18.62850569300286,0.0,7599.275559192838,32.33181629879129,0.0,0.0,0.08034118,17.1,0.0,32.33178090196021,0.08034118,0.08034118,0.0,0.0,0.08034118,0.0,0.0,0.0,0.04865536959737696,0.0,0.04865536959737696,0.0 
 07/21  20:52:00,33.4,18.628255194779843,32.33185159470843,18.628255194779843,0.0,7598.026992996779,32.33185159470843,0.0,0.0,0.08034118,17.1,0.0,32.33181629879129,0.08034118,0.08034118,0.0,0.0,0.08034118,0.0,0.0,0.0,0.04865536959737696,0.0,0.04865536959737696,0.0 
 07/21  20:53:00,33.4,18.62800604991647,32.33188678996574,18.62800604991647,0.0,7596.7851921870715,32.33188678996574,0.0,0.0,0.08034118,17.1,0.0,32.33185159470843,0.08034118,0.08034118,0.0,0.0,0.08034118,0.0,0.0,0.0,0.04865536959737696,0.0,0.04865536959737696,0.0 
 07/21  20:54:00,33.4,18.627758377437196,32.33192188444452,18.627758377437196,0.0,7595.550724622526,32.33192188444452,0.0,0.0,0.08034118,17.1,0.0,32.33188678996574,0.08034118,0.08034118,0.0,0.0,0.08034118,0.0,0.0,0.0,0.04865536959737696,0.0,0.04865536959737696,0.0 
 07/21  20:55:00,33.4,18.627512043837232,32.331956879536406,18.627512043837232,0.0,7594.322926542768,32.331956879536406,0.0,0.0,0.08034118,17.1,0.0,32.33192188444452,0.08034118,0.08034118,0.0,0.0,0.08034118,0.0,0.0,0.0,0.04865536959737696,0.0,0.04865536959737696,0.0 
 07/21  20:56:00,33.4,18.62726716666528,32.33199177495475,18.62726716666528,0.0,7593.102394278762,32.33199177495475,0.0,0.0,0.08034118,17.1,0.0,32.331956879536406,0.08034118,0.08034118,0.0,0.0,0.08034118,0.0,0.0,0.0,0.04865536959737696,0.0,0.04865536959737696,0.0 
 07/21  20:57:00,33.4,18.62702361360355,32.3320265710595,18.62702361360355,0.0,7591.888458038766,32.3320265710595,0.0,0.0,0.08034118,17.1,0.0,32.33199177495475,0.08034118,0.08034118,0.0,0.0,0.08034118,0.0,0.0,0.0,0.04865536959737696,0.0,0.04865536959737696,0.0 
 07/21  20:58:00,33.4,18.62678150129074,32.332061268694076,18.62678150129074,0.0,7590.68169769977,32.332061268694076,0.0,0.0,0.08034118,17.1,0.0,32.3320265710595,0.08034118,0.08034118,0.0,0.0,0.08034118,0.0,0.0,0.0,0.04865536959737696,0.0,0.04865536959737696,0.0 
 07/21  20:59:00,33.4,18.626540697957807,32.3320958680803,18.626540697957807,0.0,7589.481481979201,32.3320958680803,0.0,0.0,0.08034118,17.1,0.0,32.332061268694076,0.08034118,0.08034118,0.0,0.0,0.08034118,0.0,0.0,0.0,0.04865536959737696,0.0,0.04865536959737696,0.0 
 07/21  21:00:00,33.4,18.62630131916819,32.332130369078236,18.62630131916819,0.0,7588.288349632003,32.332130369078236,0.0,0.0,0.08034118,17.1,0.0,32.3320958680803,0.08034118,0.08034118,0.0,0.0,0.08034118,0.0,0.0,0.0,0.04865536959737696,0.0,0.04865536959737696,0.0,49104000.0 
 07/21  21:01:00,33.4,18.626063235389545,32.332164773030755,18.626063235389545,0.0,7587.101680494529,32.332164773030755,0.0,0.0,0.08034118,17.1,0.0,32.332130369078236,0.08034118,0.08034118,0.0,0.0,0.08034118,0.0,0.0,0.0,0.04865536959737696,0.0,0.04865536959737696,0.0 
 07/21  21:02:00,33.4,18.625826560581007,32.332199079634215,18.625826560581007,0.0,7585.922029198159,32.332199079634215,0.0,0.0,0.08034118,17.1,0.0,32.332164773030755,0.08034118,0.08034118,0.0,0.0,0.08034118,0.0,0.0,0.0,0.04865536959737696,0.0,0.04865536959737696,0.0 
 07/21  21:03:00,33.4,18.6255911663303,32.332233289218564,18.6255911663303,0.0,7584.748769219245,32.332233289218564,0.0,0.0,0.08034118,17.1,0.0,32.332199079634215,0.08034118,0.08034118,0.0,0.0,0.08034118,0.0,0.0,0.0,0.04865536959737696,0.0,0.04865536959737696,0.0 
 07/21  21:04:00,33.4,18.62535716528677,32.332267402593175,18.62535716528677,0.0,7583.582448681254,32.332267402593175,0.0,0.0,0.08034118,17.1,0.0,32.332233289218564,0.08034118,0.08034118,0.0,0.0,0.08034118,0.0,0.0,0.0,0.04865536959737696,0.0,0.04865536959737696,0.0 
 07/21  21:05:00,33.4,18.625124430522792,32.33230141995369,18.625124430522792,0.0,7582.4224484384695,32.33230141995369,0.0,0.0,0.08034118,17.1,0.0,32.332267402593175,0.08034118,0.08034118,0.0,0.0,0.08034118,0.0,0.0,0.0,0.04865536959737696,0.0,0.04865536959737696,0.0 
 07/21  21:06:00,33.4,18.62489307351246,32.33233534114326,18.62489307351246,0.0,7581.269310775197,32.33233534114326,0.0,0.0,0.08034118,17.1,0.0,32.33230141995369,0.08034118,0.08034118,0.0,0.0,0.08034118,0.0,0.0,0.0,0.04865536959737696,0.0,0.04865536959737696,0.0 
 07/21  21:07:00,33.4,18.624662969246355,32.33236916746199,18.624662969246355,0.0,7580.122414171965,32.33236916746199,0.0,0.0,0.08034118,17.1,0.0,32.33233534114326,0.08034118,0.08034118,0.0,0.0,0.08034118,0.0,0.0,0.0,0.04865536959737696,0.0,0.04865536959737696,0.0 
 07/21  21:08:00,33.4,18.62443422753097,32.33240289859299,18.62443422753097,0.0,7578.982316442657,32.33240289859299,0.0,0.0,0.08034118,17.1,0.0,32.33236916746199,0.08034118,0.08034118,0.0,0.0,0.08034118,0.0,0.0,0.0,0.04865536959737696,0.0,0.04865536959737696,0.0 
 07/21  21:09:00,33.4,18.624206724458762,32.33243653484117,18.624206724458762,0.0,7577.848389637379,32.33243653484117,0.0,0.0,0.08034118,17.1,0.0,32.33240289859299,0.08034118,0.08034118,0.0,0.0,0.08034118,0.0,0.0,0.0,0.04865536959737696,0.0,0.04865536959737696,0.0 
 07/21  21:10:00,33.4,18.62398056861582,32.332470076985736,18.62398056861582,0.0,7576.721185498577,32.332470076985736,0.0,0.0,0.08034118,17.1,0.0,32.33243653484117,0.08034118,0.08034118,0.0,0.0,0.08034118,0.0,0.0,0.0,0.04865536959737696,0.0,0.04865536959737696,0.0 
 07/21  21:11:00,33.4,18.62375563756642,32.33250352520066,18.62375563756642,0.0,7575.6000833983535,32.33250352520066,0.0,0.0,0.08034118,17.1,0.0,32.332470076985736,0.08034118,0.08034118,0.0,0.0,0.08034118,0.0,0.0,0.0,0.04865536959737696,0.0,0.04865536959737696,0.0 
 07/21  21:12:00,33.4,18.62353203925793,32.33253687931529,18.62353203925793,0.0,7574.485620001947,32.33253687931529,0.0,0.0,0.08034118,17.1,0.0,32.33250352520066,0.08034118,0.08034118,0.0,0.0,0.08034118,0.0,0.0,0.0,0.04865536959737696,0.0,0.04865536959737696,0.0 
 07/21  21:13:00,33.4,18.623309652693365,32.332570140591464,18.623309652693365,0.0,7573.377193740425,32.332570140591464,0.0,0.0,0.08034118,17.1,0.0,32.33253687931529,0.08034118,0.08034118,0.0,0.0,0.08034118,0.0,0.0,0.0,0.04865536959737696,0.0,0.04865536959737696,0.0 
 07/21  21:14:00,33.4,18.623088583915713,32.332603308701714,18.623088583915713,0.0,7572.275343704814,32.332603308701714,0.0,0.0,0.08034118,17.1,0.0,32.332570140591464,0.08034118,0.08034118,0.0,0.0,0.08034118,0.0,0.0,0.0,0.04865536959737696,0.0,0.04865536959737696,0.0 
 07/21  21:15:00,33.4,18.622868712993284,32.332636383929554,18.622868712993284,0.0,7571.179461725487,32.332636383929554,0.0,0.0,0.08034118,17.1,0.0,32.332603308701714,0.08034118,0.08034118,0.0,0.0,0.08034118,0.0,0.0,0.0,0.04865536959737696,0.0,0.04865536959737696,0.0 
 07/21  21:16:00,33.4,18.62265014489324,32.332669367026746,18.62265014489324,0.0,7570.09008154092,32.332669367026746,0.0,0.0,0.08034118,17.1,0.0,32.332636383929554,0.08034118,0.08034118,0.0,0.0,0.08034118,0.0,0.0,0.0,0.04865536959737696,0.0,0.04865536959737696,0.0 
 07/21  21:17:00,33.4,18.622432761686284,32.33270225814871,18.622432761686284,0.0,7569.006593052736,32.33270225814871,0.0,0.0,0.08034118,17.1,0.0,32.332669367026746,0.08034118,0.08034118,0.0,0.0,0.08034118,0.0,0.0,0.0,0.04865536959737696,0.0,0.04865536959737696,0.0 
 07/21  21:18:00,33.4,18.622216666842384,32.33273505711294,18.622216666842384,0.0,7567.929546330656,32.33273505711294,0.0,0.0,0.08034118,17.1,0.0,32.33270225814871,0.08034118,0.08034118,0.0,0.0,0.08034118,0.0,0.0,0.0,0.04865536959737696,0.0,0.04865536959737696,0.0 
 07/21  21:19:00,33.4,18.62200174350154,32.33276776514624,18.62200174350154,0.0,7566.858324710288,32.33276776514624,0.0,0.0,0.08034118,17.1,0.0,32.33273505711294,0.08034118,0.08034118,0.0,0.0,0.08034118,0.0,0.0,0.0,0.04865536959737696,0.0,0.04865536959737696,0.0 
 07/21  21:20:00,33.4,18.62178809446464,32.332800381912236,18.62178809446464,0.0,7565.7934630409,32.332800381912236,0.0,0.0,0.08034118,17.1,0.0,32.33276776514624,0.08034118,0.08034118,0.0,0.0,0.08034118,0.0,0.0,0.0,0.04865536959737696,0.0,0.04865536959737696,0.0 
 07/21  21:21:00,33.4,18.621575603832724,32.3328329076757,18.621575603832724,0.0,7564.734373215233,32.3328329076757,0.0,0.0,0.08034118,17.1,0.0,32.332800381912236,0.08034118,0.08034118,0.0,0.0,0.08034118,0.0,0.0,0.0,0.04865536959737696,0.0,0.04865536959737696,0.0 
 07/21  21:22:00,33.4,18.621364373553195,32.33286534316304,18.621364373553195,0.0,7563.681562067968,32.33286534316304,0.0,0.0,0.08034118,17.1,0.0,32.3328329076757,0.08034118,0.08034118,0.0,0.0,0.08034118,0.0,0.0,0.0,0.04865536959737696,0.0,0.04865536959737696,0.0 
 07/21  21:23:00,33.4,18.62115428910419,32.3328976885138,18.62115428910419,0.0,7562.634460225399,32.3328976885138,0.0,0.0,0.08034118,17.1,0.0,32.33286534316304,0.08034118,0.08034118,0.0,0.0,0.08034118,0.0,0.0,0.0,0.04865536959737696,0.0,0.04865536959737696,0.0 
 07/21  21:24:00,33.4,18.620945450699203,32.33292994353565,18.620945450699203,0.0,7561.593577777385,32.33292994353565,0.0,0.0,0.08034118,17.1,0.0,32.3328976885138,0.08034118,0.08034118,0.0,0.0,0.08034118,0.0,0.0,0.0,0.04865536959737696,0.0,0.04865536959737696,0.0 
 07/21  21:25:00,33.4,18.620737744896505,32.3329621094237,18.620737744896505,0.0,7560.558338841597,32.3329621094237,0.0,0.0,0.08034118,17.1,0.0,32.33292994353565,0.08034118,0.08034118,0.0,0.0,0.08034118,0.0,0.0,0.0,0.04865536959737696,0.0,0.04865536959737696,0.0 
 07/21  21:26:00,33.4,18.620531271414333,32.332994185834934,18.620531271414333,0.0,7559.529239169792,32.332994185834934,0.0,0.0,0.08034118,17.1,0.0,32.3329621094237,0.08034118,0.08034118,0.0,0.0,0.08034118,0.0,0.0,0.0,0.04865536959737696,0.0,0.04865536959737696,0.0 
 07/21  21:27:00,33.4,18.62032591782272,32.333026173018624,18.62032591782272,0.0,7558.505731660048,32.333026173018624,0.0,0.0,0.08034118,17.1,0.0,32.332994185834934,0.08034118,0.08034118,0.0,0.0,0.08034118,0.0,0.0,0.0,0.04865536959737696,0.0,0.04865536959737696,0.0 
 07/21  21:28:00,33.4,18.62012178304953,32.333058071678806,18.62012178304953,0.0,7557.488284391889,32.333058071678806,0.0,0.0,0.08034118,17.1,0.0,32.333026173018624,0.08034118,0.08034118,0.0,0.0,0.08034118,0.0,0.0,0.0,0.04865536959737696,0.0,0.04865536959737696,0.0 
 07/21  21:29:00,33.4,18.61991875599995,32.333089881942456,18.61991875599995,0.0,7556.476368770618,32.333089881942456,0.0,0.0,0.08034118,17.1,0.0,32.333058071678806,0.08034118,0.08034118,0.0,0.0,0.08034118,0.0,0.0,0.0,0.04865536959737696,0.0,0.04865536959737696,0.0 
 07/21  21:30:00,33.4,18.619716933896598,32.33312160361006,18.619716933896598,0.0,7555.4704562699135,32.33312160361006,0.0,0.0,0.08034118,17.1,0.0,32.333089881942456,0.08034118,0.08034118,0.0,0.0,0.08034118,0.0,0.0,0.0,0.04865536959737696,0.0,0.04865536959737696,0.0 
 07/21  21:31:00,33.4,18.619516206682995,32.33315323784868,18.619516206682995,0.0,7554.470011582312,32.33315323784868,0.0,0.0,0.08034118,17.1,0.0,32.33312160361006,0.08034118,0.08034118,0.0,0.0,0.08034118,0.0,0.0,0.0,0.04865536959737696,0.0,0.04865536959737696,0.0 
 07/21  21:32:00,33.4,18.61931667112169,32.33318478431126,18.61931667112169,0.0,7553.475492035636,32.33318478431126,0.0,0.0,0.08034118,17.1,0.0,32.33315323784868,0.08034118,0.08034118,0.0,0.0,0.08034118,0.0,0.0,0.0,0.04865536959737696,0.0,0.04865536959737696,0.0 
 07/21  21:33:00,33.4,18.61911821862076,32.33321624323468,18.61911821862076,0.0,7552.486381466028,32.33321624323468,0.0,0.0,0.08034118,17.1,0.0,32.33318478431126,0.08034118,0.08034118,0.0,0.0,0.08034118,0.0,0.0,0.0,0.04865536959737696,0.0,0.04865536959737696,0.0 
 07/21  21:34:00,33.4,18.618920944265152,32.33324761530341,18.618920944265152,0.0,7551.503140726145,32.33324761530341,0.0,0.0,0.08034118,17.1,0.0,32.33321624323468,0.08034118,0.08034118,0.0,0.0,0.08034118,0.0,0.0,0.0,0.04865536959737696,0.0,0.04865536959737696,0.0 
 07/21  21:35:00,33.4,18.618724740921095,32.333278900634724,18.618724740921095,0.0,7550.525237176571,32.333278900634724,0.0,0.0,0.08034118,17.1,0.0,32.33324761530341,0.08034118,0.08034118,0.0,0.0,0.08034118,0.0,0.0,0.0,0.04865536959737696,0.0,0.04865536959737696,0.0 
 07/21  21:36:00,33.4,18.618529702771077,32.33331009902415,18.618529702771077,0.0,7549.553139046693,32.33331009902415,0.0,0.0,0.08034118,17.1,0.0,32.333278900634724,0.08034118,0.08034118,0.0,0.0,0.08034118,0.0,0.0,0.0,0.04865536959737696,0.0,0.04865536959737696,0.0 
 07/21  21:37:00,33.4,18.618335723349173,32.33334121161363,18.618335723349173,0.0,7548.586328871452,32.33334121161363,0.0,0.0,0.08034118,17.1,0.0,32.33331009902415,0.08034118,0.08034118,0.0,0.0,0.08034118,0.0,0.0,0.0,0.04865536959737696,0.0,0.04865536959737696,0.0 
 07/21  21:38:00,33.4,18.618142896114094,32.333372238053734,18.618142896114094,0.0,7547.625247573005,32.333372238053734,0.0,0.0,0.08034118,17.1,0.0,32.33334121161363,0.08034118,0.08034118,0.0,0.0,0.08034118,0.0,0.0,0.0,0.04865536959737696,0.0,0.04865536959737696,0.0 
 07/21  21:39:00,33.4,18.617951115981324,32.33340317857096,18.617951115981324,0.0,7546.669396406601,32.33340317857096,0.0,0.0,0.08034118,17.1,0.0,32.333372238053734,0.08034118,0.08034118,0.0,0.0,0.08034118,0.0,0.0,0.0,0.04865536959737696,0.0,0.04865536959737696,0.0 
 07/21  21:40:00,33.4,18.617760474844054,32.333434033831665,18.617760474844054,0.0,7545.719220366304,32.333434033831665,0.0,0.0,0.08034118,17.1,0.0,32.33340317857096,0.08034118,0.08034118,0.0,0.0,0.08034118,0.0,0.0,0.0,0.04865536959737696,0.0,0.04865536959737696,0.0 
 07/21  21:41:00,33.4,18.61757086911199,32.33346480394477,18.61757086911199,0.0,7544.774204431083,32.33346480394477,0.0,0.0,0.08034118,17.1,0.0,32.333434033831665,0.08034118,0.08034118,0.0,0.0,0.08034118,0.0,0.0,0.0,0.04865536959737696,0.0,0.04865536959737696,0.0 
 07/21  21:42:00,33.4,18.61738238984167,32.33349548870149,18.61738238984167,0.0,7543.834801288917,32.33349548870149,0.0,0.0,0.08034118,17.1,0.0,32.33346480394477,0.08034118,0.08034118,0.0,0.0,0.08034118,0.0,0.0,0.0,0.04865536959737696,0.0,0.04865536959737696,0.0 
 07/21  21:43:00,33.4,18.617194934077663,32.333526089219866,18.617194934077663,0.0,7542.900510919449,32.333526089219866,0.0,0.0,0.08034118,17.1,0.0,32.33349548870149,0.08034118,0.08034118,0.0,0.0,0.08034118,0.0,0.0,0.0,0.04865536959737696,0.0,0.04865536959737696,0.0 
 07/21  21:44:00,33.4,18.617008592181147,32.33355660514861,18.617008592181147,0.0,7541.9717588641515,32.33355660514861,0.0,0.0,0.08034118,17.1,0.0,32.333526089219866,0.08034118,0.08034118,0.0,0.0,0.08034118,0.0,0.0,0.0,0.04865536959737696,0.0,0.04865536959737696,0.0 
 07/21  21:45:00,33.4,18.616823262537746,32.333587036704806,18.616823262537746,0.0,7541.04806361262,32.333587036704806,0.0,0.0,0.08034118,17.1,0.0,32.33355660514861,0.08034118,0.08034118,0.0,0.0,0.08034118,0.0,0.0,0.0,0.04865536959737696,0.0,0.04865536959737696,0.0 
 07/21  21:46:00,33.4,18.616639033976313,32.333617384537824,18.616639033976313,0.0,7540.129854933612,32.333617384537824,0.0,0.0,0.08034118,17.1,0.0,32.333587036704806,0.08034118,0.08034118,0.0,0.0,0.08034118,0.0,0.0,0.0,0.04865536959737696,0.0,0.04865536959737696,0.0 
 07/21  21:47:00,33.4,18.616455806829535,32.33364764874955,18.616455806829535,0.0,7539.216625473459,32.33364764874955,0.0,0.0,0.08034118,17.1,0.0,32.333617384537824,0.08034118,0.08034118,0.0,0.0,0.08034118,0.0,0.0,0.0,0.04865536959737696,0.0,0.04865536959737696,0.0 
 07/21  21:48:00,33.4,18.61627366869082,32.33367782912814,18.61627366869082,0.0,7538.308834379245,32.33367782912814,0.0,0.0,0.08034118,17.1,0.0,32.33364764874955,0.08034118,0.08034118,0.0,0.0,0.08034118,0.0,0.0,0.0,0.04865536959737696,0.0,0.04865536959737696,0.0 
 07/21  21:49:00,33.4,18.616092520220704,32.333707926769925,18.616092520220704,0.0,7537.405975926181,32.333707926769925,0.0,0.0,0.08034118,17.1,0.0,32.33367782912814,0.08034118,0.08034118,0.0,0.0,0.08034118,0.0,0.0,0.0,0.04865536959737696,0.0,0.04865536959737696,0.0 
 07/21  21:50:00,33.4,18.615912448356234,32.33373794132325,18.615912448356234,0.0,7536.508482321306,32.33373794132325,0.0,0.0,0.08034118,17.1,0.0,32.333707926769925,0.08034118,0.08034118,0.0,0.0,0.08034118,0.0,0.0,0.0,0.04865536959737696,0.0,0.04865536959737696,0.0 
 07/21  21:51:00,33.4,18.615733354680092,32.33376787299779,18.615733354680092,0.0,7535.6158760954395,32.33376787299779,0.0,0.0,0.08034118,17.1,0.0,32.33373794132325,0.08034118,0.08034118,0.0,0.0,0.08034118,0.0,0.0,0.0,0.04865536959737696,0.0,0.04865536959737696,0.0 
 07/21  21:52:00,33.4,18.615555325630158,32.33379772242785,18.615555325630158,0.0,7534.728563309445,32.33379772242785,0.0,0.0,0.08034118,17.1,0.0,32.33376787299779,0.08034118,0.08034118,0.0,0.0,0.08034118,0.0,0.0,0.0,0.04865536959737696,0.0,0.04865536959737696,0.0 
 07/21  21:53:00,33.4,18.61537826456862,32.3338274897101,18.61537826456862,0.0,7533.846075343081,32.3338274897101,0.0,0.0,0.08034118,17.1,0.0,32.33379772242785,0.08034118,0.08034118,0.0,0.0,0.08034118,0.0,0.0,0.0,0.04865536959737696,0.0,0.04865536959737696,0.0 
 07/21  21:54:00,33.4,18.615202256453482,32.33385717463104,18.615202256453482,0.0,7532.968834564199,32.33385717463104,0.0,0.0,0.08034118,17.1,0.0,32.3338274897101,0.08034118,0.08034118,0.0,0.0,0.08034118,0.0,0.0,0.0,0.04865536959737696,0.0,0.04865536959737696,0.0 
 07/21  21:55:00,33.4,18.615027204833986,32.333886778266915,18.615027204833986,0.0,7532.096373275385,32.333886778266915,0.0,0.0,0.08034118,17.1,0.0,32.33385717463104,0.08034118,0.08034118,0.0,0.0,0.08034118,0.0,0.0,0.0,0.04865536959737696,0.0,0.04865536959737696,0.0 
 07/21  21:56:00,33.4,18.614853194066278,32.333916300266594,18.614853194066278,0.0,7531.229087199836,32.333916300266594,0.0,0.0,0.08034118,17.1,0.0,32.333886778266915,0.08034118,0.08034118,0.0,0.0,0.08034118,0.0,0.0,0.0,0.04865536959737696,0.0,0.04865536959737696,0.0 
 07/21  21:57:00,33.4,18.61468012912594,32.33394574083313,18.61468012912594,0.0,7530.366527555761,32.33394574083313,0.0,0.0,0.08034118,17.1,0.0,32.333916300266594,0.08034118,0.08034118,0.0,0.0,0.08034118,0.0,0.0,0.0,0.04865536959737696,0.0,0.04865536959737696,0.0 
 07/21  21:58:00,33.4,18.614508093499026,32.33397510058627,18.614508093499026,0.0,7529.509085746404,32.33397510058627,0.0,0.0,0.08034118,17.1,0.0,32.33394574083313,0.08034118,0.08034118,0.0,0.0,0.08034118,0.0,0.0,0.0,0.04865536959737696,0.0,0.04865536959737696,0.0 
 07/21  21:59:00,33.4,18.614336993153433,32.3340043796176,18.614336993153433,0.0,7528.656317917876,32.3340043796176,0.0,0.0,0.08034118,17.1,0.0,32.33397510058627,0.08034118,0.08034118,0.0,0.0,0.08034118,0.0,0.0,0.0,0.04865536959737696,0.0,0.04865536959737696,0.0 
 07/21  22:00:00,33.4,18.6141669100744,32.334033577711715,18.6141669100744,0.0,7527.808619835923,32.334033577711715,0.0,0.0,0.08034118,17.1,0.0,32.3340043796176,0.08034118,0.08034118,0.0,0.0,0.08034118,0.0,0.0,0.0,0.04865536959737696,0.0,0.04865536959737696,0.0,49104000.0 
 07/21  22:01:00,33.4,18.6139977521645,32.33406269592482,18.6139977521645,0.0,7526.965521805228,32.33406269592482,0.0,0.0,0.08034118,17.1,0.0,32.334033577711715,0.08034118,0.08034118,0.0,0.0,0.08034118,0.0,0.0,0.0,0.04865536959737696,0.0,0.04865536959737696,0.0 
 07/21  22:02:00,33.4,18.613829600317317,32.33409173390579,18.613829600317317,0.0,7526.12744962149,32.33409173390579,0.0,0.0,0.08034118,17.1,0.0,32.33406269592482,0.08034118,0.08034118,0.0,0.0,0.08034118,0.0,0.0,0.0,0.04865536959737696,0.0,0.04865536959737696,0.0 
 07/21  22:03:00,33.4,18.613662363203634,32.33412069185078,18.613662363203634,0.0,7525.293925593746,32.33412069185078,0.0,0.0,0.08034118,17.1,0.0,32.33409173390579,0.08034118,0.08034118,0.0,0.0,0.08034118,0.0,0.0,0.0,0.04865536959737696,0.0,0.04865536959737696,0.0 
 07/21  22:04:00,33.4,18.613496120706063,32.334149570364865,18.613496120706063,0.0,7524.4653704858,32.334149570364865,0.0,0.0,0.08034118,17.1,0.0,32.33412069185078,0.08034118,0.08034118,0.0,0.0,0.08034118,0.0,0.0,0.0,0.04865536959737696,0.0,0.04865536959737696,0.0 
 07/21  22:05:00,33.4,18.613330782062594,32.334178369534456,18.613330782062594,0.0,7523.641321243667,32.334178369534456,0.0,0.0,0.08034118,17.1,0.0,32.334149570364865,0.08034118,0.08034118,0.0,0.0,0.08034118,0.0,0.0,0.0,0.04865536959737696,0.0,0.04865536959737696,0.0 
 07/21  22:06:00,33.4,18.613166427219088,32.33420708914207,18.613166427219088,0.0,7522.822163506735,32.33420708914207,0.0,0.0,0.08034118,17.1,0.0,32.334178369534456,0.08034118,0.08034118,0.0,0.0,0.08034118,0.0,0.0,0.0,0.04865536959737696,0.0,0.04865536959737696,0.0 
 07/21  22:07:00,33.4,18.613002966298573,32.33423573022439,18.613002966298573,0.0,7522.0074740574455,32.33423573022439,0.0,0.0,0.08034118,17.1,0.0,32.33420708914207,0.08034118,0.08034118,0.0,0.0,0.08034118,0.0,0.0,0.0,0.04865536959737696,0.0,0.04865536959737696,0.0 
 07/21  22:08:00,33.4,18.612840477593,32.33426429243041,18.612840477593,0.0,7521.197630311153,32.33426429243041,0.0,0.0,0.08034118,17.1,0.0,32.33423573022439,0.08034118,0.08034118,0.0,0.0,0.08034118,0.0,0.0,0.0,0.04865536959737696,0.0,0.04865536959737696,0.0 
 07/21  22:09:00,33.4,18.61267887304776,32.33429277594991,18.61267887304776,0.0,7520.392182684468,32.33429277594991,0.0,0.0,0.08034118,17.1,0.0,32.33426429243041,0.08034118,0.08034118,0.0,0.0,0.08034118,0.0,0.0,0.0,0.04865536959737696,0.0,0.04865536959737696,0.0 
 07/21  22:10:00,33.4,18.612518229931254,32.334321181374044,18.612518229931254,0.0,7519.5915389274705,32.334321181374044,0.0,0.0,0.08034118,17.1,0.0,32.33429277594991,0.08034118,0.08034118,0.0,0.0,0.08034118,0.0,0.0,0.0,0.04865536959737696,0.0,0.04865536959737696,0.0 
 07/21  22:11:00,33.4,18.612358460957832,32.33434950878481,18.612358460957832,0.0,7518.795241475914,32.33434950878481,0.0,0.0,0.08034118,17.1,0.0,32.334321181374044,0.08034118,0.08034118,0.0,0.0,0.08034118,0.0,0.0,0.0,0.04865536959737696,0.0,0.04865536959737696,0.0 
 07/21  22:12:00,33.4,18.612199642449525,32.334377757963516,18.612199642449525,0.0,7518.003693369383,32.334377757963516,0.0,0.0,0.08034118,17.1,0.0,32.33434950878481,0.08034118,0.08034118,0.0,0.0,0.08034118,0.0,0.0,0.0,0.04865536959737696,0.0,0.04865536959737696,0.0 
 07/21  22:13:00,33.4,18.612041688138152,32.334405929928636,18.612041688138152,0.0,7517.216442107847,32.334405929928636,0.0,0.0,0.08034118,17.1,0.0,32.334377757963516,0.08034118,0.08034118,0.0,0.0,0.08034118,0.0,0.0,0.0,0.04865536959737696,0.0,0.04865536959737696,0.0 
 07/21  22:14:00,33.4,18.611884673527182,32.334434024330356,18.611884673527182,0.0,7516.4338866559,32.334434024330356,0.0,0.0,0.08034118,17.1,0.0,32.334405929928636,0.08034118,0.08034118,0.0,0.0,0.08034118,0.0,0.0,0.0,0.04865536959737696,0.0,0.04865536959737696,0.0 
 07/21  22:15:00,33.4,18.611728513348222,32.33446204135339,18.611728513348222,0.0,7515.655579489721,32.33446204135339,0.0,0.0,0.08034118,17.1,0.0,32.334434024330356,0.08034118,0.08034118,0.0,0.0,0.08034118,0.0,0.0,0.0,0.04865536959737696,0.0,0.04865536959737696,0.0 
 07/21  22:16:00,33.4,18.61157328274041,32.33448998157653,18.61157328274041,0.0,7514.8819059610605,32.33448998157653,0.0,0.0,0.08034118,17.1,0.0,32.33446204135339,0.08034118,0.08034118,0.0,0.0,0.08034118,0.0,0.0,0.0,0.04865536959737696,0.0,0.04865536959737696,0.0 
 07/21  22:17:00,33.4,18.61141889647857,32.33451784507891,18.61141889647857,0.0,7514.112454155038,32.33451784507891,0.0,0.0,0.08034118,17.1,0.0,32.33448998157653,0.08034118,0.08034118,0.0,0.0,0.08034118,0.0,0.0,0.0,0.04865536959737696,0.0,0.04865536959737696,0.0 
 07/21  22:18:00,33.4,18.611265429012448,32.33454563164221,18.611265429012448,0.0,7513.347570604933,32.33454563164221,0.0,0.0,0.08034118,17.1,0.0,32.33451784507891,0.08034118,0.08034118,0.0,0.0,0.08034118,0.0,0.0,0.0,0.04865536959737696,0.0,0.04865536959737696,0.0 
 07/21  22:19:00,33.4,18.61111279683235,32.33457334226877,18.61111279683235,0.0,7512.586851926103,32.33457334226877,0.0,0.0,0.08034118,17.1,0.0,32.33454563164221,0.08034118,0.08034118,0.0,0.0,0.08034118,0.0,0.0,0.0,0.04865536959737696,0.0,0.04865536959737696,0.0 
 07/21  22:20:00,33.4,18.61096107321877,32.33460097661179,18.61096107321877,0.0,7511.830662429702,32.33460097661179,0.0,0.0,0.08034118,17.1,0.0,32.33457334226877,0.08034118,0.08034118,0.0,0.0,0.08034118,0.0,0.0,0.0,0.04865536959737696,0.0,0.04865536959737696,0.0 
 07/21  22:21:00,33.4,18.610810175309176,32.33462853485295,18.610810175309176,0.0,7511.07859015272,32.33462853485295,0.0,0.0,0.08034118,17.1,0.0,32.33460097661179,0.08034118,0.08034118,0.0,0.0,0.08034118,0.0,0.0,0.0,0.04865536959737696,0.0,0.04865536959737696,0.0 
 07/21  22:22:00,33.4,18.610660175998284,32.33465601756085,18.610660175998284,0.0,7510.330985699948,32.33465601756085,0.0,0.0,0.08034118,17.1,0.0,32.33462853485295,0.08034118,0.08034118,0.0,0.0,0.08034118,0.0,0.0,0.0,0.04865536959737696,0.0,0.04865536959737696,0.0 
 07/21  22:23:00,33.4,18.610510993002517,32.3346834248136,18.610510993002517,0.0,7509.5874635650125,32.3346834248136,0.0,0.0,0.08034118,17.1,0.0,32.33465601756085,0.08034118,0.08034118,0.0,0.0,0.08034118,0.0,0.0,0.0,0.04865536959737696,0.0,0.04865536959737696,0.0 
 07/21  22:24:00,33.4,18.6103626977132,32.334710756394834,18.6103626977132,0.0,7508.848366877219,32.334710756394834,0.0,0.0,0.08034118,17.1,0.0,32.3346834248136,0.08034118,0.08034118,0.0,0.0,0.08034118,0.0,0.0,0.0,0.04865536959737696,0.0,0.04865536959737696,0.0 
 07/21  22:25:00,33.4,18.610215209723656,32.33473801329232,18.610215209723656,0.0,7508.113284098954,32.33473801329232,0.0,0.0,0.08034118,17.1,0.0,32.334710756394834,0.08034118,0.08034118,0.0,0.0,0.08034118,0.0,0.0,0.0,0.04865536959737696,0.0,0.04865536959737696,0.0 
 07/21  22:26:00,33.4,18.61006859956303,32.334765195163165,18.61006859956303,0.0,7507.382589433232,32.334765195163165,0.0,0.0,0.08034118,17.1,0.0,32.33473801329232,0.08034118,0.08034118,0.0,0.0,0.08034118,0.0,0.0,0.0,0.04865536959737696,0.0,0.04865536959737696,0.0 
 07/21  22:27:00,33.4,18.60992278753619,32.33479230218659,18.60992278753619,0.0,7506.655863096867,32.33479230218659,0.0,0.0,0.08034118,17.1,0.0,32.334765195163165,0.08034118,0.08034118,0.0,0.0,0.08034118,0.0,0.0,0.0,0.04865536959737696,0.0,0.04865536959737696,0.0 
 07/21  22:28:00,33.4,18.60977784378386,32.33481933492138,18.60977784378386,0.0,7505.933465575868,32.33481933492138,0.0,0.0,0.08034118,17.1,0.0,32.33479230218659,0.08034118,0.08034118,0.0,0.0,0.08034118,0.0,0.0,0.0,0.04865536959737696,0.0,0.04865536959737696,0.0 
 07/21  22:29:00,33.4,18.60963368910873,32.334846293444535,18.60963368910873,0.0,7505.215003130252,32.334846293444535,0.0,0.0,0.08034118,17.1,0.0,32.33481933492138,0.08034118,0.08034118,0.0,0.0,0.08034118,0.0,0.0,0.0,0.04865536959737696,0.0,0.04865536959737696,0.0 
 07/21  22:30:00,33.4,18.60949039263413,32.33487317754141,18.60949039263413,0.0,7504.5008194033835,32.33487317754141,0.0,0.0,0.08034118,17.1,0.0,32.334846293444535,0.08034118,0.08034118,0.0,0.0,0.08034118,0.0,0.0,0.0,0.04865536959737696,0.0,0.04865536959737696,0.0 
 07/21  22:31:00,33.4,18.60934787657329,32.334899988185015,18.60934787657329,0.0,7503.7905158908825,32.334899988185015,0.0,0.0,0.08034118,17.1,0.0,32.33487317754141,0.08034118,0.08034118,0.0,0.0,0.08034118,0.0,0.0,0.0,0.04865536959737696,0.0,0.04865536959737696,0.0 
 07/21  22:32:00,33.4,18.60920620894752,32.3349267250359,18.60920620894752,0.0,7503.084454313002,32.3349267250359,0.0,0.0,0.08034118,17.1,0.0,32.334899988185015,0.08034118,0.08034118,0.0,0.0,0.08034118,0.0,0.0,0.0,0.04865536959737696,0.0,0.04865536959737696,0.0 
 07/21  22:33:00,33.4,18.609065312174234,32.33495338827045,18.609065312174234,0.0,7502.382237179609,32.33495338827045,0.0,0.0,0.08034118,17.1,0.0,32.3349267250359,0.08034118,0.08034118,0.0,0.0,0.08034118,0.0,0.0,0.0,0.04865536959737696,0.0,0.04865536959737696,0.0 
 07/21  22:34:00,33.4,18.608925254448742,32.33497997843757,18.608925254448742,0.0,7501.684191746558,32.33497997843757,0.0,0.0,0.08034118,17.1,0.0,32.33495338827045,0.08034118,0.08034118,0.0,0.0,0.08034118,0.0,0.0,0.0,0.04865536959737696,0.0,0.04865536959737696,0.0 
 07/21  22:35:00,33.4,18.608785959492973,32.335006495613065,18.608785959492973,0.0,7500.989950563944,32.335006495613065,0.0,0.0,0.08034118,17.1,0.0,32.33497997843757,0.08034118,0.08034118,0.0,0.0,0.08034118,0.0,0.0,0.0,0.04865536959737696,0.0,0.04865536959737696,0.0 
 07/21  22:36:00,33.4,18.60864749410346,32.33503293958408,18.60864749410346,0.0,7500.299845707136,32.33503293958408,0.0,0.0,0.08034118,17.1,0.0,32.335006495613065,0.08034118,0.08034118,0.0,0.0,0.08034118,0.0,0.0,0.0,0.04865536959737696,0.0,0.04865536959737696,0.0 
 07/21  22:37:00,33.4,18.60850978252224,32.33505931130947,18.60850978252224,0.0,7499.613500536202,32.33505931130947,0.0,0.0,0.08034118,17.1,0.0,32.33503293958408,0.08034118,0.08034118,0.0,0.0,0.08034118,0.0,0.0,0.0,0.04865536959737696,0.0,0.04865536959737696,0.0 
 07/21  22:38:00,33.4,18.608372891306793,32.335085610453866,18.608372891306793,0.0,7498.931234169077,32.335085610453866,0.0,0.0,0.08034118,17.1,0.0,32.33505931130947,0.08034118,0.08034118,0.0,0.0,0.08034118,0.0,0.0,0.0,0.04865536959737696,0.0,0.04865536959737696,0.0 
 07/21  22:39:00,33.4,18.608236745274244,32.3351118371917,18.608236745274244,0.0,7498.2526963642385,32.3351118371917,0.0,0.0,0.08034118,17.1,0.0,32.335085610453866,0.08034118,0.08034118,0.0,0.0,0.08034118,0.0,0.0,0.0,0.04865536959737696,0.0,0.04865536959737696,0.0 
 07/21  22:40:00,33.4,18.608101410068343,32.335137992063174,18.608101410068343,0.0,7497.5781899291,32.335137992063174,0.0,0.0,0.08034118,17.1,0.0,32.3351118371917,0.08034118,0.08034118,0.0,0.0,0.08034118,0.0,0.0,0.0,0.04865536959737696,0.0,0.04865536959737696,0.0 
 07/21  22:41:00,33.4,18.607966811878047,32.33516407514386,18.607966811878047,0.0,7496.907359672409,32.33516407514386,0.0,0.0,0.08034118,17.1,0.0,32.335137992063174,0.08034118,0.08034118,0.0,0.0,0.08034118,0.0,0.0,0.0,0.04865536959737696,0.0,0.04865536959737696,0.0 
 07/21  22:42:00,33.4,18.607833015280054,32.33519008622359,18.607833015280054,0.0,7496.240526633433,32.33519008622359,0.0,0.0,0.08034118,17.1,0.0,32.33516407514386,0.08034118,0.08034118,0.0,0.0,0.08034118,0.0,0.0,0.0,0.04865536959737696,0.0,0.04865536959737696,0.0 
 07/21  22:43:00,33.4,18.607699947100084,32.335216026247735,18.607699947100084,0.0,7495.577327017872,32.335216026247735,0.0,0.0,0.08034118,17.1,0.0,32.33519008622359,0.08034118,0.08034118,0.0,0.0,0.08034118,0.0,0.0,0.0,0.04865536959737696,0.0,0.04865536959737696,0.0 
 07/21  22:44:00,33.4,18.607567671698938,32.335241894885,18.607567671698938,0.0,7494.918069029509,32.335241894885,0.0,0.0,0.08034118,17.1,0.0,32.335216026247735,0.08034118,0.08034118,0.0,0.0,0.08034118,0.0,0.0,0.0,0.04865536959737696,0.0,0.04865536959737696,0.0 
 07/21  22:45:00,33.4,18.60743611689071,32.33526769230731,18.60743611689071,0.0,7494.262405552422,32.33526769230731,0.0,0.0,0.08034118,17.1,0.0,32.335241894885,0.08034118,0.08034118,0.0,0.0,0.08034118,0.0,0.0,0.0,0.04865536959737696,0.0,0.04865536959737696,0.0 
 07/21  22:46:00,33.4,18.607305345687323,32.33529341904533,18.607305345687323,0.0,7493.610649846423,32.33529341904533,0.0,0.0,0.08034118,17.1,0.0,32.33526769230731,0.08034118,0.08034118,0.0,0.0,0.08034118,0.0,0.0,0.0,0.04865536959737696,0.0,0.04865536959737696,0.0 
 07/21  22:47:00,33.4,18.607175286482452,32.33531907517283,18.607175286482452,0.0,7492.962445912917,32.33531907517283,0.0,0.0,0.08034118,17.1,0.0,32.33529341904533,0.08034118,0.08034118,0.0,0.0,0.08034118,0.0,0.0,0.0,0.04865536959737696,0.0,0.04865536959737696,0.0 
 07/21  22:48:00,33.4,18.60704600168342,32.33534466048057,18.60704600168342,0.0,7492.318104005894,32.33534466048057,0.0,0.0,0.08034118,17.1,0.0,32.33531907517283,0.08034118,0.08034118,0.0,0.0,0.08034118,0.0,0.0,0.0,0.04865536959737696,0.0,0.04865536959737696,0.0 
 07/21  22:49:00,33.4,18.60691742115725,32.335370175898824,18.60691742115725,0.0,7491.677263695183,32.335370175898824,0.0,0.0,0.08034118,17.1,0.0,32.33534466048057,0.08034118,0.08034118,0.0,0.0,0.08034118,0.0,0.0,0.0,0.04865536959737696,0.0,0.04865536959737696,0.0 
 07/21  22:50:00,33.4,18.606789606279005,32.33539562109874,18.606789606279005,0.0,7491.0402536171705,32.33539562109874,0.0,0.0,0.08034118,17.1,0.0,32.335370175898824,0.08034118,0.08034118,0.0,0.0,0.08034118,0.0,0.0,0.0,0.04865536959737696,0.0,0.04865536959737696,0.0 
 07/21  22:51:00,33.4,18.60666248747496,32.335420996248516,18.60666248747496,0.0,7490.406704366665,32.335420996248516,0.0,0.0,0.08034118,17.1,0.0,32.33539562109874,0.08034118,0.08034118,0.0,0.0,0.08034118,0.0,0.0,0.0,0.04865536959737696,0.0,0.04865536959737696,0.0 
 07/21  22:52:00,33.4,18.606536126392136,32.33544630186867,18.606536126392136,0.0,7489.776922420997,32.33544630186867,0.0,0.0,0.08034118,17.1,0.0,32.335420996248516,0.08034118,0.08034118,0.0,0.0,0.08034118,0.0,0.0,0.0,0.04865536959737696,0.0,0.04865536959737696,0.0 
 07/21  22:53:00,33.4,18.606410453485438,32.33547153803095,18.606410453485438,0.0,7489.150585537545,32.33547153803095,0.0,0.0,0.08034118,17.1,0.0,32.33544630186867,0.08034118,0.08034118,0.0,0.0,0.08034118,0.0,0.0,0.0,0.04865536959737696,0.0,0.04865536959737696,0.0 
 07/21  22:54:00,33.4,18.606285529246893,32.335496704527195,18.606285529246893,0.0,7488.527970942573,32.335496704527195,0.0,0.0,0.08034118,17.1,0.0,32.33547153803095,0.08034118,0.08034118,0.0,0.0,0.08034118,0.0,0.0,0.0,0.04865536959737696,0.0,0.04865536959737696,0.0 
 07/21  22:55:00,33.4,18.606161285438986,32.33552180227333,18.606161285438986,0.0,7487.908751139871,32.33552180227333,0.0,0.0,0.08034118,17.1,0.0,32.335496704527195,0.08034118,0.08034118,0.0,0.0,0.08034118,0.0,0.0,0.0,0.04865536959737696,0.0,0.04865536959737696,0.0 
 07/21  22:56:00,33.4,18.60603778165183,32.335546830943684,18.60603778165183,0.0,7487.293222377493,32.335546830943684,0.0,0.0,0.08034118,17.1,0.0,32.33552180227333,0.08034118,0.08034118,0.0,0.0,0.08034118,0.0,0.0,0.0,0.04865536959737696,0.0,0.04865536959737696,0.0 
 07/21  22:57:00,33.4,18.60591495079048,32.33557179070364,18.60591495079048,0.0,7486.681039338355,32.33557179070364,0.0,0.0,0.08034118,17.1,0.0,32.335546830943684,0.08034118,0.08034118,0.0,0.0,0.08034118,0.0,0.0,0.0,0.04865536959737696,0.0,0.04865536959737696,0.0 
 07/21  22:58:00,33.4,18.605792851885163,32.335596682064704,18.605792851885163,0.0,7486.072507237086,32.335596682064704,0.0,0.0,0.08034118,17.1,0.0,32.33557179070364,0.08034118,0.08034118,0.0,0.0,0.08034118,0.0,0.0,0.0,0.04865536959737696,0.0,0.04865536959737696,0.0 
 07/21  22:59:00,33.4,18.60567141801277,32.335621505097514,18.60567141801277,0.0,7485.467293359184,32.335621505097514,0.0,0.0,0.08034118,17.1,0.0,32.335596682064704,0.08034118,0.08034118,0.0,0.0,0.08034118,0.0,0.0,0.0,0.04865536959737696,0.0,0.04865536959737696,0.0 
 07/21  23:00:00,33.4,18.605550707339106,32.33564625959602,18.605550707339106,0.0,7484.865686871685,32.33564625959602,0.0,0.0,0.08034118,17.1,0.0,32.335621505097514,0.08034118,0.08034118,0.0,0.0,0.08034118,0.0,0.0,0.0,0.04865536959737696,0.0,0.04865536959737696,0.0,49104000.0 
 07/21  23:01:00,33.4,18.605430654315775,32.335670946463,18.605430654315775,0.0,7484.267350150658,32.335670946463,0.0,0.0,0.08034118,17.1,0.0,32.33564625959602,0.08034118,0.08034118,0.0,0.0,0.08034118,0.0,0.0,0.0,0.04865536959737696,0.0,0.04865536959737696,0.0 
 07/21  23:02:00,33.4,18.605311316202183,32.33569556537708,18.605311316202183,0.0,7483.6725913459395,32.33569556537708,0.0,0.0,0.08034118,17.1,0.0,32.335670946463,0.08034118,0.08034118,0.0,0.0,0.08034118,0.0,0.0,0.0,0.04865536959737696,0.0,0.04865536959737696,0.0 
 07/21  23:03:00,33.4,18.605192628517536,32.33572011650201,18.605192628517536,0.0,7483.081054656436,32.33572011650201,0.0,0.0,0.08034118,17.1,0.0,32.33569556537708,0.08034118,0.08034118,0.0,0.0,0.08034118,0.0,0.0,0.0,0.04865536959737696,0.0,0.04865536959737696,0.0 
 07/21  23:04:00,33.4,18.60507464795653,32.33574460034167,18.60507464795653,0.0,7482.493057164456,32.33574460034167,0.0,0.0,0.08034118,17.1,0.0,32.33572011650201,0.08034118,0.08034118,0.0,0.0,0.08034118,0.0,0.0,0.0,0.04865536959737696,0.0,0.04865536959737696,0.0 
 07/21  23:05:00,33.4,18.604957310179376,32.33576901696679,18.604957310179376,0.0,7481.908255516114,32.33576901696679,0.0,0.0,0.08034118,17.1,0.0,32.33574460034167,0.08034118,0.08034118,0.0,0.0,0.08034118,0.0,0.0,0.0,0.04865536959737696,0.0,0.04865536959737696,0.0 
 07/21  23:06:00,33.4,18.60484067152648,32.33579336617454,18.60484067152648,0.0,7481.3269415453215,32.33579336617454,0.0,0.0,0.08034118,17.1,0.0,32.33576901696679,0.08034118,0.08034118,0.0,0.0,0.08034118,0.0,0.0,0.0,0.04865536959737696,0.0,0.04865536959737696,0.0 
 07/21  23:07:00,33.4,18.60472466809695,32.33581764885554,18.60472466809695,0.0,7480.7487975633785,32.33581764885554,0.0,0.0,0.08034118,17.1,0.0,32.33579336617454,0.08034118,0.08034118,0.0,0.0,0.08034118,0.0,0.0,0.0,0.04865536959737696,0.0,0.04865536959737696,0.0 
 07/21  23:08:00,33.4,18.604609355992547,32.33584186469318,18.604609355992547,0.0,7480.174090738715,32.33584186469318,0.0,0.0,0.08034118,17.1,0.0,32.33581764885554,0.08034118,0.08034118,0.0,0.0,0.08034118,0.0,0.0,0.0,0.04865536959737696,0.0,0.04865536959737696,0.0 
 07/21  23:09:00,33.4,18.604494672200957,32.335866013849596,18.604494672200957,0.0,7479.602519539376,32.335866013849596,0.0,0.0,0.08034118,17.1,0.0,32.33584186469318,0.08034118,0.08034118,0.0,0.0,0.08034118,0.0,0.0,0.0,0.04865536959737696,0.0,0.04865536959737696,0.0 
 07/21  23:10:00,33.4,18.604380671625766,32.3358900968208,18.604380671625766,0.0,7479.034356914058,32.3358900968208,0.0,0.0,0.08034118,17.1,0.0,32.335866013849596,0.08034118,0.08034118,0.0,0.0,0.08034118,0.0,0.0,0.0,0.04865536959737696,0.0,0.04865536959737696,0.0 
 07/21  23:11:00,33.4,18.604267291779625,32.335914113676616,18.604267291779625,0.0,7478.469292201912,32.335914113676616,0.0,0.0,0.08034118,17.1,0.0,32.3358900968208,0.08034118,0.08034118,0.0,0.0,0.08034118,0.0,0.0,0.0,0.04865536959737696,0.0,0.04865536959737696,0.0 
 07/21  23:12:00,33.4,18.60415458755674,32.33593806421608,18.60415458755674,0.0,7477.9075865718005,32.33593806421608,0.0,0.0,0.08034118,17.1,0.0,32.335914113676616,0.08034118,0.08034118,0.0,0.0,0.08034118,0.0,0.0,0.0,0.04865536959737696,0.0,0.04865536959737696,0.0 
 07/21  23:13:00,33.4,18.60404249741496,32.33596194931615,18.60404249741496,0.0,7477.3489457971755,32.33596194931615,0.0,0.0,0.08034118,17.1,0.0,32.33593806421608,0.08034118,0.08034118,0.0,0.0,0.08034118,0.0,0.0,0.0,0.04865536959737696,0.0,0.04865536959737696,0.0 
 07/21  23:14:00,33.4,18.60393107552032,32.335985768663136,18.60393107552032,0.0,7476.79362742871,32.335985768663136,0.0,0.0,0.08034118,17.1,0.0,32.33596194931615,0.08034118,0.08034118,0.0,0.0,0.08034118,0.0,0.0,0.0,0.04865536959737696,0.0,0.04865536959737696,0.0 
 07/21  23:15:00,33.4,18.60382026085008,32.33600952241563,18.60382026085008,0.0,7476.241339820308,32.33600952241563,0.0,0.0,0.08034118,17.1,0.0,32.335985768663136,0.08034118,0.08034118,0.0,0.0,0.08034118,0.0,0.0,0.0,0.04865536959737696,0.0,0.04865536959737696,0.0 
 07/21  23:16:00,33.4,18.60371010636782,32.33603321106005,18.60371010636782,0.0,7475.692346275923,32.33603321106005,0.0,0.0,0.08034118,17.1,0.0,32.33600952241563,0.08034118,0.08034118,0.0,0.0,0.08034118,0.0,0.0,0.0,0.04865536959737696,0.0,0.04865536959737696,0.0 
 07/21  23:17:00,33.4,18.603600552138822,32.33605683466355,18.603600552138822,0.0,7475.146337097126,32.33605683466355,0.0,0.0,0.08034118,17.1,0.0,32.33603321106005,0.08034118,0.08034118,0.0,0.0,0.08034118,0.0,0.0,0.0,0.04865536959737696,0.0,0.04865536959737696,0.0 
 07/21  23:18:00,33.4,18.603491650309863,32.336080393025405,18.603491650309863,0.0,7474.603594984924,32.336080393025405,0.0,0.0,0.08034118,17.1,0.0,32.33605683466355,0.08034118,0.08034118,0.0,0.0,0.08034118,0.0,0.0,0.0,0.04865536959737696,0.0,0.04865536959737696,0.0 
 07/21  23:19:00,33.4,18.603383342059683,32.336103887007646,18.603383342059683,0.0,7474.063792322509,32.336103887007646,0.0,0.0,0.08034118,17.1,0.0,32.336080393025405,0.08034118,0.08034118,0.0,0.0,0.08034118,0.0,0.0,0.0,0.04865536959737696,0.0,0.04865536959737696,0.0 
 07/21  23:20:00,33.4,18.603275679103433,32.33612731629826,18.603275679103433,0.0,7473.527221389791,32.33612731629826,0.0,0.0,0.08034118,17.1,0.0,32.336103887007646,0.08034118,0.08034118,0.0,0.0,0.08034118,0.0,0.0,0.0,0.04865536959737696,0.0,0.04865536959737696,0.0 
 07/21  23:21:00,33.4,18.603168602724708,32.33615068105143,18.603168602724708,0.0,7472.993566821688,32.33615068105143,0.0,0.0,0.08034118,17.1,0.0,32.33612731629826,0.08034118,0.08034118,0.0,0.0,0.08034118,0.0,0.0,0.0,0.04865536959737696,0.0,0.04865536959737696,0.0 
 07/21  23:22:00,33.4,18.603062164339743,32.33617398174354,18.603062164339743,0.0,7472.4630959560545,32.33617398174354,0.0,0.0,0.08034118,17.1,0.0,32.33615068105143,0.08034118,0.08034118,0.0,0.0,0.08034118,0.0,0.0,0.0,0.04865536959737696,0.0,0.04865536959737696,0.0 
 07/21  23:23:00,33.4,18.602956306087382,32.33619721843895,18.602956306087382,0.0,7471.935509409168,32.33619721843895,0.0,0.0,0.08034118,17.1,0.0,32.33617398174354,0.08034118,0.08034118,0.0,0.0,0.08034118,0.0,0.0,0.0,0.04865536959737696,0.0,0.04865536959737696,0.0 
 07/21  23:24:00,33.4,18.60285107876947,32.336220390937456,18.60285107876947,0.0,7471.411071462571,32.336220390937456,0.0,0.0,0.08034118,17.1,0.0,32.33619721843895,0.08034118,0.08034118,0.0,0.0,0.08034118,0.0,0.0,0.0,0.04865536959737696,0.0,0.04865536959737696,0.0 
 07/21  23:25:00,33.4,18.60274642459819,32.33624350008712,18.60274642459819,0.0,7470.889494820394,32.33624350008712,0.0,0.0,0.08034118,17.1,0.0,32.336220390937456,0.08034118,0.08034118,0.0,0.0,0.08034118,0.0,0.0,0.0,0.04865536959737696,0.0,0.04865536959737696,0.0 
 07/21  23:26:00,33.4,18.602642394152124,32.33626654557876,18.602642394152124,0.0,7470.371019208997,32.33626654557876,0.0,0.0,0.08034118,17.1,0.0,32.33624350008712,0.08034118,0.08034118,0.0,0.0,0.08034118,0.0,0.0,0.0,0.04865536959737696,0.0,0.04865536959737696,0.0 
 07/21  23:27:00,33.4,18.602538930537747,32.33628952756364,18.602538930537747,0.0,7469.8553735007545,32.33628952756364,0.0,0.0,0.08034118,17.1,0.0,32.33626654557876,0.08034118,0.08034118,0.0,0.0,0.08034118,0.0,0.0,0.0,0.04865536959737696,0.0,0.04865536959737696,0.0 
 07/21  23:28:00,33.4,18.6024360837545,32.33631244651007,18.6024360837545,0.0,7469.342794544596,32.33631244651007,0.0,0.0,0.08034118,17.1,0.0,32.33628952756364,0.08034118,0.08034118,0.0,0.0,0.08034118,0.0,0.0,0.0,0.04865536959737696,0.0,0.04865536959737696,0.0 
 07/21  23:29:00,33.4,18.60233379696971,32.336335302481416,18.60233379696971,0.0,7468.833023231514,32.336335302481416,0.0,0.0,0.08034118,17.1,0.0,32.33631244651007,0.08034118,0.08034118,0.0,0.0,0.08034118,0.0,0.0,0.0,0.04865536959737696,0.0,0.04865536959737696,0.0 
 07/21  23:30:00,33.4,18.602232119968754,32.3363580952799,18.602232119968754,0.0,7468.326271911596,32.3363580952799,0.0,0.0,0.08034118,17.1,0.0,32.336335302481416,0.08034118,0.08034118,0.0,0.0,0.08034118,0.0,0.0,0.0,0.04865536959737696,0.0,0.04865536959737696,0.0 
 07/21  23:31:00,33.4,18.602130996796383,32.336380825741514,18.602130996796383,0.0,7467.822297553239,32.336380825741514,0.0,0.0,0.08034118,17.1,0.0,32.3363580952799,0.08034118,0.08034118,0.0,0.0,0.08034118,0.0,0.0,0.0,0.04865536959737696,0.0,0.04865536959737696,0.0 
 07/21  23:32:00,33.4,18.602030476187505,32.33640349356142,18.602030476187505,0.0,7467.321319004454,32.33640349356142,0.0,0.0,0.08034118,17.1,0.0,32.336380825741514,0.08034118,0.08034118,0.0,0.0,0.08034118,0.0,0.0,0.0,0.04865536959737696,0.0,0.04865536959737696,0.0 
 07/21  23:33:00,33.4,18.601930503629625,32.336426098889234,18.601930503629625,0.0,7466.823065255735,32.336426098889234,0.0,0.0,0.08034118,17.1,0.0,32.33640349356142,0.08034118,0.08034118,0.0,0.0,0.08034118,0.0,0.0,0.0,0.04865536959737696,0.0,0.04865536959737696,0.0 
 07/21  23:34:00,33.4,18.601831127069516,32.336448642186284,18.601831127069516,0.0,7466.327786385773,32.336448642186284,0.0,0.0,0.08034118,17.1,0.0,32.336426098889234,0.08034118,0.08034118,0.0,0.0,0.08034118,0.0,0.0,0.0,0.04865536959737696,0.0,0.04865536959737696,0.0 
 07/21  23:35:00,33.4,18.601732291831336,32.33647112351559,18.601732291831336,0.0,7465.835210570594,32.33647112351559,0.0,0.0,0.08034118,17.1,0.0,32.336448642186284,0.08034118,0.08034118,0.0,0.0,0.08034118,0.0,0.0,0.0,0.04865536959737696,0.0,0.04865536959737696,0.0 
 07/21  23:36:00,33.4,18.601634045159294,32.33649354268213,18.601634045159294,0.0,7465.345572680062,32.33649354268213,0.0,0.0,0.08034118,17.1,0.0,32.33647112351559,0.08034118,0.08034118,0.0,0.0,0.08034118,0.0,0.0,0.0,0.04865536959737696,0.0,0.04865536959737696,0.0 
 07/21  23:37:00,33.4,18.60153633372092,32.33651590051011,18.60153633372092,0.0,7464.858595857977,32.33651590051011,0.0,0.0,0.08034118,17.1,0.0,32.33649354268213,0.08034118,0.08034118,0.0,0.0,0.08034118,0.0,0.0,0.0,0.04865536959737696,0.0,0.04865536959737696,0.0 
 07/21  23:38:00,33.4,18.6014392050188,32.33653819669892,18.6014392050188,0.0,7464.374516261159,32.33653819669892,0.0,0.0,0.08034118,17.1,0.0,32.33651590051011,0.08034118,0.08034118,0.0,0.0,0.08034118,0.0,0.0,0.0,0.04865536959737696,0.0,0.04865536959737696,0.0 
 07/21  23:39:00,33.4,18.601342605821095,32.336560431396364,18.601342605821095,0.0,7463.893080956609,32.336560431396364,0.0,0.0,0.08034118,17.1,0.0,32.33653819669892,0.08034118,0.08034118,0.0,0.0,0.08034118,0.0,0.0,0.0,0.04865536959737696,0.0,0.04865536959737696,0.0 
 07/21  23:40:00,33.4,18.601246582166315,32.33658260505673,18.601246582166315,0.0,7463.4145188199955,32.33658260505673,0.0,0.0,0.08034118,17.1,0.0,32.336560431396364,0.08034118,0.08034118,0.0,0.0,0.08034118,0.0,0.0,0.0,0.04865536959737696,0.0,0.04865536959737696,0.0 
 07/21  23:41:00,33.4,18.60115108174634,32.336604717742475,18.60115108174634,0.0,7462.938558091232,32.336604717742475,0.0,0.0,0.08034118,17.1,0.0,32.33658260505673,0.08034118,0.08034118,0.0,0.0,0.08034118,0.0,0.0,0.0,0.04865536959737696,0.0,0.04865536959737696,0.0 
 07/21  23:42:00,33.4,18.60105615041159,32.336626769261244,18.60105615041159,0.0,7462.465438420213,32.336626769261244,0.0,0.0,0.08034118,17.1,0.0,32.336604717742475,0.08034118,0.08034118,0.0,0.0,0.08034118,0.0,0.0,0.0,0.04865536959737696,0.0,0.04865536959737696,0.0 
 07/21  23:43:00,33.4,18.600961736044418,32.336648760425554,18.600961736044418,0.0,7461.994900701588,32.336648760425554,0.0,0.0,0.08034118,17.1,0.0,32.336626769261244,0.08034118,0.08034118,0.0,0.0,0.08034118,0.0,0.0,0.0,0.04865536959737696,0.0,0.04865536959737696,0.0 
 07/21  23:44:00,33.4,18.60086788433407,32.33667069093918,18.60086788433407,0.0,7461.527160369424,32.33667069093918,0.0,0.0,0.08034118,17.1,0.0,32.336648760425554,0.08034118,0.08034118,0.0,0.0,0.08034118,0.0,0.0,0.0,0.04865536959737696,0.0,0.04865536959737696,0.0 
 07/21  23:45:00,33.4,18.600774544429324,32.33669256094842,18.600774544429324,0.0,7461.06196461687,32.33669256094842,0.0,0.0,0.08034118,17.1,0.0,32.33667069093918,0.08034118,0.08034118,0.0,0.0,0.08034118,0.0,0.0,0.0,0.04865536959737696,0.0,0.04865536959737696,0.0 
 07/21  23:46:00,33.4,18.600681761034252,32.33671437090114,18.600681761034252,0.0,7460.5995473915755,32.33671437090114,0.0,0.0,0.08034118,17.1,0.0,32.33669256094842,0.08034118,0.08034118,0.0,0.0,0.08034118,0.0,0.0,0.0,0.04865536959737696,0.0,0.04865536959737696,0.0 
 07/21  23:47:00,33.4,18.60058948301822,32.33673612085987,18.60058948301822,0.0,7460.139654495301,32.33673612085987,0.0,0.0,0.08034118,17.1,0.0,32.33671437090114,0.08034118,0.08034118,0.0,0.0,0.08034118,0.0,0.0,0.0,0.04865536959737696,0.0,0.04865536959737696,0.0 
 07/21  23:48:00,33.4,18.600497754934214,32.33675781063575,18.600497754934214,0.0,7459.682495716374,32.33675781063575,0.0,0.0,0.08034118,17.1,0.0,32.33673612085987,0.08034118,0.08034118,0.0,0.0,0.08034118,0.0,0.0,0.0,0.04865536959737696,0.0,0.04865536959737696,0.0 
 07/21  23:49:00,33.4,18.60040652657548,32.33677944103077,18.60040652657548,0.0,7459.2278331534635,32.33677944103077,0.0,0.0,0.08034118,17.1,0.0,32.33675781063575,0.08034118,0.08034118,0.0,0.0,0.08034118,0.0,0.0,0.0,0.04865536959737696,0.0,0.04865536959737696,0.0 
 07/21  23:50:00,33.4,18.600315842063445,32.33680101175411,18.600315842063445,0.0,7458.77587445088,32.33680101175411,0.0,0.0,0.08034118,17.1,0.0,32.33677944103077,0.08034118,0.08034118,0.0,0.0,0.08034118,0.0,0.0,0.0,0.04865536959737696,0.0,0.04865536959737696,0.0 
 07/21  23:51:00,33.4,18.60022565169063,32.33682252295155,18.60022565169063,0.0,7458.326384188044,32.33682252295155,0.0,0.0,0.08034118,17.1,0.0,32.33680101175411,0.08034118,0.08034118,0.0,0.0,0.08034118,0.0,0.0,0.0,0.04865536959737696,0.0,0.04865536959737696,0.0 
 07/21  23:52:00,33.4,18.600135998520344,32.336843975065555,18.600135998520344,0.0,7457.879576449473,32.336843975065555,0.0,0.0,0.08034118,17.1,0.0,32.33682252295155,0.08034118,0.08034118,0.0,0.0,0.08034118,0.0,0.0,0.0,0.04865536959737696,0.0,0.04865536959737696,0.0 
 07/21  23:53:00,33.4,18.600046833800253,32.33686536815937,18.600046833800253,0.0,7457.4351971626675,32.33686536815937,0.0,0.0,0.08034118,17.1,0.0,32.336843975065555,0.08034118,0.08034118,0.0,0.0,0.08034118,0.0,0.0,0.0,0.04865536959737696,0.0,0.04865536959737696,0.0 
 07/21  23:54:00,33.4,18.599958200846935,32.33688670204804,18.599958200846935,0.0,7456.993461673524,32.33688670204804,0.0,0.0,0.08034118,17.1,0.0,32.33686536815937,0.08034118,0.08034118,0.0,0.0,0.08034118,0.0,0.0,0.0,0.04865536959737696,0.0,0.04865536959737696,0.0 
 07/21  23:55:00,33.4,18.599870051037655,32.33690797752311,18.599870051037655,0.0,7456.554139951377,32.33690797752311,0.0,0.0,0.08034118,17.1,0.0,32.33688670204804,0.08034118,0.08034118,0.0,0.0,0.08034118,0.0,0.0,0.0,0.04865536959737696,0.0,0.04865536959737696,0.0 
 07/21  23:56:00,33.4,18.599782426349595,32.336929194298925,18.599782426349595,0.0,7456.117440681114,32.336929194298925,0.0,0.0,0.08034118,17.1,0.0,32.33690797752311,0.08034118,0.08034118,0.0,0.0,0.08034118,0.0,0.0,0.0,0.04865536959737696,0.0,0.04865536959737696,0.0 
 07/21  23:57:00,33.4,18.599695279064438,32.33695035252027,18.599695279064438,0.0,7455.683114934004,32.33695035252027,0.0,0.0,0.08034118,17.1,0.0,32.336929194298925,0.08034118,0.08034118,0.0,0.0,0.08034118,0.0,0.0,0.0,0.04865536959737696,0.0,0.04865536959737696,0.0 
 07/21  23:58:00,33.4,18.599608651020038,32.33697145262378,18.599608651020038,0.0,7455.251382399088,32.33697145262378,0.0,0.0,0.08034118,17.1,0.0,32.33695035252027,0.08034118,0.08034118,0.0,0.0,0.08034118,0.0,0.0,0.0,0.04865536959737696,0.0,0.04865536959737696,0.0 
 07/21  23:59:00,33.4,18.599522495114954,32.336992494672764,18.599522495114954,0.0,7454.821997216031,32.336992494672764,0.0,0.0,0.08034118,17.1,0.0,32.33697145262378,0.08034118,0.08034118,0.0,0.0,0.08034118,0.0,0.0,0.0,0.04865536959737696,0.0,0.04865536959737696,0.0 
 07/21  24:00:00,33.4,18.5994368531234,32.337013478485495,18.5994368531234,0.0,7454.395167062817,32.337013478485495,0.0,0.0,0.08034118,17.1,0.0,32.336992494672764,0.08034118,0.08034118,0.0,0.0,0.08034118,0.0,0.0,0.0,0.04865536959737696,0.0,0.04865536959737696,0.0,49104000.0 
