timestamp,outside_t,outside_h,outside_c,outside_p,outside_a,outside_v,room_1_t,room_1_h,room_1_c,room_1_p,room_1_a,room_1_v,room_2_t,room_2_h,room_2_c,room_2_p,room_2_a,room_2_v,room_3_t,room_3_h,room_3_c,room_3_p,room_3_a,room_3_v,supply_t,supply_h,supply_c,supply_p,supply_a,supply_v,return_t,return_h,return_c,return_p,return_a,return_v,mixed_t,mixed_h,mixed_c,mixed_p,mixed_a,mixed_v,cooler_t,cooler_h,cooler_c,cooler_p,cooler_a,cooler_v,heated_t,heated_h,heated_c,heated_p,heated_a,heated_v,mixer,fan,flowrate,coolerState,heaterState,humidifierState
2026-07-23T03:16:41.721Z,28.93,71.31,466.0,0,1,54,24.96,76.83,,957.701,0,0,28.73,70.25,443.0,0,1,43,25.76,77.83,400.0,0,1,21,19.12,74.78,435.0,0,1,39,24.61,82.82,425.0,0,1,35,,0.0,,0,0,0,,0.0,,0,0,0,,0.0,,0,0,0,40,54,0,0,0,0
2026-07-23T03:16:46.718Z,28.93,71.31,465.1,0,1,50,24.95,76.81,,957.721,0,0,28.73,70.22,442.5,0,1,41,25.75,77.79,400.0,0,1,21,19.11,74.8,433.6,0,1,33,24.61,82.8,423.5,0,1,28,,0.0,,0,0,0,,0.0,,0,0,0,,0.0,,0,0,0,40,54,0,0,0,0
2026-07-23T03:16:51.718Z,28.94,71.3,463.69,0,1,47,24.95,76.75,,957.665,0,0,28.73,70.14,442.45,0,1,43,25.74,77.73,400.0,0,1,21,19.1,74.81,433.04,0,1,36,24.61,82.78,423.55,0,1,34,,0.0,,0,0,0,,0.0,,0,0,0,,0.0,,0,0,0,40,54,0,0,0,0
2026-07-23T03:16:56.719Z,28.95,71.27,460.82,0,1,39,24.95,76.69,,957.665,0,0,28.73,70.07,440.4,0,1,33,25.72,77.68,400.0,0,1,21,19.09,74.86,433.54,0,1,41,24.6,82.72,421.2,0,1,23,,0.0,,0,0,0,,0.0,,0,0,0,,0.0,,0,0,0,40,54,0,0,0,0
2026-07-23T03:17:01.720Z,28.95,71.26,460.44,0,1,50,24.95,76.59,,957.765,0,0,28.73,69.97,438.86,0,1,35,25.71,77.6,400.0,0,1,21,19.06,74.91,433.78,0,1,40,24.59,82.62,420.38,0,1,29,,0.0,,0,0,0,,0.0,,0,0,0,,0.0,,0,0,0,40,54,0,0,0,0
2026-07-23T03:17:06.720Z,28.96,71.25,473.8,0,2,128,24.95,76.45,,957.797,0,0,28.72,69.82,439.88,0,1,46,25.68,77.49,400.0,0,1,21,19.04,74.98,432.2,0,2,89,24.58,82.5,419.14,0,1,27,,0.0,,0,0,0,,0.0,,0,0,0,,0.0,,0,0,0,40,54,0,0,0,0
2026-07-23T03:17:11.719Z,28.97,71.27,485.42,0,2,125,24.94,76.28,,957.642,0,0,28.72,69.65,436.49,0,1,26,25.66,77.38,400.0,0,1,21,19.03,75.19,428.98,0,1,24,24.56,82.35,419.52,0,1,34,,0.0,,0,0,0,,0.0,,0,0,0,,0.0,,0,0,0,40,54,0,0,0,0
2026-07-23T03:17:16.721Z,28.97,71.28,500.97,0,2,160,24.94,76.12,,957.773,0,0,28.71,69.46,437.14,0,1,43,25.64,77.27,400.0,0,1,21,19.01,75.33,426.49,0,1,25,24.54,82.17,417.87,0,1,25,,0.0,,0,0,0,,0.0,,0,0,0,,0.0,,0,0,0,40,54,0,0,0,0
2026-07-23T03:17:21.717Z,28.98,71.26,514.18,0,2,154,24.93,75.91,,957.729,0,0,28.71,69.24,437.03,0,1,40,25.61,77.14,400.0,0,1,21,18.98,75.45,424.74,0,1,28,24.51,81.97,416.08,0,1,22,,0.0,,0,0,0,,0.0,,0,0,0,,0.0,,0,0,0,40,54,0,0,0,0
2026-07-23T03:17:26.718Z,28.99,71.25,516.06,0,2,90,24.93,75.73,,957.729,0,0,28.71,69.04,434.62,0,1,29,25.59,77.03,400.0,0,1,21,18.95,75.55,423.86,0,1,31,24.49,81.79,416.08,0,1,31,,0.0,,0,0,0,,0.0,,0,0,0,,0.0,,0,0,0,40,54,0,0,0,0
2026-07-23T03:17:31.721Z,29.0,71.22,504.45,0,1,18,24.92,75.52,,957.734,0,0,28.7,68.84,433.46,0,1,34,25.56,76.89,400.0,0,1,21,18.92,75.63,422.78,0,1,30,24.47,81.61,414.47,0,1,21,,0.0,,0,0,0,,0.0,,0,0,0,,0.0,,0,0,0,40,54,0,0,0,0
2026-07-23T03:17:36.717Z,29.01,71.21,494.01,0,1,17,24.91,75.29,,957.702,0,0,28.7,68.62,431.42,0,1,30,25.52,76.73,400.0,0,1,21,18.88,75.71,423.5,0,1,37,24.44,81.41,413.02,0,1,23,,0.0,,0,0,0,,0.0,,0,0,0,,0.0,,0,0,0,40,54,0,0,0,0
2026-07-23T03:17:41.719Z,29.02,71.17,484.61,0,1,20,24.91,75.03,,957.778,0,0,28.69,68.39,431.57,0,1,39,25.49,76.56,400.0,0,1,21,18.83,75.79,422.35,0,1,29,24.4,81.18,412.32,0,1,26,,0.0,,0,0,0,,0.0,,0,0,0,,0.0,,0,0,0,40,54,0,0,0,0
2026-07-23T03:17:46.718Z,29.02,71.12,479.65,0,1,39,24.9,74.8,,957.778,0,0,28.69,68.18,428.42,0,1,18,25.45,76.41,400.0,0,1,21,18.8,75.86,421.81,0,1,31,24.37,80.98,411.09,0,1,22,,0.0,,0,0,0,,0.0,,0,0,0,,0.0,,0,0,0,40,54,0,0,0,0
2026-07-23T03:17:51.721Z,29.03,71.08,494.18,0,2,149,24.89,74.56,,957.714,0,0,28.68,67.95,425.78,0,1,25,25.42,76.25,400.0,0,1,21,18.76,75.92,421.53,0,1,32,24.34,80.76,411.38,0,1,30,,0.0,,0,0,0,,0.0,,0,0,0,,0.0,,0,0,0,40,54,0,0,0,0
2026-07-23T03:17:56.716Z,29.04,71.06,512.66,0,2,188,24.89,74.32,,957.711,0,0,28.67,67.71,423.2,0,1,19,25.39,76.1,400.0,0,1,21,18.72,75.99,423.08,0,1,41,24.3,80.53,410.24,0,1,22,,0.0,,0,0,0,,0.0,,0,0,0,,0.0,,0,0,0,40,54,0,0,0,0
2026-07-23T03:18:01.717Z,29.05,71.05,517.5,0,2,107,24.88,74.05,,957.778,0,0,28.66,67.45,420.88,0,1,23,25.35,75.97,400.0,0,1,21,18.68,76.05,423.77,0,1,37,24.27,80.3,409.22,0,1,23,,0.0,,0,0,0,,0.0,,0,0,0,,0.0,,0,0,0,40,54,0,0,0,0
2026-07-23T03:18:06.800Z,29.06,71.02,522.75,0,2,113,24.87,73.77,,957.715,0,0,28.65,67.19,418.79,0,1,23,25.32,75.82,400.0,0,1,21,18.63,76.12,423.79,0,1,35,24.24,80.09,409.0,0,1,27,,0.0,,0,0,0,,0.0,,0,0,0,,0.0,,0,0,0,40,54,0,0,0,0
2026-07-23T03:18:11.717Z,29.07,70.97,529.57,0,2,126,24.86,73.49,,957.643,0,0,28.64,66.93,417.61,0,1,27,25.28,75.64,400.0,0,1,21,18.59,76.19,425.12,0,1,40,24.2,79.87,409.2,0,1,29,,0.0,,0,0,0,,0.0,,0,0,0,,0.0,,0,0,0,40,54,0,0,0,0
2026-07-23T03:18:16.717Z,29.07,70.91,537.22,0,2,136,24.86,73.2,,957.731,0,0,28.63,66.68,416.45,0,1,26,25.25,75.47,400.0,0,1,21,18.54,76.26,426.7,0,1,42,24.17,79.64,408.48,0,1,25,,0.0,,0,0,0,,0.0,,0,0,0,,0.0,,0,0,0,40,54,0,0,0,0
2026-07-23T03:18:21.717Z,29.08,70.86,541.99,0,2,122,24.85,72.9,,957.715,0,0,28.62,66.41,414.8,0,1,18,25.22,75.29,400.0,0,1,21,18.5,76.34,425.83,0,1,32,24.14,79.4,408.03,0,1,25,,0.0,,0,0,0,,0.0,,0,0,0,,0.0,,0,0,0,40,54,0,0,0,0
2026-07-23T03:18:26.716Z,29.09,70.81,546.59,0,2,124,24.84,72.62,,957.715,0,0,28.62,66.17,415.82,0,1,35,25.19,75.13,400.0,0,1,21,18.45,76.41,425.35,0,1,33,24.12,79.19,408.23,0,1,28,,0.0,,0,0,0,,0.0,,0,0,0,,0.0,,0,0,0,40,54,0,0,0,0
2026-07-23T03:18:31.716Z,29.09,70.75,550.64,0,2,123,24.83,72.36,,957.711,0,0,28.61,65.92,415.64,0,1,30,25.16,74.98,400.0,0,1,21,18.41,76.49,424.81,0,1,32,24.09,78.96,407.7,0,1,25,,0.0,,0,0,0,,0.0,,0,0,0,,0.0,,0,0,0,40,54,0,0,0,0
2026-07-23T03:18:36.718Z,29.1,70.65,549.47,0,2,94,24.82,72.08,,957.736,0,0,28.6,65.66,415.78,0,1,31,25.12,74.81,400.0,0,1,21,18.37,76.57,424.83,0,1,35,24.06,78.73,406.93,0,1,24,,0.0,,0,0,0,,0.0,,0,0,0,,0.0,,0,0,0,40,54,0,0,0,0
2026-07-23T03:18:41.716Z,29.1,70.56,555.22,0,2,136,24.81,71.82,,957.736,0,0,28.59,65.43,414.2,0,1,23,25.09,74.66,400.0,0,1,21,18.33,76.64,426.65,0,1,43,24.04,78.53,406.84,0,1,26,,0.0,,0,0,0,,0.0,,0,0,0,,0.0,,0,0,0,40,54,0,0,0,0
2026-07-23T03:18:46.723Z,29.11,70.45,571.1,0,2,217,24.8,71.56,,957.771,0,0,28.58,65.19,413.58,0,1,27,25.06,74.5,400.0,0,1,21,18.29,76.71,430.89,0,1,56,24.01,78.3,406.16,0,1,22,,0.0,,0,0,0,,0.0,,0,0,0,,0.0,,0,0,0,40,54,0,0,0,0
2026-07-23T03:18:51.717Z,29.11,70.35,587.08,0,4,722,24.79,71.31,,957.664,0,0,28.57,64.95,412.22,0,1,18,25.03,74.35,400.0,0,1,21,18.25,76.79,440.5,0,2,87,23.98,78.06,405.54,0,1,23,,0.0,,0,0,0,,0.0,,0,0,0,,0.0,,0,0,0,40,54,0,0,0,0
2026-07-23T03:18:56.717Z,29.12,70.26,603.13,0,4,949,24.79,71.08,,957.664,0,0,28.57,64.74,411.8,0,1,27,25.01,74.21,400.0,0,1,21,18.22,76.86,452.95,0,2,110,23.96,77.85,406.29,0,1,30,,0.0,,0,0,0,,0.0,,0,0,0,,0.0,,0,0,0,40,54,0,0,0,0
2026-07-23T03:19:01.720Z,29.12,70.19,619.27,0,4,828,24.78,70.85,,957.704,0,0,28.56,64.52,410.62,0,1,19,24.98,74.06,400.0,0,1,21,18.18,76.92,468.25,0,2,136,23.94,77.63,406.76,0,1,28,,0.0,,0,0,0,,0.0,,0,0,0,,0.0,,0,0,0,40,54,0,0,0,0
2026-07-23T03:19:06.717Z,29.13,70.12,635.48,0,3,629,24.77,70.61,,957.752,0,0,28.55,64.28,409.66,0,1,24,24.97,73.91,400.0,0,1,21,18.15,76.99,486.03,0,2,164,23.92,77.4,406.08,0,1,22,,0.0,,0,0,0,,0.0,,0,0,0,,0.0,,0,0,0,40,54,0,0,0,0
2026-07-23T03:19:11.723Z,29.13,70.05,651.75,0,3,585,24.76,70.37,,957.756,0,0,28.54,64.04,409.29,0,1,26,24.93,73.73,400.0,0,1,65418,18.12,77.05,502.82,0,2,170,23.89,77.16,406.17,0,1,27,,0.0,,0,0,0,,0.0,,0,0,0,,0.0,,0,0,0,40,54,0,0,0,0
2026-07-23T03:19:16.716Z,29.13,70.01,668.07,0,3,341,24.75,70.12,,957.685,0,0,28.53,63.81,410.26,0,1,32,24.9,73.54,400.0,0,1,21,18.09,77.11,515.64,0,2,153,23.86,76.93,407.46,0,1,32,,0.0,,0,0,0,,0.0,,0,0,0,,0.0,,0,0,0,40,54,0,0,0,0
2026-07-23T03:19:21.716Z,29.13,69.95,683.16,0,3,353,24.75,69.86,,957.74,0,0,28.52,63.56,411.44,0,1,34,24.87,73.36,400.0,0,1,21,18.06,77.17,527.28,0,2,154,23.84,76.69,409.41,0,1,36,,0.0,,0,0,0,,0.0,,0,0,0,,0.0,,0,0,0,40,54,0,0,0,0
2026-07-23T03:19:26.716Z,29.13,69.9,681.75,0,2,181,24.74,69.63,,957.74,0,0,28.52,63.34,411.99,0,1,31,24.84,73.2,400.0,0,1,21,18.04,77.22,535.35,0,2,137,23.81,76.47,411.67,0,1,38,,0.0,,0,0,0,,0.0,,0,0,0,,0.0,,0,0,0,40,54,0,0,0,0
2026-07-23T03:19:31.722Z,29.13,69.86,678.17,0,2,164,24.73,69.39,,957.693,0,0,28.51,63.1,413.09,0,1,34,24.81,73.04,400.0,0,1,21,18.02,77.26,535.51,0,2,92,23.79,76.25,413.1,0,1,35,,0.0,,0,0,0,,0.0,,0,0,0,,0.0,,0,0,0,40,54,0,0,0,0
2026-07-23T03:19:36.722Z,29.12,69.79,680.06,0,2,203,24.72,69.14,,957.725,0,0,28.5,62.86,416.18,0,1,44,24.78,72.9,400.0,0,1,21,17.99,77.29,535.56,0,2,92,23.77,76.04,414.29,0,1,35,,0.0,,0,0,0,,0.0,,0,0,0,,0.0,,0,0,0,40,54,0,0,0,0
2026-07-23T03:19:41.721Z,29.12,69.73,693.05,0,3,327,24.71,68.9,,957.768,0,0,28.49,62.64,417.37,0,1,36,24.75,72.75,400.0,0,1,21,17.97,77.3,537.31,0,2,102,23.74,75.81,415.76,0,1,37,,0.0,,0,0,0,,0.0,,0,0,0,,0.0,,0,0,0,40,54,0,0,0,0
2026-07-23T03:19:46.821Z,29.12,69.65,701.85,0,3,278,24.7,68.64,,957.606,0,0,28.48,62.41,419.63,0,1,42,24.72,72.59,400.0,0,1,21,17.95,77.3,537.58,0,2,94,23.72,75.59,415.49,0,1,30,,0.0,,0,0,0,,0.0,,0,0,0,,0.0,,0,0,0,40,54,0,0,0,0
2026-07-23T03:19:51.722Z,29.12,69.62,704.46,0,3,229,24.69,68.36,,957.713,0,0,28.47,62.18,422.67,0,1,47,24.69,72.43,400.0,0,1,21,17.93,77.28,536.22,0,2,86,23.69,75.37,415.74,0,1,32,,0.0,,0,0,0,,0.0,,0,0,0,,0.0,,0,0,0,40,54,0,0,0,0
2026-07-23T03:19:56.721Z,29.13,69.6,691.41,0,2,115,24.69,68.1,,957.713,0,0,28.46,61.98,422.3,0,1,32,24.66,72.28,400.0,0,1,21,17.91,77.26,533.0,0,2,74,23.67,75.17,416.86,0,1,36,,0.0,,0,0,0,,0.0,,0,0,0,,0.0,,0,0,0,40,54,0,0,0,0
2026-07-23T03:20:01.721Z,29.14,69.6,677.67,0,2,103,24.68,67.84,,957.717,0,0,28.45,61.76,423.77,0,1,41,24.63,72.14,400.0,0,1,21,17.89,77.24,539.5,0,2,131,23.65,74.96,417.78,0,1,35,,0.0,,0,0,0,,0.0,,0,0,0,,0.0,,0,0,0,40,54,0,0,0,0
2026-07-23T03:20:06.721Z,29.14,69.6,675.41,0,2,171,24.67,67.58,,957.71,0,0,28.44,61.55,422.59,0,1,29,24.61,71.99,400.0,0,1,21,17.93,77.51,540.25,0,2,99,23.63,74.75,419.3,0,1,39,,0.0,,0,0,0,,0.0,,0,0,0,,0.0,,0,0,0,40,54,0,0,0,0
2026-07-23T03:20:11.720Z,29.15,69.6,671.47,0,2,157,24.66,67.32,,957.734,0,0,28.43,61.33,424.73,0,1,44,24.58,71.85,400.0,0,1,21,18.01,78.04,534.72,0,1,64,23.61,74.52,421.67,0,1,43,,0.0,,0,0,0,,0.0,,0,0,0,,0.0,,0,0,0,40,54,0,0,0,0
2026-07-23T03:20:16.721Z,29.16,69.59,671.42,0,2,183,24.65,67.06,,957.781,0,0,28.41,61.1,425.96,0,1,40,24.56,71.78,400.0,0,1,21,18.09,78.5,539.85,0,2,123,23.59,74.3,422.8,0,1,39,,0.0,,0,0,0,,0.0,,0,0,0,,0.0,,0,0,0,40,54,0,0,0,0
2026-07-23T03:20:21.720Z,29.17,69.58,675.68,0,2,217,24.64,66.79,,957.73,0,0,28.4,60.89,426.66,0,1,39,24.53,71.71,400.0,0,1,21,18.13,78.76,537.97,0,2,84,23.57,74.1,422.22,0,1,31,,0.0,,0,0,0,,0.0,,0,0,0,,0.0,,0,0,0,40,54,0,0,0,0
2026-07-23T03:20:26.721Z,29.17,69.57,688.61,0,3,312,24.63,66.56,,957.679,0,0,28.39,60.71,428.3,0,1,43,24.51,71.62,400.0,0,1,21,18.17,79.0,532.67,0,1,64,23.56,73.92,424.0,0,1,42,,0.0,,0,0,0,,0.0,,0,0,0,,0.0,,0,0,0,40,54,0,0,0,0
2026-07-23T03:20:31.720Z,29.18,69.56,699.85,0,3,301,24.62,66.34,,957.679,0,0,28.37,60.54,429.37,0,1,42,24.49,71.53,400.0,0,1,21,18.17,79.01,532.7,0,2,91,23.54,73.76,423.6,0,1,33,,0.0,,0,0,0,,0.0,,0,0,0,,0.0,,0,0,0,40,54,0,0,0,0
2026-07-23T03:20:36.721Z,29.19,69.53,698.46,0,2,194,24.61,66.15,,957.714,0,0,28.36,60.39,430.33,0,1,41,24.47,71.41,400.0,0,1,21,18.15,78.9,535.13,0,2,104,23.52,73.61,424.74,0,1,40,,0.0,,0,0,0,,0.0,,0,0,0,,0.0,,0,0,0,40,54,0,0,0,0
2026-07-23T03:20:41.719Z,29.19,69.51,691.42,0,2,151,24.6,65.96,,957.698,0,0,28.35,60.24,430.1,0,1,36,24.45,71.26,400.0,0,1,21,18.11,78.75,534.62,0,2,89,23.51,73.45,426.77,0,1,44,,0.0,,0,0,0,,0.0,,0,0,0,,0.0,,0,0,0,40,54,0,0,0,0
2026-07-23T03:20:46.722Z,29.2,69.48,682.18,0,2,131,24.59,65.75,,957.794,0,0,28.34,60.1,432.69,0,1,50,24.42,71.1,400.0,0,1,21,18.07,78.58,534.76,0,2,92,23.5,73.27,425.19,0,1,29,,0.0,,0,0,0,,0.0,,0,0,0,,0.0,,0,0,0,40,54,0,0,0,0
2026-07-23T03:20:51.719Z,29.21,69.46,660.46,0,1,54,24.58,65.54,,957.742,0,0,28.32,59.93,434.42,0,1,47,24.4,70.92,400.0,0,1,21,18.02,78.41,533.68,0,2,85,23.48,73.09,426.87,0,1,43,,0.0,,0,0,0,,0.0,,0,0,0,,0.0,,0,0,0,40,54,0,0,0,0
2026-07-23T03:20:56.721Z,29.22,69.43,634.41,0,1,20,24.57,65.31,,957.719,0,0,28.31,59.76,437.88,0,1,56,24.38,70.75,400.0,0,1,21,17.97,78.24,528.71,0,1,64,23.47,72.9,429.08,0,1,46,,0.0,,0,0,0,,0.0,,0,0,0,,0.0,,0,0,0,40,54,0,0,0,0
2026-07-23T03:21:01.720Z,29.23,69.41,610.97,0,1,14,24.56,65.11,,957.719,0,0,28.3,59.6,439.09,0,1,47,24.35,70.59,400.0,0,1,21,17.93,78.09,526.14,0,2,74,23.45,72.73,428.88,0,1,36,,0.0,,0,0,0,,0.0,,0,0,0,,0.0,,0,0,0,40,54,0,0,0,0
2026-07-23T03:21:06.721Z,29.24,69.38,594.87,0,1,46,24.56,64.91,,957.691,0,0,28.29,59.45,438.68,0,1,39,24.33,70.43,400.0,0,1,21,17.89,77.95,522.23,0,2,65,23.44,72.55,429.79,0,1,41,,0.0,,0,0,0,,0.0,,0,0,0,,0.0,,0,0,0,40,54,0,0,0,0
2026-07-23T03:21:11.719Z,29.25,69.35,587.59,0,2,84,24.55,64.72,,957.675,0,0,28.28,59.3,440.31,0,1,49,24.31,70.27,400.0,0,1,21,17.84,77.83,520.7,0,2,76,23.42,72.37,430.11,0,1,39,,0.0,,0,0,0,,0.0,,0,0,0,,0.0,,0,0,0,40,54,0,0,0,0
2026-07-23T03:21:16.720Z,29.25,69.33,580.63,0,2,82,24.54,64.54,,957.778,0,0,28.27,59.14,440.78,0,1,44,24.29,70.12,400.0,0,1,21,17.79,77.72,522.03,0,2,91,23.4,72.19,429.8,0,1,36,,0.0,,0,0,0,,0.0,,0,0,0,,0.0,,0,0,0,40,54,0,0,0,0
2026-07-23T03:21:21.822Z,29.26,69.3,583.56,0,2,138,24.53,64.36,,957.727,0,0,28.26,58.98,442.9,0,1,52,24.26,69.95,400.0,0,1,21,17.75,77.63,522.23,0,2,85,23.38,72.0,430.12,0,1,39,,0.0,,0,0,0,,0.0,,0,0,0,,0.0,,0,0,0,40,54,0,0,0,0
2026-07-23T03:21:26.721Z,29.26,69.28,578.41,0,2,90,24.52,64.17,,957.695,0,0,28.25,58.82,443.31,0,1,45,24.24,69.79,400.0,0,1,21,17.7,77.55,520.61,0,2,75,23.36,71.8,430.21,0,1,38,,0.0,,0,0,0,,0.0,,0,0,0,,0.0,,0,0,0,40,54,0,0,0,0
2026-07-23T03:21:31.720Z,29.27,69.27,574.27,0,2,93,24.51,63.99,,957.695,0,0,28.24,58.67,443.88,0,1,46,24.22,69.63,400.0,0,1,21,17.66,77.47,517.25,0,2,65,23.35,71.63,430.59,0,1,39,,0.0,,0,0,0,,0.0,,0,0,0,,0.0,,0,0,0,40,54,0,0,0,0
2026-07-23T03:21:36.716Z,29.28,69.24,582.54,0,2,172,24.5,63.77,,957.644,0,0,28.22,58.49,442.99,0,1,39,24.2,69.46,400.0,0,1,21,17.62,77.42,513.82,0,1,63,23.33,71.43,429.93,0,1,35,,0.0,,0,0,0,,0.0,,0,0,0,,0.0,,0,0,0,40,54,0,0,0,0
2026-07-23T03:21:41.719Z,29.28,69.2,590.39,0,2,175,24.5,63.57,,957.644,0,0,28.21,58.34,442.59,0,1,41,24.18,69.3,400.0,0,1,21,17.58,77.38,510.94,0,1,64,23.31,71.26,431.03,0,1,42,,0.0,,0,0,0,,0.0,,0,0,0,,0.0,,0,0,0,40,54,0,0,0,0
2026-07-23T03:21:46.721Z,29.29,69.16,597.75,0,2,177,24.49,63.37,,957.739,0,0,28.2,58.17,442.03,0,1,41,24.16,69.14,400.0,0,1,21,17.55,77.34,508.65,0,2,66,23.3,71.08,430.53,0,1,35,,0.0,,0,0,0,,0.0,,0,0,0,,0.0,,0,0,0,40,54,0,0,0,0
2026-07-23T03:21:51.720Z,29.29,69.12,598.17,0,2,133,24.48,63.18,,957.712,0,0,28.19,58.0,443.23,0,1,48,24.14,68.99,400.0,0,1,21,17.51,77.31,508.48,0,2,76,23.28,70.9,429.48,0,1,33,,0.0,,0,0,0,,0.0,,0,0,0,,0.0,,0,0,0,40,54,0,0,0,0
2026-07-23T03:21:56.719Z,29.3,69.03,608.36,0,2,206,24.47,63.0,,957.652,0,0,28.18,57.83,442.01,0,1,38,24.12,68.85,400.0,0,1,21,17.48,77.28,505.63,0,1,62,23.26,70.71,429.13,0,1,35,,0.0,,0,0,0,,0.0,,0,0,0,,0.0,,0,0,0,40,54,0,0,0,0
2026-07-23T03:22:01.719Z,29.3,68.96,614.92,0,2,185,24.46,62.83,,957.652,0,0,28.16,57.68,441.71,0,1,41,24.1,68.72,400.0,0,1,21,17.45,77.26,505.57,0,2,75,23.25,70.54,429.12,0,1,37,,0.0,,0,0,0,,0.0,,0,0,0,,0.0,,0,0,0,40,54,0,0,0,0
2026-07-23T03:22:06.719Z,29.3,68.86,622.53,0,2,198,24.45,62.64,,957.768,0,0,28.15,57.51,441.74,0,1,43,24.08,68.57,400.0,0,1,21,17.42,77.23,505.21,0,2,73,23.23,70.38,429.81,0,1,40,,0.0,,0,0,0,,0.0,,0,0,0,,0.0,,0,0,0,40,54,0,0,0,0
2026-07-23T03:22:11.719Z,29.31,68.76,630.58,0,2,208,24.45,62.46,,957.768,0,0,28.14,57.36,442.86,0,1,48,24.06,68.43,400.0,0,1,21,17.39,77.21,503.69,0,2,67,23.21,70.22,428.52,0,1,31,,0.0,,0,0,0,,0.0,,0,0,0,,0.0,,0,0,0,40,54,0,0,0,0
2026-07-23T03:22:16.716Z,29.31,68.67,630.32,0,2,151,24.44,62.29,,957.744,0,0,28.13,57.2,443.48,0,1,46,24.04,68.29,400.0,0,1,21,17.35,77.18,503.92,0,2,75,23.2,70.06,428.97,0,1,38,,0.0,,0,0,0,,0.0,,0,0,0,,0.0,,0,0,0,40,54,0,0,0,0
2026-07-23T03:22:21.719Z,29.31,68.59,621.89,0,2,98,24.43,62.1,,957.708,0,0,28.11,57.05,440.83,0,1,31,24.02,68.16,400.0,0,1,21,17.33,77.16,502.03,0,1,64,23.18,69.89,428.18,0,1,33,,0.0,,0,0,0,,0.0,,0,0,0,,0.0,,0,0,0,40,54,0,0,0,0
2026-07-23T03:22:26.719Z,29.32,68.53,615.2,0,2,103,24.42,61.92,,957.748,0,0,28.1,56.89,440.55,0,1,41,24.0,68.04,400.0,0,1,21,17.3,77.13,498.83,0,1,56,23.16,69.72,428.46,0,1,37,,0.0,,0,0,0,,0.0,,0,0,0,,0.0,,0,0,0,40,54,0,0,0,0
2026-07-23T03:22:31.718Z,29.32,68.47,626.38,0,3,228,24.41,61.73,,957.689,0,0,28.09,56.74,438.69,0,1,33,23.98,67.91,400.0,0,1,21,17.27,77.11,495.94,0,1,57,23.14,69.55,426.91,0,1,29,,0.0,,0,0,0,,0.0,,0,0,0,,0.0,,0,0,0,40,54,0,0,0,0
2026-07-23T03:22:36.718Z,29.32,68.48,628.54,0,2,166,24.4,61.56,,957.633,0,0,28.08,56.59,437.72,0,1,37,23.97,67.77,400.0,0,1,21,17.25,77.1,492.75,0,1,54,23.12,69.38,426.82,0,1,36,,0.0,,0,0,0,,0.0,,0,0,0,,0.0,,0,0,0,40,54,0,0,0,0
2026-07-23T03:22:41.718Z,29.32,68.53,626.19,0,2,135,24.39,61.37,,957.705,0,0,28.07,56.44,438.45,0,1,44,23.95,67.64,400.0,0,1,21,17.26,77.09,490.58,0,1,57,23.11,69.22,426.14,0,1,33,,0.0,,0,0,0,,0.0,,0,0,0,,0.0,,0,0,0,40,54,0,0,0,0
2026-07-23T03:22:46.718Z,29.32,68.61,626.07,0,2,149,24.38,61.2,,957.705,0,0,28.06,56.31,437.01,0,1,35,23.94,67.52,400.0,0,1,21,17.26,77.09,489.02,0,1,59,23.09,69.07,424.92,0,1,30,,0.0,,0,0,0,,0.0,,0,0,0,,0.0,,0,0,0,40,54,0,0,0,0
2026-07-23T03:22:51.718Z,29.33,68.65,629.46,0,2,174,24.37,61.04,,957.737,0,0,28.04,56.17,434.2,0,1,28,23.93,67.41,400.0,0,1,21,17.3,77.06,488.32,0,1,63,23.07,68.92,423.93,0,1,30,,0.0,,0,0,0,,0.0,,0,0,0,,0.0,,0,0,0,40,54,0,0,0,0
2026-07-23T03:22:56.720Z,29.32,68.66,638.21,0,3,220,24.36,60.85,,957.761,0,0,28.03,56.03,432.68,0,1,32,23.91,67.3,400.0,0,1,21,17.36,76.99,488.48,0,2,67,23.06,68.76,423.64,0,1,33,,0.0,,0,0,0,,0.0,,0,0,0,,0.0,,0,0,0,40,54,0,0,0,0
2026-07-23T03:23:01.718Z,29.32,68.64,647.19,0,3,229,24.35,60.68,,957.705,0,0,28.02,55.9,432.02,0,1,35,23.9,67.17,400.0,0,1,21,17.44,76.85,489.64,0,2,72,23.04,68.61,423.28,0,1,33,,0.0,,0,0,0,,0.0,,0,0,0,,0.0,,0,0,0,40,54,0,0,0,0
2026-07-23T03:23:06.719Z,29.32,68.63,658.57,0,3,259,24.34,60.54,,957.705,0,0,28.01,55.77,429.81,0,1,28,23.89,67.06,400.0,0,1,21,17.52,76.73,490.57,0,2,72,23.03,68.48,423.65,0,1,36,,0.0,,0,0,0,,0.0,,0,0,0,,0.0,,0,0,0,40,54,0,0,0,0
2026-07-23T03:23:11.718Z,29.32,68.64,668.52,0,3,256,24.33,60.39,,957.773,0,0,27.99,55.65,427.83,0,1,28,23.88,66.92,400.0,0,1,21,17.62,76.52,491.61,0,2,73,23.01,68.34,423.98,0,1,36,,0.0,,0,0,0,,0.0,,0,0,0,,0.0,,0,0,0,40,54,0,0,0,0
2026-07-23T03:23:16.719Z,29.32,68.68,675.26,0,3,236,24.32,60.23,,957.741,0,0,27.98,55.52,429.95,0,1,46,23.87,66.76,400.0,0,1,65418,17.79,76.11,494.65,0,2,84,23.01,68.19,422.88,0,1,30,,0.0,,0,0,0,,0.0,,0,0,0,,0.0,,0,0,0,40,54,0,0,0,0
2026-07-23T03:23:21.718Z,29.33,68.71,677.24,0,2,201,24.31,60.08,,957.741,0,0,27.97,55.41,431.15,0,1,43,23.87,66.61,400.0,0,1,21,17.94,75.73,496.89,0,2,82,23.0,68.05,424.0,0,1,39,,0.0,,0,0,0,,0.0,,0,0,0,,0.0,,0,0,0,40,54,0,0,0,0
2026-07-23T03:23:26.718Z,29.33,68.77,683.21,0,3,237,24.31,59.93,,957.761,0,0,27.95,55.29,430.14,0,1,33,23.86,66.46,400.0,0,1,21,18.11,75.27,498.8,0,2,81,23.0,67.9,422.7,0,1,29,,0.0,,0,0,0,,0.0,,0,0,0,,0.0,,0,0,0,40,54,0,0,0,0
2026-07-23T03:23:31.717Z,29.34,68.82,685.39,0,2,210,24.3,59.79,,957.69,0,0,27.94,55.17,429.33,0,1,34,23.85,66.32,400.0,0,1,21,18.31,74.74,498.82,0,2,72,23.0,67.75,423.43,0,1,37,,0.0,,0,0,0,,0.0,,0,0,0,,0.0,,0,0,0,40,54,0,0,0,0
2026-07-23T03:23:36.717Z,29.34,68.9,688.15,0,2,216,24.29,59.65,,957.714,0,0,27.93,55.06,429.89,0,1,40,23.85,66.16,400.0,0,1,21,18.52,74.1,499.14,0,2,73,23.0,67.59,422.98,0,1,32,,0.0,,0,0,0,,0.0,,0,0,0,,0.0,,0,0,0,40,54,0,0,0,0
2026-07-23T03:23:41.717Z,29.34,68.97,690.24,0,2,213,24.28,59.51,,957.734,0,0,27.92,54.95,430.1,0,1,38,23.84,66.0,400.0,0,1,21,18.76,73.4,498.32,0,2,67,23.01,67.42,423.39,0,1,36,,0.0,,0,0,0,,0.0,,0,0,0,,0.0,,0,0,0,40,54,0,0,0,0
2026-07-23T03:23:46.719Z,29.35,69.04,690.31,0,2,198,24.27,59.37,,957.706,0,0,27.91,54.85,430.89,0,1,41,23.84,65.85,400.0,0,1,21,18.97,72.77,495.89,0,1,59,23.01,67.27,424.85,0,1,41,,0.0,,0,0,0,,0.0,,0,0,0,,0.0,,0,0,0,40,54,0,0,0,0
2026-07-23T03:23:51.716Z,29.35,69.1,678.38,0,2,113,24.26,59.23,,957.754,0,0,27.89,54.73,430.0,0,1,33,23.84,65.72,400.0,0,1,21,19.24,71.97,494.1,0,1,61,23.02,67.08,426.46,0,1,43,,0.0,,0,0,0,,0.0,,0,0,0,,0.0,,0,0,0,40,54,0,0,0,0
2026-07-23T03:23:56.718Z,29.36,69.16,654.54,0,1,42,24.25,59.1,,957.754,0,0,27.88,54.63,432.7,0,1,50,23.83,65.61,400.0,0,1,21,19.47,71.24,490.49,0,1,51,23.03,66.92,426.42,0,1,35,,0.0,,0,0,0,,0.0,,0,0,0,,0.0,,0,0,0,40,54,0,0,0,0
2026-07-23T03:24:01.717Z,29.37,69.19,635.39,0,1,53,24.25,58.98,,957.667,0,0,27.87,54.53,431.73,0,1,34,23.83,65.45,400.0,0,1,21,19.72,70.47,486.74,0,1,48,23.04,66.75,428.77,0,1,47,,0.0,,0,0,0,,0.0,,0,0,0,,0.0,,0,0,0,40,54,0,0,0,0
2026-07-23T03:24:06.718Z,29.37,69.21,619.45,0,1,60,24.24,58.87,,957.699,0,0,27.86,54.42,432.26,0,1,40,23.83,65.3,400.0,0,1,21,19.98,69.66,484.07,0,1,51,23.05,66.57,428.5,0,1,35,,0.0,,0,0,0,,0.0,,0,0,0,,0.0,,0,0,0,40,54,0,0,0,0
2026-07-23T03:24:11.717Z,29.38,69.24,609.51,0,2,83,24.23,58.76,,957.714,0,0,27.86,54.32,432.03,0,1,37,23.83,65.14,400.0,0,1,21,20.24,68.81,479.66,0,1,42,23.06,66.39,427.05,0,1,30,,0.0,,0,0,0,,0.0,,0,0,0,,0.0,,0,0,0,40,54,0,0,0,0
2026-07-23T03:24:16.718Z,29.39,69.27,618.66,0,2,206,24.22,58.66,,957.714,0,0,27.85,54.23,431.73,0,1,37,23.83,64.99,400.0,0,1,21,20.47,68.05,478.6,0,1,56,23.07,66.22,427.54,0,1,38,,0.0,,0,0,0,,0.0,,0,0,0,,0.0,,0,0,0,40,54,0,0,0,0
2026-07-23T03:24:21.717Z,29.4,69.3,615.59,0,2,124,24.22,58.57,,957.714,0,0,27.84,54.15,431.46,0,1,37,23.83,64.86,400.0,0,1,21,20.68,67.37,477.64,0,1,56,23.08,66.06,427.99,0,1,38,,0.0,,0,0,0,,0.0,,0,0,0,,0.0,,0,0,0,40,54,0,0,0,0
2026-07-23T03:24:26.718Z,29.4,69.33,607.03,0,2,89,24.21,58.45,,957.726,0,0,27.84,54.04,428.31,0,1,17,23.84,64.69,400.0,0,1,21,20.89,66.59,470.27,0,1,26,23.1,65.87,426.39,0,1,29,,0.0,,0,0,0,,0.0,,0,0,0,,0.0,,0,0,0,40,54,0,0,0,0
2026-07-23T03:24:31.717Z,29.41,69.33,589.03,0,1,36,24.2,58.31,,957.738,0,0,27.83,53.93,425.48,0,1,21,23.84,64.51,400.0,0,1,21,21.08,65.84,463.95,0,1,27,23.13,65.65,424.95,0,1,29,,0.0,,0,0,0,,0.0,,0,0,0,,0.0,,0,0,0,40,54,0,0,0,0
2026-07-23T03:24:36.719Z,29.42,69.33,571.13,0,1,28,24.2,58.18,,957.683,0,0,27.82,53.82,424.53,0,1,31,23.84,64.36,400.0,0,1,21,21.25,65.17,460.85,0,1,38,23.15,65.46,423.66,0,1,29,,0.0,,0,0,0,,0.0,,0,0,0,,0.0,,0,0,0,40,54,0,0,0,0
2026-07-23T03:24:41.722Z,29.42,69.31,567.31,0,2,90,24.19,58.05,,957.758,0,0,27.82,53.71,425.38,0,1,38,23.85,64.19,400.0,0,1,21,21.4,64.52,456.87,0,1,33,23.17,65.22,422.49,0,1,29,,0.0,,0,0,0,,0.0,,0,0,0,,0.0,,0,0,0,40,54,0,0,0,0
2026-07-23T03:24:46.716Z,29.43,69.3,567.58,0,2,112,24.19,57.92,,957.758,0,0,27.81,53.61,423.94,0,1,29,23.85,64.04,400.0,0,1,21,21.53,63.93,456.88,0,1,50,23.19,65.01,421.44,0,1,29,,0.0,,0,0,0,,0.0,,0,0,0,,0.0,,0,0,0,40,54,0,0,0,0
2026-07-23T03:24:51.722Z,29.43,69.29,580.92,0,2,207,24.18,57.8,,957.667,0,0,27.8,53.5,425.25,0,1,41,23.86,63.88,400.0,0,1,21,21.63,63.39,456.69,0,1,49,23.22,64.81,420.5,0,1,29,,0.0,,0,0,0,,0.0,,0,0,0,,0.0,,0,0,0,40,54,0,0,0,0
2026-07-23T03:24:56.716Z,29.43,69.28,590.53,0,2,187,24.18,57.67,,957.683,0,0,27.8,53.39,425.12,0,1,34,23.86,63.72,400.0,0,1,21,21.72,62.89,458.92,0,1,61,23.24,64.59,419.65,0,1,29,,0.0,,0,0,0,,0.0,,0,0,0,,0.0,,0,0,0,40,54,0,0,0,0
2026-07-23T03:25:01.721Z,29.43,69.27,598.98,0,2,186,24.17,57.53,,957.77,0,0,27.79,53.28,425.31,0,1,36,23.87,63.56,400.0,0,1,21,21.79,62.44,458.73,0,1,50,23.27,64.36,418.88,0,1,29,,0.0,,0,0,0,,0.0,,0,0,0,,0.0,,0,0,0,40,54,0,0,0,0
2026-07-23T03:25:06.717Z,29.42,69.26,603.88,0,2,166,24.17,57.4,,957.77,0,0,27.79,53.18,426.28,0,1,39,23.87,63.42,400.0,0,1,21,21.85,62.04,460.96,0,1,62,23.29,64.15,418.19,0,1,29,,0.0,,0,0,0,,0.0,,0,0,0,,0.0,,0,0,0,40,54,0,0,0,0
2026-07-23T03:25:11.721Z,29.42,69.27,606.69,0,2,154,24.16,57.25,,957.679,0,0,27.78,53.06,426.65,0,1,37,23.87,63.26,400.0,0,1,21,21.89,61.69,459.16,0,1,43,23.31,63.91,417.57,0,1,29,,0.0,,0,0,0,,0.0,,0,0,0,,0.0,,0,0,0,40,54,0,0,0,0
2026-07-23T03:25:16.722Z,29.42,69.27,603.52,0,2,116,24.16,57.09,,957.762,0,0,27.77,52.94,428.19,0,1,43,23.88,63.1,400.0,0,1,21,21.92,61.39,457.35,0,1,42,23.33,63.68,417.02,0,1,29,,0.0,,0,0,0,,0.0,,0,0,0,,0.0,,0,0,0,40,54,0,0,0,0
2026-07-23T03:25:21.721Z,29.43,69.28,596.67,0,2,92,24.15,56.94,,957.699,0,0,27.77,52.82,427.47,0,1,33,23.88,62.94,400.0,0,1,21,21.93,61.14,453.51,0,1,32,23.35,63.45,416.52,0,1,29,,0.0,,0,0,0,,0.0,,0,0,0,,0.0,,0,0,0,40,54,0,0,0,0
2026-07-23T03:25:26.716Z,29.43,69.22,587.8,0,2,76,24.15,56.79,,957.759,0,0,27.76,52.7,426.82,0,1,33,23.89,62.78,400.0,0,1,21,21.93,60.93,451.86,0,1,40,23.37,63.22,416.06,0,1,29,,0.0,,0,0,0,,0.0,,0,0,0,,0.0,,0,0,0,40,54,0,0,0,0
2026-07-23T03:25:31.721Z,29.43,69.17,581.42,0,2,86,24.14,56.63,,957.759,0,0,27.76,52.57,426.94,0,1,36,23.9,62.62,400.0,0,1,21,21.92,60.77,450.07,0,1,39,23.38,62.99,415.66,0,1,29,,0.0,,0,0,0,,0.0,,0,0,0,,0.0,,0,0,0,40,54,0,0,0,0
2026-07-23T03:25:36.722Z,29.43,69.12,573.18,0,2,72,24.14,56.48,,957.731,0,0,27.75,52.45,425.04,0,1,27,23.9,62.46,400.0,0,1,21,21.9,60.62,448.97,0,1,41,23.4,62.79,415.29,0,1,29,,0.0,,0,0,0,,0.0,,0,0,0,,0.0,,0,0,0,40,54,0,0,0,0
2026-07-23T03:25:41.721Z,29.44,69.08,567.46,0,2,81,24.14,56.34,,957.731,0,0,27.75,52.34,425.64,0,1,38,23.9,62.31,400.0,0,1,21,21.88,60.52,448.87,0,1,45,23.41,62.58,414.96,0,1,29,,0.0,,0,0,0,,0.0,,0,0,0,,0.0,,0,0,0,40,54,0,0,0,0
2026-07-23T03:25:46.722Z,29.45,69.04,563.22,0,2,86,24.13,56.19,,957.715,0,0,27.75,52.23,426.88,0,1,41,23.9,62.17,400.0,0,1,21,21.85,60.45,446.88,0,1,37,23.43,62.36,414.67,0,1,29,,0.0,,0,0,0,,0.0,,0,0,0,,0.0,,0,0,0,40,54,0,0,0,0
2026-07-23T03:25:51.722Z,29.45,69.01,561.59,0,2,99,24.13,56.05,,957.798,0,0,27.74,52.11,428.89,0,1,45,23.91,62.02,400.0,0,1,21,21.8,60.4,445.59,0,1,39,23.44,62.16,414.4,0,1,29,,0.0,,0,0,0,,0.0,,0,0,0,,0.0,,0,0,0,40,54,0,0,0,0
2026-07-23T03:25:56.716Z,29.45,68.95,560.64,0,2,101,24.12,55.92,,957.755,0,0,27.74,52.0,430.4,0,1,44,23.91,61.87,400.0,0,0,65535,21.75,60.39,446.43,0,1,48,23.45,61.97,414.16,0,1,29,,0.0,,0,0,0,,0.0,,0,0,0,,0.0,,0,0,0,40,54,0,0,0,0
2026-07-23T03:26:01.722Z,29.46,68.94,568.37,0,2,158,24.12,55.78,,957.699,0,0,27.73,51.89,432.66,0,1,48,23.91,61.73,400.0,0,0,65535,21.69,60.4,446.59,0,1,46,23.46,61.78,413.94,0,1,29,,0.0,,0,0,0,,0.0,,0,0,0,,0.0,,0,0,0,40,54,0,0,0,0
2026-07-23T03:26:06.716Z,29.46,68.9,573.43,0,2,145,24.12,55.64,,957.699,0,0,27.73,51.77,433.99,0,1,45,23.92,61.59,400.0,0,0,65535,21.62,60.44,446.63,0,1,45,23.46,61.6,413.75,0,1,29,,0.0,,0,0,0,,0.0,,0,0,0,,0.0,,0,0,0,40,54,0,0,0,0
2026-07-23T03:26:11.721Z,29.47,68.86,588.89,0,3,229,24.11,55.49,,957.692,0,0,27.72,51.66,435.29,0,1,45,23.92,61.44,400.0,0,0,65535,21.55,60.5,447.47,0,1,49,23.47,61.42,413.57,0,1,29,,0.0,,0,0,0,,0.0,,0,0,0,,0.0,,0,0,0,40,54,0,0,0,0
2026-07-23T03:26:16.745Z,29.47,68.81,593.1,0,2,153,24.11,55.36,,957.692,0,0,27.71,51.56,434.87,0,1,38,23.92,61.31,400.0,0,0,65535,21.49,60.56,448.12,0,1,48,23.47,61.26,413.42,0,1,29,,0.0,,0,0,0,,0.0,,0,0,0,,0.0,,0,0,0,40,54,0,0,0,0
2026-07-23T03:26:21.720Z,29.48,68.75,600.29,0,2,178,24.1,55.24,,957.739,0,0,27.71,51.46,435.68,0,1,43,23.92,61.17,400.0,0,0,65535,21.42,60.64,450.31,0,1,56,23.47,61.11,413.28,0,1,29,,0.0,,0,0,0,,0.0,,0,0,0,,0.0,,0,0,0,40,54,0,0,0,0
2026-07-23T03:26:26.722Z,29.49,68.7,602.96,0,2,150,24.1,55.1,,957.731,0,0,27.71,51.37,434.61,0,1,35,23.92,61.05,400.0,0,0,65535,21.35,60.72,450.48,0,1,48,23.47,60.95,413.15,0,1,29,,0.0,,0,0,0,,0.0,,0,0,0,,0.0,,0,0,0,40,54,0,0,0,0
2026-07-23T03:26:31.720Z,29.49,68.63,602.27,0,2,129,24.1,54.97,,957.632,0,0,27.7,51.26,435.65,0,1,44,23.92,60.92,400.0,0,0,65535,21.27,60.82,454.73,0,2,68,23.46,60.8,413.03,0,1,29,,0.0,,0,0,0,,0.0,,0,0,0,,0.0,,0,0,0,40,54,0,0,0,0
2026-07-23T03:26:36.721Z,29.5,68.57,600.24,0,2,120,24.09,54.86,,957.624,0,0,27.7,51.16,435.88,0,1,41,23.92,60.79,400.0,0,0,65535,21.19,60.93,458.56,0,2,69,23.46,60.66,412.93,0,1,29,,0.0,,0,0,0,,0.0,,0,0,0,,0.0,,0,0,0,40,54,0,0,0,0
2026-07-23T03:26:41.720Z,29.51,68.52,597.62,0,2,115,24.09,54.75,,957.708,0,0,27.7,51.06,436.9,0,1,45,23.92,60.66,400.0,0,0,65535,21.11,61.05,462.0,0,2,69,23.46,60.53,412.84,0,1,29,,0.0,,0,0,0,,0.0,,0,0,0,,0.0,,0,0,0,40,54,0,0,0,0
2026-07-23T03:26:46.717Z,29.52,68.48,589.85,0,2,83,24.08,54.65,,957.708,0,0,27.69,50.98,437.71,0,1,44,23.92,60.55,400.0,0,0,65535,21.03,61.16,463.6,0,1,60,23.46,60.41,412.75,0,1,29,,0.0,,0,0,0,,0.0,,0,0,0,,0.0,,0,0,0,40,54,0,0,0,0
2026-07-23T03:26:51.721Z,29.53,68.44,580.37,0,2,69,24.08,54.53,,957.755,0,0,27.69,50.88,439.94,0,1,52,23.92,60.43,400.0,0,0,65535,20.95,61.29,465.94,0,2,65,23.45,60.29,412.68,0,1,29,,0.0,,0,0,0,,0.0,,0,0,0,,0.0,,0,0,0,40,54,0,0,0,0
2026-07-23T03:26:56.720Z,29.54,68.41,571.23,0,2,67,24.08,54.43,,957.755,0,0,27.69,50.79,439.94,0,1,42,23.92,60.32,400.0,0,0,65535,20.87,61.41,468.35,0,2,67,23.45,60.17,412.61,0,1,29,,0.0,,0,0,0,,0.0,,0,0,0,,0.0,,0,0,0,40,54,0,0,0,0
2026-07-23T03:27:01.720Z,29.55,68.4,569.01,0,2,100,24.07,54.32,,957.692,0,0,27.68,50.7,440.55,0,1,45,23.92,60.22,400.0,0,0,65535,20.79,61.55,470.21,0,2,65,23.45,60.05,412.55,0,1,29,,0.0,,0,0,0,,0.0,,0,0,0,,0.0,,0,0,0,40,54,0,0,0,0
2026-07-23T03:27:06.721Z,29.56,68.38,585.21,0,3,232,24.07,54.21,,957.648,0,0,27.69,50.61,442.49,0,1,51,23.92,60.11,400.0,0,0,65535,20.7,61.71,468.39,0,1,48,23.45,59.93,412.49,0,1,29,,0.0,,0,0,0,,0.0,,0,0,0,,0.0,,0,0,0,40,54,0,0,0,0
2026-07-23T03:27:11.721Z,29.57,68.37,606.09,0,3,290,24.07,54.1,,957.724,0,0,27.68,50.51,442.24,0,1,42,23.91,60.0,400.0,0,0,65535,20.6,61.88,468.45,0,1,56,23.45,59.81,412.44,0,1,29,,0.0,,0,0,0,,0.0,,0,0,0,,0.0,,0,0,0,40,54,0,0,0,0
2026-07-23T03:27:16.720Z,29.58,68.37,625.18,0,3,294,24.06,54.0,,957.724,0,0,27.68,50.42,443.72,0,1,50,23.91,59.9,400.0,0,0,65535,20.52,62.04,465.81,0,1,43,23.44,59.69,412.4,0,1,29,,0.0,,0,0,0,,0.0,,0,0,0,,0.0,,0,0,0,40,54,0,0,0,0
2026-07-23T03:27:21.719Z,29.59,68.39,638.36,0,3,255,24.06,53.89,,957.708,0,0,27.68,50.33,445.75,0,1,54,23.9,59.8,400.0,0,0,65535,20.43,62.21,464.13,0,1,46,23.44,59.58,412.36,0,1,29,,0.0,,0,0,0,,0.0,,0,0,0,,0.0,,0,0,0,40,54,0,0,0,0
2026-07-23T03:27:26.720Z,29.6,68.4,640.72,0,2,175,24.05,53.77,,957.68,0,0,27.68,50.23,446.87,0,1,50,23.9,59.71,400.0,0,0,65535,20.34,62.39,460.31,0,1,35,23.45,59.47,412.32,0,1,29,,0.0,,0,0,0,,0.0,,0,0,0,,0.0,,0,0,0,40,54,0,0,0,0
2026-07-23T03:27:31.720Z,29.61,68.41,639.45,0,2,151,24.05,53.67,,957.72,0,0,27.68,50.14,450.89,0,2,65,23.89,59.61,400.0,0,0,65535,20.26,62.59,457.58,0,1,38,23.44,59.37,412.29,0,1,29,,0.0,,0,0,0,,0.0,,0,0,0,,0.0,,0,0,0,40,54,0,0,0,0
2026-07-23T03:27:36.755Z,29.63,68.42,628.11,0,2,86,24.04,53.57,,957.7,0,0,27.68,50.05,451.4,0,1,49,23.88,59.52,400.0,0,128,65535,20.16,62.79,452.12,0,1,25,23.44,59.26,412.26,0,1,29,,0.0,,0,0,0,,0.0,,0,0,0,,0.0,,0,0,0,40,54,0,0,0,0
2026-07-23T03:27:41.720Z,29.63,68.42,621.8,0,2,109,24.04,53.46,,957.712,0,0,27.69,49.96,449.46,0,1,38,23.88,59.42,400.0,0,128,65535,20.08,63.02,446.91,0,1,23,23.44,59.16,412.24,0,1,29,,0.0,,0,0,0,,0.0,,0,0,0,,0.0,,0,0,0,40,54,0,0,0,0
2026-07-23T03:27:46.721Z,29.64,68.42,619.02,0,2,128,24.04,53.36,,957.712,0,0,27.69,49.88,448.41,0,1,41,23.87,59.34,400.0,0,128,65535,20.0,63.22,445.82,0,1,40,23.45,59.06,412.21,0,1,29,,0.0,,0,0,0,,0.0,,0,0,0,,0.0,,0,0,0,40,54,0,0,0,0
2026-07-23T03:27:51.719Z,29.65,68.42,604.41,0,1,58,24.03,53.27,,957.76,0,0,27.69,49.79,444.97,0,1,30,23.86,59.26,400.0,0,128,65535,19.91,63.42,442.14,0,1,28,23.45,58.96,412.19,0,1,29,,0.0,,0,0,0,,0.0,,0,0,0,,0.0,,0,0,0,40,54,0,0,0,0
2026-07-23T03:27:56.720Z,29.66,68.42,593.87,0,2,72,24.03,53.16,,957.704,0,0,27.69,49.7,442.57,0,1,33,23.85,59.19,400.0,0,128,65535,19.83,63.62,439.52,0,1,31,23.44,58.86,412.17,0,1,29,,0.0,,0,0,0,,0.0,,0,0,0,,0.0,,0,0,0,40,54,0,0,0,0
2026-07-23T03:28:01.720Z,29.66,68.39,580.29,0,1,51,24.02,53.04,,957.716,0,0,27.69,49.6,443.12,0,1,46,23.84,59.11,400.0,0,128,65535,19.74,63.83,435.67,0,1,24,23.43,58.76,412.16,0,1,29,,0.0,,0,0,0,,0.0,,0,0,0,,0.0,,0,0,0,40,54,0,0,0,0
2026-07-23T03:28:06.720Z,29.67,68.35,569.96,0,1,60,24.02,52.93,,957.649,0,0,27.69,49.51,443.0,0,1,43,23.83,59.04,400.0,0,128,65535,19.66,64.03,433.0,0,1,27,23.42,58.66,412.14,0,1,29,,0.0,,0,0,0,,0.0,,0,0,0,,0.0,,0,0,0,40,54,0,0,0,0
2026-07-23T03:28:11.718Z,29.68,68.27,567.76,0,2,99,24.01,52.84,,957.638,0,0,27.68,49.41,443.7,0,1,47,23.82,58.97,400.0,0,128,65535,19.59,64.22,429.7,0,1,23,23.4,58.57,412.13,0,1,29,,0.0,,0,0,0,,0.0,,0,0,0,,0.0,,0,0,0,40,54,0,0,0,0
2026-07-23T03:28:16.719Z,29.69,68.24,564.09,0,2,89,24.0,52.75,,957.638,0,0,27.68,49.32,445.03,0,1,50,23.81,58.9,400.0,0,128,65535,19.51,64.41,429.53,0,1,36,23.38,58.49,412.11,0,1,29,,0.0,,0,0,0,,0.0,,0,0,0,,0.0,,0,0,0,40,54,0,0,0,0
2026-07-23T03:28:21.718Z,29.7,68.22,559.18,0,2,80,24.0,52.66,,957.669,0,0,27.67,49.23,441.23,0,1,27,23.8,58.83,400.0,0,128,65535,19.43,64.61,428.78,0,1,33,23.36,58.42,412.1,0,1,29,,0.0,,0,0,0,,0.0,,0,0,0,,0.0,,0,0,0,40,54,0,0,0,0
2026-07-23T03:28:26.719Z,29.7,68.19,551.56,0,1,63,23.99,52.55,,957.717,0,0,27.67,49.15,442.11,0,1,46,23.79,58.77,400.0,0,128,65535,19.35,64.81,428.4,0,1,35,23.35,58.35,412.09,0,1,29,,0.0,,0,0,0,,0.0,,0,0,0,,0.0,,0,0,0,40,54,0,0,0,0
2026-07-23T03:28:31.718Z,29.7,68.16,548.7,0,2,85,23.99,52.45,,957.717,0,0,27.67,49.08,442.0,0,1,42,23.78,58.72,400.0,0,128,65535,19.28,65.0,432.06,0,1,54,23.33,58.28,412.08,0,1,29,,0.0,,0,0,0,,0.0,,0,0,0,,0.0,,0,0,0,40,54,0,0,0,0
2026-07-23T03:28:36.720Z,29.71,68.14,550.53,0,2,110,23.98,52.35,,957.74,0,0,27.66,49.0,440.1,0,1,34,23.77,58.65,400.0,0,128,65535,19.19,65.2,433.16,0,1,43,23.31,58.22,412.07,0,1,29,,0.0,,0,0,0,,0.0,,0,0,0,,0.0,,0,0,0,40,54,0,0,0,0
2026-07-23T03:28:41.718Z,29.71,68.14,553.78,0,2,121,23.98,52.25,,957.677,0,0,27.65,48.92,436.09,0,1,22,23.75,58.58,400.0,0,128,65535,19.11,65.41,433.44,0,1,40,23.29,58.16,412.07,0,1,29,,0.0,,0,0,0,,0.0,,0,0,0,,0.0,,0,0,0,40,54,0,0,0,0
2026-07-23T03:28:46.719Z,29.72,68.14,555.4,0,2,113,23.97,52.17,,957.661,0,0,27.64,48.83,434.18,0,1,31,23.74,58.51,400.0,0,128,65535,19.03,65.62,433.4,0,1,39,23.27,58.11,412.06,0,1,29,,0.0,,0,0,0,,0.0,,0,0,0,,0.0,,0,0,0,40,54,0,0,0,0
2026-07-23T03:28:51.718Z,29.72,68.15,554.76,0,2,100,23.97,52.09,,957.661,0,0,27.64,48.76,433.06,0,1,34,23.72,58.45,400.0,0,128,65535,18.96,65.81,434.56,0,1,44,23.25,58.06,412.05,0,1,29,,0.0,,0,0,0,,0.0,,0,0,0,,0.0,,0,0,0,40,54,0,0,0,0
2026-07-23T03:28:56.719Z,29.73,68.16,555.29,0,2,106,23.96,51.99,,957.721,0,0,27.63,48.68,434.05,0,1,43,23.71,58.4,400.0,0,128,65535,18.89,66.02,433.5,0,1,34,23.23,58.0,412.05,0,1,29,,0.0,,0,0,0,,0.0,,0,0,0,,0.0,,0,0,0,40,54,0,0,0,0
2026-07-23T03:29:01.718Z,29.75,68.17,554.46,0,2,98,23.95,51.9,,957.721,0,0,27.62,48.62,436.85,0,1,53,23.7,58.35,400.0,0,128,65535,18.82,66.22,432.55,0,1,34,23.21,57.95,412.04,0,1,29,,0.0,,0,0,0,,0.0,,0,0,0,,0.0,,0,0,0,40,54,0,0,0,0
2026-07-23T03:29:06.718Z,29.76,68.17,554.21,0,2,101,23.95,51.82,,957.67,0,0,27.61,48.55,435.96,0,1,36,23.68,58.3,400.0,0,128,65535,18.75,66.4,432.0,0,1,36,23.19,57.9,412.04,0,1,29,,0.0,,0,0,0,,0.0,,0,0,0,,0.0,,0,0,0,40,54,0,0,0,0
2026-07-23T03:29:11.753Z,29.78,68.16,558.19,0,2,128,23.94,51.74,,957.717,0,0,27.61,48.48,437.37,0,1,47,23.67,58.25,400.0,0,128,65535,18.69,66.59,431.6,0,1,36,23.16,57.85,412.04,0,1,29,,0.0,,0,0,0,,0.0,,0,0,0,,0.0,,0,0,0,40,54,0,0,0,0
2026-07-23T03:29:16.718Z,29.79,68.16,556.77,0,2,97,23.93,51.67,,957.773,0,0,27.6,48.41,436.43,0,1,36,23.65,58.2,400.0,0,128,65535,18.62,66.78,429.44,0,1,28,23.14,57.81,412.03,0,1,29,,0.0,,0,0,0,,0.0,,0,0,0,,0.0,,0,0,0,40,54,0,0,0,0
2026-07-23T03:29:21.717Z,29.79,68.14,560.49,0,2,128,23.93,51.61,,957.773,0,0,27.59,48.35,436.59,0,1,41,23.64,58.16,400.0,0,128,65535,18.56,66.95,428.49,0,1,32,23.13,57.77,412.03,0,1,29,,0.0,,0,0,0,,0.0,,0,0,0,,0.0,,0,0,0,40,54,0,0,0,0
2026-07-23T03:29:26.718Z,29.8,68.1,565.14,0,2,136,23.92,51.55,,957.686,0,0,27.58,48.29,438.33,0,1,49,23.63,58.12,400.0,0,128,65535,18.5,67.12,427.74,0,1,33,23.11,57.73,412.03,0,1,29,,0.0,,0,0,0,,0.0,,0,0,0,,0.0,,0,0,0,40,54,0,0,0,0
2026-07-23T03:29:31.717Z,29.81,68.06,574.83,0,2,176,23.91,51.48,,957.753,0,0,27.58,48.23,437.8,0,1,39,23.61,58.08,400.0,0,128,65535,18.44,67.28,426.87,0,1,32,23.09,57.69,412.02,0,1,29,,0.0,,0,0,0,,0.0,,0,0,0,,0.0,,0,0,0,40,54,0,0,0,0
2026-07-23T03:29:36.718Z,29.82,68.03,597.65,0,3,307,23.91,51.41,,957.71,0,0,27.57,48.17,436.12,0,1,33,23.6,58.04,400.0,0,128,65535,18.38,67.45,428.28,0,1,42,23.07,57.64,412.02,0,1,29,,0.0,,0,0,0,,0.0,,0,0,0,,0.0,,0,0,0,40,54,0,0,0,0
2026-07-23T03:29:41.717Z,29.83,68.01,607.48,0,2,203,23.9,51.35,,957.666,0,0,27.56,48.11,434.3,0,1,32,23.58,58.0,400.0,0,128,65535,18.32,67.62,428.05,0,1,36,23.05,57.6,412.02,0,1,29,,0.0,,0,0,0,,0.0,,0,0,0,,0.0,,0,0,0,40,54,0,0,0,0
2026-07-23T03:29:46.718Z,29.83,67.97,615.03,0,2,192,23.89,51.29,,957.639,0,0,27.56,48.05,432.87,0,1,32,23.57,57.97,400.0,0,128,65535,18.28,67.79,428.25,0,1,37,23.03,57.57,412.02,0,1,29,,0.0,,0,0,0,,0.0,,0,0,0,,0.0,,0,0,0,40,54,0,0,0,0
2026-07-23T03:29:51.717Z,29.84,67.93,622.03,0,2,194,23.89,51.25,,957.639,0,0,27.55,48.0,432.89,0,1,39,23.55,57.94,400.0,0,128,65535,18.24,67.94,429.52,0,1,42,23.01,57.53,412.02,0,1,29,,0.0,,0,0,0,,0.0,,0,0,0,,0.0,,0,0,0,40,54,0,0,0,0
2026-07-23T03:29:56.719Z,29.84,67.89,628.53,0,2,195,23.88,51.19,,957.706,0,0,27.54,47.95,430.1,0,1,26,23.54,57.91,400.0,0,128,65535,18.24,68.06,431.37,0,1,46,23.0,57.5,412.01,0,1,29,,0.0,,0,0,0,,0.0,,0,0,0,,0.0,,0,0,0,40,54,0,0,0,0
2026-07-23T03:30:01.717Z,29.84,67.82,627.57,0,2,145,23.87,51.14,,957.67,0,0,27.54,47.89,427.99,0,1,28,23.53,57.88,400.0,0,1,0,18.27,68.15,431.13,0,1,37,22.98,57.46,412.01,0,1,29,,0.0,,0,0,0,,0.0,,0,0,0,,0.0,,0,0,0,40,54,0,0,0,0
2026-07-23T03:30:06.719Z,29.84,67.78,626.72,0,2,145,23.87,51.09,,957.67,0,0,27.53,47.85,428.89,0,1,40,23.52,57.84,400.0,0,1,0,18.29,68.22,432.02,0,1,42,22.97,57.42,412.01,0,1,29,,0.0,,0,0,0,,0.0,,0,0,0,,0.0,,0,0,0,40,54,0,0,0,0
2026-07-23T03:30:11.717Z,29.83,67.72,621.75,0,2,117,23.86,51.05,,957.647,0,0,27.53,47.8,428.1,0,1,33,23.51,57.8,408.6,0,2,65,18.38,68.15,432.02,0,1,38,22.95,57.39,412.01,0,1,29,,0.0,,0,0,0,,0.0,,0,0,0,,0.0,,0,0,0,40,54,0,0,0,0
2026-07-23T03:30:16.717Z,29.83,67.65,607.27,0,1,60,23.85,51.01,,957.647,0,0,27.52,47.75,427.09,0,1,32,23.51,57.77,412.54,0,1,46,18.46,68.1,432.42,0,1,40,22.94,57.35,412.01,0,1,29,,0.0,,0,0,0,,0.0,,0,0,0,,0.0,,0,0,0,40,54,0,0,0,0
2026-07-23T03:30:21.716Z,29.82,67.6,596.64,0,2,73,23.85,50.97,,957.639,0,0,27.51,47.7,424.38,0,1,24,23.5,57.73,413.89,0,1,35,18.58,67.93,432.08,0,1,37,22.93,57.31,412.01,0,1,29,,0.0,,0,0,0,,0.0,,0,0,0,,0.0,,0,0,0,40,54,0,0,0,0
2026-07-23T03:30:26.716Z,29.82,67.56,598.48,0,2,142,23.84,50.92,,957.698,0,0,27.51,47.66,422.64,0,1,27,23.5,57.68,414.6,0,1,33,18.72,67.69,432.27,0,1,39,22.92,57.28,412.01,0,1,29,,0.0,,0,0,0,,0.0,,0,0,0,,0.0,,0,0,0,40,54,0,0,0,0
2026-07-23T03:30:31.716Z,29.82,67.57,599.93,0,2,141,23.83,50.87,,957.71,0,0,27.5,47.61,420.78,0,1,26,23.51,57.63,414.44,0,1,29,18.86,67.39,431.94,0,1,37,22.91,57.24,412.01,0,1,29,,0.0,,0,0,0,,0.0,,0,0,0,,0.0,,0,0,0,40,54,0,0,0,0
2026-07-23T03:30:36.716Z,29.81,67.56,593.64,0,2,93,23.83,50.82,,957.71,0,0,27.5,47.56,420.2,0,1,30,23.52,57.58,416.49,0,1,40,18.99,67.13,431.15,0,1,34,22.9,57.21,412.01,0,1,29,,0.0,,0,0,0,,0.0,,0,0,0,,0.0,,0,0,0,40,54,0,0,0,0
2026-07-23T03:30:41.725Z,29.81,67.53,587.07,0,2,87,23.82,50.77,,957.71,0,0,27.49,47.51,419.18,0,1,28,23.53,57.53,415.64,0,1,27,19.12,66.82,430.23,0,1,34,22.89,57.16,412.01,0,1,29,,0.0,,0,0,0,,0.0,,0,0,0,,0.0,,0,0,0,40,54,0,0,0,0
2026-07-23T03:30:46.751Z,29.81,67.5,582.47,0,2,95,23.82,50.73,,957.619,0,0,27.49,47.46,420.06,0,1,36,23.55,57.46,414.08,0,1,19,19.24,66.5,429.31,0,1,33,22.89,57.11,412.0,0,1,29,,0.0,,0,0,0,,0.0,,0,0,0,,0.0,,0,0,0,40,54,0,0,0,0
2026-07-23T03:30:51.723Z,29.81,67.46,581.92,0,2,117,23.81,50.67,,957.667,0,0,27.49,47.42,421.56,0,1,39,23.57,57.38,413.52,0,139,35723,19.36,66.17,427.08,0,1,27,22.89,57.05,412.0,0,1,29,,0.0,,0,0,0,,0.0,,0,0,0,,0.0,,0,0,0,40,54,0,0,0,0
2026-07-23T03:30:56.717Z,29.81,67.4,587.13,0,2,155,23.8,50.62,,957.714,0,0,27.48,47.36,423.3,0,1,41,23.6,57.3,413.87,0,1,31,19.46,65.83,427.37,0,1,37,22.89,56.98,412.0,0,1,29,,0.0,,0,0,0,,0.0,,0,0,0,,0.0,,0,0,0,40,54,0,0,0,0
2026-07-23T03:31:01.722Z,29.81,67.34,589.72,0,2,141,23.8,50.56,,957.671,0,0,27.48,47.31,423.87,0,1,37,23.64,57.2,414.08,0,1,31,19.55,65.51,429.43,0,1,45,22.89,56.92,412.0,0,1,29,,0.0,,0,0,0,,0.0,,0,0,0,,0.0,,0,0,0,40,54,0,0,0,0
2026-07-23T03:31:06.716Z,29.81,67.29,593.24,0,2,149,23.79,50.51,,957.671,0,0,27.47,47.27,423.58,0,1,33,23.67,57.11,417.27,0,1,45,19.63,65.23,432.79,0,1,53,22.89,56.86,412.0,0,1,29,,0.0,,0,0,0,,0.0,,0,0,0,,0.0,,0,0,0,40,54,0,0,0,0
2026-07-23T03:31:11.722Z,29.81,67.24,590.22,0,2,108,23.79,50.44,,957.719,0,0,27.46,47.21,423.13,0,1,32,23.71,56.99,419.35,0,1,41,19.7,64.95,434.71,0,1,48,22.89,56.79,412.0,0,1,29,,0.0,,0,0,0,,0.0,,0,0,0,,0.0,,0,0,0,40,54,0,0,0,0
2026-07-23T03:31:16.716Z,29.82,67.21,587.3,0,2,107,23.78,50.38,,957.719,0,0,27.45,47.16,422.61,0,1,32,23.74,56.87,420.11,0,1,36,19.75,64.69,437.84,0,1,54,22.89,56.73,412.0,0,1,29,,0.0,,0,0,0,,0.0,,0,0,0,,0.0,,0,0,0,40,54,0,0,0,0
2026-07-23T03:31:21.722Z,29.82,67.19,585.27,0,2,110,23.78,50.31,,957.703,0,0,27.45,47.11,424.75,0,1,44,23.78,56.74,422.1,0,1,42,19.79,64.47,438.76,0,1,45,22.89,56.67,412.0,0,1,29,,0.0,,0,0,0,,0.0,,0,0,0,,0.0,,0,0,0,40,54,0,0,0,0
2026-07-23T03:31:26.715Z,29.82,67.13,581.34,0,2,98,23.77,50.25,,957.679,0,0,27.44,47.06,424.28,0,1,33,23.82,56.61,423.39,0,1,39,19.82,64.27,439.88,0,1,47,22.89,56.61,412.0,0,1,29,,0.0,,0,0,0,,0.0,,0,0,0,,0.0,,0,0,0,40,54,0,0,0,0
2026-07-23T03:31:31.721Z,29.82,67.11,575.51,0,2,85,23.76,50.2,,957.671,0,0,27.43,47.02,423.05,0,1,29,23.86,56.47,424.25,0,1,38,19.84,64.09,440.19,0,1,43,22.89,56.54,412.0,0,1,29,,0.0,,0,0,0,,0.0,,0,0,0,,0.0,,0,0,0,40,54,0,0,0,0
2026-07-23T03:31:36.723Z,29.82,67.12,568.06,0,2,73,23.76,50.15,,957.671,0,0,27.42,46.97,422.54,0,1,32,23.89,56.35,427.53,0,1,50,19.86,63.94,439.37,0,1,38,22.9,56.48,412.0,0,1,29,,0.0,,0,0,0,,0.0,,0,0,0,,0.0,,0,0,0,40,54,0,0,0,0
2026-07-23T03:31:41.722Z,29.82,67.11,560.35,0,2,67,23.75,50.09,,957.731,0,0,27.41,46.93,421.19,0,1,28,23.93,56.22,426.37,0,1,31,19.86,63.82,436.54,0,1,28,22.9,56.41,412.0,0,1,29,,0.0,,0,0,0,,0.0,,0,0,0,,0.0,,0,0,0,40,54,0,0,0,0
2026-07-23T03:31:46.722Z,29.81,67.09,554.02,0,2,70,23.75,50.03,,957.731,0,0,27.41,46.9,422.97,0,1,41,23.96,56.1,429.04,0,1,48,19.86,63.72,435.48,0,1,35,22.91,56.35,412.0,0,1,29,,0.0,,0,0,0,,0.0,,0,0,0,,0.0,,0,0,0,40,54,0,0,0,0
2026-07-23T03:31:51.722Z,29.81,67.07,548.51,0,2,72,23.74,49.99,,957.683,0,0,27.4,46.85,424.37,0,1,41,24.0,55.97,432.03,0,1,51,19.86,63.64,434.73,0,1,36,22.91,56.28,412.0,0,1,29,,0.0,,0,0,0,,0.0,,0,0,0,,0.0,,0,0,0,40,54,0,0,0,0
2026-07-23T03:31:56.722Z,29.8,67.08,540.66,0,1,56,23.74,49.94,,957.715,0,0,27.4,46.82,425.44,0,1,40,24.03,55.83,431.43,0,1,35,19.84,63.6,431.56,0,1,25,22.91,56.22,412.0,0,1,29,,0.0,,0,0,0,,0.0,,0,0,0,,0.0,,0,0,0,40,54,0,0,0,0
2026-07-23T03:32:01.721Z,29.79,67.1,538.4,0,2,82,23.73,49.89,,957.687,0,0,27.39,46.78,423.49,0,1,26,24.07,55.7,430.99,0,1,36,19.82,63.57,430.3,0,1,32,22.9,56.15,412.0,0,1,29,,0.0,,0,0,0,,0.0,,0,0,0,,0.0,,0,0,0,40,54,0,0,0,0
2026-07-23T03:32:06.721Z,29.79,67.12,545.56,0,2,138,23.73,49.84,,957.687,0,0,27.38,46.74,424.14,0,1,37,24.1,55.58,431.79,0,1,41,19.8,63.54,428.27,0,1,28,22.9,56.1,412.0,0,1,29,,0.0,,0,0,0,,0.0,,0,0,0,,0.0,,0,0,0,40,54,0,0,0,0
2026-07-23T03:32:11.721Z,29.78,67.12,554.2,0,2,154,23.72,49.79,,957.775,0,0,27.37,46.7,424.83,0,1,38,24.14,55.44,434.51,0,1,51,19.76,63.57,427.45,0,1,33,22.9,56.04,412.0,0,1,29,,0.0,,0,0,0,,0.0,,0,0,0,,0.0,,0,0,0,40,54,0,0,0,0
2026-07-23T03:32:16.721Z,29.77,67.1,561.98,0,2,154,23.71,49.74,,957.775,0,0,27.37,46.67,424.95,0,1,36,24.17,55.31,437.86,0,1,56,19.73,63.59,428.6,0,1,41,22.89,56.0,412.0,0,1,29,,0.0,,0,0,0,,0.0,,0,0,0,,0.0,,0,0,0,40,54,0,0,0,0
2026-07-23T03:32:21.721Z,29.77,67.1,568.88,0,2,153,23.71,49.69,,957.739,0,0,27.36,46.64,427.55,0,1,47,24.2,55.18,441.17,0,1,57,19.69,63.64,429.44,0,1,40,22.89,55.95,412.0,0,1,29,,0.0,,0,0,0,,0.0,,0,0,0,,0.0,,0,0,0,40,54,0,0,0,0
2026-07-23T03:32:26.721Z,29.76,67.11,571.99,0,2,132,23.71,49.64,,957.747,0,0,27.35,46.62,428.8,0,1,42,24.23,55.06,441.36,0,1,43,19.65,63.71,430.9,0,1,44,22.88,55.9,412.0,0,1,29,,0.0,,0,0,0,,0.0,,0,0,0,,0.0,,0,0,0,40,54,0,0,0,0
2026-07-23T03:32:31.721Z,29.75,67.14,570.8,0,2,107,23.7,49.59,,957.731,0,0,27.34,46.58,430.02,0,1,42,24.25,54.95,442.82,0,1,49,19.6,63.8,430.71,0,1,37,22.88,55.85,412.0,0,1,29,,0.0,,0,0,0,,0.0,,0,0,0,,0.0,,0,0,0,40,54,0,0,0,0
2026-07-23T03:32:36.721Z,29.75,67.16,571.52,0,2,118,23.7,49.55,,957.798,0,0,27.33,46.55,430.62,0,1,40,24.28,54.83,444.84,0,1,53,19.55,63.91,429.54,0,1,32,22.87,55.81,412.0,0,1,29,,0.0,,0,0,0,,0.0,,0,0,0,,0.0,,0,0,0,40,54,0,0,0,0
2026-07-23T03:32:41.721Z,29.74,67.18,570.66,0,2,108,23.69,49.51,,957.739,0,0,27.33,46.51,429.75,0,1,34,24.3,54.72,447.55,0,1,57,19.49,64.02,430.18,0,1,40,22.86,55.76,412.0,0,1,29,,0.0,,0,0,0,,0.0,,0,0,0,,0.0,,0,0,0,40,54,0,0,0,0
2026-07-23T03:32:46.720Z,29.74,67.21,569.7,0,2,107,23.68,49.47,,957.739,0,0,27.32,46.48,430.48,0,1,40,24.33,54.62,449.9,0,1,57,19.44,64.12,430.57,0,1,39,22.85,55.72,412.0,0,1,29,,0.0,,0,0,0,,0.0,,0,0,0,,0.0,,0,0,0,40,54,0,0,0,0
2026-07-23T03:32:51.749Z,29.73,67.26,568.13,0,2,103,23.68,49.43,,957.763,0,0,27.31,46.46,433.33,0,1,51,24.35,54.51,448.81,0,1,41,19.38,64.27,429.81,0,1,34,22.85,55.69,412.0,0,1,29,,0.0,,0,0,0,,0.0,,0,0,0,,0.0,,0,0,0,40,54,0,0,0,0
2026-07-23T03:32:56.720Z,29.73,67.31,565.12,0,2,93,23.67,49.4,,957.763,0,0,27.3,46.43,431.5,0,1,30,24.37,54.42,447.63,0,1,41,19.33,64.4,428.73,0,1,32,22.85,55.65,412.0,0,1,29,,0.0,,0,0,0,,0.0,,0,0,0,,0.0,,0,0,0,40,54,0,0,0,0
2026-07-23T03:33:01.720Z,29.72,67.37,561.8,0,2,90,23.66,49.36,,957.751,0,0,27.3,46.41,431.65,0,1,38,24.39,54.34,447.67,0,1,46,19.27,64.54,429.15,0,1,39,22.84,55.62,412.0,0,1,29,,0.0,,0,0,0,,0.0,,0,0,0,,0.0,,0,0,0,40,54,0,0,0,0
2026-07-23T03:33:06.721Z,29.72,67.42,554.92,0,2,68,23.66,49.33,,957.652,0,0,27.29,46.39,433.78,0,1,48,24.41,54.24,448.8,0,1,51,19.21,64.7,428.14,0,1,32,22.83,55.59,412.0,0,1,29,,0.0,,0,0,0,,0.0,,0,0,0,,0.0,,0,0,0,40,54,0,0,0,0
2026-07-23T03:33:11.720Z,29.73,67.47,548.03,0,1,64,23.65,49.31,,957.795,0,0,27.28,46.36,433.0,0,1,36,24.43,54.15,450.42,0,1,54,19.15,64.85,425.43,0,1,24,22.83,55.56,412.0,0,1,29,,0.0,,0,0,0,,0.0,,0,0,0,,0.0,,0,0,0,40,54,0,0,0,0
2026-07-23T03:33:16.719Z,29.73,67.53,542.43,0,2,68,23.65,49.28,,957.795,0,0,27.27,46.33,431.2,0,1,30,24.44,54.07,448.78,0,1,39,19.1,64.99,423.38,0,1,26,22.82,55.53,412.0,0,1,29,,0.0,,0,0,0,,0.0,,0,0,0,,0.0,,0,0,0,40,54,0,0,0,0
2026-07-23T03:33:21.720Z,29.73,67.59,538.19,0,2,72,23.64,49.25,,957.72,0,0,27.26,46.32,432.48,0,1,44,24.46,53.98,446.6,0,1,36,19.05,65.13,421.64,0,1,26,22.81,55.5,412.0,0,1,29,,0.0,,0,0,0,,0.0,,0,0,0,,0.0,,0,0,0,40,54,0,0,0,0
2026-07-23T03:33:26.719Z,29.73,67.63,533.77,0,2,69,23.64,49.22,,957.72,0,0,27.25,46.3,431.64,0,1,35,24.47,53.91,448.64,0,1,55,19.0,65.25,419.48,0,1,21,22.8,55.47,412.0,0,1,29,,0.0,,0,0,0,,0.0,,0,0,0,,0.0,,0,0,0,40,54,0,0,0,0
2026-07-23T03:33:31.720Z,29.74,67.67,529.79,0,2,69,23.63,49.2,,957.72,0,0,27.24,46.28,430.87,0,1,35,24.48,53.84,450.48,0,1,55,18.95,65.36,417.53,0,1,21,22.79,55.44,412.0,0,1,29,,0.0,,0,0,0,,0.0,,0,0,0,,0.0,,0,0,0,40,54,0,0,0,0
2026-07-23T03:33:36.720Z,29.74,67.71,527.61,0,2,76,23.63,49.17,,957.72,0,0,27.24,46.27,430.18,0,1,35,24.49,53.78,452.13,0,1,55,18.92,65.47,415.78,0,1,21,22.78,55.42,412.0,0,1,29,,0.0,,0,0,0,,0.0,,0,0,0,,0.0,,0,0,0,40,54,0,0,0,0
2026-07-23T03:33:41.719Z,29.74,67.74,525.65,0,2,76,23.63,49.15,,957.72,0,0,27.23,46.25,429.57,0,1,35,24.5,53.73,453.62,0,1,55,18.88,65.56,414.2,0,1,21,22.78,55.4,412.0,0,1,29,,0.0,,0,0,0,,0.0,,0,0,0,,0.0,,0,0,0,40,54,0,0,0,0
2026-07-23T03:33:46.719Z,29.74,67.77,523.88,0,2,76,23.62,49.13,,957.72,0,0,27.23,46.24,429.01,0,1,35,24.51,53.68,454.95,0,1,55,18.85,65.64,412.78,0,1,21,22.77,55.38,412.0,0,1,29,,0.0,,0,0,0,,0.0,,0,0,0,,0.0,,0,0,0,40,54,0,0,0,0
2026-07-23T03:33:51.719Z,29.74,67.8,522.3,0,2,76,23.62,49.11,,957.72,0,0,27.22,46.23,428.51,0,1,35,24.52,53.64,456.16,0,1,55,18.82,65.71,411.5,0,1,21,22.77,55.37,412.0,0,1,29,,0.0,,0,0,0,,0.0,,0,0,0,,0.0,,0,0,0,40,54,0,0,0,0
2026-07-23T03:33:56.719Z,29.74,67.82,520.87,0,2,76,23.62,49.1,,957.72,0,0,27.22,46.22,428.06,0,1,35,24.52,53.6,457.24,0,1,55,18.79,65.78,410.35,0,1,21,22.76,55.35,412.0,0,1,29,,0.0,,0,0,0,,0.0,,0,0,0,,0.0,,0,0,0,40,54,0,0,0,0
2026-07-23T03:34:01.719Z,29.75,67.84,519.58,0,2,76,23.62,49.09,,957.72,0,0,27.21,46.21,427.65,0,1,35,24.53,53.56,458.22,0,1,55,18.77,65.84,409.32,0,1,21,22.76,55.34,412.0,0,1,29,,0.0,,0,0,0,,0.0,,0,0,0,,0.0,,0,0,0,40,54,0,0,0,0
2026-07-23T03:34:06.719Z,29.75,67.86,518.42,0,2,76,23.61,49.07,,957.72,0,0,27.21,46.21,427.29,0,1,35,24.53,53.53,459.1,0,1,55,18.75,65.9,408.39,0,1,21,22.75,55.33,412.0,0,1,29,,0.0,,0,0,0,,0.0,,0,0,0,,0.0,,0,0,0,40,54,0,0,0,0
2026-07-23T03:34:11.719Z,29.75,67.88,517.38,0,2,76,23.61,49.06,,957.72,0,0,27.21,46.2,426.96,0,1,35,24.54,53.5,459.89,0,1,55,18.73,65.94,407.55,0,1,21,22.75,55.31,412.0,0,1,29,,0.0,,0,0,0,,0.0,,0,0,0,,0.0,,0,0,0,40,54,0,0,0,0
2026-07-23T03:34:16.718Z,29.75,67.89,516.44,0,2,76,23.61,49.05,,957.72,0,0,27.2,46.19,426.66,0,1,35,24.54,53.47,460.6,0,1,55,18.71,65.99,406.79,0,1,21,22.75,55.3,412.0,0,1,29,,0.0,,0,0,0,,0.0,,0,0,0,,0.0,,0,0,0,40,54,0,0,0,0
2026-07-23T03:34:21.719Z,29.75,67.91,515.6,0,2,76,23.61,49.04,,957.72,0,0,27.2,46.19,426.4,0,1,35,24.55,53.45,461.24,0,1,55,18.7,66.03,406.11,0,1,21,22.74,55.3,412.0,0,1,29,,0.0,,0,0,0,,0.0,,0,0,0,,0.0,,0,0,0,40,54,0,0,0,0
2026-07-23T03:34:26.718Z,29.75,67.92,514.84,0,2,76,23.61,49.04,,957.72,0,0,27.2,46.18,426.16,0,1,35,24.55,53.43,461.81,0,1,55,18.68,66.06,405.5,0,1,21,22.74,55.29,412.0,0,1,29,,0.0,,0,0,0,,0.0,,0,0,0,,0.0,,0,0,0,40,54,0,0,0,0
2026-07-23T03:34:31.719Z,29.76,67.87,507.95,0,1,45,23.6,49.03,,957.68,0,0,27.2,46.16,427.04,0,1,40,24.57,53.4,459.43,0,1,41,18.64,66.16,404.95,0,1,20,22.74,55.28,412.0,0,1,29,,0.0,,0,0,0,,0.0,,0,0,0,,0.0,,0,0,0,40,54,0,0,0,0
2026-07-23T03:34:36.718Z,29.77,67.82,501.76,0,1,45,23.6,49.02,,957.68,0,0,27.2,46.15,427.84,0,1,40,24.6,53.37,457.29,0,1,41,18.61,66.25,404.46,0,1,20,22.74,55.27,412.0,0,1,29,,0.0,,0,0,0,,0.0,,0,0,0,,0.0,,0,0,0,40,54,0,0,0,0
2026-07-23T03:34:41.718Z,29.78,67.78,496.18,0,1,45,23.6,49.01,,957.68,0,0,27.2,46.13,428.55,0,1,40,24.62,53.34,455.36,0,1,41,18.58,66.33,404.01,0,1,20,22.74,55.26,412.0,0,1,29,,0.0,,0,0,0,,0.0,,0,0,0,,0.0,,0,0,0,40,54,0,0,0,0
2026-07-23T03:34:46.719Z,29.79,67.74,491.16,0,1,45,23.6,49.0,,957.68,0,0,27.2,46.12,429.2,0,1,40,24.63,53.32,453.62,0,1,41,18.55,66.4,403.61,0,1,20,22.74,55.25,412.0,0,1,29,,0.0,,0,0,0,,0.0,,0,0,0,,0.0,,0,0,0,40,54,0,0,0,0
2026-07-23T03:34:51.718Z,29.8,67.7,486.65,0,1,45,23.59,49.0,,957.68,0,0,27.19,46.1,429.78,0,1,40,24.65,53.3,452.06,0,1,41,18.53,66.46,403.25,0,1,20,22.75,55.25,412.0,0,1,29,,0.0,,0,0,0,,0.0,,0,0,0,,0.0,,0,0,0,40,54,0,0,0,0
2026-07-23T03:34:56.717Z,29.8,67.67,482.58,0,1,45,23.59,48.99,,957.68,0,0,27.19,46.09,430.3,0,1,40,24.67,53.28,450.66,0,1,41,18.5,66.52,402.92,0,1,20,22.75,55.24,412.0,0,1,29,,0.0,,0,0,0,,0.0,,0,0,0,,0.0,,0,0,0,40,54,0,0,0,0
2026-07-23T03:35:01.718Z,29.81,67.64,478.92,0,1,45,23.59,48.98,,957.68,0,0,27.19,46.08,430.77,0,1,40,24.68,53.26,449.39,0,1,41,18.48,66.57,402.63,0,1,20,22.75,55.24,412.0,0,1,29,,0.0,,0,0,0,,0.0,,0,0,0,,0.0,,0,0,0,40,54,0,0,0,0
2026-07-23T03:35:06.718Z,29.82,67.62,475.63,0,1,45,23.59,48.98,,957.68,0,0,27.19,46.07,431.19,0,1,40,24.69,53.25,448.25,0,1,41,18.46,66.62,402.37,0,1,20,22.75,55.23,412.0,0,1,29,,0.0,,0,0,0,,0.0,,0,0,0,,0.0,,0,0,0,40,54,0,0,0,0
2026-07-23T03:35:11.718Z,29.82,67.6,472.67,0,1,45,23.59,48.98,,957.68,0,0,27.19,46.07,431.57,0,1,40,24.7,53.23,447.23,0,1,41,18.45,66.66,402.13,0,1,20,22.75,55.23,412.0,0,1,29,,0.0,,0,0,0,,0.0,,0,0,0,,0.0,,0,0,0,40,54,0,0,0,0
2026-07-23T03:35:16.717Z,29.82,67.58,470.0,0,1,45,23.58,48.97,,957.68,0,0,27.19,46.06,431.92,0,1,40,24.71,53.22,446.3,0,1,41,18.43,66.7,401.92,0,1,20,22.75,55.22,412.0,0,1,29,,0.0,,0,0,0,,0.0,,0,0,0,,0.0,,0,0,0,40,54,0,0,0,0
2026-07-23T03:35:21.718Z,29.83,67.56,467.6,0,1,45,23.58,48.97,,957.68,0,0,27.19,46.05,432.22,0,1,40,24.72,53.21,445.47,0,1,41,18.42,66.73,401.73,0,1,20,22.75,55.22,412.0,0,1,29,,0.0,,0,0,0,,0.0,,0,0,0,,0.0,,0,0,0,40,54,0,0,0,0
2026-07-23T03:35:26.756Z,29.83,67.54,465.44,0,1,45,23.58,48.97,,957.68,0,0,27.19,46.05,432.5,0,1,40,24.73,53.2,444.73,0,1,41,18.41,66.76,401.55,0,1,20,22.75,55.22,412.0,0,1,29,,0.0,,0,0,0,,0.0,,0,0,0,,0.0,,0,0,0,40,54,0,0,0,0
2026-07-23T03:35:31.717Z,29.84,67.53,463.5,0,1,45,23.58,48.96,,957.68,0,0,27.19,46.04,432.75,0,1,40,24.73,53.19,444.05,0,1,41,18.4,66.79,401.4,0,1,20,22.75,55.21,412.0,0,1,29,,0.0,,0,0,0,,0.0,,0,0,0,,0.0,,0,0,0,40,54,0,0,0,0
2026-07-23T03:35:36.717Z,29.84,67.51,461.75,0,1,45,23.58,48.96,,957.68,0,0,27.19,46.04,432.98,0,1,40,24.74,53.18,443.45,0,1,41,18.39,66.81,401.26,0,1,20,22.75,55.21,412.0,0,1,29,,0.0,,0,0,0,,0.0,,0,0,0,,0.0,,0,0,0,40,54,0,0,0,0
2026-07-23T03:35:41.716Z,29.84,67.5,460.17,0,1,45,23.58,48.96,,957.68,0,0,27.19,46.03,433.18,0,1,40,24.75,53.18,442.9,0,1,41,18.38,66.83,401.13,0,1,20,22.75,55.21,412.0,0,1,29,,0.0,,0,0,0,,0.0,,0,0,0,,0.0,,0,0,0,40,54,0,0,0,0
2026-07-23T03:35:46.717Z,29.84,67.49,458.76,0,1,45,23.58,48.96,,957.68,0,0,27.19,46.03,433.36,0,1,40,24.75,53.17,442.41,0,1,41,18.37,66.85,401.02,0,1,20,22.75,55.21,412.0,0,1,29,,0.0,,0,0,0,,0.0,,0,0,0,,0.0,,0,0,0,40,54,0,0,0,0
2026-07-23T03:35:51.717Z,29.85,67.48,457.48,0,1,45,23.58,48.95,,957.68,0,0,27.19,46.02,433.53,0,1,40,24.76,53.16,441.97,0,1,41,18.36,66.87,400.92,0,1,20,22.75,55.2,412.0,0,1,29,,0.0,,0,0,0,,0.0,,0,0,0,,0.0,,0,0,0,40,54,0,0,0,0
2026-07-23T03:35:56.717Z,29.85,67.47,456.33,0,1,45,23.58,48.95,,957.68,0,0,27.19,46.02,433.67,0,1,40,24.76,53.16,441.57,0,1,41,18.35,66.89,400.83,0,1,20,22.75,55.2,412.0,0,1,29,,0.0,,0,0,0,,0.0,,0,0,0,,0.0,,0,0,0,40,54,0,0,0,0
2026-07-23T03:36:01.717Z,29.85,67.46,455.3,0,1,45,23.58,48.95,,957.68,0,0,27.19,46.02,433.81,0,1,40,24.76,53.15,441.22,0,1,41,18.35,66.9,400.74,0,1,20,22.75,55.2,412.0,0,1,29,,0.0,,0,0,0,,0.0,,0,0,0,,0.0,,0,0,0,40,54,0,0,0,0
2026-07-23T03:36:06.717Z,29.85,67.46,454.37,0,1,45,23.58,48.95,,957.68,0,0,27.19,46.02,433.92,0,1,40,24.77,53.15,440.9,0,1,41,18.34,66.92,400.67,0,1,20,22.75,55.2,412.0,0,1,29,,0.0,,0,0,0,,0.0,,0,0,0,,0.0,,0,0,0,40,54,0,0,0,0
2026-07-23T03:36:11.717Z,29.85,67.45,453.53,0,1,45,23.58,48.95,,957.68,0,0,27.19,46.01,434.03,0,1,40,24.77,53.14,440.61,0,1,41,18.34,66.93,400.6,0,1,20,22.75,55.2,412.0,0,1,29,,0.0,,0,0,0,,0.0,,0,0,0,,0.0,,0,0,0,40,54,0,0,0,0
2026-07-23T03:36:16.718Z,29.85,67.44,452.78,0,1,45,23.58,48.95,,957.68,0,0,27.19,46.01,434.13,0,1,40,24.77,53.14,440.35,0,1,41,18.34,66.94,400.54,0,1,20,22.75,55.2,412.0,0,1,29,,0.0,,0,0,0,,0.0,,0,0,0,,0.0,,0,0,0,40,54,0,0,0,0
2026-07-23T03:36:21.777Z,29.85,67.44,452.1,0,1,45,23.58,48.95,,957.68,0,0,27.19,46.01,434.22,0,1,40,24.78,53.14,440.11,0,1,41,18.33,66.95,400.49,0,1,20,22.75,55.2,412.0,0,1,29,,0.0,,0,0,0,,0.0,,0,0,0,,0.0,,0,0,0,40,54,0,0,0,0
2026-07-23T03:36:26.716Z,29.85,67.43,451.49,0,1,45,23.57,48.95,,957.68,0,0,27.19,46.01,434.29,0,1,40,24.78,53.14,439.9,0,1,41,18.33,66.96,400.44,0,1,20,22.75,55.2,412.0,0,1,29,,0.0,,0,0,0,,0.0,,0,0,0,,0.0,,0,0,0,40,54,0,0,0,0
2026-07-23T03:36:31.716Z,29.86,67.43,450.94,0,1,45,23.57,48.94,,957.68,0,0,27.19,46.01,434.37,0,1,40,24.78,53.13,439.71,0,1,41,18.32,66.97,400.39,0,1,20,22.75,55.19,412.0,0,1,29,,0.0,,0,0,0,,0.0,,0,0,0,,0.0,,0,0,0,40,54,0,0,0,0
2026-07-23T03:36:36.722Z,29.86,67.43,450.45,0,1,45,23.57,48.94,,957.68,0,0,27.19,46.0,434.43,0,1,40,24.78,53.13,439.54,0,1,41,18.32,66.97,400.36,0,1,20,22.75,55.19,412.0,0,1,29,,0.0,,0,0,0,,0.0,,0,0,0,,0.0,,0,0,0,40,54,0,0,0,0
2026-07-23T03:36:41.722Z,29.86,67.42,450.0,0,1,45,23.57,48.94,,957.68,0,0,27.19,46.0,434.49,0,1,40,24.78,53.13,439.38,0,1,41,18.32,66.98,400.32,0,1,20,22.75,55.19,412.0,0,1,29,,0.0,,0,0,0,,0.0,,0,0,0,,0.0,,0,0,0,40,54,0,0,0,0
2026-07-23T03:36:46.718Z,29.86,67.42,449.6,0,1,45,23.57,48.94,,957.68,0,0,27.19,46.0,434.54,0,1,40,24.78,53.13,439.25,0,1,41,18.32,66.98,400.29,0,1,20,22.75,55.19,412.0,0,1,29,,0.0,,0,0,0,,0.0,,0,0,0,,0.0,,0,0,0,40,54,0,0,0,0
2026-07-23T03:36:51.717Z,29.86,67.42,449.24,0,1,45,23.57,48.94,,957.68,0,0,27.19,46.0,434.58,0,1,40,24.79,53.13,439.12,0,1,41,18.32,66.99,400.26,0,1,20,22.75,55.19,412.0,0,1,29,,0.0,,0,0,0,,0.0,,0,0,0,,0.0,,0,0,0,40,54,0,0,0,0
2026-07-23T03:36:56.723Z,29.86,67.41,448.92,0,1,45,23.57,48.94,,957.68,0,0,27.19,46.0,434.63,0,1,40,24.79,53.12,439.01,0,1,41,18.31,66.99,400.23,0,1,20,22.75,55.19,412.0,0,1,29,,0.0,,0,0,0,,0.0,,0,0,0,,0.0,,0,0,0,40,54,0,0,0,0
2026-07-23T03:37:01.716Z,29.86,67.41,448.63,0,1,45,23.57,48.94,,957.68,0,0,27.19,46.0,434.66,0,1,40,24.79,53.12,438.91,0,1,41,18.31,67.0,400.21,0,1,20,22.75,55.19,412.0,0,1,29,,0.0,,0,0,0,,0.0,,0,0,0,,0.0,,0,0,0,40,54,0,0,0,0
2026-07-23T03:37:06.773Z,29.88,67.46,443.76,0,1,10,23.56,48.91,,957.634,0,0,27.17,45.97,437.6,0,0,53,24.85,52.96,440.52,0,1,49,19.17,65.22,408.59,0,1,64,22.85,54.96,412.3,0,0,31,,0.0,,0,0,0,,0.0,,0,0,0,,0.0,,0,0,0,0,0,0,0,0,0
2026-07-23T03:37:11.722Z,29.9,67.49,441.09,0,1,31,23.55,48.89,,957.634,0,0,27.16,45.94,440.24,0,0,53,24.9,52.81,441.97,0,1,49,19.94,63.63,416.13,0,1,64,22.93,54.75,412.57,0,0,31,,0.0,,0,0,0,,0.0,,0,0,0,,0.0,,0,0,0,0,0,0,0,0,0
2026-07-23T03:37:16.722Z,29.92,67.52,440.98,0,1,42,23.55,48.86,,957.578,0,0,27.15,45.92,439.41,0,0,38,24.98,52.66,442.42,0,1,39,20.64,62.22,419.42,0,1,46,23.06,54.5,414.11,0,0,36,,0.0,,0,0,0,,0.0,,0,0,0,,0.0,,0,0,0,0,0,0,0,0,0
2026-07-23T03:37:21.716Z,29.94,67.55,443.08,0,1,53,23.54,48.84,,957.622,0,0,27.15,45.9,439.97,0,0,44,25.06,52.51,441.98,0,1,41,21.27,60.96,426.48,0,2,67,23.2,54.24,413.9,0,0,29,,0.0,,0,0,0,,0.0,,0,0,0,,0.0,,0,0,0,0,0,0,0,0,0
2026-07-23T03:37:26.717Z,29.96,67.56,445.97,0,1,58,23.53,48.82,,957.622,0,0,27.14,45.88,439.17,0,0,38,25.13,52.37,443.68,0,1,51,21.84,59.82,431.43,0,1,60,23.32,54.01,415.31,0,0,36,,0.0,,0,0,0,,0.0,,0,0,0,,0.0,,0,0,0,100,0,0,0,0,0
2026-07-23T03:37:31.750Z,29.97,67.55,449.38,0,1,62,23.53,48.8,,957.563,0,0,27.14,45.87,438.86,0,0,40,25.2,52.23,442.31,0,1,37,22.36,58.79,437.19,0,2,66,23.45,53.75,416.58,0,0,36,,0.0,,0,0,0,,0.0,,0,0,0,,0.0,,0,0,0,37,50,0,0,0,0
2026-07-23T03:37:36.716Z,29.99,67.55,451.84,0,1,59,23.52,48.79,,957.563,0,0,27.13,45.85,440.77,0,0,51,25.27,52.1,444.58,0,1,54,22.82,57.87,442.67,0,2,68,23.56,53.52,415.62,0,0,27,,0.0,,0,0,0,,0.0,,0,0,0,,0.0,,0,0,0,40,53,0,0,0,0
2026-07-23T03:37:41.715Z,30.0,67.55,448.75,0,1,33,23.52,48.78,,957.61,0,0,27.13,45.84,439.69,0,0,37,25.34,51.97,445.52,0,1,49,23.23,57.03,461.6,0,3,646,23.67,53.28,416.46,0,0,34,,0.0,,0,0,0,,0.0,,0,0,0,,0.0,,0,0,0,40,57,0,0,0,0
2026-07-23T03:37:46.756Z,30.01,67.58,449.68,0,1,51,23.52,48.77,,957.681,0,0,27.13,45.82,439.72,0,0,42,25.41,51.84,446.72,0,2,161,23.72,56.29,492.64,0,3,269,23.73,53.05,416.81,0,0,33,,0.0,,0,0,0,,0.0,,0,0,0,,0.0,,0,0,0,40,55,0,0,0,0
2026-07-23T03:37:51.721Z,30.02,67.59,457.81,0,2,89,23.51,48.76,,957.673,0,0,27.14,45.81,438.95,0,0,38,25.48,51.73,448.15,0,1,52,24.27,55.33,489.38,0,1,51,23.77,52.85,417.03,0,0,32,,0.0,,0,0,0,,0.0,,0,0,0,,0.0,,0,0,0,40,55,0,0,0,0
2026-07-23T03:37:56.722Z,30.03,67.56,470.43,0,2,121,23.51,48.75,,957.673,0,0,27.14,45.8,439.36,0,0,44,25.53,51.62,447.53,0,1,43,24.78,54.46,487.14,0,1,55,23.8,52.68,418.63,0,0,38,,0.0,,0,0,0,,0.0,,0,0,0,,0.0,,0,0,0,40,55,0,0,0,0
2026-07-23T03:38:01.715Z,30.04,67.52,484.79,0,2,141,23.51,48.74,,957.728,0,0,27.15,45.78,441.32,0,0,51,25.59,51.44,447.88,0,1,47,25.31,53.54,496.92,0,2,122,23.81,52.55,420.17,0,0,39,,0.0,,0,0,0,,0.0,,0,0,0,,0.0,,0,0,0,40,100,0,0,0,0
2026-07-23T03:38:06.721Z,30.05,67.46,502.91,0,2,179,23.51,48.69,,957.974,0,0,27.15,45.75,441.59,0,0,44,25.64,51.35,450.09,0,1,56,25.83,53.17,513.23,0,2,174,23.83,52.45,423.35,0,0,48,,0.0,,0,0,0,,0.0,,0,0,0,,0.0,,0,0,0,40,66,0,0,0,0
2026-07-23T03:38:11.721Z,30.05,67.4,513.52,0,2,138,23.51,48.65,,957.974,0,0,27.16,45.72,441.83,0,0,44,25.69,51.26,452.08,0,1,56,26.3,52.83,527.91,0,2,174,23.84,52.37,426.21,0,0,48,,0.0,,0,0,0,,0.0,,0,0,0,,0.0,,0,0,0,40,57,0,0,0,0
2026-07-23T03:38:16.759Z,30.06,67.33,527.27,0,2,168,23.51,48.61,,957.974,0,0,27.17,45.69,440.55,0,0,37,25.73,51.18,453.27,0,1,53,26.72,52.53,524.12,0,2,67,23.86,52.29,426.49,0,0,37,,0.0,,0,0,0,,0.0,,0,0,0,,0.0,,0,0,0,40,59,0,0,0,0
2026-07-23T03:38:21.721Z,30.06,67.26,535.34,0,2,137,23.51,48.6,,957.72,0,0,27.17,45.7,440.29,0,0,41,25.76,51.09,453.45,0,1,49,27.19,51.79,520.51,0,2,66,23.9,52.24,427.04,0,0,38,,0.0,,0,0,0,,0.0,,0,0,0,,0.0,,0,0,0,40,59,0,0,0,0
2026-07-23T03:38:26.715Z,30.06,67.21,540.71,0,2,125,23.52,48.59,,957.732,0,0,27.17,45.71,440.36,0,0,42,25.79,51.02,455.8,0,1,60,27.67,51.02,519.96,0,2,80,23.95,52.18,430.04,0,0,50,,0.0,,0,0,0,,0.0,,0,0,0,,0.0,,0,0,0,40,59,0,0,0,0
2026-07-23T03:38:31.720Z,30.07,67.19,545.63,0,2,125,23.52,48.58,,957.752,0,0,27.17,45.72,438.73,0,0,35,25.82,50.96,455.22,0,1,46,28.14,50.27,521.36,0,2,91,24.0,52.11,430.04,0,0,37,,0.0,,0,0,0,,0.0,,0,0,0,,0.0,,0,0,0,40,59,0,0,0,0
2026-07-23T03:38:36.717Z,30.08,67.2,553.97,0,2,152,23.52,48.58,,957.748,0,0,27.17,45.73,437.55,0,0,36,25.84,50.91,454.6,0,1,46,28.59,49.56,521.42,0,2,84,24.06,52.04,430.73,0,0,40,,0.0,,0,0,0,,0.0,,0,0,0,,0.0,,0,0,0,40,59,0,0,0,0
2026-07-23T03:38:41.720Z,30.08,67.2,561.97,0,2,155,23.53,48.58,,957.799,0,0,27.17,45.74,438.6,0,0,46,25.87,50.86,456.34,0,1,57,29.0,48.91,520.28,0,2,77,24.12,51.98,433.36,0,0,50,,0.0,,0,0,0,,0.0,,0,0,0,,0.0,,0,0,0,40,59,0,0,0,0
2026-07-23T03:38:46.720Z,30.09,67.23,561.88,0,2,107,23.53,48.58,,957.799,0,0,27.17,45.76,439.94,0,0,48,25.89,50.81,458.41,0,1,60,29.39,48.3,519.15,0,2,77,24.18,51.91,435.62,0,0,50,,0.0,,0,0,0,,0.0,,0,0,0,,0.0,,0,0,0,40,59,0,0,0,0
2026-07-23T03:38:51.757Z,30.09,67.26,564.09,0,2,121,23.54,48.58,,957.759,0,0,27.17,45.78,438.75,0,0,36,25.92,50.79,461.47,0,2,66,29.76,47.71,519.24,0,2,83,24.25,51.83,436.76,0,0,45,,0.0,,0,0,0,,0.0,,0,0,0,,0.0,,0,0,0,40,60,0,0,0,0
2026-07-23T03:38:56.721Z,30.1,67.28,564.98,0,2,115,23.54,48.59,,957.74,0,0,27.17,45.8,437.67,0,0,36,25.95,50.76,461.32,0,1,51,30.11,47.16,520.21,0,2,88,24.32,51.74,437.98,0,0,46,,0.0,,0,0,0,,0.0,,0,0,0,,0.0,,0,0,0,40,60,0,0,0,0
2026-07-23T03:39:01.721Z,30.11,67.3,568.18,0,2,130,23.55,48.6,,957.735,0,0,27.17,45.82,434.8,0,0,27,25.98,50.74,458.79,0,1,40,30.44,46.65,512.79,0,1,45,24.39,51.63,437.99,0,0,41,,0.0,,0,0,0,,0.0,,0,0,0,,0.0,,0,0,0,40,60,0,0,0,0
2026-07-23T03:39:06.720Z,30.12,67.32,574.36,0,2,153,23.56,48.61,,957.755,0,0,27.18,45.85,435.62,0,0,43,26.02,50.72,459.21,0,1,53,30.73,46.18,505.41,0,1,42,24.46,51.53,437.69,0,0,40,,0.0,,0,0,0,,0.0,,0,0,0,,0.0,,0,0,0,40,60,0,0,0,0
2026-07-23T03:39:11.719Z,30.13,67.34,572.73,0,2,105,23.57,48.63,,957.822,0,0,27.18,45.88,433.76,0,0,31,26.05,50.7,457.39,0,1,42,31.0,45.75,499.57,0,1,45,24.53,51.43,438.12,0,0,43,,0.0,,0,0,0,,0.0,,0,0,0,,0.0,,0,0,0,40,60,0,0,0,0
2026-07-23T03:39:16.720Z,30.13,67.35,568.15,0,2,87,23.58,48.64,,957.802,0,0,27.18,45.92,433.08,0,0,36,26.09,50.68,455.55,0,1,41,31.23,45.37,492.61,0,1,37,24.61,51.31,438.21,0,0,41,,0.0,,0,0,0,,0.0,,0,0,0,,0.0,,0,0,0,40,60,0,0,0,0
2026-07-23T03:39:21.719Z,30.14,67.34,560.54,0,2,68,23.59,48.65,,957.802,0,0,27.19,45.95,431.88,0,0,33,26.13,50.66,453.29,0,1,39,31.44,45.03,487.65,0,1,43,24.68,51.21,437.99,0,0,40,,0.0,,0,0,0,,0.0,,0,0,0,,0.0,,0,0,0,40,60,0,0,0,0
2026-07-23T03:39:26.720Z,30.15,67.33,555.19,0,2,76,23.6,48.66,,957.751,0,0,27.19,45.98,432.49,0,0,41,26.17,50.64,451.76,0,1,41,31.61,44.74,482.99,0,1,43,24.75,51.11,437.89,0,0,41,,0.0,,0,0,0,,0.0,,0,0,0,,0.0,,0,0,0,40,60,0,0,0,0
2026-07-23T03:39:31.720Z,30.16,67.31,551.47,0,2,82,23.61,48.68,,957.845,0,0,27.19,46.01,434.54,0,0,48,26.21,50.63,451.09,0,1,44,31.74,44.5,478.19,0,1,40,24.82,51.01,436.4,0,0,34,,0.0,,0,0,0,,0.0,,0,0,0,,0.0,,0,0,0,40,60,0,0,0,0
2026-07-23T03:39:36.719Z,30.17,67.26,547.72,0,2,80,23.62,48.71,,957.845,0,0,27.2,46.05,435.59,0,0,44,26.25,50.61,449.08,0,1,38,31.82,44.31,473.27,0,1,37,24.89,50.91,436.36,0,0,40,,0.0,,0,0,0,,0.0,,0,0,0,,0.0,,0,0,0,40,60,0,0,0,0
2026-07-23T03:39:41.719Z,30.18,67.22,546.55,0,2,92,23.63,48.74,,957.818,0,0,27.21,46.1,433.33,0,0,29,26.28,50.6,448.97,0,1,46,31.85,44.19,468.64,0,1,36,24.96,50.82,436.02,0,0,39,,0.0,,0,0,0,,0.0,,0,0,0,,0.0,,0,0,0,40,60,0,0,0,0
2026-07-23T03:39:46.719Z,30.19,67.22,540.79,0,2,67,23.64,48.77,,957.778,0,0,27.21,46.14,435.59,0,0,50,26.32,50.59,448.57,0,1,44,31.88,44.08,464.18,0,1,34,25.03,50.73,435.82,0,0,39,,0.0,,0,0,0,,0.0,,0,0,0,,0.0,,0,0,0,40,60,0,0,0,0
2026-07-23T03:39:51.719Z,30.2,67.21,534.81,0,1,62,23.65,48.8,,957.778,0,0,27.22,46.19,435.94,0,0,41,26.35,50.58,447.12,0,1,39,31.86,44.03,462.06,0,1,43,25.09,50.65,436.14,0,0,41,,0.0,,0,0,0,,0.0,,0,0,0,,0.0,,0,0,0,40,60,0,0,0,0
2026-07-23T03:39:56.720Z,30.22,67.21,525.73,0,1,44,23.67,48.83,,957.762,0,0,27.23,46.23,437.04,0,0,45,26.39,50.57,444.91,0,1,35,31.8,44.02,459.66,0,1,41,25.14,50.56,434.12,0,0,31,,0.0,,0,0,0,,0.0,,0,0,0,,0.0,,0,0,0,40,60,0,0,0,0
2026-07-23T03:40:01.720Z,30.23,67.19,513.96,0,1,27,23.68,48.86,,957.813,0,0,27.23,46.28,437.74,0,0,44,26.43,50.55,443.41,0,1,37,31.71,44.06,457.39,0,1,40,25.2,50.49,433.41,0,0,36,,0.0,,0,0,0,,0.0,,0,0,0,,0.0,,0,0,0,40,60,0,0,0,0
2026-07-23T03:40:06.718Z,30.24,67.19,505.46,0,1,37,23.69,48.9,,957.789,0,0,27.23,46.33,434.76,0,0,27,26.47,50.53,441.67,0,1,35,31.6,44.15,454.05,0,1,35,25.25,50.43,431.97,0,0,32,,0.0,,0,0,0,,0.0,,0,0,0,,0.0,,0,0,0,40,60,0,0,0,0
2026-07-23T03:40:11.718Z,30.25,67.19,498.42,0,1,39,23.71,48.93,,957.749,0,0,27.22,46.38,431.89,0,0,26,26.51,50.51,439.81,0,1,34,31.46,44.28,451.45,0,1,36,25.29,50.38,432.97,0,0,43,,0.0,,0,0,0,,0.0,,0,0,0,,0.0,,0,0,0,40,60,0,0,0,0
2026-07-23T03:40:16.719Z,30.26,67.18,491.78,0,1,38,23.72,48.97,,957.781,0,0,27.22,46.45,428.7,0,0,24,26.56,50.49,439.23,0,1,39,31.3,44.45,448.7,0,1,35,25.33,50.33,432.88,0,0,38,,0.0,,0,0,0,,0.0,,0,0,0,,0.0,,0,0,0,40,60,0,0,0,0
2026-07-23T03:40:21.718Z,30.27,67.17,488.2,0,1,49,23.74,49.02,,957.737,0,0,27.21,46.51,429.23,0,0,39,26.59,50.48,437.9,0,1,35,31.15,44.6,445.03,0,1,29,25.37,50.29,432.49,0,0,37,,0.0,,0,0,0,,0.0,,0,0,0,,0.0,,0,0,0,40,60,0,0,0,0
2026-07-23T03:40:26.718Z,30.29,67.16,481.48,0,1,33,23.75,49.05,,957.753,0,0,27.2,46.58,428.41,0,0,33,26.63,50.49,436.81,0,1,36,30.95,44.83,441.83,0,1,30,25.39,50.26,431.04,0,0,32,,0.0,,0,0,0,,0.0,,0,0,0,,0.0,,0,0,0,40,60,0,0,0,0
2026-07-23T03:40:31.717Z,30.3,67.15,478.73,0,1,48,23.77,49.08,,957.753,0,0,27.19,46.64,429.67,0,0,42,26.66,50.5,433.13,0,1,0,30.76,45.04,438.14,0,1,26,25.42,50.24,429.74,0,0,32,,0.0,,0,0,0,,0.0,,0,0,0,,0.0,,0,0,0,40,60,0,0,0,0
2026-07-23T03:40:36.718Z,30.31,67.14,474.96,0,1,42,23.78,49.1,,957.804,0,0,27.19,46.7,428.3,0,0,31,26.69,50.48,438.32,0,1,64,30.56,45.28,434.73,0,1,26,25.43,50.23,428.26,0,0,30,,0.0,,0,0,0,,0.0,,0,0,0,,0.0,,0,0,0,40,60,0,0,0,0
2026-07-23T03:40:41.718Z,30.32,67.13,473.76,0,1,53,23.79,49.13,,957.737,0,0,27.18,46.77,426.97,0,0,30,26.72,50.46,444.59,0,2,73,30.35,45.55,432.86,0,1,31,25.45,50.23,428.04,0,0,35,,0.0,,0,0,0,,0.0,,0,0,0,,0.0,,0,0,0,40,60,0,0,0,0
2026-07-23T03:40:46.719Z,30.33,67.09,468.59,0,1,34,23.81,49.16,,957.74,0,0,27.17,46.84,428.57,0,0,43,26.75,50.44,448.03,0,1,61,30.12,45.84,432.17,0,1,35,25.45,50.24,429.43,0,0,43,,0.0,,0,0,0,,0.0,,0,0,0,,0.0,,0,0,0,40,60,0,0,0,0
2026-07-23T03:40:51.719Z,30.33,67.01,464.63,0,1,37,23.82,49.18,,957.729,0,0,27.17,46.92,427.41,0,0,31,26.77,50.42,453.32,0,2,72,29.88,46.17,431.55,0,1,36,25.45,50.26,429.29,0,0,36,,0.0,,0,0,0,,0.0,,0,0,0,,0.0,,0,0,0,40,60,0,0,0,0
2026-07-23T03:40:56.717Z,30.33,66.91,469.36,0,2,79,23.83,49.2,,957.732,0,0,27.16,47.0,427.37,0,0,36,26.8,50.41,456.59,0,2,65,29.63,46.52,431.1,0,1,36,25.45,50.31,428.96,0,0,35,,0.0,,0,0,0,,0.0,,0,0,0,,0.0,,0,0,0,40,60,0,0,0,0
2026-07-23T03:41:01.718Z,30.33,66.83,477.63,0,2,101,23.85,49.22,,957.732,0,0,27.15,47.06,426.64,0,0,33,26.82,50.4,460.13,0,2,68,29.4,46.84,430.09,0,1,33,25.44,50.35,428.96,0,0,37,,0.0,,0,0,0,,0.0,,0,0,0,,0.0,,0,0,0,40,60,0,0,0,0
2026-07-23T03:41:06.718Z,30.33,66.78,485.46,0,2,104,23.86,49.25,,957.776,0,0,27.14,47.13,426.47,0,0,35,26.84,50.4,463.62,0,2,69,29.16,47.18,430.78,0,1,41,25.43,50.4,429.77,0,0,41,,0.0,,0,0,0,,0.0,,0,0,0,,0.0,,0,0,0,40,60,0,0,0,0
2026-07-23T03:41:11.718Z,30.33,66.77,490.62,0,2,93,23.87,49.27,,957.779,0,0,27.13,47.19,426.63,0,0,36,26.85,50.39,465.66,0,2,63,28.91,47.54,430.7,0,1,37,25.43,50.45,427.59,0,0,27,,0.0,,0,0,0,,0.0,,0,0,0,,0.0,,0,0,0,40,60,0,0,0,0
2026-07-23T03:41:16.716Z,30.34,66.78,496.36,0,2,99,23.88,49.3,,957.823,0,0,27.13,47.25,426.16,0,0,33,26.87,50.39,466.69,0,2,60,28.65,47.94,429.63,0,1,33,25.41,50.51,427.53,0,0,36,,0.0,,0,0,0,,0.0,,0,0,0,,0.0,,0,0,0,40,60,0,0,0,0
2026-07-23T03:41:21.716Z,30.34,66.8,498.82,0,2,84,23.9,49.32,,957.823,0,0,27.12,47.3,425.35,0,0,31,26.88,50.39,467.82,0,1,61,28.42,48.3,429.87,0,1,38,25.39,50.56,426.28,0,0,30,,0.0,,0,0,0,,0.0,,0,0,0,,0.0,,0,0,0,40,60,0,0,0,0
2026-07-23T03:41:26.719Z,30.34,66.81,499.74,0,2,77,23.91,49.33,,957.799,0,0,27.11,47.36,424.91,0,0,33,26.89,50.39,470.64,0,2,70,28.18,48.7,429.48,0,1,35,25.37,50.63,424.95,0,0,29,,0.0,,0,0,0,,0.0,,0,0,0,,0.0,,0,0,0,40,60,0,0,0,0
2026-07-23T03:41:31.717Z,30.35,66.82,502.56,0,2,88,23.92,49.35,,957.85,0,0,27.1,47.42,426.22,0,0,41,26.9,50.39,471.48,0,1,61,27.93,49.12,428.63,0,1,33,25.35,50.71,424.06,0,0,31,,0.0,,0,0,0,,0.0,,0,0,0,,0.0,,0,0,0,40,60,0,0,0,0
2026-07-23T03:41:36.717Z,30.36,66.84,503.11,0,2,77,23.93,49.37,,957.747,0,0,27.1,47.48,426.0,0,0,34,26.9,50.4,473.33,0,2,67,27.69,49.55,426.07,0,1,25,25.33,50.8,424.95,0,0,39,,0.0,,0,0,0,,0.0,,0,0,0,,0.0,,0,0,0,40,60,0,0,0,0
2026-07-23T03:41:41.717Z,30.36,66.8,498.3,0,1,49,23.94,49.39,,957.831,0,0,27.09,47.54,425.2,0,0,32,26.91,50.41,473.1,0,1,57,27.44,49.99,423.76,0,1,25,25.3,50.89,424.76,0,0,34,,0.0,,0,0,0,,0.0,,0,0,0,,0.0,,0,0,0,40,60,0,0,0,0
2026-07-23T03:41:46.716Z,30.36,66.73,494.47,0,1,51,23.96,49.4,,957.799,0,0,27.09,47.6,422.68,0,0,22,26.91,50.44,474.39,0,2,65,27.2,50.45,422.49,0,1,29,25.27,50.98,424.08,0,0,32,,0.0,,0,0,0,,0.0,,0,0,0,,0.0,,0,0,0,40,60,0,0,0,0
2026-07-23T03:41:51.717Z,30.37,66.67,489.42,0,1,44,23.97,49.42,,957.799,0,0,27.08,47.66,423.31,0,0,37,26.91,50.46,475.05,0,1,62,26.98,50.87,420.54,0,1,25,25.24,51.07,425.17,0,0,40,,0.0,,0,0,0,,0.0,,0,0,0,,0.0,,0,0,0,40,60,0,0,0,0
2026-07-23T03:41:56.717Z,30.37,66.64,489.58,0,2,67,23.98,49.44,,957.838,0,0,27.07,47.72,423.98,0,0,37,26.9,50.49,476.44,0,2,66,26.76,51.29,419.08,0,1,26,25.21,51.17,423.55,0,0,28,,0.0,,0,0,0,,0.0,,0,0,0,,0.0,,0,0,0,40,60,0,0,0,0
2026-07-23T03:42:01.717Z,30.38,66.62,487.62,0,1,57,23.99,49.46,,957.838,0,0,27.07,47.77,422.28,0,0,27,26.9,50.53,474.2,0,1,49,26.53,51.73,417.58,0,1,25,25.17,51.28,423.0,0,0,32,,0.0,,0,0,0,,0.0,,0,0,0,,0.0,,0,0,0,40,60,0,0,0,0
2026-07-23T03:42:06.717Z,30.38,66.52,486.26,0,1,59,24.0,49.47,,957.767,0,0,27.06,47.83,422.45,0,0,35,26.89,50.56,474.38,0,1,59,26.31,52.18,416.92,0,1,29,25.14,51.39,422.7,0,0,33,,0.0,,0,0,0,,0.0,,0,0,0,,0.0,,0,0,0,40,60,0,0,0,0
2026-07-23T03:42:11.717Z,30.38,66.44,484.83,0,1,58,24.01,49.48,,957.798,0,0,27.06,47.88,422.51,0,0,34,26.88,50.6,473.94,0,1,57,26.08,52.65,416.03,0,1,27,25.1,51.51,422.13,0,0,31,,0.0,,0,0,0,,0.0,,0,0,0,,0.0,,0,0,0,40,60,0,0,0,0
2026-07-23T03:42:16.716Z,30.39,66.37,488.35,0,2,83,24.01,49.5,,957.798,0,0,27.05,47.93,422.66,0,0,34,26.87,50.63,474.45,0,1,61,25.88,53.07,415.62,0,1,29,25.06,51.62,421.92,0,0,32,,0.0,,0,0,0,,0.0,,0,0,0,,0.0,,0,0,0,40,60,0,0,0,0
2026-07-23T03:42:21.756Z,30.39,66.31,487.61,0,1,62,24.02,49.52,,957.771,0,0,27.05,47.98,420.39,0,0,22,26.86,50.69,474.8,0,1,61,25.67,53.5,414.06,0,1,21,25.03,51.73,420.82,0,0,29,,0.0,,0,0,0,,0.0,,0,0,0,,0.0,,0,0,0,40,60,0,0,0,0
2026-07-23T03:42:26.716Z,30.4,66.23,483.85,0,1,46,24.03,49.55,,957.771,0,0,27.05,48.03,419.75,0,0,30,26.84,50.74,473.92,0,1,54,25.47,53.94,413.66,0,1,28,24.99,51.85,419.74,0,0,28,,0.0,,0,0,0,,0.0,,0,0,0,,0.0,,0,0,0,40,60,0,0,0,0
2026-07-23T03:42:31.723Z,30.4,66.14,481.97,0,1,54,24.04,49.57,,957.814,0,0,27.05,48.08,418.78,0,0,28,26.83,50.79,473.13,0,1,54,25.27,54.38,412.29,0,1,19,24.95,51.98,419.67,0,0,32,,0.0,,0,0,0,,0.0,,0,0,0,,0.0,,0,0,0,40,60,0,0,0,0
2026-07-23T03:42:36.717Z,30.4,66.04,478.97,0,1,48,24.04,49.59,,957.778,0,0,27.04,48.12,419.2,0,0,34,26.81,50.84,472.52,0,1,55,25.07,54.82,411.56,0,1,26,24.91,52.11,417.8,0,0,24,,0.0,,0,0,0,,0.0,,0,0,0,,0.0,,0,0,0,40,60,0,0,0,0
2026-07-23T03:42:41.716Z,30.4,65.97,477.17,0,1,52,24.05,49.61,,957.778,0,0,27.03,48.17,419.48,0,0,34,26.79,50.9,474.47,0,2,68,24.87,55.26,411.4,0,1,28,24.87,52.24,416.12,0,0,24,,0.0,,0,0,0,,0.0,,0,0,0,,0.0,,0,0,0,40,60,0,0,0,0
2026-07-23T03:42:46.730Z,30.4,65.92,470.66,0,1,29,24.05,49.63,,957.814,0,0,27.03,48.22,418.93,0,0,30,26.77,50.97,475.12,0,1,62,24.68,55.7,410.66,0,1,25,24.83,52.37,415.51,0,0,28,,0.0,,0,0,0,,0.0,,0,0,0,,0.0,,0,0,0,40,60,0,0,0,0
2026-07-23T03:42:51.722Z,30.4,65.88,468.19,0,1,45,24.06,49.65,,957.723,0,0,27.02,48.26,418.54,0,0,30,26.75,51.03,473.31,0,1,50,24.49,56.14,412.9,0,1,38,24.78,52.51,414.86,0,0,28,,0.0,,0,0,0,,0.0,,0,0,0,,0.0,,0,0,0,40,60,0,0,0,0
2026-07-23T03:42:56.723Z,30.4,65.84,469.77,0,1,63,24.06,49.68,,957.774,0,0,27.02,48.31,418.18,0,0,30,26.72,51.1,470.48,0,1,44,24.3,56.59,413.11,0,1,31,24.74,52.64,413.47,0,0,24,,0.0,,0,0,0,,0.0,,0,0,0,,0.0,,0,0,0,40,60,0,0,0,0
2026-07-23T03:43:01.721Z,30.39,65.8,472.19,0,2,69,24.07,49.7,,957.766,0,0,27.01,48.36,416.77,0,0,25,26.7,51.18,469.93,0,1,54,24.13,56.98,413.9,0,1,33,24.7,52.76,414.13,0,0,33,,0.0,,0,0,0,,0.0,,0,0,0,,0.0,,0,0,0,40,60,0,0,0,0
2026-07-23T03:43:06.721Z,30.38,65.77,475.48,0,2,75,24.07,49.73,,957.766,0,0,27.0,48.41,417.99,0,0,37,26.67,51.25,472.54,0,2,70,23.96,57.41,415.11,0,1,35,24.66,52.89,412.81,0,0,24,,0.0,,0,0,0,,0.0,,0,0,0,,0.0,,0,0,0,40,60,0,0,0,0
2026-07-23T03:43:11.721Z,30.38,65.73,478.83,0,2,77,24.08,49.75,,957.774,0,0,27.0,48.46,416.99,0,0,27,26.65,51.31,472.48,0,1,58,23.79,57.84,415.6,0,1,33,24.62,53.03,412.73,0,0,29,,0.0,,0,0,0,,0.0,,0,0,0,,0.0,,0,0,0,40,60,0,0,0,0
2026-07-23T03:43:16.721Z,30.37,65.7,479.44,0,1,64,24.08,49.77,,957.766,0,0,26.99,48.51,418.49,0,0,38,26.63,51.38,472.83,0,1,60,23.62,58.26,416.94,0,1,37,24.57,53.17,412.56,0,0,29,,0.0,,0,0,0,,0.0,,0,0,0,,0.0,,0,0,0,40,60,0,0,0,0
2026-07-23T03:43:21.717Z,30.36,65.66,471.7,0,1,25,24.08,49.79,,957.759,0,0,26.98,48.55,418.74,0,0,33,26.6,51.46,471.35,0,1,51,23.46,58.69,417.44,0,1,33,24.53,53.31,411.7,0,0,25,,0.0,,0,0,0,,0.0,,0,0,0,,0.0,,0,0,0,40,60,0,0,0,0
2026-07-23T03:43:26.716Z,30.36,65.62,464.53,0,1,21,24.08,49.82,,957.695,0,0,26.98,48.6,417.27,0,0,26,26.56,51.54,471.02,0,1,56,23.29,59.11,417.8,0,1,33,24.49,53.43,410.53,0,0,24,,0.0,,0,0,0,,0.0,,0,0,0,,0.0,,0,0,0,40,60,0,0,0,0
2026-07-23T03:43:31.716Z,30.35,65.56,461.78,0,1,41,24.08,49.84,,957.695,0,0,26.98,48.63,415.54,0,0,17,26.53,51.62,470.81,0,1,56,23.14,59.5,418.12,0,1,33,24.45,53.56,409.68,0,0,25,,0.0,,0,0,0,,0.0,,0,0,0,,0.0,,0,0,0,40,60,0,0,0,0
2026-07-23T03:43:36.722Z,30.35,65.52,461.7,0,1,52,24.09,49.87,,957.751,0,0,26.97,48.68,413.99,0,0,22,26.5,51.7,469.63,0,1,51,23.0,59.89,418.91,0,1,35,24.41,53.69,409.21,0,0,26,,0.0,,0,0,0,,0.0,,0,0,0,,0.0,,0,0,0,40,60,0,0,0,0
2026-07-23T03:43:41.718Z,30.34,65.49,465.33,0,2,71,24.09,49.89,,957.763,0,0,26.96,48.72,412.59,0,0,21,26.47,51.78,468.57,0,1,51,22.85,60.27,420.72,0,1,41,24.37,53.83,408.39,0,0,24,,0.0,,0,0,0,,0.0,,0,0,0,,0.0,,0,0,0,40,60,0,0,0,0
2026-07-23T03:43:46.725Z,30.34,65.47,469.3,0,2,75,24.09,49.92,,957.771,0,0,26.95,48.76,415.63,0,0,43,26.44,51.86,469.01,0,1,58,22.71,60.66,421.74,0,1,38,24.32,53.96,408.45,0,0,28,,0.0,,0,0,0,,0.0,,0,0,0,,0.0,,0,0,0,40,60,0,0,0,0
2026-07-23T03:43:51.718Z,30.33,65.46,471.67,0,2,69,24.09,49.94,,957.747,0,0,26.95,48.8,417.27,0,0,38,26.4,51.95,468.61,0,1,54,22.57,61.05,421.77,0,1,34,24.28,54.1,408.31,0,0,27,,0.0,,0,0,0,,0.0,,0,0,0,,0.0,,0,0,0,40,60,0,0,0,0
2026-07-23T03:43:56.720Z,30.33,65.48,470.8,0,1,53,24.08,49.97,,957.755,0,0,26.95,48.85,420.14,0,0,45,26.37,52.04,467.85,0,1,52,22.43,61.43,421.89,0,1,34,24.24,54.23,407.48,0,0,22,,0.0,,0,0,0,,0.0,,0,0,0,,0.0,,0,0,0,40,60,0,0,0,0
2026-07-23T03:44:01.837Z,30.33,65.5,472.82,0,2,67,24.08,49.99,,957.755,0,0,26.94,48.89,423.93,0,0,51,26.34,52.12,464.86,0,1,41,22.31,61.78,421.0,0,1,30,24.21,54.35,408.43,0,0,31,,0.0,,0,0,0,,0.0,,0,0,0,,0.0,,0,0,0,40,60,0,0,0,0
2026-07-23T03:44:06.719Z,30.33,65.49,473.44,0,1,61,24.08,50.01,,957.731,0,0,26.94,48.93,422.53,0,0,28,26.31,52.2,463.18,0,1,45,22.19,62.12,421.3,0,1,34,24.17,54.47,407.68,0,0,24,,0.0,,0,0,0,,0.0,,0,0,0,,0.0,,0,0,0,40,60,0,0,0,0
2026-07-23T03:44:11.718Z,30.33,65.48,469.89,0,1,41,24.08,50.04,,957.739,0,0,26.94,48.96,425.68,0,0,49,26.27,52.29,462.56,0,1,50,22.07,62.46,421.07,0,1,32,24.14,54.59,406.92,0,0,23,,0.0,,0,0,0,,0.0,,0,0,0,,0.0,,0,0,0,40,60,0,0,0,0
2026-07-23T03:44:16.722Z,30.33,65.48,463.8,0,1,28,24.08,50.07,,957.767,0,0,26.94,48.99,425.51,0,0,34,26.24,52.38,461.55,0,1,45,21.95,62.8,421.97,0,1,37,24.11,54.7,406.62,0,0,25,,0.0,,0,0,0,,0.0,,0,0,0,,0.0,,0,0,0,40,60,0,0,0,0
2026-07-23T03:44:21.721Z,30.33,65.5,459.12,0,1,31,24.08,50.09,,957.779,0,0,26.93,49.03,427.76,0,0,46,26.21,52.47,460.2,0,1,46,21.83,63.14,423.17,0,1,39,24.07,54.82,407.16,0,0,29,,0.0,,0,0,0,,0.0,,0,0,0,,0.0,,0,0,0,40,60,0,0,0,0
2026-07-23T03:44:26.759Z,30.33,65.53,454.71,0,1,30,24.08,50.12,,957.771,0,0,26.93,49.06,428.58,0,0,40,26.17,52.56,460.58,0,1,54,21.71,63.48,422.75,0,1,32,24.03,54.94,406.45,0,0,19,,0.0,,0,0,0,,0.0,,0,0,0,,0.0,,0,0,0,40,60,0,0,0,0
2026-07-23T03:44:31.720Z,30.33,65.57,453.14,0,1,41,24.07,50.15,,957.727,0,0,26.92,49.1,432.43,0,0,55,26.14,52.64,460.62,0,1,52,21.59,63.81,423.18,0,1,36,24.0,55.06,406.4,0,0,26,,0.0,,0,0,0,,0.0,,0,0,0,,0.0,,0,0,0,40,60,0,0,0,0
2026-07-23T03:44:36.721Z,30.33,65.61,451.63,0,1,41,24.07,50.18,,957.767,0,0,26.92,49.13,435.08,0,0,51,26.11,52.73,460.56,0,1,52,21.47,64.14,423.36,0,1,35,23.96,55.17,405.76,0,0,21,,0.0,,0,0,0,,0.0,,0,0,0,,0.0,,0,0,0,40,60,0,0,0,0
2026-07-23T03:44:41.720Z,30.34,65.65,450.26,0,1,41,24.07,50.21,,957.676,0,0,26.93,49.16,438.38,0,0,55,26.07,52.83,460.4,0,1,51,21.37,64.46,424.72,0,1,40,23.93,55.29,407.49,0,0,34,,0.0,,0,0,0,,0.0,,0,0,0,,0.0,,0,0,0,40,60,0,0,0,0
2026-07-23T03:44:46.720Z,30.34,65.67,447.74,0,1,35,24.06,50.23,,957.676,0,0,26.93,49.19,440.74,0,0,52,26.04,52.91,462.06,0,1,60,21.27,64.74,424.85,0,1,35,23.9,55.39,406.74,0,0,23,,0.0,,0,0,0,,0.0,,0,0,0,,0.0,,0,0,0,40,60,0,0,0,0
2026-07-23T03:44:51.719Z,30.35,65.67,444.46,0,1,31,24.06,50.26,,957.66,0,0,26.92,49.21,437.96,0,0,30,26.0,52.99,461.06,0,1,48,21.17,65.03,423.87,0,1,30,23.87,55.5,407.96,0,0,32,,0.0,,0,0,0,,0.0,,0,0,0,,0.0,,0,0,0,40,60,0,0,0,0
2026-07-23T03:44:56.719Z,30.36,65.68,441.32,0,1,30,24.05,50.28,,957.728,0,0,26.92,49.23,436.57,0,0,34,25.97,53.08,462.65,0,1,60,21.07,65.29,424.58,0,1,38,23.84,55.6,407.17,0,0,23,,0.0,,0,0,0,,0.0,,0,0,0,,0.0,,0,0,0,40,60,0,0,0,0
2026-07-23T03:45:01.719Z,30.36,65.69,437.19,0,1,21,24.05,50.31,,957.728,0,0,26.91,49.25,436.11,0,0,38,25.94,53.16,462.89,0,1,54,20.98,65.54,425.32,0,1,38,23.81,55.7,407.55,0,0,28,,0.0,,0,0,0,,0.0,,0,0,0,,0.0,,0,0,0,40,60,0,0,0,0
2026-07-23T03:45:06.719Z,30.37,65.71,437.57,0,1,42,24.05,50.34,,957.728,0,0,26.91,49.27,437.7,0,0,48,25.91,53.23,463.5,0,1,56,20.89,65.78,425.09,0,1,34,23.78,55.8,406.8,0,0,24,,0.0,,0,0,0,,0.0,,0,0,0,,0.0,,0,0,0,40,60,0,0,0,0
2026-07-23T03:45:11.719Z,30.38,65.71,440.71,0,1,56,24.04,50.37,,957.724,0,0,26.91,49.3,437.03,0,0,38,25.88,53.31,463.85,0,1,55,20.8,66.03,424.58,0,1,33,23.75,55.91,406.12,0,0,23,,0.0,,0,0,0,,0.0,,0,0,0,,0.0,,0,0,0,40,60,0,0,0,0
2026-07-23T03:45:16.719Z,30.39,65.72,443.54,0,1,56,24.04,50.39,,957.724,0,0,26.91,49.32,436.43,0,0,38,25.84,53.39,464.16,0,1,55,20.71,66.26,424.12,0,1,33,23.72,56.01,405.5,0,0,23,,0.0,,0,0,0,,0.0,,0,0,0,,0.0,,0,0,0,40,60,0,0,0,0
2026-07-23T03:45:21.719Z,30.4,65.71,450.39,0,2,79,24.03,50.41,,957.724,0,0,26.91,49.33,435.88,0,0,38,25.82,53.46,464.45,0,1,55,20.63,66.47,423.71,0,1,33,23.69,56.11,404.95,0,0,23,,0.0,,0,0,0,,0.0,,0,0,0,,0.0,,0,0,0,40,60,0,0,0,0
2026-07-23T03:45:26.719Z,30.41,65.68,447.05,0,1,31,24.02,50.44,,957.705,0,0,26.91,49.35,433.6,0,0,30,25.79,53.52,458.1,0,1,24,20.57,66.65,421.34,0,1,23,23.67,56.19,404.46,0,0,23,,0.0,,0,0,0,,0.0,,0,0,0,,0.0,,0,0,0,40,60,0,0,0,0
2026-07-23T03:45:31.719Z,30.41,65.65,442.84,0,1,26,24.02,50.46,,957.705,0,0,26.91,49.37,430.24,0,0,22,25.76,53.59,454.39,0,1,33,20.49,66.88,420.61,0,1,30,23.65,56.27,404.01,0,0,23,,0.0,,0,0,0,,0.0,,0,0,0,,0.0,,0,0,0,40,60,0,0,0,0
2026-07-23T03:45:36.719Z,30.42,65.62,440.66,0,1,33,24.01,50.48,,957.697,0,0,26.9,49.38,429.21,0,0,33,25.73,53.66,450.05,0,1,29,20.41,67.11,421.24,0,1,36,23.62,56.36,403.61,0,0,23,,0.0,,0,0,0,,0.0,,0,0,0,,0.0,,0,0,0,40,60,0,0,0,0
2026-07-23T03:45:41.718Z,30.42,65.58,442.19,0,1,49,24.0,50.5,,957.681,0,0,26.9,49.39,426.29,0,0,22,25.71,53.73,447.65,0,1,35,20.33,67.35,419.12,0,1,21,23.58,56.44,403.25,0,0,23,,0.0,,0,0,0,,0.0,,0,0,0,,0.0,,0,0,0,40,60,0,0,0,0
2026-07-23T03:45:46.720Z,30.42,65.53,447.17,0,2,68,24.0,50.53,,957.677,0,0,26.89,49.4,424.96,0,0,30,25.67,53.8,446.08,0,1,38,20.25,67.61,418.51,0,1,29,23.55,56.54,402.93,0,0,23,,0.0,,0,0,0,,0.0,,0,0,0,,0.0,,0,0,0,40,60,0,0,0,0
2026-07-23T03:45:51.760Z,30.43,65.47,457.16,0,2,99,23.99,50.55,,957.76,0,0,26.88,49.42,425.87,0,0,39,25.64,53.88,441.67,0,1,24,20.17,67.86,418.66,0,1,32,23.51,56.64,402.63,0,0,23,,0.0,,0,0,0,,0.0,,0,0,0,,0.0,,0,0,0,40,60,0,0,0,0
2026-07-23T03:45:56.718Z,30.43,65.42,466.84,0,2,103,23.98,50.57,,957.78,0,0,26.88,49.44,426.48,0,0,38,25.61,53.97,439.21,0,1,31,20.1,68.12,420.79,0,1,42,23.47,56.74,402.37,0,0,23,,0.0,,0,0,0,,0.0,,0,0,0,,0.0,,0,0,0,40,60,0,0,0,0
2026-07-23T03:46:01.721Z,30.43,65.38,471.96,0,2,82,23.98,50.59,,957.78,0,0,26.87,49.45,426.53,0,0,36,25.58,54.05,436.99,0,1,65419,20.03,68.36,421.51,0,1,36,23.44,56.83,402.13,0,0,23,,0.0,,0,0,0,,0.0,,0,0,0,,0.0,,0,0,0,40,60,0,0,0,0
2026-07-23T03:46:06.719Z,30.43,65.33,464.76,0,1,23,23.97,50.61,,957.757,0,0,26.87,49.47,427.68,0,0,41,25.55,54.12,434.99,0,1,31,19.96,68.59,423.26,0,1,41,23.41,56.93,401.92,0,0,23,,0.0,,0,0,0,,0.0,,0,0,0,,0.0,,0,0,0,40,60,0,0,0,0
2026-07-23T03:46:11.720Z,30.43,65.28,462.38,0,1,42,23.96,50.64,,957.741,0,0,26.86,49.49,428.61,0,0,41,25.51,54.2,434.59,0,1,38,19.89,68.83,425.74,0,1,46,23.38,57.02,401.73,0,0,23,,0.0,,0,0,0,,0.0,,0,0,0,,0.0,,0,0,0,40,60,0,0,0,0
2026-07-23T03:46:16.717Z,30.43,65.23,468.35,0,2,84,23.95,50.66,,957.753,0,0,26.85,49.52,428.55,0,0,36,25.48,54.28,436.23,0,1,47,19.82,69.07,429.16,0,1,52,23.34,57.11,401.55,0,0,23,,0.0,,0,0,0,,0.0,,0,0,0,,0.0,,0,0,0,40,60,0,0,0,0
2026-07-23T03:46:21.721Z,30.44,65.18,477.31,0,2,105,23.95,50.69,,957.717,0,0,26.84,49.54,430.69,0,0,47,25.45,54.36,435.81,0,1,38,19.76,69.29,433.15,0,1,56,23.31,57.19,401.4,0,0,23,,0.0,,0,0,0,,0.0,,0,0,0,,0.0,,0,0,0,40,60,0,0,0,0
2026-07-23T03:46:26.718Z,30.44,65.16,490.38,0,2,137,23.94,50.73,,957.721,0,0,26.84,49.57,433.03,0,1,49,25.42,54.43,434.63,0,1,34,19.69,69.53,435.93,0,1,52,23.27,57.28,401.26,0,0,23,,0.0,,0,0,0,,0.0,,0,0,0,,0.0,,0,0,0,40,60,0,0,0,0
2026-07-23T03:46:31.719Z,30.45,65.14,503.34,0,2,145,23.93,50.75,,957.721,0,0,26.84,49.59,438.12,0,1,64,25.4,54.49,432.96,0,1,32,19.63,69.75,437.94,0,1,49,23.24,57.37,401.13,0,0,23,,0.0,,0,0,0,,0.0,,0,0,0,,0.0,,0,0,0,40,60,0,0,0,0
2026-07-23T03:46:36.718Z,30.45,65.18,518.61,0,2,171,23.92,50.78,,957.797,0,0,26.84,49.61,440.61,0,1,53,25.37,54.55,432.17,0,1,35,19.57,69.97,441.24,0,1,57,23.22,57.46,401.02,0,0,23,,0.0,,0,0,0,,0.0,,0,0,0,,0.0,,0,0,0,40,60,0,0,0,0
2026-07-23T03:46:41.760Z,30.45,65.23,527.95,0,2,140,23.92,50.81,,957.737,0,0,26.83,49.63,441.15,0,1,45,25.34,54.63,431.35,0,1,35,19.51,70.19,443.92,0,1,56,23.19,57.55,400.92,0,0,23,,0.0,,0,0,0,,0.0,,0,0,0,,0.0,,0,0,0,40,60,0,0,0,0
2026-07-23T03:46:46.718Z,30.45,65.29,534.65,0,2,128,23.91,50.84,,957.757,0,0,26.83,49.65,443.83,0,1,56,25.31,54.72,428.92,0,1,27,19.45,70.41,445.23,0,1,50,23.17,57.65,400.83,0,0,23,,0.0,,0,0,0,,0.0,,0,0,0,,0.0,,0,0,0,40,60,0,0,0,0
2026-07-23T03:46:51.717Z,30.46,65.32,540.59,0,2,128,23.9,50.87,,957.773,0,0,26.82,49.67,447.15,0,1,60,25.27,54.8,428.72,0,1,36,19.39,70.61,445.1,0,1,44,23.14,57.73,400.74,0,0,23,,0.0,,0,0,0,,0.0,,0,0,0,,0.0,,0,0,0,40,60,0,0,0,0
2026-07-23T03:46:56.717Z,30.46,65.36,541.83,0,2,102,23.89,50.91,,957.73,0,0,26.82,49.69,450.14,0,1,60,25.24,54.88,428.55,0,1,36,19.34,70.83,446.89,0,1,53,23.12,57.81,400.67,0,0,23,,0.0,,0,0,0,,0.0,,0,0,0,,0.0,,0,0,0,40,60,0,0,0,0
2026-07-23T03:47:01.716Z,30.47,65.37,532.95,0,1,48,23.88,50.94,,957.73,0,0,26.81,49.71,451.42,0,1,53,25.21,54.96,427.9,0,1,34,19.29,71.03,446.1,0,1,42,23.1,57.88,400.6,0,0,23,,0.0,,0,0,0,,0.0,,0,0,0,,0.0,,0,0,0,40,60,0,0,0,0
2026-07-23T03:47:06.718Z,30.47,65.38,524.55,0,1,46,23.87,50.97,,957.742,0,0,26.81,49.73,451.48,0,1,47,25.18,55.03,426.81,0,1,31,19.24,71.23,446.09,0,1,45,23.08,57.96,400.54,0,0,23,,0.0,,0,0,0,,0.0,,0,0,0,,0.0,,0,0,0,40,60,0,0,0,0
2026-07-23T03:47:11.718Z,30.47,65.39,517.5,0,1,49,23.86,51.0,,957.742,0,0,26.8,49.75,451.23,0,1,46,25.14,55.12,427.73,0,1,40,19.19,71.43,444.69,0,1,38,23.05,58.04,400.49,0,0,23,,0.0,,0,0,0,,0.0,,0,0,0,,0.0,,0,0,0,40,60,0,0,0,0
2026-07-23T03:47:16.717Z,30.47,65.37,511.65,0,1,51,23.85,51.04,,957.738,0,0,26.8,49.77,452.71,0,1,55,25.11,55.2,429.15,0,1,43,19.13,71.63,442.72,0,1,35,23.04,58.12,400.44,0,0,23,,0.0,,0,0,0,,0.0,,0,0,0,,0.0,,0,0,0,40,60,0,0,0,0
2026-07-23T03:47:21.718Z,30.47,65.36,507.28,0,1,55,23.84,51.07,,957.805,0,0,26.79,49.8,453.94,0,1,54,25.08,55.28,428.64,0,1,35,19.08,71.82,441.34,0,1,37,23.02,58.2,400.4,0,0,23,,0.0,,0,0,0,,0.0,,0,0,0,,0.0,,0,0,0,40,60,0,0,0,0
2026-07-23T03:47:26.716Z,30.47,65.35,498.85,0,1,34,23.83,51.1,,957.671,0,0,26.78,49.82,454.34,0,1,50,25.06,55.36,428.87,0,1,38,19.03,72.01,439.31,0,1,33,23.0,58.27,400.36,0,0,23,,0.0,,0,0,0,,0.0,,0,0,0,,0.0,,0,0,0,40,60,0,0,0,0
2026-07-23T03:47:31.717Z,30.46,65.36,489.87,0,1,28,23.82,51.13,,957.671,0,0,26.77,49.84,455.11,0,1,53,25.03,55.43,428.99,0,1,37,18.99,72.18,439.48,0,1,43,22.99,58.34,400.32,0,0,23,,0.0,,0,0,0,,0.0,,0,0,0,,0.0,,0,0,0,40,60,0,0,0,0
2026-07-23T03:47:36.717Z,30.46,65.38,483.08,0,1,33,23.81,51.17,,957.735,0,0,26.76,49.87,452.7,0,1,38,25.0,55.52,429.99,0,1,42,18.94,72.37,438.33,0,1,36,22.97,58.41,400.29,0,0,23,,0.0,,0,0,0,,0.0,,0,0,0,,0.0,,0,0,0,40,60,0,0,0,0
2026-07-23T03:47:41.716Z,30.46,65.41,479.47,0,1,45,23.8,51.21,,957.735,0,0,26.75,49.89,450.33,0,1,37,24.97,55.61,430.09,0,1,38,18.9,72.56,437.4,0,1,37,22.95,58.47,400.26,0,0,23,,0.0,,0,0,0,,0.0,,0,0,0,,0.0,,0,0,0,40,60,0,0,0,0
2026-07-23T03:47:46.788Z,30.47,65.46,479.43,0,1,61,23.79,51.24,,957.727,0,0,26.74,49.92,450.2,0,1,46,24.94,55.69,429.38,0,1,34,18.86,72.76,435.26,0,1,31,22.92,58.55,400.23,0,0,23,,0.0,,0,0,0,,0.0,,0,0,0,,0.0,,0,0,0,40,60,0,0,0,0
2026-07-23T03:47:51.716Z,30.47,65.5,477.48,0,1,52,23.78,51.28,,957.751,0,0,26.73,49.95,446.68,0,1,30,24.9,55.77,443.04,0,2,110,18.82,72.94,432.93,0,1,29,22.9,58.63,400.21,0,0,23,,0.0,,0,0,0,,0.0,,0,0,0,,0.0,,0,0,0,40,60,0,0,0,0
2026-07-23T03:47:56.716Z,30.48,65.53,480.64,0,2,77,23.77,51.31,,957.664,0,0,26.72,49.98,445.11,0,1,38,24.87,55.86,456.64,0,2,119,18.77,73.11,432.74,0,1,38,22.88,58.7,400.19,0,0,23,,0.0,,0,0,0,,0.0,,0,0,0,,0.0,,0,0,0,40,60,0,0,0,0
2026-07-23T03:48:01.722Z,30.48,65.56,485.77,0,2,90,23.76,51.34,,957.664,0,0,26.71,50.01,443.7,0,1,38,24.84,55.93,468.87,0,2,119,18.74,73.27,432.57,0,1,38,22.87,58.76,400.17,0,0,23,,0.0,,0,0,0,,0.0,,0,0,0,,0.0,,0,0,0,40,60,0,0,0,0
2026-07-23T03:48:06.716Z,30.49,65.57,488.49,0,2,79,23.75,51.38,,957.719,0,0,26.69,50.04,445.93,0,1,54,24.81,56.0,479.89,0,2,119,18.7,73.43,431.51,0,1,33,22.85,58.83,400.15,0,0,23,,0.0,,0,0,0,,0.0,,0,0,0,,0.0,,0,0,0,40,60,0,0,0,0
2026-07-23T03:48:11.722Z,30.49,65.54,495.54,0,2,106,23.74,51.41,,957.719,0,0,26.68,50.07,447.94,0,1,54,24.79,56.07,489.8,0,2,119,18.67,73.57,430.56,0,1,33,22.83,58.89,400.14,0,0,23,,0.0,,0,0,0,,0.0,,0,0,0,,0.0,,0,0,0,40,60,0,0,0,0
2026-07-23T03:48:16.717Z,30.5,65.5,510.39,0,2,162,23.73,51.44,,957.739,0,0,26.67,50.1,446.44,0,1,39,24.76,56.16,498.97,0,2,111,18.63,73.73,432.7,0,1,47,22.81,58.95,400.12,0,0,23,,0.0,,0,0,0,,0.0,,0,0,0,,0.0,,0,0,0,40,60,0,0,0,0
2026-07-23T03:48:21.722Z,30.5,65.5,519.35,0,2,132,23.72,51.48,,957.688,0,0,26.67,50.14,445.9,0,1,42,24.73,56.24,507.47,0,2,121,18.59,73.88,432.73,0,1,39,22.79,59.02,400.11,0,0,23,,0.0,,0,0,0,,0.0,,0,0,0,,0.0,,0,0,0,40,60,0,0,0,0
2026-07-23T03:48:26.723Z,30.51,65.51,528.52,0,2,139,23.71,51.52,,957.728,0,0,26.66,50.17,447.91,0,1,54,24.71,56.32,513.32,0,2,110,18.56,74.03,434.16,0,1,45,22.77,59.09,400.1,0,0,23,,0.0,,0,0,0,,0.0,,0,0,0,,0.0,,0,0,0,40,60,0,0,0,0
2026-07-23T03:48:31.722Z,30.51,65.48,537.66,0,2,145,23.7,51.56,,957.684,0,0,26.65,50.2,447.82,0,1,45,24.68,56.4,517.49,0,2,103,18.53,74.18,434.64,0,1,41,22.74,59.17,400.09,0,0,23,,0.0,,0,0,0,,0.0,,0,0,0,,0.0,,0,0,0,40,60,0,0,0,0
2026-07-23T03:48:36.722Z,30.52,65.43,542.7,0,2,124,23.68,51.61,,957.708,0,0,26.64,50.23,445.94,0,1,37,24.65,56.47,511.84,0,1,52,18.49,74.31,432.68,0,1,30,22.72,59.25,400.08,0,0,23,,0.0,,0,0,0,,0.0,,0,0,0,,0.0,,0,0,0,40,60,0,0,0,0
2026-07-23T03:48:41.722Z,30.52,65.36,545.93,0,2,115,23.67,51.65,,957.756,0,0,26.63,50.27,445.74,0,1,44,24.62,56.55,509.06,0,1,64,18.46,74.44,431.61,0,1,33,22.7,59.32,400.07,0,0,23,,0.0,,0,0,0,,0.0,,0,0,0,,0.0,,0,0,0,40,60,0,0,0,0
2026-07-23T03:48:46.723Z,30.52,65.26,548.64,0,2,115,23.66,51.69,,957.704,0,0,26.63,50.31,445.07,0,1,41,24.59,56.63,503.25,0,1,47,18.42,74.57,431.25,0,1,36,22.68,59.4,400.07,0,0,23,,0.0,,0,0,0,,0.0,,0,0,0,,0.0,,0,0,0,40,60,0,0,0,0
2026-07-23T03:48:51.721Z,30.52,65.18,550.47,0,2,111,23.65,51.73,,957.704,0,0,26.63,50.34,445.56,0,1,46,24.57,56.69,502.03,0,2,67,18.39,74.68,429.12,0,1,28,22.66,59.47,400.06,0,0,23,,0.0,,0,0,0,,0.0,,0,0,0,,0.0,,0,0,0,40,60,0,0,0,0
2026-07-23T03:48:56.721Z,30.52,65.16,548.32,0,2,88,23.64,51.77,,957.701,0,0,26.62,50.36,444.0,0,1,37,24.54,56.76,500.32,0,1,64,18.36,74.8,427.91,0,1,31,22.64,59.53,400.05,0,0,23,,0.0,,0,0,0,,0.0,,0,0,0,,0.0,,0,0,0,40,60,0,0,0,0
2026-07-23T03:49:01.721Z,30.52,65.11,542.39,0,2,67,23.63,51.81,,957.728,0,0,26.61,50.39,444.1,0,1,44,24.52,56.83,497.89,0,1,59,18.33,74.91,427.02,0,1,32,22.62,59.6,400.05,0,0,23,,0.0,,0,0,0,,0.0,,0,0,0,,0.0,,0,0,0,40,60,0,0,0,0
2026-07-23T03:49:06.722Z,30.52,65.04,536.05,0,1,61,23.62,51.84,,957.728,0,0,26.6,50.41,444.19,0,1,44,24.49,56.9,495.7,0,1,59,18.3,75.0,426.22,0,1,32,22.59,59.65,400.04,0,0,23,,0.0,,0,0,0,,0.0,,0,0,0,,0.0,,0,0,0,40,60,0,0,0,0
2026-07-23T03:49:11.721Z,30.52,64.99,526.65,0,1,43,23.61,51.88,,957.701,0,0,26.59,50.44,444.07,0,1,43,24.47,56.97,492.73,0,1,54,18.27,75.11,426.1,0,1,35,22.58,59.72,400.04,0,0,23,,0.0,,0,0,0,,0.0,,0,0,0,,0.0,,0,0,0,40,60,0,0,0,0
2026-07-23T03:49:16.723Z,30.51,64.98,518.28,0,1,43,23.59,51.92,,957.74,0,0,26.57,50.47,440.87,0,1,29,24.44,57.03,492.36,0,2,66,18.24,75.21,423.79,0,1,25,22.56,59.78,400.04,0,0,23,,0.0,,0,0,0,,0.0,,0,0,0,,0.0,,0,0,0,40,60,0,0,0,0
2026-07-23T03:49:21.721Z,30.51,64.99,512.45,0,1,52,23.58,51.95,,957.681,0,0,26.56,50.5,440.18,0,1,39,24.42,57.09,490.62,0,1,59,18.21,75.3,422.91,0,1,30,22.55,59.83,400.03,0,0,23,,0.0,,0,0,0,,0.0,,0,0,0,,0.0,,0,0,0,40,60,0,0,0,0
2026-07-23T03:49:26.722Z,30.51,65.01,505.81,0,1,45,23.57,52.0,,957.729,0,0,26.55,50.53,439.56,0,1,39,24.4,57.16,492.46,0,2,77,18.18,75.41,421.02,0,1,25,22.52,59.91,400.03,0,0,23,,0.0,,0,0,0,,0.0,,0,0,0,,0.0,,0,0,0,40,60,0,0,0,0
2026-07-23T03:49:31.721Z,30.51,65.03,499.93,0,1,45,23.56,52.05,,957.729,0,0,26.54,50.56,439.81,0,1,43,24.37,57.22,488.51,0,1,48,18.16,75.52,418.92,0,1,23,22.5,59.98,400.03,0,0,23,,0.0,,0,0,0,,0.0,,0,0,0,,0.0,,0,0,0,40,60,0,0,0,0
2026-07-23T03:49:36.721Z,30.51,65.04,497.14,0,1,57,23.55,52.09,,957.677,0,0,26.53,50.58,437.73,0,1,32,24.35,57.29,487.46,0,1,60,18.13,75.62,420.62,0,1,40,22.48,60.05,400.02,0,0,23,,0.0,,0,0,0,,0.0,,0,0,0,,0.0,,0,0,0,40,60,0,0,0,0
2026-07-23T03:49:41.721Z,30.51,65.05,499.62,0,2,84,23.54,52.11,,957.709,0,0,26.52,50.61,438.35,0,1,44,24.37,57.35,484.22,0,1,49,18.11,75.72,420.66,0,1,33,22.46,60.12,400.02,0,0,23,,0.0,,0,0,0,,0.0,,0,0,0,,0.0,,0,0,0,40,60,0,0,0,0
2026-07-23T03:49:46.721Z,30.51,65.04,500.56,0,2,77,23.52,52.15,,957.784,0,0,26.51,50.64,439.42,0,1,46,24.4,57.4,483.3,0,1,59,18.08,75.82,420.1,0,1,30,22.45,60.18,400.02,0,0,23,,0.0,,0,0,0,,0.0,,0,0,0,,0.0,,0,0,0,40,60,0,0,0,0
2026-07-23T03:49:51.721Z,30.51,64.99,502.6,0,2,84,23.51,52.18,,957.698,0,0,26.5,50.67,442.28,0,1,56,24.36,57.47,482.37,0,1,58,18.06,75.92,419.19,0,1,29,22.43,60.23,400.02,0,0,23,,0.0,,0,0,0,,0.0,,0,0,0,,0.0,,0,0,0,40,60,0,0,0,0
2026-07-23T03:49:56.721Z,30.52,64.91,503.64,0,2,79,23.5,52.22,,957.638,0,0,26.49,50.7,445.85,0,1,61,24.33,57.53,482.33,0,1,62,18.04,76.01,418.07,0,1,27,22.42,60.29,400.02,0,0,23,,0.0,,0,0,0,,0.0,,0,0,0,,0.0,,0,0,0,40,60,0,0,0,0
2026-07-23T03:50:01.720Z,30.52,64.84,503.88,0,2,75,23.49,52.25,,957.733,0,0,26.48,50.72,446.46,0,1,47,24.3,57.6,482.1,0,1,62,18.01,76.1,416.66,0,1,25,22.4,60.34,400.01,0,0,23,,0.0,,0,0,0,,0.0,,0,0,0,,0.0,,0,0,0,40,60,0,0,0,0
2026-07-23T03:50:06.721Z,30.52,64.77,500.99,0,1,59,23.48,52.28,,957.733,0,0,26.48,50.74,445.72,0,1,41,24.27,57.66,480.99,0,1,57,17.99,76.18,414.99,0,1,22,22.39,60.39,400.01,0,0,23,,0.0,,0,0,0,,0.0,,0,0,0,,0.0,,0,0,0,40,60,0,0,0,0
2026-07-23T03:50:11.721Z,30.52,64.7,493.79,0,1,37,23.46,52.31,,957.71,0,0,26.47,50.77,446.55,0,1,49,24.24,57.72,480.59,0,1,60,17.97,76.26,413.5,0,1,24,22.38,60.43,400.01,0,0,23,,0.0,,0,0,0,,0.0,,0,0,0,,0.0,,0,0,0,40,60,0,0,0,0
2026-07-23T03:50:16.719Z,30.51,64.64,491.61,0,1,57,23.45,52.34,,957.71,0,0,26.46,50.79,443.49,0,1,31,24.22,57.78,477.73,0,1,48,17.95,76.34,413.85,0,1,31,22.36,60.48,400.01,0,0,23,,0.0,,0,0,0,,0.0,,0,0,0,,0.0,,0,0,0,40,60,0,0,0,0
2026-07-23T03:50:21.720Z,30.5,64.61,486.65,0,1,43,23.44,52.37,,957.722,0,0,26.45,50.81,443.44,0,1,43,24.2,57.84,475.96,0,1,52,17.93,76.42,413.66,0,1,29,22.34,60.53,400.01,0,0,23,,0.0,,0,0,0,,0.0,,0,0,0,,0.0,,0,0,0,40,60,0,0,0,0
2026-07-23T03:50:26.719Z,30.49,64.61,481.19,0,1,38,23.43,52.4,,957.718,0,0,26.44,50.84,441.9,0,1,36,24.17,57.9,475.26,0,1,56,17.9,76.49,414.3,0,1,33,22.32,60.58,400.01,0,0,23,,0.0,,0,0,0,,0.0,,0,0,0,,0.0,,0,0,0,40,60,0,0,0,0
2026-07-23T03:50:31.720Z,30.49,64.64,476.57,0,1,40,23.42,52.44,,957.627,0,0,26.43,50.86,439.01,0,1,29,24.15,57.96,474.23,0,1,54,17.87,76.57,415.47,0,1,35,22.31,60.64,400.01,0,0,23,,0.0,,0,0,0,,0.0,,0,0,0,,0.0,,0,0,0,40,60,0,0,0,0
2026-07-23T03:50:36.720Z,30.48,64.66,472.11,0,1,38,23.41,52.47,,957.627,0,0,26.42,50.88,438.01,0,1,37,24.12,58.01,475.16,0,1,0,17.85,76.64,414.22,0,1,25,22.29,60.69,400.01,0,0,23,,0.0,,0,0,0,,0.0,,0,0,0,,0.0,,0,0,0,40,60,0,0,0,0
2026-07-23T03:50:41.720Z,30.48,64.68,467.9,0,1,37,23.39,52.5,,957.754,0,0,26.41,50.9,435.51,0,1,30,24.1,58.06,477.85,0,2,73,17.83,76.71,413.2,0,1,25,22.28,60.74,400.01,0,0,23,,0.0,,0,0,0,,0.0,,0,0,0,,0.0,,0,0,0,40,60,0,0,0,0
2026-07-23T03:50:46.721Z,30.47,64.71,467.71,0,1,55,23.38,52.54,,957.702,0,0,26.4,50.93,437.06,0,1,47,24.08,58.11,477.96,0,1,61,17.8,76.78,411.88,0,1,19,22.27,60.78,400.01,0,0,23,,0.0,,0,0,0,,0.0,,0,0,0,,0.0,,0,0,0,40,60,0,0,0,0
2026-07-23T03:50:51.787Z,30.46,64.76,470.84,0,2,72,23.37,52.57,,957.671,0,0,26.38,50.95,436.25,0,1,37,24.06,58.16,478.96,0,2,66,17.78,76.85,411.79,0,1,29,22.26,60.82,400.0,0,0,23,,0.0,,0,0,0,,0.0,,0,0,0,,0.0,,0,0,0,40,60,0,0,0,0
2026-07-23T03:50:56.720Z,30.45,64.8,475.86,0,2,83,23.36,52.61,,957.738,0,0,26.37,50.98,434.53,0,1,32,24.04,58.21,480.97,0,2,72,17.76,76.93,413.81,0,1,38,22.24,60.86,400.0,0,0,23,,0.0,,0,0,0,,0.0,,0,0,0,,0.0,,0,0,0,40,60,0,0,0,0
2026-07-23T03:51:01.720Z,30.44,64.86,484.57,0,2,108,23.35,52.64,,957.639,0,0,26.35,51.0,433.87,0,1,36,24.02,58.26,481.07,0,1,63,17.74,77.01,414.43,0,1,33,22.21,60.92,400.0,0,0,23,,0.0,,0,0,0,,0.0,,0,0,0,,0.0,,0,0,0,40,60,0,0,0,0
2026-07-23T03:51:06.720Z,30.43,64.92,486.61,0,2,75,23.34,52.66,,957.639,0,0,26.33,51.02,432.29,0,1,32,24.0,58.3,482.76,0,2,71,17.72,77.08,415.09,0,1,33,22.19,60.97,400.0,0,0,23,,0.0,,0,0,0,,0.0,,0,0,0,,0.0,,0,0,0,40,60,0,0,0,0
2026-07-23T03:51:11.719Z,30.43,64.97,489.15,0,2,79,23.33,52.7,,957.663,0,0,26.32,51.05,432.96,0,1,41,23.98,58.35,485.09,0,2,76,17.7,77.15,415.88,0,1,34,22.18,61.02,400.0,0,0,23,,0.0,,0,0,0,,0.0,,0,0,0,,0.0,,0,0,0,40,60,0,0,0,0
2026-07-23T03:51:16.719Z,30.42,65.01,488.64,0,1,64,23.32,52.73,,957.663,0,0,26.31,51.08,431.56,0,1,32,23.97,58.4,487.38,0,2,76,17.69,77.22,416.09,0,1,32,22.16,61.07,400.0,0,0,23,,0.0,,0,0,0,,0.0,,0,0,0,,0.0,,0,0,0,40,60,0,0,0,0
2026-07-23T03:51:21.719Z,30.41,65.08,489.87,0,2,72,23.31,52.76,,957.687,0,0,26.29,51.11,431.41,0,1,37,23.95,58.44,487.94,0,2,69,17.67,77.29,415.38,0,1,28,22.15,61.12,400.0,0,0,23,,0.0,,0,0,0,,0.0,,0,0,0,,0.0,,0,0,0,40,60,0,0,0,0
2026-07-23T03:51:26.718Z,30.41,65.09,490.99,0,2,73,23.29,52.79,,957.679,0,0,26.28,51.15,429.16,0,1,28,23.93,58.48,486.95,0,1,61,17.66,77.35,416.34,0,1,35,22.14,61.17,400.0,0,0,23,,0.0,,0,0,0,,0.0,,0,0,0,,0.0,,0,0,0,40,60,0,0,0,0
2026-07-23T03:51:31.718Z,30.4,65.09,496.39,0,2,97,23.28,52.83,,957.683,0,0,26.27,51.18,427.35,0,1,28,23.91,58.53,485.85,0,1,60,17.64,77.41,418.61,0,1,41,22.13,61.21,400.0,0,0,23,,0.0,,0,0,0,,0.0,,0,0,0,,0.0,,0,0,0,40,60,0,0,0,0
2026-07-23T03:51:36.719Z,30.4,65.1,499.35,0,2,87,23.27,52.86,,957.683,0,0,26.25,51.21,425.91,0,1,29,23.89,58.57,485.17,0,1,61,17.63,77.47,419.35,0,1,35,22.12,61.24,400.0,0,0,23,,0.0,,0,0,0,,0.0,,0,0,0,,0.0,,0,0,0,40,60,0,0,0,0
2026-07-23T03:51:41.718Z,30.4,65.13,492.11,0,1,36,23.26,52.89,,957.68,0,0,26.24,51.24,426.42,0,1,37,23.88,58.61,484.35,0,1,60,17.62,77.52,419.91,0,1,35,22.11,61.28,400.0,0,0,23,,0.0,,0,0,0,,0.0,,0,0,0,,0.0,,0,0,0,40,60,0,0,0,0
2026-07-23T03:51:46.718Z,30.4,65.19,489.3,0,1,53,23.25,52.92,,957.691,0,0,26.22,51.27,423.78,0,1,19,23.86,58.65,484.92,0,2,67,17.61,77.56,420.02,0,1,33,22.09,61.32,400.0,0,0,23,,0.0,,0,0,0,,0.0,,0,0,0,,0.0,,0,0,0,40,60,0,0,0,0
2026-07-23T03:51:51.718Z,30.4,65.26,483.57,0,1,38,23.24,52.95,,957.751,0,0,26.21,51.3,421.4,0,1,23,23.84,58.69,484.52,0,1,62,17.59,77.6,418.22,0,1,25,22.08,61.35,400.0,0,0,23,,0.0,,0,0,0,,0.0,,0,0,0,,0.0,,0,0,0,40,60,0,0,0,0
2026-07-23T03:51:56.718Z,30.4,65.32,479.51,0,1,43,23.23,52.98,,957.771,0,0,26.2,51.33,421.06,0,1,32,23.83,58.74,484.37,0,1,63,17.58,77.64,417.5,0,1,29,22.07,61.39,400.0,0,0,23,,0.0,,0,0,0,,0.0,,0,0,0,,0.0,,0,0,0,40,60,0,0,0,0
2026-07-23T03:52:01.719Z,30.41,65.37,473.46,0,1,32,23.22,53.01,,957.676,0,0,26.18,51.37,419.86,0,1,28,23.81,58.78,484.13,0,1,0,17.56,77.68,417.75,0,1,32,22.06,61.42,400.0,0,0,23,,0.0,,0,0,0,,0.0,,0,0,0,,0.0,,0,0,0,40,60,0,0,0,0
2026-07-23T03:52:06.719Z,30.41,65.41,471.52,0,1,49,23.21,53.03,,957.676,0,0,26.17,51.4,419.87,0,1,33,23.8,58.81,483.82,0,1,62,17.55,77.71,418.87,0,1,37,22.06,61.45,400.0,0,0,23,,0.0,,0,0,0,,0.0,,0,0,0,,0.0,,0,0,0,40,60,0,0,0,0
2026-07-23T03:52:11.718Z,30.42,65.46,478.17,0,2,93,23.2,53.06,,957.668,0,0,26.16,51.43,419.98,0,1,33,23.78,58.84,483.54,0,1,62,17.54,77.73,418.19,0,1,29,22.04,61.48,400.0,0,0,23,,0.0,,0,0,0,,0.0,,0,0,0,,0.0,,0,0,0,40,60,0,0,0,0
2026-07-23T03:52:16.718Z,30.43,65.54,488.35,0,2,119,23.18,53.09,,957.775,0,0,26.15,51.46,418.28,0,1,25,23.77,58.88,483.98,0,2,66,17.52,77.76,419.07,0,1,36,22.04,61.5,400.0,0,0,23,,0.0,,0,0,0,,0.0,,0,0,0,,0.0,,0,0,0,40,60,0,0,0,0
2026-07-23T03:52:21.749Z,30.44,65.62,501.31,0,2,144,23.17,53.11,,957.621,0,0,26.14,51.48,421.56,0,1,47,23.76,58.91,484.59,0,2,67,17.51,77.79,418.66,0,1,30,22.03,61.53,400.0,0,0,23,,0.0,,0,0,0,,0.0,,0,0,0,,0.0,,0,0,0,40,60,0,0,0,0
2026-07-23T03:52:26.718Z,30.44,65.7,512.98,0,2,144,23.16,53.14,,957.716,0,0,26.13,51.51,422.0,0,1,35,23.74,58.94,487.33,0,2,79,17.49,77.81,420.69,0,1,41,22.01,61.55,400.0,0,0,23,,0.0,,0,0,0,,0.0,,0,0,0,,0.0,,0,0,0,40,60,0,0,0,0
2026-07-23T03:52:31.719Z,30.45,65.8,524.68,0,2,152,23.15,53.16,,957.684,0,0,26.13,51.52,424.4,0,1,45,23.73,58.96,487.09,0,1,64,17.47,77.83,421.72,0,1,38,22.0,61.58,400.0,0,0,23,,0.0,,0,0,0,,0.0,,0,0,0,,0.0,,0,0,0,40,60,0,0,0,0
2026-07-23T03:52:36.718Z,30.45,65.89,530.72,0,2,122,23.14,53.18,,957.684,0,0,26.12,51.54,425.96,0,1,42,23.72,58.99,488.59,0,2,73,17.46,77.84,423.25,0,1,40,21.99,61.6,400.0,0,0,23,,0.0,,0,0,0,,0.0,,0,0,0,,0.0,,0,0,0,40,60,0,0,0,0
2026-07-23T03:52:41.718Z,30.46,65.94,540.54,0,2,151,23.13,53.2,,957.752,0,0,26.12,51.55,425.76,0,1,34,23.71,59.01,488.83,0,2,67,17.44,77.85,430.63,0,2,71,21.98,61.63,400.0,0,0,23,,0.0,,0,0,0,,0.0,,0,0,0,,0.0,,0,0,0,40,60,0,0,0,0
2026-07-23T03:52:46.716Z,30.46,65.99,553.99,0,2,185,23.12,53.23,,957.692,0,0,26.12,51.56,426.19,0,1,37,23.69,59.03,492.04,0,2,84,17.43,77.85,441.86,0,2,96,21.97,61.65,400.0,0,0,23,,0.0,,0,0,0,,0.0,,0,0,0,,0.0,,0,0,0,40,60,0,0,0,0
2026-07-23T03:52:51.718Z,30.47,65.98,576.49,0,3,276,23.11,53.25,,957.692,0,0,26.12,51.57,427.87,0,1,43,23.68,59.06,494.24,0,2,80,17.41,77.86,452.48,0,2,99,21.96,61.68,400.0,0,0,23,,0.0,,0,0,0,,0.0,,0,0,0,,0.0,,0,0,0,40,60,0,0,0,0
2026-07-23T03:52:56.718Z,30.47,65.94,591.54,0,3,228,23.09,53.27,,957.653,0,0,26.12,51.57,428.18,0,1,38,23.66,59.08,495.12,0,2,74,17.39,77.87,461.93,0,2,99,21.94,61.7,400.0,0,0,23,,0.0,,0,0,0,,0.0,,0,0,0,,0.0,,0,0,0,40,60,0,0,0,0
2026-07-23T03:53:01.716Z,30.47,65.88,612.19,0,3,294,23.08,53.29,,957.653,0,0,26.11,51.58,430.86,0,1,49,23.65,59.09,494.7,0,2,67,17.38,77.88,463.04,0,1,58,21.92,61.72,400.0,0,0,23,,0.0,,0,0,0,,0.0,,0,0,0,,0.0,,0,0,0,40,60,0,0,0,0
2026-07-23T03:53:06.718Z,30.48,65.87,627.47,0,3,263,23.07,53.31,,957.756,0,0,26.11,51.58,436.28,0,1,64,23.64,59.11,494.43,0,2,68,17.36,77.91,462.23,0,1,49,21.91,61.75,400.0,0,0,23,,0.0,,0,0,0,,0.0,,0,0,0,,0.0,,0,0,0,40,60,0,0,0,0
2026-07-23T03:53:11.718Z,30.48,65.89,637.32,0,3,227,23.06,53.33,,957.756,0,0,26.1,51.58,441.15,0,1,64,23.62,59.12,494.19,0,2,68,17.35,77.93,461.51,0,1,49,21.9,61.77,400.0,0,0,23,,0.0,,0,0,0,,0.0,,0,0,0,,0.0,,0,0,0,40,60,0,0,0,0
2026-07-23T03:53:16.716Z,30.49,65.92,652.19,0,3,282,23.05,53.35,,957.716,0,0,26.1,51.58,445.53,0,1,64,23.61,59.15,484.77,0,1,10,17.33,77.97,456.76,0,1,30,21.88,61.8,400.0,0,1,0,,0.0,,0,0,0,,0.0,,0,0,0,,0.0,,0,0,0,40,60,0,0,0,0
2026-07-23T03:53:21.717Z,30.49,65.93,667.17,0,3,304,23.04,53.37,,957.74,0,0,26.09,51.58,449.48,0,1,64,23.59,59.17,478.99,0,1,36,17.32,78.02,457.88,0,1,56,21.87,61.82,400.0,0,1,15,,0.0,,0,0,0,,0.0,,0,0,0,,0.0,,0,0,0,40,60,0,0,0,0
2026-07-23T03:53:26.717Z,30.5,65.95,682.65,0,3,362,23.03,53.39,,957.724,0,0,26.08,51.58,453.03,0,1,64,23.57,59.2,473.59,0,1,35,17.31,78.07,466.79,0,2,98,21.86,61.85,400.0,0,1,18,,0.0,,0,0,0,,0.0,,0,0,0,,0.0,,0,0,0,40,60,0,0,0,0
2026-07-23T03:53:31.717Z,30.5,65.97,695.89,0,3,342,23.02,53.41,,957.693,0,0,26.07,51.58,456.23,0,1,64,23.56,59.23,469.34,0,1,37,17.29,78.12,471.82,0,2,81,21.85,61.87,401.1,0,1,28,,0.0,,0,0,0,,0.0,,0,0,0,,0.0,,0,0,0,40,60,0,0,0,0
2026-07-23T03:53:36.717Z,30.5,66.0,707.8,0,3,340,23.01,53.44,,957.673,0,0,26.05,51.58,459.11,0,1,64,23.54,59.26,466.2,0,1,41,17.28,78.17,478.13,0,2,91,21.84,61.9,400.99,0,1,23,,0.0,,0,0,0,,0.0,,0,0,0,,0.0,,0,0,0,40,60,0,0,0,0
2026-07-23T03:53:41.717Z,30.51,65.99,718.32,0,3,336,22.99,53.45,,957.709,0,0,26.02,51.6,461.7,0,1,64,23.52,59.29,463.58,0,1,42,17.27,78.23,486.52,0,2,108,21.83,61.92,401.79,0,1,28,,0.0,,0,0,0,,0.0,,0,0,0,,0.0,,0,0,0,40,60,0,0,0,0
2026-07-23T03:53:46.716Z,30.52,65.99,727.79,0,3,336,22.98,53.47,,957.709,0,0,26.0,51.62,464.03,0,1,64,23.51,59.32,461.02,0,1,41,17.26,78.27,492.27,0,2,97,21.82,61.94,401.61,0,1,21,,0.0,,0,0,0,,0.0,,0,0,0,,0.0,,0,0,0,40,60,0,0,0,0
2026-07-23T03:53:51.746Z,30.52,65.93,736.71,0,3,459,22.97,53.49,,957.713,0,0,25.97,51.65,466.12,0,1,64,23.5,59.35,457.72,0,1,36,17.25,78.33,489.94,0,1,56,21.82,61.95,403.35,0,1,32,,0.0,,0,0,0,,0.0,,0,0,0,,0.0,,0,0,0,40,60,0,0,0,0
2026-07-23T03:53:56.722Z,30.53,65.84,745.14,0,3,358,22.96,53.51,,957.634,0,0,25.93,51.69,468.01,0,1,64,23.49,59.38,454.85,0,1,32805,17.24,78.38,485.75,0,1,45,21.81,61.97,404.52,0,1,30,,0.0,,0,0,0,,0.0,,0,0,0,,0.0,,0,0,0,40,60,0,0,0,0
2026-07-23T03:54:01.722Z,30.53,65.76,751.42,0,3,320,22.95,53.53,,957.689,0,0,25.88,51.74,469.71,0,1,64,23.48,59.41,452.36,0,1,37,17.23,78.43,484.17,0,1,57,21.81,61.98,405.66,0,1,31,,0.0,,0,0,0,,0.0,,0,0,0,,0.0,,0,0,0,40,60,0,0,0,0
2026-07-23T03:54:06.723Z,30.54,65.66,752.48,0,3,259,22.94,53.55,,957.689,0,0,25.84,51.78,471.24,0,1,64,23.46,59.44,451.53,0,1,44,17.22,78.48,478.26,0,1,35,21.8,61.99,405.1,0,1,17,,0.0,,0,0,0,,0.0,,0,0,0,,0.0,,0,0,0,40,60,0,0,0,0
2026-07-23T03:54:11.719Z,30.54,65.55,743.13,0,2,174,22.93,53.57,,957.705,0,0,25.78,51.87,472.62,0,1,64,23.45,59.47,446.37,0,1,21,17.21,78.54,470.83,0,1,26,21.79,62.01,406.79,0,1,33,,0.0,,0,0,0,,0.0,,0,0,0,,0.0,,0,0,0,40,60,0,0,0,0
2026-07-23T03:54:16.722Z,30.54,65.44,734.52,0,2,172,22.92,53.59,,957.705,0,0,25.73,51.94,473.85,0,1,64,23.43,59.49,446.04,0,1,43,17.2,78.59,464.15,0,1,25,21.78,62.02,409.01,0,1,37,,0.0,,0,0,0,,0.0,,0,0,0,,0.0,,0,0,0,40,60,0,0,0,0
2026-07-23T03:54:21.716Z,30.54,65.32,716.17,0,2,101,22.91,53.61,,957.646,0,0,25.67,52.03,474.97,0,1,64,23.42,59.52,444.43,0,1,37,17.19,78.65,460.13,0,1,35,21.77,62.04,408.11,0,1,23,,0.0,,0,0,0,,0.0,,0,0,0,,0.0,,0,0,0,40,60,0,0,0,0
2026-07-23T03:54:26.721Z,30.54,65.22,696.75,0,2,84,22.89,53.63,,957.686,0,0,25.61,52.11,475.97,0,1,64,23.41,59.55,442.69,0,1,36,17.18,78.7,456.42,0,1,34,21.76,62.05,408.1,0,1,27,,0.0,,0,0,0,,0.0,,0,0,0,,0.0,,0,0,0,40,60,0,0,0,0
2026-07-23T03:54:31.722Z,30.55,65.15,676.88,0,2,71,22.88,53.66,,957.686,0,0,25.55,52.21,468.37,0,1,0,23.4,59.58,443.02,0,1,45,17.17,78.75,450.78,0,1,20,21.75,62.07,407.79,0,1,26,,0.0,,0,0,0,,0.0,,0,0,0,,0.0,,0,0,0,40,60,0,0,0,0
2026-07-23T03:54:36.721Z,30.55,65.13,658.49,0,2,69,22.87,53.68,,957.765,0,0,25.49,52.32,462.34,0,1,27,23.38,59.61,442.72,0,1,42,17.16,78.81,445.7,0,1,23,21.74,62.09,407.71,0,1,27,,0.0,,0,0,0,,0.0,,0,0,0,,0.0,,0,0,0,40,60,0,0,0,0
2026-07-23T03:54:41.721Z,30.55,65.13,638.54,0,1,51,22.86,53.7,,957.694,0,0,25.42,52.44,456.1,0,1,22,23.37,59.74,440.25,0,1,32,17.15,78.86,442.53,0,1,30,21.73,62.12,409.14,0,1,34,,0.0,,0,0,0,,0.0,,0,0,0,,0.0,,0,0,0,40,60,0,0,0,0
2026-07-23T03:54:46.721Z,30.56,65.13,619.79,0,1,47,22.85,53.73,,957.718,0,0,25.36,52.57,450.49,0,1,16,23.36,59.77,455.12,0,2,125,17.14,78.91,440.88,0,1,35,21.73,62.15,408.72,0,1,26,,0.0,,0,0,0,,0.0,,0,0,0,,0.0,,0,0,0,40,60,0,0,0,0
2026-07-23T03:54:51.721Z,30.56,65.08,604.71,0,1,56,22.84,53.75,,957.729,0,0,25.3,52.71,445.44,0,1,21,23.34,59.79,465.31,0,2,105,17.13,78.97,439.29,0,1,35,21.71,62.18,409.25,0,1,30,,0.0,,0,0,0,,0.0,,0,0,0,,0.0,,0,0,0,40,60,0,0,0,0
2026-07-23T03:54:56.722Z,30.57,65.0,592.24,0,1,62,22.83,53.78,,957.769,0,0,25.24,52.85,441.7,0,1,27,23.33,59.82,476.88,0,2,119,17.12,79.02,435.96,0,1,26,21.7,62.21,409.43,0,1,29,,0.0,,0,0,0,,0.0,,0,0,0,,0.0,,0,0,0,40,60,0,0,0,0
2026-07-23T03:55:01.722Z,30.57,64.88,582.11,0,2,67,22.82,53.8,,957.769,0,0,25.19,52.98,439.43,0,1,32,23.31,59.84,485.79,0,2,110,17.12,79.07,433.76,0,1,30,21.7,62.23,408.48,0,1,22,,0.0,,0,0,0,,0.0,,0,0,0,,0.0,,0,0,0,40,60,0,0,0,0
2026-07-23T03:55:06.722Z,30.57,64.76,572.1,0,1,63,22.8,53.83,,957.769,0,0,25.14,53.11,436.69,0,1,29,23.3,59.86,496.71,0,2,128,17.11,79.11,430.49,0,1,24,21.69,62.26,409.34,0,1,31,,0.0,,0,0,0,,0.0,,0,0,0,,0.0,,0,0,0,40,60,0,0,0,0
2026-07-23T03:55:11.721Z,30.57,64.65,555.99,0,1,28,22.79,53.86,,957.769,0,0,25.1,53.22,435.12,0,1,33,23.29,59.89,504.04,0,2,113,17.1,79.16,428.74,0,1,30,21.68,62.29,410.8,0,1,34,,0.0,,0,0,0,,0.0,,0,0,0,,0.0,,0,0,0,40,60,0,0,0,0
2026-07-23T03:55:16.721Z,30.57,64.54,552.69,0,2,85,22.78,53.89,,957.706,0,0,25.07,53.34,431.61,0,1,23,23.28,59.93,517.04,0,2,155,17.09,79.2,433.16,0,1,58,21.66,62.32,411.92,0,1,33,,0.0,,0,0,0,,0.0,,0,0,0,,0.0,,0,0,0,40,60,0,0,0,0
2026-07-23T03:55:21.746Z,30.57,64.46,561.92,0,2,163,22.77,53.91,,957.718,0,0,25.04,53.44,428.75,0,1,25,23.26,59.95,526.13,0,2,137,17.08,79.24,439.05,0,2,68,21.65,62.35,411.93,0,1,29,,0.0,,0,0,0,,0.0,,0,0,0,,0.0,,0,0,0,40,60,0,0,0,0
2026-07-23T03:55:26.721Z,30.56,64.38,576.93,0,2,216,22.76,53.94,,957.761,0,0,25.02,53.53,427.97,0,1,33,23.25,59.99,532.72,0,2,127,17.07,79.27,447.24,0,2,84,21.64,62.38,411.84,0,1,28,,0.0,,0,0,0,,0.0,,0,0,0,,0.0,,0,0,0,40,60,0,0,0,0
2026-07-23T03:55:31.721Z,30.56,64.31,587.24,0,2,190,22.75,53.97,,957.761,0,0,25.01,53.61,425.17,0,1,21,23.23,60.02,539.55,0,2,133,17.06,79.3,454.72,0,2,84,21.63,62.4,412.95,0,1,34,,0.0,,0,0,0,,0.0,,0,0,0,,0.0,,0,0,0,40,60,0,0,0,0
2026-07-23T03:55:36.721Z,30.56,64.24,600.71,0,3,224,22.74,54.0,,957.702,0,0,24.99,53.68,425.06,0,1,34,23.22,60.05,545.59,0,2,132,17.06,79.33,463.35,0,2,95,21.61,62.44,414.46,0,1,36,,0.0,,0,0,0,,0.0,,0,0,0,,0.0,,0,0,0,40,60,0,0,0,0
2026-07-23T03:55:41.721Z,30.57,64.19,599.54,0,2,125,22.73,54.03,,957.694,0,0,24.98,53.74,423.15,0,1,27,23.2,60.07,553.73,0,2,150,17.05,79.36,470.01,0,2,89,21.6,62.47,415.21,0,1,34,,0.0,,0,0,0,,0.0,,0,0,0,,0.0,,0,0,0,40,60,0,0,0,0
2026-07-23T03:55:46.721Z,30.57,64.21,592.59,0,2,89,22.71,54.06,,957.762,0,0,24.98,53.78,424.84,0,1,42,23.19,60.1,542.86,0,1,44,17.04,79.39,472.31,0,2,68,21.59,62.51,418.59,0,1,46,,0.0,,0,0,0,,0.0,,0,0,0,,0.0,,0,0,0,40,60,0,0,0,0
2026-07-23T03:55:51.721Z,30.57,64.28,584.73,0,2,80,22.7,54.09,,957.691,0,0,24.98,53.81,424.55,0,1,33,23.17,60.13,549.07,0,2,135,17.04,79.42,476.08,0,2,78,21.58,62.54,421.83,0,1,47,,0.0,,0,0,0,,0.0,,0,0,0,,0.0,,0,0,0,40,60,0,0,0,0
2026-07-23T03:55:56.720Z,30.58,64.35,571.96,0,1,50,22.69,54.12,,957.73,0,0,24.98,53.84,425.8,0,1,41,23.16,60.17,552.27,0,2,120,17.04,79.46,472.67,0,1,43,21.58,62.58,422.65,0,1,37,,0.0,,0,0,0,,0.0,,0,0,0,,0.0,,0,0,0,40,60,0,0,0,0
2026-07-23T03:56:01.721Z,30.59,64.42,557.96,0,1,38,22.68,54.14,,957.714,0,0,24.99,53.86,426.02,0,1,36,23.14,60.2,555.94,0,2,125,17.03,79.49,470.0,0,1,45,21.57,62.61,423.88,0,1,39,,0.0,,0,0,0,,0.0,,0,0,0,,0.0,,0,0,0,40,60,0,0,0,0
2026-07-23T03:56:06.721Z,30.6,64.5,545.36,0,1,38,22.67,54.17,,957.734,0,0,24.99,53.86,423.42,0,1,23,23.13,60.24,557.65,0,2,114,17.03,79.52,463.0,0,1,22,21.55,62.65,425.2,0,1,41,,0.0,,0,0,0,,0.0,,0,0,0,,0.0,,0,0,0,40,60,0,0,0,0
2026-07-23T03:56:11.722Z,30.61,64.6,531.23,0,1,25,22.66,54.2,,957.734,0,0,24.99,53.87,422.17,0,1,29,23.11,60.27,560.38,0,2,122,17.02,79.54,461.2,0,1,44,21.54,62.68,426.08,0,1,39,,0.0,,0,0,0,,0.0,,0,0,0,,0.0,,0,0,0,40,60,0,0,0,0
2026-07-23T03:56:16.720Z,30.61,64.7,518.41,0,1,25,22.65,54.23,,957.75,0,0,24.99,53.88,422.96,0,1,37,23.1,60.31,564.04,0,2,130,17.02,79.57,457.08,0,1,33,21.53,62.71,427.77,0,1,43,,0.0,,0,0,0,,0.0,,0,0,0,,0.0,,0,0,0,40,60,0,0,0,0
2026-07-23T03:56:21.720Z,30.62,64.78,506.56,0,1,16,22.64,54.25,,957.734,0,0,25.0,53.88,423.36,0,1,36,23.09,60.34,564.24,0,2,110,17.02,79.59,453.88,0,1,35,21.52,62.73,427.39,0,1,34,,0.0,,0,0,0,,0.0,,0,0,0,,0.0,,0,0,0,40,60,0,0,0,0
2026-07-23T03:56:26.719Z,30.62,64.87,495.91,0,1,16,22.63,54.28,,957.758,0,0,25.0,53.88,424.12,0,1,38,23.07,60.37,554.72,0,1,56,17.01,79.61,449.59,0,1,28,21.51,62.76,427.55,0,1,37,,0.0,,0,0,0,,0.0,,0,0,0,,0.0,,0,0,0,40,60,0,0,0,0
2026-07-23T03:56:31.720Z,30.63,64.96,486.32,0,1,17,22.62,54.31,,957.75,0,0,25.01,53.87,426.01,0,1,43,23.06,60.4,545.54,0,1,53,17.01,79.62,446.63,0,1,33,21.5,62.79,426.8,0,1,32,,0.0,,0,0,0,,0.0,,0,0,0,,0.0,,0,0,0,40,60,0,0,0,0
2026-07-23T03:56:36.719Z,30.63,65.04,478.39,0,1,27,22.61,54.33,,957.746,0,0,25.01,53.86,425.21,0,1,32,23.05,60.43,540.19,0,2,68,17.0,79.64,441.97,0,1,23,21.49,62.82,426.12,0,1,33,,0.0,,0,0,0,,0.0,,0,0,0,,0.0,,0,0,0,40,60,0,0,0,0
2026-07-23T03:56:41.719Z,30.63,65.04,472.35,0,1,32,22.59,54.36,,957.727,0,0,25.02,53.86,422.69,0,1,14,23.04,60.46,532.57,0,1,54,17.0,79.65,441.07,0,1,38,21.48,62.84,424.41,0,1,28,,0.0,,0,0,0,,0.0,,0,0,0,,0.0,,0,0,0,40,60,0,0,0,0
2026-07-23T03:56:46.719Z,30.63,65.04,469.01,0,1,42,22.59,54.39,,957.727,0,0,25.02,53.85,424.02,0,1,40,23.03,60.48,528.11,0,2,66,17.0,79.67,438.66,0,1,31,21.46,62.87,423.07,0,1,29,,0.0,,0,0,0,,0.0,,0,0,0,,0.0,,0,0,0,40,60,0,0,0,0
2026-07-23T03:56:51.753Z,30.63,64.98,471.81,0,2,71,22.58,54.42,,957.75,0,0,25.03,53.84,427.92,0,1,53,23.02,60.51,522.5,0,1,58,16.99,79.68,437.0,0,1,33,21.45,62.89,421.26,0,1,26,,0.0,,0,0,0,,0.0,,0,0,0,,0.0,,0,0,0,40,60,0,0,0,0
2026-07-23T03:56:56.719Z,30.63,64.9,470.83,0,1,53,22.56,54.44,,957.727,0,0,25.03,53.83,430.83,0,1,50,23.01,60.53,519.25,0,2,67,16.98,79.69,435.1,0,1,32,21.45,62.92,421.63,0,1,35,,0.0,,0,0,0,,0.0,,0,0,0,,0.0,,0,0,0,40,60,0,0,0,0
2026-07-23T03:57:01.719Z,30.63,64.8,466.45,0,1,36,22.55,54.47,,957.727,0,0,25.04,53.82,433.44,0,1,50,23.0,60.55,516.33,0,2,67,16.97,79.7,433.39,0,1,32,21.44,62.94,421.97,0,1,35,,0.0,,0,0,0,,0.0,,0,0,0,,0.0,,0,0,0,40,60,0,0,0,0
2026-07-23T03:57:06.718Z,30.62,64.72,462.0,0,1,33,22.54,54.49,,957.711,0,0,25.05,53.8,435.8,0,1,50,22.99,60.57,511.59,0,1,56,16.96,79.71,431.85,0,1,32,21.43,62.97,422.27,0,1,35,,0.0,,0,0,0,,0.0,,0,0,0,,0.0,,0,0,0,40,60,0,0,0,0
2026-07-23T03:57:11.719Z,30.62,64.64,459.2,0,1,39,22.54,54.52,,957.711,0,0,25.07,53.79,437.92,0,1,50,22.99,60.59,507.33,0,1,56,16.95,79.72,429.36,0,1,27,21.42,62.99,420.45,0,1,25,,0.0,,0,0,0,,0.0,,0,0,0,,0.0,,0,0,0,40,60,0,0,0,0
2026-07-23T03:57:16.718Z,30.61,64.6,456.58,0,1,39,22.52,54.54,,957.731,0,0,25.07,53.77,439.83,0,1,50,22.98,60.6,503.5,0,1,56,16.95,79.73,426.43,0,1,21,21.41,63.01,418.4,0,1,23,,0.0,,0,0,0,,0.0,,0,0,0,,0.0,,0,0,0,40,60,0,0,0,0
2026-07-23T03:57:21.718Z,30.61,64.58,457.52,0,1,54,22.51,54.56,,957.731,0,0,25.08,53.75,441.55,0,1,50,22.97,60.62,500.05,0,1,56,16.94,79.74,425.88,0,1,33,21.4,63.04,417.66,0,1,29,,0.0,,0,0,0,,0.0,,0,0,0,,0.0,,0,0,0,40,60,0,0,0,0
2026-07-23T03:57:26.718Z,30.61,64.54,457.57,0,1,51,22.5,54.58,,957.739,0,0,25.08,53.74,443.09,0,1,50,22.96,60.63,496.95,0,1,56,16.93,79.75,425.5,0,1,34,21.39,63.06,416.89,0,1,28,,0.0,,0,0,0,,0.0,,0,0,0,,0.0,,0,0,0,40,60,0,0,0,0
2026-07-23T03:57:31.718Z,30.6,64.51,459.81,0,1,61,22.49,54.61,,957.77,0,0,25.08,53.72,444.48,0,1,50,22.94,60.65,494.15,0,1,56,16.92,79.75,425.85,0,1,37,21.39,63.09,415.51,0,1,25,,0.0,,0,0,0,,0.0,,0,0,0,,0.0,,0,0,0,40,60,0,0,0,0
2026-07-23T03:57:36.719Z,30.6,64.47,473.93,0,2,133,22.48,54.64,,957.782,0,0,25.07,53.71,445.73,0,1,50,22.92,60.67,491.64,0,1,56,16.9,79.75,426.36,0,1,38,21.38,63.11,414.75,0,1,27,,0.0,,0,0,0,,0.0,,0,0,0,,0.0,,0,0,0,40,60,0,0,0,0
2026-07-23T03:57:41.718Z,30.6,64.44,486.94,0,2,135,22.48,54.66,,957.747,0,0,25.05,53.7,446.86,0,1,50,22.89,60.71,489.37,0,1,56,16.89,79.74,426.53,0,1,36,21.37,63.13,415.18,0,1,32,,0.0,,0,0,0,,0.0,,0,0,0,,0.0,,0,0,0,40,60,0,0,0,0
2026-07-23T03:57:46.718Z,30.59,64.39,495.25,0,2,113,22.47,54.68,,957.723,0,0,25.03,53.71,447.87,0,1,50,22.86,60.74,487.34,0,1,56,16.88,79.74,427.17,0,1,39,21.36,63.15,414.46,0,1,27,,0.0,,0,0,0,,0.0,,0,0,0,,0.0,,0,0,0,40,60,0,0,0,0
2026-07-23T03:57:51.719Z,30.59,64.35,503.72,0,2,119,22.46,54.69,,957.723,0,0,25.0,53.71,448.79,0,1,50,22.83,60.77,485.5,0,1,56,16.87,79.73,430.06,0,1,50,21.36,63.17,413.02,0,1,22,,0.0,,0,0,0,,0.0,,0,0,0,,0.0,,0,0,0,40,60,0,0,0,0
2026-07-23T03:57:56.717Z,30.59,64.33,522.65,0,2,200,22.45,54.71,,957.751,0,0,24.97,53.74,449.61,0,1,50,22.8,60.8,483.85,0,1,56,16.86,79.72,430.45,0,1,39,21.35,63.18,415.01,0,1,39,,0.0,,0,0,0,,0.0,,0,0,0,,0.0,,0,0,0,40,60,0,0,0,0
2026-07-23T03:58:01.718Z,30.59,64.31,534.98,0,2,164,22.44,54.73,,957.739,0,0,24.94,53.77,450.35,0,1,50,22.76,60.86,482.37,0,1,56,16.85,79.71,430.91,0,1,39,21.35,63.18,415.71,0,1,34,,0.0,,0,0,0,,0.0,,0,0,0,,0.0,,0,0,0,40,60,0,0,0,0
2026-07-23T03:58:06.718Z,30.58,64.31,543.89,0,2,148,22.43,54.74,,957.743,0,0,24.9,53.81,451.01,0,1,50,22.71,60.93,481.03,0,1,56,16.85,79.7,432.81,0,1,46,21.33,63.19,414.74,0,1,26,,0.0,,0,0,0,,0.0,,0,0,0,,0.0,,0,0,0,40,60,0,0,0,0
2026-07-23T03:58:11.718Z,30.58,64.34,549.5,0,2,132,22.42,54.76,,957.696,0,0,24.85,53.87,451.61,0,1,50,22.67,61.0,479.83,0,1,56,16.84,79.7,433.83,0,1,43,21.32,63.19,414.87,0,1,31,,0.0,,0,0,0,,0.0,,0,0,0,,0.0,,0,0,0,40,60,0,0,0,0
2026-07-23T03:58:16.718Z,30.58,64.37,553.45,0,2,125,22.41,54.78,,957.696,0,0,24.81,53.92,452.15,0,1,50,22.64,61.06,478.74,0,1,56,16.83,79.69,436.35,0,1,51,21.31,63.2,414.08,0,1,27,,0.0,,0,0,0,,0.0,,0,0,0,,0.0,,0,0,0,40,60,0,0,0,0
2026-07-23T03:58:21.719Z,30.58,64.41,561.0,0,2,151,22.4,54.79,,957.696,0,0,24.77,53.96,452.64,0,1,50,22.6,61.11,477.77,0,1,56,16.82,79.69,438.61,0,1,51,21.3,63.21,413.37,0,1,27,,0.0,,0,0,0,,0.0,,0,0,0,,0.0,,0,0,0,40,60,0,0,0,0
2026-07-23T03:58:26.718Z,30.58,64.42,558.8,0,2,94,22.4,54.81,,957.731,0,0,24.72,54.05,447.37,0,1,9,22.55,61.21,476.89,0,1,56,16.81,79.68,434.75,0,1,20,21.29,63.23,412.03,0,1,22,,0.0,,0,0,0,,0.0,,0,0,0,,0.0,,0,0,0,40,60,0,0,0,0
2026-07-23T03:58:31.748Z,30.58,64.45,550.82,0,1,61,22.38,54.82,,957.727,0,0,24.66,54.15,442.63,0,1,9,22.5,61.31,476.1,0,1,56,16.81,79.67,431.28,0,1,24,21.29,63.24,411.33,0,1,26,,0.0,,0,0,0,,0.0,,0,0,0,,0.0,,0,0,0,40,60,0,0,0,0
2026-07-23T03:58:36.718Z,30.58,64.49,541.24,0,1,49,22.38,54.84,,957.727,0,0,24.6,54.24,438.37,0,1,9,22.45,61.41,475.39,0,1,56,16.8,79.67,428.15,0,1,15,21.28,63.25,411.5,0,1,29,,0.0,,0,0,0,,0.0,,0,0,0,,0.0,,0,0,0,40,60,0,0,0,0
2026-07-23T03:58:41.717Z,30.58,64.53,532.62,0,1,49,22.37,54.85,,957.727,0,0,24.56,54.32,434.53,0,1,9,22.41,61.5,474.75,0,1,56,16.8,79.66,425.34,0,1,15,21.28,63.26,411.65,0,1,29,,0.0,,0,0,0,,0.0,,0,0,0,,0.0,,0,0,0,40,60,0,0,0,0
2026-07-23T03:58:46.717Z,30.58,64.58,528.75,0,2,69,22.36,54.87,,957.648,0,0,24.5,54.42,431.08,0,1,24,22.36,61.6,474.18,0,1,56,16.79,79.65,425.7,0,1,37,21.28,63.28,411.78,0,1,29,,0.0,,0,0,0,,0.0,,0,0,0,,0.0,,0,0,0,40,60,0,0,0,0
2026-07-23T03:58:51.717Z,30.57,64.6,533.68,0,2,117,22.35,54.88,,957.708,0,0,24.45,54.54,428.27,0,1,25,22.31,61.71,466.76,0,1,18,16.78,79.64,423.73,0,1,26,21.27,63.29,411.91,0,1,29,,0.0,,0,0,0,,0.0,,0,0,0,,0.0,,0,0,0,40,60,0,0,0,0
2026-07-23T03:58:56.718Z,30.57,64.61,535.91,0,2,104,22.34,54.9,,957.664,0,0,24.4,54.65,425.45,0,1,9,22.27,61.82,462.18,0,1,33,16.77,79.64,421.36,0,1,22,21.27,63.3,412.01,0,1,29,,0.0,,0,0,0,,0.0,,0,0,0,,0.0,,0,0,0,40,60,0,0,0,0
2026-07-23T03:59:01.718Z,30.56,64.61,545.62,0,2,154,22.33,54.91,,957.664,0,0,24.35,54.76,422.9,0,1,18,22.22,61.91,456.57,0,1,27,16.76,79.63,421.42,0,1,33,21.26,63.3,412.11,0,1,29,,0.0,,0,0,0,,0.0,,0,0,0,,0.0,,0,0,0,40,60,0,0,0,0
2026-07-23T03:59:06.717Z,30.56,64.58,549.06,0,2,119,22.32,54.93,,957.656,0,0,24.31,54.86,420.61,0,1,15,22.19,62.02,450.91,0,1,19,16.76,79.62,421.08,0,1,32,21.25,63.3,412.2,0,1,29,,0.0,,0,0,0,,0.0,,0,0,0,,0.0,,0,0,0,40,60,0,0,0,0
2026-07-23T03:59:11.717Z,30.55,64.57,550.75,0,2,110,22.31,54.94,,957.668,0,0,24.27,54.97,421.45,0,1,37,22.15,62.12,445.82,0,1,18,16.75,79.62,420.67,0,1,31,21.25,63.31,412.28,0,1,29,,0.0,,0,0,0,,0.0,,0,0,0,,0.0,,0,0,0,40,60,0,0,0,0
2026-07-23T03:59:16.717Z,30.55,64.57,546.38,0,2,76,22.3,54.95,,957.68,0,0,24.24,55.06,420.4,0,1,29,22.13,62.21,441.94,0,1,27,16.74,79.62,418.61,0,1,21,21.23,63.31,412.35,0,1,29,,0.0,,0,0,0,,0.0,,0,0,0,,0.0,,0,0,0,40,60,0,0,0,0
2026-07-23T03:59:21.717Z,30.54,64.61,541.94,0,2,73,22.3,54.96,,957.68,0,0,24.21,55.15,419.16,0,1,27,22.11,62.29,441.34,0,1,40,16.73,79.62,419.74,0,1,37,21.22,63.31,412.42,0,1,29,,0.0,,0,0,0,,0.0,,0,0,0,,0.0,,0,0,0,40,60,0,0,0,0
2026-07-23T03:59:26.716Z,30.53,64.64,536.85,0,2,67,22.29,54.97,,957.728,0,0,24.19,55.24,423.45,0,1,53,22.09,62.36,441.81,0,1,45,16.73,79.62,419.77,0,1,32,21.22,63.32,412.48,0,1,29,,0.0,,0,0,0,,0.0,,0,0,0,,0.0,,0,0,0,40,60,0,0,0,0
2026-07-23T03:59:31.718Z,30.52,64.68,528.46,0,1,48,22.28,54.99,,957.676,0,0,24.18,55.3,426.9,0,1,51,22.09,62.43,440.53,0,1,37,16.72,79.62,419.19,0,1,30,21.21,63.32,412.53,0,1,29,,0.0,,0,0,0,,0.0,,0,0,0,,0.0,,0,0,0,40,60,0,0,0,0
2026-07-23T03:59:36.717Z,30.52,64.7,522.31,0,1,55,22.27,55.0,,957.743,0,0,24.17,55.36,426.61,0,1,34,22.08,62.49,438.58,0,1,33,16.72,79.62,420.87,0,1,40,21.2,63.32,412.58,0,1,29,,0.0,,0,0,0,,0.0,,0,0,0,,0.0,,0,0,0,40,60,0,0,0,0
2026-07-23T03:59:41.717Z,30.52,64.73,520.58,0,2,75,22.26,55.01,,957.747,0,0,24.16,55.41,425.25,0,1,30,22.08,62.53,436.12,0,1,30,16.72,79.62,419.99,0,1,29,21.18,63.34,412.62,0,1,29,,0.0,,0,0,0,,0.0,,0,0,0,,0.0,,0,0,0,40,60,0,0,0,0
2026-07-23T03:59:46.717Z,30.52,64.77,522.22,0,2,92,22.25,55.02,,957.704,0,0,24.17,55.43,425.93,0,1,38,22.08,62.56,434.61,0,1,33,16.71,79.63,422.59,0,1,45,21.16,63.36,412.66,0,1,29,,0.0,,0,0,0,,0.0,,0,0,0,,0.0,,0,0,0,40,60,0,0,0,0
2026-07-23T03:59:51.716Z,30.52,64.87,528.65,0,3,271,22.24,55.04,,957.716,0,0,24.17,55.46,425.43,0,1,33,22.08,62.58,432.95,0,1,32,16.71,79.64,428.93,0,2,65,21.15,63.37,412.69,0,1,29,,0.0,,0,0,0,,0.0,,0,0,0,,0.0,,0,0,0,40,60,0,0,0,0
2026-07-23T03:59:56.722Z,30.52,64.95,539.39,0,2,157,22.24,55.05,,957.716,0,0,24.17,55.47,424.09,0,1,29,22.09,62.59,432.15,0,1,35,16.71,79.65,431.74,0,1,50,21.14,63.4,412.72,0,1,29,,0.0,,0,0,0,,0.0,,0,0,0,,0.0,,0,0,0,40,60,0,0,0,0
2026-07-23T04:00:01.722Z,30.52,65.04,538.45,0,2,89,22.23,55.06,,957.755,0,0,24.18,55.47,423.98,0,1,34,22.1,62.58,431.64,0,1,36,16.71,79.66,432.66,0,1,43,21.13,63.41,411.45,0,1,2,,0.0,,0,0,0,,0.0,,0,0,0,,0.0,,0,0,0,40,60,0,0,0,0
2026-07-23T04:00:06.722Z,30.52,65.12,539.5,0,2,100,22.22,55.07,,957.72,0,0,24.19,55.46,424.38,0,1,36,22.11,62.57,432.37,0,1,41,16.7,79.67,432.9,0,1,40,21.11,63.43,410.3,0,1,18,,0.0,,0,0,0,,0.0,,0,0,0,,0.0,,0,0,0,40,60,0,0,0,0
2026-07-23T04:00:11.722Z,30.53,65.2,541.05,0,2,103,22.21,55.08,,957.716,0,0,24.21,55.44,423.44,0,1,31,22.12,62.55,431.03,0,1,32,16.69,79.68,434.11,0,1,44,21.1,63.45,409.47,0,1,24,,0.0,,0,0,0,,0.0,,0,0,0,,0.0,,0,0,0,40,60,0,0,0,0
2026-07-23T04:00:16.723Z,30.53,65.27,541.45,0,2,97,22.2,55.09,,957.744,0,0,24.22,55.42,424.5,0,1,39,22.14,62.53,428.93,0,1,28,16.69,79.69,436.1,0,1,49,21.09,63.47,408.53,0,1,22,,0.0,,0,0,0,,0.0,,0,0,0,,0.0,,0,0,0,40,60,0,0,0,0
2026-07-23T04:00:21.722Z,30.53,65.34,541.6,0,2,96,22.19,55.1,,957.736,0,0,24.24,55.39,425.95,0,1,41,22.15,62.5,428.84,0,1,36,16.68,79.7,437.29,0,1,46,21.08,63.49,407.67,0,1,22,,0.0,,0,0,0,,0.0,,0,0,0,,0.0,,0,0,0,40,60,0,0,0,0
2026-07-23T04:00:26.722Z,30.54,65.34,535.84,0,1,64,22.18,55.11,,957.732,0,0,24.26,55.35,425.66,0,1,34,22.16,62.47,427.85,0,1,32,16.67,79.72,438.16,0,1,45,21.07,63.52,406.91,0,1,22,,0.0,,0,0,0,,0.0,,0,0,0,,0.0,,0,0,0,40,60,0,0,0,0
2026-07-23T04:00:31.722Z,30.54,65.3,535.96,0,2,93,22.17,55.13,,957.771,0,0,24.28,55.31,426.29,0,1,38,22.17,62.43,426.17,0,1,29,16.66,79.73,437.44,0,1,37,21.06,63.54,406.22,0,1,22,,0.0,,0,0,0,,0.0,,0,0,0,,0.0,,0,0,0,40,60,0,0,0,0
2026-07-23T04:00:36.722Z,30.53,65.24,531.36,0,2,67,22.17,55.14,,957.771,0,0,24.3,55.27,426.16,0,1,35,22.18,62.39,425.95,0,1,34,16.65,79.75,437.5,0,1,41,21.05,63.55,406.79,0,1,29,,0.0,,0,0,0,,0.0,,0,0,0,,0.0,,0,0,0,40,60,0,0,0,0
2026-07-23T04:00:41.723Z,30.53,65.18,525.53,0,1,58,22.16,55.15,,957.736,0,0,24.32,55.22,425.04,0,1,30,22.19,62.36,424.96,0,1,31,16.65,79.76,438.25,0,1,44,21.04,63.57,408.81,0,1,36,,0.0,,0,0,0,,0.0,,0,0,0,,0.0,,0,0,0,40,60,0,0,0,0
2026-07-23T04:00:46.716Z,30.52,65.14,514.67,0,1,31,22.15,55.16,,957.736,0,0,24.34,55.18,423.24,0,1,27,22.2,62.34,426.06,0,1,40,16.64,79.78,440.02,0,1,50,21.03,63.58,409.63,0,1,31,,0.0,,0,0,0,,0.0,,0,0,0,,0.0,,0,0,0,40,60,0,0,0,0
2026-07-23T04:00:51.722Z,30.52,65.13,503.21,0,1,22,22.14,55.17,,957.657,0,0,24.36,55.13,424.82,0,1,41,22.21,62.3,427.06,0,1,40,16.63,79.8,439.82,0,1,41,21.01,63.61,409.17,0,1,26,,0.0,,0,0,0,,0.0,,0,0,0,,0.0,,0,0,0,40,60,0,0,0,0
2026-07-23T04:00:56.717Z,30.52,65.14,497.19,0,1,43,22.13,55.18,,957.708,0,0,24.37,55.08,424.73,0,1,35,22.22,62.26,426.65,0,1,34,16.62,79.81,438.84,0,1,37,21.0,63.63,409.25,0,1,28,,0.0,,0,0,0,,0.0,,0,0,0,,0.0,,0,0,0,40,60,0,0,0,0
2026-07-23T04:01:01.752Z,30.52,65.17,489.67,0,1,33,22.12,55.19,,957.811,0,0,24.39,55.03,423.96,0,1,31,22.23,62.22,424.38,0,1,25,16.61,79.82,437.25,0,1,34,20.99,63.66,409.73,0,1,30,,0.0,,0,0,0,,0.0,,0,0,0,,0.0,,0,0,0,40,60,0,0,0,0
2026-07-23T04:01:06.722Z,30.52,65.18,485.1,0,1,44,22.11,55.2,,957.677,0,0,24.4,54.98,423.37,0,1,32,22.24,62.19,426.05,0,1,42,16.6,79.84,436.53,0,1,37,20.98,63.68,408.76,0,1,17,,0.0,,0,0,0,,0.0,,0,0,0,,0.0,,0,0,0,40,60,0,0,0,0
2026-07-23T04:01:11.722Z,30.52,65.16,484.99,0,1,64,22.1,55.21,,957.728,0,0,24.42,54.93,422.63,0,1,31,22.25,62.15,425.44,0,1,33,16.6,79.85,436.38,0,1,40,20.98,63.69,409.18,0,1,30,,0.0,,0,0,0,,0.0,,0,0,0,,0.0,,0,0,0,40,60,0,0,0,0
2026-07-23T04:01:16.721Z,30.53,65.07,485.79,0,2,69,22.09,55.23,,957.748,0,0,24.43,54.88,422.87,0,1,35,22.25,62.11,422.9,0,1,0,16.59,79.87,435.34,0,1,35,20.98,63.7,408.86,0,1,26,,0.0,,0,0,0,,0.0,,0,0,0,,0.0,,0,0,0,40,60,0,0,0,0
2026-07-23T04:01:21.721Z,30.53,64.99,490.11,0,2,88,22.08,55.24,,957.823,0,0,24.45,54.82,421.58,0,1,28,22.26,62.08,436.91,0,2,108,16.58,79.9,438.3,0,1,54,20.98,63.7,408.08,0,1,24,,0.0,,0,0,0,,0.0,,0,0,0,,0.0,,0,0,0,40,60,0,0,0,0
2026-07-23T04:01:26.722Z,30.54,64.9,496.0,0,2,100,22.07,55.25,,957.744,0,0,24.47,54.77,422.12,0,1,36,22.26,62.05,451.37,0,2,65343,16.58,79.92,443.37,0,2,66,20.99,63.7,408.17,0,1,28,,0.0,,0,0,0,,0.0,,0,0,0,,0.0,,0,0,0,40,60,0,0,0,0
2026-07-23T04:01:31.722Z,30.54,64.83,511.6,0,2,168,22.06,55.27,,957.772,0,0,24.48,54.72,422.41,0,1,35,22.27,62.02,466.23,0,2,132,16.57,79.96,444.04,0,1,46,20.99,63.69,408.25,0,1,27,,0.0,,0,0,0,,0.0,,0,0,0,,0.0,,0,0,0,40,60,0,0,0,0
2026-07-23T04:01:36.721Z,30.55,64.73,526.34,0,2,173,22.06,55.28,,957.772,0,0,24.5,54.67,426.47,0,1,53,22.27,61.99,475.71,0,2,107,16.56,80.0,444.83,0,1,48,20.98,63.68,411.23,0,1,41,,0.0,,0,0,0,,0.0,,0,0,0,,0.0,,0,0,0,40,60,0,0,0,0
2026-07-23T04:01:41.716Z,30.55,64.64,544.91,0,2,215,22.05,55.29,,957.728,0,0,24.51,54.63,427.62,0,1,41,22.27,61.97,488.24,0,2,133,16.56,80.04,448.75,0,1,64,20.97,63.68,413.3,0,1,38,,0.0,,0,0,0,,0.0,,0,0,0,,0.0,,0,0,0,40,60,0,0,0,0
2026-07-23T04:01:46.721Z,30.55,64.56,557.22,0,2,180,22.04,55.3,,957.815,0,0,24.52,54.58,429.46,0,1,45,22.28,61.95,500.91,0,2,142,16.56,80.08,450.47,0,1,54,20.96,63.69,413.57,0,1,31,,0.0,,0,0,0,,0.0,,0,0,0,,0.0,,0,0,0,40,60,0,0,0,0
2026-07-23T04:01:51.721Z,30.55,64.49,571.19,0,2,203,22.03,55.32,,957.728,0,0,24.54,54.53,431.81,0,1,48,22.28,61.93,498.92,0,1,62,16.56,80.13,450.63,0,1,47,20.95,63.7,412.82,0,1,26,,0.0,,0,0,0,,0.0,,0,0,0,,0.0,,0,0,0,40,60,0,0,0,0
2026-07-23T04:01:56.721Z,30.56,64.44,584.88,0,2,212,22.02,55.34,,957.712,0,0,24.55,54.49,432.23,0,1,40,22.28,61.91,498.03,0,2,67,16.56,80.17,446.76,0,1,29,20.95,63.71,413.23,0,1,31,,0.0,,0,0,0,,0.0,,0,0,0,,0.0,,0,0,0,40,60,0,0,0,0
2026-07-23T04:02:01.720Z,30.56,64.39,596.39,0,2,206,22.01,55.36,,957.752,0,0,24.56,54.45,431.81,0,1,36,22.28,61.9,497.33,0,2,67,16.56,80.2,443.69,0,1,31,20.94,63.72,414.11,0,1,34,,0.0,,0,0,0,,0.0,,0,0,0,,0.0,,0,0,0,40,60,0,0,0,0
2026-07-23T04:02:06.721Z,30.56,64.38,601.25,0,2,163,22.0,55.37,,957.752,0,0,24.57,54.41,431.03,0,1,35,22.28,61.89,495.59,0,1,61,16.56,80.23,440.72,0,1,30,20.94,63.74,413.5,0,1,27,,0.0,,0,0,0,,0.0,,0,0,0,,0.0,,0,0,0,40,60,0,0,0,0
2026-07-23T04:02:11.721Z,30.56,64.41,599.52,0,2,121,21.99,55.4,,957.776,0,0,24.58,54.37,431.83,0,1,42,22.28,61.88,493.33,0,1,58,16.56,80.25,438.65,0,1,33,20.93,63.75,412.65,0,1,26,,0.0,,0,0,0,,0.0,,0,0,0,,0.0,,0,0,0,40,60,0,0,0,0
2026-07-23T04:02:16.720Z,30.56,64.49,596.07,0,2,109,21.98,55.41,,957.712,0,0,24.59,54.34,431.94,0,1,39,22.28,61.87,491.2,0,1,57,16.56,80.27,436.78,0,1,33,20.92,63.76,413.88,0,1,35,,0.0,,0,0,0,,0.0,,0,0,0,,0.0,,0,0,0,40,60,0,0,0,0
2026-07-23T04:02:21.719Z,30.56,64.56,581.86,0,1,49,21.97,55.44,,957.795,0,0,24.6,54.31,432.75,0,1,42,22.28,61.86,490.28,0,1,62,16.56,80.28,434.2,0,1,29,20.91,63.77,415.2,0,1,36,,0.0,,0,0,0,,0.0,,0,0,0,,0.0,,0,0,0,40,60,0,0,0,0
2026-07-23T04:02:26.720Z,30.56,64.56,564.88,0,1,29,21.96,55.46,,957.795,0,0,24.61,54.28,432.77,0,1,38,22.28,61.85,489.65,0,1,64,16.55,80.29,432.28,0,1,30,20.9,63.78,415.88,0,1,33,,0.0,,0,0,0,,0.0,,0,0,0,,0.0,,0,0,0,40,60,0,0,0,0
2026-07-23T04:02:31.720Z,30.56,64.53,552.79,0,1,44,21.95,55.48,,957.803,0,0,24.62,54.25,433.5,0,1,42,22.29,61.84,490.09,0,2,69,16.55,80.29,432.86,0,1,41,20.89,63.8,415.79,0,1,30,,0.0,,0,0,0,,0.0,,0,0,0,,0.0,,0,0,0,40,60,0,0,0,0
2026-07-23T04:02:36.720Z,30.55,64.53,541.71,0,1,43,21.94,55.5,,957.803,0,0,24.63,54.22,435.35,0,1,47,22.29,61.84,489.08,0,1,61,16.55,80.29,429.67,0,1,24,20.88,63.82,414.81,0,1,26,,0.0,,0,0,0,,0.0,,0,0,0,,0.0,,0,0,0,40,60,0,0,0,0
2026-07-23T04:02:41.719Z,30.55,64.53,534.24,0,1,55,21.93,55.52,,957.843,0,0,24.63,54.19,434.31,0,1,35,22.29,61.82,488.37,0,1,62,16.55,80.29,428.4,0,1,31,20.88,63.83,413.33,0,1,21,,0.0,,0,0,0,,0.0,,0,0,0,,0.0,,0,0,0,40,60,0,0,0,0
2026-07-23T04:02:46.719Z,30.55,64.52,530.42,0,2,70,21.93,55.54,,957.843,0,0,24.64,54.17,432.08,0,1,29,22.29,61.81,489.43,0,2,72,16.54,80.3,428.16,0,1,35,20.87,63.85,413.2,0,1,29,,0.0,,0,0,0,,0.0,,0,0,0,,0.0,,0,0,0,40,60,0,0,0,0
2026-07-23T04:02:51.720Z,30.56,64.54,521.27,0,1,41,21.92,55.56,,957.799,0,0,24.65,54.14,434.17,0,1,48,22.29,61.81,486.99,0,1,54,16.54,80.3,425.85,0,1,26,20.86,63.87,413.28,0,1,30,,0.0,,0,0,0,,0.0,,0,0,0,,0.0,,0,0,0,40,60,0,0,0,0
2026-07-23T04:02:56.720Z,30.56,64.55,509.15,0,1,21,21.91,55.58,,957.839,0,0,24.65,54.12,431.86,0,1,28,22.29,61.8,486.19,0,1,61,16.54,80.31,425.76,0,1,35,20.86,63.88,413.45,0,1,30,,0.0,,0,0,0,,0.0,,0,0,0,,0.0,,0,0,0,40,60,0,0,0,0
2026-07-23T04:03:01.719Z,30.56,64.57,498.23,0,1,21,21.9,55.6,,957.768,0,0,24.66,54.09,434.07,0,1,48,22.29,61.8,484.57,0,1,56,16.54,80.32,425.09,0,1,32,20.85,63.89,415.6,0,1,39,,0.0,,0,0,0,,0.0,,0,0,0,,0.0,,0,0,0,40,60,0,0,0,0
2026-07-23T04:03:06.719Z,30.56,64.59,488.41,0,1,6,21.89,55.62,,957.78,0,0,24.67,54.06,434.46,0,1,41,22.28,61.8,484.62,0,1,64,16.54,80.34,423.38,0,1,27,20.84,63.91,418.44,0,1,44,,0.0,,0,0,0,,0.0,,0,0,0,,0.0,,0,0,0,40,60,0,0,0,0
2026-07-23T04:03:11.719Z,30.57,64.61,479.57,0,1,13,21.88,55.64,,957.78,0,0,24.67,54.04,432.62,0,1,31,22.28,61.8,482.25,0,1,52,16.54,80.36,421.14,0,1,24,20.83,63.93,417.5,0,1,28,,0.0,,0,0,0,,0.0,,0,0,0,,0.0,,0,0,0,40,60,0,0,0,0
2026-07-23T04:03:16.719Z,30.56,64.54,471.61,0,1,19,21.87,55.66,,957.728,0,0,24.68,54.01,431.05,0,1,31,22.27,61.8,481.63,0,1,60,16.54,80.37,420.13,0,1,28,20.81,63.95,415.75,0,1,23,,0.0,,0,0,0,,0.0,,0,0,0,,0.0,,0,0,0,40,60,0,0,0,0
2026-07-23T04:03:21.719Z,30.56,64.49,464.45,0,1,22,21.87,55.68,,957.756,0,0,24.68,53.99,427.95,0,1,22,22.27,61.81,482.87,0,2,69,16.54,80.4,420.91,0,1,36,20.81,63.97,415.77,0,1,31,,0.0,,0,0,0,,0.0,,0,0,0,,0.0,,0,0,0,40,60,0,0,0,0
2026-07-23T04:03:26.720Z,30.55,64.48,465.11,0,1,57,21.86,55.69,,957.776,0,0,24.69,53.98,426.75,0,1,31,22.26,61.82,480.68,0,1,52,16.54,80.42,419.32,0,1,26,20.79,63.99,415.8,0,1,31,,0.0,,0,0,0,,0.0,,0,0,0,,0.0,,0,0,0,40,60,0,0,0,0
2026-07-23T04:03:31.719Z,30.55,64.46,462.79,0,1,43,21.85,55.71,,957.736,0,0,24.69,53.97,424.08,0,1,21,22.25,61.84,479.91,0,1,58,16.54,80.43,420.79,0,1,39,20.78,64.02,417.12,0,1,37,,0.0,,0,0,0,,0.0,,0,0,0,,0.0,,0,0,0,40,60,0,0,0,0
2026-07-23T04:03:36.718Z,30.55,64.43,463.02,0,1,54,21.84,55.73,,957.756,0,0,24.69,53.96,424.87,0,1,38,22.25,61.85,478.92,0,1,57,16.53,80.45,420.21,0,1,31,20.77,64.04,416.41,0,1,28,,0.0,,0,0,0,,0.0,,0,0,0,,0.0,,0,0,0,40,60,0,0,0,0
2026-07-23T04:03:41.719Z,30.55,64.38,469.71,0,2,89,21.83,55.76,,957.768,0,0,24.69,53.95,425.78,0,1,39,22.24,61.86,477.53,0,1,54,16.52,80.47,419.49,0,1,30,20.77,64.07,416.96,0,1,34,,0.0,,0,0,0,,0.0,,0,0,0,,0.0,,0,0,0,40,60,0,0,0,0
2026-07-23T04:03:46.720Z,30.55,64.33,472.24,0,2,69,21.82,55.78,,957.713,0,0,24.69,53.94,424.51,0,1,29,22.24,61.87,477.18,0,1,58,16.52,80.49,419.44,0,1,32,20.76,64.09,417.27,0,1,33,,0.0,,0,0,0,,0.0,,0,0,0,,0.0,,0,0,0,40,60,0,0,0,0
2026-07-23T04:03:51.852Z,30.55,64.34,473.42,0,1,64,21.82,55.8,,957.713,0,0,24.69,53.94,424.36,0,1,34,22.23,61.89,478.16,0,2,65,16.52,80.51,421.2,0,1,40,20.76,64.11,418.84,0,1,39,,0.0,,0,0,0,,0.0,,0,0,0,,0.0,,0,0,0,40,60,0,0,0,0
2026-07-23T04:03:56.801Z,30.54,64.41,485.28,0,2,126,21.81,55.82,,957.748,0,0,24.68,53.94,424.92,0,1,37,22.23,61.9,477.64,0,1,58,16.52,80.52,423.28,0,1,43,20.75,64.13,418.16,0,1,29,,0.0,,0,0,0,,0.0,,0,0,0,,0.0,,0,0,0,40,60,0,0,0,0
2026-07-23T04:04:01.720Z,30.53,64.51,492.65,0,2,106,21.8,55.85,,957.748,0,0,24.68,53.94,422.43,0,1,20,22.22,61.91,478.38,0,1,64,16.52,80.55,424.95,0,1,42,20.74,64.15,418.64,0,1,34,,0.0,,0,0,0,,0.0,,0,0,0,,0.0,,0,0,0,40,60,0,0,0,0
2026-07-23T04:04:06.717Z,30.53,64.63,495.48,0,2,83,21.79,55.87,,957.823,0,0,24.67,53.95,420.48,0,1,25,22.22,61.92,477.34,0,1,56,16.51,80.57,422.45,0,1,21,20.74,64.17,418.08,0,1,29,,0.0,,0,0,0,,0.0,,0,0,0,,0.0,,0,0,0,40,60,0,0,0,0
2026-07-23T04:04:11.717Z,30.52,64.75,489.94,0,1,42,21.78,55.89,,957.681,0,0,24.67,53.95,420.44,0,1,32,22.21,61.94,474.41,0,1,46,16.51,80.59,420.31,0,1,24,20.72,64.19,419.47,0,1,38,,0.0,,0,0,0,,0.0,,0,0,0,,0.0,,0,0,0,40,60,0,0,0,0
2026-07-23T04:04:16.721Z,30.52,64.88,481.64,0,1,27,21.77,55.92,,957.784,0,0,24.66,53.96,419.99,0,1,31,22.21,61.95,475.57,0,2,65,16.52,80.61,419.18,0,1,28,20.72,64.22,417.52,0,1,23,,0.0,,0,0,0,,0.0,,0,0,0,,0.0,,0,0,0,40,60,0,0,0,0
2026-07-23T04:04:21.719Z,30.52,64.98,474.58,0,1,28,21.76,55.94,,957.768,0,0,24.66,53.97,420.09,0,1,33,22.2,61.97,476.21,0,1,62,16.52,80.61,418.86,0,1,31,20.71,64.25,416.37,0,1,26,,0.0,,0,0,0,,0.0,,0,0,0,,0.0,,0,0,0,40,60,0,0,0,0
2026-07-23T04:04:26.717Z,30.52,65.06,476.92,0,2,71,21.75,55.97,,957.764,0,0,24.65,53.98,420.68,0,1,35,22.2,61.97,468.59,0,1,0,16.51,80.61,417.97,0,1,28,20.71,64.26,416.43,0,1,31,,0.0,,0,0,0,,0.0,,0,0,0,,0.0,,0,0,0,40,60,0,0,0,0
2026-07-23T04:04:31.720Z,30.52,65.06,476.13,0,1,56,21.74,55.99,,957.764,0,0,24.65,54.0,419.52,0,1,28,22.19,61.98,461.73,0,1,0,16.51,80.61,419.58,0,1,39,20.7,64.28,417.39,0,1,35,,0.0,,0,0,0,,0.0,,0,0,0,,0.0,,0,0,0,40,60,0,0,0,0
2026-07-23T04:04:36.718Z,30.52,65.09,478.52,0,2,72,21.73,56.02,,957.74,0,0,24.64,54.01,422.26,0,1,45,22.19,61.99,468.96,0,2,91,16.51,80.6,419.72,0,1,33,20.69,64.31,416.05,0,1,26,,0.0,,0,0,0,,0.0,,0,0,0,,0.0,,0,0,0,40,60,0,0,0,0
2026-07-23T04:04:41.720Z,30.51,65.12,480.26,0,2,70,21.72,56.04,,957.74,0,0,24.63,54.02,421.74,0,1,31,22.18,62.0,469.46,0,1,58,16.5,80.59,418.35,0,1,26,20.68,64.32,414.95,0,1,26,,0.0,,0,0,0,,0.0,,0,0,0,,0.0,,0,0,0,40,60,0,0,0,0
2026-07-23T04:04:46.726Z,30.51,65.17,477.44,0,1,47,21.71,56.06,,957.792,0,0,24.63,54.03,423.56,0,1,42,22.18,62.01,469.51,0,1,57,16.5,80.59,417.91,0,1,30,20.67,64.35,415.15,0,1,31,,0.0,,0,0,0,,0.0,,0,0,0,,0.0,,0,0,0,40,60,0,0,0,0
2026-07-23T04:04:51.725Z,30.51,65.23,473.99,0,1,43,21.71,56.09,,957.792,0,0,24.63,54.04,425.01,0,1,41,22.18,62.02,472.76,0,2,73,16.5,80.6,417.92,0,1,32,20.66,64.37,414.34,0,1,27,,0.0,,0,0,0,,0.0,,0,0,0,,0.0,,0,0,0,40,60,0,0,0,0
2026-07-23T04:04:56.718Z,30.51,65.23,472.19,0,1,50,21.7,56.11,,957.673,0,0,24.62,54.04,424.31,0,1,32,22.17,62.03,474.59,0,2,67,16.5,80.62,417.23,0,1,29,20.66,64.39,413.7,0,1,27,,0.0,,0,0,0,,0.0,,0,0,0,,0.0,,0,0,0,40,60,0,0,0,0
2026-07-23T04:05:01.753Z,30.51,65.23,468.67,0,1,41,21.69,56.13,,957.733,0,0,24.61,54.05,423.48,0,1,31,22.16,62.04,476.03,0,2,66,16.5,80.64,416.31,0,1,27,20.66,64.41,412.93,0,1,26,,0.0,,0,0,0,,0.0,,0,0,0,,0.0,,0,0,0,40,60,0,0,0,0
2026-07-23T04:05:06.718Z,30.51,65.18,463.31,0,1,30,21.68,56.15,,957.733,0,0,24.61,54.05,422.23,0,1,29,22.16,62.05,478.03,0,2,70,16.49,80.66,415.08,0,1,25,20.66,64.42,411.64,0,1,20,,0.0,,0,0,0,,0.0,,0,0,0,,0.0,,0,0,0,40,60,0,0,0,0
2026-07-23T04:05:11.862Z,30.51,65.18,458.08,0,1,28,21.67,56.17,,957.823,0,0,24.6,54.06,422.81,0,1,36,22.15,62.07,478.67,0,1,57,16.49,80.68,413.57,0,1,22,20.65,64.44,410.48,0,1,23,,0.0,,0,0,0,,0.0,,0,0,0,,0.0,,0,0,0,40,60,0,0,0,0
2026-07-23T04:05:16.721Z,30.52,65.21,455.07,0,1,36,21.66,56.2,,957.681,0,0,24.59,54.08,421.23,0,1,27,22.15,62.08,478.11,0,1,58,16.49,80.69,412.21,0,1,24,20.64,64.47,413.03,0,1,40,,0.0,,0,0,0,,0.0,,0,0,0,,0.0,,0,0,0,40,60,0,0,0,0
2026-07-23T04:05:21.720Z,30.52,65.23,451.26,0,1,31,21.66,56.22,,957.681,0,0,24.58,54.09,421.0,0,1,32,22.14,62.1,479.49,0,2,68,16.49,80.72,413.49,0,1,35,20.64,64.49,413.62,0,1,32,,0.0,,0,0,0,,0.0,,0,0,0,,0.0,,0,0,0,40,60,0,0,0,0
2026-07-23T04:05:26.724Z,30.52,65.21,446.84,0,1,27,21.65,56.25,,957.717,0,0,24.57,54.11,418.9,0,1,21,22.14,62.11,480.15,0,2,65,16.49,80.74,414.04,0,1,32,20.63,64.51,414.06,0,1,32,,0.0,,0,0,0,,0.0,,0,0,0,,0.0,,0,0,0,40,60,0,0,0,0
2026-07-23T04:05:31.718Z,30.52,65.22,442.35,0,1,25,21.64,56.27,,957.709,0,0,24.56,54.13,418.61,0,1,31,22.13,62.13,480.43,0,1,63,16.48,80.76,413.54,0,1,27,20.62,64.52,413.56,0,1,28,,0.0,,0,0,0,,0.0,,0,0,0,,0.0,,0,0,0,40,60,0,0,0,0
2026-07-23T04:05:36.721Z,30.52,65.25,438.12,0,1,6,21.63,56.3,,957.748,0,0,24.56,54.15,419.65,0,1,37,22.12,62.14,478.99,0,1,54,16.48,80.77,412.28,0,1,24,20.61,64.55,413.5,0,1,29,,0.0,,0,0,0,,0.0,,0,0,0,,0.0,,0,0,0,40,60,0,0,0,0
2026-07-23T04:05:41.716Z,30.52,65.28,434.31,0,1,14,21.62,56.32,,957.748,0,0,24.55,54.16,417.69,0,1,21,22.11,62.16,479.69,0,2,65,16.48,80.79,411.45,0,1,26,20.6,64.57,412.15,0,1,24,,0.0,,0,0,0,,0.0,,0,0,0,,0.0,,0,0,0,40,60,0,0,0,0
2026-07-23T04:05:46.716Z,30.52,65.33,430.87,0,1,17,21.61,56.35,,957.752,0,0,24.55,54.18,415.92,0,1,22,22.1,62.18,478.22,0,1,54,16.48,80.8,412.01,0,1,31,20.59,64.59,410.94,0,1,22,,0.0,,0,0,0,,0.0,,0,0,0,,0.0,,0,0,0,40,60,0,0,0,0
2026-07-23T04:05:51.722Z,30.52,65.38,427.79,0,1,23,21.6,56.38,,957.697,0,0,24.54,54.2,416.83,0,1,35,22.09,62.21,479.15,0,1,0,16.48,80.81,412.11,0,1,29,20.59,64.62,411.54,0,1,31,,0.0,,0,0,0,,0.0,,0,0,0,,0.0,,0,0,0,40,60,0,0,0,0
2026-07-23T04:05:56.717Z,30.51,65.44,425.01,0,1,10,21.59,56.4,,957.709,0,0,24.53,54.21,415.14,0,1,19,22.09,62.23,482.23,0,2,77,16.48,80.82,411.1,0,1,25,20.58,64.63,410.39,0,1,19,,0.0,,0,0,0,,0.0,,0,0,0,,0.0,,0,0,0,40,60,0,0,0,0
2026-07-23T04:06:01.751Z,30.51,65.49,423.81,0,1,29,21.58,56.43,,957.685,0,0,24.52,54.23,413.63,0,1,20,22.08,62.25,485.11,0,2,78,16.48,80.84,409.99,0,1,24,20.57,64.66,411.05,0,1,31,,0.0,,0,0,0,,0.0,,0,0,0,,0.0,,0,0,0,40,60,0,0,0,0
2026-07-23T04:06:06.722Z,30.5,65.56,422.73,0,1,29,21.58,56.45,,957.725,0,0,24.51,54.26,412.27,0,1,23,22.07,62.27,486.4,0,2,65,16.49,80.85,409.89,0,1,28,20.57,64.68,411.24,0,1,29,,0.0,,0,0,0,,0.0,,0,0,0,,0.0,,0,0,0,40,60,0,0,0,0
2026-07-23T04:06:11.722Z,30.5,65.6,420.75,0,1,25,21.57,56.48,,957.744,0,0,24.5,54.28,412.44,0,1,30,22.07,62.29,486.26,0,1,64,16.49,80.86,410.4,0,1,30,20.57,64.7,410.12,0,1,20,,0.0,,0,0,0,,0.0,,0,0,0,,0.0,,0,0,0,40,60,0,0,0,0
2026-07-23T04:06:16.722Z,30.5,65.59,419.48,0,1,27,21.56,56.51,,957.729,0,0,24.49,54.3,414.3,0,1,37,22.06,62.31,485.73,0,1,62,16.49,80.88,410.06,0,1,27,20.56,64.71,409.71,0,1,26,,0.0,,0,0,0,,0.0,,0,0,0,,0.0,,0,0,0,40,60,0,0,0,0
2026-07-23T04:06:21.722Z,30.49,65.59,418.43,0,1,28,21.55,56.53,,957.729,0,0,24.49,54.32,416.17,0,1,39,22.06,62.33,485.16,0,1,62,16.49,80.9,411.15,0,1,33,20.56,64.73,408.94,0,1,25,,0.0,,0,0,0,,0.0,,0,0,0,,0.0,,0,0,0,40,60,0,0,0,0
2026-07-23T04:06:26.722Z,30.49,65.55,417.99,0,1,30,21.54,56.57,,957.768,0,0,24.48,54.33,415.95,0,1,30,22.05,62.34,483.74,0,1,57,16.49,80.91,410.94,0,1,28,20.55,64.75,410.14,0,1,33,,0.0,,0,0,0,,0.0,,0,0,0,,0.0,,0,0,0,40,60,0,0,0,0
2026-07-23T04:06:31.716Z,30.49,65.49,420.79,0,1,45,21.53,56.59,,957.65,0,0,24.48,54.35,414.55,0,1,25,22.05,62.36,484.67,0,2,68,16.49,80.92,411.54,0,1,31,20.54,64.76,409.83,0,1,27,,0.0,,0,0,0,,0.0,,0,0,0,,0.0,,0,0,0,40,60,0,0,0,0
2026-07-23T04:06:36.723Z,30.49,65.43,422.21,0,1,40,21.53,56.62,,957.772,0,0,24.47,54.36,414.0,0,1,28,22.04,62.38,486.2,0,2,72,16.49,80.93,411.09,0,1,27,20.53,64.78,410.55,0,1,31,,0.0,,0,0,0,,0.0,,0,0,0,,0.0,,0,0,0,40,60,0,0,0,0
2026-07-23T04:06:41.716Z,30.48,65.37,427.69,0,1,60,21.52,56.65,,957.705,0,0,24.46,54.38,414.3,0,1,31,22.03,62.4,485.28,0,1,60,16.49,80.93,410.38,0,1,25,20.52,64.8,410.19,0,1,27,,0.0,,0,0,0,,0.0,,0,0,0,,0.0,,0,0,0,40,60,0,0,0,0
2026-07-23T04:06:46.722Z,30.48,65.33,433.52,0,2,65,21.51,56.67,,957.705,0,0,24.46,54.39,413.57,0,1,27,22.03,62.42,485.25,0,1,64,16.49,80.94,409.34,0,1,23,20.51,64.82,410.27,0,1,29,,0.0,,0,0,0,,0.0,,0,0,0,,0.0,,0,0,0,40,60,0,0,0,0
2026-07-23T04:06:51.722Z,30.49,65.31,436.97,0,1,55,21.5,56.7,,957.713,0,0,24.45,54.41,413.11,0,1,28,22.02,62.44,486.63,0,2,72,16.48,80.94,410.01,0,1,31,20.5,64.85,409.75,0,1,26,,0.0,,0,0,0,,0.0,,0,0,0,,0.0,,0,0,0,40,60,0,0,0,0
2026-07-23T04:06:56.722Z,30.49,65.32,444.67,0,2,80,21.49,56.73,,957.705,0,0,24.44,54.42,413.3,0,1,31,22.02,62.46,484.37,0,1,53,16.48,80.94,410.81,0,1,32,20.5,64.88,410.37,0,1,31,,0.0,,0,0,0,,0.0,,0,0,0,,0.0,,0,0,0,40,60,0,0,0,0
2026-07-23T04:07:01.716Z,30.5,65.36,445.1,0,1,46,21.48,56.75,,957.729,0,0,24.43,54.44,413.17,0,1,29,22.02,62.47,485.23,0,2,68,16.48,80.94,411.73,0,1,33,20.49,64.9,409.83,0,1,26,,0.0,,0,0,0,,0.0,,0,0,0,,0.0,,0,0,0,40,60,0,0,0,0
2026-07-23T04:07:06.721Z,30.51,65.4,444.19,0,1,40,21.48,56.78,,957.666,0,0,24.42,54.45,413.75,0,1,32,22.01,62.49,483.71,0,1,56,16.48,80.94,410.55,0,1,21,20.49,64.93,410.45,0,1,31,,0.0,,0,0,0,,0.0,,0,0,0,,0.0,,0,0,0,40,60,0,0,0,0
2026-07-23T04:07:11.721Z,30.51,65.45,447.77,0,1,61,21.47,56.8,,957.685,0,0,24.42,54.47,412.88,0,1,26,22.0,62.51,483.64,0,1,63,16.48,80.94,410.0,0,1,26,20.49,64.95,410.51,0,1,29,,0.0,,0,0,0,,0.0,,0,0,0,,0.0,,0,0,0,40,60,0,0,0,0
2026-07-23T04:07:16.722Z,30.52,65.5,447.0,0,1,42,21.46,56.82,,957.871,0,0,24.41,54.49,412.39,0,1,27,22.0,62.52,483.37,0,1,62,16.47,80.94,410.6,0,1,31,20.48,64.97,411.05,0,1,31,,0.0,,0,0,0,,0.0,,0,0,0,,0.0,,0,0,0,40,60,0,0,0,0
2026-07-23T04:07:21.721Z,30.53,65.52,445.9,0,1,40,21.45,56.85,,957.756,0,0,24.4,54.51,412.65,0,1,30,21.99,62.6,480.93,0,1,51,16.61,81.4,424.64,0,2,101,20.48,64.99,411.35,0,1,30,,0.0,,0,0,0,,0.0,,0,0,0,,0.0,,0,0,0,40,60,0,0,0,0
2026-07-23T04:07:26.754Z,30.53,65.46,445.61,0,1,43,21.44,56.87,,957.756,0,0,24.4,54.52,411.79,0,1,26,21.99,62.66,483.04,0,2,73,16.73,81.81,433.18,0,2,121,20.48,65.01,410.21,0,1,24,,0.0,,0,0,0,,0.0,,0,0,0,,0.0,,0,0,0,40,60,0,0,0,0
2026-07-23T04:07:31.721Z,30.53,65.41,442.15,0,1,29,21.44,56.89,,957.666,0,0,24.39,54.55,412.11,0,1,30,21.99,62.81,484.44,0,2,71,16.93,82.45,436.76,0,1,56,20.48,65.04,412.09,0,1,37,,0.0,,0,0,0,,0.0,,0,0,0,,0.0,,0,0,0,40,60,0,0,0,0
2026-07-23T04:07:36.720Z,30.53,65.35,440.23,0,1,34,21.43,56.98,,957.677,0,0,24.38,54.62,414.5,0,1,40,21.98,62.96,486.19,0,2,73,17.1,82.94,443.68,0,2,76,20.48,65.14,415.38,0,1,44,,0.0,,0,0,0,,0.0,,0,0,0,,0.0,,0,0,0,40,60,0,0,0,0
2026-07-23T04:07:41.720Z,30.53,65.3,439.71,0,1,40,21.42,57.1,,957.677,0,0,24.37,54.72,416.05,0,1,37,21.99,63.12,487.87,0,2,74,17.18,83.1,441.41,0,1,33,20.48,65.24,415.75,0,1,32,,0.0,,0,0,0,,0.0,,0,0,0,,0.0,,0,0,0,40,60,0,0,0,0
2026-07-23T04:07:46.721Z,30.52,65.26,436.24,0,1,26,21.41,57.21,,957.677,0,0,24.36,54.81,416.74,0,1,34,21.99,63.26,487.69,0,2,65,17.25,83.25,442.97,0,1,50,20.49,65.33,416.67,0,1,35,,0.0,,0,0,0,,0.0,,0,0,0,,0.0,,0,0,0,40,60,0,0,0,0
2026-07-23T04:07:51.720Z,30.52,65.21,440.31,0,1,60,21.41,57.33,,957.681,0,0,24.35,54.93,415.07,0,1,23,22.0,63.36,488.32,0,2,69,17.3,83.32,441.48,0,1,36,20.49,65.43,415.0,0,1,19,,0.0,,0,0,0,,0.0,,0,0,0,,0.0,,0,0,0,40,60,0,0,0,0
2026-07-23T04:07:56.721Z,30.51,65.17,442.38,0,1,52,21.4,57.43,,957.681,0,0,24.34,55.04,416.16,0,1,35,22.0,63.46,487.49,0,1,62,17.29,83.18,437.33,0,1,22,20.5,65.53,415.9,0,1,34,,0.0,,0,0,0,,0.0,,0,0,0,,0.0,,0,0,0,40,60,0,0,0,0
2026-07-23T04:08:01.720Z,30.51,65.14,446.94,0,2,66,21.39,57.53,,957.729,0,0,24.34,55.14,416.75,0,1,33,22.0,63.51,487.34,0,2,65,17.28,83.05,433.79,0,1,25,20.5,65.62,416.51,0,1,34,,0.0,,0,0,0,,0.0,,0,0,0,,0.0,,0,0,0,40,60,0,0,0,0
2026-07-23T04:08:06.719Z,30.5,65.12,451.95,0,2,71,21.39,57.62,,957.729,0,0,24.34,55.24,417.27,0,1,33,22.0,63.57,487.2,0,2,65,17.27,82.93,430.62,0,1,25,20.51,65.71,417.06,0,1,34,,0.0,,0,0,0,,0.0,,0,0,0,,0.0,,0,0,0,40,60,0,0,0,0
2026-07-23T04:08:11.720Z,30.5,65.09,453.46,0,1,55,21.38,57.7,,957.729,0,0,24.34,55.33,417.74,0,1,33,22.01,63.62,487.08,0,2,65,17.26,82.83,427.75,0,1,25,20.51,65.78,417.56,0,1,34,,0.0,,0,0,0,,0.0,,0,0,0,,0.0,,0,0,0,40,60,0,0,0,0
2026-07-23T04:08:16.720Z,30.49,65.05,454.71,0,1,55,21.38,57.77,,957.729,0,0,24.34,55.4,418.17,0,1,33,22.01,63.66,486.98,0,2,65,17.25,82.74,425.18,0,1,25,20.52,65.84,418.0,0,1,34,,0.0,,0,0,0,,0.0,,0,0,0,,0.0,,0,0,0,40,60,0,0,0,0
2026-07-23T04:08:21.718Z,30.48,65.01,459.44,0,2,73,21.37,57.83,,957.713,0,0,24.33,55.46,419.55,0,1,38,22.01,63.67,486.18,0,1,61,17.19,82.49,422.66,0,1,23,20.51,65.9,418.4,0,1,33,,0.0,,0,0,0,,0.0,,0,0,0,,0.0,,0,0,0,40,60,0,0,0,0
2026-07-23T04:08:26.720Z,30.47,65.02,462.59,0,2,67,21.37,57.89,,957.733,0,0,24.33,55.52,419.7,0,1,33,22.01,63.68,486.56,0,2,67,17.12,82.28,424.49,0,1,42,20.5,65.95,417.16,0,1,27,,0.0,,0,0,0,,0.0,,0,0,0,,0.0,,0,0,0,40,60,0,0,0,0
2026-07-23T04:08:31.720Z,30.46,65.03,464.54,0,1,63,21.36,57.94,,957.689,0,0,24.33,55.55,422.23,0,1,44,22.01,63.68,486.0,0,1,62,17.06,82.08,428.35,0,1,53,20.49,66.0,415.44,0,1,24,,0.0,,0,0,0,,0.0,,0,0,0,,0.0,,0,0,0,40,60,0,0,0,0
2026-07-23T04:08:36.719Z,30.46,65.03,467.68,0,2,70,21.36,57.98,,957.701,0,0,24.33,55.59,422.8,0,1,36,22.01,63.68,485.5,0,1,62,17.0,81.91,429.71,0,1,43,20.49,66.05,414.7,0,1,27,,0.0,,0,0,0,,0.0,,0,0,0,,0.0,,0,0,0,40,60,0,0,0,0
2026-07-23T04:08:41.719Z,30.45,65.0,473.71,0,2,88,21.35,58.02,,957.693,0,0,24.33,55.61,423.22,0,1,36,22.01,63.66,484.4,0,1,65437,16.95,81.76,432.64,0,1,51,20.48,66.08,415.03,0,1,32,,0.0,,0,0,0,,0.0,,0,0,0,,0.0,,0,0,0,40,60,0,0,0,0
2026-07-23T04:08:46.719Z,30.45,64.96,483.04,0,2,110,21.34,58.05,,957.677,0,0,24.33,55.63,420.9,0,1,24,22.01,63.65,482.76,0,1,56,16.89,81.62,433.98,0,1,45,20.48,66.12,415.83,0,1,34,,0.0,,0,0,0,,0.0,,0,0,0,,0.0,,0,0,0,40,60,0,0,0,0
2026-07-23T04:08:51.720Z,30.46,64.96,491.44,0,2,111,21.34,58.08,,957.744,0,0,24.33,55.64,420.71,0,1,32,22.01,63.63,480.99,0,1,54,16.85,81.51,433.78,0,1,38,20.47,66.14,415.44,0,1,29,,0.0,,0,0,0,,0.0,,0,0,0,,0.0,,0,0,0,40,60,0,0,0,0
2026-07-23T04:08:56.719Z,30.46,64.95,500.99,0,2,123,21.33,58.11,,957.744,0,0,24.33,55.66,421.74,0,1,38,22.01,63.61,477.79,0,1,46,16.8,81.4,433.6,0,1,38,20.47,66.16,415.0,0,1,29,,0.0,,0,0,0,,0.0,,0,0,0,,0.0,,0,0,0,40,60,0,0,0,0
2026-07-23T04:09:01.719Z,30.47,64.95,508.49,0,2,117,21.33,58.14,,957.709,0,0,24.32,55.67,420.37,0,1,27,22.01,63.59,475.61,0,1,50,16.76,81.33,435.94,0,1,50,20.47,66.18,414.6,0,1,29,,0.0,,0,0,0,,0.0,,0,0,0,,0.0,,0,0,0,40,60,0,0,0,0
2026-07-23T04:09:06.719Z,30.47,65.03,512.95,0,2,102,21.32,58.16,,957.709,0,0,24.32,55.67,419.13,0,1,27,22.01,63.57,476.35,0,1,63,16.73,81.25,437.85,0,1,49,20.46,66.19,414.14,0,1,28,,0.0,,0,0,0,,0.0,,0,0,0,,0.0,,0,0,0,40,60,0,0,0,0
2026-07-23T04:09:11.719Z,30.47,65.06,515.55,0,2,94,21.31,58.18,,957.713,0,0,24.31,55.68,420.02,0,1,36,22.01,63.55,477.71,0,2,67,16.69,81.22,437.06,0,1,37,20.45,66.2,414.13,0,1,30,,0.0,,0,0,0,,0.0,,0,0,0,,0.0,,0,0,0,40,60,0,0,0,0
2026-07-23T04:09:16.719Z,30.48,65.04,518.3,0,2,96,21.31,58.19,,957.713,0,0,24.31,55.68,420.72,0,1,36,22.01,63.54,477.24,0,1,58,16.66,81.19,438.86,0,1,49,20.45,66.21,413.21,0,1,26,,0.0,,0,0,0,,0.0,,0,0,0,,0.0,,0,0,0,40,60,0,0,0,0
2026-07-23T04:09:21.719Z,30.48,64.99,522.52,0,3,442,21.3,58.21,,957.752,0,0,24.3,55.67,421.74,0,1,38,22.01,63.52,479.32,0,2,71,16.64,81.17,442.9,0,3,221,20.44,66.22,412.99,0,1,29,,0.0,,0,0,0,,0.0,,0,0,0,,0.0,,0,0,0,40,60,0,0,0,0
2026-07-23T04:09:26.717Z,30.49,64.94,528.07,0,5,2715,21.3,58.22,,957.76,0,0,24.3,55.67,422.67,0,1,38,22.0,63.51,487.09,0,2,105,16.61,81.16,448.97,0,3,631,20.44,66.23,414.29,0,1,35,,0.0,,0,0,0,,0.0,,0,0,0,,0.0,,0,0,0,40,60,0,0,0,0
2026-07-23T04:09:31.719Z,30.49,64.85,534.82,0,5,4172,21.29,58.23,,957.764,0,0,24.3,55.67,425.3,0,1,46,22.0,63.49,507.78,0,2,201,16.58,81.16,456.87,0,4,1125,20.43,66.24,418.06,0,1,47,,0.0,,0,0,0,,0.0,,0,0,0,,0.0,,0,0,0,40,60,0,0,0,0
2026-07-23T04:09:36.718Z,30.49,64.77,542.65,0,5,4735,21.28,58.24,,957.701,0,0,24.3,55.67,428.57,0,1,51,22.0,63.48,526.1,0,2,198,16.56,81.16,466.41,0,4,1292,20.43,66.24,425.76,0,2,69,,0.0,,0,0,0,,0.0,,0,0,0,,0.0,,0,0,0,40,60,0,0,0,0
2026-07-23T04:09:41.719Z,30.5,64.71,551.45,0,5,5344,21.28,58.25,,957.701,0,0,24.3,55.67,440.51,0,2,99,21.99,63.47,549.09,0,3,254,16.53,81.17,477.42,0,4,1570,20.42,66.24,437.38,0,2,95,,0.0,,0,0,0,,0.0,,0,0,0,,0.0,,0,0,0,40,60,0,0,0,0
2026-07-23T04:09:46.719Z,30.5,64.68,561.13,0,5,6089,21.27,58.26,,957.721,0,0,24.3,55.66,454.86,0,2,121,21.99,63.45,569.98,0,3,256,16.5,81.18,489.77,0,4,1286,20.42,66.24,451.64,0,2,119,,0.0,,0,0,0,,0.0,,0,0,0,,0.0,,0,0,0,40,60,0,0,0,0
2026-07-23T04:09:51.718Z,30.5,64.68,571.58,0,5,5198,21.27,58.26,,957.693,0,0,24.3,55.65,472.18,0,2,151,21.98,63.45,584.28,0,2,217,16.48,81.2,503.31,0,4,856,20.42,66.23,479.08,0,3,228,,0.0,,0,0,0,,0.0,,0,0,0,,0.0,,0,0,0,40,60,0,0,0,0
2026-07-23T04:09:56.719Z,30.5,64.68,582.75,0,5,5023,21.26,58.27,,957.752,0,0,24.3,55.64,491.36,0,2,177,21.97,63.44,595.55,0,2,203,16.46,81.23,517.93,0,4,963,20.41,66.23,499.77,0,2,194,,0.0,,0,0,0,,0.0,,0,0,0,,0.0,,0,0,0,40,60,0,0,0,0
2026-07-23T04:10:01.719Z,30.5,64.68,594.55,0,5,4538,21.26,58.27,,957.756,0,0,24.29,55.63,508.72,0,2,178,21.97,63.44,607.85,0,129,65535,16.44,81.26,533.52,0,4,1011,20.4,66.24,518.19,0,2,193,,0.0,,0,0,0,,0.0,,0,0,0,,0.0,,0,0,0,40,60,0,0,0,0
2026-07-23T04:10:06.719Z,30.49,64.69,606.92,0,5,4379,21.25,58.28,,957.713,0,0,24.29,55.62,524.65,0,2,180,21.96,63.44,621.06,0,3,239,16.42,81.3,549.98,0,4,943,20.38,66.25,541.37,0,3,248,,0.0,,0,0,0,,0.0,,0,0,0,,0.0,,0,0,0,40,60,0,0,0,0
2026-07-23T04:10:11.718Z,30.49,64.7,619.81,0,5,3396,21.24,58.29,,957.665,0,0,24.27,55.61,537.69,0,2,170,21.95,63.44,636.46,0,3,271,16.41,81.34,567.22,0,4,902,20.36,66.26,563.24,0,3,258,,0.0,,0,0,0,,0.0,,0,0,0,,0.0,,0,0,0,40,60,0,0,0,0
2026-07-23T04:10:16.718Z,30.48,64.7,633.17,0,5,2755,21.24,58.29,,957.752,0,0,24.26,55.61,551.62,0,2,187,21.94,63.45,649.96,0,4,690,16.39,81.39,585.18,0,4,840,20.35,66.27,582.91,0,3,258,,0.0,,0,0,0,,0.0,,0,0,0,,0.0,,0,0,0,40,60,0,0,0,0
2026-07-23T04:10:21.718Z,30.48,64.72,646.94,0,5,2693,21.23,58.3,,957.752,0,0,24.25,55.61,565.26,0,2,196,21.93,63.45,661.77,0,3,265,16.38,81.44,603.77,0,4,863,20.34,66.29,601.72,0,3,268,,0.0,,0,0,0,,0.0,,0,0,0,,0.0,,0,0,0,40,60,0,0,0,0
2026-07-23T04:10:26.717Z,30.47,64.73,661.09,0,4,1847,21.22,58.3,,957.744,0,0,24.24,55.61,580.33,0,2,219,21.92,63.46,675.59,0,3,297,16.37,81.5,622.93,0,4,869,20.33,66.3,621.85,0,3,306,,0.0,,0,0,0,,0.0,,0,0,0,,0.0,,0,0,0,40,60,0,0,0,0
2026-07-23T04:10:31.718Z,30.47,64.73,675.57,0,4,1132,21.22,58.31,,957.693,0,0,24.23,55.62,595.0,0,3,228,21.91,63.47,687.43,0,3,290,16.36,81.55,642.6,0,3,626,20.32,66.31,640.26,0,3,313,,0.0,,0,0,0,,0.0,,0,0,0,,0.0,,0,0,0,40,60,0,0,0,0
2026-07-23T04:10:36.717Z,30.46,64.74,690.36,0,3,622,21.21,58.32,,957.701,0,0,24.21,55.63,611.4,0,3,256,21.9,63.48,693.19,0,3,244,16.35,81.6,662.74,0,3,428,20.31,66.32,657.44,0,3,332,,0.0,,0,0,0,,0.0,,0,0,0,,0.0,,0,0,0,40,60,0,0,0,0
2026-07-23T04:10:41.717Z,30.46,64.74,705.43,0,3,420,21.21,58.33,,957.705,0,0,24.2,55.65,624.16,0,3,239,21.89,63.5,697.77,0,3,239,16.34,81.65,678.57,0,3,359,20.31,66.33,672.39,0,3,319,,0.0,,0,0,0,,0.0,,0,0,0,,0.0,,0,0,0,40,60,0,0,0,0
2026-07-23T04:10:46.717Z,30.45,64.72,718.48,0,3,403,21.2,58.34,,957.736,0,0,24.19,55.66,635.64,0,3,239,21.88,63.51,703.79,0,3,256,16.33,81.69,692.81,0,3,358,20.29,66.34,685.56,0,3,308,,0.0,,0,0,0,,0.0,,0,0,0,,0.0,,0,0,0,40,60,0,0,0,0
2026-07-23T04:10:51.717Z,30.45,64.7,729.54,0,3,382,21.19,58.35,,957.736,0,0,24.18,55.68,648.58,0,3,262,21.87,63.53,707.61,0,3,241,16.32,81.73,704.63,0,3,328,20.29,66.36,697.4,0,3,310,,0.0,,0,0,0,,0.0,,0,0,0,,0.0,,0,0,0,40,60,0,0,0,0
2026-07-23T04:10:56.717Z,30.44,64.7,738.78,0,3,475,21.18,58.36,,957.784,0,0,24.16,55.7,660.42,0,3,264,21.86,63.55,711.65,0,3,247,16.32,81.78,711.27,0,3,268,20.28,66.37,708.26,0,3,314,,0.0,,0,0,0,,0.0,,0,0,0,,0.0,,0,0,0,40,60,0,0,0,0
2026-07-23T04:11:01.719Z,30.43,64.7,746.4,0,3,342,21.18,58.37,,957.665,0,0,24.16,55.72,668.98,0,3,245,21.85,63.57,714.79,0,3,242,16.32,81.82,719.54,0,3,291,20.26,66.39,717.43,0,3,298,,0.0,,0,0,0,,0.0,,0,0,0,,0.0,,0,0,0,40,60,0,0,0,0
2026-07-23T04:11:06.719Z,30.43,64.72,745.96,0,3,241,21.17,58.38,,957.665,0,0,24.15,55.73,677.18,0,3,250,21.84,63.58,716.31,0,3,231,16.31,81.87,727.99,0,3,307,20.24,66.41,726.09,0,3,309,,0.0,,0,0,0,,0.0,,0,0,0,,0.0,,0,0,0,40,60,0,0,0,0
2026-07-23T04:11:11.804Z,30.42,64.73,745.75,0,3,456,21.17,58.38,,957.665,0,0,24.14,55.75,684.66,0,3,250,21.83,63.6,719.78,0,3,249,16.31,81.9,734.89,0,3,294,20.23,66.42,732.98,0,3,291,,0.0,,0,0,0,,0.0,,0,0,0,,0.0,,0,0,0,40,60,0,0,0,0
2026-07-23T04:11:16.729Z,30.42,64.74,745.76,0,3,534,21.16,58.39,,957.665,0,0,24.14,55.76,691.1,0,3,248,21.82,63.62,722.4,0,3,65531,16.31,81.94,743.6,0,3,362,20.22,66.44,740.08,0,3,308,,0.0,,0,0,0,,0.0,,0,0,0,,0.0,,0,0,0,40,60,0,0,0,0
2026-07-23T04:11:21.718Z,30.43,64.78,745.95,0,4,1004,21.16,58.4,,957.634,0,0,24.13,55.77,695.69,0,3,237,21.81,63.63,724.26,0,4,918,16.31,81.99,751.04,0,3,348,20.21,66.46,746.67,0,3,316,,0.0,,0,0,0,,0.0,,0,0,0,,0.0,,0,0,0,40,60,0,0,0,0
2026-07-23T04:11:26.717Z,30.43,64.85,746.3,0,4,1271,21.15,58.42,,957.776,0,0,24.12,55.79,699.62,0,3,235,21.8,63.66,725.43,0,3,236,16.31,82.04,756.54,0,3,314,20.21,66.49,752.71,0,3,318,,0.0,,0,0,0,,0.0,,0,0,0,,0.0,,0,0,0,40,60,0,0,0,0
2026-07-23T04:11:31.719Z,30.44,64.94,746.81,0,4,1206,21.14,58.44,,957.776,0,0,24.11,55.8,707.06,0,3,271,21.8,63.68,724.89,0,3,222,16.31,82.09,762.48,0,3,343,20.21,66.52,757.44,0,3,298,,0.0,,0,0,0,,0.0,,0,0,0,,0.0,,0,0,0,40,60,0,0,0,0
2026-07-23T04:11:36.727Z,30.44,65.0,747.46,0,4,653,21.14,58.46,,957.752,0,0,24.1,55.82,710.15,0,3,238,21.79,63.71,726.7,0,3,242,16.31,82.13,767.23,0,3,326,20.2,66.55,762.49,0,3,319,,0.0,,0,0,0,,0.0,,0,0,0,,0.0,,0,0,0,40,60,0,0,0,0
2026-07-23T04:11:41.718Z,30.44,65.0,748.23,0,4,676,21.13,58.48,,957.752,0,0,24.1,55.83,715.04,0,3,256,21.78,63.74,728.73,0,3,246,16.31,82.17,771.41,0,3,323,20.19,66.57,766.54,0,3,305,,0.0,,0,0,0,,0.0,,0,0,0,,0.0,,0,0,0,40,60,0,0,0,0
2026-07-23T04:11:46.717Z,30.44,64.99,749.12,0,4,1267,21.12,58.49,,957.752,0,0,24.09,55.84,719.43,0,3,256,21.77,63.76,730.56,0,3,246,16.31,82.21,775.17,0,3,323,20.19,66.59,770.19,0,3,305,,0.0,,0,0,0,,0.0,,0,0,0,,0.0,,0,0,0,40,60,0,0,0,0
2026-07-23T04:11:51.717Z,30.44,64.96,750.1,0,4,1889,21.12,58.52,,957.673,0,0,24.08,55.86,687.49,0,1,0,21.76,63.79,734.6,0,3,268,16.31,82.24,781.55,0,3,413,20.18,66.62,733.17,0,1,24,,0.0,,0,0,0,,0.0,,0,0,0,,0.0,,0,0,0,40,60,0,0,0,0
2026-07-23T04:11:56.716Z,30.45,64.92,751.17,0,4,1948,21.11,58.54,,957.752,0,0,24.07,55.88,659.24,0,1,26,21.75,63.82,738.24,0,3,268,16.32,82.27,787.3,0,3,413,20.18,66.64,699.85,0,1,19,,0.0,,0,0,0,,0.0,,0,0,0,,0.0,,0,0,0,40,60,0,0,0,0
2026-07-23T04:12:01.724Z,30.45,64.89,752.32,0,4,1762,21.1,58.56,,957.752,0,0,24.07,55.89,634.72,0,1,30,21.74,63.84,741.52,0,3,268,16.32,82.3,792.47,0,3,413,20.17,66.66,672.67,0,1,36,,0.0,,0,0,0,,0.0,,0,0,0,,0.0,,0,0,0,40,60,0,0,0,0
2026-07-23T04:12:06.723Z,30.46,64.86,753.55,0,4,1855,21.09,58.58,,957.732,0,0,24.06,55.91,613.94,0,1,36,21.72,63.86,744.47,0,3,268,16.32,82.32,797.12,0,3,413,20.17,66.68,645.7,0,1,25,,0.0,,0,0,0,,0.0,,0,0,0,,0.0,,0,0,0,40,60,0,0,0,0
2026-07-23T04:12:11.723Z,30.47,64.87,754.84,0,4,2016,21.09,58.6,,957.732,0,0,24.06,55.93,595.85,0,1,39,21.71,63.88,747.12,0,3,268,16.31,82.34,801.31,0,3,413,20.17,66.7,623.83,0,1,36,,0.0,,0,0,0,,0.0,,0,0,0,,0.0,,0,0,0,40,60,0,0,0,0
2026-07-23T04:12:16.721Z,30.47,64.94,756.19,0,4,902,21.08,58.61,,957.732,0,0,24.06,55.95,577.76,0,1,30,21.7,63.9,749.51,0,3,268,16.31,82.36,805.08,0,3,413,20.17,66.72,603.75,0,1,34,,0.0,,0,0,0,,0.0,,0,0,0,,0.0,,0,0,0,40,60,0,0,0,0
2026-07-23T04:12:21.722Z,30.48,65.01,757.6,0,4,1011,21.08,58.63,,957.705,0,0,24.04,55.97,561.49,0,1,30,21.68,63.95,751.66,0,3,268,16.31,82.39,764.57,0,1,24,20.17,66.74,585.67,0,1,34,,0.0,,0,0,0,,0.0,,0,0,0,,0.0,,0,0,0,40,60,0,0,0,0
2026-07-23T04:12:26.716Z,30.48,65.08,759.05,0,4,925,21.07,58.65,,957.705,0,0,24.03,55.98,545.34,0,1,24,21.65,63.99,753.59,0,3,268,16.3,82.41,728.11,0,1,17,20.16,66.76,567.81,0,1,27,,0.0,,0,0,0,,0.0,,0,0,0,,0.0,,0,0,0,40,60,0,0,0,0
2026-07-23T04:12:31.722Z,30.49,65.13,760.55,0,4,890,21.06,58.68,,957.779,0,0,24.02,56.0,534.11,0,1,39,21.62,64.04,755.33,0,3,268,16.3,82.44,695.3,0,1,18,20.16,66.79,554.43,0,1,39,,0.0,,0,0,0,,0.0,,0,0,0,,0.0,,0,0,0,40,60,0,0,0,0
2026-07-23T04:12:36.721Z,30.49,65.1,762.08,0,4,733,21.05,58.7,,957.673,0,0,24.01,56.03,520.79,0,1,24,21.59,64.1,756.9,0,3,268,16.3,82.45,665.77,0,1,18,20.14,66.81,540.18,0,1,29,,0.0,,0,0,0,,0.0,,0,0,0,,0.0,,0,0,0,40,60,0,0,0,0
2026-07-23T04:12:41.722Z,30.49,65.07,763.65,0,3,614,21.05,58.73,,957.756,0,0,24.0,56.05,512.62,0,1,41,21.55,64.17,757.87,0,128,65535,16.29,82.47,639.99,0,1,27,20.14,66.84,528.96,0,1,36,,0.0,,0,0,0,,0.0,,0,0,0,,0.0,,0,0,0,40,60,0,0,0,0
2026-07-23T04:12:46.722Z,30.49,65.03,765.25,0,4,717,21.04,58.75,,957.756,0,0,23.99,56.08,501.65,0,1,25,21.51,64.24,758.31,0,128,65535,16.29,82.48,619.39,0,1,39,20.13,66.87,518.47,0,1,34,,0.0,,0,0,0,,0.0,,0,0,0,,0.0,,0,0,0,40,60,0,0,0,0
2026-07-23T04:12:51.721Z,30.49,64.99,766.88,0,4,711,21.03,58.78,,957.732,0,0,23.98,56.11,493.29,0,1,32,21.46,64.34,758.27,0,128,65535,16.29,82.5,600.66,0,1,38,20.12,66.9,507.52,0,1,28,,0.0,,0,0,0,,0.0,,0,0,0,,0.0,,0,0,0,40,60,0,0,0,0
2026-07-23T04:12:56.716Z,30.48,64.96,768.53,0,3,548,21.03,58.8,,957.716,0,0,23.97,56.13,487.86,0,1,42,21.42,64.44,757.8,0,128,65535,16.28,82.51,580.59,0,1,23,20.11,66.92,498.07,0,1,30,,0.0,,0,0,0,,0.0,,0,0,0,,0.0,,0,0,0,40,60,0,0,0,0
2026-07-23T04:13:01.721Z,30.48,64.94,770.21,0,4,708,21.02,58.82,,957.716,0,0,23.97,56.15,482.87,0,1,41,21.38,64.54,756.94,0,128,65535,16.28,82.53,565.23,0,1,36,20.11,66.95,491.56,0,1,39,,0.0,,0,0,0,,0.0,,0,0,0,,0.0,,0,0,0,40,60,0,0,0,0
2026-07-23T04:13:06.721Z,30.48,64.9,771.9,0,3,580,21.01,58.84,,957.708,0,0,23.96,56.18,477.79,0,1,38,21.33,64.65,755.72,0,128,65535,16.28,82.55,551.01,0,1,34,20.1,66.97,486.91,0,1,44,,0.0,,0,0,0,,0.0,,0,0,0,,0.0,,0,0,0,40,60,0,0,0,0
2026-07-23T04:13:11.721Z,30.48,64.85,773.62,0,3,551,21.01,58.86,,957.708,0,0,23.95,56.2,471.71,0,1,31,21.29,64.74,754.2,0,128,65535,16.28,82.57,537.81,0,1,32,20.09,66.99,481.82,0,1,40,,0.0,,0,0,0,,0.0,,0,0,0,,0.0,,0,0,0,40,60,0,0,0,0
2026-07-23T04:13:16.721Z,30.49,64.8,775.35,0,3,568,21.0,58.88,,957.701,0,0,23.95,56.22,466.34,0,1,32,21.25,64.87,752.38,0,128,65535,16.28,82.58,524.93,0,1,28,20.09,67.01,475.93,0,1,34,,0.0,,0,0,0,,0.0,,0,0,0,,0.0,,0,0,0,40,60,0,0,0,0
2026-07-23T04:13:21.721Z,30.49,64.76,777.1,0,3,564,21.0,58.9,,957.701,0,0,23.94,56.24,462.6,0,1,36,21.21,64.98,750.32,0,128,65535,16.29,82.6,514.03,0,1,31,20.08,67.03,468.84,0,1,26,,0.0,,0,0,0,,0.0,,0,0,0,,0.0,,0,0,0,40,60,0,0,0,0
2026-07-23T04:13:26.770Z,30.49,64.67,778.86,0,3,571,20.99,58.93,,957.752,0,0,23.93,56.26,459.64,0,1,39,21.16,65.11,748.02,0,128,65535,16.29,82.61,502.93,0,1,25,20.08,67.05,465.06,0,1,38,,0.0,,0,0,0,,0.0,,0,0,0,,0.0,,0,0,0,40,60,0,0,0,0
2026-07-23T04:13:31.721Z,30.49,64.59,780.63,0,3,636,20.98,58.95,,957.752,0,0,23.92,56.29,453.98,0,1,25,21.12,65.23,745.52,0,128,65535,16.29,82.61,492.64,0,1,22,20.07,67.07,460.55,0,1,33,,0.0,,0,0,0,,0.0,,0,0,0,,0.0,,0,0,0,40,60,0,0,0,0
2026-07-23T04:13:36.716Z,30.49,64.5,782.42,0,3,611,20.98,58.97,,957.673,0,0,23.92,56.32,451.88,0,1,39,21.08,65.36,742.83,0,128,65535,16.29,82.61,486.77,0,1,39,20.07,67.09,457.4,0,1,37,,0.0,,0,0,0,,0.0,,0,0,0,,0.0,,0,0,0,40,60,0,0,0,0
2026-07-23T04:13:41.721Z,30.5,64.43,784.21,0,4,690,20.97,58.99,,957.728,0,0,23.91,56.34,450.29,0,1,40,21.04,65.48,739.97,0,128,65535,16.29,82.6,480.4,0,1,34,20.06,67.11,454.16,0,1,35,,0.0,,0,0,0,,0.0,,0,0,0,,0.0,,0,0,0,40,60,0,0,0,0
2026-07-23T04:13:46.720Z,30.5,64.34,786.01,0,4,719,20.96,59.01,,957.657,0,0,23.91,56.36,450.56,0,1,48,20.99,65.6,736.96,0,128,65535,16.28,82.6,473.26,0,1,28,20.06,67.12,452.34,0,1,40,,0.0,,0,0,0,,0.0,,0,0,0,,0.0,,0,0,0,40,60,0,0,0,0
2026-07-23T04:13:51.721Z,30.51,64.29,787.82,0,4,706,20.96,59.04,,957.752,0,0,23.9,56.37,450.31,0,1,45,20.95,65.72,733.82,0,128,65535,16.28,82.58,466.53,0,1,26,20.06,67.13,450.61,0,1,39,,0.0,,0,0,0,,0.0,,0,0,0,,0.0,,0,0,0,40,60,0,0,0,0
2026-07-23T04:13:56.721Z,30.52,64.3,789.64,0,3,314,20.95,59.06,,957.677,0,0,23.89,56.39,448.68,0,1,39,20.91,65.84,730.55,0,128,65535,16.28,82.55,460.58,0,1,27,20.05,67.14,448.45,0,1,37,,0.0,,0,0,0,,0.0,,0,0,0,,0.0,,0,0,0,40,60,0,0,0,0
2026-07-23T04:14:01.721Z,30.53,64.3,794.08,0,3,397,20.94,59.08,,957.677,0,0,23.88,56.4,447.41,0,1,40,20.88,65.95,727.18,0,128,65535,16.28,82.53,455.22,0,1,27,20.05,67.16,446.2,0,1,35,,0.0,,0,0,0,,0.0,,0,0,0,,0.0,,0,0,0,40,60,0,0,0,0
2026-07-23T04:14:06.721Z,30.54,64.34,797.67,0,3,386,20.94,59.1,,957.763,0,0,23.88,56.42,445.27,0,1,35,20.84,66.05,723.71,0,128,65535,16.27,82.52,451.5,0,1,32,20.05,67.17,444.68,0,1,38,,0.0,,0,0,0,,0.0,,0,0,0,,0.0,,0,0,0,40,60,0,0,0,0
2026-07-23T04:14:11.720Z,30.55,64.36,793.8,0,3,256,20.93,59.12,,957.763,0,0,23.88,56.44,443.64,0,1,36,20.81,66.15,720.14,0,128,65535,16.27,82.5,450.75,0,1,44,20.04,67.18,443.21,0,1,37,,0.0,,0,0,0,,0.0,,0,0,0,,0.0,,0,0,0,40,60,0,0,0,0
2026-07-23T04:14:16.720Z,30.55,64.34,795.72,0,3,336,20.93,59.14,,957.712,0,0,23.87,56.45,444.68,0,1,49,20.77,66.26,716.5,0,128,65407,16.27,82.48,449.87,0,1,43,20.03,67.2,441.19,0,1,34,,0.0,,0,0,0,,0.0,,0,0,0,,0.0,,0,0,0,40,60,0,0,0,0
2026-07-23T04:14:21.720Z,30.56,64.31,796.85,0,3,316,20.92,59.15,,957.732,0,0,23.87,56.47,445.91,0,1,50,20.74,66.37,712.78,0,128,65407,16.27,82.48,446.49,0,1,31,20.03,67.21,441.27,0,1,43,,0.0,,0,0,0,,0.0,,0,0,0,,0.0,,0,0,0,40,60,0,0,0,0
2026-07-23T04:14:26.718Z,30.56,64.31,798.26,0,3,327,20.91,59.17,,957.732,0,0,23.87,56.48,445.12,0,1,41,20.71,66.47,709.0,0,128,65407,16.26,82.47,442.24,0,1,25,20.02,67.23,441.55,0,1,44,,0.0,,0,0,0,,0.0,,0,0,0,,0.0,,0,0,0,40,60,0,0,0,0
2026-07-23T04:14:31.718Z,30.56,64.29,800.04,0,3,345,20.91,59.19,,957.688,0,0,23.86,56.49,443.71,0,1,38,20.68,66.58,705.16,0,128,65407,16.26,82.47,438.01,0,1,20,20.01,67.24,438.89,0,1,30,,0.0,,0,0,0,,0.0,,0,0,0,,0.0,,0,0,0,40,60,0,0,0,0
2026-07-23T04:14:36.719Z,30.56,64.29,803.43,0,3,399,20.9,59.2,,957.688,0,0,23.86,56.5,445.04,0,1,50,20.66,66.67,701.27,0,128,65407,16.26,82.47,434.21,0,1,21,20.0,67.25,436.9,0,1,32,,0.0,,0,0,0,,0.0,,0,0,0,,0.0,,0,0,0,40,60,0,0,0,0
2026-07-23T04:14:41.719Z,30.57,64.35,804.99,0,3,352,20.9,59.22,,957.736,0,0,23.85,56.5,444.03,0,1,40,20.63,66.76,697.33,0,128,65407,16.26,82.47,431.39,0,1,26,20.0,67.27,435.31,0,1,33,,0.0,,0,0,0,,0.0,,0,0,0,,0.0,,0,0,0,40,60,0,0,0,0
2026-07-23T04:14:46.719Z,30.58,64.41,794.49,0,2,205,20.89,59.23,,957.728,0,0,23.85,56.51,443.93,0,1,43,20.6,66.85,693.35,0,128,65407,16.25,82.47,428.25,0,1,14,20.0,67.28,435.48,0,1,40,,0.0,,0,0,0,,0.0,,0,0,0,,0.0,,0,0,0,40,60,0,0,0,0
2026-07-23T04:14:51.759Z,30.58,64.48,759.54,0,1,44,20.89,59.25,,957.767,0,0,23.85,56.51,442.54,0,1,37,20.58,66.95,689.33,0,0,0,16.25,82.46,425.43,0,1,22,19.99,67.29,433.43,0,1,30,,0.0,,0,0,0,,0.0,,0,0,0,,0.0,,0,0,0,40,60,0,0,0,0
2026-07-23T04:14:56.719Z,30.59,64.55,729.59,0,1,51,20.88,59.27,,957.688,0,0,23.84,56.52,442.98,0,1,45,20.56,67.03,685.28,0,0,0,16.25,82.45,422.88,0,1,20,19.99,67.31,431.49,0,1,30,,0.0,,0,0,0,,0.0,,0,0,0,,0.0,,0,0,0,40,60,0,0,0,0
2026-07-23T04:15:01.718Z,30.6,64.61,696.93,0,1,25,20.87,59.28,,957.669,0,0,23.84,56.52,440.88,0,1,33,20.53,67.11,681.19,0,0,0,16.25,82.43,420.6,0,1,21,19.98,67.32,429.44,0,1,29,,0.0,,0,0,0,,0.0,,0,0,0,,0.0,,0,0,0,40,60,0,0,0,0
2026-07-23T04:15:06.718Z,30.61,64.67,667.24,0,1,11,20.87,59.3,,957.665,0,0,23.83,56.54,438.7,0,1,32,20.51,67.19,677.08,0,0,0,16.25,82.42,419.64,0,1,29,19.97,67.34,428.0,0,1,30,,0.0,,0,0,0,,0.0,,0,0,0,,0.0,,0,0,0,40,60,0,0,0,0
2026-07-23T04:15:11.719Z,30.61,64.67,642.91,0,1,34,20.86,59.31,,957.72,0,0,23.82,56.54,436.73,0,1,32,20.49,67.25,672.94,0,0,0,16.25,82.41,419.27,0,1,31,19.97,67.35,427.0,0,1,32,,0.0,,0,0,0,,0.0,,0,0,0,,0.0,,0,0,0,40,60,0,0,0,0
2026-07-23T04:15:16.718Z,30.62,64.62,620.72,0,1,33,20.85,59.33,,957.72,0,0,23.81,56.55,433.05,0,1,19,20.47,67.32,668.78,0,0,0,16.24,82.39,417.95,0,1,26,19.96,67.37,424.6,0,1,25,,0.0,,0,0,0,,0.0,,0,0,0,,0.0,,0,0,0,40,60,0,0,0,0
2026-07-23T04:15:21.719Z,30.61,64.55,613.65,0,2,100,20.85,59.34,,957.677,0,0,23.8,56.56,432.25,0,1,35,20.45,67.38,664.6,0,0,0,16.24,82.38,418.85,0,1,36,19.97,67.37,424.14,0,1,33,,0.0,,0,0,0,,0.0,,0,0,0,,0.0,,0,0,0,40,60,0,0,0,0
2026-07-23T04:15:26.718Z,30.61,64.48,615.78,0,2,156,20.84,59.35,,957.696,0,0,23.79,56.57,431.02,0,1,33,20.44,67.44,660.4,0,0,0,16.24,82.37,420.67,0,1,40,19.96,67.37,421.72,0,1,22,,0.0,,0,0,0,,0.0,,0,0,0,,0.0,,0,0,0,40,60,0,0,0,0
2026-07-23T04:15:31.718Z,30.61,64.47,627.71,0,3,235,20.83,59.37,,957.7,0,0,23.78,56.58,428.52,0,1,26,20.42,67.5,656.18,0,0,0,16.23,82.37,421.3,0,1,36,19.94,67.39,420.95,0,1,30,,0.0,,0,0,0,,0.0,,0,0,0,,0.0,,0,0,0,40,60,0,0,0,0
2026-07-23T04:15:36.718Z,30.61,64.45,641.94,0,3,267,20.83,59.38,,957.712,0,0,23.77,56.6,429.47,0,1,41,20.41,67.55,651.95,0,0,0,16.23,82.38,420.87,0,1,31,19.93,67.41,422.86,0,1,42,,0.0,,0,0,0,,0.0,,0,0,0,,0.0,,0,0,0,40,60,0,0,0,0
2026-07-23T04:15:41.718Z,30.61,64.45,661.04,0,3,394,20.82,59.39,,957.72,0,0,23.76,56.62,427.62,0,1,28,20.39,67.61,647.71,0,0,0,16.22,82.39,423.08,0,1,43,19.91,67.43,420.77,0,1,25,,0.0,,0,0,0,,0.0,,0,0,0,,0.0,,0,0,0,40,60,0,0,0,0
2026-07-23T04:15:46.718Z,30.61,64.43,679.04,0,3,420,20.82,59.41,,957.72,0,0,23.74,56.65,426.36,0,1,31,20.37,67.66,643.45,0,0,0,16.22,82.41,425.37,0,1,45,19.9,67.45,420.19,0,1,30,,0.0,,0,0,0,,0.0,,0,0,0,,0.0,,0,0,0,40,60,0,0,0,0
2026-07-23T04:15:51.718Z,30.61,64.41,692.53,0,3,337,20.81,59.42,,957.688,0,0,23.73,56.66,426.12,0,1,34,20.36,67.72,639.18,0,0,0,16.22,82.43,428.04,0,1,48,19.89,67.48,420.67,0,1,35,,0.0,,0,0,0,,0.0,,0,0,0,,0.0,,0,0,0,40,60,0,0,0,0
2026-07-23T04:15:56.718Z,30.6,64.38,702.08,0,3,285,20.8,59.44,,957.704,0,0,23.72,56.69,426.41,0,1,37,20.34,67.77,634.91,0,0,0,16.22,82.45,430.03,0,1,46,19.89,67.51,420.61,0,1,32,,0.0,,0,0,0,,0.0,,0,0,0,,0.0,,0,0,0,40,60,0,0,0,0
2026-07-23T04:16:01.717Z,30.6,64.38,705.47,0,3,236,20.8,59.45,,957.68,0,0,23.71,56.71,426.47,0,1,36,20.33,67.83,630.62,0,0,0,16.22,82.47,431.93,0,1,46,19.88,67.53,419.45,0,1,28,,0.0,,0,0,0,,0.0,,0,0,0,,0.0,,0,0,0,40,60,0,0,0,0
2026-07-23T04:16:06.717Z,30.59,64.38,705.93,0,2,214,20.79,59.47,,957.68,0,0,23.7,56.72,426.52,0,1,36,20.32,67.87,626.33,0,0,0,16.22,82.49,433.64,0,1,46,19.88,67.54,418.4,0,1,28,,0.0,,0,0,0,,0.0,,0,0,0,,0.0,,0,0,0,40,60,0,0,0,0
2026-07-23T04:16:11.718Z,30.58,64.39,692.03,0,2,111,20.79,59.48,,957.68,0,0,23.7,56.74,426.57,0,1,36,20.31,67.92,622.02,0,0,0,16.22,82.51,435.17,0,1,46,19.88,67.55,417.46,0,1,28,,0.0,,0,0,0,,0.0,,0,0,0,,0.0,,0,0,0,40,60,0,0,0,0
2026-07-23T04:16:16.717Z,30.57,64.39,679.73,0,2,112,20.78,59.49,,957.68,0,0,23.69,56.75,426.61,0,1,36,20.3,67.95,617.72,0,0,0,16.22,82.52,436.56,0,1,46,19.87,67.57,416.62,0,1,28,,0.0,,0,0,0,,0.0,,0,0,0,,0.0,,0,0,0,40,60,0,0,0,0
2026-07-23T04:16:21.773Z,30.56,64.38,668.46,0,2,111,20.78,59.51,,957.661,0,0,23.68,56.78,426.25,0,1,34,20.29,68.0,613.4,0,128,65535,16.22,82.53,434.7,0,1,32,19.88,67.58,416.15,0,1,29,,0.0,,0,0,0,,0.0,,0,0,0,,0.0,,0,0,0,40,60,0,0,0,0
2026-07-23T04:16:26.718Z,30.55,64.35,657.41,0,2,105,20.77,59.52,,957.661,0,0,23.67,56.79,425.03,0,1,30,20.27,68.04,609.09,0,128,65535,16.22,82.53,431.23,0,1,21,19.88,67.59,416.44,0,1,32,,0.0,,0,0,0,,0.0,,0,0,0,,0.0,,0,0,0,40,60,0,0,0,0
2026-07-23T04:16:31.717Z,30.54,64.35,654.57,0,2,151,20.76,59.54,,957.716,0,0,23.67,56.81,422.52,0,1,23,20.26,68.08,604.76,0,128,65535,16.22,82.53,429.61,0,1,31,19.87,67.6,414.79,0,1,22,,0.0,,0,0,0,,0.0,,0,0,0,,0.0,,0,0,0,40,60,0,0,0,0
2026-07-23T04:16:36.717Z,30.53,64.33,645.21,0,2,107,20.76,59.56,,957.716,0,0,23.66,56.83,420.27,0,1,16,20.25,68.12,600.44,0,128,65535,16.23,82.54,426.95,0,1,25,19.87,67.6,413.51,0,1,25,,0.0,,0,0,0,,0.0,,0,0,0,,0.0,,0,0,0,40,60,0,0,0,0
2026-07-23T04:16:41.716Z,30.51,64.3,626.19,0,1,49,20.75,59.57,,957.696,0,0,23.65,56.85,418.64,0,1,25,20.24,68.16,596.11,0,128,65535,16.23,82.53,424.85,0,1,26,19.86,67.61,412.16,0,1,23,,0.0,,0,0,0,,0.0,,0,0,0,,0.0,,0,0,0,40,60,0,0,0,0
2026-07-23T04:16:46.717Z,30.51,64.26,608.47,0,1,46,20.74,59.59,,957.649,0,0,23.65,56.87,418.68,0,1,32,20.23,68.2,591.77,0,128,65535,16.23,82.53,422.77,0,1,25,19.86,67.62,410.95,0,1,23,,0.0,,0,0,0,,0.0,,0,0,0,,0.0,,0,0,0,40,60,0,0,0,0
2026-07-23T04:16:51.717Z,30.5,64.25,592.43,0,1,46,20.74,59.61,,957.66,0,0,23.64,56.89,419.01,0,1,33,20.22,68.23,587.43,0,128,65535,16.23,82.53,421.59,0,1,29,19.85,67.64,410.55,0,1,27,,0.0,,0,0,0,,0.0,,0,0,0,,0.0,,0,0,0,40,60,0,0,0,0
2026-07-23T04:16:56.716Z,30.51,64.23,582.08,0,2,66,20.73,59.63,,957.66,0,0,23.63,56.9,420.01,0,1,37,20.22,68.27,583.09,0,128,65535,16.24,82.53,419.93,0,1,26,19.85,67.65,409.5,0,1,23,,0.0,,0,0,0,,0.0,,0,0,0,,0.0,,0,0,0,40,60,0,0,0,0
2026-07-23T04:17:01.716Z,30.51,64.21,572.87,0,2,67,20.72,59.64,,957.7,0,0,23.62,56.92,418.61,0,1,26,20.21,68.3,578.75,0,128,32896,16.24,82.53,419.54,0,1,31,19.84,67.66,408.75,0,1,25,,0.0,,0,0,0,,0.0,,0,0,0,,0.0,,0,0,0,40,60,0,0,0,0
2026-07-23T04:17:06.717Z,30.51,64.23,565.39,0,2,71,20.72,59.66,,957.7,0,0,23.62,56.93,418.75,0,1,33,20.2,68.33,574.41,0,128,32896,16.24,82.53,418.08,0,1,26,19.84,67.68,409.17,0,1,30,,0.0,,0,0,0,,0.0,,0,0,0,,0.0,,0,0,0,40,60,0,0,0,0
2026-07-23T04:17:11.717Z,30.51,64.28,558.45,0,2,70,20.71,59.67,,957.601,0,0,23.61,56.95,418.87,0,1,32,20.19,68.35,570.06,0,128,32896,16.25,82.53,417.68,0,1,30,19.83,67.69,408.26,0,1,23,,0.0,,0,0,0,,0.0,,0,0,0,,0.0,,0,0,0,40,60,0,0,0,0
2026-07-23T04:17:16.716Z,30.52,64.34,552.6,0,2,72,20.71,59.69,,957.601,0,0,23.6,56.96,418.99,0,1,32,20.19,68.38,565.71,0,128,32896,16.25,82.53,417.31,0,1,30,19.83,67.7,407.43,0,1,23,,0.0,,0,0,0,,0.0,,0,0,0,,0.0,,0,0,0,40,60,0,0,0,0
2026-07-23T04:17:21.716Z,30.52,64.41,556.94,0,2,129,20.7,59.7,,957.601,0,0,23.6,56.97,419.09,0,1,32,20.18,68.4,561.36,0,128,32896,16.25,82.53,416.98,0,1,30,19.82,67.71,406.69,0,1,23,,0.0,,0,0,0,,0.0,,0,0,0,,0.0,,0,0,0,40,60,0,0,0,0
2026-07-23T04:17:26.722Z,30.53,64.41,567.75,0,2,178,20.7,59.71,,957.601,0,0,23.6,56.98,419.18,0,1,32,20.17,68.41,557.01,0,128,32896,16.25,82.53,416.68,0,1,30,19.82,67.72,406.02,0,1,23,,0.0,,0,0,0,,0.0,,0,0,0,,0.0,,0,0,0,40,60,0,0,0,0
2026-07-23T04:17:31.717Z,30.53,64.4,583.67,0,3,228,20.69,59.72,,957.601,0,0,23.59,56.99,419.26,0,1,32,20.17,68.43,552.66,0,128,32896,16.26,82.53,416.41,0,1,30,19.82,67.73,405.42,0,1,23,,0.0,,0,0,0,,0.0,,0,0,0,,0.0,,0,0,0,40,60,0,0,0,0
2026-07-23T04:17:36.722Z,30.54,64.4,592.71,0,2,185,20.69,59.73,,957.601,0,0,23.59,56.99,419.34,0,1,32,20.16,68.45,548.3,0,128,32896,16.26,82.53,416.17,0,1,30,19.81,67.74,404.87,0,1,23,,0.0,,0,0,0,,0.0,,0,0,0,,0.0,,0,0,0,40,60,0,0,0,0
2026-07-23T04:17:41.761Z,30.54,64.43,590.74,0,2,114,20.69,59.74,,957.601,0,0,23.58,57.0,419.4,0,1,32,20.16,68.46,543.95,0,128,32896,16.26,82.53,415.95,0,1,30,19.81,67.75,404.39,0,1,23,,0.0,,0,0,0,,0.0,,0,0,0,,0.0,,0,0,0,40,60,0,0,0,0
2026-07-23T04:17:46.723Z,30.55,64.47,585.76,0,2,95,20.68,59.75,,957.601,0,0,23.58,57.01,419.46,0,1,32,20.15,68.47,539.59,0,128,32896,16.26,82.53,415.76,0,1,30,19.81,67.75,403.95,0,1,23,,0.0,,0,0,0,,0.0,,0,0,0,,0.0,,0,0,0,40,60,0,0,0,0
2026-07-23T04:17:51.722Z,30.56,64.51,580.29,0,2,89,20.68,59.76,,957.601,0,0,23.58,57.01,419.52,0,1,32,20.15,68.48,535.24,0,128,32896,16.26,82.53,415.58,0,1,30,19.81,67.76,403.55,0,1,23,,0.0,,0,0,0,,0.0,,0,0,0,,0.0,,0,0,0,40,60,0,0,0,0
2026-07-23T04:17:56.723Z,30.56,64.55,571.16,0,2,66,20.68,59.76,,957.601,0,0,23.58,57.02,419.56,0,1,32,20.15,68.49,530.88,0,128,32896,16.27,82.53,415.42,0,1,30,19.81,67.77,403.2,0,1,23,,0.0,,0,0,0,,0.0,,0,0,0,,0.0,,0,0,0,40,60,0,0,0,0
2026-07-23T04:18:01.721Z,30.57,64.59,562.54,0,1,64,20.68,59.77,,957.601,0,0,23.57,57.02,419.61,0,1,32,20.14,68.5,526.52,0,128,32896,16.27,82.53,415.28,0,1,30,19.8,67.77,402.88,0,1,23,,0.0,,0,0,0,,0.0,,0,0,0,,0.0,,0,0,0,40,60,0,0,0,0
2026-07-23T04:18:06.716Z,30.57,64.64,550.09,0,1,41,20.67,59.77,,957.601,0,0,23.57,57.02,419.65,0,1,32,20.14,68.51,522.16,0,128,32896,16.27,82.53,415.15,0,1,30,19.8,67.77,402.59,0,1,23,,0.0,,0,0,0,,0.0,,0,0,0,,0.0,,0,0,0,40,60,0,0,0,0
2026-07-23T04:18:11.721Z,30.58,64.67,538.38,0,1,39,20.67,59.78,,957.601,0,0,23.57,57.03,419.68,0,1,32,20.14,68.51,517.8,0,128,32896,16.27,82.53,415.04,0,1,30,19.8,67.78,402.33,0,1,23,,0.0,,0,0,0,,0.0,,0,0,0,,0.0,,0,0,0,40,60,0,0,0,0
2026-07-23T04:18:16.721Z,30.58,64.72,529.54,0,1,46,20.67,59.78,,957.601,0,0,23.57,57.03,419.71,0,1,32,20.14,68.52,513.44,0,128,32896,16.27,82.53,414.93,0,1,30,19.8,67.78,402.1,0,1,23,,0.0,,0,0,0,,0.0,,0,0,0,,0.0,,0,0,0,40,60,0,0,0,0
2026-07-23T04:18:21.716Z,30.58,64.76,527.29,0,2,76,20.67,59.79,,957.601,0,0,23.57,57.03,419.74,0,1,32,20.13,68.53,509.08,0,128,32896,16.27,82.53,414.84,0,1,30,19.8,67.78,401.89,0,1,23,,0.0,,0,0,0,,0.0,,0,0,0,,0.0,,0,0,0,40,60,0,0,0,0
2026-07-23T04:18:26.723Z,30.58,64.8,527.46,0,2,88,20.67,59.79,,957.601,0,0,23.57,57.04,419.77,0,1,32,20.13,68.53,504.72,0,128,32896,16.27,82.53,414.76,0,1,30,19.8,67.79,401.7,0,1,23,,0.0,,0,0,0,,0.0,,0,0,0,,0.0,,0,0,0,40,60,0,0,0,0
2026-07-23T04:18:31.722Z,30.58,64.84,530.01,0,2,102,20.67,59.79,,957.601,0,0,23.57,57.04,419.79,0,1,32,20.13,68.54,500.36,0,128,32896,16.27,82.53,414.68,0,1,30,19.8,67.79,401.53,0,1,23,,0.0,,0,0,0,,0.0,,0,0,0,,0.0,,0,0,0,40,60,0,0,0,0
2026-07-23T04:18:36.722Z,30.59,64.88,533.11,0,2,107,20.67,59.79,,957.601,0,0,23.56,57.04,419.81,0,1,32,20.13,68.54,496.0,0,128,32896,16.27,82.53,414.61,0,1,30,19.8,67.79,401.38,0,1,23,,0.0,,0,0,0,,0.0,,0,0,0,,0.0,,0,0,0,40,60,0,0,0,0
2026-07-23T04:18:41.722Z,30.59,64.85,535.7,0,2,106,20.66,59.8,,957.601,0,0,23.56,57.04,419.83,0,1,32,20.13,68.54,491.63,0,128,32896,16.27,82.53,414.55,0,1,30,19.8,67.79,401.24,0,1,23,,0.0,,0,0,0,,0.0,,0,0,0,,0.0,,0,0,0,40,60,0,0,0,0
2026-07-23T04:18:46.722Z,30.59,64.83,535.73,0,2,92,20.66,59.8,,957.601,0,0,23.56,57.05,419.85,0,1,32,20.13,68.55,487.27,0,128,32896,16.27,82.53,414.5,0,1,30,19.79,67.8,401.12,0,1,23,,0.0,,0,0,0,,0.0,,0,0,0,,0.0,,0,0,0,40,60,0,0,0,0
2026-07-23T04:18:51.722Z,30.6,64.71,536.06,0,2,94,20.66,59.8,,957.601,0,0,23.56,57.05,419.86,0,1,32,20.13,68.55,482.91,0,128,32896,16.27,82.53,414.45,0,1,30,19.79,67.8,401.0,0,1,23,,0.0,,0,0,0,,0.0,,0,0,0,,0.0,,0,0,0,40,60,0,0,0,0
2026-07-23T04:18:56.722Z,30.6,64.6,535.65,0,2,90,20.66,59.8,,957.601,0,0,23.56,57.05,419.88,0,1,32,20.13,68.55,478.55,0,128,32896,16.27,82.53,414.4,0,1,30,19.79,67.8,400.9,0,1,23,,0.0,,0,0,0,,0.0,,0,0,0,,0.0,,0,0,0,40,60,0,0,0,0
2026-07-23T04:19:01.755Z,30.61,64.49,534.09,0,2,83,20.66,59.8,,957.601,0,0,23.56,57.05,419.89,0,1,32,20.12,68.56,474.18,0,128,32896,16.27,82.53,414.36,0,1,30,19.79,67.8,400.81,0,1,23,,0.0,,0,0,0,,0.0,,0,0,0,,0.0,,0,0,0,40,60,0,0,0,0
2026-07-23T04:19:06.720Z,30.61,64.33,534.18,0,2,92,20.66,59.81,,957.601,0,0,23.56,57.05,419.9,0,1,32,20.12,68.56,469.82,0,128,32896,16.28,82.53,414.33,0,1,30,19.79,67.8,400.73,0,1,23,,0.0,,0,0,0,,0.0,,0,0,0,,0.0,,0,0,0,40,60,0,0,0,0
2026-07-23T04:19:11.716Z,30.62,64.21,533.46,0,2,87,20.66,59.81,,957.601,0,0,23.56,57.05,419.91,0,1,32,20.12,68.56,465.46,0,128,32896,16.28,82.53,414.29,0,1,30,19.79,67.8,400.66,0,1,23,,0.0,,0,0,0,,0.0,,0,0,0,,0.0,,0,0,0,40,60,0,0,0,0
2026-07-23T04:19:16.721Z,30.62,64.11,535.51,0,2,103,20.66,59.81,,957.601,0,0,23.56,57.05,419.92,0,1,32,20.12,68.56,461.09,0,128,32896,16.28,82.53,414.26,0,1,30,19.79,67.8,400.59,0,1,23,,0.0,,0,0,0,,0.0,,0,0,0,,0.0,,0,0,0,40,60,0,0,0,0
2026-07-23T04:19:21.721Z,30.62,64.0,534.56,0,2,86,20.66,59.81,,957.601,0,0,23.56,57.05,419.93,0,1,32,20.12,68.56,456.73,0,128,32896,16.28,82.53,414.24,0,1,30,19.79,67.81,400.53,0,1,23,,0.0,,0,0,0,,0.0,,0,0,0,,0.0,,0,0,0,40,60,0,0,0,0
2026-07-23T04:19:26.722Z,30.62,63.89,534.31,0,2,90,20.66,59.81,,957.601,0,0,23.56,57.05,419.93,0,1,32,20.12,68.56,452.37,0,128,32896,16.28,82.53,414.21,0,1,30,19.79,67.81,400.48,0,1,23,,0.0,,0,0,0,,0.0,,0,0,0,,0.0,,0,0,0,40,60,0,0,0,0
2026-07-23T04:19:31.721Z,30.62,63.78,530.78,0,2,72,20.66,59.81,,957.601,0,0,23.56,57.05,419.94,0,1,32,20.12,68.57,448.0,0,128,32896,16.28,82.53,414.19,0,1,30,19.79,67.81,400.43,0,1,23,,0.0,,0,0,0,,0.0,,0,0,0,,0.0,,0,0,0,40,60,0,0,0,0
2026-07-23T04:19:36.721Z,30.62,63.69,526.4,0,2,65,20.66,59.81,,957.601,0,0,23.56,57.06,419.95,0,1,32,20.12,68.57,443.64,0,128,32896,16.28,82.53,414.17,0,1,30,19.79,67.81,400.39,0,1,23,,0.0,,0,0,0,,0.0,,0,0,0,,0.0,,0,0,0,40,60,0,0,0,0
2026-07-23T04:19:41.716Z,30.62,63.61,533.16,0,2,128,20.64,60.28,,957.695,0,0,23.55,57.42,417.95,0,1,0,20.07,68.76,439.28,0,1,0,16.28,82.64,412.76,0,1,8,19.87,68.15,400.35,0,1,0,,0.0,,0,0,0,,0.0,,0,0,0,,0.0,,0,0,0,40,60,0,0,0,0
2026-07-23T04:19:46.719Z,30.62,63.55,542.94,0,2,153,20.63,60.65,,957.762,0,0,23.55,57.85,416.16,0,1,21,20.04,69.15,435.35,0,1,0,16.29,82.74,412.88,0,1,30,19.95,68.47,400.31,0,1,12,,0.0,,0,0,0,,0.0,,0,0,0,,0.0,,0,0,0,40,60,0,0,0,0
2026-07-23T04:19:51.719Z,30.62,63.53,558.25,0,2,202,20.62,60.98,,957.762,0,0,23.54,58.24,414.54,0,1,21,20.0,69.51,431.81,0,1,19,16.29,82.88,411.59,0,1,22,19.99,68.7,400.28,0,1,20,,0.0,,0,0,0,,0.0,,0,0,0,,0.0,,0,0,0,40,60,0,0,0,0
2026-07-23T04:19:56.720Z,30.61,63.54,567.02,0,2,164,20.61,61.18,,957.664,0,0,23.54,58.59,414.59,0,1,30,19.97,69.85,428.63,0,1,20,16.3,83.01,410.43,0,1,22,20.04,68.93,401.66,0,1,30,,0.0,,0,0,0,,0.0,,0,0,0,,0.0,,0,0,0,40,60,0,0,0,0
2026-07-23T04:20:01.720Z,30.61,63.56,569.02,0,2,123,20.6,61.41,,957.652,0,0,23.54,58.88,415.83,0,1,36,19.95,70.18,425.77,0,1,17,16.3,83.13,409.39,0,1,21,20.09,69.18,401.79,0,1,25,,0.0,,0,0,0,,0.0,,0,0,0,,0.0,,0,0,0,40,60,0,0,0,0
2026-07-23T04:20:06.753Z,30.61,63.55,568.62,0,2,109,20.59,61.61,,957.723,0,0,23.54,59.16,415.05,0,1,27,19.94,70.53,426.69,0,1,40,16.31,83.22,409.05,0,1,27,20.12,69.41,401.61,0,1,24,,0.0,,0,0,0,,0.0,,0,0,0,,0.0,,0,0,0,40,60,0,0,0,0
2026-07-23T04:20:11.719Z,30.6,63.55,569.16,0,2,115,20.59,61.8,,957.723,0,0,23.53,59.41,414.34,0,1,27,19.93,70.85,427.52,0,1,40,16.31,83.31,408.75,0,1,27,20.15,69.61,401.45,0,1,24,,0.0,,0,0,0,,0.0,,0,0,0,,0.0,,0,0,0,40,60,0,0,0,0
2026-07-23T04:20:16.720Z,30.6,63.52,566.24,0,2,94,20.59,62.07,,957.656,0,0,23.54,59.68,413.41,0,1,26,19.93,71.15,424.97,0,1,25,16.32,83.4,408.47,0,1,26,20.17,69.8,401.8,0,1,26,,0.0,,0,0,0,,0.0,,0,0,0,,0.0,,0,0,0,40,60,0,0,0,0
2026-07-23T04:20:21.719Z,30.6,63.48,562.72,0,2,90,20.58,62.3,,957.656,0,0,23.55,59.91,412.07,0,1,24,19.93,71.42,422.47,0,1,18,16.33,83.48,407.62,0,1,19,20.19,69.98,402.12,0,1,26,,0.0,,0,0,0,,0.0,,0,0,0,,0.0,,0,0,0,40,60,0,0,0,0
2026-07-23T04:20:26.719Z,30.6,63.45,561.35,0,2,100,20.58,62.51,,957.629,0,0,23.55,60.11,412.16,0,1,29,19.94,71.66,422.93,0,1,36,16.33,83.55,409.86,0,1,37,20.19,70.13,403.21,0,1,30,,0.0,,0,0,0,,0.0,,0,0,0,,0.0,,0,0,0,40,60,0,0,0,0
2026-07-23T04:20:31.719Z,30.6,63.42,562.21,0,2,113,20.58,62.68,,957.593,0,0,23.56,60.27,413.14,0,1,34,19.95,71.85,422.93,0,1,34,16.34,83.6,412.18,0,1,39,20.19,70.26,404.59,0,1,31,,0.0,,0,0,0,,0.0,,0,0,0,,0.0,,0,0,0,40,60,0,0,0,0
2026-07-23T04:20:36.719Z,30.6,63.4,560.69,0,2,99,20.57,62.84,,957.648,0,0,23.57,60.4,413.73,0,1,32,19.97,72.02,422.54,0,1,32,16.34,83.65,414.46,0,1,39,20.19,70.39,407.23,0,1,38,,0.0,,0,0,0,,0.0,,0,0,0,,0.0,,0,0,0,40,60,0,0,0,0
2026-07-23T04:20:41.718Z,30.6,63.37,561.32,0,2,111,20.57,62.98,,957.648,0,0,23.57,60.52,413.46,0,1,29,19.98,72.17,423.49,0,1,38,16.35,83.69,416.81,0,1,41,20.18,70.51,406.51,0,1,18,,0.0,,0,0,0,,0.0,,0,0,0,,0.0,,0,0,0,40,60,0,0,0,0
2026-07-23T04:20:46.718Z,30.61,63.35,568.59,0,2,155,20.57,63.13,,957.656,0,0,23.59,60.61,415.41,0,1,38,20.0,72.25,423.34,0,1,34,16.35,83.73,419.13,0,1,42,20.17,70.6,407.76,0,1,32,,0.0,,0,0,0,,0.0,,0,0,0,,0.0,,0,0,0,40,60,0,0,0,0
2026-07-23T04:20:51.718Z,30.61,63.37,581.23,0,2,201,20.57,63.24,,957.629,0,0,23.59,60.66,417.17,0,1,39,20.03,72.3,422.7,0,1,31,16.36,83.75,422.02,0,1,46,20.16,70.69,409.58,0,1,35,,0.0,,0,0,0,,0.0,,0,0,0,,0.0,,0,0,0,40,60,0,0,0,0
2026-07-23T04:20:56.719Z,30.62,63.45,595.51,0,3,225,20.56,63.33,,957.64,0,0,23.6,60.7,417.75,0,1,34,20.06,72.32,422.03,0,1,31,16.37,83.76,422.92,0,1,38,20.14,70.77,410.32,0,1,31,,0.0,,0,0,0,,0.0,,0,0,0,,0.0,,0,0,0,40,60,0,0,0,0
2026-07-23T04:21:01.718Z,30.63,63.55,607.76,0,3,221,20.56,63.42,,957.64,0,0,23.61,60.72,418.88,0,1,37,20.09,72.31,441.48,0,3,360,16.37,83.77,423.22,0,1,36,20.12,70.85,409.29,0,1,23,,0.0,,0,0,0,,0.0,,0,0,0,,0.0,,0,0,0,40,60,0,0,0,0
2026-07-23T04:21:06.719Z,30.63,63.65,620.38,0,3,235,20.56,63.49,,957.64,0,0,23.61,60.74,419.29,0,1,34,20.12,72.3,479.03,0,3,348,16.37,83.78,426.4,0,1,49,20.11,70.93,409.06,0,1,27,,0.0,,0,0,0,,0.0,,0,0,0,,0.0,,0,0,0,40,60,0,0,0,0
2026-07-23T04:21:11.719Z,30.64,63.69,628.14,0,2,204,20.56,63.55,,957.613,0,0,23.62,60.75,419.56,0,1,33,20.15,72.27,500.1,0,3,65409,16.38,83.78,427.46,0,1,40,20.09,71.0,409.86,0,1,31,,0.0,,0,0,0,,0.0,,0,0,0,,0.0,,0,0,0,40,60,0,0,0,0
2026-07-23T04:21:16.718Z,30.64,63.67,636.63,0,2,216,20.56,63.59,,957.585,0,0,23.62,60.75,420.3,0,1,36,20.18,72.21,506.32,0,128,65535,16.38,83.76,426.92,0,1,33,20.07,71.06,410.47,0,1,31,,0.0,,0,0,0,,0.0,,0,0,0,,0.0,,0,0,0,40,60,0,0,0,0
2026-07-23T04:21:21.718Z,30.64,63.62,641.97,0,2,197,20.55,63.63,,957.625,0,0,23.61,60.73,420.67,0,1,34,20.21,72.13,499.19,0,1,40,16.38,83.74,424.92,0,1,27,20.05,71.12,411.42,0,1,33,,0.0,,0,0,0,,0.0,,0,0,0,,0.0,,0,0,0,40,60,0,0,0,0
2026-07-23T04:21:26.716Z,30.64,63.59,656.07,0,3,279,20.55,63.66,,957.617,0,0,23.61,60.72,420.81,0,1,33,20.24,72.04,492.27,0,1,36,16.38,83.71,424.93,0,1,35,20.03,71.18,411.38,0,1,29,,0.0,,0,0,0,,0.0,,0,0,0,,0.0,,0,0,0,40,60,0,0,0,0
2026-07-23T04:21:31.719Z,30.64,63.53,670.26,0,3,294,20.55,63.68,,957.601,0,0,23.61,60.7,423.23,0,1,44,20.27,71.93,485.54,0,1,35,16.38,83.68,425.44,0,1,37,20.0,71.22,411.84,0,1,31,,0.0,,0,0,0,,0.0,,0,0,0,,0.0,,0,0,0,40,60,0,0,0,0
2026-07-23T04:21:36.718Z,30.64,63.5,683.24,0,3,297,20.54,63.69,,957.593,0,0,23.6,60.68,424.9,0,1,42,20.29,71.82,481.59,0,1,45,16.37,83.65,426.79,0,1,41,19.98,71.27,412.16,0,1,30,,0.0,,0,0,0,,0.0,,0,0,0,,0.0,,0,0,0,40,60,0,0,0,0
2026-07-23T04:21:41.719Z,30.64,63.47,696.01,0,3,329,20.54,63.7,,957.565,0,0,23.6,60.65,424.11,0,1,31,20.32,71.71,475.93,0,1,35,16.37,83.61,429.62,0,1,49,19.96,71.31,412.34,0,1,30,,0.0,,0,0,0,,0.0,,0,0,0,,0.0,,0,0,0,40,60,0,0,0,0
2026-07-23T04:21:46.717Z,30.63,63.45,706.61,0,3,303,20.54,63.7,,957.613,0,0,23.6,60.62,425.2,0,1,40,20.35,71.59,472.34,0,1,42,16.37,83.58,430.85,0,1,43,19.94,71.35,413.21,0,1,33,,0.0,,0,0,0,,0.0,,0,0,0,,0.0,,0,0,0,40,60,0,0,0,0
2026-07-23T04:21:51.719Z,30.63,63.43,716.25,0,3,307,20.53,63.7,,957.613,0,0,23.6,60.59,425.58,0,1,37,20.37,71.49,467.8,0,1,36,16.36,83.55,432.17,0,1,44,19.92,71.37,412.69,0,1,27,,0.0,,0,0,0,,0.0,,0,0,0,,0.0,,0,0,0,40,60,0,0,0,0
2026-07-23T04:21:56.718Z,30.63,63.41,725.32,0,3,319,20.53,63.7,,957.561,0,0,23.59,60.55,426.32,0,1,39,20.39,71.37,463.32,0,1,34,16.35,83.51,433.85,0,1,46,19.9,71.4,411.72,0,1,25,,0.0,,0,0,0,,0.0,,0,0,0,,0.0,,0,0,0,40,60,0,0,0,0
2026-07-23T04:22:01.717Z,30.63,63.36,733.29,0,3,311,20.52,63.69,,957.601,0,0,23.59,60.52,424.49,0,1,27,20.41,71.25,458.79,0,1,32,16.35,83.48,435.97,0,1,49,19.88,71.42,412.85,0,1,34,,0.0,,0,0,0,,0.0,,0,0,0,,0.0,,0,0,0,40,60,0,0,0,0
2026-07-23T04:22:06.718Z,30.63,63.4,736.06,0,3,259,20.52,63.67,,957.565,0,0,23.58,60.49,422.94,0,1,28,20.43,71.13,457.01,0,1,42,16.34,83.45,436.17,0,1,41,19.86,71.43,413.26,0,1,31,,0.0,,0,0,0,,0.0,,0,0,0,,0.0,,0,0,0,40,60,0,0,0,0
2026-07-23T04:22:11.718Z,30.64,63.47,739.86,0,3,271,20.51,63.66,,957.565,0,0,23.57,60.46,420.65,0,1,21,20.45,71.02,455.61,0,1,43,16.33,83.42,435.75,0,1,38,19.84,71.44,415.24,0,1,38,,0.0,,0,0,0,,0.0,,0,0,0,,0.0,,0,0,0,40,60,0,0,0,0
2026-07-23T04:22:16.718Z,30.64,63.56,743.47,0,3,273,20.51,63.64,,957.616,0,0,23.57,60.42,422.98,0,1,44,20.47,70.9,450.85,0,1,27,16.33,83.41,436.78,0,1,45,19.82,71.45,413.71,0,1,23,,0.0,,0,0,0,,0.0,,0,0,0,,0.0,,0,0,0,40,60,0,0,0,0
2026-07-23T04:22:21.718Z,30.65,63.65,749.22,0,3,301,20.5,63.62,,957.616,0,0,23.56,60.4,424.58,0,1,42,20.48,70.79,448.46,0,1,36,16.33,83.39,436.9,0,1,41,19.8,71.45,415.54,0,1,38,,0.0,,0,0,0,,0.0,,0,0,0,,0.0,,0,0,0,40,60,0,0,0,0
2026-07-23T04:22:26.718Z,30.66,63.75,747.0,0,3,228,20.5,63.61,,957.601,0,0,23.55,60.36,425.73,0,1,40,20.5,70.68,446.42,0,1,36,16.33,83.38,435.41,0,1,33,19.79,71.45,418.69,0,1,45,,0.0,,0,0,0,,0.0,,0,0,0,,0.0,,0,0,0,40,60,0,0,0,0
2026-07-23T04:22:31.761Z,30.66,63.83,740.8,0,2,193,20.49,63.59,,957.601,0,0,23.55,60.33,426.55,0,1,39,20.51,70.58,443.28,0,1,30,16.33,83.37,433.47,0,1,31,19.78,71.45,419.82,0,1,37,,0.0,,0,0,0,,0.0,,0,0,0,,0.0,,0,0,0,40,60,0,0,0,0
2026-07-23T04:22:36.717Z,30.67,63.92,730.32,0,2,156,20.49,63.57,,957.581,0,0,23.55,60.29,427.4,0,1,39,20.53,70.47,441.55,0,1,35,16.33,83.35,430.12,0,1,13,19.77,71.44,421.74,0,1,42,,0.0,,0,0,0,,0.0,,0,0,0,,0.0,,0,0,0,40,60,0,0,0,0
2026-07-23T04:22:41.717Z,30.67,63.99,713.59,0,2,108,20.48,63.55,,957.604,0,0,23.54,60.25,428.96,0,1,43,20.54,70.37,439.59,0,1,34,16.33,83.34,427.11,0,1,17,19.76,71.43,423.16,0,1,40,,0.0,,0,0,0,,0.0,,0,0,0,,0.0,,0,0,0,40,60,0,0,0,0
2026-07-23T04:22:46.718Z,30.67,64.05,691.93,0,2,70,20.48,63.52,,957.585,0,0,23.53,60.21,430.26,0,1,43,20.55,70.27,438.63,0,1,37,16.33,83.32,425.8,0,1,30,19.76,71.4,425.05,0,1,43,,0.0,,0,0,0,,0.0,,0,0,0,,0.0,,0,0,0,40,60,0,0,0,0
2026-07-23T04:22:51.717Z,30.67,64.11,665.64,0,1,37,20.47,63.5,,957.585,0,0,23.53,60.18,428.74,0,1,30,20.56,70.18,436.07,0,1,29,16.32,83.31,424.12,0,1,28,19.75,71.38,423.64,0,1,29,,0.0,,0,0,0,,0.0,,0,0,0,,0.0,,0,0,0,40,60,0,0,0,0
2026-07-23T04:22:56.716Z,30.67,64.14,639.07,0,1,18,20.47,63.48,,957.632,0,0,23.52,60.14,427.46,0,1,31,20.57,70.09,434.86,0,1,34,16.32,83.29,422.91,0,1,29,19.74,71.36,423.28,0,1,33,,0.0,,0,0,0,,0.0,,0,0,0,,0.0,,0,0,0,40,60,0,0,0,0
2026-07-23T04:23:01.717Z,30.67,64.12,618.17,0,1,37,20.46,63.46,,957.616,0,0,23.51,60.1,424.92,0,1,25,20.57,70.0,432.08,0,1,27,16.32,83.27,420.62,0,1,24,19.74,71.34,424.45,0,1,40,,0.0,,0,0,0,,0.0,,0,0,0,,0.0,,0,0,0,40,60,0,0,0,0
2026-07-23T04:23:06.723Z,30.67,64.04,604.45,0,1,62,20.46,63.43,,957.6,0,0,23.51,60.07,425.02,0,1,35,20.58,69.92,431.47,0,1,35,16.32,83.26,418.55,0,1,22,19.73,71.3,423.4,0,1,30,,0.0,,0,0,0,,0.0,,0,0,0,,0.0,,0,0,0,40,60,0,0,0,0
2026-07-23T04:23:11.717Z,30.67,63.89,592.3,0,1,63,20.45,63.41,,957.6,0,0,23.5,60.04,425.12,0,1,35,20.58,69.84,430.92,0,1,35,16.32,83.24,416.7,0,1,22,19.73,71.27,422.46,0,1,30,,0.0,,0,0,0,,0.0,,0,0,0,,0.0,,0,0,0,40,60,0,0,0,0
2026-07-23T04:23:16.716Z,30.67,63.73,583.37,0,2,73,20.45,63.39,,957.585,0,0,23.49,60.01,424.21,0,1,31,20.59,69.76,428.93,0,1,28,16.32,83.23,415.63,0,1,26,19.72,71.24,420.82,0,1,26,,0.0,,0,0,0,,0.0,,0,0,0,,0.0,,0,0,0,40,60,0,0,0,0
2026-07-23T04:23:21.716Z,30.67,63.58,569.74,0,1,45,20.44,63.36,,957.652,0,0,23.47,59.98,424.89,0,1,38,20.6,69.68,426.74,0,1,27,16.31,83.21,415.37,0,1,29,19.7,71.21,422.24,0,1,40,,0.0,,0,0,0,,0.0,,0,0,0,,0.0,,0,0,0,40,60,0,0,0,0
2026-07-23T04:23:26.717Z,30.67,63.45,552.76,0,1,22,20.44,63.33,,957.624,0,0,23.46,59.95,425.5,0,1,38,20.6,69.61,426.96,0,1,37,16.31,83.21,415.73,0,1,32,19.69,71.19,421.31,0,1,29,,0.0,,0,0,0,,0.0,,0,0,0,,0.0,,0,0,0,40,60,0,0,0,0
2026-07-23T04:23:31.716Z,30.67,63.33,537.49,0,1,18,20.43,63.31,,957.624,0,0,23.45,59.93,422.95,0,1,22,20.61,69.53,425.97,0,1,31,16.3,83.21,414.16,0,1,23,19.69,71.17,420.58,0,1,30,,0.0,,0,0,0,,0.0,,0,0,0,,0.0,,0,0,0,40,60,0,0,0,0
2026-07-23T04:23:36.722Z,30.67,63.24,523.74,0,1,13,20.43,63.28,,957.592,0,0,23.44,59.91,422.86,0,1,33,20.61,69.46,427.57,0,1,43,16.3,83.21,414.74,0,1,33,19.67,71.14,420.52,0,1,33,,0.0,,0,0,0,,0.0,,0,0,0,,0.0,,0,0,0,40,60,0,0,0,0
2026-07-23T04:23:41.716Z,30.67,63.16,511.36,0,1,23,20.42,63.25,,957.585,0,0,23.44,59.89,424.97,0,1,44,20.61,69.39,425.81,0,1,28,16.29,83.21,415.37,0,1,33,19.67,71.12,419.77,0,1,29,,0.0,,0,0,0,,0.0,,0,0,0,,0.0,,0,0,0,40,60,0,0,0,0
2026-07-23T04:23:46.716Z,30.67,63.07,505.63,0,1,48,20.41,63.23,,957.62,0,0,23.43,59.86,425.17,0,1,36,20.62,69.32,423.23,0,1,24,16.28,83.2,413.83,0,1,19,19.65,71.09,419.69,0,1,32,,0.0,,0,0,0,,0.0,,0,0,0,,0.0,,0,0,0,40,60,0,0,0,0
2026-07-23T04:23:51.716Z,30.67,62.98,499.77,0,1,45,20.41,63.2,,957.585,0,0,23.42,59.84,424.66,0,1,33,20.62,69.25,422.11,0,1,29,16.27,83.2,413.95,0,1,30,19.64,71.07,418.32,0,1,27,,0.0,,0,0,0,,0.0,,0,0,0,,0.0,,0,0,0,40,60,0,0,0,0
2026-07-23T04:23:56.717Z,30.67,62.9,492.99,0,1,38,20.4,63.17,,957.577,0,0,23.41,59.82,422.19,0,1,24,20.62,69.18,422.0,0,1,33,16.27,83.19,414.75,0,1,33,19.64,71.05,417.19,0,1,27,,0.0,,0,0,0,,0.0,,0,0,0,,0.0,,0,0,0,40,60,0,0,0,0
2026-07-23T04:24:01.768Z,30.67,62.83,485.09,0,1,30,20.4,63.15,,957.577,0,0,23.4,59.81,419.97,0,1,24,20.62,69.12,421.9,0,1,33,16.26,83.19,415.48,0,1,33,19.63,71.03,416.17,0,1,27,,0.0,,0,0,0,,0.0,,0,0,0,,0.0,,0,0,0,40,60,0,0,0,0
2026-07-23T04:24:06.722Z,30.66,62.77,485.38,0,2,66,20.39,63.13,,957.561,0,0,23.39,59.79,419.47,0,1,30,20.63,69.07,419.71,0,1,22,16.25,83.18,416.43,0,1,35,19.62,71.0,414.56,0,1,19,,0.0,,0,0,0,,0.0,,0,0,0,,0.0,,0,0,0,40,60,0,0,0,0
2026-07-23T04:24:11.716Z,30.66,62.72,485.04,0,1,63,20.39,63.1,,957.573,0,0,23.38,59.77,419.23,0,1,31,20.63,69.01,417.74,0,1,22,16.25,83.18,416.39,0,1,31,19.61,70.98,413.7,0,1,26,,0.0,,0,0,0,,0.0,,0,0,0,,0.0,,0,0,0,40,60,0,0,0,0
2026-07-23T04:24:16.723Z,30.66,62.68,487.04,0,2,75,20.38,63.08,,957.592,0,0,23.37,59.75,419.1,0,1,32,20.63,68.95,419.56,0,1,40,16.24,83.17,416.35,0,1,31,19.59,70.96,412.33,0,1,24,,0.0,,0,0,0,,0.0,,0,0,0,,0.0,,0,0,0,40,60,0,0,0,0
2026-07-23T04:24:21.717Z,30.66,62.65,490.43,0,2,84,20.38,63.05,,957.573,0,0,23.36,59.73,418.49,0,1,29,20.63,68.91,420.91,0,1,39,16.24,83.16,415.41,0,1,27,19.58,70.95,412.2,0,1,29,,0.0,,0,0,0,,0.0,,0,0,0,,0.0,,0,0,0,40,60,0,0,0,0
2026-07-23T04:24:26.721Z,30.65,62.64,489.49,0,1,62,20.37,63.02,,957.573,0,0,23.35,59.71,418.74,0,1,33,20.63,68.86,420.52,0,1,31,16.23,83.15,416.07,0,1,34,19.57,70.93,411.98,0,1,28,,0.0,,0,0,0,,0.0,,0,0,0,,0.0,,0,0,0,40,60,0,0,0,0
2026-07-23T04:24:31.722Z,30.65,62.61,488.64,0,1,62,20.37,63.0,,957.596,0,0,23.34,59.7,419.17,0,1,34,20.63,68.82,420.86,0,1,35,16.23,83.14,416.16,0,1,31,19.56,70.92,410.78,0,1,23,,0.0,,0,0,0,,0.0,,0,0,0,,0.0,,0,0,0,40,60,0,0,0,0
2026-07-23T04:24:36.721Z,30.65,62.59,489.88,0,2,72,20.36,62.98,,957.498,0,0,23.33,59.67,418.85,0,1,31,20.63,68.77,423.08,0,1,43,16.23,83.13,415.95,0,1,30,19.55,70.91,410.2,0,1,26,,0.0,,0,0,0,,0.0,,0,0,0,,0.0,,0,0,0,40,60,0,0,0,0
2026-07-23T04:24:41.722Z,30.65,62.59,502.19,0,2,140,20.36,62.95,,957.565,0,0,23.32,59.66,416.97,0,1,19,20.63,68.71,423.07,0,1,34,16.22,83.12,414.65,0,1,25,19.54,70.9,410.08,0,1,28,,0.0,,0,0,0,,0.0,,0,0,0,,0.0,,0,0,0,40,60,0,0,0,0
2026-07-23T04:24:46.721Z,30.65,62.59,521.07,0,2,198,20.35,62.93,,957.592,0,0,23.31,59.64,415.27,0,1,19,20.62,68.66,422.06,0,1,29,16.22,83.11,414.59,0,1,30,19.54,70.88,411.57,0,1,35,,0.0,,0,0,0,,0.0,,0,0,0,,0.0,,0,0,0,40,60,0,0,0,0
2026-07-23T04:24:51.721Z,30.64,62.6,530.76,0,2,144,20.34,62.9,,957.592,0,0,23.31,59.62,413.94,0,1,25,20.62,68.62,421.36,0,1,30,16.22,83.09,417.63,0,1,44,19.54,70.86,411.72,0,1,29,,0.0,,0,0,0,,0.0,,0,0,0,,0.0,,0,0,0,40,60,0,0,0,0
2026-07-23T04:24:56.721Z,30.64,62.61,536.79,0,2,126,20.34,62.88,,957.647,0,0,23.3,59.6,412.65,0,1,24,20.62,68.57,419.82,0,1,27,16.22,83.09,421.37,0,1,49,19.54,70.83,411.54,0,1,28,,0.0,,0,0,0,,0.0,,0,0,0,,0.0,,0,0,0,40,60,0,0,0,0
2026-07-23T04:25:01.721Z,30.64,62.6,541.51,0,2,121,20.33,62.86,,957.596,0,0,23.29,59.58,415.28,0,1,41,20.61,68.53,417.94,0,1,24,16.22,83.08,421.63,0,1,34,19.54,70.79,412.49,0,1,33,,0.0,,0,0,0,,0.0,,0,0,0,,0.0,,0,0,0,40,60,0,0,0,0
2026-07-23T04:25:06.720Z,30.63,62.59,556.86,0,2,201,20.33,62.84,,957.596,0,0,23.28,59.56,417.66,0,1,41,20.61,68.49,416.25,0,1,24,16.22,83.08,421.87,0,1,34,19.55,70.76,413.34,0,1,33,,0.0,,0,0,0,,0.0,,0,0,0,,0.0,,0,0,0,40,60,0,0,0,0
2026-07-23T04:25:11.721Z,30.63,62.57,578.97,0,3,274,20.32,62.82,,957.596,0,0,23.27,59.54,418.89,0,1,37,20.6,68.46,415.87,0,1,37,16.22,83.07,430.78,0,1,78,19.55,70.73,413.21,0,1,29,,0.0,,0,0,0,,0.0,,0,0,0,,0.0,,0,0,0,40,60,0,0,0,0
2026-07-23T04:25:16.716Z,30.63,62.56,592.67,0,2,218,20.32,62.8,,957.592,0,0,23.26,59.53,419.1,0,1,33,20.6,68.43,416.68,0,1,35,16.21,83.06,438.3,0,1,75,19.55,70.7,412.99,0,1,29,,0.0,,0,0,0,,0.0,,0,0,0,,0.0,,0,0,0,40,60,0,0,0,0
2026-07-23T04:25:21.722Z,30.62,62.6,595.91,0,2,149,20.31,62.77,,957.62,0,0,23.25,59.52,417.19,0,1,21,20.6,68.4,416.82,0,1,31,16.21,83.04,442.97,0,1,64,19.54,70.66,413.59,0,1,32,,0.0,,0,0,0,,0.0,,0,0,0,,0.0,,0,0,0,40,60,0,0,0,0
2026-07-23T04:25:26.720Z,30.62,62.65,595.32,0,2,125,20.31,62.75,,957.6,0,0,23.24,59.51,416.87,0,1,30,20.59,68.38,416.53,0,1,30,16.21,83.02,444.07,0,1,49,19.53,70.63,415.33,0,1,38,,0.0,,0,0,0,,0.0,,0,0,0,,0.0,,0,0,0,40,60,0,0,0,0
2026-07-23T04:25:31.758Z,30.61,62.73,591.18,0,2,103,20.3,62.73,,957.612,0,0,23.24,59.49,417.08,0,1,32,20.59,68.35,417.68,0,1,36,16.21,83.01,442.67,0,1,37,19.53,70.6,418.2,0,1,44,,0.0,,0,0,0,,0.0,,0,0,0,,0.0,,0,0,0,40,60,0,0,0,0
2026-07-23T04:25:36.720Z,30.61,62.81,591.37,0,2,128,20.3,62.72,,957.612,0,0,23.23,59.48,418.98,0,1,40,20.59,68.33,418.91,0,1,37,16.21,82.99,441.0,0,1,35,19.53,70.58,419.18,0,1,36,,0.0,,0,0,0,,0.0,,0,0,0,,0.0,,0,0,0,40,60,0,0,0,0
2026-07-23T04:25:41.719Z,30.61,62.89,593.53,0,2,141,20.29,62.69,,957.497,0,0,23.23,59.47,418.88,0,1,32,20.58,68.3,418.92,0,1,32,16.21,82.98,440.4,0,1,40,19.53,70.55,421.16,0,1,41,,0.0,,0,0,0,,0.0,,0,0,0,,0.0,,0,0,0,40,60,0,0,0,0
2026-07-23T04:25:46.721Z,30.61,62.99,592.08,0,2,118,20.29,62.68,,957.497,0,0,23.22,59.46,417.89,0,1,28,20.58,68.28,420.03,0,1,37,16.21,82.97,439.16,0,1,36,19.53,70.51,423.84,0,1,46,,0.0,,0,0,0,,0.0,,0,0,0,,0.0,,0,0,0,40,60,0,0,0,0
2026-07-23T04:25:51.720Z,30.6,63.1,588.47,0,2,104,20.28,62.66,,957.615,0,0,23.22,59.45,420.2,0,1,42,20.58,68.26,419.63,0,1,31,16.21,82.94,439.24,0,1,42,19.52,70.48,424.06,0,1,35,,0.0,,0,0,0,,0.0,,0,0,0,,0.0,,0,0,0,40,60,0,0,0,0
2026-07-23T04:25:56.719Z,30.6,63.21,586.82,0,2,114,20.28,62.64,,957.576,0,0,23.22,59.43,418.78,0,1,26,20.57,68.23,419.06,0,1,30,16.21,82.92,439.72,0,1,44,19.52,70.44,424.35,0,1,36,,0.0,,0,0,0,,0.0,,0,0,0,,0.0,,0,0,0,40,60,0,0,0,0
2026-07-23T04:26:01.721Z,30.6,63.32,603.34,0,3,250,20.27,62.64,,957.501,0,0,23.21,59.41,420.6,0,1,40,20.57,68.21,418.06,0,1,28,16.21,82.89,441.35,0,1,49,19.52,70.41,424.12,0,1,34,,0.0,,0,0,0,,0.0,,0,0,0,,0.0,,0,0,0,40,60,0,0,0,0
2026-07-23T04:26:06.719Z,30.6,63.45,617.51,0,3,245,20.26,62.62,,957.56,0,0,23.21,59.4,422.84,0,1,43,20.57,68.17,419.65,0,1,39,16.21,82.85,443.91,0,1,55,19.53,70.37,422.81,0,1,28,,0.0,,0,0,0,,0.0,,0,0,0,,0.0,,0,0,0,40,60,0,0,0,0
2026-07-23T04:26:11.719Z,30.6,63.57,628.76,0,3,231,20.26,62.6,,957.529,0,0,23.21,59.38,424.26,0,1,40,20.57,68.14,419.89,0,1,34,16.21,82.81,445.72,0,1,53,19.53,70.32,421.73,0,1,29,,0.0,,0,0,0,,0.0,,0,0,0,,0.0,,0,0,0,40,60,0,0,0,0
2026-07-23T04:26:16.719Z,30.61,63.67,632.18,0,2,177,20.25,62.58,,957.58,0,0,23.21,59.35,425.63,0,1,41,20.57,68.11,420.4,0,1,35,16.2,82.76,443.65,0,1,35,19.53,70.28,422.35,0,1,36,,0.0,,0,0,0,,0.0,,0,0,0,,0.0,,0,0,0,40,60,0,0,0,0
2026-07-23T04:26:21.719Z,30.61,63.65,640.66,0,2,219,20.25,62.57,,957.56,0,0,23.21,59.32,425.87,0,1,36,20.57,68.08,418.96,0,1,26,16.2,82.71,439.28,0,1,19,19.53,70.24,422.52,0,1,34,,0.0,,0,0,0,,0.0,,0,0,0,,0.0,,0,0,0,40,60,0,0,0,0
2026-07-23T04:26:26.718Z,30.61,63.64,646.2,0,2,202,20.24,62.55,,957.505,0,0,23.2,59.29,425.78,0,1,35,20.57,68.04,419.36,0,1,34,16.2,82.65,435.36,0,1,20,19.52,70.2,421.97,0,1,31,,0.0,,0,0,0,,0.0,,0,0,0,,0.0,,0,0,0,40,60,0,0,0,0
2026-07-23T04:26:31.719Z,30.62,63.64,636.08,0,2,97,20.24,62.52,,957.572,0,0,23.2,59.27,426.2,0,1,37,20.57,68.0,419.63,0,1,33,16.19,82.58,431.82,0,1,20,19.52,70.16,422.27,0,1,35,,0.0,,0,0,0,,0.0,,0,0,0,,0.0,,0,0,0,40,60,0,0,0,0
2026-07-23T04:26:36.719Z,30.62,63.64,621.07,0,2,65,20.24,62.51,,957.572,0,0,23.19,59.24,426.08,0,1,35,20.57,67.96,418.66,0,1,28,16.19,82.53,428.64,0,1,17,19.52,70.12,422.74,0,1,36,,0.0,,0,0,0,,0.0,,0,0,0,,0.0,,0,0,0,40,60,0,0,0,0
2026-07-23T04:26:41.718Z,30.62,63.64,605.36,0,1,54,20.23,62.49,,957.572,0,0,23.19,59.22,424.78,0,1,29,20.56,67.93,418.4,0,1,31,16.18,82.48,425.77,0,1,16,19.52,70.09,421.97,0,1,30,,0.0,,0,0,0,,0.0,,0,0,0,,0.0,,0,0,0,40,60,0,0,0,0
2026-07-23T04:26:46.718Z,30.63,63.65,585.83,0,1,28,20.23,62.47,,957.501,0,0,23.18,59.2,423.7,0,1,30,20.56,67.88,417.86,0,1,29,16.18,82.43,425.2,0,1,33,19.51,70.05,422.47,0,1,36,,0.0,,0,0,0,,0.0,,0,0,0,,0.0,,0,0,0,40,60,0,0,0,0
2026-07-23T04:26:51.718Z,30.63,63.68,599.44,0,3,224,20.22,62.45,,957.548,0,0,23.18,59.17,421.33,0,1,16,20.56,67.85,416.07,0,1,19,16.17,82.38,426.88,0,1,43,19.51,70.02,420.82,0,1,26,,0.0,,0,0,0,,0.0,,0,0,0,,0.0,,0,0,0,40,60,0,0,0,0
2026-07-23T04:26:56.718Z,30.63,63.73,616.1,0,3,263,20.22,62.42,,957.548,0,0,23.17,59.15,419.2,0,1,23,20.56,67.8,415.26,0,1,27,16.17,82.33,431.09,0,1,56,19.5,69.99,419.04,0,1,25,,0.0,,0,0,0,,0.0,,0,0,0,,0.0,,0,0,0,40,60,0,0,0,0
2026-07-23T04:27:01.717Z,30.64,63.76,623.29,0,2,196,20.21,62.4,,957.588,0,0,23.17,59.12,418.38,0,1,29,20.57,67.77,418.14,0,1,44,16.17,82.29,431.88,0,1,41,19.49,69.96,417.54,0,1,25,,0.0,,0,0,0,,0.0,,0,0,0,,0.0,,0,0,0,40,60,0,0,0,0
2026-07-23T04:27:06.759Z,30.64,63.77,626.36,0,2,170,20.21,62.38,,957.532,0,0,23.16,59.1,417.44,0,1,28,20.57,67.73,416.82,0,1,26,16.16,82.24,431.39,0,1,36,19.48,69.93,419.68,0,1,42,,0.0,,0,0,0,,0.0,,0,0,0,,0.0,,0,0,0,40,60,0,0,0,0
2026-07-23T04:27:11.718Z,30.64,63.76,623.62,0,2,131,20.21,62.36,,957.532,0,0,23.15,59.08,416.59,0,1,28,20.57,67.69,415.64,0,1,26,16.16,82.21,430.95,0,1,36,19.47,69.91,421.62,0,1,42,,0.0,,0,0,0,,0.0,,0,0,0,,0.0,,0,0,0,40,60,0,0,0,0
2026-07-23T04:27:16.717Z,30.65,63.74,632.16,0,2,213,20.2,62.34,,957.532,0,0,23.15,59.06,416.83,0,1,32,20.57,67.65,414.88,0,1,37,16.15,82.17,430.76,0,1,37,19.46,69.89,420.25,0,1,27,,0.0,,0,0,0,,0.0,,0,0,0,,0.0,,0,0,0,40,60,0,0,0,0
2026-07-23T04:27:21.718Z,30.64,63.76,638.95,0,2,206,20.2,62.32,,957.536,0,0,23.14,59.04,417.05,0,1,32,20.57,67.61,414.49,0,1,29,16.14,82.15,433.88,0,1,53,19.46,69.86,420.73,0,1,35,,0.0,,0,0,0,,0.0,,0,0,0,,0.0,,0,0,0,40,60,0,0,0,0
2026-07-23T04:27:26.718Z,30.64,63.73,645.45,0,2,209,20.19,62.3,,957.548,0,0,23.13,59.03,417.65,0,1,34,20.57,67.57,413.74,0,1,27,16.14,82.13,436.19,0,1,50,19.45,69.84,418.66,0,1,21,,0.0,,0,0,0,,0.0,,0,0,0,,0.0,,0,0,0,40,60,0,0,0,0
2026-07-23T04:27:31.718Z,30.64,63.74,651.11,0,2,207,20.19,62.27,,957.556,0,0,23.12,59.02,417.98,0,1,33,20.57,67.53,413.07,0,1,27,16.13,82.13,440.47,0,1,61,19.44,69.81,419.69,0,1,37,,0.0,,0,0,0,,0.0,,0,0,0,,0.0,,0,0,0,40,60,0,0,0,0
2026-07-23T04:27:36.729Z,30.64,63.74,651.7,0,2,172,20.18,62.25,,957.556,0,0,23.11,59.0,416.88,0,1,27,20.57,67.5,413.66,0,1,32,16.13,82.14,442.53,0,1,52,19.43,69.79,418.32,0,1,26,,0.0,,0,0,0,,0.0,,0,0,0,,0.0,,0,0,0,40,60,0,0,0,0
2026-07-23T04:27:41.718Z,30.63,63.72,645.53,0,2,125,20.18,62.23,,957.56,0,0,23.1,58.99,416.2,0,1,28,20.56,67.46,413.89,0,1,31,16.12,82.15,442.07,0,1,41,19.43,69.77,419.19,0,1,36,,0.0,,0,0,0,,0.0,,0,0,0,,0.0,,0,0,0,40,60,0,0,0,0
2026-07-23T04:27:46.718Z,30.62,63.74,639.27,0,2,121,20.18,62.21,,957.615,0,0,23.09,58.98,416.58,0,1,33,20.56,67.44,413.0,0,1,26,16.12,82.18,442.47,0,1,45,19.42,69.76,419.47,0,1,34,,0.0,,0,0,0,,0.0,,0,0,0,,0.0,,0,0,0,40,60,0,0,0,0
2026-07-23T04:27:51.721Z,30.61,63.75,632.35,0,2,113,20.17,62.19,,957.58,0,0,23.08,58.97,418.22,0,1,39,20.56,67.41,412.5,0,1,27,16.12,82.22,440.12,0,1,32,19.41,69.75,421.12,0,1,40,,0.0,,0,0,0,,0.0,,0,0,0,,0.0,,0,0,0,40,60,0,0,0,0
2026-07-23T04:27:56.716Z,30.61,63.78,626.61,0,2,116,20.17,62.17,,957.643,0,0,23.07,58.96,420.0,0,1,40,20.55,67.39,412.85,0,1,31,16.12,82.26,440.01,0,1,41,19.41,69.73,420.61,0,1,31,,0.0,,0,0,0,,0.0,,0,0,0,,0.0,,0,0,0,40,60,0,0,0,0
2026-07-23T04:28:01.717Z,30.6,63.81,619.35,0,2,103,20.16,62.16,,957.489,0,0,23.06,58.95,419.2,0,1,29,20.55,67.37,413.57,0,1,32,16.12,82.3,438.61,0,1,35,19.4,69.71,419.25,0,1,27,,0.0,,0,0,0,,0.0,,0,0,0,,0.0,,0,0,0,40,60,0,0,0,0
2026-07-23T04:28:06.716Z,30.59,63.84,613.02,0,2,104,20.16,62.14,,957.489,0,0,23.05,58.94,419.48,0,1,33,20.54,67.35,412.51,0,1,25,16.12,82.33,436.75,0,1,33,19.4,69.7,420.12,0,1,36,,0.0,,0,0,0,,0.0,,0,0,0,,0.0,,0,0,0,40,60,0,0,0,0
2026-07-23T04:28:11.717Z,30.58,63.88,607.21,0,2,103,20.16,62.13,,957.583,0,0,23.05,58.93,420.23,0,1,36,20.54,67.34,412.66,0,1,30,16.12,82.36,435.57,0,1,35,19.4,69.69,419.01,0,1,28,,0.0,,0,0,0,,0.0,,0,0,0,,0.0,,0,0,0,40,60,0,0,0,0
2026-07-23T04:28:16.716Z,30.59,63.9,600.19,0,2,93,20.15,62.12,,957.568,0,0,23.04,58.93,420.41,0,1,34,20.53,67.33,414.99,0,1,40,16.12,82.4,433.41,0,1,30,19.39,69.69,419.51,0,1,34,,0.0,,0,0,0,,0.0,,0,0,0,,0.0,,0,0,0,40,60,0,0,0,0
2026-07-23T04:28:21.717Z,30.58,63.9,594.27,0,2,95,20.15,62.11,,957.568,0,0,23.04,58.92,420.17,0,1,32,20.53,67.32,414.09,0,1,26,16.12,82.43,430.47,0,1,26,19.38,69.68,419.46,0,1,32,,0.0,,0,0,0,,0.0,,0,0,0,,0.0,,0,0,0,40,60,0,0,0,0
2026-07-23T04:28:26.723Z,30.58,63.88,588.45,0,2,92,20.14,62.1,,957.489,0,0,23.04,58.92,420.05,0,1,32,20.52,67.32,413.14,0,1,23,16.12,82.45,427.43,0,1,19,19.37,69.68,418.91,0,1,30,,0.0,,0,0,0,,0.0,,0,0,0,,0.0,,0,0,0,40,60,0,0,0,0
2026-07-23T04:28:31.716Z,30.58,63.88,578.7,0,2,67,20.14,62.09,,957.505,0,0,23.03,58.91,420.14,0,1,33,20.52,67.31,412.12,0,1,25,16.12,82.47,424.68,0,1,23,19.36,69.69,418.32,0,1,30,,0.0,,0,0,0,,0.0,,0,0,0,,0.0,,0,0,0,40,60,0,0,0,0
2026-07-23T04:28:36.716Z,30.58,63.86,573.43,0,2,87,20.13,62.08,,957.52,0,0,23.03,58.91,421.43,0,1,39,20.51,67.31,412.91,0,1,32,16.13,82.49,424.22,0,1,33,19.35,69.69,417.39,0,1,27,,0.0,,0,0,0,,0.0,,0,0,0,,0.0,,0,0,0,40,60,0,0,0,0
2026-07-23T04:28:41.716Z,30.59,63.81,569.99,0,2,94,20.12,62.08,,957.52,0,0,23.03,58.91,423.29,0,1,42,20.51,67.31,411.62,0,1,19,16.13,82.5,423.49,0,1,31,19.34,69.7,417.85,0,1,34,,0.0,,0,0,0,,0.0,,0,0,0,,0.0,,0,0,0,40,60,0,0,0,0
2026-07-23T04:28:46.729Z,30.59,63.78,566.39,0,2,91,20.12,62.07,,957.567,0,0,23.03,58.9,421.26,0,1,25,20.5,67.31,410.56,0,1,24,16.14,82.52,426.54,0,1,48,19.35,69.69,417.57,0,1,30,,0.0,,0,0,0,,0.0,,0,0,0,,0.0,,0,0,0,40,60,0,0,0,0
2026-07-23T04:28:51.857Z,30.6,63.82,567.58,0,5,5015,20.11,62.06,,957.567,0,0,23.03,58.89,421.73,0,1,35,20.5,67.3,425.7,0,2,108,16.14,82.53,442.42,0,4,761,19.34,69.69,418.71,0,1,37,,0.0,,0,0,0,,0.0,,0,0,0,,0.0,,0,0,0,40,60,0,0,0,0
2026-07-23T04:28:56.722Z,30.61,63.84,573.09,0,5,3149,20.11,62.06,,957.544,0,0,23.02,58.88,423.76,0,1,43,20.49,67.3,440.83,0,2,117,16.15,82.55,469.85,0,3,634,19.35,69.68,423.64,0,1,56,,0.0,,0,0,0,,0.0,,0,0,0,,0.0,,0,0,0,40,60,0,0,0,0
2026-07-23T04:29:01.722Z,30.62,63.89,582.48,0,5,3462,20.1,62.06,,957.516,0,0,23.02,58.88,428.68,0,1,58,20.49,67.3,449.75,0,2,89,16.15,82.56,507.66,0,3,440,19.35,69.67,433.97,0,2,87,,0.0,,0,0,0,,0.0,,0,0,0,,0.0,,0,0,0,40,60,0,0,0,0
2026-07-23T04:29:06.726Z,30.63,63.94,595.37,0,4,1581,20.1,62.06,,957.516,0,0,23.02,58.87,434.81,0,2,67,20.49,67.3,455.67,0,2,77,16.16,82.57,541.7,0,4,755,19.35,69.65,444.48,0,2,94,,0.0,,0,0,0,,0.0,,0,0,0,,0.0,,0,0,0,40,60,0,0,0,0
2026-07-23T04:29:11.726Z,30.64,63.99,611.4,0,4,1581,20.09,62.06,,957.516,0,0,23.02,58.86,440.33,0,2,67,20.48,67.31,461.01,0,2,77,16.16,82.59,572.33,0,4,755,19.35,69.64,453.93,0,2,94,,0.0,,0,0,0,,0.0,,0,0,0,,0.0,,0,0,0,40,60,0,0,0,0
2026-07-23T04:29:16.721Z,30.64,64.01,630.26,0,3,296,20.09,62.06,,957.516,0,0,23.01,58.86,444.9,0,2,65,20.48,67.31,476.81,0,2,145,16.16,82.6,599.89,0,3,576,19.35,69.63,463.14,0,2,98,,0.0,,0,0,0,,0.0,,0,0,0,,0.0,,0,0,0,40,60,0,0,0,0
