Date/Time,Environment:Site Outdoor Air Drybulb Temperature [C](TimeStep),CHAMBER_THERMALZONE:Zone Mean Air Temperature [C](TimeStep),HANGER_THERMALZONE:Zone Mean Air Temperature [C](TimeStep),CHAMBER_THERMALZONE:Zone Air Temperature [C](TimeStep),CHAMBER_THERMALZONE:Zone Air System Sensible Heating Energy [J](TimeStep),CHAMBER_THERMALZONE:Zone Air System Sensible Cooling Energy [J](TimeStep),HANGER_THERMALZONE:Zone Air Temperature [C](TimeStep),HANGER_THERMALZONE:Zone Air System Sensible Heating Energy [J](TimeStep),HANGER_THERMALZONE:Zone Air System Sensible Cooling Energy [J](TimeStep),CHAMBER_IDEALLOADS:Zone Ideal Loads Supply Air Mass Flow Rate [kg/s](TimeStep),CHAMBER_IDEALLOADS:Zone Ideal Loads Supply Air Temperature [C](TimeStep),HANGER_IDEALLOADS:Zone Ideal Loads Supply Air Mass Flow Rate [kg/s](TimeStep),HANGER_IDEALLOADS:Zone Ideal Loads Supply Air Temperature [C](TimeStep),NODE 6:System Node Mass Flow Rate [kg/s](TimeStep),NODE 5:System Node Mass Flow Rate [kg/s](TimeStep),NODE 4:System Node Mass Flow Rate [kg/s](TimeStep),NODE 3:System Node Mass Flow Rate [kg/s](TimeStep),NODE 2:System Node Mass Flow Rate [kg/s](TimeStep),NODE 1:System Node Mass Flow Rate [kg/s](TimeStep),CHAMBER_SPLITAC OA NODE:System Node Mass Flow Rate [kg/s](TimeStep),MODEL OUTDOOR AIR NODE:System Node Mass Flow Rate [kg/s](TimeStep),CHAMBER_IDEALLOADS OUTDOOR AIR INLET NODE:System Node Mass Flow Rate [kg/s](TimeStep),HANGER_IDEALLOADS OUTDOOR AIR INLET NODE:System Node Mass Flow Rate [kg/s](TimeStep),CHAMBER_THERMALZONE:Zone Mechanical Ventilation Mass Flow Rate [kg/s](TimeStep),HANGER_THERMALZONE:Zone Mechanical Ventilation Mass Flow Rate [kg/s](TimeStep),Electricity:Facility [J](Hourly) 
 07/21  00:01:00,21.5,20.32179210861258,32.352942883660994,20.32179210861258,22152.267243373153,0.0,32.352942883660994,0.0,0.0,0.059871,26.3,0.0,32.743452411217675,0.059871,0.059871,0.0,0.0,0.059871,0.0,0.0,0.0,0.059871,0.0,0.059871,0.0 
 07/21  00:02:00,21.5,22.29185773852112,31.74574363023821,22.29185773852112,14831.827161610094,0.0,31.74574363023821,0.0,0.0,0.059871,26.3,0.0,32.352942883660994,0.059871,0.059871,0.0,0.0,0.059871,0.0,0.0,0.0,0.059871,0.0,0.059871,0.0 
 07/21  00:03:00,21.5,23.768916611874992,31.105389870321762,23.768916611874992,9348.810870874935,0.0,31.105389870321762,0.0,0.0,0.059871,26.3,0.0,31.74574363023821,0.059871,0.059871,0.0,0.0,0.059871,0.0,0.0,0.0,0.059871,0.0,0.059871,0.0 
 07/21  00:04:00,21.5,24.535463418489673,30.513401517014763,24.535463418489673,6507.355989891994,0.0,30.513401517014763,0.0,0.0,0.059871,26.3,0.0,31.105389870321762,0.059871,0.059871,0.0,0.0,0.059871,0.0,0.0,0.0,0.059871,0.0,0.059871,0.0 
 07/21  00:05:00,21.5,24.823861112731873,29.983726155350137,24.823861112731873,5438.06023554484,0.0,29.983726155350137,0.0,0.0,0.059871,26.3,0.0,30.513401517014763,0.059871,0.059871,0.0,0.0,0.059871,0.0,0.0,0.0,0.059871,0.0,0.059871,0.0 
 07/21  00:06:00,21.5,24.915682703778298,29.505717243715925,24.915682703778298,5096.521561418672,0.0,29.505717243715925,0.0,0.0,0.059871,26.3,0.0,29.983726155350137,0.059871,0.059871,0.0,0.0,0.059871,0.0,0.0,0.0,0.059871,0.0,0.059871,0.0 
 07/21  00:07:00,21.5,24.969164119149436,29.068853145249967,24.969164119149436,4897.734575223694,0.0,29.068853145249967,0.0,0.0,0.059871,26.3,0.0,29.505717243715925,0.059871,0.059871,0.0,0.0,0.059871,0.0,0.0,0.0,0.059871,0.0,0.059871,0.0 
 07/21  00:08:00,21.5,25.02996806759008,28.666579313187178,25.02996806759008,4672.826610368329,0.0,28.666579313187178,0.0,0.0,0.059871,26.3,0.0,29.068853145249967,0.059871,0.059871,0.0,0.0,0.059871,0.0,0.0,0.0,0.059871,0.0,0.059871,0.0 
 07/21  00:09:00,21.5,25.09557185031252,28.29607784955061,25.09557185031252,4430.727815844634,0.0,28.29607784955061,0.0,0.0,0.059871,26.3,0.0,28.666579313187178,0.059871,0.059871,0.0,0.0,0.059871,0.0,0.0,0.0,0.059871,0.0,0.059871,0.0 
 07/21  00:10:00,21.5,25.156290878001684,27.955538729772588,25.156290878001684,4206.886263637875,0.0,27.955538729772588,0.0,0.0,0.059871,26.3,0.0,28.29607784955061,0.059871,0.059871,0.0,0.0,0.059871,0.0,0.0,0.0,0.059871,0.0,0.059871,0.0 
 07/21  00:11:00,21.5,25.209092412901796,27.64311298447084,25.209092412901796,4012.354286958166,0.0,27.64311298447084,0.0,0.0,0.059871,26.3,0.0,27.955538729772588,0.059871,0.059871,0.0,0.0,0.059871,0.0,0.0,0.0,0.059871,0.0,0.059871,0.0 
 07/21  00:12:00,21.5,25.25562118331265,27.356777948205004,25.25562118331265,3841.017420183971,0.0,27.356777948205004,0.0,0.0,0.059871,26.3,0.0,27.64311298447084,0.059871,0.059871,0.0,0.0,0.059871,0.0,0.0,0.0,0.059871,0.0,0.059871,0.0 
 07/21  00:13:00,21.5,25.298686968033905,27.094465909687777,25.298686968033905,3682.4984529099493,0.0,27.094465909687777,0.0,0.0,0.059871,26.3,0.0,27.356777948205004,0.059871,0.059871,0.0,0.0,0.059871,0.0,0.0,0.0,0.059871,0.0,0.059871,0.0 
 07/21  00:14:00,21.5,25.339957281690356,26.854177573882236,25.339957281690356,3530.635700016842,0.0,26.854177573882236,0.0,0.0,0.059871,26.3,0.0,27.094465909687777,0.059871,0.059871,0.0,0.0,0.059871,0.0,0.0,0.0,0.059871,0.0,0.059871,0.0 
 07/21  00:15:00,21.5,25.380198572241536,26.634037486552945,25.380198572241536,3382.5912678437453,0.0,26.634037486552945,0.0,0.0,0.059871,26.3,0.0,26.854177573882236,0.059871,0.059871,0.0,0.0,0.059871,0.0,0.0,0.0,0.059871,0.0,0.059871,0.0 
 07/21  00:16:00,21.5,25.419500437460623,26.432304895821396,25.419500437460623,3238.023283471339,0.0,26.432304895821396,0.0,0.0,0.059871,26.3,0.0,26.634037486552945,0.059871,0.059871,0.0,0.0,0.059871,0.0,0.0,0.0,0.059871,0.0,0.059871,0.0 
 07/21  00:17:00,21.5,25.457945521150098,26.247367150621205,25.457945521150098,3096.6199703752227,0.0,26.247367150621205,0.0,0.0,0.059871,26.3,0.0,26.432304895821396,0.059871,0.059871,0.0,0.0,0.059871,0.0,0.0,0.0,0.059871,0.0,0.059871,0.0 
 07/21  00:18:00,21.5,25.495526181227575,26.077721346495014,25.495526181227575,2958.404457242491,0.0,26.077721346495014,0.0,0.0,0.059871,26.3,0.0,26.247367150621205,0.059871,0.059871,0.0,0.0,0.059871,0.0,0.0,0.0,0.059871,0.0,0.059871,0.0 
 07/21  00:19:00,21.5,25.532367167644487,25.92202754439734,25.532367167644487,2822.914806073095,0.0,25.92202754439734,0.0,0.0,0.059871,26.3,0.0,26.077721346495014,0.059871,0.059871,0.0,0.0,0.059871,0.0,0.0,0.0,0.059871,0.0,0.059871,0.0 
 07/21  00:20:00,21.5,25.56849538153915,25.77935107948807,25.56849538153915,2690.05004328244,0.0,25.77935107948807,0.0,0.0,0.059871,26.3,0.0,25.92202754439734,0.059871,0.059871,0.0,0.0,0.059871,0.0,0.0,0.0,0.059871,0.0,0.059871,0.0 
 07/21  00:21:00,21.5,25.60401257766264,25.64876166319069,25.60401257766264,2559.434648153351,0.0,25.64876166319069,0.0,0.0,0.059871,26.3,0.0,25.77935107948807,0.059871,0.059871,0.0,0.0,0.059871,0.0,0.0,0.0,0.059871,0.0,0.059871,0.0 
 07/21  00:22:00,21.5,25.63891657393399,25.529304079980214,25.63891657393399,2431.075786819715,0.0,25.529304079980214,0.0,0.0,0.059871,26.3,0.0,25.64876166319069,0.059871,0.059871,0.0,0.0,0.059871,0.0,0.0,0.0,0.059871,0.0,0.059871,0.0 
 07/21  00:23:00,21.5,25.673276672691994,25.42003914321466,25.673276672691994,2304.718051506884,0.0,25.42003914321466,0.0,0.0,0.059871,26.3,0.0,25.529304079980214,0.059871,0.059871,0.0,0.0,0.059871,0.0,0.0,0.0,0.059871,0.0,0.059871,0.0 
 07/21  00:24:00,21.5,25.707076936683176,25.320078229173852,25.707076936683176,2180.419693050121,0.0,25.320078229173852,0.0,0.0,0.059871,26.3,0.0,25.42003914321466,0.059871,0.059871,0.0,0.0,0.059871,0.0,0.0,0.0,0.059871,0.0,0.059871,0.0 
 07/21  00:25:00,21.5,25.740373965050363,25.228596777757737,25.740373965050363,2057.972343920278,0.0,25.228596777757737,0.0,0.0,0.059871,26.3,0.0,25.320078229173852,0.059871,0.059871,0.0,0.0,0.059871,0.0,0.0,0.0,0.059871,0.0,0.059871,0.0 
 07/21  00:26:00,21.5,25.773148632939073,25.14483595997073,25.773148632939073,1937.4461868086973,0.0,25.14483595997073,0.0,0.0,0.059871,26.3,0.0,25.228596777757737,0.059871,0.059871,0.0,0.0,0.059871,0.0,0.0,0.0,0.059871,0.0,0.059871,0.0 
 07/21  00:27:00,21.5,25.805450391919024,25.068099157243303,25.805450391919024,1818.6592738301579,0.0,25.068099157243303,0.0,0.0,0.059871,26.3,0.0,25.14483595997073,0.059871,0.059871,0.0,0.0,0.059871,0.0,0.0,0.0,0.059871,0.0,0.059871,0.0 
 07/21  00:28:00,21.5,25.83725825910705,24.997748908178153,25.83725825910705,1701.688707079511,0.0,24.997748908178153,0.0,0.0,0.059871,26.3,0.0,25.068099157243303,0.059871,0.059871,0.0,0.0,0.059871,0.0,0.0,0.0,0.059871,0.0,0.059871,0.0 
 07/21  00:29:00,21.5,25.86861611776442,24.933201374891254,25.86861611776442,1586.3730713288123,0.0,24.933201374891254,0.0,0.0,0.059871,26.3,0.0,24.997748908178153,0.059871,0.059871,0.0,0.0,0.059871,0.0,0.0,0.0,0.059871,0.0,0.059871,0.0 
 07/21  00:30:00,21.5,25.89950187275284,24.873923696856114,25.89950187275284,1472.7935946148864,0.0,24.873923696856114,0.0,0.0,0.059871,26.3,0.0,24.933201374891254,0.059871,0.059871,0.0,0.0,0.059871,0.0,0.0,0.0,0.059871,0.0,0.059871,0.0 
 07/21  00:31:00,21.5,25.929955266326143,24.819429409025,25.929955266326143,1360.8041128220748,0.0,24.819429409025,0.0,0.0,0.059871,26.3,0.0,24.873923696856114,0.059871,0.059871,0.0,0.0,0.059871,0.0,0.0,0.0,0.059871,0.0,0.059871,0.0 
 07/21  00:32:00,21.5,25.959953766207786,24.76927568943104,25.959953766207786,1250.4874762067175,0.0,24.76927568943104,0.0,0.0,0.059871,26.3,0.0,24.819429409025,0.059871,0.059871,0.0,0.0,0.059871,0.0,0.0,0.0,0.059871,0.0,0.059871,0.0 
 07/21  00:33:00,21.5,25.989533945102117,24.723058941283753,25.989533945102117,1141.7091857744708,0.0,24.723058941283753,0.0,0.0,0.059871,26.3,0.0,24.76927568943104,0.059871,0.059871,0.0,0.0,0.059871,0.0,0.0,0.0,0.059871,0.0,0.059871,0.0 
 07/21  00:34:00,21.5,26.018673200379084,24.680412609586114,26.018673200379084,1034.5523564961468,0.0,24.680412609586114,0.0,0.0,0.059871,26.3,0.0,24.723058941283753,0.059871,0.059871,0.0,0.0,0.059871,0.0,0.0,0.0,0.059871,0.0,0.059871,0.0 
 07/21  00:35:00,21.5,26.04740554656126,24.641003109288437,26.04740554656126,928.8919006718834,0.0,24.641003109288437,0.0,0.0,0.059871,26.3,0.0,24.680412609586114,0.059871,0.059871,0.0,0.0,0.059871,0.0,0.0,0.0,0.059871,0.0,0.059871,0.0 
 07/21  00:36:00,21.5,26.075708529359126,24.604527903644552,26.075708529359126,824.8103901932973,0.0,24.604527903644552,0.0,0.0,0.059871,26.3,0.0,24.641003109288437,0.059871,0.059871,0.0,0.0,0.059871,0.0,0.0,0.0,0.059871,0.0,0.059871,0.0 
 07/21  00:37:00,21.5,26.103614030946385,24.570711805612568,26.103614030946385,722.1905804124253,0.0,24.570711805612568,0.0,0.0,0.059871,26.3,0.0,24.604527903644552,0.059871,0.059871,0.0,0.0,0.059871,0.0,0.0,0.0,0.059871,0.0,0.059871,0.0 
 07/21  00:38:00,21.5,26.1310998986034,24.539305691634738,26.1310998986034,621.1139352016608,0.0,24.539305691634738,0.0,0.0,0.059871,26.3,0.0,24.570711805612568,0.059871,0.059871,0.0,0.0,0.059871,0.0,0.0,0.0,0.059871,0.0,0.059871,0.0 
 07/21  00:39:00,21.5,26.158196186528237,24.510083111456684,26.158196186528237,521.4699327346989,0.0,24.510083111456684,0.0,0.0,0.059871,26.3,0.0,24.539305691634738,0.059871,0.059871,0.0,0.0,0.059871,0.0,0.0,0.0,0.059871,0.0,0.059871,0.0 
 07/21  00:40:00,21.5,26.18488115140054,24.48283906680023,26.18488115140054,423.33853174446176,0.0,24.48283906680023,0.0,0.0,0.059871,26.3,0.0,24.510083111456684,0.059871,0.059871,0.0,0.0,0.059871,0.0,0.0,0.0,0.059871,0.0,0.059871,0.0 
 07/21  00:41:00,21.5,26.21118323361982,24.457387474127984,26.21118323361982,326.61514523736514,0.0,24.457387474127984,0.0,0.0,0.059871,26.3,0.0,24.48283906680023,0.059871,0.059871,0.0,0.0,0.059871,0.0,0.0,0.0,0.059871,0.0,0.059871,0.0 
 07/21  00:42:00,21.5,26.23708117313721,24.4335600820483,26.23708117313721,231.37795491330962,0.0,24.4335600820483,0.0,0.0,0.059871,26.3,0.0,24.457387474127984,0.059871,0.059871,0.0,0.0,0.059871,0.0,0.0,0.0,0.059871,0.0,0.059871,0.0 
 07/21  00:43:00,21.5,26.262601943314593,24.411203926834272,26.262601943314593,137.52776876345706,0.0,24.411203926834272,0.0,0.0,0.059871,26.3,0.0,24.4335600820483,0.059871,0.059871,0.0,0.0,0.059871,0.0,0.0,0.0,0.059871,0.0,0.059871,0.0 
 07/21  00:44:00,21.5,26.287724814719752,24.390181011761012,26.287724814719752,45.14081725414144,0.0,24.390181011761012,0.0,0.0,0.059871,26.3,0.0,24.411203926834272,0.059871,0.059871,0.0,0.0,0.059871,0.0,0.0,0.0,0.059871,0.0,0.059871,0.0 
 07/21  00:45:00,21.5,26.312475388356763,24.370365966430537,26.312475388356763,0.0,45.87704487330029,24.370365966430537,0.0,0.0,0.059871,26.3,0.0,24.390181011761012,0.059871,0.059871,0.0,0.0,0.059871,0.0,0.0,0.0,0.059871,0.0,0.059871,0.0 
 07/21  00:46:00,21.5,26.336833490053507,24.351645484424612,26.336833490053507,0.0,135.4516290463971,24.351645484424612,0.0,0.0,0.059871,26.3,0.0,24.370365966430537,0.059871,0.059871,0.0,0.0,0.059871,0.0,0.0,0.0,0.059871,0.0,0.059871,0.0 
 07/21  00:47:00,21.5,26.360823401135928,24.333916829014928,26.360823401135928,0.0,223.6722275206739,24.333916829014928,0.0,0.0,0.059871,26.3,0.0,24.351645484424612,0.059871,0.059871,0.0,0.0,0.059871,0.0,0.0,0.0,0.059871,0.0,0.059871,0.0 
 07/21  00:48:00,21.5,26.384425506390105,24.317087296410445,26.384425506390105,0.0,310.4667072309667,24.317087296410445,0.0,0.0,0.059871,26.3,0.0,24.333916829014928,0.059871,0.059871,0.0,0.0,0.059871,0.0,0.0,0.0,0.059871,0.0,0.059871,0.0 
 07/21  00:49:00,21.5,26.40766278458803,24.30107253464024,26.40766278458803,0.0,395.9195704107151,24.30107253464024,0.0,0.0,0.059871,26.3,0.0,24.317087296410445,0.059871,0.059871,0.0,0.0,0.059871,0.0,0.0,0.0,0.059871,0.0,0.059871,0.0 
 07/21  00:50:00,21.5,26.430516162436604,24.28579666989242,26.430516162436604,0.0,479.96067685388425,24.28579666989242,0.0,0.0,0.059871,26.3,0.0,24.30107253464024,0.059871,0.059871,0.0,0.0,0.059871,0.0,0.0,0.0,0.059871,0.0,0.059871,0.0 
 07/21  00:51:00,21.5,26.45300730105858,24.271190737480897,26.45300730105858,0.0,562.6696832636026,24.271190737480897,0.0,0.0,0.059871,26.3,0.0,24.28579666989242,0.059871,0.059871,0.0,0.0,0.059871,0.0,0.0,0.0,0.059871,0.0,0.059871,0.0 
 07/21  00:52:00,21.5,26.47511762984026,24.25719248184313,26.47511762984026,0.0,643.9782979882693,24.25719248184313,0.0,0.0,0.059871,26.3,0.0,24.271190737480897,0.059871,0.059871,0.0,0.0,0.059871,0.0,0.0,0.0,0.059871,0.0,0.059871,0.0 
 07/21  00:53:00,21.5,26.49686744514798,24.243745478677706,26.49686744514798,0.0,723.9611589696278,24.243745478677706,0.0,0.0,0.059871,26.3,0.0,24.25719248184313,0.059871,0.059871,0.0,0.0,0.059871,0.0,0.0,0.0,0.059871,0.0,0.059871,0.0 
 07/21  00:54:00,21.5,26.51823861394506,24.23079890921691,26.51823861394506,0.0,802.5515837033845,24.23079890921691,0.0,0.0,0.059871,26.3,0.0,24.243745478677706,0.059871,0.059871,0.0,0.0,0.059871,0.0,0.0,0.0,0.059871,0.0,0.059871,0.0 
 07/21  00:55:00,21.5,26.539249985282815,24.218306454869644,26.539249985282815,0.0,879.8188877689336,24.218306454869644,0.0,0.0,0.059871,26.3,0.0,24.23079890921691,0.059871,0.059871,0.0,0.0,0.059871,0.0,0.0,0.0,0.059871,0.0,0.059871,0.0 
 07/21  00:56:00,21.5,26.559883765865013,24.206226584051773,26.559883765865013,0.0,955.6976380248807,24.206226584051773,0.0,0.0,0.059871,26.3,0.0,24.218306454869644,0.059871,0.059871,0.0,0.0,0.059871,0.0,0.0,0.0,0.059871,0.0,0.059871,0.0 
 07/21  00:57:00,21.5,26.580157231065552,24.194521502838715,26.580157231065552,0.0,1030.2513630027352,24.194521502838715,0.0,0.0,0.059871,26.3,0.0,24.206226584051773,0.059871,0.059871,0.0,0.0,0.059871,0.0,0.0,0.0,0.059871,0.0,0.059871,0.0 
 07/21  00:58:00,21.5,26.6000527847417,24.1831571397409,26.6000527847417,0.0,1103.4153545742129,24.1831571397409,0.0,0.0,0.059871,26.3,0.0,24.194521502838715,0.059871,0.059871,0.0,0.0,0.059871,0.0,0.0,0.0,0.059871,0.0,0.059871,0.0 
 07/21  00:59:00,21.5,26.61958594258171,24.172102611248423,26.61958594258171,0.0,1175.2466701956155,24.172102611248423,0.0,0.0,0.059871,26.3,0.0,24.1831571397409,0.059871,0.059871,0.0,0.0,0.059871,0.0,0.0,0.0,0.059871,0.0,0.059871,0.0 
 07/21  01:00:00,21.5,26.638739097441107,24.161330167358326,26.638739097441107,0.0,1245.6805612807511,24.161330167358326,0.0,0.0,0.059871,26.3,0.0,24.172102611248423,0.059871,0.059871,0.0,0.0,0.059871,0.0,0.0,0.0,0.059871,0.0,0.059871,0.0,49104000.0 
 07/21  01:01:00,21.5,26.657525731188663,24.15081445235139,26.657525731188663,0.0,1314.7666061097789,24.15081445235139,0.0,0.0,0.059871,26.3,0.0,24.161330167358326,0.059871,0.059871,0.0,0.0,0.059871,0.0,0.0,0.0,0.059871,0.0,0.059871,0.0 
 07/21  01:02:00,21.5,26.675927915055315,24.140532821791968,26.675927915055315,0.0,1382.4388733529577,24.140532821791968,0.0,0.0,0.059871,26.3,0.0,24.15081445235139,0.059871,0.059871,0.0,0.0,0.059871,0.0,0.0,0.0,0.059871,0.0,0.059871,0.0 
 07/21  01:03:00,21.5,26.693956683046853,24.13046462881887,26.693956683046853,0.0,1448.7379395089056,24.13046462881887,0.0,0.0,0.059871,26.3,0.0,24.140532821791968,0.059871,0.059871,0.0,0.0,0.059871,0.0,0.0,0.0,0.059871,0.0,0.059871,0.0 
 07/21  01:04:00,21.5,26.711593303219537,24.12059130123539,26.711593303219537,0.0,1513.5949196500587,24.12059130123539,0.0,0.0,0.059871,26.3,0.0,24.13046462881887,0.059871,0.059871,0.0,0.0,0.059871,0.0,0.0,0.0,0.059871,0.0,0.059871,0.0 
 07/21  01:05:00,21.5,26.72884570906298,24.110895989676713,26.72884570906298,0.0,1577.0389884240058,24.110895989676713,0.0,0.0,0.059871,26.3,0.0,24.12059130123539,0.059871,0.059871,0.0,0.0,0.059871,0.0,0.0,0.0,0.059871,0.0,0.059871,0.0 
 07/21  01:06:00,21.5,26.745693577137022,24.101363609081012,26.745693577137022,0.0,1638.9954083276143,24.101363609081012,0.0,0.0,0.059871,26.3,0.0,24.110895989676713,0.059871,0.059871,0.0,0.0,0.059871,0.0,0.0,0.0,0.059871,0.0,0.059871,0.0 
 07/21  01:07:00,21.5,26.76214064614669,24.091980325246286,26.76214064614669,0.0,1699.477928090273,24.091980325246286,0.0,0.0,0.059871,26.3,0.0,24.101363609081012,0.059871,0.059871,0.0,0.0,0.059871,0.0,0.0,0.0,0.059871,0.0,0.059871,0.0 
 07/21  01:08:00,21.5,26.778163610206747,24.0827338539118,26.778163610206747,0.0,1758.4008425529964,24.0827338539118,0.0,0.0,0.059871,26.3,0.0,24.091980325246286,0.059871,0.059871,0.0,0.0,0.059871,0.0,0.0,0.0,0.059871,0.0,0.059871,0.0 
 07/21  01:09:00,21.5,26.79376001157727,24.073612957329537,26.79376001157727,0.0,1815.7551136127586,24.073612957329537,0.0,0.0,0.059871,26.3,0.0,24.0827338539118,0.059871,0.059871,0.0,0.0,0.059871,0.0,0.0,0.0,0.059871,0.0,0.059871,0.0 
 07/21  01:10:00,21.5,26.8089008339606,24.064607569324966,26.8089008339606,0.0,1871.4340366162833,24.064607569324966,0.0,0.0,0.059871,26.3,0.0,24.073612957329537,0.059871,0.059871,0.0,0.0,0.059871,0.0,0.0,0.0,0.059871,0.0,0.059871,0.0 
 07/21  01:11:00,21.5,26.823573261632006,24.055708534751595,26.823573261632006,0.0,1925.3904829642988,24.055708534751595,0.0,0.0,0.059871,26.3,0.0,24.064607569324966,0.059871,0.059871,0.0,0.0,0.059871,0.0,0.0,0.0,0.059871,0.0,0.059871,0.0 
 07/21  01:12:00,21.5,26.837736286188125,24.04690770816777,26.837736286188125,0.0,1977.4736481842729,24.04690770816777,0.0,0.0,0.059871,26.3,0.0,24.055708534751595,0.059871,0.059871,0.0,0.0,0.059871,0.0,0.0,0.0,0.059871,0.0,0.059871,0.0 
 07/21  01:13:00,21.5,26.85135608727588,24.03819757534228,26.85135608727588,0.0,2027.5591611695836,24.03819757534228,0.0,0.0,0.059871,26.3,0.0,24.04690770816777,0.059871,0.059871,0.0,0.0,0.059871,0.0,0.0,0.0,0.059871,0.0,0.059871,0.0 
 07/21  01:14:00,21.5,26.864360490991018,24.02957152428648,26.864360490991018,0.0,2075.3816093055093,24.02957152428648,0.0,0.0,0.059871,26.3,0.0,24.03819757534228,0.059871,0.059871,0.0,0.0,0.059871,0.0,0.0,0.0,0.059871,0.0,0.059871,0.0 
 07/21  01:15:00,21.5,26.876653347920954,24.02102346933176,26.876653347920954,0.0,2120.5874123435797,24.02102346933176,0.0,0.0,0.059871,26.3,0.0,24.02957152428648,0.059871,0.059871,0.0,0.0,0.059871,0.0,0.0,0.0,0.059871,0.0,0.059871,0.0 
 07/21  01:16:00,21.5,26.88800917025538,24.012548004290576,26.88800917025538,0.0,2162.347360475351,24.012548004290576,0.0,0.0,0.059871,26.3,0.0,24.02102346933176,0.059871,0.059871,0.0,0.0,0.059871,0.0,0.0,0.0,0.059871,0.0,0.059871,0.0 
 07/21  01:17:00,21.5,26.898282975475134,24.004140182647788,26.898282975475134,0.0,2200.128294383785,24.004140182647788,0.0,0.0,0.059871,26.3,0.0,24.012548004290576,0.059871,0.059871,0.0,0.0,0.059871,0.0,0.0,0.0,0.059871,0.0,0.059871,0.0 
 07/21  01:18:00,21.5,26.908269019391316,23.995795653759288,26.908269019391316,0.0,2236.8510136814575,23.995795653759288,0.0,0.0,0.059871,26.3,0.0,24.004140182647788,0.059871,0.059871,0.0,0.0,0.059871,0.0,0.0,0.0,0.059871,0.0,0.059871,0.0 
 07/21  01:19:00,21.5,26.918541152664297,23.987510361601696,26.918541152664297,0.0,2274.6257991659104,23.987510361601696,0.0,0.0,0.059871,26.3,0.0,23.995795653759288,0.059871,0.059871,0.0,0.0,0.059871,0.0,0.0,0.0,0.059871,0.0,0.059871,0.0 
 07/21  01:20:00,21.5,26.929260325736966,23.979280792657722,26.929260325736966,0.0,2314.0445306630727,23.979280792657722,0.0,0.0,0.059871,26.3,0.0,23.987510361601696,0.059871,0.059871,0.0,0.0,0.059871,0.0,0.0,0.0,0.059871,0.0,0.059871,0.0 
 07/21  01:21:00,21.5,26.94037012468084,23.97110367384799,26.94037012468084,0.0,2354.899751358462,23.97110367384799,0.0,0.0,0.059871,26.3,0.0,23.979280792657722,0.059871,0.059871,0.0,0.0,0.059871,0.0,0.0,0.0,0.059871,0.0,0.059871,0.0 
 07/21  01:22:00,21.5,26.951736160858353,23.962976145351227,26.951736160858353,0.0,2396.6972599191513,23.962976145351227,0.0,0.0,0.059871,26.3,0.0,23.97110367384799,0.059871,0.059871,0.0,0.0,0.059871,0.0,0.0,0.0,0.059871,0.0,0.059871,0.0 
 07/21  01:23:00,21.5,26.963254314042192,23.95489555449925,26.963254314042192,0.0,2439.0541641895516,23.95489555449925,0.0,0.0,0.059871,26.3,0.0,23.962976145351227,0.059871,0.059871,0.0,0.0,0.059871,0.0,0.0,0.0,0.059871,0.0,0.059871,0.0 
 07/21  01:24:00,21.5,26.974831414770378,23.94685961913558,26.974831414770378,0.0,2481.627842403923,23.94685961913558,0.0,0.0,0.059871,26.3,0.0,23.95489555449925,0.059871,0.059871,0.0,0.0,0.059871,0.0,0.0,0.0,0.059871,0.0,0.059871,0.0 
 07/21  01:25:00,21.5,26.986399892288436,23.93886616753352,26.986399892288436,0.0,2524.1698095896163,23.93886616753352,0.0,0.0,0.059871,26.3,0.0,23.94685961913558,0.059871,0.059871,0.0,0.0,0.059871,0.0,0.0,0.0,0.059871,0.0,0.059871,0.0 
 07/21  01:26:00,21.5,26.997840626836403,23.93091337224817,26.997840626836403,0.0,2566.242014247491,23.93091337224817,0.0,0.0,0.059871,26.3,0.0,23.93886616753352,0.059871,0.059871,0.0,0.0,0.059871,0.0,0.0,0.0,0.059871,0.0,0.059871,0.0 
 07/21  01:27:00,21.5,27.009088752929387,23.92299948770152,27.009088752929387,0.0,2607.6059197745053,23.92299948770152,0.0,0.0,0.059871,26.3,0.0,23.93091337224817,0.059871,0.059871,0.0,0.0,0.059871,0.0,0.0,0.0,0.059871,0.0,0.059871,0.0 
 07/21  01:28:00,21.5,27.020236443587343,23.915123039018383,27.020236443587343,0.0,2648.600483616351,23.915123039018383,0.0,0.0,0.059871,26.3,0.0,23.92299948770152,0.059871,0.059871,0.0,0.0,0.059871,0.0,0.0,0.0,0.059871,0.0,0.059871,0.0 
 07/21  01:29:00,21.5,27.031359034511027,23.90728261605117,27.031359034511027,0.0,2689.502745591335,23.90728261605117,0.0,0.0,0.059871,26.3,0.0,23.915123039018383,0.059871,0.059871,0.0,0.0,0.059871,0.0,0.0,0.0,0.059871,0.0,0.059871,0.0 
 07/21  01:30:00,21.5,27.04259092252823,23.899477057825106,27.04259092252823,0.0,2730.8069371511374,23.899477057825106,0.0,0.0,0.059871,26.3,0.0,23.90728261605117,0.059871,0.059871,0.0,0.0,0.059871,0.0,0.0,0.0,0.059871,0.0,0.059871,0.0 
 07/21  01:31:00,21.5,27.054122195421144,23.891705211540668,27.054122195421144,0.0,2773.2120878940896,23.891705211540668,0.0,0.0,0.059871,26.3,0.0,23.899477057825106,0.059871,0.059871,0.0,0.0,0.059871,0.0,0.0,0.0,0.059871,0.0,0.059871,0.0 
 07/21  01:32:00,21.5,27.06598918958666,23.883966161123332,27.06598918958666,0.0,2816.8518214367396,23.883966161123332,0.0,0.0,0.059871,26.3,0.0,23.891705211540668,0.059871,0.059871,0.0,0.0,0.059871,0.0,0.0,0.0,0.059871,0.0,0.059871,0.0 
 07/21  01:33:00,21.5,27.0781528131957,23.87625898311548,27.0781528131957,0.0,2861.5823813247744,23.87625898311548,0.0,0.0,0.059871,26.3,0.0,23.883966161123332,0.059871,0.059871,0.0,0.0,0.059871,0.0,0.0,0.0,0.059871,0.0,0.059871,0.0 
 07/21  01:34:00,21.5,27.09053079852318,23.868582949551328,27.09053079852318,0.0,2907.1012358849066,23.868582949551328,0.0,0.0,0.059871,26.3,0.0,23.87625898311548,0.059871,0.059871,0.0,0.0,0.059871,0.0,0.0,0.0,0.059871,0.0,0.059871,0.0 
 07/21  01:35:00,21.5,27.10307152467646,23.860937316185666,27.10307152467646,0.0,2953.218554232526,23.860937316185666,0.0,0.0,0.059871,26.3,0.0,23.868582949551328,0.059871,0.059871,0.0,0.0,0.059871,0.0,0.0,0.0,0.059871,0.0,0.059871,0.0 
 07/21  01:36:00,21.5,27.115723161214305,23.85332152379511,27.115723161214305,0.0,2999.7437348881704,23.85332152379511,0.0,0.0,0.059871,26.3,0.0,23.860937316185666,0.059871,0.059871,0.0,0.0,0.059871,0.0,0.0,0.0,0.059871,0.0,0.059871,0.0 
 07/21  01:37:00,21.5,27.12846687771813,23.845734963192577,27.12846687771813,0.0,3046.607530792444,23.845734963192577,0.0,0.0,0.059871,26.3,0.0,23.85332152379511,0.059871,0.059871,0.0,0.0,0.059871,0.0,0.0,0.0,0.059871,0.0,0.059871,0.0 
 07/21  01:38:00,21.5,27.14127164312345,23.83817720523104,27.14127164312345,0.0,3093.69582818018,23.83817720523104,0.0,0.0,0.059871,26.3,0.0,23.845734963192577,0.059871,0.059871,0.0,0.0,0.059871,0.0,0.0,0.0,0.059871,0.0,0.059871,0.0 
 07/21  01:39:00,21.5,27.154130136298512,23.830647762101886,27.154130136298512,0.0,3140.9817042911072,23.830647762101886,0.0,0.0,0.059871,26.3,0.0,23.83817720523104,0.059871,0.059871,0.0,0.0,0.059871,0.0,0.0,0.0,0.059871,0.0,0.059871,0.0 
 07/21  01:40:00,21.5,27.167017546272596,23.823146302600584,27.167017546272596,0.0,3188.3739191586483,23.823146302600584,0.0,0.0,0.059871,26.3,0.0,23.830647762101886,0.059871,0.059871,0.0,0.0,0.059871,0.0,0.0,0.0,0.059871,0.0,0.059871,0.0 
 07/21  01:41:00,21.5,27.179931282496298,23.81567243291658,27.179931282496298,0.0,3235.862946285665,23.81567243291658,0.0,0.0,0.059871,26.3,0.0,23.823146302600584,0.059871,0.059871,0.0,0.0,0.059871,0.0,0.0,0.0,0.059871,0.0,0.059871,0.0 
 07/21  01:42:00,21.5,27.192850346304365,23.808225911302046,27.192850346304365,0.0,3283.3715650935255,23.808225911302046,0.0,0.0,0.059871,26.3,0.0,23.81567243291658,0.059871,0.059871,0.0,0.0,0.059871,0.0,0.0,0.0,0.059871,0.0,0.059871,0.0 
 07/21  01:43:00,21.5,27.205775660663896,23.800806411803133,27.205775660663896,0.0,3330.9031697052433,23.800806411803133,0.0,0.0,0.059871,26.3,0.0,23.808225911302046,0.059871,0.059871,0.0,0.0,0.059871,0.0,0.0,0.0,0.059871,0.0,0.059871,0.0 
 07/21  01:44:00,21.5,27.218689016869916,23.793413760249315,27.218689016869916,0.0,3378.3907993536695,23.793413760249315,0.0,0.0,0.059871,26.3,0.0,23.800806411803133,0.059871,0.059871,0.0,0.0,0.059871,0.0,0.0,0.0,0.059871,0.0,0.059871,0.0 
 07/21  01:45:00,21.5,27.23159372040178,23.786047693574293,27.23159372040178,0.0,3425.8466096222855,23.786047693574293,0.0,0.0,0.059871,26.3,0.0,23.793413760249315,0.059871,0.059871,0.0,0.0,0.059871,0.0,0.0,0.0,0.059871,0.0,0.059871,0.0 
 07/21  01:46:00,21.5,27.244473409249835,23.77870808568212,27.244473409249835,0.0,3473.210430788945,23.77870808568212,0.0,0.0,0.059871,26.3,0.0,23.786047693574293,0.059871,0.059871,0.0,0.0,0.059871,0.0,0.0,0.0,0.059871,0.0,0.059871,0.0 
 07/21  01:47:00,21.5,27.257332968022883,23.771394721477886,27.257332968022883,0.0,3520.5002255343243,23.771394721477886,0.0,0.0,0.059871,26.3,0.0,23.77870808568212,0.059871,0.059871,0.0,0.0,0.059871,0.0,0.0,0.0,0.059871,0.0,0.059871,0.0 
 07/21  01:48:00,21.5,27.270157333253938,23.764107521721346,27.270157333253938,0.0,3567.660599402475,23.764107521721346,0.0,0.0,0.059871,26.3,0.0,23.771394721477886,0.059871,0.059871,0.0,0.0,0.059871,0.0,0.0,0.0,0.059871,0.0,0.059871,0.0 
 07/21  01:49:00,21.5,27.282952510754974,23.756846301851393,27.282952510754974,0.0,3614.713638191247,23.756846301851393,0.0,0.0,0.059871,26.3,0.0,23.764107521721346,0.059871,0.059871,0.0,0.0,0.059871,0.0,0.0,0.0,0.059871,0.0,0.059871,0.0 
 07/21  01:50:00,21.5,27.295704422414456,23.749611016549625,27.295704422414456,0.0,3661.607570994911,23.749611016549625,0.0,0.0,0.059871,26.3,0.0,23.756846301851393,0.059871,0.059871,0.0,0.0,0.059871,0.0,0.0,0.0,0.059871,0.0,0.059871,0.0 
 07/21  01:51:00,21.5,27.308419900569948,23.74240151326994,27.308419900569948,0.0,3708.3675230799645,23.74240151326994,0.0,0.0,0.059871,26.3,0.0,23.749611016549625,0.059871,0.059871,0.0,0.0,0.059871,0.0,0.0,0.0,0.059871,0.0,0.059871,0.0 
 07/21  01:52:00,21.5,27.321085645524292,23.735217766691388,27.321085645524292,0.0,3754.944586084921,23.735217766691388,0.0,0.0,0.059871,26.3,0.0,23.74240151326994,0.059871,0.059871,0.0,0.0,0.059871,0.0,0.0,0.0,0.059871,0.0,0.059871,0.0 
 07/21  01:53:00,21.5,27.33370910766241,23.72805964784285,27.33370910766241,0.0,3801.366158086198,23.72805964784285,0.0,0.0,0.059871,26.3,0.0,23.735217766691388,0.059871,0.059871,0.0,0.0,0.059871,0.0,0.0,0.0,0.059871,0.0,0.059871,0.0 
 07/21  01:54:00,21.5,27.346277621902775,23.720927156134888,27.346277621902775,0.0,3847.58566446048,23.720927156134888,0.0,0.0,0.059871,26.3,0.0,23.72805964784285,0.059871,0.059871,0.0,0.0,0.059871,0.0,0.0,0.0,0.059871,0.0,0.059871,0.0 
 07/21  01:55:00,21.5,27.358799104980186,23.713820171949948,27.358799104980186,0.0,3893.632218241123,23.713820171949948,0.0,0.0,0.059871,26.3,0.0,23.720927156134888,0.059871,0.059871,0.0,0.0,0.059871,0.0,0.0,0.0,0.059871,0.0,0.059871,0.0 
 07/21  01:56:00,21.5,27.371261424030898,23.706738710862297,27.371261424030898,0.0,3939.4612019847,23.706738710862297,0.0,0.0,0.059871,26.3,0.0,23.713820171949948,0.059871,0.059871,0.0,0.0,0.059871,0.0,0.0,0.0,0.059871,0.0,0.059871,0.0 
 07/21  01:57:00,21.5,27.383672848506052,23.69968266983688,27.383672848506052,0.0,3985.1030258051196,23.69968266983688,0.0,0.0,0.059871,26.3,0.0,23.706738710862297,0.059871,0.059871,0.0,0.0,0.059871,0.0,0.0,0.0,0.059871,0.0,0.059871,0.0 
 07/21  01:58:00,21.5,27.39602170239787,23.692652068102515,27.39602170239787,0.0,4030.5147523029746,23.692652068102515,0.0,0.0,0.059871,26.3,0.0,23.69968266983688,0.059871,0.059871,0.0,0.0,0.059871,0.0,0.0,0.0,0.059871,0.0,0.059871,0.0 
 07/21  01:59:00,21.5,27.408316520311693,23.68564681372364,27.408316520311693,0.0,4075.72776667133,23.68564681372364,0.0,0.0,0.059871,26.3,0.0,23.692652068102515,0.059871,0.059871,0.0,0.0,0.059871,0.0,0.0,0.0,0.059871,0.0,0.059871,0.0 
 07/21  02:00:00,21.5,27.420546026038227,23.678666939977827,27.420546026038227,0.0,4120.700601731369,23.678666939977827,0.0,0.0,0.059871,26.3,0.0,23.68564681372364,0.059871,0.059871,0.0,0.0,0.059871,0.0,0.0,0.0,0.059871,0.0,0.059871,0.0,49104000.0 
 07/21  02:01:00,21.5,27.43271895044728,23.6717123517786,27.43271895044728,0.0,4165.4653644199425,23.6717123517786,0.0,0.0,0.059871,26.3,0.0,23.678666939977827,0.059871,0.059871,0.0,0.0,0.059871,0.0,0.0,0.0,0.059871,0.0,0.059871,0.0 
 07/21  02:02:00,21.5,27.444824372958486,23.66478308955665,27.444824372958486,0.0,4209.981895349506,23.66478308955665,0.0,0.0,0.059871,26.3,0.0,23.6717123517786,0.059871,0.059871,0.0,0.0,0.059871,0.0,0.0,0.0,0.059871,0.0,0.059871,0.0 
 07/21  02:03:00,21.5,27.45687116563594,23.65787906800024,27.45687116563594,0.0,4254.282820685362,23.65787906800024,0.0,0.0,0.059871,26.3,0.0,23.66478308955665,0.059871,0.059871,0.0,0.0,0.059871,0.0,0.0,0.0,0.059871,0.0,0.059871,0.0 
 07/21  02:04:00,21.5,27.46884872866496,23.651000321140383,27.46884872866496,0.0,4298.329160625062,23.651000321140383,0.0,0.0,0.059871,26.3,0.0,23.65787906800024,0.059871,0.059871,0.0,0.0,0.059871,0.0,0.0,0.0,0.059871,0.0,0.059871,0.0 
 07/21  02:05:00,21.5,27.480766030708846,23.644146768831106,27.480766030708846,0.0,4342.153896568202,23.644146768831106,0.0,0.0,0.059871,26.3,0.0,23.651000321140383,0.059871,0.059871,0.0,0.0,0.059871,0.0,0.0,0.0,0.059871,0.0,0.059871,0.0 
 07/21  02:06:00,21.5,27.492612764714547,23.637318454851496,27.492612764714547,0.0,4385.719125315163,23.637318454851496,0.0,0.0,0.059871,26.3,0.0,23.644146768831106,0.059871,0.059871,0.0,0.0,0.059871,0.0,0.0,0.0,0.059871,0.0,0.059871,0.0 
 07/21  02:07:00,21.5,27.504397959456234,23.6305152880322,27.504397959456234,0.0,4429.0580493175,23.6305152880322,0.0,0.0,0.059871,26.3,0.0,23.637318454851496,0.059871,0.059871,0.0,0.0,0.059871,0.0,0.0,0.0,0.059871,0.0,0.059871,0.0 
 07/21  02:08:00,21.5,27.516111577787747,23.62373731508686,27.516111577787747,0.0,4472.133757932315,23.62373731508686,0.0,0.0,0.059871,26.3,0.0,23.6305152880322,0.059871,0.059871,0.0,0.0,0.059871,0.0,0.0,0.0,0.059871,0.0,0.059871,0.0 
 07/21  02:09:00,21.5,27.52776267849328,23.616984452603955,27.52776267849328,0.0,4514.97956397016,23.616984452603955,0.0,0.0,0.059871,26.3,0.0,23.62373731508686,0.059871,0.059871,0.0,0.0,0.059871,0.0,0.0,0.0,0.059871,0.0,0.059871,0.0 
 07/21  02:10:00,21.5,27.53934147540636,23.61025673419715,27.53934147540636,0.0,4557.559479741894,23.61025673419715,0.0,0.0,0.059871,26.3,0.0,23.616984452603955,0.059871,0.059871,0.0,0.0,0.059871,0.0,0.0,0.0,0.059871,0.0,0.059871,0.0 
 07/21  02:11:00,21.5,27.550857032330224,23.6035540792425,27.550857032330224,0.0,4599.906836515106,23.6035540792425,0.0,0.0,0.059871,26.3,0.0,23.61025673419715,0.059871,0.059871,0.0,0.0,0.059871,0.0,0.0,0.0,0.059871,0.0,0.059871,0.0 
 07/21  02:12:00,21.5,27.562299798188143,23.59687653033503,27.562299798188143,0.0,4641.986511120626,23.59687653033503,0.0,0.0,0.059871,26.3,0.0,23.6035540792425,0.059871,0.059871,0.0,0.0,0.059871,0.0,0.0,0.0,0.059871,0.0,0.059871,0.0 
 07/21  02:13:00,21.5,27.57367882095291,23.590223990410085,27.57367882095291,0.0,4683.831776611119,23.590223990410085,0.0,0.0,0.059871,26.3,0.0,23.59687653033503,0.059871,0.059871,0.0,0.0,0.059871,0.0,0.0,0.0,0.059871,0.0,0.059871,0.0 
 07/21  02:14:00,21.5,27.584984771125374,23.583596503379173,27.584984771125374,0.0,4725.408324647733,23.583596503379173,0.0,0.0,0.059871,26.3,0.0,23.590223990410085,0.059871,0.059871,0.0,0.0,0.059871,0.0,0.0,0.0,0.059871,0.0,0.059871,0.0 
 07/21  02:15:00,21.5,27.596226663393153,23.576993980541875,27.596226663393153,0.0,4766.749305880089,23.576993980541875,0.0,0.0,0.059871,26.3,0.0,23.583596503379173,0.059871,0.059871,0.0,0.0,0.059871,0.0,0.0,0.0,0.059871,0.0,0.059871,0.0 
 07/21  02:16:00,21.5,27.60739537820501,23.570416447795147,27.60739537820501,0.0,4807.821184032659,23.570416447795147,0.0,0.0,0.059871,26.3,0.0,23.576993980541875,0.059871,0.059871,0.0,0.0,0.059871,0.0,0.0,0.0,0.059871,0.0,0.059871,0.0 
 07/21  02:17:00,21.5,27.61849988231875,23.563863818745002,27.61849988231875,0.0,4848.656933497773,23.563863818745002,0.0,0.0,0.059871,26.3,0.0,23.570416447795147,0.059871,0.059871,0.0,0.0,0.059871,0.0,0.0,0.0,0.059871,0.0,0.059871,0.0 
 07/21  02:18:00,21.5,27.62953125600703,23.557336129426194,27.62953125600703,0.0,4889.2237528331,23.557336129426194,0.0,0.0,0.059871,26.3,0.0,23.563863818745002,0.059871,0.059871,0.0,0.0,0.059871,0.0,0.0,0.0,0.059871,0.0,0.059871,0.0 
 07/21  02:19:00,21.5,27.64049840579927,23.55083327288289,27.64049840579927,0.0,4929.554394946872,23.55083327288289,0.0,0.0,0.059871,26.3,0.0,23.557336129426194,0.059871,0.059871,0.0,0.0,0.059871,0.0,0.0,0.0,0.059871,0.0,0.059871,0.0 
 07/21  02:20:00,21.5,27.651392602883757,23.544355286235064,27.651392602883757,0.0,4969.6167604707125,23.544355286235064,0.0,0.0,0.059871,26.3,0.0,23.55083327288289,0.059871,0.059871,0.0,0.0,0.059871,0.0,0.0,0.0,0.059871,0.0,0.059871,0.0 
 07/21  02:21:00,21.5,27.662222683236173,23.537902072890418,27.662222683236173,0.0,5009.443342858217,23.537902072890418,0.0,0.0,0.059871,26.3,0.0,23.544355286235064,0.059871,0.059871,0.0,0.0,0.059871,0.0,0.0,0.0,0.059871,0.0,0.059871,0.0 
 07/21  02:22:00,21.5,27.67298010104279,23.531473647998688,27.67298010104279,0.0,5049.002715698543,23.531473647998688,0.0,0.0,0.059871,26.3,0.0,23.537902072890418,0.059871,0.059871,0.0,0.0,0.059871,0.0,0.0,0.0,0.059871,0.0,0.059871,0.0 
 07/21  02:23:00,21.5,27.683673613070642,23.525069917769894,27.683673613070642,0.0,5088.3270811631155,23.525069917769894,0.0,0.0,0.059871,26.3,0.0,23.531473647998688,0.059871,0.059871,0.0,0.0,0.059871,0.0,0.0,0.0,0.059871,0.0,0.059871,0.0 
 07/21  02:24:00,21.5,27.694294849400304,23.518690909655394,27.694294849400304,0.0,5127.385659675506,23.518690909655394,0.0,0.0,0.059871,26.3,0.0,23.525069917769894,0.059871,0.059871,0.0,0.0,0.059871,0.0,0.0,0.0,0.059871,0.0,0.059871,0.0 
 07/21  02:25:00,21.5,27.704852480357314,23.512336505870444,27.704852480357314,0.0,5166.210335526816,23.512336505870444,0.0,0.0,0.059871,26.3,0.0,23.518690909655394,0.059871,0.059871,0.0,0.0,0.059871,0.0,0.0,0.0,0.059871,0.0,0.059871,0.0 
 07/21  02:26:00,21.5,27.715338305487318,23.5060067354344,27.715338305487318,0.0,5204.770952332201,23.5060067354344,0.0,0.0,0.059871,26.3,0.0,23.512336505870444,0.059871,0.059871,0.0,0.0,0.059871,0.0,0.0,0.0,0.059871,0.0,0.059871,0.0 
 07/21  02:27:00,21.5,27.72576090265794,23.499701493615497,27.72576090265794,0.0,5243.099054377626,23.499701493615497,0.0,0.0,0.059871,26.3,0.0,23.5060067354344,0.059871,0.059871,0.0,0.0,0.059871,0.0,0.0,0.0,0.059871,0.0,0.059871,0.0 
 07/21  02:28:00,21.5,27.73611223501405,23.493420784036967,27.73611223501405,0.0,5281.165086898718,23.493420784036967,0.0,0.0,0.059871,26.3,0.0,23.499701493615497,0.059871,0.059871,0.0,0.0,0.059871,0.0,0.0,0.0,0.059871,0.0,0.059871,0.0 
 07/21  02:29:00,21.5,27.74640078299396,23.48716450573243,27.74640078299396,0.0,5319.0002358944685,23.48716450573243,0.0,0.0,0.059871,26.3,0.0,23.493420784036967,0.059871,0.059871,0.0,0.0,0.059871,0.0,0.0,0.0,0.059871,0.0,0.059871,0.0 
 07/21  02:30:00,21.5,27.756618667950168,23.480932677274193,27.756618667950168,0.0,5356.575528393901,23.480932677274193,0.0,0.0,0.059871,26.3,0.0,23.48716450573243,0.059871,0.059871,0.0,0.0,0.059871,0.0,0.0,0.0,0.059871,0.0,0.059871,0.0 
 07/21  02:31:00,21.5,27.766774268821077,23.47472517064516,27.766774268821077,0.0,5393.921777139844,23.47472517064516,0.0,0.0,0.059871,26.3,0.0,23.480932677274193,0.059871,0.059871,0.0,0.0,0.059871,0.0,0.0,0.0,0.059871,0.0,0.059871,0.0 
 07/21  02:32:00,21.5,27.776859860177712,23.46854200681128,27.776859860177712,0.0,5431.010572607752,23.46854200681128,0.0,0.0,0.059871,26.3,0.0,23.47472517064516,0.059871,0.059871,0.0,0.0,0.059871,0.0,0.0,0.0,0.059871,0.0,0.059871,0.0 
 07/21  02:33:00,21.5,27.786883716166884,23.462383073787034,27.786883716166884,0.0,5467.872342179398,23.462383073787034,0.0,0.0,0.059871,26.3,0.0,23.46854200681128,0.059871,0.059871,0.0,0.0,0.059871,0.0,0.0,0.0,0.059871,0.0,0.059871,0.0 
 07/21  02:34:00,21.5,27.796838259933065,23.456248364031197,27.796838259933065,0.0,5504.4792226948675,23.456248364031197,0.0,0.0,0.059871,26.3,0.0,23.462383073787034,0.059871,0.059871,0.0,0.0,0.059871,0.0,0.0,0.0,0.059871,0.0,0.059871,0.0 
 07/21  02:35:00,21.5,27.80673165821505,23.45013777047516,27.80673165821505,0.0,5540.86124655325,23.45013777047516,0.0,0.0,0.059871,26.3,0.0,23.456248364031197,0.059871,0.059871,0.0,0.0,0.059871,0.0,0.0,0.0,0.059871,0.0,0.059871,0.0 
 07/21  02:36:00,21.5,27.816556478382257,23.444051303359405,27.816556478382257,0.0,5576.991080968037,23.444051303359405,0.0,0.0,0.059871,26.3,0.0,23.45013777047516,0.059871,0.059871,0.0,0.0,0.059871,0.0,0.0,0.0,0.059871,0.0,0.059871,0.0 
 07/21  02:37:00,21.5,27.82632077773538,23.437988825734127,27.82632077773538,0.0,5612.8983558902155,23.437988825734127,0.0,0.0,0.059871,26.3,0.0,23.444051303359405,0.059871,0.059871,0.0,0.0,0.059871,0.0,0.0,0.0,0.059871,0.0,0.059871,0.0 
 07/21  02:38:00,21.5,27.83601726377767,23.431950351199415,27.83601726377767,0.0,5648.556253861989,23.431950351199415,0.0,0.0,0.059871,26.3,0.0,23.437988825734127,0.059871,0.059871,0.0,0.0,0.059871,0.0,0.0,0.0,0.059871,0.0,0.059871,0.0 
 07/21  02:39:00,21.5,27.84565388285178,23.425935761877113,27.84565388285178,0.0,5683.993996796776,23.425935761877113,0.0,0.0,0.059871,26.3,0.0,23.431950351199415,0.059871,0.059871,0.0,0.0,0.059871,0.0,0.0,0.0,0.059871,0.0,0.059871,0.0 
 07/21  02:40:00,21.5,27.855223478728995,23.419945039961334,27.855223478728995,0.0,5719.1852683494335,23.419945039961334,0.0,0.0,0.059871,26.3,0.0,23.425935761877113,0.059871,0.059871,0.0,0.0,0.059871,0.0,0.0,0.0,0.059871,0.0,0.059871,0.0 
 07/21  02:41:00,21.5,27.864733885718238,23.413978073680518,27.864733885718238,0.0,5754.158878440071,23.413978073680518,0.0,0.0,0.059871,26.3,0.0,23.419945039961334,0.059871,0.059871,0.0,0.0,0.059871,0.0,0.0,0.0,0.059871,0.0,0.059871,0.0 
 07/21  02:42:00,21.5,27.87417808019154,23.408034865857736,27.87417808019154,0.0,5788.888998350108,23.408034865857736,0.0,0.0,0.059871,26.3,0.0,23.413978073680518,0.059871,0.059871,0.0,0.0,0.059871,0.0,0.0,0.0,0.059871,0.0,0.059871,0.0 
 07/21  02:43:00,21.5,27.88356378373547,23.402115272165588,27.88356378373547,0.0,5823.404023473954,23.402115272165588,0.0,0.0,0.059871,26.3,0.0,23.408034865857736,0.059871,0.059871,0.0,0.0,0.059871,0.0,0.0,0.0,0.059871,0.0,0.059871,0.0 
 07/21  02:44:00,21.5,27.89288410183193,23.39621929978309,27.89288410183193,0.0,5857.678599882197,23.39621929978309,0.0,0.0,0.059871,26.3,0.0,23.402115272165588,0.059871,0.059871,0.0,0.0,0.059871,0.0,0.0,0.0,0.059871,0.0,0.059871,0.0 
 07/21  02:45:00,21.5,27.902146642993923,23.390346826426754,27.902146642993923,0.0,5891.740707152117,23.390346826426754,0.0,0.0,0.059871,26.3,0.0,23.39621929978309,0.059871,0.059871,0.0,0.0,0.059871,0.0,0.0,0.0,0.059871,0.0,0.059871,0.0 
 07/21  02:46:00,21.5,27.911344638480077,23.38449782513656,27.911344638480077,0.0,5925.565453886106,23.38449782513656,0.0,0.0,0.059871,26.3,0.0,23.390346826426754,0.059871,0.059871,0.0,0.0,0.059871,0.0,0.0,0.0,0.059871,0.0,0.059871,0.0 
 07/21  02:47:00,21.5,27.920485583672665,23.37867218088393,27.920485583672665,0.0,5959.1804036340045,23.37867218088393,0.0,0.0,0.059871,26.3,0.0,23.38449782513656,0.059871,0.059871,0.0,0.0,0.059871,0.0,0.0,0.0,0.059871,0.0,0.059871,0.0 
 07/21  02:48:00,21.5,27.92956283241606,23.3728698901023,27.92956283241606,0.0,5992.561115795579,23.3728698901023,0.0,0.0,0.059871,26.3,0.0,23.37867218088393,0.059871,0.059871,0.0,0.0,0.059871,0.0,0.0,0.0,0.059871,0.0,0.059871,0.0 
 07/21  02:49:00,21.5,27.938583767160637,23.367090802659735,27.938583767160637,0.0,6025.734738624419,23.367090802659735,0.0,0.0,0.059871,26.3,0.0,23.3728698901023,0.059871,0.059871,0.0,0.0,0.059871,0.0,0.0,0.0,0.059871,0.0,0.059871,0.0 
 07/21  02:50:00,21.5,27.94754186127444,23.36133492031355,27.94754186127444,0.0,6058.677271057145,23.36133492031355,0.0,0.0,0.059871,26.3,0.0,23.367090802659735,0.059871,0.059871,0.0,0.0,0.059871,0.0,0.0,0.0,0.059871,0.0,0.059871,0.0 
 07/21  02:51:00,21.5,27.956444384697544,23.355602117808488,27.956444384697544,0.0,6091.415447601489,23.355602117808488,0.0,0.0,0.059871,26.3,0.0,23.36133492031355,0.059871,0.059871,0.0,0.0,0.059871,0.0,0.0,0.0,0.059871,0.0,0.059871,0.0 
 07/21  02:52:00,21.5,27.965284927377358,23.349892360177186,27.965284927377358,0.0,6123.925695903508,23.349892360177186,0.0,0.0,0.059871,26.3,0.0,23.355602117808488,0.059871,0.059871,0.0,0.0,0.059871,0.0,0.0,0.0,0.059871,0.0,0.059871,0.0 
 07/21  02:53:00,21.5,27.97407064735868,23.344205530487113,27.97407064735868,0.0,6156.234338986801,23.344205530487113,0.0,0.0,0.059871,26.3,0.0,23.349892360177186,0.059871,0.059871,0.0,0.0,0.059871,0.0,0.0,0.0,0.059871,0.0,0.059871,0.0 
 07/21  02:54:00,21.5,27.982795248332113,23.338541619792842,27.982795248332113,0.0,6188.318222777107,23.338541619792842,0.0,0.0,0.059871,26.3,0.0,23.344205530487113,0.059871,0.059871,0.0,0.0,0.059871,0.0,0.0,0.0,0.059871,0.0,0.059871,0.0 
 07/21  02:55:00,21.5,27.99146577722983,23.332900473630797,27.99146577722983,0.0,6220.2032616919905,23.332900473630797,0.0,0.0,0.059871,26.3,0.0,23.338541619792842,0.059871,0.059871,0.0,0.0,0.059871,0.0,0.0,0.0,0.059871,0.0,0.059871,0.0 
 07/21  02:56:00,21.5,28.0000760487495,23.327282089290772,28.0000760487495,0.0,6251.86670987503,23.327282089290772,0.0,0.0,0.059871,26.3,0.0,23.332900473630797,0.059871,0.059871,0.0,0.0,0.059871,0.0,0.0,0.0,0.059871,0.0,0.059871,0.0 
 07/21  02:57:00,21.5,28.0086329996381,23.32168633984331,28.0086329996381,0.0,6283.334076548322,23.32168633984331,0.0,0.0,0.059871,26.3,0.0,23.327282089290772,0.059871,0.059871,0.0,0.0,0.059871,0.0,0.0,0.0,0.059871,0.0,0.059871,0.0 
 07/21  02:58:00,21.5,28.017130552957173,23.316113183411694,28.017130552957173,0.0,6314.583014353179,23.316113183411694,0.0,0.0,0.059871,26.3,0.0,23.32168633984331,0.059871,0.059871,0.0,0.0,0.059871,0.0,0.0,0.0,0.059871,0.0,0.059871,0.0 
 07/21  02:59:00,21.5,28.0255755363206,23.310562502360952,28.0255755363206,0.0,6345.638631185193,23.310562502360952,0.0,0.0,0.059871,26.3,0.0,23.316113183411694,0.059871,0.059871,0.0,0.0,0.059871,0.0,0.0,0.0,0.059871,0.0,0.059871,0.0 
 07/21  03:00:00,21.5,28.033961978597393,23.305034283301982,28.033961978597393,0.0,6376.4789687825305,23.305034283301982,0.0,0.0,0.059871,26.3,0.0,23.310562502360952,0.059871,0.059871,0.0,0.0,0.059871,0.0,0.0,0.0,0.059871,0.0,0.059871,0.0,49104000.0 
 07/21  03:01:00,21.5,28.042296599427225,23.299528368762623,28.042296599427225,0.0,6407.128737975963,23.299528368762623,0.0,0.0,0.059871,26.3,0.0,23.305034283301982,0.059871,0.059871,0.0,0.0,0.059871,0.0,0.0,0.0,0.059871,0.0,0.059871,0.0 
 07/21  03:02:00,21.5,28.050573531011633,23.29404475243111,28.050573531011633,0.0,6437.566360499109,23.29404475243111,0.0,0.0,0.059871,26.3,0.0,23.299528368762623,0.059871,0.059871,0.0,0.0,0.059871,0.0,0.0,0.0,0.059871,0.0,0.059871,0.0 
 07/21  03:03:00,21.5,28.05879938626601,23.288583306834873,28.05879938626601,0.0,6467.816154714446,23.288583306834873,0.0,0.0,0.059871,26.3,0.0,23.29404475243111,0.059871,0.059871,0.0,0.0,0.059871,0.0,0.0,0.0,0.059871,0.0,0.059871,0.0 
 07/21  03:04:00,21.5,28.066968398326257,23.283143984197896,28.066968398326257,0.0,6497.856913532023,23.283143984197896,0.0,0.0,0.059871,26.3,0.0,23.288583306834873,0.059871,0.059871,0.0,0.0,0.059871,0.0,0.0,0.0,0.059871,0.0,0.059871,0.0 
 07/21  03:05:00,21.5,28.075087074710297,23.27772666721354,28.075087074710297,0.0,6527.712567725225,23.27772666721354,0.0,0.0,0.059871,26.3,0.0,23.283143984197896,0.059871,0.059871,0.0,0.0,0.059871,0.0,0.0,0.0,0.059871,0.0,0.059871,0.0 
 07/21  03:06:00,21.5,28.083149747162945,23.272331338884214,28.083149747162945,0.0,6557.362272828968,23.272331338884214,0.0,0.0,0.059871,26.3,0.0,23.27772666721354,0.059871,0.059871,0.0,0.0,0.059871,0.0,0.0,0.0,0.059871,0.0,0.059871,0.0 
 07/21  03:07:00,21.5,28.091162819196086,23.26695783988594,28.091162819196086,0.0,6586.829577144367,23.26695783988594,0.0,0.0,0.059871,26.3,0.0,23.272331338884214,0.059871,0.059871,0.0,0.0,0.059871,0.0,0.0,0.0,0.059871,0.0,0.059871,0.0 
 07/21  03:08:00,21.5,28.09912071890691,23.26160616106773,28.09912071890691,0.0,6616.093990532945,23.26160616106773,0.0,0.0,0.059871,26.3,0.0,23.26695783988594,0.059871,0.059871,0.0,0.0,0.059871,0.0,0.0,0.0,0.059871,0.0,0.059871,0.0 
 07/21  03:09:00,21.5,28.107029747246152,23.256276175374552,28.107029747246152,0.0,6645.1786841370495,23.256276175374552,0.0,0.0,0.059871,26.3,0.0,23.26160616106773,0.059871,0.059871,0.0,0.0,0.059871,0.0,0.0,0.0,0.059871,0.0,0.059871,0.0 
 07/21  03:10:00,21.5,28.114858635713407,23.25096857974442,28.114858635713407,0.0,6673.968671043667,23.25096857974442,0.0,0.0,0.059871,26.3,0.0,23.256276175374552,0.059871,0.059871,0.0,0.0,0.059871,0.0,0.0,0.0,0.059871,0.0,0.059871,0.0 
 07/21  03:11:00,21.5,28.122652393948215,23.245682530335934,28.122652393948215,0.0,6702.629469887852,23.245682530335934,0.0,0.0,0.059871,26.3,0.0,23.25096857974442,0.059871,0.059871,0.0,0.0,0.059871,0.0,0.0,0.0,0.059871,0.0,0.059871,0.0 
 07/21  03:12:00,21.5,28.13038881316942,23.24041836609486,28.13038881316942,0.0,6731.079410005686,23.24041836609486,0.0,0.0,0.059871,26.3,0.0,23.245682530335934,0.059871,0.059871,0.0,0.0,0.059871,0.0,0.0,0.0,0.059871,0.0,0.059871,0.0 
 07/21  03:13:00,21.5,28.138070465919135,23.23517605981446,28.138070465919135,0.0,6759.327951674204,23.23517605981446,0.0,0.0,0.059871,26.3,0.0,23.24041836609486,0.059871,0.059871,0.0,0.0,0.059871,0.0,0.0,0.0,0.059871,0.0,0.059871,0.0 
 07/21  03:14:00,21.5,28.145697875754188,23.22995540510405,28.145697875754188,0.0,6787.377020223466,23.22995540510405,0.0,0.0,0.059871,26.3,0.0,23.23517605981446,0.059871,0.059871,0.0,0.0,0.059871,0.0,0.0,0.0,0.059871,0.0,0.059871,0.0 
 07/21  03:15:00,21.5,28.1532784086487,23.224756121873785,28.1532784086487,0.0,6815.253703317253,23.224756121873785,0.0,0.0,0.059871,26.3,0.0,23.22995540510405,0.059871,0.059871,0.0,0.0,0.059871,0.0,0.0,0.0,0.059871,0.0,0.059871,0.0 
 07/21  03:16:00,21.5,28.16080858569234,23.2195780620492,28.16080858569234,0.0,6842.945207596263,23.2195780620492,0.0,0.0,0.059871,26.3,0.0,23.224756121873785,0.059871,0.059871,0.0,0.0,0.059871,0.0,0.0,0.0,0.059871,0.0,0.059871,0.0 
 07/21  03:17:00,21.5,28.16829476277414,23.214421067246555,28.16829476277414,0.0,6870.474906233189,23.214421067246555,0.0,0.0,0.059871,26.3,0.0,23.2195780620492,0.059871,0.059871,0.0,0.0,0.059871,0.0,0.0,0.0,0.059871,0.0,0.059871,0.0 
 07/21  03:18:00,21.5,28.175732148031035,23.209285090437138,28.175732148031035,0.0,6897.825177610939,23.209285090437138,0.0,0.0,0.059871,26.3,0.0,23.214421067246555,0.059871,0.059871,0.0,0.0,0.059871,0.0,0.0,0.0,0.059871,0.0,0.059871,0.0 
 07/21  03:19:00,21.5,28.183125953860575,23.204169958713326,28.183125953860575,0.0,6925.015189821847,23.204169958713326,0.0,0.0,0.059871,26.3,0.0,23.209285090437138,0.059871,0.059871,0.0,0.0,0.059871,0.0,0.0,0.0,0.059871,0.0,0.059871,0.0 
 07/21  03:20:00,21.5,28.19047092672822,23.199075646978077,28.19047092672822,0.0,6952.025623496243,23.199075646978077,0.0,0.0,0.059871,26.3,0.0,23.204169958713326,0.059871,0.059871,0.0,0.0,0.059871,0.0,0.0,0.0,0.059871,0.0,0.059871,0.0 
 07/21  03:21:00,21.5,28.197772206698996,23.194002023719783,28.197772206698996,0.0,6978.875380730542,23.194002023719783,0.0,0.0,0.059871,26.3,0.0,23.199075646978077,0.059871,0.059871,0.0,0.0,0.059871,0.0,0.0,0.0,0.059871,0.0,0.059871,0.0 
 07/21  03:22:00,21.5,28.20502479398506,23.18894902198669,28.20502479398506,0.0,7005.54607528421,23.18894902198669,0.0,0.0,0.059871,26.3,0.0,23.194002023719783,0.059871,0.059871,0.0,0.0,0.059871,0.0,0.0,0.0,0.059871,0.0,0.059871,0.0 
 07/21  03:23:00,21.5,28.212233952986445,23.183916525715308,28.212233952986445,0.0,7032.057066483753,23.183916525715308,0.0,0.0,0.059871,26.3,0.0,23.18894902198669,0.059871,0.059871,0.0,0.0,0.059871,0.0,0.0,0.0,0.059871,0.0,0.059871,0.0 
 07/21  03:24:00,21.5,28.21939488839305,23.178904506908566,28.21939488839305,0.0,7058.390720035936,23.178904506908566,0.0,0.0,0.059871,26.3,0.0,23.183916525715308,0.059871,0.059871,0.0,0.0,0.059871,0.0,0.0,0.0,0.059871,0.0,0.059871,0.0 
 07/21  03:25:00,21.5,28.22651286677562,23.173912805033137,28.22651286677562,0.0,7084.566403249828,23.173912805033137,0.0,0.0,0.059871,26.3,0.0,23.178904506908566,0.059871,0.059871,0.0,0.0,0.059871,0.0,0.0,0.0,0.059871,0.0,0.059871,0.0 
 07/21  03:26:00,21.5,28.233583213019607,23.16894140349912,28.233583213019607,0.0,7110.566923839824,23.16894140349912,0.0,0.0,0.059871,26.3,0.0,23.173912805033137,0.059871,0.059871,0.0,0.0,0.059871,0.0,0.0,0.0,0.059871,0.0,0.059871,0.0 
 07/21  03:27:00,21.5,28.240611147121484,23.163990180527403,28.240611147121484,0.0,7136.411477842589,23.163990180527403,0.0,0.0,0.059871,26.3,0.0,23.16894140349912,0.059871,0.059871,0.0,0.0,0.059871,0.0,0.0,0.0,0.059871,0.0,0.059871,0.0 
 07/21  03:28:00,21.5,28.24759209109898,23.159059072240197,28.24759209109898,0.0,7162.083230167145,23.159059072240197,0.0,0.0,0.059871,26.3,0.0,23.163990180527403,0.059871,0.059871,0.0,0.0,0.059871,0.0,0.0,0.0,0.059871,0.0,0.059871,0.0 
 07/21  03:29:00,21.5,28.254531203672375,23.154147970062755,28.254531203672375,0.0,7187.60115151284,23.154147970062755,0.0,0.0,0.059871,26.3,0.0,23.159059072240197,0.059871,0.059871,0.0,0.0,0.059871,0.0,0.0,0.0,0.059871,0.0,0.059871,0.0 
 07/21  03:30:00,21.5,28.261423992004147,23.149256848456968,28.261423992004147,0.0,7212.948719900337,23.149256848456968,0.0,0.0,0.059871,26.3,0.0,23.154147970062755,0.059871,0.059871,0.0,0.0,0.059871,0.0,0.0,0.0,0.059871,0.0,0.059871,0.0 
 07/21  03:31:00,21.5,28.26827554463033,23.144385550684042,28.26827554463033,0.0,7238.144647933145,23.144385550684042,0.0,0.0,0.059871,26.3,0.0,23.149256848456968,0.059871,0.059871,0.0,0.0,0.059871,0.0,0.0,0.0,0.059871,0.0,0.059871,0.0 
 07/21  03:32:00,21.5,28.275081445643966,23.139534061642674,28.275081445643966,0.0,7263.172696536699,23.139534061642674,0.0,0.0,0.059871,26.3,0.0,23.144385550684042,0.059871,0.059871,0.0,0.0,0.059871,0.0,0.0,0.0,0.059871,0.0,0.059871,0.0 
 07/21  03:33:00,21.5,28.281846709233395,23.13470226396345,28.281846709233395,0.0,7288.051304908013,23.13470226396345,0.0,0.0,0.059871,26.3,0.0,23.139534061642674,0.059871,0.059871,0.0,0.0,0.059871,0.0,0.0,0.0,0.059871,0.0,0.059871,0.0 
 07/21  03:34:00,21.5,28.288566991813376,23.12989009270325,28.288566991813376,0.0,7312.764499928699,23.12989009270325,0.0,0.0,0.059871,26.3,0.0,23.13470226396345,0.059871,0.059871,0.0,0.0,0.059871,0.0,0.0,0.0,0.059871,0.0,0.059871,0.0 
 07/21  03:35:00,21.5,28.295247232045295,23.12509744350458,28.295247232045295,0.0,7337.3304430526105,23.12509744350458,0.0,0.0,0.059871,26.3,0.0,23.12989009270325,0.059871,0.059871,0.0,0.0,0.059871,0.0,0.0,0.0,0.059871,0.0,0.059871,0.0 
 07/21  03:36:00,21.5,28.30188315578881,23.12032429079343,28.30188315578881,0.0,7361.733416538332,23.12032429079343,0.0,0.0,0.059871,26.3,0.0,23.12509744350458,0.059871,0.059871,0.0,0.0,0.059871,0.0,0.0,0.0,0.059871,0.0,0.059871,0.0 
 07/21  03:37:00,21.5,28.308479626256755,23.11557048002839,28.308479626256755,0.0,7385.991304384902,23.11557048002839,0.0,0.0,0.059871,26.3,0.0,23.12032429079343,0.059871,0.059871,0.0,0.0,0.059871,0.0,0.0,0.0,0.059871,0.0,0.059871,0.0 
 07/21  03:38:00,21.5,28.315032436602866,23.110835996179173,28.315032436602866,0.0,7410.088636318451,23.110835996179173,0.0,0.0,0.059871,26.3,0.0,23.11557048002839,0.059871,0.059871,0.0,0.0,0.059871,0.0,0.0,0.0,0.059871,0.0,0.059871,0.0 
 07/21  03:39:00,21.5,28.321546375254325,23.106120725267143,28.321546375254325,0.0,7434.043021320913,23.106120725267143,0.0,0.0,0.059871,26.3,0.0,23.110835996179173,0.059871,0.059871,0.0,0.0,0.059871,0.0,0.0,0.0,0.059871,0.0,0.059871,0.0 
 07/21  03:40:00,21.5,28.328017300889826,23.101424600695196,28.328017300889826,0.0,7457.839230080181,23.101424600695196,0.0,0.0,0.059871,26.3,0.0,23.106120725267143,0.059871,0.059871,0.0,0.0,0.059871,0.0,0.0,0.0,0.059871,0.0,0.059871,0.0 
 07/21  03:41:00,21.5,28.33444992812115,23.096747521709304,28.33444992812115,0.0,7481.4946001291355,23.096747521709304,0.0,0.0,0.059871,26.3,0.0,23.101424600695196,0.059871,0.059871,0.0,0.0,0.059871,0.0,0.0,0.0,0.059871,0.0,0.059871,0.0 
 07/21  03:42:00,21.5,28.340840179597304,23.092089462298233,28.340840179597304,0.0,7504.994137400372,23.092089462298233,0.0,0.0,0.059871,26.3,0.0,23.096747521709304,0.059871,0.059871,0.0,0.0,0.059871,0.0,0.0,0.0,0.059871,0.0,0.059871,0.0 
 07/21  03:43:00,21.5,28.347192697240658,23.08745026997073,28.347192697240658,0.0,7528.354912118411,23.08745026997073,0.0,0.0,0.059871,26.3,0.0,23.092089462298233,0.059871,0.059871,0.0,0.0,0.059871,0.0,0.0,0.0,0.059871,0.0,0.059871,0.0 
 07/21  03:44:00,21.5,28.353503466240234,23.08282992955884,28.353503466240234,0.0,7551.562160200742,23.08282992955884,0.0,0.0,0.059871,26.3,0.0,23.08745026997073,0.059871,0.059871,0.0,0.0,0.059871,0.0,0.0,0.0,0.059871,0.0,0.059871,0.0 
 07/21  03:45:00,21.5,28.35977705703202,23.078228330339886,28.35977705703202,0.0,7574.632688987613,23.078228330339886,0.0,0.0,0.059871,26.3,0.0,23.08282992955884,0.059871,0.059871,0.0,0.0,0.059871,0.0,0.0,0.0,0.059871,0.0,0.059871,0.0 
 07/21  03:46:00,21.5,28.36600951599576,23.073645404177817,28.36600951599576,0.0,7597.551959419507,23.073645404177817,0.0,0.0,0.059871,26.3,0.0,23.078228330339886,0.059871,0.059871,0.0,0.0,0.059871,0.0,0.0,0.0,0.059871,0.0,0.059871,0.0 
 07/21  03:47:00,21.5,28.372205343320672,23.06908105385791,28.372205343320672,0.0,7620.336520510905,23.06908105385791,0.0,0.0,0.059871,26.3,0.0,23.073645404177817,0.059871,0.059871,0.0,0.0,0.059871,0.0,0.0,0.0,0.059871,0.0,0.059871,0.0 
 07/21  03:48:00,21.5,28.378360645286808,23.064535252996038,28.378360645286808,0.0,7642.972053479921,23.064535252996038,0.0,0.0,0.059871,26.3,0.0,23.06908105385791,0.059871,0.059871,0.0,0.0,0.059871,0.0,0.0,0.0,0.059871,0.0,0.059871,0.0 
 07/21  03:49:00,21.5,28.3844798530906,23.060007851322506,28.3844798530906,0.0,7665.4748536266925,23.060007851322506,0.0,0.0,0.059871,26.3,0.0,23.064535252996038,0.059871,0.059871,0.0,0.0,0.059871,0.0,0.0,0.0,0.059871,0.0,0.059871,0.0 
 07/21  03:50:00,21.5,28.390559131668795,23.05549883362338,28.390559131668795,0.0,7687.830817873723,23.05549883362338,0.0,0.0,0.059871,26.3,0.0,23.060007851322506,0.059871,0.059871,0.0,0.0,0.059871,0.0,0.0,0.0,0.059871,0.0,0.059871,0.0 
 07/21  03:51:00,21.5,28.396602844480505,23.051008092509328,28.396602844480505,0.0,7710.055992423636,23.051008092509328,0.0,0.0,0.059871,26.3,0.0,23.05549883362338,0.059871,0.059871,0.0,0.0,0.059871,0.0,0.0,0.0,0.059871,0.0,0.059871,0.0 
 07/21  03:52:00,21.5,28.402607213915495,23.046535558592772,28.402607213915495,0.0,7732.136485476876,23.046535558592772,0.0,0.0,0.059871,26.3,0.0,23.051008092509328,0.059871,0.059871,0.0,0.0,0.059871,0.0,0.0,0.0,0.059871,0.0,0.059871,0.0 
 07/21  03:53:00,21.5,28.408576536944405,23.042081138265477,28.408576536944405,0.0,7754.088098731108,23.042081138265477,0.0,0.0,0.059871,26.3,0.0,23.046535558592772,0.059871,0.059871,0.0,0.0,0.059871,0.0,0.0,0.0,0.059871,0.0,0.059871,0.0 
 07/21  03:54:00,21.5,28.414507092241983,23.03764480495294,28.414507092241983,0.0,7775.897147369419,23.03764480495294,0.0,0.0,0.059871,26.3,0.0,23.042081138265477,0.059871,0.059871,0.0,0.0,0.059871,0.0,0.0,0.0,0.059871,0.0,0.059871,0.0 
 07/21  03:55:00,21.5,28.420403111527797,23.033226410837134,28.420403111527797,0.0,7797.579193134889,23.033226410837134,0.0,0.0,0.059871,26.3,0.0,23.03764480495294,0.059871,0.059871,0.0,0.0,0.059871,0.0,0.0,0.0,0.059871,0.0,0.059871,0.0 
 07/21  03:56:00,21.5,28.426260928626412,23.028825940821843,28.426260928626412,0.0,7819.1207540187725,23.028825940821843,0.0,0.0,0.059871,26.3,0.0,23.033226410837134,0.059871,0.059871,0.0,0.0,0.059871,0.0,0.0,0.0,0.059871,0.0,0.059871,0.0 
 07/21  03:57:00,21.5,28.432084711228796,23.024443290962637,28.432084711228796,0.0,7840.537156305113,23.024443290962637,0.0,0.0,0.059871,26.3,0.0,23.028825940821843,0.059871,0.059871,0.0,0.0,0.059871,0.0,0.0,0.0,0.059871,0.0,0.059871,0.0 
 07/21  03:58:00,21.5,28.437870847205065,23.020078390932593,28.437870847205065,0.0,7861.815116732505,23.020078390932593,0.0,0.0,0.059871,26.3,0.0,23.024443290962637,0.059871,0.059871,0.0,0.0,0.059871,0.0,0.0,0.0,0.059871,0.0,0.059871,0.0 
 07/21  03:59:00,21.5,28.443623441422936,23.015731150807838,28.443623441422936,0.0,7882.969730558498,23.015731150807838,0.0,0.0,0.059871,26.3,0.0,23.020078390932593,0.059871,0.059871,0.0,0.0,0.059871,0.0,0.0,0.0,0.059871,0.0,0.059871,0.0 
 07/21  04:00:00,21.5,28.449338934723123,23.011401544019257,28.449338934723123,0.0,7903.987909315997,23.011401544019257,0.0,0.0,0.059871,26.3,0.0,23.015731150807838,0.059871,0.059871,0.0,0.0,0.059871,0.0,0.0,0.0,0.059871,0.0,0.059871,0.0,49104000.0 
 07/21  04:01:00,21.5,28.455021370336784,23.007089425411593,28.455021370336784,0.0,7924.884521600011,23.007089425411593,0.0,0.0,0.059871,26.3,0.0,23.011401544019257,0.059871,0.059871,0.0,0.0,0.059871,0.0,0.0,0.0,0.059871,0.0,0.059871,0.0 
 07/21  04:02:00,21.5,28.46066724102849,23.002794780169694,28.46066724102849,0.0,7945.646669888438,23.002794780169694,0.0,0.0,0.059871,26.3,0.0,23.007089425411593,0.059871,0.059871,0.0,0.0,0.059871,0.0,0.0,0.0,0.059871,0.0,0.059871,0.0 
 07/21  04:03:00,21.5,28.466280529559672,22.99851750788532,28.466280529559672,0.0,7966.289000404668,22.99851750788532,0.0,0.0,0.059871,26.3,0.0,23.002794780169694,0.059871,0.059871,0.0,0.0,0.059871,0.0,0.0,0.0,0.059871,0.0,0.059871,0.0 
 07/21  04:04:00,21.5,28.471857779599073,22.994257537583064,28.471857779599073,0.0,7986.798802821822,22.994257537583064,0.0,0.0,0.059871,26.3,0.0,22.99851750788532,0.059871,0.059871,0.0,0.0,0.059871,0.0,0.0,0.0,0.059871,0.0,0.059871,0.0 
 07/21  04:05:00,21.5,28.477402914584644,22.990014783076514,28.477402914584644,0.0,8007.190505206868,22.990014783076514,0.0,0.0,0.059871,26.3,0.0,22.994257537583064,0.059871,0.059871,0.0,0.0,0.059871,0.0,0.0,0.0,0.059871,0.0,0.059871,0.0 
 07/21  04:06:00,21.5,28.482912528095742,22.98578921797916,28.482912528095742,0.0,8027.4515807744365,22.98578921797916,0.0,0.0,0.059871,26.3,0.0,22.990014783076514,0.059871,0.059871,0.0,0.0,0.059871,0.0,0.0,0.0,0.059871,0.0,0.059871,0.0 
 07/21  04:07:00,21.5,28.48839048537205,22.981580699971065,28.48839048537205,0.0,8047.596243572939,22.981580699971065,0.0,0.0,0.059871,26.3,0.0,22.98578921797916,0.059871,0.059871,0.0,0.0,0.059871,0.0,0.0,0.0,0.059871,0.0,0.059871,0.0 
 07/21  04:08:00,21.5,28.493833428935307,22.97738921466116,28.493833428935307,0.0,8067.612146797901,22.97738921466116,0.0,0.0,0.059871,26.3,0.0,22.981580699971065,0.059871,0.059871,0.0,0.0,0.059871,0.0,0.0,0.0,0.059871,0.0,0.059871,0.0 
 07/21  04:09:00,21.5,28.49924516693063,22.973214665236412,28.49924516693063,0.0,8087.5132945379755,22.973214665236412,0.0,0.0,0.059871,26.3,0.0,22.97738921466116,0.059871,0.059871,0.0,0.0,0.059871,0.0,0.0,0.0,0.059871,0.0,0.059871,0.0 
 07/21  04:10:00,21.5,28.504622389878403,22.969056980331846,28.504622389878403,0.0,8107.2875164991,22.969056980331846,0.0,0.0,0.059871,26.3,0.0,22.973214665236412,0.059871,0.059871,0.0,0.0,0.059871,0.0,0.0,0.0,0.059871,0.0,0.059871,0.0 
 07/21  04:11:00,21.5,28.50996884991131,22.964916077520652,28.50996884991131,0.0,8126.948610789555,22.964916077520652,0.0,0.0,0.059871,26.3,0.0,22.969056980331846,0.059871,0.059871,0.0,0.0,0.059871,0.0,0.0,0.0,0.059871,0.0,0.059871,0.0 
 07/21  04:12:00,21.5,28.51528128462842,22.960791930750382,28.51528128462842,0.0,8146.484580242627,22.960791930750382,0.0,0.0,0.059871,26.3,0.0,22.964916077520652,0.059871,0.059871,0.0,0.0,0.059871,0.0,0.0,0.0,0.059871,0.0,0.059871,0.0 
 07/21  04:13:00,21.5,28.52056339121035,22.956684400668806,28.52056339121035,0.0,8165.909020885665,22.956684400668806,0.0,0.0,0.059871,26.3,0.0,22.960791930750382,0.059871,0.059871,0.0,0.0,0.059871,0.0,0.0,0.0,0.059871,0.0,0.059871,0.0 
 07/21  04:14:00,21.5,28.52581195343793,22.952593473426976,28.52581195343793,0.0,8185.210105380952,22.952593473426976,0.0,0.0,0.059871,26.3,0.0,22.956684400668806,0.059871,0.059871,0.0,0.0,0.059871,0.0,0.0,0.0,0.059871,0.0,0.059871,0.0 
 07/21  04:15:00,21.5,28.531030614578498,22.948519055833202,28.531030614578498,0.0,8204.401231494876,22.948519055833202,0.0,0.0,0.059871,26.3,0.0,22.952593473426976,0.059871,0.059871,0.0,0.0,0.059871,0.0,0.0,0.0,0.059871,0.0,0.059871,0.0 
 07/21  04:16:00,21.5,28.536216203720183,22.94446107635782,28.536216203720183,0.0,8223.47073850302,22.94446107635782,0.0,0.0,0.059871,26.3,0.0,22.948519055833202,0.059871,0.059871,0.0,0.0,0.059871,0.0,0.0,0.0,0.059871,0.0,0.059871,0.0 
 07/21  04:17:00,21.5,28.541372311234106,22.940419456324836,28.541372311234106,0.0,8242.431829650992,22.940419456324836,0.0,0.0,0.059871,26.3,0.0,22.94446107635782,0.059871,0.059871,0.0,0.0,0.059871,0.0,0.0,0.0,0.059871,0.0,0.059871,0.0 
 07/21  04:18:00,21.5,28.546495810662922,22.936394170139543,28.546495810662922,0.0,8261.273007691607,22.936394170139543,0.0,0.0,0.059871,26.3,0.0,22.940419456324836,0.059871,0.059871,0.0,0.0,0.059871,0.0,0.0,0.0,0.059871,0.0,0.059871,0.0 
 07/21  04:19:00,21.5,28.551590240477246,22.932385081510986,28.551590240477246,0.0,8280.007285011376,22.932385081510986,0.0,0.0,0.059871,26.3,0.0,22.936394170139543,0.059871,0.059871,0.0,0.0,0.059871,0.0,0.0,0.0,0.059871,0.0,0.059871,0.0 
 07/21  04:20:00,21.5,28.556652517842714,22.928392177223863,28.556652517842714,0.0,8298.623324782424,22.928392177223863,0.0,0.0,0.059871,26.3,0.0,22.932385081510986,0.059871,0.059871,0.0,0.0,0.059871,0.0,0.0,0.0,0.059871,0.0,0.059871,0.0 
 07/21  04:21:00,21.5,28.56168613030378,22.924415367702213,28.56168613030378,0.0,8317.133952115182,22.924415367702213,0.0,0.0,0.059871,26.3,0.0,22.928392177223863,0.059871,0.059871,0.0,0.0,0.059871,0.0,0.0,0.0,0.059871,0.0,0.059871,0.0 
 07/21  04:22:00,21.5,28.56668803783804,22.92045458144267,28.56668803783804,0.0,8335.527987618665,22.92045458144267,0.0,0.0,0.059871,26.3,0.0,22.924415367702213,0.059871,0.059871,0.0,0.0,0.059871,0.0,0.0,0.0,0.059871,0.0,0.059871,0.0 
 07/21  04:23:00,21.5,28.571661678017193,22.916509743482887,28.571661678017193,0.0,8353.81807263328,22.916509743482887,0.0,0.0,0.059871,26.3,0.0,22.92045458144267,0.059871,0.059871,0.0,0.0,0.059871,0.0,0.0,0.0,0.059871,0.0,0.059871,0.0 
 07/21  04:24:00,21.5,28.576604052839723,22.912580828783426,28.576604052839723,0.0,8371.993182295837,22.912580828783426,0.0,0.0,0.059871,26.3,0.0,22.916509743482887,0.059871,0.059871,0.0,0.0,0.059871,0.0,0.0,0.0,0.059871,0.0,0.059871,0.0 
 07/21  04:25:00,21.5,28.581518550837146,22.908667704174732,28.581518550837146,0.0,8390.065777606163,22.908667704174732,0.0,0.0,0.059871,26.3,0.0,22.912580828783426,0.059871,0.059871,0.0,0.0,0.059871,0.0,0.0,0.0,0.059871,0.0,0.059871,0.0 
 07/21  04:26:00,21.5,28.58640221525719,22.90477035714431,28.58640221525719,0.0,8408.024985391217,22.90477035714431,0.0,0.0,0.059871,26.3,0.0,22.908667704174732,0.059871,0.059871,0.0,0.0,0.059871,0.0,0.0,0.0,0.059871,0.0,0.059871,0.0 
 07/21  04:27:00,21.5,28.591258386503352,22.900888701701945,28.591258386503352,0.0,8425.883089664643,22.900888701701945,0.0,0.0,0.059871,26.3,0.0,22.90477035714431,0.059871,0.059871,0.0,0.0,0.059871,0.0,0.0,0.0,0.059871,0.0,0.059871,0.0 
 07/21  04:28:00,21.5,28.596084148319875,22.89702266653455,28.596084148319875,0.0,8443.629366175443,22.89702266653455,0.0,0.0,0.059871,26.3,0.0,22.900888701701945,0.059871,0.059871,0.0,0.0,0.059871,0.0,0.0,0.0,0.059871,0.0,0.059871,0.0 
 07/21  04:29:00,21.5,28.600882793874103,22.893172180336318,28.600882793874103,0.0,8461.275925230872,22.893172180336318,0.0,0.0,0.059871,26.3,0.0,22.89702266653455,0.059871,0.059871,0.0,0.0,0.059871,0.0,0.0,0.0,0.059871,0.0,0.059871,0.0 
 07/21  04:30:00,21.5,28.60565144667234,22.889337218701506,28.60565144667234,0.0,8478.812188801066,22.889337218701506,0.0,0.0,0.059871,26.3,0.0,22.893172180336318,0.059871,0.059871,0.0,0.0,0.059871,0.0,0.0,0.0,0.059871,0.0,0.059871,0.0 
 07/21  04:31:00,21.5,28.610393353518003,22.885517651617608,28.610393353518003,0.0,8496.250096694384,22.885517651617608,0.0,0.0,0.059871,26.3,0.0,22.889337218701506,0.059871,0.059871,0.0,0.0,0.059871,0.0,0.0,0.0,0.059871,0.0,0.059871,0.0 
 07/21  04:32:00,21.5,28.615105676962937,22.88171346732813,28.615105676962937,0.0,8513.579214467218,22.88171346732813,0.0,0.0,0.059871,26.3,0.0,22.885517651617608,0.059871,0.059871,0.0,0.0,0.059871,0.0,0.0,0.0,0.059871,0.0,0.059871,0.0 
 07/21  04:33:00,21.5,28.619791618299168,22.87792458338155,28.619791618299168,0.0,8530.811314564125,22.87792458338155,0.0,0.0,0.059871,26.3,0.0,22.88171346732813,0.059871,0.059871,0.0,0.0,0.059871,0.0,0.0,0.0,0.059871,0.0,0.059871,0.0 
 07/21  04:34:00,21.5,28.62444837842478,22.87415092879759,28.62444837842478,0.0,8547.936103556121,22.87415092879759,0.0,0.0,0.059871,26.3,0.0,22.87792458338155,0.059871,0.059871,0.0,0.0,0.059871,0.0,0.0,0.0,0.059871,0.0,0.059871,0.0 
 07/21  04:35:00,21.5,28.62907911395391,22.870392435855848,28.62907911395391,0.0,8564.965189589133,22.870392435855848,0.0,0.0,0.059871,26.3,0.0,22.87415092879759,0.059871,0.059871,0.0,0.0,0.059871,0.0,0.0,0.0,0.059871,0.0,0.059871,0.0 
 07/21  04:36:00,21.5,28.633681063448517,22.866649080847644,28.633681063448517,0.0,8581.888417739438,22.866649080847644,0.0,0.0,0.059871,26.3,0.0,22.870392435855848,0.059871,0.059871,0.0,0.0,0.059871,0.0,0.0,0.0,0.059871,0.0,0.059871,0.0 
 07/21  04:37:00,21.5,28.638257339659507,22.862920736933763,28.638257339659507,0.0,8598.717234850123,22.862920736933763,0.0,0.0,0.059871,26.3,0.0,22.866649080847644,0.059871,0.059871,0.0,0.0,0.059871,0.0,0.0,0.0,0.059871,0.0,0.059871,0.0 
 07/21  04:38:00,21.5,28.64280521814668,22.859207393153852,28.64280521814668,0.0,8615.441622053531,22.859207393153852,0.0,0.0,0.059871,26.3,0.0,22.862920736933763,0.059871,0.059871,0.0,0.0,0.059871,0.0,0.0,0.0,0.059871,0.0,0.059871,0.0 
 07/21  04:39:00,21.5,28.64732776859401,22.85550897053491,28.64732776859401,0.0,8632.072867818206,22.85550897053491,0.0,0.0,0.059871,26.3,0.0,22.859207393153852,0.059871,0.059871,0.0,0.0,0.059871,0.0,0.0,0.0,0.059871,0.0,0.059871,0.0 
 07/21  04:40:00,21.5,28.65182230290905,22.851825398553338,28.65182230290905,0.0,8648.601086941853,22.851825398553338,0.0,0.0,0.059871,26.3,0.0,22.85550897053491,0.059871,0.059871,0.0,0.0,0.059871,0.0,0.0,0.0,0.059871,0.0,0.059871,0.0 
 07/21  04:41:00,21.5,28.656291848487054,22.848156612992163,28.656291848487054,0.0,8665.037412380325,22.848156612992163,0.0,0.0,0.059871,26.3,0.0,22.851825398553338,0.059871,0.059871,0.0,0.0,0.059871,0.0,0.0,0.0,0.059871,0.0,0.059871,0.0 
 07/21  04:42:00,21.5,28.66073375294873,22.84450259089008,28.66073375294873,0.0,8681.372090263008,22.84450259089008,0.0,0.0,0.059871,26.3,0.0,22.848156612992163,0.059871,0.059871,0.0,0.0,0.059871,0.0,0.0,0.0,0.059871,0.0,0.059871,0.0 
 07/21  04:43:00,21.5,28.66515100216118,22.84086320858145,28.66515100216118,0.0,8697.616100829986,22.84086320858145,0.0,0.0,0.059871,26.3,0.0,22.84450259089008,0.059871,0.059871,0.0,0.0,0.059871,0.0,0.0,0.0,0.059871,0.0,0.059871,0.0 
 07/21  04:44:00,21.5,28.66954097883872,22.837238455931086,28.66954097883872,0.0,8713.759819264005,22.837238455931086,0.0,0.0,0.059871,26.3,0.0,22.84086320858145,0.059871,0.059871,0.0,0.0,0.059871,0.0,0.0,0.0,0.059871,0.0,0.059871,0.0 
 07/21  04:45:00,21.5,28.67390662806354,22.833628257374148,28.67390662806354,0.0,8729.814075822545,22.833628257374148,0.0,0.0,0.059871,26.3,0.0,22.837238455931086,0.059871,0.059871,0.0,0.0,0.059871,0.0,0.0,0.0,0.059871,0.0,0.059871,0.0 
 07/21  04:46:00,21.5,28.678245367038603,22.83003254295136,28.678245367038603,0.0,8745.769372517052,22.83003254295136,0.0,0.0,0.059871,26.3,0.0,22.833628257374148,0.059871,0.059871,0.0,0.0,0.059871,0.0,0.0,0.0,0.059871,0.0,0.059871,0.0 
 07/21  04:47:00,21.5,28.682560100787565,22.82645125185939,28.682560100787565,0.0,8761.636392293576,22.82645125185939,0.0,0.0,0.059871,26.3,0.0,22.83003254295136,0.059871,0.059871,0.0,0.0,0.059871,0.0,0.0,0.0,0.059871,0.0,0.059871,0.0 
 07/21  04:48:00,21.5,28.68684828041131,22.822884361923993,28.68684828041131,0.0,8777.405761819951,22.822884361923993,0.0,0.0,0.059871,26.3,0.0,22.82645125185939,0.059871,0.059871,0.0,0.0,0.059871,0.0,0.0,0.0,0.059871,0.0,0.059871,0.0 
 07/21  04:49:00,21.5,28.691112771584773,22.81933175264088,28.691112771584773,0.0,8793.08801934103,22.81933175264088,0.0,0.0,0.059871,26.3,0.0,22.822884361923993,0.059871,0.059871,0.0,0.0,0.059871,0.0,0.0,0.0,0.059871,0.0,0.059871,0.0 
 07/21  04:50:00,21.5,28.69535105872986,22.815793414720524,28.69535105872986,0.0,8808.673914059531,22.815793414720524,0.0,0.0,0.059871,26.3,0.0,22.81933175264088,0.059871,0.059871,0.0,0.0,0.059871,0.0,0.0,0.0,0.059871,0.0,0.059871,0.0 
 07/21  04:51:00,21.5,28.69956596886639,22.81226927592908,28.69956596886639,0.0,8824.173842069864,22.81226927592908,0.0,0.0,0.059871,26.3,0.0,22.815793414720524,0.059871,0.059871,0.0,0.0,0.059871,0.0,0.0,0.0,0.059871,0.0,0.059871,0.0 
 07/21  04:52:00,21.5,28.703755019173833,22.808759266965914,28.703755019173833,0.0,8839.57867303749,22.808759266965914,0.0,0.0,0.059871,26.3,0.0,22.81226927592908,0.059871,0.059871,0.0,0.0,0.059871,0.0,0.0,0.0,0.059871,0.0,0.059871,0.0 
 07/21  04:53:00,21.5,28.70792099869475,22.805263330346868,28.70792099869475,0.0,8854.89866339909,22.805263330346868,0.0,0.0,0.059871,26.3,0.0,22.808759266965914,0.059871,0.059871,0.0,0.0,0.059871,0.0,0.0,0.0,0.059871,0.0,0.059871,0.0 
 07/21  04:54:00,21.5,28.71206145681569,22.801781444716152,28.71206145681569,0.0,8870.124801258617,22.801781444716152,0.0,0.0,0.059871,26.3,0.0,22.805263330346868,0.059871,0.059871,0.0,0.0,0.059871,0.0,0.0,0.0,0.059871,0.0,0.059871,0.0 
 07/21  04:55:00,21.5,28.716179145264434,22.798313492709237,28.716179145264434,0.0,8885.26720583121,22.798313492709237,0.0,0.0,0.059871,26.3,0.0,22.801781444716152,0.059871,0.059871,0.0,0.0,0.059871,0.0,0.0,0.0,0.059871,0.0,0.059871,0.0 
 07/21  04:56:00,21.5,28.720271645096922,22.79485946589586,28.720271645096922,0.0,8900.316981681954,22.79485946589586,0.0,0.0,0.059871,26.3,0.0,22.798313492709237,0.059871,0.059871,0.0,0.0,0.059871,0.0,0.0,0.0,0.059871,0.0,0.059871,0.0 
 07/21  04:57:00,21.5,28.724341671373477,22.79141929529147,28.724341671373477,0.0,8915.284113184944,22.79141929529147,0.0,0.0,0.059871,26.3,0.0,22.79485946589586,0.059871,0.059871,0.0,0.0,0.059871,0.0,0.0,0.0,0.059871,0.0,0.059871,0.0 
 07/21  04:58:00,21.5,28.728386836293986,22.78799291233671,28.728386836293986,0.0,8930.159819434135,22.78799291233671,0.0,0.0,0.059871,26.3,0.0,22.79141929529147,0.059871,0.059871,0.0,0.0,0.059871,0.0,0.0,0.0,0.059871,0.0,0.059871,0.0 
 07/21  04:59:00,21.5,28.73240981888402,22.784580262769182,28.73240981888402,0.0,8944.953952289266,22.784580262769182,0.0,0.0,0.059871,26.3,0.0,22.78799291233671,0.059871,0.059871,0.0,0.0,0.059871,0.0,0.0,0.0,0.059871,0.0,0.059871,0.0 
 07/21  05:00:00,21.5,28.73640826197409,22.78118132607573,28.73640826197409,0.0,8959.657843485515,22.78118132607573,0.0,0.0,0.059871,26.3,0.0,22.784580262769182,0.059871,0.059871,0.0,0.0,0.059871,0.0,0.0,0.0,0.059871,0.0,0.059871,0.0,49104000.0 
 07/21  05:01:00,21.5,28.740384809173317,22.777795988002712,28.740384809173317,0.0,8974.281214641982,22.777795988002712,0.0,0.0,0.059871,26.3,0.0,22.78118132607573,0.059871,0.059871,0.0,0.0,0.059871,0.0,0.0,0.0,0.059871,0.0,0.059871,0.0 
 07/21  05:02:00,21.5,28.744337133441068,22.774424240987344,28.744337133441068,0.0,8988.815508289823,22.774424240987344,0.0,0.0,0.059871,26.3,0.0,22.777795988002712,0.059871,0.059871,0.0,0.0,0.059871,0.0,0.0,0.0,0.059871,0.0,0.059871,0.0 
 07/21  05:03:00,21.5,28.748267843574375,22.77106601921015,28.748267843574375,0.0,9003.270318030045,22.77106601921015,0.0,0.0,0.059871,26.3,0.0,22.774424240987344,0.059871,0.059871,0.0,0.0,0.059871,0.0,0.0,0.0,0.059871,0.0,0.059871,0.0 
 07/21  05:04:00,21.5,28.752174642171134,22.767721254926403,28.752174642171134,0.0,9017.637195386636,22.767721254926403,0.0,0.0,0.059871,26.3,0.0,22.77106601921015,0.059871,0.059871,0.0,0.0,0.059871,0.0,0.0,0.0,0.059871,0.0,0.059871,0.0 
 07/21  05:05:00,21.5,28.756060103806977,22.76438989699766,28.756060103806977,0.0,9031.925608114698,22.76438989699766,0.0,0.0,0.059871,26.3,0.0,22.767721254926403,0.059871,0.059871,0.0,0.0,0.059871,0.0,0.0,0.0,0.059871,0.0,0.059871,0.0 
 07/21  05:06:00,21.5,28.75992196023889,22.76107192577303,28.75992196023889,0.0,9046.127214967964,22.76107192577303,0.0,0.0,0.059871,26.3,0.0,22.76438989699766,0.059871,0.059871,0.0,0.0,0.059871,0.0,0.0,0.0,0.059871,0.0,0.059871,0.0 
 07/21  05:07:00,21.5,28.763762752398474,22.757767230076738,28.763762752398474,0.0,9060.251359978833,22.757767230076738,0.0,0.0,0.059871,26.3,0.0,22.76107192577303,0.059871,0.059871,0.0,0.0,0.059871,0.0,0.0,0.0,0.059871,0.0,0.059871,0.0 
 07/21  05:08:00,21.5,28.767580240733228,22.754475803218558,28.767580240733228,0.0,9074.289807407662,22.754475803218558,0.0,0.0,0.059871,26.3,0.0,22.757767230076738,0.059871,0.059871,0.0,0.0,0.059871,0.0,0.0,0.0,0.059871,0.0,0.059871,0.0 
 07/21  05:09:00,21.5,28.771376933095073,22.751197582459998,28.771376933095073,0.0,9088.251779639513,22.751197582459998,0.0,0.0,0.059871,26.3,0.0,22.754475803218558,0.059871,0.059871,0.0,0.0,0.059871,0.0,0.0,0.0,0.059871,0.0,0.059871,0.0 
 07/21  05:10:00,21.5,28.775150618163693,22.747932500936884,28.775150618163693,0.0,9102.129144755854,22.747932500936884,0.0,0.0,0.059871,26.3,0.0,22.751197582459998,0.059871,0.059871,0.0,0.0,0.059871,0.0,0.0,0.0,0.059871,0.0,0.059871,0.0 
 07/21  05:11:00,21.5,28.77890377126314,22.744680510538114,28.77890377126314,0.0,9115.931005523638,22.744680510538114,0.0,0.0,0.059871,26.3,0.0,22.747932500936884,0.059871,0.059871,0.0,0.0,0.059871,0.0,0.0,0.0,0.059871,0.0,0.059871,0.0 
 07/21  05:12:00,21.5,28.782634208857125,22.74144159249093,28.782634208857125,0.0,9129.649332197487,22.74144159249093,0.0,0.0,0.059871,26.3,0.0,22.744680510538114,0.059871,0.059871,0.0,0.0,0.059871,0.0,0.0,0.0,0.059871,0.0,0.059871,0.0 
 07/21  05:13:00,21.5,28.786344374281235,22.738215638661362,28.786344374281235,0.0,9143.29310990977,22.738215638661362,0.0,0.0,0.059871,26.3,0.0,22.74144159249093,0.059871,0.059871,0.0,0.0,0.059871,0.0,0.0,0.0,0.059871,0.0,0.059871,0.0 
 07/21  05:14:00,21.5,28.790032111344946,22.73500264323443,28.790032111344946,0.0,9156.854409476537,22.73500264323443,0.0,0.0,0.059871,26.3,0.0,22.738215638661362,0.059871,0.059871,0.0,0.0,0.059871,0.0,0.0,0.0,0.059871,0.0,0.059871,0.0 
 07/21  05:15:00,21.5,28.793699831922705,22.73180254646959,28.793699831922705,0.0,9170.342100334892,22.73180254646959,0.0,0.0,0.059871,26.3,0.0,22.73500264323443,0.059871,0.059871,0.0,0.0,0.059871,0.0,0.0,0.0,0.059871,0.0,0.059871,0.0 
 07/21  05:16:00,21.5,28.797345406741,22.72861528244325,28.797345406741,0.0,9183.748352285584,22.72861528244325,0.0,0.0,0.059871,26.3,0.0,22.73180254646959,0.059871,0.059871,0.0,0.0,0.059871,0.0,0.0,0.0,0.059871,0.0,0.059871,0.0 
 07/21  05:17:00,21.5,28.800971216728875,22.725440805978025,28.800971216728875,0.0,9197.08192096693,22.725440805978025,0.0,0.0,0.059871,26.3,0.0,22.72861528244325,0.059871,0.059871,0.0,0.0,0.059871,0.0,0.0,0.0,0.059871,0.0,0.059871,0.0 
 07/21  05:18:00,21.5,28.804575159110417,22.722279099193585,28.804575159110417,0.0,9210.3350736221,22.722279099193585,0.0,0.0,0.059871,26.3,0.0,22.725440805978025,0.059871,0.059871,0.0,0.0,0.059871,0.0,0.0,0.0,0.059871,0.0,0.059871,0.0 
 07/21  05:19:00,21.5,28.80815958437355,22.719130056961664,28.80815958437355,0.0,9223.5164539451,22.719130056961664,0.0,0.0,0.059871,26.3,0.0,22.722279099193585,0.059871,0.059871,0.0,0.0,0.059871,0.0,0.0,0.0,0.059871,0.0,0.059871,0.0 
 07/21  05:20:00,21.5,28.811722415829582,22.715993674345132,28.811722415829582,0.0,9236.618425112365,22.715993674345132,0.0,0.0,0.059871,26.3,0.0,22.719130056961664,0.059871,0.059871,0.0,0.0,0.059871,0.0,0.0,0.0,0.059871,0.0,0.059871,0.0 
 07/21  05:21:00,21.5,28.81526597401853,22.712869894522157,28.81526597401853,0.0,9249.649520687348,22.712869894522157,0.0,0.0,0.059871,26.3,0.0,22.715993674345132,0.059871,0.059871,0.0,0.0,0.059871,0.0,0.0,0.0,0.059871,0.0,0.059871,0.0 
 07/21  05:22:00,21.5,28.81878820793739,22.709758652566318,28.81878820793739,0.0,9262.602198303102,22.709758652566318,0.0,0.0,0.059871,26.3,0.0,22.712869894522157,0.059871,0.059871,0.0,0.0,0.059871,0.0,0.0,0.0,0.059871,0.0,0.059871,0.0 
 07/21  05:23:00,21.5,28.822291408660565,22.706659906145223,28.822291408660565,0.0,9275.484883166133,22.706659906145223,0.0,0.0,0.059871,26.3,0.0,22.709758652566318,0.059871,0.059871,0.0,0.0,0.059871,0.0,0.0,0.0,0.059871,0.0,0.059871,0.0 
 07/21  05:24:00,21.5,28.82577355047772,22.703573638285114,28.82577355047772,0.0,9288.290125920852,22.703573638285114,0.0,0.0,0.059871,26.3,0.0,22.706659906145223,0.059871,0.059871,0.0,0.0,0.059871,0.0,0.0,0.0,0.059871,0.0,0.059871,0.0 
 07/21  05:25:00,21.5,28.829236895469478,22.700499746828694,28.829236895469478,0.0,9301.026245151937,22.700499746828694,0.0,0.0,0.059871,26.3,0.0,22.703573638285114,0.059871,0.059871,0.0,0.0,0.059871,0.0,0.0,0.0,0.059871,0.0,0.059871,0.0 
 07/21  05:26:00,21.5,28.832679442833516,22.69743822772037,28.832679442833516,0.0,9313.685883100625,22.69743822772037,0.0,0.0,0.059871,26.3,0.0,22.700499746828694,0.059871,0.059871,0.0,0.0,0.059871,0.0,0.0,0.0,0.059871,0.0,0.059871,0.0 
 07/21  05:27:00,21.5,28.836103426118207,22.69438902698264,28.836103426118207,0.0,9326.277253426952,22.69438902698264,0.0,0.0,0.059871,26.3,0.0,22.69743822772037,0.059871,0.059871,0.0,0.0,0.059871,0.0,0.0,0.0,0.059871,0.0,0.059871,0.0 
 07/21  05:28:00,21.5,28.839506869052627,22.69135208074056,28.839506869052627,0.0,9338.79308858404,22.69135208074056,0.0,0.0,0.059871,26.3,0.0,22.69438902698264,0.059871,0.059871,0.0,0.0,0.059871,0.0,0.0,0.0,0.059871,0.0,0.059871,0.0 
 07/21  05:29:00,21.5,28.84289197710444,22.688327349424007,28.84289197710444,0.0,9351.24149896782,22.688327349424007,0.0,0.0,0.059871,26.3,0.0,22.69135208074056,0.059871,0.059871,0.0,0.0,0.059871,0.0,0.0,0.0,0.059871,0.0,0.059871,0.0 
 07/21  05:30:00,21.5,28.846256798165403,22.685314816980753,28.846256798165403,0.0,9363.615305887339,22.685314816980753,0.0,0.0,0.059871,26.3,0.0,22.688327349424007,0.059871,0.059871,0.0,0.0,0.059871,0.0,0.0,0.0,0.059871,0.0,0.059871,0.0 
 07/21  05:31:00,21.5,28.849603510064274,22.682314384192182,28.849603510064274,0.0,9375.922518099096,22.682314384192182,0.0,0.0,0.059871,26.3,0.0,22.685314816980753,0.059871,0.059871,0.0,0.0,0.059871,0.0,0.0,0.0,0.059871,0.0,0.059871,0.0 
 07/21  05:32:00,21.5,28.85293018449441,22.67932604788911,28.85293018449441,0.0,9388.156044440271,22.67932604788911,0.0,0.0,0.059871,26.3,0.0,22.682314384192182,0.059871,0.059871,0.0,0.0,0.059871,0.0,0.0,0.0,0.059871,0.0,0.059871,0.0 
 07/21  05:33:00,21.5,28.85623897207798,22.67634975686873,28.85623897207798,0.0,9400.3237936177,22.67634975686873,0.0,0.0,0.059871,26.3,0.0,22.67932604788911,0.059871,0.059871,0.0,0.0,0.059871,0.0,0.0,0.0,0.059871,0.0,0.059871,0.0 
 07/21  05:34:00,21.5,28.85952796795634,22.673385448359305,28.85952796795634,0.0,9412.418760696364,22.673385448359305,0.0,0.0,0.059871,26.3,0.0,22.67634975686873,0.059871,0.059871,0.0,0.0,0.059871,0.0,0.0,0.0,0.059871,0.0,0.059871,0.0 
 07/21  05:35:00,21.5,28.86279929596817,22.670433085475374,28.86279929596817,0.0,9424.448755889398,22.670433085475374,0.0,0.0,0.059871,26.3,0.0,22.673385448359305,0.059871,0.059871,0.0,0.0,0.059871,0.0,0.0,0.0,0.059871,0.0,0.059871,0.0 
 07/21  05:36:00,21.5,28.866051074356513,22.6674926531013,28.866051074356513,0.0,9436.406859215958,22.6674926531013,0.0,0.0,0.059871,26.3,0.0,22.670433085475374,0.059871,0.059871,0.0,0.0,0.059871,0.0,0.0,0.0,0.059871,0.0,0.059871,0.0 
 07/21  05:37:00,21.5,28.86928540059063,22.66456405492699,28.86928540059063,0.0,9448.300783918225,22.66456405492699,0.0,0.0,0.059871,26.3,0.0,22.6674926531013,0.059871,0.059871,0.0,0.0,0.059871,0.0,0.0,0.0,0.059871,0.0,0.059871,0.0 
 07/21  05:38:00,21.5,28.872500415675944,22.661647288676175,28.872500415675944,0.0,9460.123693721825,22.661647288676175,0.0,0.0,0.059871,26.3,0.0,22.66456405492699,0.059871,0.059871,0.0,0.0,0.059871,0.0,0.0,0.0,0.059871,0.0,0.059871,0.0 
 07/21  05:39:00,21.5,28.875698191117642,22.658742305857135,28.875698191117642,0.0,9471.883206388517,22.658742305857135,0.0,0.0,0.059871,26.3,0.0,22.661647288676175,0.059871,0.059871,0.0,0.0,0.059871,0.0,0.0,0.0,0.059871,0.0,0.059871,0.0 
 07/21  05:40:00,21.5,28.878876890351112,22.655849044852932,28.878876890351112,0.0,9483.572568127987,22.655849044852932,0.0,0.0,0.059871,26.3,0.0,22.658742305857135,0.059871,0.059871,0.0,0.0,0.059871,0.0,0.0,0.0,0.059871,0.0,0.059871,0.0 
 07/21  05:41:00,21.5,28.88203855931431,22.652967471393453,28.88203855931431,0.0,9495.199302680949,22.652967471393453,0.0,0.0,0.059871,26.3,0.0,22.655849044852932,0.059871,0.059871,0.0,0.0,0.059871,0.0,0.0,0.0,0.059871,0.0,0.059871,0.0 
 07/21  05:42:00,21.5,28.88518138354687,22.65009757131849,28.88518138354687,0.0,9506.756737543325,22.65009757131849,0.0,0.0,0.059871,26.3,0.0,22.652967471393453,0.059871,0.059871,0.0,0.0,0.059871,0.0,0.0,0.0,0.059871,0.0,0.059871,0.0 
 07/21  05:43:00,21.5,28.888307383808026,22.647239251202915,28.888307383808026,0.0,9518.252303863537,22.647239251202915,0.0,0.0,0.059871,26.3,0.0,22.65009757131849,0.059871,0.059871,0.0,0.0,0.059871,0.0,0.0,0.0,0.059871,0.0,0.059871,0.0 
 07/21  05:44:00,21.5,28.89141476742244,22.64439250967523,28.89141476742244,0.0,9529.67940924982,22.64439250967523,0.0,0.0,0.059871,26.3,0.0,22.647239251202915,0.059871,0.059871,0.0,0.0,0.059871,0.0,0.0,0.0,0.059871,0.0,0.059871,0.0 
 07/21  05:45:00,21.5,28.89450553035101,22.641557300900786,28.89450553035101,0.0,9541.045393657087,22.641557300900786,0.0,0.0,0.059871,26.3,0.0,22.64439250967523,0.059871,0.059871,0.0,0.0,0.059871,0.0,0.0,0.0,0.059871,0.0,0.059871,0.0 
 07/21  05:46:00,21.5,28.897577901390544,22.638733564471817,28.897577901390544,0.0,9552.34374365535,22.638733564471817,0.0,0.0,0.059871,26.3,0.0,22.641557300900786,0.059871,0.059871,0.0,0.0,0.059871,0.0,0.0,0.0,0.059871,0.0,0.059871,0.0 
 07/21  05:47:00,21.5,28.90063385207619,22.63592126867443,28.90063385207619,0.0,9563.581709376154,22.63592126867443,0.0,0.0,0.059871,26.3,0.0,22.638733564471817,0.059871,0.059871,0.0,0.0,0.059871,0.0,0.0,0.0,0.059871,0.0,0.059871,0.0 
 07/21  05:48:00,21.5,28.903671632370106,22.633120400327815,28.903671632370106,0.0,9574.752855223078,22.633120400327815,0.0,0.0,0.059871,26.3,0.0,22.63592126867443,0.059871,0.059871,0.0,0.0,0.059871,0.0,0.0,0.0,0.059871,0.0,0.059871,0.0 
 07/21  05:49:00,21.5,28.906693189746587,22.630330868875447,28.906693189746587,0.0,9585.864342846184,22.630330868875447,0.0,0.0,0.059871,26.3,0.0,22.633120400327815,0.059871,0.059871,0.0,0.0,0.059871,0.0,0.0,0.0,0.059871,0.0,0.059871,0.0 
 07/21  05:50:00,21.5,28.90969679503245,22.62755267386817,28.90969679503245,0.0,9596.909813376802,22.62755267386817,0.0,0.0,0.059871,26.3,0.0,22.630330868875447,0.059871,0.059871,0.0,0.0,0.059871,0.0,0.0,0.0,0.059871,0.0,0.059871,0.0 
 07/21  05:51:00,21.5,28.91268437199852,22.624785772083893,28.91268437199852,0.0,9607.89634129778,22.624785772083893,0.0,0.0,0.059871,26.3,0.0,22.62755267386817,0.059871,0.059871,0.0,0.0,0.059871,0.0,0.0,0.0,0.059871,0.0,0.059871,0.0 
 07/21  05:52:00,21.5,28.915654212041332,22.62203010438161,28.915654212041332,0.0,9618.817643383627,22.62203010438161,0.0,0.0,0.059871,26.3,0.0,22.624785772083893,0.059871,0.059871,0.0,0.0,0.059871,0.0,0.0,0.0,0.059871,0.0,0.059871,0.0 
 07/21  05:53:00,21.5,28.918608215578406,22.619285641554978,28.918608215578406,0.0,9629.680708237629,22.619285641554978,0.0,0.0,0.059871,26.3,0.0,22.62203010438161,0.059871,0.059871,0.0,0.0,0.059871,0.0,0.0,0.0,0.059871,0.0,0.059871,0.0 
 07/21  05:54:00,21.5,28.921544694286823,22.61655237143224,28.921544694286823,0.0,9640.479327214052,22.61655237143224,0.0,0.0,0.059871,26.3,0.0,22.619285641554978,0.059871,0.059871,0.0,0.0,0.059871,0.0,0.0,0.0,0.059871,0.0,0.059871,0.0 
 07/21  05:55:00,21.5,28.924465525573893,22.61383020631736,28.924465525573893,0.0,9651.220404298356,22.61383020631736,0.0,0.0,0.059871,26.3,0.0,22.61655237143224,0.059871,0.059871,0.0,0.0,0.059871,0.0,0.0,0.0,0.059871,0.0,0.059871,0.0 
 07/21  05:56:00,21.5,28.927369041113565,22.611119146707683,28.927369041113565,0.0,9661.897804381397,22.611119146707683,0.0,0.0,0.059871,26.3,0.0,22.61383020631736,0.059871,0.059871,0.0,0.0,0.059871,0.0,0.0,0.0,0.059871,0.0,0.059871,0.0 
 07/21  05:57:00,21.5,28.930257095639117,22.608419151959776,28.930257095639117,0.0,9672.518348067006,22.608419151959776,0.0,0.0,0.059871,26.3,0.0,22.611119146707683,0.059871,0.059871,0.0,0.0,0.059871,0.0,0.0,0.0,0.059871,0.0,0.059871,0.0 
 07/21  05:58:00,21.5,28.933128040543096,22.605730164261207,28.933128040543096,0.0,9683.07597275931,22.605730164261207,0.0,0.0,0.059871,26.3,0.0,22.608419151959776,0.059871,0.059871,0.0,0.0,0.059871,0.0,0.0,0.0,0.059871,0.0,0.059871,0.0 
 07/21  05:59:00,21.5,28.93598370821425,22.60305215687578,28.93598370821425,0.0,9693.577416892276,22.60305215687578,0.0,0.0,0.059871,26.3,0.0,22.605730164261207,0.059871,0.059871,0.0,0.0,0.059871,0.0,0.0,0.0,0.059871,0.0,0.059871,0.0 
 07/21  06:00:00,21.5,28.938822469490713,22.600385118676943,28.938822469490713,0.0,9704.016689379328,22.600385118676943,0.0,0.0,0.059871,26.3,0.0,22.60305215687578,0.059871,0.059871,0.0,0.0,0.059871,0.0,0.0,0.0,0.059871,0.0,0.059871,0.0,49104000.0 
 07/21  06:01:00,21.5,28.94164613473961,22.597728964830186,28.94164613473961,0.0,9714.400447672024,22.597728964830186,0.0,0.0,0.059871,26.3,0.0,22.600385118676943,0.059871,0.059871,0.0,0.0,0.059871,0.0,0.0,0.0,0.059871,0.0,0.059871,0.0 
 07/21  06:02:00,21.5,28.944453093976804,22.595083696811106,28.944453093976804,0.0,9724.722771208026,22.595083696811106,0.0,0.0,0.059871,26.3,0.0,22.597728964830186,0.059871,0.059871,0.0,0.0,0.059871,0.0,0.0,0.0,0.059871,0.0,0.059871,0.0 
 07/21  06:03:00,21.5,28.947245135864353,22.59244927653299,28.947245135864353,0.0,9734.990237620583,22.59244927653299,0.0,0.0,0.059871,26.3,0.0,22.595083696811106,0.059871,0.059871,0.0,0.0,0.059871,0.0,0.0,0.0,0.059871,0.0,0.059871,0.0 
 07/21  06:04:00,21.5,28.9500206693329,22.58982564758011,28.9500206693329,0.0,9745.19699590468,22.58982564758011,0.0,0.0,0.059871,26.3,0.0,22.59244927653299,0.059871,0.059871,0.0,0.0,0.059871,0.0,0.0,0.0,0.059871,0.0,0.059871,0.0 
 07/21  06:05:00,21.5,28.952781461649792,22.58721278566273,28.952781461649792,0.0,9755.349545016557,22.58721278566273,0.0,0.0,0.059871,26.3,0.0,22.58982564758011,0.059871,0.059871,0.0,0.0,0.059871,0.0,0.0,0.0,0.059871,0.0,0.059871,0.0 
 07/21  06:06:00,21.5,28.955525940402392,22.584610680746465,28.955525940402392,0.0,9765.442102559464,22.584610680746465,0.0,0.0,0.059871,26.3,0.0,22.58721278566273,0.059871,0.059871,0.0,0.0,0.059871,0.0,0.0,0.0,0.059871,0.0,0.059871,0.0 
 07/21  06:07:00,21.5,28.958255851767667,22.582019250881174,28.958255851767667,0.0,9775.48108993185,22.582019250881174,0.0,0.0,0.059871,26.3,0.0,22.584610680746465,0.059871,0.059871,0.0,0.0,0.059871,0.0,0.0,0.0,0.059871,0.0,0.059871,0.0 
 07/21  06:08:00,21.5,28.96096964173643,22.579438498600155,28.96096964173643,0.0,9785.46079241385,22.579438498600155,0.0,0.0,0.059871,26.3,0.0,22.582019250881174,0.059871,0.059871,0.0,0.0,0.059871,0.0,0.0,0.0,0.059871,0.0,0.059871,0.0 
 07/21  06:09:00,21.5,28.963669035693663,22.57686838847119,28.963669035693663,0.0,9795.387554943372,22.57686838847119,0.0,0.0,0.059871,26.3,0.0,22.579438498600155,0.059871,0.059871,0.0,0.0,0.059871,0.0,0.0,0.0,0.059871,0.0,0.059871,0.0 
 07/21  06:10:00,21.5,28.96635249778519,22.574308865786886,28.96635249778519,0.0,9805.255729563896,22.574308865786886,0.0,0.0,0.059871,26.3,0.0,22.57686838847119,0.059871,0.059871,0.0,0.0,0.059871,0.0,0.0,0.0,0.059871,0.0,0.059871,0.0 
 07/21  06:11:00,21.5,28.96902173289692,22.571759909132826,28.96902173289692,0.0,9815.071585829923,22.571759909132826,0.0,0.0,0.059871,26.3,0.0,22.574308865786886,0.059871,0.059871,0.0,0.0,0.059871,0.0,0.0,0.0,0.059871,0.0,0.059871,0.0 
 07/21  06:12:00,21.5,28.971675223088553,22.56922151033315,28.971675223088553,0.0,9824.829541661526,22.56922151033315,0.0,0.0,0.059871,26.3,0.0,22.571759909132826,0.059871,0.059871,0.0,0.0,0.059871,0.0,0.0,0.0,0.059871,0.0,0.059871,0.0 
 07/21  06:13:00,21.5,28.974314653035332,22.56669359136958,28.974314653035332,0.0,9834.535792290399,22.56669359136958,0.0,0.0,0.059871,26.3,0.0,22.56922151033315,0.059871,0.059871,0.0,0.0,0.059871,0.0,0.0,0.0,0.059871,0.0,0.059871,0.0 
 07/21  06:14:00,21.5,28.97693852248573,22.56417615722351,28.97693852248573,0.0,9844.184820685383,22.56417615722351,0.0,0.0,0.059871,26.3,0.0,22.56669359136958,0.059871,0.059871,0.0,0.0,0.059871,0.0,0.0,0.0,0.059871,0.0,0.059871,0.0 
 07/21  06:15:00,21.5,28.97954849619191,22.56166917668187,28.97954849619191,0.0,9853.782748812959,22.56166917668187,0.0,0.0,0.059871,26.3,0.0,22.56417615722351,0.059871,0.059871,0.0,0.0,0.059871,0.0,0.0,0.0,0.059871,0.0,0.059871,0.0 
 07/21  06:16:00,21.5,28.98214309139881,22.55917259847578,28.98214309139881,0.0,9863.324123983526,22.55917259847578,0.0,0.0,0.059871,26.3,0.0,22.56166917668187,0.059871,0.059871,0.0,0.0,0.059871,0.0,0.0,0.0,0.059871,0.0,0.059871,0.0 
 07/21  06:17:00,21.5,28.984723953226606,22.55668640561784,28.984723953226606,0.0,9872.814995968842,22.55668640561784,0.0,0.0,0.059871,26.3,0.0,22.55917259847578,0.059871,0.059871,0.0,0.0,0.059871,0.0,0.0,0.0,0.059871,0.0,0.059871,0.0 
 07/21  06:18:00,21.5,28.987289616271976,22.554210593108664,28.987289616271976,0.0,9882.249975888659,22.554210593108664,0.0,0.0,0.059871,26.3,0.0,22.55668640561784,0.059871,0.059871,0.0,0.0,0.059871,0.0,0.0,0.0,0.059871,0.0,0.059871,0.0 
 07/21  06:19:00,21.5,28.98984170631714,22.551745087655508,28.98984170631714,0.0,9891.635042401245,22.551745087655508,0.0,0.0,0.059871,26.3,0.0,22.554210593108664,0.059871,0.059871,0.0,0.0,0.059871,0.0,0.0,0.0,0.059871,0.0,0.059871,0.0 
 07/21  06:20:00,21.5,28.992378775212696,22.549289896969068,28.992378775212696,0.0,9900.964870075977,22.549289896969068,0.0,0.0,0.059871,26.3,0.0,22.551745087655508,0.059871,0.059871,0.0,0.0,0.059871,0.0,0.0,0.0,0.059871,0.0,0.059871,0.0 
 07/21  06:21:00,21.5,28.99490242968996,22.54684499366823,28.99490242968996,0.0,9910.24536751329,22.54684499366823,0.0,0.0,0.059871,26.3,0.0,22.549289896969068,0.059871,0.059871,0.0,0.0,0.059871,0.0,0.0,0.0,0.059871,0.0,0.059871,0.0 
 07/21  06:22:00,21.5,28.997411238782362,22.54441032904238,28.997411238782362,0.0,9919.471272470742,22.54441032904238,0.0,0.0,0.059871,26.3,0.0,22.54684499366823,0.059871,0.059871,0.0,0.0,0.059871,0.0,0.0,0.0,0.059871,0.0,0.059871,0.0 
 07/21  06:23:00,21.5,28.99990679043535,22.54198588913549,28.99990679043535,0.0,9928.64842446554,22.54198588913549,0.0,0.0,0.059871,26.3,0.0,22.54441032904238,0.059871,0.059871,0.0,0.0,0.059871,0.0,0.0,0.0,0.059871,0.0,0.059871,0.0 
 07/21  06:24:00,21.5,29.002387670791354,22.539571670473883,29.002387670791354,0.0,9937.771624171979,22.539571670473883,0.0,0.0,0.059871,26.3,0.0,22.54198588913549,0.059871,0.059871,0.0,0.0,0.059871,0.0,0.0,0.0,0.059871,0.0,0.059871,0.0 
 07/21  06:25:00,21.5,29.004855449241155,22.53716760261855,29.004855449241155,0.0,9946.846642874243,22.53716760261855,0.0,0.0,0.059871,26.3,0.0,22.539571670473883,0.059871,0.059871,0.0,0.0,0.059871,0.0,0.0,0.0,0.059871,0.0,0.059871,0.0 
 07/21  06:26:00,21.5,29.007308728934078,22.53477369414043,29.007308728934078,0.0,9955.868343787834,22.53477369414043,0.0,0.0,0.059871,26.3,0.0,22.53716760261855,0.059871,0.059871,0.0,0.0,0.059871,0.0,0.0,0.0,0.059871,0.0,0.059871,0.0 
 07/21  06:27:00,21.5,29.009749060900564,22.532389919645016,29.009749060900564,0.0,9964.842430678567,22.532389919645016,0.0,0.0,0.059871,26.3,0.0,22.53477369414043,0.059871,0.059871,0.0,0.0,0.059871,0.0,0.0,0.0,0.059871,0.0,0.059871,0.0 
 07/21  06:28:00,21.5,29.012175065152054,22.530016231342454,29.012175065152054,0.0,9973.763828770756,22.530016231342454,0.0,0.0,0.059871,26.3,0.0,22.532389919645016,0.059871,0.059871,0.0,0.0,0.059871,0.0,0.0,0.0,0.059871,0.0,0.059871,0.0 
 07/21  06:29:00,21.5,29.014588274522293,22.527652616804765,29.014588274522293,0.0,9982.6381749136,22.527652616804765,0.0,0.0,0.059871,26.3,0.0,22.530016231342454,0.059871,0.059871,0.0,0.0,0.059871,0.0,0.0,0.0,0.059871,0.0,0.059871,0.0 
 07/21  06:30:00,21.5,29.01698732569531,22.525299072859937,29.01698732569531,0.0,9991.460455643282,22.525299072859937,0.0,0.0,0.059871,26.3,0.0,22.527652616804765,0.059871,0.059871,0.0,0.0,0.059871,0.0,0.0,0.0,0.059871,0.0,0.059871,0.0 
 07/21  06:31:00,21.5,29.019373733452607,22.52295553091668,29.019373733452607,0.0,10000.236241423569,22.52295553091668,0.0,0.0,0.059871,26.3,0.0,22.525299072859937,0.059871,0.059871,0.0,0.0,0.059871,0.0,0.0,0.0,0.059871,0.0,0.059871,0.0 
 07/21  06:32:00,21.5,29.021746150922823,22.520621999646796,29.021746150922823,0.0,10008.960579264149,22.520621999646796,0.0,0.0,0.059871,26.3,0.0,22.52295553091668,0.059871,0.059871,0.0,0.0,0.059871,0.0,0.0,0.0,0.059871,0.0,0.059871,0.0 
 07/21  06:33:00,21.5,29.024106074973208,22.518298455076472,29.024106074973208,0.0,10017.63897375085,22.518298455076472,0.0,0.0,0.059871,26.3,0.0,22.520621999646796,0.059871,0.059871,0.0,0.0,0.059871,0.0,0.0,0.0,0.059871,0.0,0.059871,0.0 
 07/21  06:34:00,21.5,29.02645217492106,22.515984850036432,29.02645217492106,0.0,10026.266531425586,22.515984850036432,0.0,0.0,0.059871,26.3,0.0,22.518298455076472,0.059871,0.059871,0.0,0.0,0.059871,0.0,0.0,0.0,0.059871,0.0,0.059871,0.0 
 07/21  06:35:00,21.5,29.028785929861815,22.513681173441565,29.028785929861815,0.0,10034.848691520041,22.513681173441565,0.0,0.0,0.059871,26.3,0.0,22.515984850036432,0.059871,0.059871,0.0,0.0,0.059871,0.0,0.0,0.0,0.059871,0.0,0.059871,0.0 
 07/21  06:36:00,21.5,29.031106025028574,22.511387422438034,29.031106025028574,0.0,10043.38061910497,22.511387422438034,0.0,0.0,0.059871,26.3,0.0,22.513681173441565,0.059871,0.059871,0.0,0.0,0.059871,0.0,0.0,0.0,0.059871,0.0,0.059871,0.0 
 07/21  06:37:00,21.5,29.03341392189946,22.509103530430906,29.03341392189946,0.0,10051.86768862608,22.509103530430906,0.0,0.0,0.059871,26.3,0.0,22.511387422438034,0.059871,0.059871,0.0,0.0,0.059871,0.0,0.0,0.0,0.059871,0.0,0.059871,0.0 
 07/21  06:38:00,21.5,29.03570832134336,22.50682950645335,29.03570832134336,0.0,10060.305122653244,22.50682950645335,0.0,0.0,0.059871,26.3,0.0,22.509103530430906,0.059871,0.059871,0.0,0.0,0.059871,0.0,0.0,0.0,0.059871,0.0,0.059871,0.0 
 07/21  06:39:00,21.5,29.03799066739159,22.50456532828581,29.03799066739159,0.0,10068.698231473181,22.50456532828581,0.0,0.0,0.059871,26.3,0.0,22.50682950645335,0.059871,0.059871,0.0,0.0,0.059871,0.0,0.0,0.0,0.059871,0.0,0.059871,0.0 
 07/21  06:40:00,21.5,29.04025967626905,22.502310949847484,29.04025967626905,0.0,10077.04229412605,22.502310949847484,0.0,0.0,0.059871,26.3,0.0,22.50456532828581,0.059871,0.059871,0.0,0.0,0.059871,0.0,0.0,0.0,0.059871,0.0,0.059871,0.0 
 07/21  06:41:00,21.5,29.04251677474791,22.50006636186272,29.04251677474791,0.0,10085.34255742973,22.50006636186272,0.0,0.0,0.059871,26.3,0.0,22.502310949847484,0.059871,0.059871,0.0,0.0,0.059871,0.0,0.0,0.0,0.059871,0.0,0.059871,0.0 
 07/21  06:42:00,21.5,29.04476069413472,22.497831562345244,29.04476069413472,0.0,10093.594355885667,22.497831562345244,0.0,0.0,0.059871,26.3,0.0,22.50006636186272,0.059871,0.059871,0.0,0.0,0.059871,0.0,0.0,0.0,0.059871,0.0,0.059871,0.0 
 07/21  06:43:00,21.5,29.046992844146406,22.49560648728308,29.046992844146406,0.0,10101.802873592715,22.49560648728308,0.0,0.0,0.059871,26.3,0.0,22.497831562345244,0.059871,0.059871,0.0,0.0,0.059871,0.0,0.0,0.0,0.059871,0.0,0.059871,0.0 
 07/21  06:44:00,21.5,29.049211970905446,22.49339114667621,29.049211970905446,0.0,10109.963499536501,22.49339114667621,0.0,0.0,0.059871,26.3,0.0,22.49560648728308,0.059871,0.059871,0.0,0.0,0.059871,0.0,0.0,0.0,0.059871,0.0,0.059871,0.0 
 07/21  06:45:00,21.5,29.0514194672912,22.491185520665603,29.0514194672912,0.0,10118.08135589736,22.491185520665603,0.0,0.0,0.059871,26.3,0.0,22.49339114667621,0.059871,0.059871,0.0,0.0,0.059871,0.0,0.0,0.0,0.059871,0.0,0.059871,0.0 
 07/21  06:46:00,21.5,29.053614093986695,22.48898956492786,29.053614093986695,0.0,10126.15188520589,22.48898956492786,0.0,0.0,0.059871,26.3,0.0,22.491185520665603,0.059871,0.059871,0.0,0.0,0.059871,0.0,0.0,0.0,0.059871,0.0,0.059871,0.0 
 07/21  06:47:00,21.5,29.05579722726227,22.486803272617923,29.05579722726227,0.0,10134.180148564365,22.486803272617923,0.0,0.0,0.059871,26.3,0.0,22.48898956492786,0.059871,0.059871,0.0,0.0,0.059871,0.0,0.0,0.0,0.059871,0.0,0.059871,0.0 
 07/21  06:48:00,21.5,29.057967642117056,22.484626643271508,29.057967642117056,0.0,10142.161641149483,22.484626643271508,0.0,0.0,0.059871,26.3,0.0,22.486803272617923,0.059871,0.059871,0.0,0.0,0.059871,0.0,0.0,0.0,0.059871,0.0,0.059871,0.0 
 07/21  06:49:00,21.5,29.060126698448826,22.482459616117925,29.060126698448826,0.0,10150.101363854988,22.482459616117925,0.0,0.0,0.059871,26.3,0.0,22.484626643271508,0.059871,0.059871,0.0,0.0,0.059871,0.0,0.0,0.0,0.059871,0.0,0.059871,0.0 
 07/21  06:50:00,21.5,29.062273185339347,22.480302202772933,29.062273185339347,0.0,10157.994863645135,22.480302202772933,0.0,0.0,0.059871,26.3,0.0,22.482459616117925,0.059871,0.059871,0.0,0.0,0.059871,0.0,0.0,0.0,0.059871,0.0,0.059871,0.0 
 07/21  06:51:00,21.5,29.064408446555003,22.478154386370182,29.064408446555003,0.0,10165.84708209199,22.478154386370182,0.0,0.0,0.059871,26.3,0.0,22.480302202772933,0.059871,0.059871,0.0,0.0,0.059871,0.0,0.0,0.0,0.059871,0.0,0.059871,0.0 
 07/21  06:52:00,21.5,29.066531285037065,22.476016125016546,29.066531285037065,0.0,10173.653617126829,22.476016125016546,0.0,0.0,0.059871,26.3,0.0,22.478154386370182,0.059871,0.059871,0.0,0.0,0.059871,0.0,0.0,0.0,0.059871,0.0,0.059871,0.0 
 07/21  06:53:00,21.5,29.06864302866412,22.473887414919883,29.06864302866412,0.0,10181.419351895853,22.473887414919883,0.0,0.0,0.059871,26.3,0.0,22.476016125016546,0.059871,0.059871,0.0,0.0,0.059871,0.0,0.0,0.0,0.059871,0.0,0.059871,0.0 
 07/21  06:54:00,21.5,29.07074249402359,22.47176825778222,29.07074249402359,0.0,10189.139934512777,22.47176825778222,0.0,0.0,0.059871,26.3,0.0,22.473887414919883,0.059871,0.059871,0.0,0.0,0.059871,0.0,0.0,0.0,0.059871,0.0,0.059871,0.0 
 07/21  06:55:00,21.5,29.072830993349783,22.469658596720965,29.072830993349783,0.0,10196.820190593447,22.469658596720965,0.0,0.0,0.059871,26.3,0.0,22.47176825778222,0.059871,0.059871,0.0,0.0,0.059871,0.0,0.0,0.0,0.059871,0.0,0.059871,0.0 
 07/21  06:56:00,21.5,29.074907356671776,22.46755844560421,29.074907356671776,0.0,10204.455817681974,22.46755844560421,0.0,0.0,0.059871,26.3,0.0,22.469658596720965,0.059871,0.059871,0.0,0.0,0.059871,0.0,0.0,0.0,0.059871,0.0,0.059871,0.0 
 07/21  06:57:00,21.5,29.076972880821504,22.465467791184622,29.076972880821504,0.0,10212.051584753459,22.465467791184622,0.0,0.0,0.059871,26.3,0.0,22.46755844560421,0.059871,0.059871,0.0,0.0,0.059871,0.0,0.0,0.0,0.059871,0.0,0.059871,0.0 
 07/21  06:58:00,21.5,29.079026409073492,22.46338659466409,29.079026409073492,0.0,10219.603238060867,22.46338659466409,0.0,0.0,0.059871,26.3,0.0,22.465467791184622,0.059871,0.059871,0.0,0.0,0.059871,0.0,0.0,0.0,0.059871,0.0,0.059871,0.0 
 07/21  06:59:00,21.5,29.081069223095977,22.46131485593259,29.081069223095977,0.0,10227.115490816295,22.46131485593259,0.0,0.0,0.059871,26.3,0.0,22.46338659466409,0.059871,0.059871,0.0,0.0,0.059871,0.0,0.0,0.0,0.059871,0.0,0.059871,0.0 
 07/21  07:00:00,21.5,29.08310017921992,22.459252579513052,29.08310017921992,0.0,10234.584137286442,22.459252579513052,0.0,0.0,0.059871,26.3,0.0,22.46131485593259,0.059871,0.059871,0.0,0.0,0.059871,0.0,0.0,0.0,0.059871,0.0,0.059871,0.0,49104000.0 
 07/21  07:01:00,21.5,29.085120544184573,22.457199713081817,29.085120544184573,0.0,10242.013835783531,22.457199713081817,0.0,0.0,0.059871,26.3,0.0,22.459252579513052,0.059871,0.059871,0.0,0.0,0.059871,0.0,0.0,0.0,0.059871,0.0,0.059871,0.0 
 07/21  07:02:00,21.5,29.08712918719517,22.45515627342937,29.08712918719517,0.0,10249.400427918172,22.45515627342937,0.0,0.0,0.059871,26.3,0.0,22.457199713081817,0.059871,0.059871,0.0,0.0,0.059871,0.0,0.0,0.0,0.059871,0.0,0.059871,0.0 
 07/21  07:03:00,21.5,29.08912736029168,22.453122251606146,29.08912736029168,0.0,10256.74851794733,22.453122251606146,0.0,0.0,0.059871,26.3,0.0,22.45515627342937,0.059871,0.059871,0.0,0.0,0.059871,0.0,0.0,0.0,0.059871,0.0,0.059871,0.0 
 07/21  07:04:00,21.5,29.091113945377373,22.45109761263331,29.091113945377373,0.0,10264.05399417748,22.45109761263331,0.0,0.0,0.059871,26.3,0.0,22.453122251606146,0.059871,0.059871,0.0,0.0,0.059871,0.0,0.0,0.0,0.059871,0.0,0.059871,0.0 
 07/21  07:05:00,21.5,29.093090180017448,22.449082360796506,29.093090180017448,0.0,10271.321407635987,22.449082360796506,0.0,0.0,0.059871,26.3,0.0,22.45109761263331,0.059871,0.059871,0.0,0.0,0.059871,0.0,0.0,0.0,0.059871,0.0,0.059871,0.0 
 07/21  07:06:00,21.5,29.09505495864257,22.447076504189003,29.09505495864257,0.0,10278.546692697637,22.447076504189003,0.0,0.0,0.059871,26.3,0.0,22.449082360796506,0.059871,0.059871,0.0,0.0,0.059871,0.0,0.0,0.0,0.059871,0.0,0.059871,0.0 
 07/21  07:07:00,21.5,29.0970095045619,22.445079995836064,29.0970095045619,0.0,10285.734347964568,22.445079995836064,0.0,0.0,0.059871,26.3,0.0,22.447076504189003,0.059871,0.059871,0.0,0.0,0.059871,0.0,0.0,0.0,0.059871,0.0,0.059871,0.0 
 07/21  07:08:00,21.5,29.09895272456784,22.443092856254328,29.09895272456784,0.0,10292.880353270644,22.443092856254328,0.0,0.0,0.059871,26.3,0.0,22.445079995836064,0.059871,0.059871,0.0,0.0,0.059871,0.0,0.0,0.0,0.059871,0.0,0.059871,0.0 
 07/21  07:09:00,21.5,29.100885827926533,22.441115081633395,29.100885827926533,0.0,10299.98915557619,22.441115081633395,0.0,0.0,0.059871,26.3,0.0,22.443092856254328,0.059871,0.059871,0.0,0.0,0.059871,0.0,0.0,0.0,0.059871,0.0,0.059871,0.0 
 07/21  07:10:00,21.5,29.102807733631096,22.439146641714316,29.102807733631096,0.0,10307.05677958202,22.439146641714316,0.0,0.0,0.059871,26.3,0.0,22.441115081633395,0.059871,0.059871,0.0,0.0,0.059871,0.0,0.0,0.0,0.059871,0.0,0.059871,0.0 
 07/21  07:11:00,21.5,29.104719637111867,22.4371875461028,29.104719637111867,0.0,10314.087621368602,22.4371875461028,0.0,0.0,0.059871,26.3,0.0,22.439146641714316,0.059871,0.059871,0.0,0.0,0.059871,0.0,0.0,0.0,0.059871,0.0,0.059871,0.0 
 07/21  07:12:00,21.5,29.106620469405875,22.435237807440167,29.106620469405875,0.0,10321.077749927099,22.435237807440167,0.0,0.0,0.059871,26.3,0.0,22.4371875461028,0.059871,0.059871,0.0,0.0,0.059871,0.0,0.0,0.0,0.059871,0.0,0.059871,0.0 
 07/21  07:13:00,21.5,29.10851141230908,22.433297385156177,29.10851141230908,0.0,10328.031511198846,22.433297385156177,0.0,0.0,0.059871,26.3,0.0,22.435237807440167,0.059871,0.059871,0.0,0.0,0.059871,0.0,0.0,0.0,0.059871,0.0,0.059871,0.0 
 07/21  07:14:00,21.5,29.11039140874952,22.43136630458503,29.11039140874952,0.0,10334.945017903046,22.43136630458503,0.0,0.0,0.059871,26.3,0.0,22.433297385156177,0.059871,0.059871,0.0,0.0,0.059871,0.0,0.0,0.0,0.059871,0.0,0.059871,0.0 
 07/21  07:15:00,21.5,29.112261627084592,22.429444568228433,29.112261627084592,0.0,10341.822566562008,22.429444568228433,0.0,0.0,0.059871,26.3,0.0,22.43136630458503,0.059871,0.059871,0.0,0.0,0.059871,0.0,0.0,0.0,0.059871,0.0,0.059871,0.0 
 07/21  07:16:00,21.5,29.11412102198408,22.427532151804883,29.11412102198408,0.0,10348.660313074097,22.427532151804883,0.0,0.0,0.059871,26.3,0.0,22.429444568228433,0.059871,0.059871,0.0,0.0,0.059871,0.0,0.0,0.0,0.059871,0.0,0.059871,0.0 
 07/21  07:17:00,21.5,29.115970748557178,22.425629071573297,29.115970748557178,0.0,10355.46250524264,22.425629071573297,0.0,0.0,0.059871,26.3,0.0,22.427532151804883,0.059871,0.059871,0.0,0.0,0.059871,0.0,0.0,0.0,0.059871,0.0,0.059871,0.0 
 07/21  07:18:00,21.5,29.11780977306948,22.423735346141818,29.11780977306948,0.0,10362.225341608442,22.423735346141818,0.0,0.0,0.059871,26.3,0.0,22.425629071573297,0.059871,0.059871,0.0,0.0,0.059871,0.0,0.0,0.0,0.059871,0.0,0.059871,0.0 
 07/21  07:19:00,21.5,29.119639237567124,22.421850942903255,29.119639237567124,0.0,10368.953021936704,22.421850942903255,0.0,0.0,0.059871,26.3,0.0,22.423735346141818,0.059871,0.059871,0.0,0.0,0.059871,0.0,0.0,0.0,0.059871,0.0,0.059871,0.0 
 07/21  07:20:00,21.5,29.121458119768796,22.419975893644835,29.121458119768796,0.0,10375.641786885877,22.419975893644835,0.0,0.0,0.059871,26.3,0.0,22.421850942903255,0.059871,0.059871,0.0,0.0,0.059871,0.0,0.0,0.0,0.059871,0.0,0.059871,0.0 
 07/21  07:21:00,21.5,29.12326754883764,22.418110208973037,29.12326754883764,0.0,10382.295788845195,22.418110208973037,0.0,0.0,0.059871,26.3,0.0,22.419975893644835,0.059871,0.059871,0.0,0.0,0.059871,0.0,0.0,0.0,0.059871,0.0,0.059871,0.0 
 07/21  07:22:00,21.5,29.12506651380562,22.41625387251555,29.12506651380562,0.0,10388.911310076637,22.41625387251555,0.0,0.0,0.059871,26.3,0.0,22.418110208973037,0.059871,0.059871,0.0,0.0,0.059871,0.0,0.0,0.0,0.059871,0.0,0.059871,0.0 
 07/21  07:23:00,21.5,29.126856131128168,22.414406909285386,29.126856131128168,0.0,10395.492456237998,22.414406909285386,0.0,0.0,0.059871,26.3,0.0,22.41625387251555,0.059871,0.059871,0.0,0.0,0.059871,0.0,0.0,0.0,0.059871,0.0,0.059871,0.0 
 07/21  07:24:00,21.5,29.128635401013636,22.41256934611638,29.128635401013636,0.0,10402.03555069134,22.41256934611638,0.0,0.0,0.059871,26.3,0.0,22.414406909285386,0.059871,0.059871,0.0,0.0,0.059871,0.0,0.0,0.0,0.059871,0.0,0.059871,0.0 
 07/21  07:25:00,21.5,29.130405427380353,22.410741160884786,29.130405427380353,0.0,10408.54465299051,22.410741160884786,0.0,0.0,0.059871,26.3,0.0,22.41256934611638,0.059871,0.059871,0.0,0.0,0.059871,0.0,0.0,0.0,0.059871,0.0,0.059871,0.0 
 07/21  07:26:00,21.5,29.13216522147866,22.40892239452431,29.13216522147866,0.0,10415.016127103412,22.40892239452431,0.0,0.0,0.059871,26.3,0.0,22.410741160884786,0.059871,0.059871,0.0,0.0,0.059871,0.0,0.0,0.0,0.059871,0.0,0.059871,0.0 
 07/21  07:27:00,21.5,29.13391587485621,22.407113068753688,29.13391587485621,0.0,10421.4539870919,22.407113068753688,0.0,0.0,0.059871,26.3,0.0,22.40892239452431,0.059871,0.059871,0.0,0.0,0.059871,0.0,0.0,0.0,0.059871,0.0,0.059871,0.0 
 07/21  07:28:00,21.5,29.135656409673537,22.40531317839225,29.135656409673537,0.0,10427.854637045075,22.40531317839225,0.0,0.0,0.059871,26.3,0.0,22.407113068753688,0.059871,0.059871,0.0,0.0,0.059871,0.0,0.0,0.0,0.059871,0.0,0.059871,0.0 
 07/21  07:29:00,21.5,29.137387905269698,22.403522760863197,29.137387905269698,0.0,10434.222046128862,22.403522760863197,0.0,0.0,0.059871,26.3,0.0,22.40531317839225,0.059871,0.059871,0.0,0.0,0.059871,0.0,0.0,0.0,0.059871,0.0,0.059871,0.0 
 07/21  07:30:00,21.5,29.13910939458591,22.401741855228597,29.13910939458591,0.0,10440.552658077282,22.401741855228597,0.0,0.0,0.059871,26.3,0.0,22.403522760863197,0.059871,0.059871,0.0,0.0,0.059871,0.0,0.0,0.0,0.059871,0.0,0.059871,0.0 
 07/21  07:31:00,21.5,29.14082194491093,22.39997045439657,29.14082194491093,0.0,10446.850397742428,22.39997045439657,0.0,0.0,0.059871,26.3,0.0,22.401741855228597,0.059871,0.059871,0.0,0.0,0.059871,0.0,0.0,0.0,0.059871,0.0,0.059871,0.0 
 07/21  07:32:00,21.5,29.142524599839497,22.398208613433926,29.142524599839497,0.0,10453.111748035644,22.398208613433926,0.0,0.0,0.059871,26.3,0.0,22.39997045439657,0.059871,0.059871,0.0,0.0,0.059871,0.0,0.0,0.0,0.059871,0.0,0.059871,0.0 
 07/21  07:33:00,21.5,29.144218414764598,22.39645637086707,29.144218414764598,0.0,10459.340590063457,22.39645637086707,0.0,0.0,0.059871,26.3,0.0,22.398208613433926,0.059871,0.059871,0.0,0.0,0.059871,0.0,0.0,0.0,0.059871,0.0,0.059871,0.0 
 07/21  07:34:00,21.5,29.145902443809465,22.394713739078906,29.145902443809465,0.0,10465.533445454726,22.394713739078906,0.0,0.0,0.059871,26.3,0.0,22.39645637086707,0.059871,0.059871,0.0,0.0,0.059871,0.0,0.0,0.0,0.059871,0.0,0.059871,0.0 
 07/21  07:35:00,21.5,29.147577730622245,22.392980775216653,29.147577730622245,0.0,10471.694152125465,22.392980775216653,0.0,0.0,0.059871,26.3,0.0,22.394713739078906,0.059871,0.059871,0.0,0.0,0.059871,0.0,0.0,0.0,0.059871,0.0,0.059871,0.0 
 07/21  07:36:00,21.5,29.14924333973169,22.391257538846798,29.14924333973169,0.0,10477.81926996986,22.391257538846798,0.0,0.0,0.059871,26.3,0.0,22.392980775216653,0.059871,0.059871,0.0,0.0,0.059871,0.0,0.0,0.0,0.059871,0.0,0.059871,0.0 
 07/21  07:37:00,21.5,29.150900303188784,22.38954404761649,29.150900303188784,0.0,10483.912594256435,22.38954404761649,0.0,0.0,0.059871,26.3,0.0,22.391257538846798,0.059871,0.059871,0.0,0.0,0.059871,0.0,0.0,0.0,0.059871,0.0,0.059871,0.0 
 07/21  07:38:00,21.5,29.152547695806813,22.387840381854904,29.152547695806813,0.0,10489.970722699767,22.387840381854904,0.0,0.0,0.059871,26.3,0.0,22.38954404761649,0.059871,0.059871,0.0,0.0,0.059871,0.0,0.0,0.0,0.059871,0.0,0.059871,0.0 
 07/21  07:39:00,21.5,29.154186538184064,22.38614661014377,29.154186538184064,0.0,10495.997408452213,22.38614661014377,0.0,0.0,0.059871,26.3,0.0,22.387840381854904,0.059871,0.059871,0.0,0.0,0.059871,0.0,0.0,0.0,0.059871,0.0,0.059871,0.0 
 07/21  07:40:00,21.5,29.155815915299357,22.384462778031956,29.155815915299357,0.0,10501.989286611088,22.384462778031956,0.0,0.0,0.059871,26.3,0.0,22.38614661014377,0.059871,0.059871,0.0,0.0,0.059871,0.0,0.0,0.0,0.059871,0.0,0.059871,0.0 
 07/21  07:41:00,21.5,29.11138540141404,22.382788778669745,29.11138540141404,0.0,10338.60033064845,22.382788778669745,0.0,0.0,0.059871,26.3,0.0,22.384462778031956,0.059871,0.059871,0.0,0.0,0.059871,0.0,0.0,0.0,0.059871,0.0,0.059871,0.0 
 07/21  07:42:00,21.5,29.035966659999826,22.381124719732032,29.035966659999826,0.0,10061.255138299548,22.381124719732032,0.0,0.0,0.059871,26.3,0.0,22.382788778669745,0.059871,0.059871,0.0,0.0,0.059871,0.0,0.0,0.0,0.059871,0.0,0.059871,0.0 
 07/21  07:43:00,21.5,28.962452289916587,22.37947077208584,28.962452289916587,0.0,9790.913088978341,22.37947077208584,0.0,0.0,0.059871,26.3,0.0,22.381124719732032,0.059871,0.059871,0.0,0.0,0.059871,0.0,0.0,0.0,0.059871,0.0,0.059871,0.0 
 07/21  07:44:00,21.5,28.90583827809917,22.37782713773505,28.90583827809917,0.0,9582.720487209663,22.37782713773505,0.0,0.0,0.059871,26.3,0.0,22.37947077208584,0.059871,0.059871,0.0,0.0,0.059871,0.0,0.0,0.0,0.059871,0.0,0.059871,0.0 
 07/21  07:45:00,21.5,28.86441132612056,22.3761939843416,28.86441132612056,0.0,9430.376842254977,22.3761939843416,0.0,0.0,0.059871,26.3,0.0,22.37782713773505,0.059871,0.059871,0.0,0.0,0.059871,0.0,0.0,0.0,0.059871,0.0,0.059871,0.0 
 07/21  07:46:00,21.5,28.83183884000772,22.374571459326454,28.83183884000772,0.0,9310.594646784051,22.374571459326454,0.0,0.0,0.059871,26.3,0.0,22.3761939843416,0.059871,0.059871,0.0,0.0,0.059871,0.0,0.0,0.0,0.059871,0.0,0.059871,0.0 
 07/21  07:47:00,21.5,28.80310242885951,22.37295978747341,28.80310242885951,0.0,9204.919249291746,22.37295978747341,0.0,0.0,0.059871,26.3,0.0,22.374571459326454,0.059871,0.059871,0.0,0.0,0.059871,0.0,0.0,0.0,0.059871,0.0,0.059871,0.0 
 07/21  07:48:00,21.5,28.77617079987262,22.371359244255167,28.77617079987262,0.0,9105.88076520176,22.371359244255167,0.0,0.0,0.059871,26.3,0.0,22.37295978747341,0.059871,0.059871,0.0,0.0,0.059871,0.0,0.0,0.0,0.059871,0.0,0.059871,0.0 
 07/21  07:49:00,21.5,28.750425086077414,22.36977015735678,28.750425086077414,0.0,9011.203370554249,22.36977015735678,0.0,0.0,0.059871,26.3,0.0,22.371359244255167,0.059871,0.059871,0.0,0.0,0.059871,0.0,0.0,0.0,0.059871,0.0,0.059871,0.0 
 07/21  07:50:00,21.5,28.725861113761788,22.368193111988333,28.725861113761788,0.0,8920.871716923048,22.368193111988333,0.0,0.0,0.059871,26.3,0.0,22.36977015735678,0.059871,0.059871,0.0,0.0,0.059871,0.0,0.0,0.0,0.059871,0.0,0.059871,0.0 
 07/21  07:51:00,21.5,28.702327503961783,22.366628398562792,28.702327503961783,0.0,8834.329122678473,22.366628398562792,0.0,0.0,0.059871,26.3,0.0,22.368193111988333,0.059871,0.059871,0.0,0.0,0.059871,0.0,0.0,0.0,0.059871,0.0,0.059871,0.0 
 07/21  07:52:00,21.5,28.679696072318553,22.365073119396968,28.679696072318553,0.0,8751.104202127895,22.365073119396968,0.0,0.0,0.059871,26.3,0.0,22.366628398562792,0.059871,0.059871,0.0,0.0,0.059871,0.0,0.0,0.0,0.059871,0.0,0.059871,0.0 
 07/21  07:53:00,21.5,28.657743344283833,22.363525038089126,28.657743344283833,0.0,8670.375149041025,22.363525038089126,0.0,0.0,0.059871,26.3,0.0,22.365073119396968,0.059871,0.059871,0.0,0.0,0.059871,0.0,0.0,0.0,0.059871,0.0,0.059871,0.0 
 07/21  07:54:00,21.5,28.636370300438806,22.361982857598004,28.636370300438806,0.0,8591.7778289966,22.361982857598004,0.0,0.0,0.059871,26.3,0.0,22.363525038089126,0.059871,0.059871,0.0,0.0,0.059871,0.0,0.0,0.0,0.059871,0.0,0.059871,0.0 
 07/21  07:55:00,21.5,28.615454106899087,22.36044583708927,28.615454106899087,0.0,8514.860532158931,22.36044583708927,0.0,0.0,0.059871,26.3,0.0,22.361982857598004,0.059871,0.059871,0.0,0.0,0.059871,0.0,0.0,0.0,0.059871,0.0,0.059871,0.0 
 07/21  07:56:00,21.5,28.594970663960858,22.35891359333682,28.594970663960858,0.0,8439.534634177298,22.35891359333682,0.0,0.0,0.059871,26.3,0.0,22.36044583708927,0.059871,0.059871,0.0,0.0,0.059871,0.0,0.0,0.0,0.059871,0.0,0.059871,0.0 
 07/21  07:57:00,21.5,28.57485146096078,22.357385860601575,28.57485146096078,0.0,8365.548193654282,22.357385860601575,0.0,0.0,0.059871,26.3,0.0,22.35891359333682,0.059871,0.059871,0.0,0.0,0.059871,0.0,0.0,0.0,0.059871,0.0,0.059871,0.0 
 07/21  07:58:00,21.5,28.555093708449597,22.35586243423761,28.555093708449597,0.0,8292.890952657639,22.35586243423761,0.0,0.0,0.059871,26.3,0.0,22.357385860601575,0.059871,0.059871,0.0,0.0,0.059871,0.0,0.0,0.0,0.059871,0.0,0.059871,0.0 
 07/21  07:59:00,21.5,28.53564597324433,22.35434320724197,28.53564597324433,0.0,8221.373770587034,22.35434320724197,0.0,0.0,0.059871,26.3,0.0,22.35586243423761,0.059871,0.059871,0.0,0.0,0.059871,0.0,0.0,0.0,0.059871,0.0,0.059871,0.0 
 07/21  08:00:00,21.5,28.516512121027688,22.352828135309636,28.516512121027688,0.0,8151.010863120118,22.352828135309636,0.0,0.0,0.059871,26.3,0.0,22.35434320724197,0.059871,0.059871,0.0,0.0,0.059871,0.0,0.0,0.0,0.059871,0.0,0.059871,0.0,49104000.0 
 07/21  08:01:00,21.5,28.606895010855997,22.37603857819466,28.606895010855997,0.0,8483.385276885641,22.37603857819466,0.0,0.0,0.059871,26.3,0.0,22.352828135309636,0.059871,0.059871,0.0,0.0,0.059871,0.0,0.0,0.0,0.059871,0.0,0.059871,0.0 
 07/21  08:02:00,21.5,28.71595548028252,22.413384692264724,28.71595548028252,0.0,8884.8266577903,22.413384692264724,0.0,0.0,0.059871,26.3,0.0,22.37603857819466,0.059871,0.059871,0.0,0.0,0.059871,0.0,0.0,0.0,0.059871,0.0,0.059871,0.0 
 07/21  08:03:00,21.5,28.781814272359508,22.453482016160855,28.781814272359508,0.0,9127.553247950997,22.453482016160855,0.0,0.0,0.059871,26.3,0.0,22.413384692264724,0.059871,0.059871,0.0,0.0,0.059871,0.0,0.0,0.0,0.059871,0.0,0.059871,0.0 
 07/21  08:04:00,21.5,28.801145546937338,22.491129148688742,28.801145546937338,0.0,9199.097573785853,22.491129148688742,0.0,0.0,0.059871,26.3,0.0,22.453482016160855,0.059871,0.059871,0.0,0.0,0.059871,0.0,0.0,0.0,0.059871,0.0,0.059871,0.0 
 07/21  08:05:00,21.5,28.794504679747224,22.525265703183564,28.794504679747224,0.0,9174.976763821756,22.525265703183564,0.0,0.0,0.059871,26.3,0.0,22.491129148688742,0.059871,0.059871,0.0,0.0,0.059871,0.0,0.0,0.0,0.059871,0.0,0.059871,0.0 
 07/21  08:06:00,21.5,28.77968727943775,22.556223472117882,28.77968727943775,0.0,9120.662721217017,22.556223472117882,0.0,0.0,0.059871,26.3,0.0,22.525265703183564,0.059871,0.059871,0.0,0.0,0.059871,0.0,0.0,0.0,0.059871,0.0,0.059871,0.0 
 07/21  08:07:00,21.5,28.764686343749368,22.584511353075108,28.764686343749368,0.0,9065.597994571326,22.584511353075108,0.0,0.0,0.059871,26.3,0.0,22.556223472117882,0.059871,0.059871,0.0,0.0,0.059871,0.0,0.0,0.0,0.059871,0.0,0.059871,0.0 
 07/21  08:08:00,21.5,28.75090571393252,22.61048484832169,28.75090571393252,0.0,9014.978971913064,22.61048484832169,0.0,0.0,0.059871,26.3,0.0,22.584511353075108,0.059871,0.059871,0.0,0.0,0.059871,0.0,0.0,0.0,0.059871,0.0,0.059871,0.0 
 07/21  08:09:00,21.5,28.737582127576463,22.634362494498372,28.737582127576463,0.0,8966.01657977,22.634362494498372,0.0,0.0,0.059871,26.3,0.0,22.61048484832169,0.059871,0.059871,0.0,0.0,0.059871,0.0,0.0,0.0,0.059871,0.0,0.059871,0.0 
 07/21  08:10:00,21.5,28.724073354641366,22.656299175189208,28.724073354641366,0.0,8916.357789586036,22.656299175189208,0.0,0.0,0.059871,26.3,0.0,22.634362494498372,0.059871,0.059871,0.0,0.0,0.059871,0.0,0.0,0.0,0.059871,0.0,0.059871,0.0 
 07/21  08:11:00,21.5,28.71025281930533,22.67642960516719,28.71025281930533,0.0,8865.54195870368,22.67642960516719,0.0,0.0,0.059871,26.3,0.0,22.656299175189208,0.059871,0.059871,0.0,0.0,0.059871,0.0,0.0,0.0,0.059871,0.0,0.059871,0.0 
 07/21  08:12:00,21.5,28.696290370783995,22.694882515018733,28.696290370783995,0.0,8814.19694723233,22.694882515018733,0.0,0.0,0.059871,26.3,0.0,22.67642960516719,0.059871,0.059871,0.0,0.0,0.059871,0.0,0.0,0.0,0.059871,0.0,0.059871,0.0 
 07/21  08:13:00,21.5,28.682345016985295,22.711781993779056,28.682345016985295,0.0,8762.909845016447,22.711781993779056,0.0,0.0,0.059871,26.3,0.0,22.694882515018733,0.059871,0.059871,0.0,0.0,0.059871,0.0,0.0,0.0,0.059871,0.0,0.059871,0.0 
 07/21  08:14:00,21.5,28.668517507830114,22.72724605446567,28.668517507830114,0.0,8712.052851306202,22.72724605446567,0.0,0.0,0.059871,26.3,0.0,22.711781993779056,0.059871,0.059871,0.0,0.0,0.059871,0.0,0.0,0.0,0.059871,0.0,0.059871,0.0 
 07/21  08:15:00,21.5,28.654821385784256,22.74138509261156,28.654821385784256,0.0,8661.67691692743,22.74138509261156,0.0,0.0,0.059871,26.3,0.0,22.72724605446567,0.059871,0.059871,0.0,0.0,0.059871,0.0,0.0,0.0,0.059871,0.0,0.059871,0.0 
 07/21  08:16:00,21.5,28.641266239290687,22.754301697516713,28.641266239290687,0.0,8611.818082497648,22.754301697516713,0.0,0.0,0.059871,26.3,0.0,22.74138509261156,0.059871,0.059871,0.0,0.0,0.059871,0.0,0.0,0.0,0.059871,0.0,0.059871,0.0 
 07/21  08:17:00,21.5,28.627836036047416,22.76609090871775,28.627836036047416,0.0,8562.417885947207,22.76609090871775,0.0,0.0,0.059871,26.3,0.0,22.754301697516713,0.059871,0.059871,0.0,0.0,0.059871,0.0,0.0,0.0,0.059871,0.0,0.059871,0.0 
 07/21  08:18:00,21.5,28.614540366246278,22.77684073620067,28.614540366246278,0.0,8513.511935291786,22.77684073620067,0.0,0.0,0.059871,26.3,0.0,22.76609090871775,0.059871,0.059871,0.0,0.0,0.059871,0.0,0.0,0.0,0.059871,0.0,0.059871,0.0 
 07/21  08:19:00,21.5,28.60136893646629,22.786632539688366,28.60136893646629,0.0,8465.062586079412,22.786632539688366,0.0,0.0,0.059871,26.3,0.0,22.77684073620067,0.059871,0.059871,0.0,0.0,0.059871,0.0,0.0,0.0,0.059871,0.0,0.059871,0.0 
 07/21  08:20:00,33.2,28.589204230820968,23.143434641841154,28.589204230820968,0.0,8420.31599865044,23.143434641841154,0.0,0.0,0.059871,26.3,0.0,22.786632539688366,0.059871,0.059871,0.0,0.0,0.059871,0.0,0.0,0.0,0.059871,0.0,0.059871,0.0 
 07/21  08:21:00,33.2,28.37609794484358,23.69767649395878,28.37609794484358,0.0,12091.898177487055,23.69767649395878,0.0,0.0,0.059871,25.1,0.0,23.143434641841154,0.059871,0.059871,0.0,0.0,0.059871,0.0,0.0,0.0,0.059871,0.0,0.059871,0.0 
 07/21  08:22:00,33.3,27.842921162602142,24.290600737652866,27.842921162602142,0.0,16473.846703177573,24.290600737652866,0.0,0.0,0.059871,23.4,0.0,23.69767649395878,0.059871,0.059871,0.0,0.0,0.059871,0.0,0.0,0.0,0.059871,0.0,0.059871,0.0 
 07/21  08:23:00,33.5,26.996872163262942,24.851532287615655,26.996872163262942,0.0,21203.629477994757,24.851532287615655,0.0,0.0,0.059871,21.3,0.0,24.290600737652866,0.059871,0.059871,0.0,0.0,0.059871,0.0,0.0,0.0,0.059871,0.0,0.059871,0.0 
 07/21  08:24:00,33.6,26.177413677608484,25.36280249247133,26.177413677608484,0.0,21183.572529566936,25.36280249247133,0.0,0.0,0.059871,20.5,0.0,24.851532287615655,0.059871,0.059871,0.0,0.0,0.059871,0.0,0.0,0.0,0.059871,0.0,0.059871,0.0 
 07/21  08:25:00,33.7,25.567664226868082,25.82770372932401,25.567664226868082,0.0,21176.89638883932,25.82770372932401,0.0,0.0,0.059871,19.9,0.0,25.36280249247133,0.059871,0.059871,0.0,0.0,0.059871,0.0,0.0,0.0,0.059871,0.0,0.059871,0.0 
 07/21  08:26:00,33.8,25.15435413557357,26.25321280923216,25.15435413557357,0.0,21517.396504565226,26.25321280923216,0.0,0.0,0.059871,19.4,0.0,25.82770372932401,0.059871,0.059871,0.0,0.0,0.059871,0.0,0.0,0.0,0.059871,0.0,0.059871,0.0 
 07/21  08:27:00,33.7,24.876316646458783,26.638835486415537,24.876316646458783,0.0,21610.750215329695,26.638835486415537,0.0,0.0,0.059871,19.1,0.0,26.25321280923216,0.059871,0.059871,0.0,0.0,0.059871,0.0,0.0,0.0,0.059871,0.0,0.059871,0.0 
 07/21  08:28:00,33.7,24.67938405489854,26.987758290782015,24.67938405489854,0.0,21629.22139354348,26.987758290782015,0.0,0.0,0.059871,18.9,0.0,26.638835486415537,0.059871,0.059871,0.0,0.0,0.059871,0.0,0.0,0.0,0.059871,0.0,0.059871,0.0 
 07/21  08:29:00,33.7,24.520757772530906,27.30372173829567,24.520757772530906,0.0,21788.125523264443,27.30372173829567,0.0,0.0,0.059871,18.7,0.0,26.987758290782015,0.059871,0.059871,0.0,0.0,0.059871,0.0,0.0,0.0,0.059871,0.0,0.059871,0.0 
 07/21  08:30:00,33.7,24.360023974975867,27.58999097410101,24.360023974975867,0.0,22314.793757455875,27.58999097410101,0.0,0.0,0.059871,18.4,0.0,27.30372173829567,0.059871,0.059871,0.0,0.0,0.059871,0.0,0.0,0.0,0.059871,0.0,0.059871,0.0 
 07/21  08:31:00,33.8,24.20151576169569,27.852285312017752,24.20151576169569,0.0,22472.68756462918,27.852285312017752,0.0,0.0,0.059871,18.2,0.0,27.58999097410101,0.059871,0.059871,0.0,0.0,0.059871,0.0,0.0,0.0,0.059871,0.0,0.059871,0.0 
 07/21  08:32:00,33.8,24.051935122932306,28.091774671469068,24.051935122932306,0.0,22663.563857477533,28.091774671469068,0.0,0.0,0.059871,18.0,0.0,27.852285312017752,0.059871,0.059871,0.0,0.0,0.059871,0.0,0.0,0.0,0.059871,0.0,0.059871,0.0 
 07/21  08:33:00,33.7,23.9431634358697,28.30638160344115,23.9431634358697,0.0,22249.84543296058,28.30638160344115,0.0,0.0,0.059871,18.0,0.0,28.091774671469068,0.059871,0.059871,0.0,0.0,0.059871,0.0,0.0,0.0,0.059871,0.0,0.059871,0.0 
 07/21  08:34:00,33.7,23.8753005607856,28.49887349199384,23.8753005607856,0.0,21990.485503991837,28.49887349199384,0.0,0.0,0.059871,18.0,0.0,28.30638160344115,0.059871,0.059871,0.0,0.0,0.059871,0.0,0.0,0.0,0.059871,0.0,0.059871,0.0 
 07/21  08:35:00,33.7,23.830938684521747,28.672428808960653,23.830938684521747,0.0,21821.181300176388,28.672428808960653,0.0,0.0,0.059871,18.0,0.0,28.49887349199384,0.059871,0.059871,0.0,0.0,0.059871,0.0,0.0,0.0,0.059871,0.0,0.059871,0.0 
 07/21  08:36:00,33.8,23.715307219550642,28.832431069277778,23.715307219550642,0.0,23257.34078870033,28.832431069277778,0.0,0.0,0.059871,17.5,0.0,28.672428808960653,0.059871,0.059871,0.0,0.0,0.059871,0.0,0.0,0.0,0.059871,0.0,0.059871,0.0 
 07/21  08:37:00,33.8,23.591287936092815,28.9793541871068,23.591287936092815,0.0,22787.502791677944,28.9793541871068,0.0,0.0,0.059871,17.5,0.0,28.832431069277778,0.059871,0.059871,0.0,0.0,0.059871,0.0,0.0,0.0,0.059871,0.0,0.059871,0.0 
 07/21  08:38:00,33.8,23.486153772086176,29.113254009742107,23.486153772086176,0.0,22762.15998750286,29.113254009742107,0.0,0.0,0.059871,17.4,0.0,28.9793541871068,0.059871,0.059871,0.0,0.0,0.059871,0.0,0.0,0.0,0.059871,0.0,0.059871,0.0 
 07/21  08:39:00,33.8,23.429649593069286,29.234771381280495,23.429649593069286,0.0,22171.800606066237,29.234771381280495,0.0,0.0,0.059871,17.5,0.0,29.113254009742107,0.059871,0.059871,0.0,0.0,0.059871,0.0,0.0,0.0,0.059871,0.0,0.059871,0.0 
 07/21  08:40:00,33.9,23.383833537728986,29.347891724015884,23.383833537728986,0.0,22371.68360571769,29.347891724015884,0.0,0.0,0.059871,17.4,0.0,29.234771381280495,0.059871,0.059871,0.0,0.0,0.059871,0.0,0.0,0.0,0.059871,0.0,0.059871,0.0 
 07/21  08:41:00,33.9,23.324435860024543,29.452439270746964,23.324435860024543,0.0,22521.270187450224,29.452439270746964,0.0,0.0,0.059871,17.3,0.0,29.347891724015884,0.059871,0.059871,0.0,0.0,0.059871,0.0,0.0,0.0,0.059871,0.0,0.059871,0.0 
 07/21  08:42:00,33.8,23.266080407349126,29.54511792203406,23.266080407349126,0.0,22300.286279349206,29.54511792203406,0.0,0.0,0.059871,17.3,0.0,29.452439270746964,0.059871,0.059871,0.0,0.0,0.059871,0.0,0.0,0.0,0.059871,0.0,0.059871,0.0 
 07/21  08:43:00,33.8,23.202294357767386,29.62758081175855,23.202294357767386,0.0,22432.857994179252,29.62758081175855,0.0,0.0,0.059871,17.2,0.0,29.54511792203406,0.059871,0.059871,0.0,0.0,0.059871,0.0,0.0,0.0,0.059871,0.0,0.059871,0.0 
 07/21  08:44:00,33.6,23.13021444380498,29.696038327813696,23.13021444380498,0.0,22534.152246330745,29.696038327813696,0.0,0.0,0.059871,17.1,0.0,29.62758081175855,0.059871,0.059871,0.0,0.0,0.059871,0.0,0.0,0.0,0.059871,0.0,0.059871,0.0 
 07/21  08:45:00,33.7,23.052166626835238,29.75754302383806,23.052166626835238,0.0,22612.73463403628,29.75754302383806,0.0,0.0,0.059871,17.0,0.0,29.696038327813696,0.059871,0.059871,0.0,0.0,0.059871,0.0,0.0,0.0,0.059871,0.0,0.059871,0.0 
 07/21  08:46:00,33.7,22.987433555021898,29.81443820795156,22.987433555021898,0.0,22367.192020729308,29.81443820795156,0.0,0.0,0.059871,17.0,0.0,29.75754302383806,0.059871,0.059871,0.0,0.0,0.059871,0.0,0.0,0.0,0.059871,0.0,0.059871,0.0 
 07/21  08:47:00,33.8,22.940014026626418,29.870125846435744,22.940014026626418,0.0,22187.031435481564,29.870125846435744,0.0,0.0,0.059871,17.0,0.0,29.81443820795156,0.059871,0.059871,0.0,0.0,0.059871,0.0,0.0,0.0,0.059871,0.0,0.059871,0.0 
 07/21  08:48:00,33.8,22.887771129576745,29.923364335856988,22.887771129576745,0.0,22363.192852638917,29.923364335856988,0.0,0.0,0.059871,16.9,0.0,29.870125846435744,0.059871,0.059871,0.0,0.0,0.059871,0.0,0.0,0.0,0.059871,0.0,0.059871,0.0 
 07/21  08:49:00,33.8,22.8535944436335,29.97295695037637,22.8535944436335,0.0,21859.683972894025,29.97295695037637,0.0,0.0,0.059871,17.0,0.0,29.923364335856988,0.059871,0.059871,0.0,0.0,0.059871,0.0,0.0,0.0,0.059871,0.0,0.059871,0.0 
 07/21  08:50:00,33.7,22.81314525590898,30.015632170263633,22.81314525590898,0.0,22080.49891931437,30.015632170263633,0.0,0.0,0.059871,16.9,0.0,29.97295695037637,0.059871,0.059871,0.0,0.0,0.059871,0.0,0.0,0.0,0.059871,0.0,0.059871,0.0 
 07/21  08:51:00,33.9,22.754712316170146,30.058874087612374,22.754712316170146,0.0,22233.846633159694,30.058874087612374,0.0,0.0,0.059871,16.8,0.0,30.015632170263633,0.059871,0.059871,0.0,0.0,0.059871,0.0,0.0,0.0,0.059871,0.0,0.059871,0.0 
 07/21  08:52:00,33.8,22.666367077839062,30.0988599150514,22.666367077839062,0.0,22648.002343832104,30.0988599150514,0.0,0.0,0.059871,16.6,0.0,30.058874087612374,0.059871,0.059871,0.0,0.0,0.059871,0.0,0.0,0.0,0.059871,0.0,0.059871,0.0 
 07/21  08:53:00,33.7,22.601618927598796,30.13217388812776,22.601618927598796,0.0,22028.917703053914,30.13217388812776,0.0,0.0,0.059871,16.7,0.0,30.0988599150514,0.059871,0.059871,0.0,0.0,0.059871,0.0,0.0,0.0,0.059871,0.0,0.059871,0.0 
 07/21  08:54:00,33.7,22.578225039217415,30.160736200125125,22.578225039217415,0.0,21565.455352435605,30.160736200125125,0.0,0.0,0.059871,16.8,0.0,30.13217388812776,0.059871,0.059871,0.0,0.0,0.059871,0.0,0.0,0.0,0.059871,0.0,0.059871,0.0 
 07/21  08:55:00,33.8,22.552141671700088,30.18951514600506,22.552141671700088,0.0,21840.278498955562,30.18951514600506,0.0,0.0,0.059871,16.7,0.0,30.160736200125125,0.059871,0.059871,0.0,0.0,0.059871,0.0,0.0,0.0,0.059871,0.0,0.059871,0.0 
 07/21  08:56:00,33.7,22.518259293226407,30.215246912708636,22.518259293226407,0.0,21712.668873618346,30.215246912708636,0.0,0.0,0.059871,16.7,0.0,30.18951514600506,0.059871,0.059871,0.0,0.0,0.059871,0.0,0.0,0.0,0.059871,0.0,0.059871,0.0 
 07/21  08:57:00,33.8,22.498408851567138,30.241197577284495,22.498408851567138,0.0,21263.93573745327,30.241197577284495,0.0,0.0,0.059871,16.8,0.0,30.215246912708636,0.059871,0.059871,0.0,0.0,0.059871,0.0,0.0,0.0,0.059871,0.0,0.059871,0.0 
 07/21  08:58:00,33.8,22.466995991057953,30.26691497600674,22.466995991057953,0.0,21519.00023014562,30.26691497600674,0.0,0.0,0.059871,16.7,0.0,30.241197577284495,0.059871,0.059871,0.0,0.0,0.059871,0.0,0.0,0.0,0.059871,0.0,0.059871,0.0 
 07/21  08:59:00,33.8,22.619610925786787,30.29158533178779,22.619610925786787,0.0,17609.653844195316,30.29158533178779,0.0,0.0,0.059871,17.9,0.0,30.26691497600674,0.059871,0.059871,0.0,0.0,0.059871,0.0,0.0,0.0,0.059871,0.0,0.059871,0.0 
 07/21  09:00:00,33.8,22.71884230980249,30.314848401402628,22.71884230980249,0.0,19851.683429275723,30.314848401402628,0.0,0.0,0.059871,17.4,0.0,30.29158533178779,0.059871,0.059871,0.0,0.0,0.059871,0.0,0.0,0.0,0.059871,0.0,0.059871,0.0,88387200.0 
 07/21  09:01:00,33.7,22.665879170635918,30.333741255097273,22.665879170635918,0.0,21151.26338130747,30.333741255097273,0.0,0.0,0.059871,17.0,0.0,30.314848401402628,0.059871,0.059871,0.0,0.0,0.059871,0.0,0.0,0.0,0.059871,0.0,0.059871,0.0 
 07/21  09:02:00,33.8,22.52864195622529,30.352685417476728,22.52864195622529,0.0,21383.226676579143,30.352685417476728,0.0,0.0,0.059871,16.8,0.0,30.333741255097273,0.059871,0.059871,0.0,0.0,0.059871,0.0,0.0,0.0,0.059871,0.0,0.059871,0.0 
 07/21  09:03:00,33.7,22.409700708554595,30.368956108824467,22.409700708554595,0.0,20933.360456316004,30.368956108824467,0.0,0.0,0.059871,16.8,0.0,30.352685417476728,0.059871,0.059871,0.0,0.0,0.059871,0.0,0.0,0.0,0.059871,0.0,0.059871,0.0 
 07/21  09:04:00,33.7,22.324143897821923,30.38324188849334,22.324143897821923,0.0,20982.17125985415,30.38324188849334,0.0,0.0,0.059871,16.7,0.0,30.368956108824467,0.059871,0.059871,0.0,0.0,0.059871,0.0,0.0,0.0,0.059871,0.0,0.059871,0.0 
 07/21  09:05:00,33.8,22.270471037742258,30.39950671323358,22.270471037742258,0.0,20778.329672009902,30.39950671323358,0.0,0.0,0.059871,16.7,0.0,30.38324188849334,0.059871,0.059871,0.0,0.0,0.059871,0.0,0.0,0.0,0.059871,0.0,0.059871,0.0 
 07/21  09:06:00,33.8,22.235544691937402,30.416937866950498,22.235544691937402,0.0,20645.814453213432,30.416937866950498,0.0,0.0,0.059871,16.7,0.0,30.39950671323358,0.059871,0.059871,0.0,0.0,0.059871,0.0,0.0,0.0,0.059871,0.0,0.059871,0.0 
 07/21  09:07:00,33.8,22.207555217447016,30.434303612716064,22.207555217447016,0.0,20539.97797403765,30.434303612716064,0.0,0.0,0.059871,16.7,0.0,30.416937866950498,0.059871,0.059871,0.0,0.0,0.059871,0.0,0.0,0.0,0.059871,0.0,0.059871,0.0 
 07/21  09:08:00,33.8,22.196687416895806,30.45099540680733,22.196687416895806,0.0,20125.37314639038,30.45099540680733,0.0,0.0,0.059871,16.8,0.0,30.434303612716064,0.059871,0.059871,0.0,0.0,0.059871,0.0,0.0,0.0,0.059871,0.0,0.059871,0.0 
 07/21  09:09:00,33.8,22.17186641300579,30.466897179763674,22.17186641300579,0.0,20405.285965593663,30.466897179763674,0.0,0.0,0.059871,16.7,0.0,30.45099540680733,0.059871,0.059871,0.0,0.0,0.059871,0.0,0.0,0.0,0.059871,0.0,0.059871,0.0 
 07/21  09:10:00,33.9,22.13841766206363,30.485054946431852,22.13841766206363,0.0,20279.541459224172,30.485054946431852,0.0,0.0,0.059871,16.7,0.0,30.466897179763674,0.059871,0.059871,0.0,0.0,0.059871,0.0,0.0,0.0,0.059871,0.0,0.059871,0.0 
 07/21  09:11:00,33.9,22.105591151020406,30.504232865333172,22.105591151020406,0.0,20155.782919752422,30.504232865333172,0.0,0.0,0.059871,16.7,0.0,30.485054946431852,0.059871,0.059871,0.0,0.0,0.059871,0.0,0.0,0.0,0.059871,0.0,0.059871,0.0 
 07/21  09:12:00,33.9,22.060923521754574,30.523099492288814,22.060923521754574,0.0,20360.763925772986,30.523099492288814,0.0,0.0,0.059871,16.6,0.0,30.504232865333172,0.059871,0.059871,0.0,0.0,0.059871,0.0,0.0,0.0,0.059871,0.0,0.059871,0.0 
 07/21  09:13:00,33.9,22.033198622477695,30.541078551084716,22.033198622477695,0.0,19882.77642168539,30.541078551084716,0.0,0.0,0.059871,16.7,0.0,30.523099492288814,0.059871,0.059871,0.0,0.0,0.059871,0.0,0.0,0.0,0.059871,0.0,0.059871,0.0 
 07/21  09:14:00,34.1,22.015758340808485,30.564026966703345,22.015758340808485,0.0,19816.663076329005,30.564026966703345,0.0,0.0,0.059871,16.7,0.0,30.541078551084716,0.059871,0.059871,0.0,0.0,0.059871,0.0,0.0,0.0,0.059871,0.0,0.059871,0.0 
 07/21  09:15:00,34.0,21.998603667979115,30.58642010416644,21.998603667979115,0.0,19752.026920106866,30.58642010416644,0.0,0.0,0.059871,16.7,0.0,30.564026966703345,0.059871,0.059871,0.0,0.0,0.059871,0.0,0.0,0.0,0.059871,0.0,0.059871,0.0 
 07/21  09:16:00,33.8,21.978176467543136,30.600976083393775,21.978176467543136,0.0,19675.208215461458,30.600976083393775,0.0,0.0,0.059871,16.7,0.0,30.58642010416644,0.059871,0.059871,0.0,0.0,0.059871,0.0,0.0,0.0,0.059871,0.0,0.059871,0.0 
 07/21  09:17:00,33.8,21.955289501874617,30.610614834990617,21.955289501874617,0.0,19589.099356653685,30.610614834990617,0.0,0.0,0.059871,16.7,0.0,30.600976083393775,0.059871,0.059871,0.0,0.0,0.059871,0.0,0.0,0.0,0.059871,0.0,0.059871,0.0 
 07/21  09:18:00,33.7,21.931716143529705,30.615659634794817,21.931716143529705,0.0,19500.34484277614,30.615659634794817,0.0,0.0,0.059871,16.7,0.0,30.610614834990617,0.059871,0.059871,0.0,0.0,0.059871,0.0,0.0,0.0,0.059871,0.0,0.059871,0.0 
 07/21  09:19:00,33.7,21.924311369889626,30.61902479286817,21.924311369889626,0.0,19099.120146716763,30.61902479286817,0.0,0.0,0.059871,16.8,0.0,30.615659634794817,0.059871,0.059871,0.0,0.0,0.059871,0.0,0.0,0.0,0.059871,0.0,0.059871,0.0 
 07/21  09:20:00,33.6,22.062488804598313,30.619537696923356,22.062488804598313,0.0,16259.448587201226,30.619537696923356,0.0,0.0,0.059871,17.7,0.0,30.61902479286817,0.059871,0.059871,0.0,0.0,0.059871,0.0,0.0,0.0,0.059871,0.0,0.059871,0.0 
 07/21  09:21:00,33.7,22.372680732426097,30.62207191714611,22.372680732426097,0.0,13692.21791837928,30.62207191714611,0.0,0.0,0.059871,18.7,0.0,30.619537696923356,0.059871,0.059871,0.0,0.0,0.059871,0.0,0.0,0.0,0.059871,0.0,0.059871,0.0 
 07/21  09:22:00,33.8,22.382357472385795,30.629656219875244,22.382357472385795,0.0,19705.577645286226,30.629656219875244,0.0,0.0,0.059871,17.1,0.0,30.62207191714611,0.059871,0.059871,0.0,0.0,0.059871,0.0,0.0,0.0,0.059871,0.0,0.059871,0.0 
 07/21  09:23:00,33.7,22.224357430661644,30.63706113884936,22.224357430661644,0.0,19116.541196940107,30.63706113884936,0.0,0.0,0.059871,17.1,0.0,30.629656219875244,0.059871,0.059871,0.0,0.0,0.059871,0.0,0.0,0.0,0.059871,0.0,0.059871,0.0 
 07/21  09:24:00,33.8,22.05834797026355,30.64654303798479,22.05834797026355,0.0,18864.27172769508,30.64654303798479,0.0,0.0,0.059871,17.0,0.0,30.63706113884936,0.059871,0.059871,0.0,0.0,0.059871,0.0,0.0,0.0,0.059871,0.0,0.059871,0.0 
 07/21  09:25:00,33.8,21.958090306356244,30.657282217283523,21.958090306356244,0.0,18484.23474213352,30.657282217283523,0.0,0.0,0.059871,17.0,0.0,30.64654303798479,0.059871,0.059871,0.0,0.0,0.059871,0.0,0.0,0.0,0.059871,0.0,0.059871,0.0 
 07/21  09:26:00,34.0,21.9144331590781,30.67425428124078,21.9144331590781,0.0,18317.827365232875,30.67425428124078,0.0,0.0,0.059871,17.0,0.0,30.657282217283523,0.059871,0.059871,0.0,0.0,0.059871,0.0,0.0,0.0,0.059871,0.0,0.059871,0.0 
 07/21  09:27:00,34.0,21.879482842374983,30.69433338000151,21.879482842374983,0.0,18558.686920766577,30.69433338000151,0.0,0.0,0.059871,16.9,0.0,30.67425428124078,0.059871,0.059871,0.0,0.0,0.059871,0.0,0.0,0.0,0.059871,0.0,0.059871,0.0 
 07/21  09:28:00,34.1,21.845900273093193,30.717548202019533,21.845900273093193,0.0,18432.25138569196,30.717548202019533,0.0,0.0,0.059871,16.9,0.0,30.69433338000151,0.059871,0.059871,0.0,0.0,0.059871,0.0,0.0,0.0,0.059871,0.0,0.059871,0.0 
 07/21  09:29:00,34.1,21.81612794152703,30.741336097126315,21.81612794152703,0.0,18320.083887599198,30.741336097126315,0.0,0.0,0.059871,16.9,0.0,30.717548202019533,0.059871,0.059871,0.0,0.0,0.059871,0.0,0.0,0.0,0.059871,0.0,0.059871,0.0 
 07/21  09:30:00,34.1,21.77521546747792,30.764101172889333,21.77521546747792,0.0,18539.189054132978,30.764101172889333,0.0,0.0,0.059871,16.8,0.0,30.741336097126315,0.059871,0.059871,0.0,0.0,0.059871,0.0,0.0,0.0,0.059871,0.0,0.059871,0.0 
 07/21  09:31:00,34.1,21.73558269136761,30.785391042816595,21.73558269136761,0.0,18390.02742829674,30.785391042816595,0.0,0.0,0.059871,16.8,0.0,30.764101172889333,0.059871,0.059871,0.0,0.0,0.059871,0.0,0.0,0.0,0.059871,0.0,0.059871,0.0 
 07/21  09:32:00,34.1,21.704454293605835,30.805287859556323,21.704454293605835,0.0,18272.62356651078,30.805287859556323,0.0,0.0,0.059871,16.8,0.0,30.785391042816595,0.059871,0.059871,0.0,0.0,0.059871,0.0,0.0,0.0,0.059871,0.0,0.059871,0.0 
 07/21  09:33:00,34.1,21.680809069394304,30.82398674401604,21.680809069394304,0.0,18183.421030343783,30.82398674401604,0.0,0.0,0.059871,16.8,0.0,30.805287859556323,0.059871,0.059871,0.0,0.0,0.059871,0.0,0.0,0.0,0.059871,0.0,0.059871,0.0 
 07/21  09:34:00,34.1,21.64503291601625,30.84166643915754,21.64503291601625,0.0,18421.835917244614,30.84166643915754,0.0,0.0,0.059871,16.7,0.0,30.82398674401604,0.059871,0.059871,0.0,0.0,0.059871,0.0,0.0,0.0,0.059871,0.0,0.059871,0.0 
 07/21  09:35:00,33.9,21.624073241311724,30.852526783252575,21.624073241311724,0.0,17969.96882043138,30.852526783252575,0.0,0.0,0.059871,16.8,0.0,30.84166643915754,0.059871,0.059871,0.0,0.0,0.059871,0.0,0.0,0.0,0.059871,0.0,0.059871,0.0 
 07/21  09:36:00,34.0,21.6121631729013,30.862315953295088,21.6121631729013,0.0,17924.871726806963,30.862315953295088,0.0,0.0,0.059871,16.8,0.0,30.852526783252575,0.059871,0.059871,0.0,0.0,0.059871,0.0,0.0,0.0,0.059871,0.0,0.059871,0.0 
 07/21  09:37:00,34.0,21.60035733692619,30.872588758918862,21.60035733692619,0.0,17880.481870426116,30.872588758918862,0.0,0.0,0.059871,16.8,0.0,30.862315953295088,0.059871,0.059871,0.0,0.0,0.059871,0.0,0.0,0.0,0.059871,0.0,0.059871,0.0 
 07/21  09:38:00,34.0,21.58547329162342,30.883263307791502,21.58547329162342,0.0,17824.63244444343,30.883263307791502,0.0,0.0,0.059871,16.8,0.0,30.872588758918862,0.059871,0.059871,0.0,0.0,0.059871,0.0,0.0,0.0,0.059871,0.0,0.059871,0.0 
 07/21  09:39:00,34.1,21.56826266280749,30.89696138493081,21.56826266280749,0.0,17760.013971694127,30.89696138493081,0.0,0.0,0.059871,16.8,0.0,30.883263307791502,0.059871,0.059871,0.0,0.0,0.059871,0.0,0.0,0.0,0.059871,0.0,0.059871,0.0 
 07/21  09:40:00,34.2,21.534423115184136,30.91510115517554,21.534423115184136,0.0,18005.835826562146,30.91510115517554,0.0,0.0,0.059871,16.7,0.0,30.89696138493081,0.059871,0.059871,0.0,0.0,0.059871,0.0,0.0,0.0,0.059871,0.0,0.059871,0.0 
 07/21  09:41:00,34.2,21.498595018224588,30.93488956928753,21.498595018224588,0.0,17871.22200801392,30.93488956928753,0.0,0.0,0.059871,16.7,0.0,30.91510115517554,0.059871,0.059871,0.0,0.0,0.059871,0.0,0.0,0.0,0.059871,0.0,0.059871,0.0 
 07/21  09:42:00,34.2,21.469947794117314,30.954299619244853,21.469947794117314,0.0,17763.30134316651,30.954299619244853,0.0,0.0,0.059871,16.7,0.0,30.93488956928753,0.059871,0.059871,0.0,0.0,0.059871,0.0,0.0,0.0,0.059871,0.0,0.059871,0.0 
 07/21  09:43:00,34.2,21.44847624520212,30.972608872495396,21.44847624520212,0.0,17682.363249207803,30.972608872495396,0.0,0.0,0.059871,16.7,0.0,30.954299619244853,0.059871,0.059871,0.0,0.0,0.059871,0.0,0.0,0.0,0.059871,0.0,0.059871,0.0 
 07/21  09:44:00,34.2,21.414838031337364,30.989792440198784,21.414838031337364,0.0,17928.738923451412,30.989792440198784,0.0,0.0,0.059871,16.6,0.0,30.972608872495396,0.059871,0.059871,0.0,0.0,0.059871,0.0,0.0,0.0,0.059871,0.0,0.059871,0.0 
 07/21  09:45:00,34.0,21.380035285201036,31.00009141457415,21.380035285201036,0.0,17797.993394353765,31.00009141457415,0.0,0.0,0.059871,16.6,0.0,30.989792440198784,0.059871,0.059871,0.0,0.0,0.059871,0.0,0.0,0.0,0.059871,0.0,0.059871,0.0 
 07/21  09:46:00,34.0,21.352009666256897,31.00634053380309,21.352009666256897,0.0,17692.459595950528,31.00634053380309,0.0,0.0,0.059871,16.6,0.0,31.00009141457415,0.059871,0.059871,0.0,0.0,0.059871,0.0,0.0,0.0,0.059871,0.0,0.059871,0.0 
 07/21  09:47:00,34.0,21.330806256571524,31.011472138358258,21.330806256571524,0.0,17612.569263171456,31.011472138358258,0.0,0.0,0.059871,16.6,0.0,31.00634053380309,0.059871,0.059871,0.0,0.0,0.059871,0.0,0.0,0.0,0.059871,0.0,0.059871,0.0 
 07/21  09:48:00,34.0,21.31330692153933,31.016826493536776,21.31330692153933,0.0,17546.70740701569,31.016826493536776,0.0,0.0,0.059871,16.6,0.0,31.011472138358258,0.059871,0.059871,0.0,0.0,0.059871,0.0,0.0,0.0,0.059871,0.0,0.059871,0.0 
 07/21  09:49:00,34.0,21.296943466158346,31.022692141821384,21.296943466158346,0.0,17485.204036556894,31.022692141821384,0.0,0.0,0.059871,16.6,0.0,31.016826493536776,0.059871,0.059871,0.0,0.0,0.059871,0.0,0.0,0.0,0.059871,0.0,0.059871,0.0 
 07/21  09:50:00,34.0,21.28070541394537,31.028979066235014,21.28070541394537,0.0,17424.209929906847,31.028979066235014,0.0,0.0,0.059871,16.6,0.0,31.022692141821384,0.059871,0.059871,0.0,0.0,0.059871,0.0,0.0,0.0,0.059871,0.0,0.059871,0.0 
 07/21  09:51:00,34.0,21.26446473652666,31.035557345944934,21.26446473652666,0.0,17363.214511943574,31.035557345944934,0.0,0.0,0.059871,16.6,0.0,31.028979066235014,0.059871,0.059871,0.0,0.0,0.059871,0.0,0.0,0.0,0.059871,0.0,0.059871,0.0 
 07/21  09:52:00,34.0,21.248397737431386,31.0423445199646,21.248397737431386,0.0,17302.86976522811,31.0423445199646,0.0,0.0,0.059871,16.6,0.0,31.035557345944934,0.059871,0.059871,0.0,0.0,0.059871,0.0,0.0,0.0,0.059871,0.0,0.059871,0.0 
 07/21  09:53:00,34.0,21.23258025443262,31.049299732981783,21.23258025443262,0.0,17243.463644285857,31.049299732981783,0.0,0.0,0.059871,16.6,0.0,31.0423445199646,0.059871,0.059871,0.0,0.0,0.059871,0.0,0.0,0.0,0.059871,0.0,0.059871,0.0 
 07/21  09:54:00,34.0,21.217035922727465,31.056400352230447,21.217035922727465,0.0,17185.086516116484,31.056400352230447,0.0,0.0,0.059871,16.6,0.0,31.049299732981783,0.059871,0.059871,0.0,0.0,0.059871,0.0,0.0,0.0,0.059871,0.0,0.059871,0.0 
 07/21  09:55:00,34.0,21.201710102838746,31.063630075434986,21.201710102838746,0.0,17127.53549440689,31.063630075434986,0.0,0.0,0.059871,16.6,0.0,31.056400352230447,0.059871,0.059871,0.0,0.0,0.059871,0.0,0.0,0.0,0.059871,0.0,0.059871,0.0 
 07/21  09:56:00,34.0,21.1865920769447,31.070973158202843,21.1865920769447,0.0,17070.768797532888,31.070973158202843,0.0,0.0,0.059871,16.6,0.0,31.063630075434986,0.059871,0.059871,0.0,0.0,0.059871,0.0,0.0,0.0,0.059871,0.0,0.059871,0.0 
 07/21  09:57:00,34.0,21.171647620231166,31.078415080616097,21.171647620231166,0.0,17014.658486334283,31.078415080616097,0.0,0.0,0.059871,16.6,0.0,31.070973158202843,0.059871,0.059871,0.0,0.0,0.059871,0.0,0.0,0.0,0.059871,0.0,0.059871,0.0 
 07/21  09:58:00,34.0,21.15689041367476,31.085941823607506,21.15689041367476,0.0,16959.25429033845,31.085941823607506,0.0,0.0,0.059871,16.6,0.0,31.078415080616097,0.059871,0.059871,0.0,0.0,0.059871,0.0,0.0,0.0,0.059871,0.0,0.059871,0.0 
 07/21  09:59:00,34.0,21.142299978398587,31.093541241289273,21.142299978398587,0.0,16904.480260797955,31.093541241289273,0.0,0.0,0.059871,16.6,0.0,31.085941823607506,0.059871,0.059871,0.0,0.0,0.059871,0.0,0.0,0.0,0.059871,0.0,0.059871,0.0 
 07/21  10:00:00,34.0,21.127892096105864,31.101201993054797,21.127892096105864,0.0,16850.39436024717,31.101201993054797,0.0,0.0,0.059871,16.6,0.0,31.093541241289273,0.059871,0.059871,0.0,0.0,0.059871,0.0,0.0,0.0,0.059871,0.0,0.059871,0.0,88387200.0 
 07/21  10:01:00,34.0,21.113645935168254,31.10891447216362,21.113645935168254,0.0,16796.91942725222,31.10891447216362,0.0,0.0,0.059871,16.6,0.0,31.101201993054797,0.059871,0.059871,0.0,0.0,0.059871,0.0,0.0,0.0,0.059871,0.0,0.059871,0.0 
 07/21  10:02:00,34.0,21.099575762122402,31.11666964728648,21.099575762122402,0.0,16744.10779475484,31.11666964728648,0.0,0.0,0.059871,16.6,0.0,31.10891447216362,0.059871,0.059871,0.0,0.0,0.059871,0.0,0.0,0.0,0.059871,0.0,0.059871,0.0 
 07/21  10:03:00,34.0,21.08566130784654,31.12445992150327,21.08566130784654,0.0,16691.88434184522,31.12445992150327,0.0,0.0,0.059871,16.6,0.0,31.11666964728648,0.059871,0.059871,0.0,0.0,0.059871,0.0,0.0,0.0,0.059871,0.0,0.059871,0.0 
 07/21  10:04:00,34.0,21.071916767106778,31.13227803163937,21.071916767106778,0.0,16640.30117403254,31.13227803163937,0.0,0.0,0.059871,16.6,0.0,31.12445992150327,0.059871,0.059871,0.0,0.0,0.059871,0.0,0.0,0.0,0.059871,0.0,0.059871,0.0 
 07/21  10:05:00,34.0,21.058322894690182,31.14011795093679,21.058322894690182,0.0,16589.286988077532,31.14011795093679,0.0,0.0,0.059871,16.6,0.0,31.13227803163937,0.059871,0.059871,0.0,0.0,0.059871,0.0,0.0,0.0,0.059871,0.0,0.059871,0.0 
 07/21  10:06:00,34.0,21.044893690464754,31.14797383720844,21.044893690464754,0.0,16538.893142971152,31.14797383720844,0.0,0.0,0.059871,16.6,0.0,31.14011795093679,0.059871,0.059871,0.0,0.0,0.059871,0.0,0.0,0.0,0.059871,0.0,0.059871,0.0 
 07/21  10:07:00,34.0,21.031610602983775,31.15584089235958,21.031610602983775,0.0,16489.051013029923,31.15584089235958,0.0,0.0,0.059871,16.6,0.0,31.14797383720844,0.059871,0.059871,0.0,0.0,0.059871,0.0,0.0,0.0,0.059871,0.0,0.059871,0.0 
 07/21  10:08:00,34.0,21.018487256435314,31.163714407702034,21.018487256435314,0.0,16439.810566978493,31.163714407702034,0.0,0.0,0.059871,16.6,0.0,31.15584089235958,0.059871,0.059871,0.0,0.0,0.059871,0.0,0.0,0.0,0.059871,0.0,0.059871,0.0 
 07/21  10:09:00,34.0,21.005505693454822,31.17159059694581,21.005505693454822,0.0,16391.105306367575,31.17159059694581,0.0,0.0,0.059871,16.6,0.0,31.163714407702034,0.059871,0.059871,0.0,0.0,0.059871,0.0,0.0,0.0,0.059871,0.0,0.059871,0.0 
 07/21  10:10:00,34.0,20.992679163125853,31.17946563353778,20.992679163125853,0.0,16342.983900478439,31.17946563353778,0.0,0.0,0.059871,16.6,0.0,31.17159059694581,0.059871,0.059871,0.0,0.0,0.059871,0.0,0.0,0.0,0.059871,0.0,0.059871,0.0 
 07/21  10:11:00,34.0,20.979990272387802,31.187336533815145,20.979990272387802,0.0,16295.381926489126,31.187336533815145,0.0,0.0,0.059871,16.6,0.0,31.17946563353778,0.059871,0.059871,0.0,0.0,0.059871,0.0,0.0,0.0,0.059871,0.0,0.059871,0.0 
 07/21  10:12:00,34.0,20.967451898876952,31.195200209920603,20.967451898876952,0.0,16248.346707512377,31.195200209920603,0.0,0.0,0.059871,16.6,0.0,31.187336533815145,0.059871,0.059871,0.0,0.0,0.059871,0.0,0.0,0.0,0.059871,0.0,0.059871,0.0 
 07/21  10:13:00,34.0,20.955047182654614,31.203054296129025,20.955047182654614,0.0,16201.815780295174,31.203054296129025,0.0,0.0,0.059871,16.6,0.0,31.195200209920603,0.059871,0.059871,0.0,0.0,0.059871,0.0,0.0,0.0,0.059871,0.0,0.059871,0.0 
 07/21  10:14:00,34.0,20.94278863266327,31.21089629044231,20.94278863266327,0.0,16155.835131441141,31.21089629044231,0.0,0.0,0.059871,16.6,0.0,31.203054296129025,0.059871,0.059871,0.0,0.0,0.059871,0.0,0.0,0.0,0.059871,0.0,0.059871,0.0 
 07/21  10:15:00,34.0,20.930659895703037,31.218724356958493,20.930659895703037,0.0,16110.344187877881,31.218724356958493,0.0,0.0,0.059871,16.6,0.0,31.21089629044231,0.059871,0.059871,0.0,0.0,0.059871,0.0,0.0,0.0,0.059871,0.0,0.059871,0.0 
 07/21  10:16:00,34.0,20.918673120292713,31.22653643869041,20.918673120292713,0.0,16065.387572230884,31.22653643869041,0.0,0.0,0.059871,16.6,0.0,31.218724356958493,0.059871,0.059871,0.0,0.0,0.059871,0.0,0.0,0.0,0.059871,0.0,0.059871,0.0 
 07/21  10:17:00,34.0,20.906812440728018,31.234331115476348,20.906812440728018,0.0,16020.906558505707,31.234331115476348,0.0,0.0,0.059871,16.6,0.0,31.22653643869041,0.059871,0.059871,0.0,0.0,0.059871,0.0,0.0,0.0,0.059871,0.0,0.059871,0.0 
 07/21  10:18:00,34.0,20.895089653153146,31.242106721583006,20.895089653153146,0.0,15976.944464050634,31.242106721583006,0.0,0.0,0.059871,16.6,0.0,31.234331115476348,0.059871,0.059871,0.0,0.0,0.059871,0.0,0.0,0.0,0.059871,0.0,0.059871,0.0 
 07/21  10:19:00,34.0,20.883489361473693,31.249862146453815,20.883489361473693,0.0,15933.444313946893,31.249862146453815,0.0,0.0,0.059871,16.6,0.0,31.242106721583006,0.059871,0.059871,0.0,0.0,0.059871,0.0,0.0,0.0,0.059871,0.0,0.059871,0.0 
 07/21  10:20:00,34.0,20.87202301978456,31.257596031074115,20.87202301978456,0.0,15890.448158551375,31.257596031074115,0.0,0.0,0.059871,16.6,0.0,31.249862146453815,0.059871,0.059871,0.0,0.0,0.059871,0.0,0.0,0.0,0.059871,0.0,0.059871,0.0 
 07/21  10:21:00,34.0,20.86067568614144,31.265307547371258,20.86067568614144,0.0,15847.90071616394,31.265307547371258,0.0,0.0,0.059871,16.6,0.0,31.257596031074115,0.059871,0.059871,0.0,0.0,0.059871,0.0,0.0,0.0,0.059871,0.0,0.059871,0.0 
 07/21  10:22:00,34.0,20.849458483231917,31.272995559836694,20.849458483231917,0.0,15805.84280961633,31.272995559836694,0.0,0.0,0.059871,16.6,0.0,31.265307547371258,0.059871,0.059871,0.0,0.0,0.059871,0.0,0.0,0.0,0.059871,0.0,0.059871,0.0 
 07/21  10:23:00,34.0,20.838356908527647,31.28065945765865,20.838356908527647,0.0,15764.220795291485,31.28065945765865,0.0,0.0,0.059871,16.6,0.0,31.272995559836694,0.059871,0.059871,0.0,0.0,0.059871,0.0,0.0,0.0,0.059871,0.0,0.059871,0.0 
 07/21  10:24:00,34.0,20.827381762584643,31.288298316958574,20.827381762584643,0.0,15723.074330818918,31.288298316958574,0.0,0.0,0.059871,16.6,0.0,31.28065945765865,0.059871,0.059871,0.0,0.0,0.059871,0.0,0.0,0.0,0.059871,0.0,0.059871,0.0 
 07/21  10:25:00,34.0,20.81651896805083,31.295911680067384,20.81651896805083,0.0,15682.351329274901,31.295911680067384,0.0,0.0,0.059871,16.6,0.0,31.288298316958574,0.059871,0.059871,0.0,0.0,0.059871,0.0,0.0,0.0,0.059871,0.0,0.059871,0.0 
 07/21  10:26:00,34.0,20.805779014264143,31.30349878595958,20.805779014264143,0.0,15642.090323215416,31.30349878595958,0.0,0.0,0.059871,16.6,0.0,31.295911680067384,0.059871,0.059871,0.0,0.0,0.059871,0.0,0.0,0.0,0.059871,0.0,0.059871,0.0 
 07/21  10:27:00,34.0,20.795148237280724,31.311059330698825,20.795148237280724,0.0,15602.240711041477,31.311059330698825,0.0,0.0,0.059871,16.6,0.0,31.30349878595958,0.059871,0.059871,0.0,0.0,0.059871,0.0,0.0,0.0,0.059871,0.0,0.059871,0.0 
 07/21  10:28:00,34.0,20.784636825888747,31.318592664482168,20.784636825888747,0.0,15562.839967309501,31.318592664482168,0.0,0.0,0.059871,16.6,0.0,31.311059330698825,0.059871,0.059871,0.0,0.0,0.059871,0.0,0.0,0.0,0.059871,0.0,0.059871,0.0 
 07/21  10:29:00,34.0,20.774231513728715,31.326098597858564,20.774231513728715,0.0,15523.838972309746,31.326098597858564,0.0,0.0,0.059871,16.6,0.0,31.318592664482168,0.059871,0.059871,0.0,0.0,0.059871,0.0,0.0,0.0,0.059871,0.0,0.059871,0.0 
 07/21  10:30:00,34.0,20.763942199342974,31.33357659856884,20.763942199342974,0.0,15485.274097380034,31.33357659856884,0.0,0.0,0.059871,16.6,0.0,31.326098597858564,0.059871,0.059871,0.0,0.0,0.059871,0.0,0.0,0.0,0.059871,0.0,0.059871,0.0 
 07/21  10:31:00,34.0,20.75375600222789,31.341026551289023,20.75375600222789,0.0,15447.097688407717,31.341026551289023,0.0,0.0,0.059871,16.6,0.0,31.33357659856884,0.059871,0.059871,0.0,0.0,0.059871,0.0,0.0,0.0,0.059871,0.0,0.059871,0.0 
 07/21  10:32:00,34.0,20.743682539660345,31.34844801189796,20.743682539660345,0.0,15409.345074418994,31.34844801189796,0.0,0.0,0.059871,16.6,0.0,31.341026551289023,0.059871,0.059871,0.0,0.0,0.059871,0.0,0.0,0.0,0.059871,0.0,0.059871,0.0 
 07/21  10:33:00,34.0,20.733709305778465,31.355840950753194,20.733709305778465,0.0,15371.969970027012,31.355840950753194,0.0,0.0,0.059871,16.6,0.0,31.34844801189796,0.059871,0.059871,0.0,0.0,0.059871,0.0,0.0,0.0,0.059871,0.0,0.059871,0.0 
 07/21  10:34:00,34.0,20.723845646569085,31.36320497860653,20.723845646569085,0.0,15335.00672630178,31.36320497860653,0.0,0.0,0.059871,16.6,0.0,31.355840950753194,0.059871,0.059871,0.0,0.0,0.059871,0.0,0.0,0.0,0.059871,0.0,0.059871,0.0 
 07/21  10:35:00,34.0,20.714079416499672,31.370540126587375,20.714079416499672,0.0,15298.41042746989,31.370540126587375,0.0,0.0,0.059871,16.6,0.0,31.36320497860653,0.059871,0.059871,0.0,0.0,0.059871,0.0,0.0,0.0,0.059871,0.0,0.059871,0.0 
 07/21  10:36:00,34.0,20.7044196999394,31.3778460728198,20.7044196999394,0.0,15262.214400947847,31.3778460728198,0.0,0.0,0.059871,16.6,0.0,31.370540126587375,0.059871,0.059871,0.0,0.0,0.059871,0.0,0.0,0.0,0.059871,0.0,0.059871,0.0 
 07/21  10:37:00,34.0,20.694854703371025,31.38512288327303,20.694854703371025,0.0,15226.375042511303,31.38512288327303,0.0,0.0,0.059871,16.6,0.0,31.3778460728198,0.059871,0.059871,0.0,0.0,0.059871,0.0,0.0,0.0,0.059871,0.0,0.059871,0.0 
 07/21  10:38:00,34.0,20.685393256824298,31.392370285024015,20.685393256824298,0.0,15190.924791120942,31.392370285024015,0.0,0.0,0.059871,16.6,0.0,31.38512288327303,0.059871,0.059871,0.0,0.0,0.059871,0.0,0.0,0.0,0.059871,0.0,0.059871,0.0 
 07/21  10:39:00,34.0,20.67602390508633,31.399588392884223,20.67602390508633,0.0,15155.821275743847,31.399588392884223,0.0,0.0,0.059871,16.6,0.0,31.392370285024015,0.059871,0.059871,0.0,0.0,0.059871,0.0,0.0,0.0,0.059871,0.0,0.059871,0.0 
 07/21  10:40:00,34.0,20.666755232070116,31.406776961185905,20.666755232070116,0.0,15121.096049924905,31.406776961185905,0.0,0.0,0.059871,16.6,0.0,31.399588392884223,0.059871,0.059871,0.0,0.0,0.059871,0.0,0.0,0.0,0.059871,0.0,0.059871,0.0 
 07/21  10:41:00,34.0,20.657576111937114,31.41393613704395,20.657576111937114,0.0,15086.707916186388,31.41393613704395,0.0,0.0,0.059871,16.6,0.0,31.406776961185905,0.059871,0.059871,0.0,0.0,0.059871,0.0,0.0,0.0,0.059871,0.0,0.059871,0.0 
 07/21  10:42:00,34.0,20.648494892870026,31.421065714611935,20.648494892870026,0.0,15052.687581142742,31.421065714611935,0.0,0.0,0.059871,16.6,0.0,31.41393613704395,0.059871,0.059871,0.0,0.0,0.059871,0.0,0.0,0.0,0.059871,0.0,0.059871,0.0 
 07/21  10:43:00,34.0,20.639500765597255,31.428165856975063,20.639500765597255,0.0,15018.995053098464,31.428165856975063,0.0,0.0,0.059871,16.6,0.0,31.421065714611935,0.059871,0.059871,0.0,0.0,0.059871,0.0,0.0,0.0,0.059871,0.0,0.059871,0.0 
 07/21  10:44:00,34.0,20.630601849293733,31.435236386360245,20.630601849293733,0.0,14985.660163274682,31.435236386360245,0.0,0.0,0.059871,16.6,0.0,31.428165856975063,0.059871,0.059871,0.0,0.0,0.059871,0.0,0.0,0.0,0.059871,0.0,0.059871,0.0 
 07/21  10:45:00,34.0,20.621787643367746,31.44227749396587,20.621787643367746,0.0,14952.644043442542,31.44227749396587,0.0,0.0,0.059871,16.6,0.0,31.435236386360245,0.059871,0.059871,0.0,0.0,0.059871,0.0,0.0,0.0,0.059871,0.0,0.059871,0.0 
 07/21  10:46:00,34.0,20.61309598162259,31.449287863623432,20.61309598162259,0.0,14920.087080803432,31.449287863623432,0.0,0.0,0.059871,16.6,0.0,31.44227749396587,0.059871,0.059871,0.0,0.0,0.059871,0.0,0.0,0.0,0.059871,0.0,0.059871,0.0 
 07/21  10:47:00,34.0,20.60447067874026,31.456268876114894,20.60447067874026,0.0,14887.78134097829,31.456268876114894,0.0,0.0,0.059871,16.6,0.0,31.449287863623432,0.059871,0.059871,0.0,0.0,0.059871,0.0,0.0,0.0,0.059871,0.0,0.059871,0.0 
 07/21  10:48:00,34.0,20.595939597725167,31.463219838830383,20.595939597725167,0.0,14855.82886060081,31.463219838830383,0.0,0.0,0.059871,16.6,0.0,31.456268876114894,0.059871,0.059871,0.0,0.0,0.059871,0.0,0.0,0.0,0.059871,0.0,0.059871,0.0 
 07/21  10:49:00,34.0,20.587496895681532,31.470140781423524,20.587496895681532,0.0,14824.208613523038,31.470140781423524,0.0,0.0,0.059871,16.6,0.0,31.463219838830383,0.059871,0.059871,0.0,0.0,0.059871,0.0,0.0,0.0,0.059871,0.0,0.059871,0.0 
 07/21  10:50:00,34.0,20.579143111718817,31.477031855784254,20.579143111718817,0.0,14792.922464113608,31.477031855784254,0.0,0.0,0.059871,16.6,0.0,31.470140781423524,0.059871,0.059871,0.0,0.0,0.059871,0.0,0.0,0.0,0.059871,0.0,0.059871,0.0 
 07/21  10:51:00,34.0,20.570867138323944,31.48389349329755,20.570867138323944,0.0,14761.929032822354,31.48389349329755,0.0,0.0,0.059871,16.6,0.0,31.477031855784254,0.059871,0.059871,0.0,0.0,0.059871,0.0,0.0,0.0,0.059871,0.0,0.059871,0.0 
 07/21  10:52:00,34.0,20.56267434116524,31.49072571545811,20.56267434116524,0.0,14731.247976300769,31.49072571545811,0.0,0.0,0.059871,16.6,0.0,31.48389349329755,0.059871,0.059871,0.0,0.0,0.059871,0.0,0.0,0.0,0.059871,0.0,0.059871,0.0 
 07/21  10:53:00,34.0,20.5545550573957,31.497528833562946,20.5545550573957,0.0,14700.843471141456,31.497528833562946,0.0,0.0,0.059871,16.6,0.0,31.49072571545811,0.059871,0.059871,0.0,0.0,0.059871,0.0,0.0,0.0,0.059871,0.0,0.059871,0.0 
 07/21  10:54:00,34.0,20.54651605269081,31.504302794302333,20.54651605269081,0.0,14670.740407106663,31.504302794302333,0.0,0.0,0.059871,16.6,0.0,31.497528833562946,0.059871,0.059871,0.0,0.0,0.059871,0.0,0.0,0.0,0.059871,0.0,0.059871,0.0 
 07/21  10:55:00,34.0,20.53854901499882,31.511047864909116,20.53854901499882,0.0,14640.907984476358,31.511047864909116,0.0,0.0,0.059871,16.6,0.0,31.504302794302333,0.059871,0.059871,0.0,0.0,0.059871,0.0,0.0,0.0,0.059871,0.0,0.059871,0.0 
 07/21  10:56:00,34.0,20.530661042358965,31.51776397580595,20.530661042358965,0.0,14611.372381614015,31.51776397580595,0.0,0.0,0.059871,16.6,0.0,31.511047864909116,0.059871,0.059871,0.0,0.0,0.059871,0.0,0.0,0.0,0.059871,0.0,0.059871,0.0 
 07/21  10:57:00,34.0,20.522843972221285,31.524451388813002,20.522843972221285,0.0,14582.103406927536,31.524451388813002,0.0,0.0,0.059871,16.6,0.0,31.51776397580595,0.059871,0.059871,0.0,0.0,0.059871,0.0,0.0,0.0,0.059871,0.0,0.059871,0.0 
 07/21  10:58:00,34.0,20.515104501463338,31.531110031775025,20.515104501463338,0.0,14553.1256976451,31.531110031775025,0.0,0.0,0.059871,16.6,0.0,31.524451388813002,0.059871,0.059871,0.0,0.0,0.059871,0.0,0.0,0.0,0.059871,0.0,0.059871,0.0 
 07/21  10:59:00,34.0,20.507434459129396,31.53774016335861,20.507434459129396,0.0,14524.409057469678,31.53774016335861,0.0,0.0,0.059871,16.6,0.0,31.531110031775025,0.059871,0.059871,0.0,0.0,0.059871,0.0,0.0,0.0,0.059871,0.0,0.059871,0.0 
 07/21  11:00:00,34.0,20.49984024017563,31.5443417146016,20.49984024017563,0.0,14495.976977459854,31.5443417146016,0.0,0.0,0.059871,16.6,0.0,31.53774016335861,0.059871,0.059871,0.0,0.0,0.059871,0.0,0.0,0.0,0.059871,0.0,0.059871,0.0,88387200.0 
 07/21  11:01:00,34.0,20.492313810665056,31.550914944535943,20.492313810665056,0.0,14467.799771701766,31.550914944535943,0.0,0.0,0.059871,16.6,0.0,31.5443417146016,0.059871,0.059871,0.0,0.0,0.059871,0.0,0.0,0.0,0.059871,0.0,0.059871,0.0 
 07/21  11:02:00,34.0,20.48486135873827,31.55745978773914,20.48486135873827,0.0,14439.900189393084,31.55745978773914,0.0,0.0,0.059871,16.6,0.0,31.550914944535943,0.059871,0.059871,0.0,0.0,0.059871,0.0,0.0,0.0,0.059871,0.0,0.059871,0.0 
 07/21  11:03:00,34.0,20.47747503160573,31.5639765040493,20.47747503160573,0.0,14412.24916857088,31.5639765040493,0.0,0.0,0.059871,16.6,0.0,31.55745978773914,0.059871,0.059871,0.0,0.0,0.059871,0.0,0.0,0.0,0.059871,0.0,0.059871,0.0 
 07/21  11:04:00,34.0,20.47016083606829,31.57046503445478,20.47016083606829,0.0,14384.86883625232,31.57046503445478,0.0,0.0,0.059871,16.6,0.0,31.5639765040493,0.059871,0.059871,0.0,0.0,0.059871,0.0,0.0,0.0,0.059871,0.0,0.059871,0.0 
 07/21  11:05:00,34.0,20.46291110739136,31.57692563787507,20.46291110739136,0.0,14357.730830486438,31.57692563787507,0.0,0.0,0.059871,16.6,0.0,31.57046503445478,0.059871,0.059871,0.0,0.0,0.059871,0.0,0.0,0.0,0.059871,0.0,0.059871,0.0 
 07/21  11:06:00,34.0,20.455731688673982,31.58335825780759,20.455731688673982,0.0,14330.85662109001,31.58335825780759,0.0,0.0,0.059871,16.6,0.0,31.57692563787507,0.059871,0.059871,0.0,0.0,0.059871,0.0,0.0,0.0,0.059871,0.0,0.059871,0.0 
 07/21  11:07:00,34.0,20.44861510977234,31.589763157840622,20.44861510977234,0.0,14304.218595565231,31.589763157840622,0.0,0.0,0.059871,16.6,0.0,31.58335825780759,0.059871,0.059871,0.0,0.0,0.059871,0.0,0.0,0.0,0.059871,0.0,0.059871,0.0 
 07/21  11:08:00,34.0,20.44156706003964,31.596140284802328,20.44156706003964,0.0,14277.837678620413,31.596140284802328,0.0,0.0,0.059871,16.6,0.0,31.589763157840622,0.059871,0.059871,0.0,0.0,0.059871,0.0,0.0,0.0,0.059871,0.0,0.059871,0.0 
 07/21  11:09:00,34.0,20.434580263001937,31.602489900282023,20.434580263001937,0.0,14251.686928827734,31.602489900282023,0.0,0.0,0.059871,16.6,0.0,31.596140284802328,0.059871,0.059871,0.0,0.0,0.059871,0.0,0.0,0.0,0.059871,0.0,0.059871,0.0 
 07/21  11:10:00,34.0,20.427660262358646,31.608811960390426,20.427660262358646,0.0,14225.786780503222,31.608811960390426,0.0,0.0,0.059871,16.6,0.0,31.602489900282023,0.059871,0.059871,0.0,0.0,0.059871,0.0,0.0,0.0,0.059871,0.0,0.059871,0.0 
 07/21  11:11:00,34.0,20.42079996950796,31.615106724504734,20.42079996950796,0.0,14200.110991431724,31.615106724504734,0.0,0.0,0.059871,16.6,0.0,31.608811960390426,0.059871,0.059871,0.0,0.0,0.059871,0.0,0.0,0.0,0.059871,0.0,0.059871,0.0 
 07/21  11:12:00,34.0,20.41400479022683,31.621374148054784,20.41400479022683,0.0,14174.679435050642,31.621374148054784,0.0,0.0,0.059871,16.6,0.0,31.615106724504734,0.059871,0.059871,0.0,0.0,0.059871,0.0,0.0,0.0,0.059871,0.0,0.059871,0.0 
 07/21  11:13:00,34.0,20.40726782009644,31.627614497503995,20.40726782009644,0.0,14149.466604009622,31.627614497503995,0.0,0.0,0.059871,16.6,0.0,31.621374148054784,0.059871,0.059871,0.0,0.0,0.059871,0.0,0.0,0.0,0.059871,0.0,0.059871,0.0 
 07/21  11:14:00,34.0,20.40059432997298,31.633827730245027,20.40059432997298,0.0,14124.491871442919,31.633827730245027,0.0,0.0,0.059871,16.6,0.0,31.627614497503995,0.059871,0.059871,0.0,0.0,0.059871,0.0,0.0,0.0,0.059871,0.0,0.059871,0.0 
 07/21  11:15:00,34.0,20.393977595742193,31.640014107465202,20.393977595742193,0.0,14099.730351828448,31.640014107465202,0.0,0.0,0.059871,16.6,0.0,31.633827730245027,0.059871,0.059871,0.0,0.0,0.059871,0.0,0.0,0.0,0.059871,0.0,0.059871,0.0 
 07/21  11:16:00,34.0,20.38742275881618,31.646173598098706,20.38742275881618,0.0,14075.200987449361,31.646173598098706,0.0,0.0,0.059871,16.6,0.0,31.640014107465202,0.059871,0.059871,0.0,0.0,0.059871,0.0,0.0,0.0,0.059871,0.0,0.059871,0.0 
 07/21  11:17:00,34.0,20.380923267809397,31.65230645970149,20.380923267809397,0.0,14050.879535505504,31.65230645970149,0.0,0.0,0.059871,16.6,0.0,31.646173598098706,0.059871,0.059871,0.0,0.0,0.059871,0.0,0.0,0.0,0.059871,0.0,0.059871,0.0 
 07/21  11:18:00,34.0,20.37448414032634,31.65841265739905,20.37448414032634,0.0,14026.784430440302,31.65841265739905,0.0,0.0,0.059871,16.6,0.0,31.65230645970149,0.059871,0.059871,0.0,0.0,0.059871,0.0,0.0,0.0,0.059871,0.0,0.059871,0.0 
 07/21  11:19:00,34.0,20.368098992182393,31.664492458109965,20.368098992182393,0.0,14002.89212462218,31.664492458109965,0.0,0.0,0.059871,16.6,0.0,31.65841265739905,0.059871,0.059871,0.0,0.0,0.059871,0.0,0.0,0.0,0.059871,0.0,0.059871,0.0 
 07/21  11:20:00,34.0,20.36177271992535,31.670545827642083,20.36177271992535,0.0,13979.220555115744,31.670545827642083,0.0,0.0,0.059871,16.6,0.0,31.664492458109965,0.059871,0.059871,0.0,0.0,0.059871,0.0,0.0,0.0,0.059871,0.0,0.059871,0.0 
 07/21  11:21:00,34.0,20.355499103248825,31.6765730246304,20.355499103248825,0.0,13955.74678384843,31.6765730246304,0.0,0.0,0.059871,16.6,0.0,31.670545827642083,0.059871,0.059871,0.0,0.0,0.059871,0.0,0.0,0.0,0.059871,0.0,0.059871,0.0 
 07/21  11:22:00,34.0,20.349282921339714,31.68257402863115,20.349282921339714,0.0,13932.488337222952,31.68257402863115,0.0,0.0,0.059871,16.6,0.0,31.6765730246304,0.059871,0.059871,0.0,0.0,0.059871,0.0,0.0,0.0,0.059871,0.0,0.059871,0.0 
 07/21  11:23:00,34.0,20.34311811217696,31.68854909342988,20.34311811217696,0.0,13909.422841686537,31.68854909342988,0.0,0.0,0.059871,16.6,0.0,31.68257402863115,0.059871,0.059871,0.0,0.0,0.059871,0.0,0.0,0.0,0.059871,0.0,0.059871,0.0 
 07/21  11:24:00,34.0,20.33700934008403,31.6944981919226,20.33700934008403,0.0,13886.567446052477,31.6944981919226,0.0,0.0,0.059871,16.6,0.0,31.68854909342988,0.059871,0.059871,0.0,0.0,0.059871,0.0,0.0,0.0,0.059871,0.0,0.059871,0.0 
 07/21  11:25:00,34.0,20.330950697262846,31.700421589536624,20.330950697262846,0.0,13863.90027827485,31.700421589536624,0.0,0.0,0.059871,16.6,0.0,31.6944981919226,0.059871,0.059871,0.0,0.0,0.059871,0.0,0.0,0.0,0.059871,0.0,0.059871,0.0 
 07/21  11:26:00,34.0,20.324946738455896,31.706319258746596,20.324946738455896,0.0,13841.438128951695,31.706319258746596,0.0,0.0,0.059871,16.6,0.0,31.700421589536624,0.059871,0.059871,0.0,0.0,0.059871,0.0,0.0,0.0,0.059871,0.0,0.059871,0.0 
 07/21  11:27:00,34.0,20.318991702398996,31.71219145398944,20.318991702398996,0.0,13819.159695093158,31.71219145398944,0.0,0.0,0.059871,16.6,0.0,31.706319258746596,0.059871,0.059871,0.0,0.0,0.059871,0.0,0.0,0.0,0.059871,0.0,0.059871,0.0 
 07/21  11:28:00,34.0,20.31309003762213,31.71803816367244,20.31309003762213,0.0,13797.08132551255,31.71803816367244,0.0,0.0,0.059871,16.6,0.0,31.71219145398944,0.059871,0.059871,0.0,0.0,0.059871,0.0,0.0,0.0,0.059871,0.0,0.059871,0.0 
 07/21  11:29:00,34.0,20.307236128618914,31.723859636361954,20.307236128618914,0.0,13775.182235750726,31.723859636361954,0.0,0.0,0.059871,16.6,0.0,31.71803816367244,0.059871,0.059871,0.0,0.0,0.059871,0.0,0.0,0.0,0.059871,0.0,0.059871,0.0 
 07/21  11:30:00,34.0,20.301434320013172,31.729655851212993,20.301434320013172,0.0,13753.478460819311,31.729655851212993,0.0,0.0,0.059871,16.6,0.0,31.723859636361954,0.059871,0.059871,0.0,0.0,0.059871,0.0,0.0,0.0,0.059871,0.0,0.059871,0.0 
 07/21  11:31:00,34.0,20.295679134083027,31.73542707069773,20.295679134083027,0.0,13731.949705021725,31.73542707069773,0.0,0.0,0.059871,16.6,0.0,31.729655851212993,0.059871,0.059871,0.0,0.0,0.059871,0.0,0.0,0.0,0.059871,0.0,0.059871,0.0 
 07/21  11:32:00,34.0,20.28997481493859,31.74117327259738,20.28997481493859,0.0,13710.611630431695,31.74117327259738,0.0,0.0,0.059871,16.6,0.0,31.73542707069773,0.059871,0.059871,0.0,0.0,0.059871,0.0,0.0,0.0,0.059871,0.0,0.059871,0.0 
 07/21  11:33:00,34.0,20.284316020405026,31.74689470594984,20.284316020405026,0.0,13689.444422073044,31.74689470594984,0.0,0.0,0.059871,16.6,0.0,31.74117327259738,0.059871,0.059871,0.0,0.0,0.059871,0.0,0.0,0.0,0.059871,0.0,0.059871,0.0 
 07/21  11:34:00,34.0,20.278706899015663,31.75259136660452,20.278706899015663,0.0,13668.463387551128,31.75259136660452,0.0,0.0,0.059871,16.6,0.0,31.74689470594984,0.059871,0.059871,0.0,0.0,0.059871,0.0,0.0,0.0,0.059871,0.0,0.059871,0.0 
 07/21  11:35:00,34.0,20.27314223678299,31.75826349686746,20.27314223678299,0.0,13647.649259560749,31.75826349686746,0.0,0.0,0.059871,16.6,0.0,31.75259136660452,0.059871,0.059871,0.0,0.0,0.059871,0.0,0.0,0.0,0.059871,0.0,0.059871,0.0 
 07/21  11:36:00,34.0,20.26762608822283,31.76391108096642,20.26762608822283,0.0,13627.016926235683,31.76391108096642,0.0,0.0,0.059871,16.6,0.0,31.75826349686746,0.059871,0.059871,0.0,0.0,0.059871,0.0,0.0,0.0,0.059871,0.0,0.059871,0.0 
 07/21  11:37:00,34.0,20.262153366993203,31.76953437733111,20.262153366993203,0.0,13606.547595099828,31.76953437733111,0.0,0.0,0.059871,16.6,0.0,31.76391108096642,0.059871,0.059871,0.0,0.0,0.059871,0.0,0.0,0.0,0.059871,0.0,0.059871,0.0 
 07/21  11:38:00,34.0,20.25672803686541,31.775133367981798,20.25672803686541,0.0,13586.25584139469,31.775133367981798,0.0,0.0,0.059871,16.6,0.0,31.76953437733111,0.059871,0.059871,0.0,0.0,0.059871,0.0,0.0,0.0,0.059871,0.0,0.059871,0.0 
 07/21  11:39:00,34.0,20.251345133424348,31.780708295694897,20.251345133424348,0.0,13566.12332605831,31.780708295694897,0.0,0.0,0.059871,16.6,0.0,31.775133367981798,0.059871,0.059871,0.0,0.0,0.059871,0.0,0.0,0.0,0.059871,0.0,0.059871,0.0 
 07/21  11:40:00,34.0,20.2460085306196,31.786259162620816,20.2460085306196,0.0,13546.164314563803,31.786259162620816,0.0,0.0,0.059871,16.6,0.0,31.780708295694897,0.059871,0.059871,0.0,0.0,0.059871,0.0,0.0,0.0,0.059871,0.0,0.059871,0.0 
 07/21  11:41:00,34.0,20.24071338316428,31.79178620406945,20.24071338316428,0.0,13526.360864192426,31.79178620406945,0.0,0.0,0.059871,16.6,0.0,31.786259162620816,0.059871,0.059871,0.0,0.0,0.059871,0.0,0.0,0.0,0.059871,0.0,0.059871,0.0 
 07/21  11:42:00,34.0,20.23546347984466,31.79728940839217,20.23546347984466,0.0,13506.726947908655,31.79728940839217,0.0,0.0,0.059871,16.6,0.0,31.79178620406945,0.059871,0.059871,0.0,0.0,0.059871,0.0,0.0,0.0,0.059871,0.0,0.059871,0.0 
 07/21  11:43:00,34.0,20.23025409029421,31.802769029170673,20.23025409029421,0.0,13487.245050474221,31.802769029170673,0.0,0.0,0.059871,16.6,0.0,31.79728940839217,0.059871,0.059871,0.0,0.0,0.059871,0.0,0.0,0.0,0.059871,0.0,0.059871,0.0 
 07/21  11:44:00,34.0,20.225088921024398,31.808225051809362,20.225088921024398,0.0,13467.928816509844,31.808225051809362,0.0,0.0,0.059871,16.6,0.0,31.802769029170673,0.059871,0.059871,0.0,0.0,0.059871,0.0,0.0,0.0,0.059871,0.0,0.059871,0.0 
 07/21  11:45:00,34.0,20.21996335201083,31.813657712213512,20.21996335201083,0.0,13448.761187529813,31.813657712213512,0.0,0.0,0.059871,16.6,0.0,31.808225051809362,0.059871,0.059871,0.0,0.0,0.059871,0.0,0.0,0.0,0.059871,0.0,0.059871,0.0 
 07/21  11:46:00,34.0,20.214881007503138,31.81906701789096,20.214881007503138,0.0,13429.755502952117,31.81906701789096,0.0,0.0,0.059871,16.6,0.0,31.813657712213512,0.059871,0.059871,0.0,0.0,0.059871,0.0,0.0,0.0,0.059871,0.0,0.059871,0.0 
 07/21  11:47:00,34.0,20.209837376205357,31.82445319664955,20.209837376205357,0.0,13410.895062387775,31.82445319664955,0.0,0.0,0.059871,16.6,0.0,31.81906701789096,0.059871,0.059871,0.0,0.0,0.059871,0.0,0.0,0.0,0.059871,0.0,0.059871,0.0 
 07/21  11:48:00,34.0,20.204836005880107,31.82981624019186,20.204836005880107,0.0,13392.192921737396,31.82981624019186,0.0,0.0,0.059871,16.6,0.0,31.82445319664955,0.059871,0.059871,0.0,0.0,0.059871,0.0,0.0,0.0,0.059871,0.0,0.059871,0.0 
 07/21  11:49:00,34.0,20.199872489204683,31.83515639666287,20.199872489204683,0.0,13373.632813327804,31.83515639666287,0.0,0.0,0.059871,16.6,0.0,31.82981624019186,0.059871,0.059871,0.0,0.0,0.059871,0.0,0.0,0.0,0.059871,0.0,0.059871,0.0 
 07/21  11:50:00,34.0,20.194950297299332,31.840473654157645,20.194950297299332,0.0,13355.227485820247,31.840473654157645,0.0,0.0,0.059871,16.6,0.0,31.83515639666287,0.059871,0.059871,0.0,0.0,0.059871,0.0,0.0,0.0,0.059871,0.0,0.059871,0.0 
 07/21  11:51:00,34.0,20.19006512408741,31.84576824129687,20.19006512408741,0.0,13336.96104794326,31.84576824129687,0.0,0.0,0.059871,16.6,0.0,31.840473654157645,0.059871,0.059871,0.0,0.0,0.059871,0.0,0.0,0.0,0.059871,0.0,0.059871,0.0 
 07/21  11:52:00,34.0,20.18522036706498,31.85104017015654,20.18522036706498,0.0,13318.845975422013,31.85104017015654,0.0,0.0,0.059871,16.6,0.0,31.84576824129687,0.059871,0.059871,0.0,0.0,0.059871,0.0,0.0,0.0,0.059871,0.0,0.059871,0.0 
 07/21  11:53:00,34.0,20.180411818649024,31.856289660715863,20.180411818649024,0.0,13300.866743136616,31.856289660715863,0.0,0.0,0.059871,16.6,0.0,31.85104017015654,0.059871,0.059871,0.0,0.0,0.059871,0.0,0.0,0.0,0.059871,0.0,0.059871,0.0 
 07/21  11:54:00,34.0,20.17564280382844,31.86151670739389,20.17564280382844,0.0,13283.035580775468,31.86151670739389,0.0,0.0,0.059871,16.6,0.0,31.856289660715863,0.059871,0.059871,0.0,0.0,0.059871,0.0,0.0,0.0,0.059871,0.0,0.059871,0.0 
 07/21  11:55:00,34.0,20.170909211238573,31.866721552480662,20.170909211238573,0.0,13265.337275344064,31.866721552480662,0.0,0.0,0.059871,16.6,0.0,31.86151670739389,0.059871,0.059871,0.0,0.0,0.059871,0.0,0.0,0.0,0.059871,0.0,0.059871,0.0 
 07/21  11:56:00,34.0,20.1662142959014,31.871904186193397,20.1662142959014,0.0,13247.783842572426,31.871904186193397,0.0,0.0,0.059871,16.6,0.0,31.866721552480662,0.059871,0.059871,0.0,0.0,0.059871,0.0,0.0,0.0,0.059871,0.0,0.059871,0.0 
 07/21  11:57:00,34.0,20.161554038814465,31.87706482960688,20.161554038814465,0.0,13230.360390183083,31.87706482960688,0.0,0.0,0.059871,16.6,0.0,31.871904186193397,0.059871,0.059871,0.0,0.0,0.059871,0.0,0.0,0.0,0.059871,0.0,0.059871,0.0 
 07/21  11:58:00,34.0,20.15693162863896,31.882203498696427,20.15693162863896,0.0,13213.07866510337,31.882203498696427,0.0,0.0,0.059871,16.6,0.0,31.87706482960688,0.059871,0.059871,0.0,0.0,0.059871,0.0,0.0,0.0,0.059871,0.0,0.059871,0.0 
 07/21  11:59:00,34.0,20.1523431355398,31.887320405424077,20.1523431355398,0.0,13195.924151971958,31.887320405424077,0.0,0.0,0.059871,16.6,0.0,31.882203498696427,0.059871,0.059871,0.0,0.0,0.059871,0.0,0.0,0.0,0.059871,0.0,0.059871,0.0 
 07/21  12:00:00,34.0,20.147791681188796,31.892415546397483,20.147791681188796,0.0,13178.908349152738,31.892415546397483,0.0,0.0,0.059871,16.6,0.0,31.887320405424077,0.059871,0.059871,0.0,0.0,0.059871,0.0,0.0,0.0,0.059871,0.0,0.059871,0.0,88387200.0 
 07/21  12:01:00,34.0,20.1432734236623,31.89748915776704,20.1432734236623,0.0,13162.017022987551,31.89748915776704,0.0,0.0,0.059871,16.6,0.0,31.892415546397483,0.059871,0.059871,0.0,0.0,0.059871,0.0,0.0,0.0,0.059871,0.0,0.059871,0.0 
 07/21  12:02:00,34.0,20.138791420647287,31.90254123140188,20.138791420647287,0.0,13145.261479593268,31.90254123140188,0.0,0.0,0.059871,16.6,0.0,31.89748915776704,0.059871,0.059871,0.0,0.0,0.059871,0.0,0.0,0.0,0.059871,0.0,0.059871,0.0 
 07/21  12:03:00,34.0,20.134341914719617,31.90757198068893,20.134341914719617,0.0,13128.627777036949,31.90757198068893,0.0,0.0,0.059871,16.6,0.0,31.90254123140188,0.059871,0.059871,0.0,0.0,0.059871,0.0,0.0,0.0,0.059871,0.0,0.059871,0.0 
 07/21  12:04:00,34.0,20.12992790283788,31.91258142493196,20.12992790283788,0.0,13112.126973684622,31.91258142493196,0.0,0.0,0.059871,16.6,0.0,31.90757198068893,0.059871,0.059871,0.0,0.0,0.059871,0.0,0.0,0.0,0.059871,0.0,0.059871,0.0 
 07/21  12:05:00,34.0,20.12554570804433,31.91756976799664,20.12554570804433,0.0,13095.74549415764,31.91756976799664,0.0,0.0,0.059871,16.6,0.0,31.91258142493196,0.059871,0.059871,0.0,0.0,0.059871,0.0,0.0,0.0,0.059871,0.0,0.059871,0.0 
 07/21  12:06:00,34.0,20.121198266509932,31.9225370082383,20.121198266509932,0.0,13079.494126442001,31.9225370082383,0.0,0.0,0.059871,16.6,0.0,31.91756976799664,0.059871,0.059871,0.0,0.0,0.059871,0.0,0.0,0.0,0.059871,0.0,0.059871,0.0 
 07/21  12:07:00,34.0,20.116881982242955,31.927483375490276,20.116881982242955,0.0,13063.359573820817,31.927483375490276,0.0,0.0,0.059871,16.6,0.0,31.9225370082383,0.059871,0.059871,0.0,0.0,0.059871,0.0,0.0,0.0,0.059871,0.0,0.059871,0.0 
 07/21  12:08:00,34.0,20.11259973264807,31.93240886288292,20.11259973264807,0.0,13047.352451067236,31.93240886288292,0.0,0.0,0.059871,16.6,0.0,31.927483375490276,0.059871,0.059871,0.0,0.0,0.059871,0.0,0.0,0.0,0.059871,0.0,0.059871,0.0 
 07/21  12:09:00,34.0,20.108347997860356,31.937313676067387,20.108347997860356,0.0,13031.459744407002,31.937313676067387,0.0,0.0,0.059871,16.6,0.0,31.93240886288292,0.059871,0.059871,0.0,0.0,0.059871,0.0,0.0,0.0,0.059871,0.0,0.059871,0.0 
 07/21  12:10:00,34.0,20.104129598296442,31.942197837184803,20.104129598296442,0.0,13015.691834916292,31.942197837184803,0.0,0.0,0.059871,16.6,0.0,31.937313676067387,0.059871,0.059871,0.0,0.0,0.059871,0.0,0.0,0.0,0.059871,0.0,0.059871,0.0 
 07/21  12:11:00,34.0,20.099941090652436,31.947061542009866,20.099941090652436,0.0,13000.035971280653,31.947061542009866,0.0,0.0,0.059871,16.6,0.0,31.942197837184803,0.059871,0.059871,0.0,0.0,0.059871,0.0,0.0,0.0,0.059871,0.0,0.059871,0.0 
 07/21  12:12:00,34.0,20.09578523970378,31.951904790274153,20.09578523970378,0.0,12984.502372638359,31.951904790274153,0.0,0.0,0.059871,16.6,0.0,31.947061542009866,0.059871,0.059871,0.0,0.0,0.059871,0.0,0.0,0.0,0.059871,0.0,0.059871,0.0 
 07/21  12:13:00,34.0,20.09165867281743,31.95672780540071,20.09165867281743,0.0,12969.078572499908,31.95672780540071,0.0,0.0,0.059871,16.6,0.0,31.951904790274153,0.059871,0.059871,0.0,0.0,0.059871,0.0,0.0,0.0,0.059871,0.0,0.059871,0.0 
 07/21  12:14:00,34.0,20.087564101600368,31.961530581454554,20.087564101600368,0.0,12953.774526293659,31.961530581454554,0.0,0.0,0.059871,16.6,0.0,31.95672780540071,0.059871,0.059871,0.0,0.0,0.059871,0.0,0.0,0.0,0.059871,0.0,0.059871,0.0 
 07/21  12:15:00,34.0,20.083498226242035,31.96631331637688,20.083498226242035,0.0,12938.57803834304,31.96631331637688,0.0,0.0,0.059871,16.6,0.0,31.961530581454554,0.059871,0.059871,0.0,0.0,0.059871,0.0,0.0,0.0,0.059871,0.0,0.059871,0.0 
 07/21  12:16:00,34.0,20.07946370474784,31.97107603472221,20.07946370474784,0.0,12923.498931540438,31.97107603472221,0.0,0.0,0.059871,16.6,0.0,31.96631331637688,0.059871,0.059871,0.0,0.0,0.059871,0.0,0.0,0.0,0.059871,0.0,0.059871,0.0 
 07/21  12:17:00,34.0,20.075457305447372,31.975818924247246,20.075457305447372,0.0,12908.525219352909,31.975818924247246,0.0,0.0,0.059871,16.6,0.0,31.97107603472221,0.059871,0.059871,0.0,0.0,0.059871,0.0,0.0,0.0,0.059871,0.0,0.059871,0.0 
 07/21  12:18:00,34.0,20.071481635623513,31.980541985747802,20.071481635623513,0.0,12893.66653648414,31.980541985747802,0.0,0.0,0.059871,16.6,0.0,31.975818924247246,0.059871,0.059871,0.0,0.0,0.059871,0.0,0.0,0.0,0.059871,0.0,0.059871,0.0 
 07/21  12:19:00,34.0,20.067533529960293,31.985245436213106,20.067533529960293,0.0,12878.911165119425,31.985245436213106,0.0,0.0,0.059871,16.6,0.0,31.980541985747802,0.059871,0.059871,0.0,0.0,0.059871,0.0,0.0,0.0,0.059871,0.0,0.059871,0.0 
 07/21  12:20:00,34.0,20.06361554534885,31.989929270372098,20.06361554534885,0.0,12864.26855291078,31.989929270372098,0.0,0.0,0.059871,16.6,0.0,31.985245436213106,0.059871,0.059871,0.0,0.0,0.059871,0.0,0.0,0.0,0.059871,0.0,0.059871,0.0 
 07/21  12:21:00,34.0,20.059724582690134,31.994593678543342,20.059724582690134,0.0,12849.72718441128,31.994593678543342,0.0,0.0,0.059871,16.6,0.0,31.989929270372098,0.059871,0.059871,0.0,0.0,0.059871,0.0,0.0,0.0,0.059871,0.0,0.059871,0.0 
 07/21  12:22:00,34.0,20.05586315150471,31.99923868733235,20.05586315150471,0.0,12835.296353462723,31.99923868733235,0.0,0.0,0.059871,16.6,0.0,31.994593678543342,0.059871,0.059871,0.0,0.0,0.059871,0.0,0.0,0.0,0.059871,0.0,0.059871,0.0 
 07/21  12:23:00,34.0,20.052028214110237,32.00386447661095,20.052028214110237,0.0,12820.964816721416,32.00386447661095,0.0,0.0,0.059871,16.6,0.0,31.99923868733235,0.059871,0.059871,0.0,0.0,0.059871,0.0,0.0,0.0,0.059871,0.0,0.059871,0.0 
 07/21  12:24:00,34.0,20.0482222325395,32.0084710479883,20.0482222325395,0.0,12806.741648047337,32.0084710479883,0.0,0.0,0.059871,16.6,0.0,32.00386447661095,0.059871,0.059871,0.0,0.0,0.059871,0.0,0.0,0.0,0.059871,0.0,0.059871,0.0 
 07/21  12:25:00,34.0,20.044442231037138,32.01305861206854,20.044442231037138,0.0,12792.615834337772,32.01305861206854,0.0,0.0,0.059871,16.6,0.0,32.0084710479883,0.059871,0.059871,0.0,0.0,0.059871,0.0,0.0,0.0,0.059871,0.0,0.059871,0.0 
 07/21  12:26:00,34.0,20.04069062560407,32.0176271640442,20.04069062560407,0.0,12778.59630046611,32.0176271640442,0.0,0.0,0.059871,16.6,0.0,32.01305861206854,0.059871,0.059871,0.0,0.0,0.059871,0.0,0.0,0.0,0.059871,0.0,0.059871,0.0 
 07/21  12:27:00,34.0,20.03696450038615,32.02217688677676,20.03696450038615,0.0,12764.672234248625,32.02217688677676,0.0,0.0,0.059871,16.6,0.0,32.0176271640442,0.059871,0.059871,0.0,0.0,0.059871,0.0,0.0,0.0,0.059871,0.0,0.059871,0.0 
 07/21  12:28:00,34.0,20.03326622727204,32.0267078086486,20.03326622727204,0.0,12750.852396914606,32.0267078086486,0.0,0.0,0.059871,16.6,0.0,32.02217688677676,0.059871,0.059871,0.0,0.0,0.059871,0.0,0.0,0.0,0.059871,0.0,0.059871,0.0 
 07/21  12:29:00,34.0,20.029592947856102,32.03122010186433,20.029592947856102,0.0,12737.12621156309,32.03122010186433,0.0,0.0,0.059871,16.6,0.0,32.0267078086486,0.059871,0.059871,0.0,0.0,0.059871,0.0,0.0,0.0,0.059871,0.0,0.059871,0.0 
 07/21  12:30:00,34.0,20.025946990592047,32.03571376868246,20.025946990592047,0.0,12723.50225659322,32.03571376868246,0.0,0.0,0.059871,16.6,0.0,32.03122010186433,0.059871,0.059871,0.0,0.0,0.059871,0.0,0.0,0.0,0.059871,0.0,0.059871,0.0 
 07/21  12:31:00,34.0,20.022325552965253,32.04018901345522,20.022325552965253,0.0,12709.970184479676,32.04018901345522,0.0,0.0,0.059871,16.6,0.0,32.03571376868246,0.059871,0.059871,0.0,0.0,0.059871,0.0,0.0,0.0,0.059871,0.0,0.059871,0.0 
 07/21  12:32:00,34.0,20.018730920383096,32.04464583171043,20.018730920383096,0.0,12696.538413906634,32.04464583171043,0.0,0.0,0.059871,16.6,0.0,32.04018901345522,0.059871,0.059871,0.0,0.0,0.059871,0.0,0.0,0.0,0.059871,0.0,0.059871,0.0 
 07/21  12:33:00,34.0,20.015160346565235,32.04908439907401,20.015160346565235,0.0,12683.196763193364,32.04908439907401,0.0,0.0,0.059871,16.6,0.0,32.04464583171043,0.059871,0.059871,0.0,0.0,0.059871,0.0,0.0,0.0,0.059871,0.0,0.059871,0.0 
 07/21  12:34:00,34.0,20.011616075697265,32.05350474547863,20.011616075697265,0.0,12669.953541262843,32.05350474547863,0.0,0.0,0.059871,16.6,0.0,32.04908439907401,0.059871,0.059871,0.0,0.0,0.059871,0.0,0.0,0.0,0.059871,0.0,0.059871,0.0 
 07/21  12:35:00,34.0,20.008095413107856,32.057907035699216,20.008095413107856,0.0,12656.798779751543,32.057907035699216,0.0,0.0,0.059871,16.6,0.0,32.05350474547863,0.059871,0.059871,0.0,0.0,0.059871,0.0,0.0,0.0,0.059871,0.0,0.059871,0.0 
 07/21  12:36:00,34.0,20.004600563631737,32.06229127248862,20.004600563631737,0.0,12643.740577038034,32.06229127248862,0.0,0.0,0.059871,16.6,0.0,32.057907035699216,0.059871,0.059871,0.0,0.0,0.059871,0.0,0.0,0.0,0.059871,0.0,0.059871,0.0 
 07/21  12:37:00,34.0,20.00112888476088,32.066657654073104,20.00112888476088,0.0,12630.769201607796,32.066657654073104,0.0,0.0,0.059871,16.6,0.0,32.06229127248862,0.059871,0.059871,0.0,0.0,0.059871,0.0,0.0,0.0,0.059871,0.0,0.059871,0.0 
 07/21  12:38:00,34.0,19.997682542525382,32.07100617616974,19.997682542525382,0.0,12617.89258652449,32.07100617616974,0.0,0.0,0.059871,16.6,0.0,32.066657654073104,0.059871,0.059871,0.0,0.0,0.059871,0.0,0.0,0.0,0.059871,0.0,0.059871,0.0 
 07/21  12:39:00,34.0,19.99425894544351,32.075337007360105,19.99425894544351,0.0,12605.10118984746,32.075337007360105,0.0,0.0,0.059871,16.6,0.0,32.07100617616974,0.059871,0.059871,0.0,0.0,0.059871,0.0,0.0,0.0,0.059871,0.0,0.059871,0.0 
 07/21  12:40:00,34.0,19.990860218855712,32.079650178877706,19.990860218855712,0.0,12592.402857911326,32.079650178877706,0.0,0.0,0.059871,16.6,0.0,32.075337007360105,0.059871,0.059871,0.0,0.0,0.059871,0.0,0.0,0.0,0.059871,0.0,0.059871,0.0 
 07/21  12:41:00,34.0,19.987483821123117,32.0839458482703,19.987483821123117,0.0,12579.788148410935,32.0839458482703,0.0,0.0,0.059871,16.6,0.0,32.079650178877706,0.059871,0.059871,0.0,0.0,0.059871,0.0,0.0,0.0,0.059871,0.0,0.059871,0.0 
 07/21  12:42:00,34.0,19.98413184254677,32.088224018606226,19.98413184254677,0.0,12567.264777800225,32.088224018606226,0.0,0.0,0.059871,16.6,0.0,32.0839458482703,0.059871,0.059871,0.0,0.0,0.059871,0.0,0.0,0.0,0.059871,0.0,0.059871,0.0 
 07/21  12:43:00,34.0,19.98080178761493,32.09248488208974,19.98080178761493,0.0,12554.82356052205,32.09248488208974,0.0,0.0,0.059871,16.6,0.0,32.088224018606226,0.059871,0.059871,0.0,0.0,0.059871,0.0,0.0,0.0,0.059871,0.0,0.059871,0.0 
 07/21  12:44:00,34.0,19.977495709706925,32.096728434467344,19.977495709706925,0.0,12542.472012101556,32.096728434467344,0.0,0.0,0.059871,16.6,0.0,32.09248488208974,0.059871,0.059871,0.0,0.0,0.059871,0.0,0.0,0.0,0.059871,0.0,0.059871,0.0 
 07/21  12:45:00,34.0,19.974211161595807,32.10095483745353,19.974211161595807,0.0,12530.201105126438,32.10095483745353,0.0,0.0,0.059871,16.6,0.0,32.096728434467344,0.059871,0.059871,0.0,0.0,0.059871,0.0,0.0,0.0,0.059871,0.0,0.059871,0.0 
 07/21  12:46:00,34.0,19.970950160414446,32.10516412333799,19.970950160414446,0.0,12518.018284508535,32.10516412333799,0.0,0.0,0.059871,16.6,0.0,32.10095483745353,0.059871,0.059871,0.0,0.0,0.059871,0.0,0.0,0.0,0.059871,0.0,0.059871,0.0 
 07/21  12:47:00,34.0,19.967710303352693,32.109356442641,19.967710303352693,0.0,12505.914666559678,32.109356442641,0.0,0.0,0.059871,16.6,0.0,32.10516412333799,0.059871,0.059871,0.0,0.0,0.059871,0.0,0.0,0.0,0.059871,0.0,0.059871,0.0 
 07/21  12:48:00,34.0,19.964493574263518,32.11353179858028,19.964493574263518,0.0,12493.897530384707,32.11353179858028,0.0,0.0,0.059871,16.6,0.0,32.109356442641,0.059871,0.059871,0.0,0.0,0.059871,0.0,0.0,0.0,0.059871,0.0,0.059871,0.0 
 07/21  12:49:00,34.0,19.961297614803033,32.11769037745485,19.961297614803033,0.0,12481.958199901906,32.11769037745485,0.0,0.0,0.059871,16.6,0.0,32.11353179858028,0.059871,0.059871,0.0,0.0,0.059871,0.0,0.0,0.0,0.059871,0.0,0.059871,0.0 
 07/21  12:50:00,34.0,19.958124373456158,32.121832174901634,19.958124373456158,0.0,12470.10384416336,32.121832174901634,0.0,0.0,0.059871,16.6,0.0,32.11769037745485,0.059871,0.059871,0.0,0.0,0.059871,0.0,0.0,0.0,0.059871,0.0,0.059871,0.0 
 07/21  12:51:00,34.0,19.954971535025035,32.12595734596123,19.954971535025035,0.0,12458.325905049027,32.12595734596123,0.0,0.0,0.059871,16.6,0.0,32.121832174901634,0.059871,0.059871,0.0,0.0,0.059871,0.0,0.0,0.0,0.059871,0.0,0.059871,0.0 
 07/21  12:52:00,34.0,19.951841016043414,32.13006592376718,19.951841016043414,0.0,12446.631433164184,32.13006592376718,0.0,0.0,0.059871,16.6,0.0,32.12595734596123,0.059871,0.059871,0.0,0.0,0.059871,0.0,0.0,0.0,0.059871,0.0,0.059871,0.0 
 07/21  12:53:00,34.0,19.948730544266233,32.134158052031054,19.948730544266233,0.0,12435.012030028669,32.134158052031054,0.0,0.0,0.059871,16.6,0.0,32.13006592376718,0.059871,0.059871,0.0,0.0,0.059871,0.0,0.0,0.0,0.059871,0.0,0.059871,0.0 
 07/21  12:54:00,34.0,19.94564200272273,32.13823373398536,19.94564200272273,0.0,12423.474664054329,32.13823373398536,0.0,0.0,0.059871,16.6,0.0,32.134158052031054,0.059871,0.059871,0.0,0.0,0.059871,0.0,0.0,0.0,0.059871,0.0,0.059871,0.0 
 07/21  12:55:00,34.0,19.94257315996593,32.14229315016669,19.94257315996593,0.0,12412.011046275096,32.14229315016669,0.0,0.0,0.059871,16.6,0.0,32.13823373398536,0.059871,0.059871,0.0,0.0,0.059871,0.0,0.0,0.0,0.059871,0.0,0.059871,0.0 
 07/21  12:56:00,34.0,19.939525868357094,32.14633629599514,19.939525868357094,0.0,12400.628031324568,32.14633629599514,0.0,0.0,0.059871,16.6,0.0,32.14229315016669,0.059871,0.059871,0.0,0.0,0.059871,0.0,0.0,0.0,0.059871,0.0,0.059871,0.0 
 07/21  12:57:00,34.0,19.936497935316936,32.1503633200524,19.936497935316936,0.0,12389.317516672727,32.1503633200524,0.0,0.0,0.059871,16.6,0.0,32.14633629599514,0.059871,0.059871,0.0,0.0,0.059871,0.0,0.0,0.0,0.059871,0.0,0.059871,0.0 
 07/21  12:58:00,34.0,19.933491182669826,32.15437425613961,19.933491182669826,0.0,12378.086201682545,32.15437425613961,0.0,0.0,0.059871,16.6,0.0,32.1503633200524,0.059871,0.059871,0.0,0.0,0.059871,0.0,0.0,0.0,0.059871,0.0,0.059871,0.0 
 07/21  12:59:00,34.0,19.930503457626617,32.15836924139771,19.930503457626617,0.0,12366.92613170037,32.15836924139771,0.0,0.0,0.059871,16.6,0.0,32.15437425613961,0.059871,0.059871,0.0,0.0,0.059871,0.0,0.0,0.0,0.059871,0.0,0.059871,0.0 
 07/21  13:00:00,34.0,19.927536551935912,32.1623482789701,19.927536551935912,0.0,12355.843915475383,32.1623482789701,0.0,0.0,0.059871,16.6,0.0,32.15836924139771,0.059871,0.059871,0.0,0.0,0.059871,0.0,0.0,0.0,0.059871,0.0,0.059871,0.0,88387200.0 
 07/21  13:01:00,34.0,19.924588350118686,32.16631154379592,19.924588350118686,0.0,12344.831736947966,32.16631154379592,0.0,0.0,0.059871,16.6,0.0,32.1623482789701,0.059871,0.059871,0.0,0.0,0.059871,0.0,0.0,0.0,0.059871,0.0,0.059871,0.0 
 07/21  13:02:00,34.0,19.92166061409694,32.17025903099915,19.92166061409694,0.0,12333.896094190273,32.17025903099915,0.0,0.0,0.059871,16.6,0.0,32.16631154379592,0.059871,0.059871,0.0,0.0,0.059871,0.0,0.0,0.0,0.059871,0.0,0.059871,0.0 
 07/21  13:03:00,34.0,19.91875126601504,32.174190882933914,19.91875126601504,0.0,12323.029290084642,32.174190882933914,0.0,0.0,0.059871,16.6,0.0,32.17025903099915,0.059871,0.059871,0.0,0.0,0.059871,0.0,0.0,0.0,0.059871,0.0,0.059871,0.0 
 07/21  13:04:00,34.0,19.915862040148387,32.178107133924,19.915862040148387,0.0,12312.237720186316,32.178107133924,0.0,0.0,0.059871,16.6,0.0,32.174190882933914,0.059871,0.059871,0.0,0.0,0.059871,0.0,0.0,0.0,0.059871,0.0,0.059871,0.0 
 07/21  13:05:00,34.0,19.91299089450754,32.18200791479175,19.91299089450754,0.0,12301.513841476572,32.18200791479175,0.0,0.0,0.059871,16.6,0.0,32.178107133924,0.059871,0.059871,0.0,0.0,0.059871,0.0,0.0,0.0,0.059871,0.0,0.059871,0.0 
 07/21  13:06:00,34.0,19.910139533754077,32.18589322851434,19.910139533754077,0.0,12290.863960369883,32.18589322851434,0.0,0.0,0.059871,16.6,0.0,32.18200791479175,0.059871,0.059871,0.0,0.0,0.059871,0.0,0.0,0.0,0.059871,0.0,0.059871,0.0 
 07/21  13:07:00,34.0,19.907305951251494,32.18976324461613,19.907305951251494,0.0,12280.280623645704,32.18976324461613,0.0,0.0,0.059871,16.6,0.0,32.18589322851434,0.059871,0.059871,0.0,0.0,0.059871,0.0,0.0,0.0,0.059871,0.0,0.059871,0.0 
 07/21  13:08:00,34.0,19.90449182544256,32.19361795787097,19.90449182544256,0.0,12269.770040458992,32.19361795787097,0.0,0.0,0.059871,16.6,0.0,32.18976324461613,0.059871,0.059871,0.0,0.0,0.059871,0.0,0.0,0.0,0.059871,0.0,0.059871,0.0 
 07/21  13:09:00,34.0,19.90169518414378,32.19745750464976,19.90169518414378,0.0,12259.324906387437,32.19745750464976,0.0,0.0,0.059871,16.6,0.0,32.19361795787097,0.059871,0.059871,0.0,0.0,0.059871,0.0,0.0,0.0,0.059871,0.0,0.059871,0.0 
 07/21  13:10:00,34.0,19.89891767942822,32.201281919682174,19.89891767942822,0.0,12248.951312039502,32.201281919682174,0.0,0.0,0.059871,16.6,0.0,32.19745750464976,0.059871,0.059871,0.0,0.0,0.059871,0.0,0.0,0.0,0.059871,0.0,0.059871,0.0 
 07/21  13:11:00,34.0,19.896157371365348,32.20509132773394,19.896157371365348,0.0,12238.64211417525,32.20509132773394,0.0,0.0,0.059871,16.6,0.0,32.201281919682174,0.059871,0.059871,0.0,0.0,0.059871,0.0,0.0,0.0,0.059871,0.0,0.059871,0.0 
 07/21  13:12:00,34.0,19.893415885098122,32.20888573156104,19.893415885098122,0.0,12228.403282797271,32.20888573156104,0.0,0.0,0.059871,16.6,0.0,32.20509132773394,0.059871,0.059871,0.0,0.0,0.059871,0.0,0.0,0.0,0.059871,0.0,0.059871,0.0 
 07/21  13:13:00,34.0,19.89069131510631,32.21266529546654,19.89069131510631,0.0,12218.227761222133,32.21266529546654,0.0,0.0,0.059871,16.6,0.0,32.20888573156104,0.059871,0.059871,0.0,0.0,0.059871,0.0,0.0,0.0,0.059871,0.0,0.059871,0.0 
 07/21  13:14:00,34.0,19.887985261424415,32.21643001383773,19.887985261424415,0.0,12208.121467619703,32.21643001383773,0.0,0.0,0.059871,16.6,0.0,32.21266529546654,0.059871,0.059871,0.0,0.0,0.059871,0.0,0.0,0.0,0.059871,0.0,0.059871,0.0 
 07/21  13:15:00,34.0,19.88529584903443,32.2201800173102,19.88529584903443,0.0,12198.077479194108,32.2201800173102,0.0,0.0,0.059871,16.6,0.0,32.21643001383773,0.059871,0.059871,0.0,0.0,0.059871,0.0,0.0,0.0,0.059871,0.0,0.059871,0.0 
 07/21  13:16:00,34.0,19.88262465388831,32.223915340920655,19.88262465388831,0.0,12188.101563040755,32.223915340920655,0.0,0.0,0.059871,16.6,0.0,32.2201800173102,0.059871,0.059871,0.0,0.0,0.059871,0.0,0.0,0.0,0.059871,0.0,0.059871,0.0 
 07/21  13:17:00,34.0,19.879969831516295,32.227636103639334,19.879969831516295,0.0,12178.186971501918,32.227636103639334,0.0,0.0,0.059871,16.6,0.0,32.223915340920655,0.059871,0.059871,0.0,0.0,0.059871,0.0,0.0,0.0,0.059871,0.0,0.059871,0.0 
 07/21  13:18:00,34.0,19.87733293276894,32.231342307957995,19.87733293276894,0.0,12168.339358058587,32.231342307957995,0.0,0.0,0.059871,16.6,0.0,32.227636103639334,0.059871,0.059871,0.0,0.0,0.059871,0.0,0.0,0.0,0.059871,0.0,0.059871,0.0 
 07/21  13:19:00,34.0,19.874712145229154,32.23503411315299,19.874712145229154,0.0,12158.552053005105,32.23503411315299,0.0,0.0,0.059871,16.6,0.0,32.231342307957995,0.059871,0.059871,0.0,0.0,0.059871,0.0,0.0,0.0,0.059871,0.0,0.059871,0.0 
 07/21  13:20:00,34.0,19.8721089952364,32.23871151319863,19.8721089952364,0.0,12148.830680506468,32.23871151319863,0.0,0.0,0.059871,16.6,0.0,32.23503411315299,0.059871,0.059871,0.0,0.0,0.059871,0.0,0.0,0.0,0.059871,0.0,0.059871,0.0 
 07/21  13:21:00,34.0,19.86952170026474,32.242374633240416,19.86952170026474,0.0,12139.168640878252,32.242374633240416,0.0,0.0,0.059871,16.6,0.0,32.23871151319863,0.059871,0.059871,0.0,0.0,0.059871,0.0,0.0,0.0,0.059871,0.0,0.059871,0.0 
 07/21  13:22:00,34.0,19.866951762995203,32.24602350853699,19.866951762995203,0.0,12129.571490993112,32.24602350853699,0.0,0.0,0.059871,16.6,0.0,32.242374633240416,0.059871,0.059871,0.0,0.0,0.059871,0.0,0.0,0.0,0.059871,0.0,0.059871,0.0 
 07/21  13:23:00,34.0,19.86439742960881,32.24965825252106,19.86439742960881,0.0,12120.032737811898,32.24965825252106,0.0,0.0,0.059871,16.6,0.0,32.24602350853699,0.059871,0.059871,0.0,0.0,0.059871,0.0,0.0,0.0,0.059871,0.0,0.059871,0.0 
 07/21  13:24:00,34.0,19.861860179528293,32.253278867388204,19.861860179528293,0.0,12110.557851879716,32.253278867388204,0.0,0.0,0.059871,16.6,0.0,32.24965825252106,0.059871,0.059871,0.0,0.0,0.059871,0.0,0.0,0.0,0.059871,0.0,0.059871,0.0 
 07/21  13:25:00,34.0,19.85933828809891,32.256885507583355,19.85933828809891,0.0,12101.140428128834,32.256885507583355,0.0,0.0,0.059871,16.6,0.0,32.253278867388204,0.059871,0.059871,0.0,0.0,0.059871,0.0,0.0,0.0,0.059871,0.0,0.059871,0.0 
 07/21  13:26:00,34.0,19.856833212367313,32.260478166651815,19.856833212367313,0.0,12091.785874458743,32.260478166651815,0.0,0.0,0.059871,16.6,0.0,32.256885507583355,0.059871,0.059871,0.0,0.0,0.059871,0.0,0.0,0.0,0.059871,0.0,0.059871,0.0 
 07/21  13:27:00,34.0,19.854343255110827,32.26405696449191,19.854343255110827,0.0,12082.487887744137,32.26405696449191,0.0,0.0,0.059871,16.6,0.0,32.260478166651815,0.059871,0.059871,0.0,0.0,0.059871,0.0,0.0,0.0,0.059871,0.0,0.059871,0.0 
 07/21  13:28:00,34.0,19.851869851871545,32.267621936512796,19.851869851871545,0.0,12073.251775718803,32.267621936512796,0.0,0.0,0.059871,16.6,0.0,32.26405696449191,0.059871,0.059871,0.0,0.0,0.059871,0.0,0.0,0.0,0.059871,0.0,0.059871,0.0 
 07/21  13:29:00,34.0,19.84941133165058,32.271173190864154,19.84941133165058,0.0,12064.071373354804,32.271173190864154,0.0,0.0,0.059871,16.6,0.0,32.267621936512796,0.059871,0.059871,0.0,0.0,0.059871,0.0,0.0,0.0,0.059871,0.0,0.059871,0.0 
 07/21  13:30:00,34.0,19.846969108747004,32.274710729424015,19.846969108747004,0.0,12054.95186893375,32.274710729424015,0.0,0.0,0.059871,16.6,0.0,32.271173190864154,0.059871,0.059871,0.0,0.0,0.059871,0.0,0.0,0.0,0.059871,0.0,0.059871,0.0 
 07/21  13:31:00,34.0,19.844541539726436,32.27823470200098,19.844541539726436,0.0,12045.887199836274,32.27823470200098,0.0,0.0,0.059871,16.6,0.0,32.274710729424015,0.059871,0.059871,0.0,0.0,0.059871,0.0,0.0,0.0,0.059871,0.0,0.059871,0.0 
 07/21  13:32:00,34.0,19.842130017737436,32.28174510170475,19.842130017737436,0.0,12036.88249621061,32.28174510170475,0.0,0.0,0.059871,16.6,0.0,32.27823470200098,0.059871,0.059871,0.0,0.0,0.059871,0.0,0.0,0.0,0.059871,0.0,0.059871,0.0 
 07/21  13:33:00,34.0,19.83973292386616,32.28524204342579,19.83973292386616,0.0,12027.93180671013,32.28524204342579,0.0,0.0,0.059871,16.6,0.0,32.28174510170475,0.059871,0.059871,0.0,0.0,0.059871,0.0,0.0,0.0,0.059871,0.0,0.059871,0.0 
 07/21  13:34:00,34.0,19.83735163077904,32.28872556266413,19.83735163077904,0.0,12019.040145036302,32.28872556266413,0.0,0.0,0.059871,16.6,0.0,32.28524204342579,0.059871,0.059871,0.0,0.0,0.059871,0.0,0.0,0.0,0.059871,0.0,0.059871,0.0 
 07/21  13:35:00,34.0,19.834984546086993,32.29219576253545,19.834984546086993,0.0,12010.201658348906,32.29219576253545,0.0,0.0,0.059871,16.6,0.0,32.28872556266413,0.059871,0.059871,0.0,0.0,0.059871,0.0,0.0,0.0,0.059871,0.0,0.059871,0.0 
 07/21  13:36:00,34.0,19.832633021401175,32.29565264458639,19.832633021401175,0.0,12001.421322702481,32.29565264458639,0.0,0.0,0.059871,16.6,0.0,32.29219576253545,0.059871,0.059871,0.0,0.0,0.059871,0.0,0.0,0.0,0.059871,0.0,0.059871,0.0 
 07/21  13:37:00,34.0,19.830295488537264,32.299096354180435,19.830295488537264,0.0,11992.693354889347,32.299096354180435,0.0,0.0,0.059871,16.6,0.0,32.29565264458639,0.059871,0.059871,0.0,0.0,0.059871,0.0,0.0,0.0,0.059871,0.0,0.059871,0.0 
 07/21  13:38:00,34.0,19.827973280827518,32.30252688399035,19.827973280827518,0.0,11984.022622889155,32.30252688399035,0.0,0.0,0.059871,16.6,0.0,32.299096354180435,0.059871,0.059871,0.0,0.0,0.059871,0.0,0.0,0.0,0.059871,0.0,0.059871,0.0 
 07/21  13:39:00,34.0,19.825664854815024,32.30594434413022,19.825664854815024,0.0,11975.403475646293,32.30594434413022,0.0,0.0,0.059871,16.6,0.0,32.30252688399035,0.059871,0.059871,0.0,0.0,0.059871,0.0,0.0,0.0,0.059871,0.0,0.059871,0.0 
 07/21  13:40:00,34.0,19.823371522034872,32.30934877013845,19.823371522034872,0.0,11966.840740547144,32.30934877013845,0.0,0.0,0.059871,16.6,0.0,32.30594434413022,0.059871,0.059871,0.0,0.0,0.059871,0.0,0.0,0.0,0.059871,0.0,0.059871,0.0 
 07/21  13:41:00,34.0,19.82109176361112,32.312740260336426,19.82109176361112,0.0,11958.328777291303,32.312740260336426,0.0,0.0,0.059871,16.6,0.0,32.30934877013845,0.059871,0.059871,0.0,0.0,0.059871,0.0,0.0,0.0,0.059871,0.0,0.059871,0.0 
 07/21  13:42:00,34.0,19.81882687257191,32.31611881592974,19.81882687257191,0.0,11949.872384853079,32.31611881592974,0.0,0.0,0.059871,16.6,0.0,32.312740260336426,0.059871,0.059871,0.0,0.0,0.059871,0.0,0.0,0.0,0.059871,0.0,0.059871,0.0 
 07/21  13:43:00,34.0,19.816575353267588,32.319484578021374,19.816575353267588,0.0,11941.46600923335,32.319484578021374,0.0,0.0,0.059871,16.6,0.0,32.31611881592974,0.059871,0.059871,0.0,0.0,0.059871,0.0,0.0,0.0,0.059871,0.0,0.059871,0.0 
 07/21  13:44:00,34.0,19.814338480531188,32.32283753884889,19.814338480531188,0.0,11933.114361811498,32.32283753884889,0.0,0.0,0.059871,16.6,0.0,32.319484578021374,0.059871,0.059871,0.0,0.0,0.059871,0.0,0.0,0.0,0.059871,0.0,0.059871,0.0 
 07/21  13:45:00,34.0,19.812114781404652,32.326177803972215,19.812114781404652,0.0,11924.811992970193,32.326177803972215,0.0,0.0,0.059871,16.6,0.0,32.32283753884889,0.059871,0.059871,0.0,0.0,0.059871,0.0,0.0,0.0,0.059871,0.0,0.059871,0.0 
 07/21  13:46:00,34.0,19.80990551102304,32.32950540892111,19.80990551102304,0.0,11916.563560985545,32.32950540892111,0.0,0.0,0.059871,16.6,0.0,32.326177803972215,0.059871,0.059871,0.0,0.0,0.059871,0.0,0.0,0.0,0.059871,0.0,0.059871,0.0 
 07/21  13:47:00,34.0,19.807709219096974,32.332820447452185,19.807709219096974,0.0,11908.363660411951,32.332820447452185,0.0,0.0,0.059871,16.6,0.0,32.32950540892111,0.059871,0.059871,0.0,0.0,0.059871,0.0,0.0,0.0,0.059871,0.0,0.059871,0.0 
 07/21  13:48:00,34.0,19.805527143914748,32.33612292042311,19.805527143914748,0.0,11900.216887021692,32.33612292042311,0.0,0.0,0.059871,16.6,0.0,32.332820447452185,0.059871,0.059871,0.0,0.0,0.059871,0.0,0.0,0.0,0.059871,0.0,0.059871,0.0 
 07/21  13:49:00,34.0,19.803357856315397,32.33941296485361,19.803357856315397,0.0,11892.117953862893,32.33941296485361,0.0,0.0,0.059871,16.6,0.0,32.33612292042311,0.059871,0.059871,0.0,0.0,0.059871,0.0,0.0,0.0,0.059871,0.0,0.059871,0.0 
 07/21  13:50:00,34.0,19.801202577130546,32.342690572550424,19.801202577130546,0.0,11884.071351967035,32.342690572550424,0.0,0.0,0.059871,16.6,0.0,32.33941296485361,0.059871,0.059871,0.0,0.0,0.059871,0.0,0.0,0.0,0.059871,0.0,0.059871,0.0 
 07/21  13:51:00,34.0,19.799059898613837,32.34595584473276,19.799059898613837,0.0,11876.071893885282,32.34595584473276,0.0,0.0,0.059871,16.6,0.0,32.342690572550424,0.059871,0.059871,0.0,0.0,0.059871,0.0,0.0,0.0,0.059871,0.0,0.059871,0.0 
 07/21  13:52:00,34.0,19.796931023158393,32.349208816881024,19.796931023158393,0.0,11868.1240221587,32.349208816881024,0.0,0.0,0.059871,16.6,0.0,32.34595584473276,0.059871,0.059871,0.0,0.0,0.059871,0.0,0.0,0.0,0.059871,0.0,0.059871,0.0 
 07/21  13:53:00,34.0,19.79481456535627,32.35244957840851,19.79481456535627,0.0,11860.222572547236,32.35244957840851,0.0,0.0,0.059871,16.6,0.0,32.349208816881024,0.059871,0.059871,0.0,0.0,0.059871,0.0,0.0,0.0,0.059871,0.0,0.059871,0.0 
 07/21  13:54:00,34.0,19.79271171108862,32.35567812982334,19.79271171108862,0.0,11852.37196616029,32.35567812982334,0.0,0.0,0.059871,16.6,0.0,32.35244957840851,0.059871,0.059871,0.0,0.0,0.059871,0.0,0.0,0.0,0.059871,0.0,0.059871,0.0 
 07/21  13:55:00,34.0,19.790621094287108,32.35889460423481,19.790621094287108,0.0,11844.567130505666,32.35889460423481,0.0,0.0,0.059871,16.6,0.0,32.35567812982334,0.059871,0.059871,0.0,0.0,0.059871,0.0,0.0,0.0,0.059871,0.0,0.059871,0.0 
 07/21  13:56:00,34.0,19.788543884321186,32.362098993028034,19.788543884321186,0.0,11836.812385619629,32.362098993028034,0.0,0.0,0.059871,16.6,0.0,32.35889460423481,0.059871,0.059871,0.0,0.0,0.059871,0.0,0.0,0.0,0.059871,0.0,0.059871,0.0 
 07/21  13:57:00,34.0,19.786478735426506,32.365291393287954,19.786478735426506,0.0,11829.102754320516,32.365291393287954,0.0,0.0,0.059871,16.6,0.0,32.362098993028034,0.059871,0.059871,0.0,0.0,0.059871,0.0,0.0,0.0,0.059871,0.0,0.059871,0.0 
 07/21  13:58:00,34.0,19.78442680135316,32.368471840411246,19.78442680135316,0.0,11821.442478867597,32.368471840411246,0.0,0.0,0.059871,16.6,0.0,32.365291393287954,0.059871,0.059871,0.0,0.0,0.059871,0.0,0.0,0.0,0.059871,0.0,0.059871,0.0 
 07/21  13:59:00,34.0,19.782386755201728,32.37164041968042,19.782386755201728,0.0,11813.826691783142,32.37164041968042,0.0,0.0,0.059871,16.6,0.0,32.368471840411246,0.059871,0.059871,0.0,0.0,0.059871,0.0,0.0,0.0,0.059871,0.0,0.059871,0.0 
 07/21  14:00:00,34.0,19.780359734887693,32.37479713125504,19.780359734887693,0.0,11806.259536981212,32.37479713125504,0.0,0.0,0.059871,16.6,0.0,32.37164041968042,0.059871,0.059871,0.0,0.0,0.059871,0.0,0.0,0.0,0.059871,0.0,0.059871,0.0,88387200.0 
 07/21  14:01:00,34.0,19.778344432943243,32.37794210449899,19.778344432943243,0.0,11798.736238900234,32.37794210449899,0.0,0.0,0.059871,16.6,0.0,32.37479713125504,0.059871,0.059871,0.0,0.0,0.059871,0.0,0.0,0.0,0.059871,0.0,0.059871,0.0 
 07/21  14:02:00,34.0,19.776341970448485,32.38107533038595,19.776341970448485,0.0,11791.260898822457,32.38107533038595,0.0,0.0,0.059871,16.6,0.0,32.37794210449899,0.059871,0.059871,0.0,0.0,0.059871,0.0,0.0,0.0,0.059871,0.0,0.059871,0.0 
 07/21  14:03:00,34.0,19.774351060273343,32.384196902062904,19.774351060273343,0.0,11783.828757356292,32.384196902062904,0.0,0.0,0.059871,16.6,0.0,32.38107533038595,0.059871,0.059871,0.0,0.0,0.059871,0.0,0.0,0.0,0.059871,0.0,0.059871,0.0 
 07/21  14:04:00,34.0,19.772372808486907,32.387306854811655,19.772372808486907,0.0,11776.443899678807,32.387306854811655,0.0,0.0,0.059871,16.6,0.0,32.384196902062904,0.059871,0.059871,0.0,0.0,0.059871,0.0,0.0,0.0,0.059871,0.0,0.059871,0.0 
 07/21  14:05:00,34.0,19.770405945352817,32.390405269986246,19.770405945352817,0.0,11769.101650702623,32.390405269986246,0.0,0.0,0.059871,16.6,0.0,32.387306854811655,0.059871,0.059871,0.0,0.0,0.059871,0.0,0.0,0.0,0.059871,0.0,0.059871,0.0 
 07/21  14:06:00,34.0,19.768451561037157,32.39349214740052,19.768451561037157,0.0,11761.8060168499,32.39349214740052,0.0,0.0,0.059871,16.6,0.0,32.390405269986246,0.059871,0.059871,0.0,0.0,0.059871,0.0,0.0,0.0,0.059871,0.0,0.059871,0.0 
 07/21  14:07:00,34.0,19.766508405775475,32.396567612830786,19.766508405775475,0.0,11754.55235780195,32.396567612830786,0.0,0.0,0.059871,16.6,0.0,32.39349214740052,0.059871,0.059871,0.0,0.0,0.059871,0.0,0.0,0.0,0.059871,0.0,0.059871,0.0 
 07/21  14:08:00,34.0,19.76457755445874,32.399631656851234,19.76457755445874,0.0,11747.344682416973,32.399631656851234,0.0,0.0,0.059871,16.6,0.0,32.396567612830786,0.059871,0.059871,0.0,0.0,0.059871,0.0,0.0,0.0,0.059871,0.0,0.059871,0.0 
 07/21  14:09:00,34.0,19.762657774598626,32.40268436885855,19.762657774598626,0.0,11740.178394861423,32.40268436885855,0.0,0.0,0.059871,16.6,0.0,32.399631656851234,0.059871,0.059871,0.0,0.0,0.059871,0.0,0.0,0.0,0.059871,0.0,0.059871,0.0 
 07/21  14:10:00,34.0,19.760750126941936,32.40572578399258,19.760750126941936,0.0,11733.057431811385,32.40572578399258,0.0,0.0,0.059871,16.6,0.0,32.40268436885855,0.059871,0.059871,0.0,0.0,0.059871,0.0,0.0,0.0,0.059871,0.0,0.059871,0.0 
 07/21  14:11:00,34.0,19.75885339582761,32.40875597987223,19.75885339582761,0.0,11725.977299270471,32.40875597987223,0.0,0.0,0.059871,16.6,0.0,32.40572578399258,0.059871,0.059871,0.0,0.0,0.059871,0.0,0.0,0.0,0.059871,0.0,0.059871,0.0 
 07/21  14:12:00,34.0,19.756968628013095,32.41177495597074,19.756968628013095,0.0,11718.94184270965,32.41177495597074,0.0,0.0,0.059871,16.6,0.0,32.40875597987223,0.059871,0.059871,0.0,0.0,0.059871,0.0,0.0,0.0,0.059871,0.0,0.059871,0.0 
 07/21  14:13:00,34.0,19.75509462524703,32.41478283462802,19.75509462524703,0.0,11711.946652419556,32.41478283462802,0.0,0.0,0.059871,16.6,0.0,32.41177495597074,0.059871,0.059871,0.0,0.0,0.059871,0.0,0.0,0.0,0.059871,0.0,0.059871,0.0 
 07/21  14:14:00,34.0,19.753232419955328,32.41777960603243,19.753232419955328,0.0,11704.995520718458,32.41777960603243,0.0,0.0,0.059871,16.6,0.0,32.41478283462802,0.059871,0.059871,0.0,0.0,0.059871,0.0,0.0,0.0,0.059871,0.0,0.059871,0.0 
 07/21  14:15:00,34.0,19.751380831425564,32.42076535600956,19.751380831425564,0.0,11698.084083422986,32.42076535600956,0.0,0.0,0.059871,16.6,0.0,32.41777960603243,0.059871,0.059871,0.0,0.0,0.059871,0.0,0.0,0.0,0.059871,0.0,0.059871,0.0 
 07/21  14:16:00,34.0,19.749540878152178,32.42374011953382,19.749540878152178,0.0,11691.216100782189,32.42374011953382,0.0,0.0,0.059871,16.6,0.0,32.42076535600956,0.059871,0.059871,0.0,0.0,0.059871,0.0,0.0,0.0,0.059871,0.0,0.059871,0.0 
 07/21  14:17:00,34.0,19.747711394777596,32.426703970673145,19.747711394777596,0.0,11684.38728517317,32.426703970673145,0.0,0.0,0.059871,16.6,0.0,32.42374011953382,0.059871,0.059871,0.0,0.0,0.059871,0.0,0.0,0.0,0.059871,0.0,0.059871,0.0 
 07/21  14:18:00,34.0,19.7458933855973,32.42965690856658,19.7458933855973,0.0,11677.601324585616,32.42965690856658,0.0,0.0,0.059871,16.6,0.0,32.426703970673145,0.059871,0.059871,0.0,0.0,0.059871,0.0,0.0,0.0,0.059871,0.0,0.059871,0.0 
 07/21  14:19:00,34.0,19.744085703386688,32.432599052261345,19.744085703386688,0.0,11670.853959661694,32.432599052261345,0.0,0.0,0.059871,16.6,0.0,32.42965690856658,0.059871,0.059871,0.0,0.0,0.059871,0.0,0.0,0.0,0.059871,0.0,0.059871,0.0 
 07/21  14:20:00,34.0,19.742289338730213,32.43553039157413,19.742289338730213,0.0,11664.148886134994,32.43553039157413,0.0,0.0,0.059871,16.6,0.0,32.432599052261345,0.059871,0.059871,0.0,0.0,0.059871,0.0,0.0,0.0,0.059871,0.0,0.059871,0.0 
 07/21  14:21:00,34.0,19.740503159780026,32.438451008929476,19.740503159780026,0.0,11657.481882237762,32.438451008929476,0.0,0.0,0.059871,16.6,0.0,32.43553039157413,0.059871,0.059871,0.0,0.0,0.059871,0.0,0.0,0.0,0.059871,0.0,0.059871,0.0 
 07/21  14:22:00,34.0,19.738728144427117,32.44136093911521,19.738728144427117,0.0,11650.856577073078,32.44136093911521,0.0,0.0,0.059871,16.6,0.0,32.438451008929476,0.059871,0.059871,0.0,0.0,0.059871,0.0,0.0,0.0,0.059871,0.0,0.059871,0.0 
 07/21  14:23:00,34.0,19.736963175784883,32.44426025282325,19.736963175784883,0.0,11644.26884344748,32.44426025282325,0.0,0.0,0.059871,16.6,0.0,32.44136093911521,0.059871,0.059871,0.0,0.0,0.059871,0.0,0.0,0.0,0.059871,0.0,0.059871,0.0 
 07/21  14:24:00,34.0,19.735209219176973,32.44714894886597,19.735209219176973,0.0,11637.722224862595,32.44714894886597,0.0,0.0,0.059871,16.6,0.0,32.44426025282325,0.059871,0.059871,0.0,0.0,0.059871,0.0,0.0,0.0,0.059871,0.0,0.059871,0.0 
 07/21  14:25:00,34.0,19.733465173307415,32.45002714313485,19.733465173307415,0.0,11631.212671490202,32.45002714313485,0.0,0.0,0.059871,16.6,0.0,32.44714894886597,0.059871,0.059871,0.0,0.0,0.059871,0.0,0.0,0.0,0.059871,0.0,0.059871,0.0 
 07/21  14:26:00,34.0,19.73173199056404,32.45289482508988,19.73173199056404,0.0,11624.74367885894,32.45289482508988,0.0,0.0,0.059871,16.6,0.0,32.45002714313485,0.059871,0.059871,0.0,0.0,0.059871,0.0,0.0,0.0,0.059871,0.0,0.059871,0.0 
 07/21  14:27:00,34.0,19.730008584569596,32.455752073916464,19.730008584569596,0.0,11618.311252506455,32.455752073916464,0.0,0.0,0.059871,16.6,0.0,32.45289482508988,0.059871,0.059871,0.0,0.0,0.059871,0.0,0.0,0.0,0.059871,0.0,0.059871,0.0 
 07/21  14:28:00,34.0,19.728295895001192,32.45859892419753,19.728295895001192,0.0,11611.918840823864,32.45859892419753,0.0,0.0,0.059871,16.6,0.0,32.455752073916464,0.059871,0.059871,0.0,0.0,0.059871,0.0,0.0,0.0,0.059871,0.0,0.059871,0.0 
 07/21  14:29:00,34.0,19.72659285114278,32.46143544341547,19.72659285114278,0.0,11605.562488080259,32.46143544341547,0.0,0.0,0.059871,16.6,0.0,32.45859892419753,0.059871,0.059871,0.0,0.0,0.059871,0.0,0.0,0.0,0.059871,0.0,0.059871,0.0 
 07/21  14:30:00,34.0,19.724900380446922,32.464261630064776,19.724900380446922,0.0,11599.245616748367,32.464261630064776,0.0,0.0,0.059871,16.6,0.0,32.46143544341547,0.059871,0.059871,0.0,0.0,0.059871,0.0,0.0,0.0,0.059871,0.0,0.059871,0.0 
 07/21  14:31:00,34.0,19.723217425633653,32.467077597011766,19.723217425633653,0.0,11592.96434034798,32.467077597011766,0.0,0.0,0.059871,16.6,0.0,32.464261630064776,0.059871,0.059871,0.0,0.0,0.059871,0.0,0.0,0.0,0.059871,0.0,0.059871,0.0 
 07/21  14:32:00,34.0,19.72154490234388,32.46988333337593,19.72154490234388,0.0,11586.721998783833,32.46988333337593,0.0,0.0,0.059871,16.6,0.0,32.467077597011766,0.059871,0.059871,0.0,0.0,0.059871,0.0,0.0,0.0,0.059871,0.0,0.059871,0.0 
 07/21  14:33:00,34.0,19.719881768766538,32.47267891525814,19.719881768766538,0.0,11580.514763018422,32.47267891525814,0.0,0.0,0.059871,16.6,0.0,32.46988333337593,0.059871,0.059871,0.0,0.0,0.059871,0.0,0.0,0.0,0.059871,0.0,0.059871,0.0 
 07/21  14:34:00,34.0,19.718228927849232,32.475464377021254,19.718228927849232,0.0,11574.345964600856,32.475464377021254,0.0,0.0,0.059871,16.6,0.0,32.47267891525814,0.059871,0.059871,0.0,0.0,0.059871,0.0,0.0,0.0,0.059871,0.0,0.059871,0.0 
 07/21  14:35:00,34.0,19.716585351243047,32.47823978309726,19.716585351243047,0.0,11568.211805096995,32.47823978309726,0.0,0.0,0.059871,16.6,0.0,32.475464377021254,0.059871,0.059871,0.0,0.0,0.059871,0.0,0.0,0.0,0.059871,0.0,0.059871,0.0 
 07/21  14:36:00,34.0,19.714951929982576,32.48100513167336,19.714951929982576,0.0,11562.11557185451,32.48100513167336,0.0,0.0,0.059871,16.6,0.0,32.47823978309726,0.059871,0.059871,0.0,0.0,0.059871,0.0,0.0,0.0,0.059871,0.0,0.059871,0.0 
 07/21  14:37:00,34.0,19.71332765051761,32.4837605327157,19.71332765051761,0.0,11556.053502087607,32.4837605327157,0.0,0.0,0.059871,16.6,0.0,32.48100513167336,0.059871,0.059871,0.0,0.0,0.059871,0.0,0.0,0.0,0.059871,0.0,0.059871,0.0 
 07/21  14:38:00,34.0,19.71171339258021,32.4865059750205,19.71171339258021,0.0,11550.028860525044,32.4865059750205,0.0,0.0,0.059871,16.6,0.0,32.4837605327157,0.059871,0.059871,0.0,0.0,0.059871,0.0,0.0,0.0,0.059871,0.0,0.059871,0.0 
 07/21  14:39:00,34.0,19.710108155968427,32.489241531751475,19.710108155968427,0.0,11544.037933960677,32.489241531751475,0.0,0.0,0.059871,16.6,0.0,32.4865059750205,0.059871,0.059871,0.0,0.0,0.059871,0.0,0.0,0.0,0.059871,0.0,0.059871,0.0 
 07/21  14:40:00,34.0,19.708512808685605,32.491967237038544,19.708512808685605,0.0,11538.083943582305,32.491967237038544,0.0,0.0,0.059871,16.6,0.0,32.489241531751475,0.059871,0.059871,0.0,0.0,0.059871,0.0,0.0,0.0,0.059871,0.0,0.059871,0.0 
 07/21  14:41:00,34.0,19.70692636370746,32.494683152414574,19.70692636370746,0.0,11532.163225129312,32.494683152414574,0.0,0.0,0.059871,16.6,0.0,32.491967237038544,0.059871,0.059871,0.0,0.0,0.059871,0.0,0.0,0.0,0.059871,0.0,0.059871,0.0 
 07/21  14:42:00,34.0,19.705349677769103,32.497389275770715,19.705349677769103,0.0,11526.27895795818,32.497389275770715,0.0,0.0,0.059871,16.6,0.0,32.494683152414574,0.059871,0.059871,0.0,0.0,0.059871,0.0,0.0,0.0,0.059871,0.0,0.059871,0.0 
 07/21  14:43:00,34.0,19.703781777836497,32.50008571429157,19.703781777836497,0.0,11520.427510545884,32.50008571429157,0.0,0.0,0.059871,16.6,0.0,32.497389275770715,0.059871,0.059871,0.0,0.0,0.059871,0.0,0.0,0.0,0.059871,0.0,0.059871,0.0 
 07/21  14:44:00,34.0,19.70222350977293,32.50277245646741,19.70222350977293,0.0,11514.612041135215,32.50277245646741,0.0,0.0,0.059871,16.6,0.0,32.50008571429157,0.059871,0.059871,0.0,0.0,0.059871,0.0,0.0,0.0,0.059871,0.0,0.059871,0.0 
 07/21  14:45:00,34.0,19.700673912314606,32.50544957266433,19.700673912314606,0.0,11508.828981145361,32.50544957266433,0.0,0.0,0.059871,16.6,0.0,32.50277245646741,0.059871,0.059871,0.0,0.0,0.059871,0.0,0.0,0.0,0.059871,0.0,0.059871,0.0 
 07/21  14:46:00,34.0,19.699133820811802,32.50811709676787,19.699133820811802,0.0,11503.081411356976,32.50811709676787,0.0,0.0,0.059871,16.6,0.0,32.50544957266433,0.059871,0.059871,0.0,0.0,0.059871,0.0,0.0,0.0,0.059871,0.0,0.059871,0.0 
 07/21  14:47:00,34.0,19.697602286988875,32.51077508755488,19.697602286988875,0.0,11497.365830639701,32.51077508755488,0.0,0.0,0.059871,16.6,0.0,32.50811709676787,0.059871,0.059871,0.0,0.0,0.059871,0.0,0.0,0.0,0.059871,0.0,0.059871,0.0 
 07/21  14:48:00,34.0,19.696080134647477,32.51342354263173,19.696080134647477,0.0,11491.685296092382,32.51342354263173,0.0,0.0,0.059871,16.6,0.0,32.51077508755488,0.059871,0.059871,0.0,0.0,0.059871,0.0,0.0,0.0,0.059871,0.0,0.059871,0.0 
 07/21  14:49:00,34.0,19.694566429383055,32.51606256651375,19.694566429383055,0.0,11486.036300577061,32.51606256651375,0.0,0.0,0.059871,16.6,0.0,32.51342354263173,0.059871,0.059871,0.0,0.0,0.059871,0.0,0.0,0.0,0.059871,0.0,0.059871,0.0 
 07/21  14:50:00,34.0,19.693061984971557,32.51869214740251,19.693061984971557,0.0,11480.421902330221,32.51869214740251,0.0,0.0,0.059871,16.6,0.0,32.51606256651375,0.059871,0.059871,0.0,0.0,0.059871,0.0,0.0,0.0,0.059871,0.0,0.059871,0.0 
 07/21  14:51:00,34.0,19.6915658772785,32.52131235299906,19.6915658772785,0.0,11474.838670673438,32.52131235299906,0.0,0.0,0.059871,16.6,0.0,32.51869214740251,0.059871,0.059871,0.0,0.0,0.059871,0.0,0.0,0.0,0.059871,0.0,0.059871,0.0 
 07/21  14:52:00,34.0,19.690078910588895,32.52392321693501,19.690078910588895,0.0,11469.289552009344,32.52392321693501,0.0,0.0,0.059871,16.6,0.0,32.52131235299906,0.059871,0.059871,0.0,0.0,0.059871,0.0,0.0,0.0,0.059871,0.0,0.059871,0.0 
 07/21  14:53:00,34.0,19.68860017347399,32.52652479536756,19.68860017347399,0.0,11463.771201136566,32.52652479536756,0.0,0.0,0.059871,16.6,0.0,32.52392321693501,0.059871,0.059871,0.0,0.0,0.059871,0.0,0.0,0.0,0.059871,0.0,0.059871,0.0 
 07/21  14:54:00,34.0,19.687130459962418,32.529117085630396,19.687130459962418,0.0,11458.286526427328,32.529117085630396,0.0,0.0,0.059871,16.6,0.0,32.52652479536756,0.059871,0.059871,0.0,0.0,0.059871,0.0,0.0,0.0,0.059871,0.0,0.059871,0.0 
 07/21  14:55:00,34.0,19.68566887019473,32.53170018967645,19.68566887019473,0.0,11452.832225605562,32.53170018967645,0.0,0.0,0.059871,16.6,0.0,32.529117085630396,0.059871,0.059871,0.0,0.0,0.059871,0.0,0.0,0.0,0.059871,0.0,0.059871,0.0 
 07/21  14:56:00,34.0,19.68421618790998,32.53427409543558,19.68421618790998,0.0,11447.411168889725,32.53427409543558,0.0,0.0,0.059871,16.6,0.0,32.53170018967645,0.059871,0.059871,0.0,0.0,0.059871,0.0,0.0,0.0,0.059871,0.0,0.059871,0.0 
 07/21  14:57:00,34.0,19.682771524837854,32.53683886806855,19.682771524837854,0.0,11442.020097002365,32.53683886806855,0.0,0.0,0.059871,16.6,0.0,32.53427409543558,0.059871,0.059871,0.0,0.0,0.059871,0.0,0.0,0.0,0.059871,0.0,0.059871,0.0 
 07/21  14:58:00,34.0,19.681335654818213,32.539394540943064,19.681335654818213,0.0,11436.661843457045,32.539394540943064,0.0,0.0,0.059871,16.6,0.0,32.53683886806855,0.059871,0.059871,0.0,0.0,0.059871,0.0,0.0,0.0,0.059871,0.0,0.059871,0.0 
 07/21  14:59:00,34.0,19.67990770110458,32.54194116772329,19.67990770110458,0.0,11431.333191732232,32.54194116772329,0.0,0.0,0.059871,16.6,0.0,32.539394540943064,0.059871,0.059871,0.0,0.0,0.059871,0.0,0.0,0.0,0.059871,0.0,0.059871,0.0 
 07/21  15:00:00,34.0,19.678488428645032,32.54447874547938,19.678488428645032,0.0,11426.03692333712,32.54447874547938,0.0,0.0,0.059871,16.6,0.0,32.54194116772329,0.059871,0.059871,0.0,0.0,0.059871,0.0,0.0,0.0,0.059871,0.0,0.059871,0.0,88387200.0 
 07/21  15:01:00,34.0,19.677076972164013,32.54700737369966,19.677076972164013,0.0,11420.769883368372,32.54700737369966,0.0,0.0,0.059871,16.6,0.0,32.54447874547938,0.059871,0.059871,0.0,0.0,0.059871,0.0,0.0,0.0,0.059871,0.0,0.059871,0.0 
 07/21  15:02:00,34.0,19.67567408586959,32.54952704005599,19.67567408586959,0.0,11415.534832547597,32.54952704005599,0.0,0.0,0.059871,16.6,0.0,32.54700737369966,0.059871,0.059871,0.0,0.0,0.059871,0.0,0.0,0.0,0.059871,0.0,0.059871,0.0 
 07/21  15:03:00,34.0,19.674278915963185,32.55203780728457,19.674278915963185,0.0,11410.328620485861,32.55203780728457,0.0,0.0,0.059871,16.6,0.0,32.54952704005599,0.059871,0.059871,0.0,0.0,0.059871,0.0,0.0,0.0,0.059871,0.0,0.059871,0.0 
 07/21  15:04:00,34.0,19.67289220748713,32.5545397084789,19.67289220748713,0.0,11405.15399294979,32.5545397084789,0.0,0.0,0.059871,16.6,0.0,32.55203780728457,0.059871,0.059871,0.0,0.0,0.059871,0.0,0.0,0.0,0.059871,0.0,0.059871,0.0 
 07/21  15:05:00,34.0,19.671513117579085,32.55703279492987,19.671513117579085,0.0,11400.00784014459,32.55703279492987,0.0,0.0,0.059871,16.6,0.0,32.5545397084789,0.059871,0.059871,0.0,0.0,0.059871,0.0,0.0,0.0,0.059871,0.0,0.059871,0.0 
 07/21  15:06:00,34.0,19.670142381828878,32.5595170634544,19.670142381828878,0.0,11394.892872768836,32.5595170634544,0.0,0.0,0.059871,16.6,0.0,32.55703279492987,0.059871,0.059871,0.0,0.0,0.059871,0.0,0.0,0.0,0.059871,0.0,0.059871,0.0 
 07/21  15:07:00,34.0,19.668779168045592,32.561992611171114,19.668779168045592,0.0,11389.806020638494,32.561992611171114,0.0,0.0,0.059871,16.6,0.0,32.5595170634544,0.059871,0.059871,0.0,0.0,0.059871,0.0,0.0,0.0,0.059871,0.0,0.059871,0.0 
 07/21  15:08:00,34.0,19.667424203430027,32.56445942551053,19.667424203430027,0.0,11384.749944373401,32.56445942551053,0.0,0.0,0.059871,16.6,0.0,32.561992611171114,0.059871,0.059871,0.0,0.0,0.059871,0.0,0.0,0.0,0.059871,0.0,0.059871,0.0 
 07/21  15:09:00,34.0,19.66607666572279,32.566917566897494,19.66607666572279,0.0,11379.721648579376,32.566917566897494,0.0,0.0,0.059871,16.6,0.0,32.56445942551053,0.059871,0.059871,0.0,0.0,0.059871,0.0,0.0,0.0,0.059871,0.0,0.059871,0.0 
 07/21  15:10:00,34.0,19.664737272639865,32.569367068146065,19.664737272639865,0.0,11374.723739740239,32.569367068146065,0.0,0.0,0.059871,16.6,0.0,32.566917566897494,0.059871,0.059871,0.0,0.0,0.059871,0.0,0.0,0.0,0.059871,0.0,0.059871,0.0 
 07/21  15:11:00,34.0,19.66340521400825,32.57180797829098,19.66340521400825,0.0,11369.753229426682,32.57180797829098,0.0,0.0,0.059871,16.6,0.0,32.569367068146065,0.059871,0.059871,0.0,0.0,0.059871,0.0,0.0,0.0,0.059871,0.0,0.059871,0.0 
 07/21  15:12:00,34.0,19.662081198267526,32.574240293909604,19.662081198267526,0.0,11364.812746562366,32.574240293909604,0.0,0.0,0.059871,16.6,0.0,32.57180797829098,0.059871,0.059871,0.0,0.0,0.059871,0.0,0.0,0.0,0.059871,0.0,0.059871,0.0 
 07/21  15:13:00,34.0,19.660764424061398,32.576664109843314,19.660764424061398,0.0,11359.899335414233,32.576664109843314,0.0,0.0,0.059871,16.6,0.0,32.574240293909604,0.059871,0.059871,0.0,0.0,0.059871,0.0,0.0,0.0,0.059871,0.0,0.059871,0.0 
 07/21  15:14:00,34.0,19.65945559143664,32.57907941329953,19.65945559143664,0.0,11355.015555923237,32.57907941329953,0.0,0.0,0.059871,16.6,0.0,32.576664109843314,0.059871,0.059871,0.0,0.0,0.059871,0.0,0.0,0.0,0.059871,0.0,0.059871,0.0 
 07/21  15:15:00,34.0,19.65815390961396,32.58148626250004,19.65815390961396,0.0,11350.158510533824,32.58148626250004,0.0,0.0,0.059871,16.6,0.0,32.57907941329953,0.059871,0.059871,0.0,0.0,0.059871,0.0,0.0,0.0,0.059871,0.0,0.059871,0.0 
 07/21  15:16:00,34.0,19.656860070104024,32.583884689975164,19.656860070104024,0.0,11345.330727539258,32.583884689975164,0.0,0.0,0.059871,16.6,0.0,32.58148626250004,0.059871,0.059871,0.0,0.0,0.059871,0.0,0.0,0.0,0.059871,0.0,0.059871,0.0 
 07/21  15:17:00,34.0,19.65557329283252,32.58627474261381,19.65557329283252,0.0,11340.529330226058,32.58627474261381,0.0,0.0,0.059871,16.6,0.0,32.583884689975164,0.059871,0.059871,0.0,0.0,0.059871,0.0,0.0,0.0,0.059871,0.0,0.059871,0.0 
 07/21  15:18:00,34.0,19.65429426000768,32.588656416766035,19.65429426000768,0.0,11335.756850148286,32.588656416766035,0.0,0.0,0.059871,16.6,0.0,32.58627474261381,0.059871,0.059871,0.0,0.0,0.059871,0.0,0.0,0.0,0.059871,0.0,0.059871,0.0 
 07/21  15:19:00,34.0,19.65302220085986,32.5910298050819,19.65302220085986,0.0,11331.01042624639,32.5910298050819,0.0,0.0,0.059871,16.6,0.0,32.588656416766035,0.059871,0.059871,0.0,0.0,0.059871,0.0,0.0,0.0,0.059871,0.0,0.059871,0.0 
 07/21  15:20:00,34.0,19.651757789994722,32.59339489456164,19.651757789994722,0.0,11326.29254301004,32.59339489456164,0.0,0.0,0.059871,16.6,0.0,32.5910298050819,0.059871,0.059871,0.0,0.0,0.059871,0.0,0.0,0.0,0.059871,0.0,0.059871,0.0 
 07/21  15:21:00,34.0,19.650500266623787,32.59575174132453,19.650500266623787,0.0,11321.60039530604,32.59575174132453,0.0,0.0,0.059871,16.6,0.0,32.59339489456164,0.059871,0.059871,0.0,0.0,0.059871,0.0,0.0,0.0,0.059871,0.0,0.059871,0.0 
 07/21  15:22:00,34.0,19.649250296905276,32.59810037761181,19.649250296905276,0.0,11316.936436286305,32.59810037761181,0.0,0.0,0.059871,16.6,0.0,32.59575174132453,0.059871,0.059871,0.0,0.0,0.059871,0.0,0.0,0.0,0.059871,0.0,0.059871,0.0 
 07/21  15:23:00,34.0,19.648007128477854,32.60044084826948,19.648007128477854,0.0,11312.297910911784,32.60044084826948,0.0,0.0,0.059871,16.6,0.0,32.59810037761181,0.059871,0.059871,0.0,0.0,0.059871,0.0,0.0,0.0,0.059871,0.0,0.059871,0.0 
 07/21  15:24:00,34.0,19.64677141985162,32.60277314943114,19.64677141985162,0.0,11307.687206320737,32.60277314943114,0.0,0.0,0.059871,16.6,0.0,32.60044084826948,0.059871,0.059871,0.0,0.0,0.059871,0.0,0.0,0.0,0.059871,0.0,0.059871,0.0 
 07/21  15:25:00,34.0,19.645542429273387,32.605097371635964,19.645542429273387,0.0,11303.10160685463,32.605097371635964,0.0,0.0,0.059871,16.6,0.0,32.60277314943114,0.059871,0.059871,0.0,0.0,0.059871,0.0,0.0,0.0,0.059871,0.0,0.059871,0.0 
 07/21  15:26:00,34.0,19.6443208057494,32.60741350169185,19.6443208057494,0.0,11298.543520826039,32.60741350169185,0.0,0.0,0.059871,16.6,0.0,32.605097371635964,0.059871,0.059871,0.0,0.0,0.059871,0.0,0.0,0.0,0.059871,0.0,0.059871,0.0 
 07/21  15:27:00,34.0,19.643105816847125,32.60972159371046,19.643105816847125,0.0,11294.010210754528,32.60972159371046,0.0,0.0,0.059871,16.6,0.0,32.60741350169185,0.059871,0.059871,0.0,0.0,0.059871,0.0,0.0,0.0,0.059871,0.0,0.059871,0.0 
 07/21  15:28:00,34.0,19.641898104785877,32.61202167963913,19.641898104785877,0.0,11289.504059786708,32.61202167963913,0.0,0.0,0.059871,16.6,0.0,32.60972159371046,0.059871,0.059871,0.0,0.0,0.059871,0.0,0.0,0.0,0.059871,0.0,0.059871,0.0 
 07/21  15:29:00,34.0,19.640696946508566,32.6143138023784,19.640696946508566,0.0,11285.022384063108,32.6143138023784,0.0,0.0,0.059871,16.6,0.0,32.61202167963913,0.059871,0.059871,0.0,0.0,0.059871,0.0,0.0,0.0,0.059871,0.0,0.059871,0.0 
 07/21  15:30:00,34.0,19.639502975260076,32.61659795785623,19.639502975260076,0.0,11280.567552174298,32.61659795785623,0.0,0.0,0.059871,16.6,0.0,32.6143138023784,0.059871,0.059871,0.0,0.0,0.059871,0.0,0.0,0.0,0.059871,0.0,0.059871,0.0 
 07/21  15:31:00,34.0,19.638315476402667,32.618874234577355,19.638315476402667,0.0,11276.136892752715,32.618874234577355,0.0,0.0,0.059871,16.6,0.0,32.61659795785623,0.059871,0.059871,0.0,0.0,0.059871,0.0,0.0,0.0,0.059871,0.0,0.059871,0.0 
 07/21  15:32:00,34.0,19.637135076390738,32.62114261917212,19.637135076390738,0.0,11271.73273042847,32.62114261917212,0.0,0.0,0.059871,16.6,0.0,32.618874234577355,0.059871,0.059871,0.0,0.0,0.059871,0.0,0.0,0.0,0.059871,0.0,0.059871,0.0 
 07/21  15:33:00,34.0,19.635961069847827,32.623403163834695,19.635961069847827,0.0,11267.3524469949,32.623403163834695,0.0,0.0,0.059871,16.6,0.0,32.62114261917212,0.059871,0.059871,0.0,0.0,0.059871,0.0,0.0,0.0,0.059871,0.0,0.059871,0.0 
 07/21  15:34:00,34.0,19.634794075515728,32.62565590021466,19.634794075515728,0.0,11262.998338454476,32.62565590021466,0.0,0.0,0.059871,16.6,0.0,32.623403163834695,0.059871,0.059871,0.0,0.0,0.059871,0.0,0.0,0.0,0.059871,0.0,0.059871,0.0 
 07/21  15:35:00,34.0,19.63363339645889,32.62790086935961,19.63363339645889,0.0,11258.667817943806,32.62790086935961,0.0,0.0,0.059871,16.6,0.0,32.62565590021466,0.059871,0.059871,0.0,0.0,0.059871,0.0,0.0,0.0,0.059871,0.0,0.059871,0.0 
 07/21  15:36:00,34.0,19.63247964375335,32.630138067002584,19.63247964375335,0.0,11254.363153011964,32.630138067002584,0.0,0.0,0.059871,16.6,0.0,32.62790086935961,0.059871,0.059871,0.0,0.0,0.059871,0.0,0.0,0.0,0.059871,0.0,0.059871,0.0 
 07/21  15:37:00,34.0,19.63133212898193,32.632367579686196,19.63133212898193,0.0,11250.081788425796,32.632367579686196,0.0,0.0,0.059871,16.6,0.0,32.630138067002584,0.059871,0.059871,0.0,0.0,0.059871,0.0,0.0,0.0,0.059871,0.0,0.059871,0.0 
 07/21  15:38:00,34.0,19.630191455840414,32.63458939387751,19.630191455840414,0.0,11245.825964340711,32.63458939387751,0.0,0.0,0.059871,16.6,0.0,32.632367579686196,0.059871,0.059871,0.0,0.0,0.059871,0.0,0.0,0.0,0.059871,0.0,0.059871,0.0 
 07/21  15:39:00,34.0,19.629056944387585,32.6368035599384,19.629056944387585,0.0,11241.593156996032,32.6368035599384,0.0,0.0,0.059871,16.6,0.0,32.63458939387751,0.059871,0.059871,0.0,0.0,0.059871,0.0,0.0,0.0,0.059871,0.0,0.059871,0.0 
 07/21  15:40:00,34.0,19.627929191054417,32.63901010921721,19.627929191054417,0.0,11237.385579582202,32.63901010921721,0.0,0.0,0.059871,16.6,0.0,32.6368035599384,0.059871,0.059871,0.0,0.0,0.059871,0.0,0.0,0.0,0.059871,0.0,0.059871,0.0 
 07/21  15:41:00,34.0,19.626807525056947,32.641209080996035,19.626807525056947,0.0,11233.200723675815,32.641209080996035,0.0,0.0,0.059871,16.6,0.0,32.63901010921721,0.059871,0.059871,0.0,0.0,0.059871,0.0,0.0,0.0,0.059871,0.0,0.059871,0.0 
 07/21  15:42:00,34.0,19.625692535791245,32.64340047082354,19.625692535791245,0.0,11229.040795035056,32.64340047082354,0.0,0.0,0.059871,16.6,0.0,32.641209080996035,0.059871,0.059871,0.0,0.0,0.059871,0.0,0.0,0.0,0.059871,0.0,0.059871,0.0 
 07/21  15:43:00,34.0,19.624583559561202,32.64558436334902,19.624583559561202,0.0,11224.903330219382,32.64558436334902,0.0,0.0,0.059871,16.6,0.0,32.64340047082354,0.059871,0.059871,0.0,0.0,0.059871,0.0,0.0,0.0,0.059871,0.0,0.059871,0.0 
 07/21  15:44:00,34.0,19.623481179015325,32.647760744890554,19.623481179015325,0.0,11220.790472623676,32.647760744890554,0.0,0.0,0.059871,16.6,0.0,32.64558436334902,0.059871,0.059871,0.0,0.0,0.059871,0.0,0.0,0.0,0.059871,0.0,0.059871,0.0 
 07/21  15:45:00,34.0,19.622384738828664,32.64992966405922,19.622384738828664,0.0,11216.699808544367,32.64992966405922,0.0,0.0,0.059871,16.6,0.0,32.647760744890554,0.059871,0.059871,0.0,0.0,0.059871,0.0,0.0,0.0,0.059871,0.0,0.059871,0.0 
 07/21  15:46:00,34.0,19.621294814639036,32.652091151900194,19.621294814639036,0.0,11212.633455370878,32.652091151900194,0.0,0.0,0.059871,16.6,0.0,32.64992966405922,0.059871,0.059871,0.0,0.0,0.059871,0.0,0.0,0.0,0.059871,0.0,0.059871,0.0 
 07/21  15:47:00,34.0,19.620210758957125,32.65424524601412,19.620210758957125,0.0,11208.589028477676,32.65424524601412,0.0,0.0,0.059871,16.6,0.0,32.652091151900194,0.059871,0.059871,0.0,0.0,0.059871,0.0,0.0,0.0,0.059871,0.0,0.059871,0.0 
 07/21  15:48:00,34.0,19.6191331396067,32.65639194177685,19.6191331396067,0.0,11204.568634874799,32.65639194177685,0.0,0.0,0.059871,16.6,0.0,32.65424524601412,0.059871,0.059871,0.0,0.0,0.059871,0.0,0.0,0.0,0.059871,0.0,0.059871,0.0 
 07/21  15:49:00,34.0,19.618061317591753,32.65853132201073,19.618061317591753,0.0,11200.5698842326,32.65853132201073,0.0,0.0,0.059871,16.6,0.0,32.65639194177685,0.059871,0.059871,0.0,0.0,0.059871,0.0,0.0,0.0,0.059871,0.0,0.059871,0.0 
 07/21  15:50:00,34.0,19.61699585520555,32.66066337289988,19.61699585520555,0.0,11196.594863056667,32.66066337289988,0.0,0.0,0.059871,16.6,0.0,32.65853132201073,0.059871,0.059871,0.0,0.0,0.059871,0.0,0.0,0.0,0.059871,0.0,0.059871,0.0 
 07/21  15:51:00,34.0,19.615936120578194,32.66278814138264,19.615936120578194,0.0,11192.641244684604,32.66278814138264,0.0,0.0,0.059871,16.6,0.0,32.66066337289988,0.059871,0.059871,0.0,0.0,0.059871,0.0,0.0,0.0,0.059871,0.0,0.059871,0.0 
 07/21  15:52:00,34.0,19.61488266950717,32.66490565820016,19.61488266950717,0.0,11188.711054335408,32.66490565820016,0.0,0.0,0.059871,16.6,0.0,32.66278814138264,0.059871,0.059871,0.0,0.0,0.059871,0.0,0.0,0.0,0.059871,0.0,0.059871,0.0 
 07/21  15:53:00,34.0,19.613834876948488,32.66701595935165,19.613834876948488,0.0,11184.80202783789,32.66701595935165,0.0,0.0,0.059871,16.6,0.0,32.66490565820016,0.059871,0.059871,0.0,0.0,0.059871,0.0,0.0,0.0,0.059871,0.0,0.059871,0.0 
 07/21  15:54:00,34.0,19.61279329172822,32.66911904005147,19.61279329172822,0.0,11180.916145982183,32.66911904005147,0.0,0.0,0.059871,16.6,0.0,32.66701595935165,0.059871,0.059871,0.0,0.0,0.059871,0.0,0.0,0.0,0.059871,0.0,0.059871,0.0 
 07/21  15:55:00,34.0,19.611757297255345,32.67121498135777,19.611757297255345,0.0,11177.051157380893,32.67121498135777,0.0,0.0,0.059871,16.6,0.0,32.66911904005147,0.059871,0.059871,0.0,0.0,0.059871,0.0,0.0,0.0,0.059871,0.0,0.059871,0.0 
 07/21  15:56:00,34.0,19.610727435387393,32.673303769334595,19.610727435387393,0.0,11173.209054121031,32.673303769334595,0.0,0.0,0.059871,16.6,0.0,32.67121498135777,0.059871,0.059871,0.0,0.0,0.059871,0.0,0.0,0.0,0.059871,0.0,0.059871,0.0 
 07/21  15:57:00,34.0,19.609703097476665,32.67538544932061,19.609703097476665,0.0,11169.387577175818,32.67538544932061,0.0,0.0,0.059871,16.6,0.0,32.673303769334595,0.059871,0.059871,0.0,0.0,0.059871,0.0,0.0,0.0,0.059871,0.0,0.059871,0.0 
 07/21  15:58:00,34.0,19.608684819117443,32.67746005175122,19.608684819117443,0.0,11165.588713954767,32.67746005175122,0.0,0.0,0.059871,16.6,0.0,32.67538544932061,0.059871,0.059871,0.0,0.0,0.059871,0.0,0.0,0.0,0.059871,0.0,0.059871,0.0 
 07/21  15:59:00,34.0,19.607671998840527,32.67952761109851,19.607671998840527,0.0,11161.810232083753,32.67952761109851,0.0,0.0,0.059871,16.6,0.0,32.67746005175122,0.059871,0.059871,0.0,0.0,0.059871,0.0,0.0,0.0,0.059871,0.0,0.059871,0.0 
 07/21  16:00:00,34.0,19.606665165674784,32.68158812242481,19.606665165674784,0.0,11158.054094604431,32.68158812242481,0.0,0.0,0.059871,16.6,0.0,32.67952761109851,0.059871,0.059871,0.0,0.0,0.059871,0.0,0.0,0.0,0.059871,0.0,0.059871,0.0,88387200.0 
 07/21  16:01:00,34.0,19.605663725251016,32.68364166508212,19.605663725251016,0.0,11154.318095503622,32.68364166508212,0.0,0.0,0.059871,16.6,0.0,32.68158812242481,0.059871,0.059871,0.0,0.0,0.059871,0.0,0.0,0.0,0.059871,0.0,0.059871,0.0 
 07/21  16:02:00,34.0,19.60466820028826,32.68568822502663,19.60466820028826,0.0,11150.60417440383,32.68568822502663,0.0,0.0,0.059871,16.6,0.0,32.68364166508212,0.059871,0.059871,0.0,0.0,0.059871,0.0,0.0,0.0,0.059871,0.0,0.059871,0.0 
 07/21  16:03:00,34.0,19.60367800355179,32.68772784606589,19.60367800355179,0.0,11146.910151780476,32.68772784606589,0.0,0.0,0.059871,16.6,0.0,32.68568822502663,0.059871,0.059871,0.0,0.0,0.059871,0.0,0.0,0.0,0.059871,0.0,0.059871,0.0 
 07/21  16:04:00,34.0,19.60269365158978,32.68976055832793,19.60269365158978,0.0,11143.237944352759,32.68976055832793,0.0,0.0,0.059871,16.6,0.0,32.68772784606589,0.059871,0.059871,0.0,0.0,0.059871,0.0,0.0,0.0,0.059871,0.0,0.059871,0.0 
 07/21  16:05:00,34.0,19.60171456421309,32.691786394828384,19.60171456421309,0.0,11139.585398754489,32.691786394828384,0.0,0.0,0.059871,16.6,0.0,32.68976055832793,0.059871,0.059871,0.0,0.0,0.059871,0.0,0.0,0.0,0.059871,0.0,0.059871,0.0 
 07/21  16:06:00,34.0,19.600741252678567,32.693805350487274,19.600741252678567,0.0,11135.9543935912,32.693805350487274,0.0,0.0,0.059871,16.6,0.0,32.691786394828384,0.059871,0.059871,0.0,0.0,0.059871,0.0,0.0,0.0,0.059871,0.0,0.059871,0.0 
 07/21  16:07:00,34.0,19.59977314387877,32.695817503006175,19.59977314387877,0.0,11132.342820277336,32.695817503006175,0.0,0.0,0.059871,16.6,0.0,32.693805350487274,0.059871,0.059871,0.0,0.0,0.059871,0.0,0.0,0.0,0.059871,0.0,0.059871,0.0 
 07/21  16:08:00,34.0,19.598810741931334,32.69782283824596,19.598810741931334,0.0,11128.75254939621,32.69782283824596,0.0,0.0,0.059871,16.6,0.0,32.695817503006175,0.059871,0.059871,0.0,0.0,0.059871,0.0,0.0,0.0,0.059871,0.0,0.059871,0.0 
 07/21  16:09:00,34.0,19.597853480095676,32.69982139854848,19.597853480095676,0.0,11125.181477512575,32.69982139854848,0.0,0.0,0.059871,16.6,0.0,32.69782283824596,0.059871,0.059871,0.0,0.0,0.059871,0.0,0.0,0.0,0.059871,0.0,0.059871,0.0 
 07/21  16:10:00,34.0,19.596901857482585,32.701813213733395,19.596901857482585,0.0,11121.631438179948,32.701813213733395,0.0,0.0,0.059871,16.6,0.0,32.69982139854848,0.059871,0.059871,0.0,0.0,0.059871,0.0,0.0,0.0,0.059871,0.0,0.059871,0.0 
 07/21  16:11:00,34.0,19.595955314532613,32.70379831542685,19.595955314532613,0.0,11118.100373083917,32.70379831542685,0.0,0.0,0.059871,16.6,0.0,32.701813213733395,0.059871,0.059871,0.0,0.0,0.059871,0.0,0.0,0.0,0.059871,0.0,0.059871,0.0 
 07/21  16:12:00,34.0,19.595014343568327,32.70577669841587,19.595014343568327,0.0,11114.590109031042,32.70577669841587,0.0,0.0,0.059871,16.6,0.0,32.70379831542685,0.059871,0.059871,0.0,0.0,0.059871,0.0,0.0,0.0,0.059871,0.0,0.059871,0.0 
 07/21  16:13:00,34.0,19.59407839208733,32.70774843880431,19.59407839208733,0.0,11111.098577019548,32.70774843880431,0.0,0.0,0.059871,16.6,0.0,32.70577669841587,0.059871,0.059871,0.0,0.0,0.059871,0.0,0.0,0.0,0.059871,0.0,0.059871,0.0 
 07/21  16:14:00,34.0,19.593147946897194,32.70971352236955,19.593147946897194,0.0,11107.627601827298,32.70971352236955,0.0,0.0,0.059871,16.6,0.0,32.70774843880431,0.059871,0.059871,0.0,0.0,0.059871,0.0,0.0,0.0,0.059871,0.0,0.059871,0.0 
 07/21  16:15:00,34.0,19.59222246202851,32.711671990049915,19.59222246202851,0.0,11104.17513872038,32.711671990049915,0.0,0.0,0.059871,16.6,0.0,32.70971352236955,0.059871,0.059871,0.0,0.0,0.059871,0.0,0.0,0.0,0.059871,0.0,0.059871,0.0 
 07/21  16:16:00,34.0,19.59130241842275,32.713623871356326,19.59130241842275,0.0,11100.742990691593,32.713623871356326,0.0,0.0,0.059871,16.6,0.0,32.711671990049915,0.059871,0.059871,0.0,0.0,0.059871,0.0,0.0,0.0,0.059871,0.0,0.059871,0.0 
 07/21  16:17:00,34.0,19.590387276476047,32.71556919658959,19.590387276476047,0.0,11097.329136653021,32.71556919658959,0.0,0.0,0.059871,16.6,0.0,32.713623871356326,0.059871,0.059871,0.0,0.0,0.059871,0.0,0.0,0.0,0.059871,0.0,0.059871,0.0 
 07/21  16:18:00,34.0,19.58947751224351,32.71750796041349,19.58947751224351,0.0,11093.935343055382,32.71750796041349,0.0,0.0,0.059871,16.6,0.0,32.71556919658959,0.059871,0.059871,0.0,0.0,0.059871,0.0,0.0,0.0,0.059871,0.0,0.059871,0.0 
 07/21  16:19:00,34.0,19.588572591848905,32.71944023738518,19.588572591848905,0.0,11090.559646881935,32.71944023738518,0.0,0.0,0.059871,16.6,0.0,32.71750796041349,0.059871,0.059871,0.0,0.0,0.059871,0.0,0.0,0.0,0.059871,0.0,0.059871,0.0 
 07/21  16:20:00,34.0,19.587672984536148,32.72136601321077,19.587672984536148,0.0,11087.203789285204,32.72136601321077,0.0,0.0,0.059871,16.6,0.0,32.71944023738518,0.059871,0.059871,0.0,0.0,0.059871,0.0,0.0,0.0,0.059871,0.0,0.059871,0.0 
 07/21  16:21:00,34.0,19.586778164185628,32.723285327484504,19.586778164185628,0.0,11083.865780889191,32.723285327484504,0.0,0.0,0.059871,16.6,0.0,32.72136601321077,0.059871,0.059871,0.0,0.0,0.059871,0.0,0.0,0.0,0.059871,0.0,0.059871,0.0 
 07/21  16:22:00,34.0,19.585888595294247,32.72519820940845,19.585888595294247,0.0,11080.547382001554,32.72519820940845,0.0,0.0,0.059871,16.6,0.0,32.723285327484504,0.059871,0.059871,0.0,0.0,0.059871,0.0,0.0,0.0,0.059871,0.0,0.059871,0.0 
 07/21  16:23:00,34.0,19.585003757017496,32.72710468801832,19.585003757017496,0.0,11077.246641218035,32.72710468801832,0.0,0.0,0.059871,16.6,0.0,32.72519820940845,0.059871,0.059871,0.0,0.0,0.059871,0.0,0.0,0.0,0.059871,0.0,0.059871,0.0 
 07/21  16:24:00,34.0,19.584124108660436,32.72900475786308,19.584124108660436,0.0,11073.965262823334,32.72900475786308,0.0,0.0,0.059871,16.6,0.0,32.72710468801832,0.059871,0.059871,0.0,0.0,0.059871,0.0,0.0,0.0,0.059871,0.0,0.059871,0.0 
 07/21  16:25:00,34.0,19.58324913486876,32.73089849200013,19.58324913486876,0.0,11070.701352524584,32.73089849200013,0.0,0.0,0.059871,16.6,0.0,32.72900475786308,0.059871,0.059871,0.0,0.0,0.059871,0.0,0.0,0.0,0.059871,0.0,0.059871,0.0 
 07/21  16:26:00,34.0,19.58237928936251,32.732785876074495,19.58237928936251,0.0,11067.456575517772,32.732785876074495,0.0,0.0,0.059871,16.6,0.0,32.73089849200013,0.059871,0.059871,0.0,0.0,0.059871,0.0,0.0,0.0,0.059871,0.0,0.059871,0.0 
 07/21  16:27:00,34.0,19.581514064603045,32.73466694839124,19.581514064603045,0.0,11064.229029838429,32.73466694839124,0.0,0.0,0.059871,16.6,0.0,32.732785876074495,0.059871,0.059871,0.0,0.0,0.059871,0.0,0.0,0.0,0.059871,0.0,0.059871,0.0 
 07/21  16:28:00,34.0,19.580653908728863,32.736541737842586,19.580653908728863,0.0,11061.020415006196,32.736541737842586,0.0,0.0,0.059871,16.6,0.0,32.73466694839124,0.059871,0.059871,0.0,0.0,0.059871,0.0,0.0,0.0,0.059871,0.0,0.059871,0.0 
 07/21  16:29:00,34.0,19.579798318766066,32.73841027225572,19.579798318766066,0.0,11057.828845998607,32.73841027225572,0.0,0.0,0.059871,16.6,0.0,32.736541737842586,0.059871,0.059871,0.0,0.0,0.059871,0.0,0.0,0.0,0.059871,0.0,0.059871,0.0 
 07/21  16:30:00,34.0,19.57894773798286,32.74027254607283,19.57894773798286,0.0,11054.655967582112,32.74027254607283,0.0,0.0,0.059871,16.6,0.0,32.73841027225572,0.059871,0.059871,0.0,0.0,0.059871,0.0,0.0,0.0,0.059871,0.0,0.059871,0.0 
 07/21  16:31:00,34.0,19.578101669732042,32.74212863089671,19.578101669732042,0.0,11051.499936562646,32.74212863089671,0.0,0.0,0.059871,16.6,0.0,32.74027254607283,0.059871,0.059871,0.0,0.0,0.059871,0.0,0.0,0.0,0.059871,0.0,0.059871,0.0 
 07/21  16:32:00,34.0,19.577260552224057,32.74397851232184,19.577260552224057,0.0,11048.362378935712,32.74397851232184,0.0,0.0,0.059871,16.6,0.0,32.74212863089671,0.059871,0.059871,0.0,0.0,0.059871,0.0,0.0,0.0,0.059871,0.0,0.059871,0.0 
 07/21  16:33:00,34.0,19.57642389454979,32.74582222741722,19.57642389454979,0.0,11045.241472809106,32.74582222741722,0.0,0.0,0.059871,16.6,0.0,32.74397851232184,0.059871,0.059871,0.0,0.0,0.059871,0.0,0.0,0.0,0.059871,0.0,0.059871,0.0 
 07/21  16:34:00,34.0,19.57559212972615,32.74765980476546,19.57559212972615,0.0,11042.13882490364,32.74765980476546,0.0,0.0,0.059871,16.6,0.0,32.74582222741722,0.059871,0.059871,0.0,0.0,0.059871,0.0,0.0,0.0,0.059871,0.0,0.059871,0.0 
 07/21  16:35:00,34.0,19.574764772542927,32.749491271039666,19.574764772542927,0.0,11039.05263448335,32.749491271039666,0.0,0.0,0.059871,16.6,0.0,32.74765980476546,0.059871,0.059871,0.0,0.0,0.059871,0.0,0.0,0.0,0.059871,0.0,0.059871,0.0 
 07/21  16:36:00,34.0,19.57394225177881,32.7513166205835,19.57394225177881,0.0,11035.984474258357,32.7513166205835,0.0,0.0,0.059871,16.6,0.0,32.749491271039666,0.059871,0.059871,0.0,0.0,0.059871,0.0,0.0,0.0,0.059871,0.0,0.059871,0.0 
 07/21  16:37:00,34.0,19.57312408725027,32.753135923588054,19.57312408725027,0.0,11032.93259872247,32.753135923588054,0.0,0.0,0.059871,16.6,0.0,32.7513166205835,0.059871,0.059871,0.0,0.0,0.059871,0.0,0.0,0.0,0.059871,0.0,0.059871,0.0 
 07/21  16:38:00,34.0,19.57231070233338,32.75494916560695,19.57231070233338,0.0,11029.898542260056,32.75494916560695,0.0,0.0,0.059871,16.6,0.0,32.753135923588054,0.059871,0.059871,0.0,0.0,0.059871,0.0,0.0,0.0,0.059871,0.0,0.059871,0.0 
 07/21  16:39:00,34.0,19.571501623224407,32.75675638252271,19.571501623224407,0.0,11026.88056476029,32.75675638252271,0.0,0.0,0.059871,16.6,0.0,32.75494916560695,0.059871,0.059871,0.0,0.0,0.059871,0.0,0.0,0.0,0.059871,0.0,0.059871,0.0 
 07/21  16:40:00,34.0,19.570697268691678,32.75855760260755,19.570697268691678,0.0,11023.880201805645,32.75855760260755,0.0,0.0,0.059871,16.6,0.0,32.75675638252271,0.059871,0.059871,0.0,0.0,0.059871,0.0,0.0,0.0,0.059871,0.0,0.059871,0.0 
 07/21  16:41:00,34.0,19.56989716948945,32.76035285143085,19.56989716948945,0.0,11020.895748447238,32.76035285143085,0.0,0.0,0.059871,16.6,0.0,32.75855760260755,0.059871,0.059871,0.0,0.0,0.059871,0.0,0.0,0.0,0.059871,0.0,0.059871,0.0 
 07/21  16:42:00,34.0,19.569101739135437,32.76214212324437,19.569101739135437,0.0,11017.928702529416,32.76214212324437,0.0,0.0,0.059871,16.6,0.0,32.76035285143085,0.059871,0.059871,0.0,0.0,0.059871,0.0,0.0,0.0,0.059871,0.0,0.059871,0.0 
 07/21  16:43:00,34.0,19.568310514778698,32.763925486867464,19.568310514778698,0.0,11014.977364577371,32.763925486867464,0.0,0.0,0.059871,16.6,0.0,32.76214212324437,0.059871,0.059871,0.0,0.0,0.059871,0.0,0.0,0.0,0.059871,0.0,0.059871,0.0 
 07/21  16:44:00,34.0,19.567523905576255,32.7657029278217,19.567523905576255,0.0,11012.043234526782,32.7657029278217,0.0,0.0,0.059871,16.6,0.0,32.763925486867464,0.059871,0.059871,0.0,0.0,0.059871,0.0,0.0,0.0,0.059871,0.0,0.059871,0.0 
 07/21  16:45:00,34.0,19.566741453944857,32.76747448085041,19.566741453944857,0.0,11009.124632446259,32.76747448085041,0.0,0.0,0.059871,16.6,0.0,32.7657029278217,0.059871,0.059871,0.0,0.0,0.059871,0.0,0.0,0.0,0.059871,0.0,0.059871,0.0 
 07/21  16:46:00,34.0,19.565963563263495,32.769240173915804,19.565963563263495,0.0,11006.22305506332,32.769240173915804,0.0,0.0,0.059871,16.6,0.0,32.76747448085041,0.059871,0.059871,0.0,0.0,0.059871,0.0,0.0,0.0,0.059871,0.0,0.059871,0.0 
 07/21  16:47:00,34.0,19.565189781747854,32.77100003153273,19.565189781747854,0.0,11003.336807508258,32.77100003153273,0.0,0.0,0.059871,16.6,0.0,32.769240173915804,0.059871,0.059871,0.0,0.0,0.059871,0.0,0.0,0.0,0.059871,0.0,0.059871,0.0 
 07/21  16:48:00,34.0,19.564420508504057,32.772754047869284,19.564420508504057,0.0,11000.467388880421,32.772754047869284,0.0,0.0,0.059871,16.6,0.0,32.77100003153273,0.059871,0.059871,0.0,0.0,0.059871,0.0,0.0,0.0,0.059871,0.0,0.059871,0.0 
 07/21  16:49:00,34.0,19.563655297028046,32.774502290413096,19.563655297028046,0.0,10997.613123922229,32.774502290413096,0.0,0.0,0.059871,16.6,0.0,32.772754047869284,0.059871,0.059871,0.0,0.0,0.059871,0.0,0.0,0.0,0.059871,0.0,0.059871,0.0 
 07/21  16:50:00,34.0,19.56289454168995,32.77624474466396,19.56289454168995,0.0,10994.775494145848,32.77624474466396,0.0,0.0,0.059871,16.6,0.0,32.774502290413096,0.059871,0.059871,0.0,0.0,0.059871,0.0,0.0,0.0,0.059871,0.0,0.059871,0.0 
 07/21  16:51:00,34.0,19.562137801052696,32.77798144427252,19.562137801052696,0.0,10991.952843114155,32.77798144427252,0.0,0.0,0.059871,16.6,0.0,32.77624474466396,0.059871,0.059871,0.0,0.0,0.059871,0.0,0.0,0.0,0.059871,0.0,0.059871,0.0 
 07/21  16:52:00,34.0,19.561385464889106,32.77971241689253,19.561385464889106,0.0,10989.146635266956,32.77971241689253,0.0,0.0,0.059871,16.6,0.0,32.77798144427252,0.059871,0.059871,0.0,0.0,0.059871,0.0,0.0,0.0,0.059871,0.0,0.059871,0.0 
 07/21  16:53:00,34.0,19.560637096876235,32.78143768603168,19.560637096876235,0.0,10986.355233162227,32.78143768603168,0.0,0.0,0.059871,16.6,0.0,32.77971241689253,0.059871,0.059871,0.0,0.0,0.059871,0.0,0.0,0.0,0.059871,0.0,0.059871,0.0 
 07/21  16:54:00,34.0,19.55989308310031,32.78315724578239,19.55989308310031,0.0,10983.58006936705,32.78315724578239,0.0,0.0,0.059871,16.6,0.0,32.78143768603168,0.059871,0.059871,0.0,0.0,0.059871,0.0,0.0,0.0,0.059871,0.0,0.059871,0.0 
 07/21  16:55:00,34.0,19.55915299164877,32.78487116233843,19.55915299164877,0.0,10980.819559188185,32.78487116233843,0.0,0.0,0.059871,16.6,0.0,32.78315724578239,0.059871,0.059871,0.0,0.0,0.059871,0.0,0.0,0.0,0.059871,0.0,0.059871,0.0 
 07/21  16:56:00,34.0,19.558417203732354,32.78657942118713,19.558417203732354,0.0,10978.075098913774,32.78657942118713,0.0,0.0,0.059871,16.6,0.0,32.78487116233843,0.059871,0.059871,0.0,0.0,0.059871,0.0,0.0,0.0,0.059871,0.0,0.059871,0.0 
 07/21  16:57:00,34.0,19.55768529319916,32.78828205492995,19.55768529319916,0.0,10975.345107058642,32.78828205492995,0.0,0.0,0.059871,16.6,0.0,32.78657942118713,0.059871,0.059871,0.0,0.0,0.059871,0.0,0.0,0.0,0.059871,0.0,0.059871,0.0 
 07/21  16:58:00,34.0,19.55695763637983,32.78997909091324,19.55695763637983,0.0,10972.630998144738,32.78997909091324,0.0,0.0,0.059871,16.6,0.0,32.78828205492995,0.059871,0.059871,0.0,0.0,0.059871,0.0,0.0,0.0,0.059871,0.0,0.059871,0.0 
 07/21  16:59:00,34.0,19.556233811738583,32.79167055168189,19.556233811738583,0.0,10969.931189652953,32.79167055168189,0.0,0.0,0.059871,16.6,0.0,32.78997909091324,0.059871,0.059871,0.0,0.0,0.059871,0.0,0.0,0.0,0.059871,0.0,0.059871,0.0 
 07/21  17:00:00,34.0,19.555514192109968,32.79335643125992,19.555514192109968,0.0,10967.247064971552,32.79335643125992,0.0,0.0,0.059871,16.6,0.0,32.79167055168189,0.059871,0.059871,0.0,0.0,0.059871,0.0,0.0,0.0,0.059871,0.0,0.059871,0.0,88387200.0 
 07/21  17:01:00,34.0,19.55479836112758,32.79503679458308,19.55479836112758,0.0,10964.577078939237,32.79503679458308,0.0,0.0,0.059871,16.6,0.0,32.79335643125992,0.059871,0.059871,0.0,0.0,0.059871,0.0,0.0,0.0,0.059871,0.0,0.059871,0.0 
 07/21  17:02:00,34.0,19.55408668638115,32.79671162713512,19.55408668638115,0.0,10961.922613618677,32.79671162713512,0.0,0.0,0.059871,16.6,0.0,32.79503679458308,0.059871,0.059871,0.0,0.0,0.059871,0.0,0.0,0.0,0.059871,0.0,0.059871,0.0 
 07/21  17:03:00,34.0,19.553378755894087,32.79838096050991,19.553378755894087,0.0,10959.28212199552,32.79838096050991,0.0,0.0,0.059871,16.6,0.0,32.79671162713512,0.059871,0.059871,0.0,0.0,0.059871,0.0,0.0,0.0,0.059871,0.0,0.059871,0.0 
 07/21  17:04:00,34.0,19.552674934753604,32.80004482174799,19.552674934753604,0.0,10956.656940578268,32.80004482174799,0.0,0.0,0.059871,16.6,0.0,32.79838096050991,0.059871,0.059871,0.0,0.0,0.059871,0.0,0.0,0.0,0.059871,0.0,0.059871,0.0 
 07/21  17:05:00,34.0,19.551974815492446,32.8017032324743,19.551974815492446,0.0,10954.04559350126,32.8017032324743,0.0,0.0,0.059871,16.6,0.0,32.80004482174799,0.059871,0.059871,0.0,0.0,0.059871,0.0,0.0,0.0,0.059871,0.0,0.059871,0.0 
 07/21  17:06:00,34.0,19.551278757669902,32.80335618665216,19.551278757669902,0.0,10951.44939675377,32.80335618665216,0.0,0.0,0.059871,16.6,0.0,32.8017032324743,0.059871,0.059871,0.0,0.0,0.059871,0.0,0.0,0.0,0.059871,0.0,0.059871,0.0 
 07/21  17:07:00,34.0,19.550586358865893,32.80500374799432,19.550586358865893,0.0,10948.866856943092,32.80500374799432,0.0,0.0,0.059871,16.6,0.0,32.80335618665216,0.059871,0.059871,0.0,0.0,0.059871,0.0,0.0,0.0,0.059871,0.0,0.059871,0.0 
 07/21  17:08:00,34.0,19.54989797494023,32.80664590199008,19.54989797494023,0.0,10946.29929446256,32.80664590199008,0.0,0.0,0.059871,16.6,0.0,32.80500374799432,0.059871,0.059871,0.0,0.0,0.059871,0.0,0.0,0.0,0.059871,0.0,0.059871,0.0 
 07/21  17:09:00,34.0,19.549213208195436,32.80828267926582,19.549213208195436,0.0,10943.745233449285,32.80828267926582,0.0,0.0,0.059871,16.6,0.0,32.80664590199008,0.059871,0.059871,0.0,0.0,0.059871,0.0,0.0,0.0,0.059871,0.0,0.059871,0.0 
 07/21  17:10:00,34.0,19.548532410332246,32.80991410655808,19.548532410332246,0.0,10941.20597886199,32.80991410655808,0.0,0.0,0.059871,16.6,0.0,32.80828267926582,0.059871,0.059871,0.0,0.0,0.059871,0.0,0.0,0.0,0.059871,0.0,0.059871,0.0 
 07/21  17:11:00,34.0,19.54785518811955,32.81154020461223,19.54785518811955,0.0,10938.680071416653,32.81154020461223,0.0,0.0,0.059871,16.6,0.0,32.80991410655808,0.059871,0.059871,0.0,0.0,0.059871,0.0,0.0,0.0,0.059871,0.0,0.059871,0.0 
 07/21  17:12:00,34.0,19.547181889186653,32.813160967337524,19.547181889186653,0.0,10936.168800962729,32.813160967337524,0.0,0.0,0.059871,16.6,0.0,32.81154020461223,0.059871,0.059871,0.0,0.0,0.059871,0.0,0.0,0.0,0.059871,0.0,0.059871,0.0 
 07/21  17:13:00,34.0,19.546512124807315,32.81477645725599,19.546512124807315,0.0,10933.67072493775,32.81477645725599,0.0,0.0,0.059871,16.6,0.0,32.813160967337524,0.059871,0.059871,0.0,0.0,0.059871,0.0,0.0,0.0,0.059871,0.0,0.059871,0.0 
 07/21  17:14:00,34.0,19.545846238649382,32.816386659869636,19.545846238649382,0.0,10931.18711849008,32.816386659869636,0.0,0.0,0.059871,16.6,0.0,32.81477645725599,0.059871,0.059871,0.0,0.0,0.059871,0.0,0.0,0.0,0.059871,0.0,0.059871,0.0 
 07/21  17:15:00,34.0,19.545183846455927,32.81799160487361,19.545183846455927,0.0,10928.716555646715,32.81799160487361,0.0,0.0,0.059871,16.6,0.0,32.816386659869636,0.059871,0.059871,0.0,0.0,0.059871,0.0,0.0,0.0,0.059871,0.0,0.059871,0.0 
 07/21  17:16:00,34.0,19.54452528876743,32.819591318700425,19.54452528876743,0.0,10926.260281880463,32.819591318700425,0.0,0.0,0.059871,16.6,0.0,32.81799160487361,0.059871,0.059871,0.0,0.0,0.059871,0.0,0.0,0.0,0.059871,0.0,0.059871,0.0 
 07/21  17:17:00,34.0,19.54387018508465,32.82118582125249,19.54387018508465,0.0,10923.816921310921,32.82118582125249,0.0,0.0,0.059871,16.6,0.0,32.819591318700425,0.059871,0.059871,0.0,0.0,0.059871,0.0,0.0,0.0,0.059871,0.0,0.059871,0.0 
 07/21  17:18:00,34.0,19.54321887163165,32.82277510638985,19.54321887163165,0.0,10921.38768532786,32.82277510638985,0.0,0.0,0.059871,16.6,0.0,32.82118582125249,0.059871,0.059871,0.0,0.0,0.059871,0.0,0.0,0.0,0.059871,0.0,0.059871,0.0 
 07/21  17:19:00,34.0,19.54257097302294,32.82435923547352,19.54257097302294,0.0,10918.97119895696,32.82435923547352,0.0,0.0,0.059871,16.6,0.0,32.82277510638985,0.059871,0.059871,0.0,0.0,0.059871,0.0,0.0,0.0,0.059871,0.0,0.059871,0.0 
 07/21  17:20:00,34.0,19.541926821943044,32.8259381940246,19.541926821943044,0.0,10916.56867853625,32.8259381940246,0.0,0.0,0.059871,16.6,0.0,32.82435923547352,0.059871,0.059871,0.0,0.0,0.059871,0.0,0.0,0.0,0.059871,0.0,0.059871,0.0 
 07/21  17:21:00,34.0,19.54128604634037,32.82751201084172,19.54128604634037,0.0,10914.1787795043,32.82751201084172,0.0,0.0,0.059871,16.6,0.0,32.8259381940246,0.059871,0.059871,0.0,0.0,0.059871,0.0,0.0,0.0,0.059871,0.0,0.059871,0.0 
 07/21  17:22:00,34.0,19.54064897470893,32.82908071205429,19.54064897470893,0.0,10911.802684601862,32.82908071205429,0.0,0.0,0.059871,16.6,0.0,32.82751201084172,0.059871,0.059871,0.0,0.0,0.059871,0.0,0.0,0.0,0.059871,0.0,0.059871,0.0 
 07/21  17:23:00,34.0,19.540015240163537,32.830644316757855,19.540015240163537,0.0,10909.439050387522,32.830644316757855,0.0,0.0,0.059871,16.6,0.0,32.82908071205429,0.059871,0.059871,0.0,0.0,0.059871,0.0,0.0,0.0,0.059871,0.0,0.059871,0.0 
 07/21  17:24:00,34.0,19.539385167088106,32.83220281876941,19.539385167088106,0.0,10907.089080447095,32.83220281876941,0.0,0.0,0.059871,16.6,0.0,32.830644316757855,0.059871,0.059871,0.0,0.0,0.059871,0.0,0.0,0.0,0.059871,0.0,0.059871,0.0 
 07/21  17:25:00,34.0,19.53875839331818,32.833756278319136,19.53875839331818,0.0,10904.751412781625,32.833756278319136,0.0,0.0,0.059871,16.6,0.0,32.83220281876941,0.059871,0.059871,0.0,0.0,0.059871,0.0,0.0,0.0,0.059871,0.0,0.059871,0.0 
 07/21  17:26:00,34.0,19.538135239727914,32.83530468095475,19.538135239727914,0.0,10902.42725598956,32.83530468095475,0.0,0.0,0.059871,16.6,0.0,32.833756278319136,0.059871,0.059871,0.0,0.0,0.059871,0.0,0.0,0.0,0.059871,0.0,0.059871,0.0 
 07/21  17:27:00,34.0,19.537515348142428,32.8368480546128,19.537515348142428,0.0,10900.115262889321,32.8368480546128,0.0,0.0,0.059871,16.6,0.0,32.83530468095475,0.059871,0.059871,0.0,0.0,0.059871,0.0,0.0,0.0,0.059871,0.0,0.059871,0.0 
 07/21  17:28:00,34.0,19.536899035576383,32.83838642512162,19.536899035576383,0.0,10897.816627747994,32.83838642512162,0.0,0.0,0.059871,16.6,0.0,32.8368480546128,0.059871,0.059871,0.0,0.0,0.059871,0.0,0.0,0.0,0.059871,0.0,0.059871,0.0 
 07/21  17:29:00,34.0,19.53628594702788,32.839919810804815,19.53628594702788,0.0,10895.530033181582,32.839919810804815,0.0,0.0,0.059871,16.6,0.0,32.83838642512162,0.059871,0.059871,0.0,0.0,0.059871,0.0,0.0,0.0,0.059871,0.0,0.059871,0.0 
 07/21  17:30:00,34.0,19.535676396513082,32.84144820544261,19.535676396513082,0.0,10893.256626295442,32.84144820544261,0.0,0.0,0.059871,16.6,0.0,32.839919810804815,0.059871,0.059871,0.0,0.0,0.059871,0.0,0.0,0.0,0.059871,0.0,0.059871,0.0 
 07/21  17:31:00,34.0,19.53507003351628,32.842971668163266,19.53507003351628,0.0,10890.995124371466,32.842971668163266,0.0,0.0,0.059871,16.6,0.0,32.84144820544261,0.059871,0.059871,0.0,0.0,0.059871,0.0,0.0,0.0,0.059871,0.0,0.059871,0.0 
 07/21  17:32:00,34.0,19.534467168529858,32.844490184548306,19.534467168529858,0.0,10888.746661447221,32.844490184548306,0.0,0.0,0.059871,16.6,0.0,32.842971668163266,0.059871,0.059871,0.0,0.0,0.059871,0.0,0.0,0.0,0.059871,0.0,0.059871,0.0 
 07/21  17:33:00,34.0,19.533867454890252,32.84600378170486,19.533867454890252,0.0,10886.509969093982,32.84600378170486,0.0,0.0,0.059871,16.6,0.0,32.844490184548306,0.059871,0.059871,0.0,0.0,0.059871,0.0,0.0,0.0,0.059871,0.0,0.059871,0.0 
 07/21  17:34:00,34.0,19.533271199447118,32.847512485162106,19.533271199447118,0.0,10884.286167840073,32.847512485162106,0.0,0.0,0.059871,16.6,0.0,32.84600378170486,0.059871,0.059871,0.0,0.0,0.059871,0.0,0.0,0.0,0.059871,0.0,0.059871,0.0 
 07/21  17:35:00,34.0,19.532678059425013,32.84901631250492,19.532678059425013,0.0,10882.074003679605,32.84901631250492,0.0,0.0,0.059871,16.6,0.0,32.847512485162106,0.059871,0.059871,0.0,0.0,0.059871,0.0,0.0,0.0,0.059871,0.0,0.059871,0.0 
 07/21  17:36:00,34.0,19.532088338190206,32.85051525748252,19.532088338190206,0.0,10879.874584222962,32.85051525748252,0.0,0.0,0.059871,16.6,0.0,32.84901631250492,0.059871,0.059871,0.0,0.0,0.059871,0.0,0.0,0.0,0.059871,0.0,0.059871,0.0 
 07/21  17:37:00,34.0,19.531501696873047,32.852009378148665,19.531501696873047,0.0,10877.686669952627,32.852009378148665,0.0,0.0,0.059871,16.6,0.0,32.85051525748252,0.059871,0.059871,0.0,0.0,0.059871,0.0,0.0,0.0,0.059871,0.0,0.059871,0.0 
 07/21  17:38:00,34.0,19.53091843619724,32.85349866012496,19.53091843619724,0.0,10875.511340708941,32.85349866012496,0.0,0.0,0.059871,16.6,0.0,32.852009378148665,0.059871,0.059871,0.0,0.0,0.059871,0.0,0.0,0.0,0.059871,0.0,0.059871,0.0 
 07/21  17:39:00,34.0,19.530338220499903,32.85498312971942,19.530338220499903,0.0,10873.347404817108,32.85498312971942,0.0,0.0,0.059871,16.6,0.0,32.85349866012496,0.059871,0.059871,0.0,0.0,0.059871,0.0,0.0,0.0,0.059871,0.0,0.059871,0.0 
 07/21  17:40:00,34.0,19.529761346669595,32.85646281216301,19.529761346669595,0.0,10871.195909926273,32.85646281216301,0.0,0.0,0.059871,16.6,0.0,32.85498312971942,0.059871,0.059871,0.0,0.0,0.059871,0.0,0.0,0.0,0.059871,0.0,0.059871,0.0 
 07/21  17:41:00,34.0,19.529187482821687,32.857937724332054,19.529187482821687,0.0,10869.055678360168,32.857937724332054,0.0,0.0,0.059871,16.6,0.0,32.85646281216301,0.059871,0.059871,0.0,0.0,0.059871,0.0,0.0,0.0,0.059871,0.0,0.059871,0.0 
 07/21  17:42:00,34.0,19.528616922641714,32.85940785994882,19.528616922641714,0.0,10866.927745906696,32.85940785994882,0.0,0.0,0.059871,16.6,0.0,32.857937724332054,0.059871,0.059871,0.0,0.0,0.059871,0.0,0.0,0.0,0.059871,0.0,0.059871,0.0 
 07/21  17:43:00,34.0,19.528049338918677,32.860873276017415,19.528049338918677,0.0,10864.81093425923,32.860873276017415,0.0,0.0,0.059871,16.6,0.0,32.85940785994882,0.059871,0.059871,0.0,0.0,0.059871,0.0,0.0,0.0,0.059871,0.0,0.059871,0.0 
 07/21  17:44:00,34.0,19.52748502222088,32.86233395820425,19.52748502222088,0.0,10862.706285621989,32.86233395820425,0.0,0.0,0.059871,16.6,0.0,32.860873276017415,0.059871,0.059871,0.0,0.0,0.059871,0.0,0.0,0.0,0.059871,0.0,0.059871,0.0 
 07/21  17:45:00,34.0,19.52692364797318,32.8637899320463,19.52692364797318,0.0,10860.612649399663,32.8637899320463,0.0,0.0,0.059871,16.6,0.0,32.86233395820425,0.059871,0.059871,0.0,0.0,0.059871,0.0,0.0,0.0,0.059871,0.0,0.059871,0.0 
 07/21  17:46:00,34.0,19.52636550299719,32.865241222476904,19.52636550299719,0.0,10858.531035957843,32.865241222476904,0.0,0.0,0.059871,16.6,0.0,32.8637899320463,0.059871,0.059871,0.0,0.0,0.059871,0.0,0.0,0.0,0.059871,0.0,0.059871,0.0 
 07/21  17:47:00,34.0,19.525810267285635,32.86668784569277,19.525810267285635,0.0,10856.460293694781,32.86668784569277,0.0,0.0,0.059871,16.6,0.0,32.865241222476904,0.059871,0.059871,0.0,0.0,0.059871,0.0,0.0,0.0,0.059871,0.0,0.059871,0.0 
 07/21  17:48:00,34.0,19.525258224055165,32.86812979539368,19.525258224055165,0.0,10854.401455497504,32.86812979539368,0.0,0.0,0.059871,16.6,0.0,32.86668784569277,0.059871,0.059871,0.0,0.0,0.059871,0.0,0.0,0.0,0.059871,0.0,0.059871,0.0 
 07/21  17:49:00,34.0,19.52470905745268,32.869567127559016,19.52470905745268,0.0,10852.35334929931,32.869567127559016,0.0,0.0,0.059871,16.6,0.0,32.86812979539368,0.059871,0.059871,0.0,0.0,0.059871,0.0,0.0,0.0,0.059871,0.0,0.059871,0.0 
 07/21  17:50:00,34.0,19.52416304767837,32.87099982790595,19.52416304767837,0.0,10850.317014736898,32.87099982790595,0.0,0.0,0.059871,16.6,0.0,32.869567127559016,0.059871,0.059871,0.0,0.0,0.059871,0.0,0.0,0.0,0.059871,0.0,0.059871,0.0 
 07/21  17:51:00,34.0,19.523619882307656,32.87242792122886,19.523619882307656,0.0,10848.291292468679,32.87242792122886,0.0,0.0,0.059871,16.6,0.0,32.87099982790595,0.059871,0.059871,0.0,0.0,0.059871,0.0,0.0,0.0,0.059871,0.0,0.059871,0.0 
 07/21  17:52:00,34.0,19.523079837386256,32.873851432165985,19.523079837386256,0.0,10846.27722463084,32.873851432165985,0.0,0.0,0.059871,16.6,0.0,32.87242792122886,0.059871,0.059871,0.0,0.0,0.059871,0.0,0.0,0.0,0.059871,0.0,0.059871,0.0 
 07/21  17:53:00,34.0,19.522542604539424,32.87527037626368,19.522542604539424,0.0,10844.273631076718,32.87527037626368,0.0,0.0,0.059871,16.6,0.0,32.873851432165985,0.059871,0.059871,0.0,0.0,0.059871,0.0,0.0,0.0,0.059871,0.0,0.059871,0.0 
 07/21  17:54:00,34.0,19.522008457086713,32.87668474720505,19.522008457086713,0.0,10842.281561738046,32.87668474720505,0.0,0.0,0.059871,16.6,0.0,32.87527037626368,0.059871,0.059871,0.0,0.0,0.059871,0.0,0.0,0.0,0.059871,0.0,0.059871,0.0 
 07/21  17:55:00,34.0,19.52147708939491,32.87809459996981,19.52147708939491,0.0,10840.299864563789,32.87809459996981,0.0,0.0,0.059871,16.6,0.0,32.87668474720505,0.059871,0.059871,0.0,0.0,0.059871,0.0,0.0,0.0,0.059871,0.0,0.059871,0.0 
 07/21  17:56:00,34.0,19.520948772205433,32.879499920332044,19.520948772205433,0.0,10838.32954409072,32.879499920332044,0.0,0.0,0.059871,16.6,0.0,32.87809459996981,0.059871,0.059871,0.0,0.0,0.059871,0.0,0.0,0.0,0.059871,0.0,0.059871,0.0 
 07/21  17:57:00,34.0,19.520423203660567,32.88090073237081,19.520423203660567,0.0,10836.369480195935,32.88090073237081,0.0,0.0,0.059871,16.6,0.0,32.879499920332044,0.059871,0.059871,0.0,0.0,0.059871,0.0,0.0,0.0,0.059871,0.0,0.059871,0.0 
 07/21  17:58:00,34.0,19.519900651423086,32.882297060431235,19.519900651423086,0.0,10834.420665991975,32.882297060431235,0.0,0.0,0.059871,16.6,0.0,32.88090073237081,0.059871,0.059871,0.0,0.0,0.059871,0.0,0.0,0.0,0.059871,0.0,0.059871,0.0 
 07/21  17:59:00,34.0,19.519380816892976,32.883688919436196,19.519380816892976,0.0,10832.481993446872,32.883688919436196,0.0,0.0,0.059871,16.6,0.0,32.882297060431235,0.059871,0.059871,0.0,0.0,0.059871,0.0,0.0,0.0,0.059871,0.0,0.059871,0.0 
 07/21  18:00:00,34.0,19.518863964598115,32.885076303056195,19.518863964598115,0.0,10830.554444040194,32.885076303056195,0.0,0.0,0.059871,16.6,0.0,32.883688919436196,0.059871,0.059871,0.0,0.0,0.059871,0.0,0.0,0.0,0.059871,0.0,0.059871,0.0,88387200.0 
 07/21  18:01:00,34.0,19.390625754387575,32.86703264201947,19.390625754387575,0.0,10354.712477337886,32.86703264201947,0.0,0.0,0.059871,16.6,0.0,32.885076303056195,0.059871,0.059871,0.0,0.0,0.059871,0.0,0.0,0.0,0.059871,0.0,0.059871,0.0 
 07/21  18:02:00,34.0,19.24012165012648,32.83821005918734,19.24012165012648,0.0,9794.094531808832,32.83821005918734,0.0,0.0,0.059871,16.6,0.0,32.86703264201947,0.059871,0.059871,0.0,0.0,0.059871,0.0,0.0,0.0,0.059871,0.0,0.059871,0.0 
 07/21  18:03:00,34.0,19.140338561291603,32.80778153366879,19.140338561291603,0.0,9421.499934081467,32.80778153366879,0.0,0.0,0.059871,16.6,0.0,32.83821005918734,0.059871,0.059871,0.0,0.0,0.059871,0.0,0.0,0.0,0.059871,0.0,0.059871,0.0 
 07/21  18:04:00,34.0,19.095693049597998,32.77988366478123,19.095693049597998,0.0,9254.350487536676,32.77988366478123,0.0,0.0,0.059871,16.6,0.0,32.80778153366879,0.059871,0.059871,0.0,0.0,0.059871,0.0,0.0,0.0,0.059871,0.0,0.059871,0.0 
 07/21  18:05:00,34.0,19.082058056856695,32.75529785725244,19.082058056856695,0.0,9203.094433890337,32.75529785725244,0.0,0.0,0.059871,16.6,0.0,32.77988366478123,0.059871,0.059871,0.0,0.0,0.059871,0.0,0.0,0.0,0.059871,0.0,0.059871,0.0 
 07/21  18:06:00,34.0,19.07841214260408,32.73360263642448,19.07841214260408,0.0,9189.36412353913,32.73360263642448,0.0,0.0,0.059871,16.6,0.0,32.75529785725244,0.059871,0.059871,0.0,0.0,0.059871,0.0,0.0,0.0,0.059871,0.0,0.059871,0.0 
 07/21  18:07:00,34.0,19.075251215796282,32.71425402174053,19.075251215796282,0.0,9177.58761860704,32.71425402174053,0.0,0.0,0.059871,16.6,0.0,32.73360263642448,0.059871,0.059871,0.0,0.0,0.059871,0.0,0.0,0.0,0.059871,0.0,0.059871,0.0 
 07/21  18:08:00,34.0,19.07093747010485,32.69686975440649,19.07093747010485,0.0,9161.544441186528,32.69686975440649,0.0,0.0,0.059871,16.6,0.0,32.71425402174053,0.059871,0.059871,0.0,0.0,0.059871,0.0,0.0,0.0,0.059871,0.0,0.059871,0.0 
 07/21  18:09:00,34.0,19.066353323255342,32.6812086196455,19.066353323255342,0.0,9144.48108509268,32.6812086196455,0.0,0.0,0.059871,16.6,0.0,32.69686975440649,0.059871,0.059871,0.0,0.0,0.059871,0.0,0.0,0.0,0.059871,0.0,0.059871,0.0 
 07/21  18:10:00,34.0,19.06226989499077,32.66709950859223,19.06226989499077,0.0,9129.27031572769,32.66709950859223,0.0,0.0,0.059871,16.6,0.0,32.6812086196455,0.059871,0.059871,0.0,0.0,0.059871,0.0,0.0,0.0,0.059871,0.0,0.059871,0.0 
 07/21  18:11:00,34.0,19.05880038894837,32.654398805655454,19.05880038894837,0.0,9116.343703851899,32.654398805655454,0.0,0.0,0.059871,16.6,0.0,32.66709950859223,0.059871,0.059871,0.0,0.0,0.059871,0.0,0.0,0.0,0.059871,0.0,0.059871,0.0 
 07/21  18:12:00,34.0,19.055747621911284,32.64297505190935,19.055747621911284,0.0,9104.97182840449,32.64297505190935,0.0,0.0,0.059871,16.6,0.0,32.654398805655454,0.059871,0.059871,0.0,0.0,0.059871,0.0,0.0,0.0,0.059871,0.0,0.059871,0.0 
 07/21  18:13:00,34.0,19.052893644648112,32.63270678744862,19.052893644648112,0.0,9094.343523522926,32.63270678744862,0.0,0.0,0.059871,16.6,0.0,32.64297505190935,0.059871,0.059871,0.0,0.0,0.059871,0.0,0.0,0.0,0.059871,0.0,0.059871,0.0 
 07/21  18:14:00,34.0,19.050130648167375,32.623482678811314,19.050130648167375,0.0,9084.05570902035,32.623482678811314,0.0,0.0,0.059871,16.6,0.0,32.63270678744862,0.059871,0.059871,0.0,0.0,0.059871,0.0,0.0,0.0,0.059871,0.0,0.059871,0.0 
 07/21  18:15:00,34.0,19.047419412079243,32.61520192455932,19.047419412079243,0.0,9073.961277364873,32.61520192455932,0.0,0.0,0.059871,16.6,0.0,32.623482678811314,0.059871,0.059871,0.0,0.0,0.059871,0.0,0.0,0.0,0.059871,0.0,0.059871,0.0 
 07/21  18:16:00,34.0,19.04476072068451,32.60777374599548,19.04476072068451,0.0,9064.062559872418,32.60777374599548,0.0,0.0,0.059871,16.6,0.0,32.61520192455932,0.059871,0.059871,0.0,0.0,0.059871,0.0,0.0,0.0,0.059871,0.0,0.059871,0.0 
 07/21  18:17:00,34.0,19.042151316655012,32.6011162836266,19.042151316655012,0.0,9054.347488777958,32.6011162836266,0.0,0.0,0.059871,16.6,0.0,32.60777374599548,0.059871,0.059871,0.0,0.0,0.059871,0.0,0.0,0.0,0.059871,0.0,0.059871,0.0 
 07/21  18:18:00,34.0,19.039591091910445,32.595155811178245,19.039591091910445,0.0,9044.815570641404,32.595155811178245,0.0,0.0,0.059871,16.6,0.0,32.6011162836266,0.059871,0.059871,0.0,0.0,0.059871,0.0,0.0,0.0,0.059871,0.0,0.059871,0.0 
 07/21  18:19:00,34.0,19.037071316048273,32.58982580688996,19.037071316048273,0.0,9035.434476057562,32.58982580688996,0.0,0.0,0.059871,16.6,0.0,32.595155811178245,0.059871,0.059871,0.0,0.0,0.059871,0.0,0.0,0.0,0.059871,0.0,0.059871,0.0 
 07/21  18:20:00,34.0,19.03458984689256,32.585066265186164,19.03458984689256,0.0,9026.196098650553,32.585066265186164,0.0,0.0,0.059871,16.6,0.0,32.58982580688996,0.059871,0.059871,0.0,0.0,0.059871,0.0,0.0,0.0,0.059871,0.0,0.059871,0.0 
 07/21  18:21:00,34.0,19.032140211112996,32.58082292292173,19.032140211112996,0.0,9017.076405827123,32.58082292292173,0.0,0.0,0.059871,16.6,0.0,32.585066265186164,0.059871,0.059871,0.0,0.0,0.059871,0.0,0.0,0.0,0.059871,0.0,0.059871,0.0 
 07/21  18:22:00,34.0,19.029722682021433,32.577046897054245,19.029722682021433,0.0,9008.076306041175,32.577046897054245,0.0,0.0,0.059871,16.6,0.0,32.58082292292173,0.059871,0.059871,0.0,0.0,0.059871,0.0,0.0,0.0,0.059871,0.0,0.059871,0.0 
 07/21  18:23:00,34.0,19.027332954214568,32.5736939052175,19.027332954214568,0.0,8999.179848629892,32.5736939052175,0.0,0.0,0.059871,16.6,0.0,32.577046897054245,0.059871,0.059871,0.0,0.0,0.059871,0.0,0.0,0.0,0.059871,0.0,0.059871,0.0 
 07/21  18:24:00,34.0,19.02497212941957,32.57072404935776,19.02497212941957,0.0,8990.391043003274,32.57072404935776,0.0,0.0,0.059871,16.6,0.0,32.5736939052175,0.059871,0.059871,0.0,0.0,0.059871,0.0,0.0,0.0,0.059871,0.0,0.059871,0.0 
 07/21  18:25:00,34.0,19.022636595257378,32.568101178071245,19.022636595257378,0.0,8981.696522758039,32.568101178071245,0.0,0.0,0.059871,16.6,0.0,32.57072404935776,0.059871,0.059871,0.0,0.0,0.059871,0.0,0.0,0.0,0.059871,0.0,0.059871,0.0 
 07/21  18:26:00,34.0,19.020327607667664,32.5657927183492,19.020327607667664,0.0,8973.100869479513,32.5657927183492,0.0,0.0,0.059871,16.6,0.0,32.568101178071245,0.059871,0.059871,0.0,0.0,0.059871,0.0,0.0,0.0,0.059871,0.0,0.059871,0.0 
 07/21  18:27:00,34.0,19.018041963484098,32.563769105450085,19.018041963484098,0.0,8964.592234219062,32.563769105450085,0.0,0.0,0.059871,16.6,0.0,32.5657927183492,0.059871,0.059871,0.0,0.0,0.059871,0.0,0.0,0.0,0.059871,0.0,0.059871,0.0 
 07/21  18:28:00,34.0,19.015781022422626,32.56200373535262,19.015781022422626,0.0,8956.175598080654,32.56200373535262,0.0,0.0,0.059871,16.6,0.0,32.563769105450085,0.059871,0.059871,0.0,0.0,0.059871,0.0,0.0,0.0,0.059871,0.0,0.059871,0.0 
 07/21  18:29:00,34.0,19.0135419056052,32.56047241905063,19.0135419056052,0.0,8947.840314618079,32.56047241905063,0.0,0.0,0.059871,16.6,0.0,32.56200373535262,0.059871,0.059871,0.0,0.0,0.059871,0.0,0.0,0.0,0.059871,0.0,0.059871,0.0 
 07/21  18:30:00,34.0,19.01132602281062,32.559153397757264,19.01132602281062,0.0,8939.591565174374,32.559153397757264,0.0,0.0,0.059871,16.6,0.0,32.56047241905063,0.059871,0.059871,0.0,0.0,0.059871,0.0,0.0,0.0,0.059871,0.0,0.059871,0.0 
 07/21  18:31:00,34.0,19.00913073006021,32.55802686951482,19.00913073006021,0.0,8931.4195743227,32.55802686951482,0.0,0.0,0.059871,16.6,0.0,32.559153397757264,0.059871,0.059871,0.0,0.0,0.059871,0.0,0.0,0.0,0.059871,0.0,0.059871,0.0 
 07/21  18:32:00,34.0,19.00695744509829,32.557075030367805,19.00695744509829,0.0,8923.32953880414,32.557075030367805,0.0,0.0,0.059871,16.6,0.0,32.55802686951482,0.059871,0.059871,0.0,0.0,0.059871,0.0,0.0,0.0,0.059871,0.0,0.059871,0.0 
 07/21  18:33:00,34.0,19.0048037053936,32.556281646757334,19.0048037053936,0.0,8915.312356063423,32.556281646757334,0.0,0.0,0.059871,16.6,0.0,32.557075030367805,0.059871,0.059871,0.0,0.0,0.059871,0.0,0.0,0.0,0.059871,0.0,0.059871,0.0 
 07/21  18:34:00,34.0,19.002670917177074,32.555632143947484,19.002670917177074,0.0,8907.37320899134,32.555632143947484,0.0,0.0,0.059871,16.6,0.0,32.556281646757334,0.059871,0.059871,0.0,0.0,0.059871,0.0,0.0,0.0,0.059871,0.0,0.059871,0.0 
 07/21  18:35:00,34.0,19.000556766241115,32.555113204414454,19.000556766241115,0.0,8899.503516437153,32.555113204414454,0.0,0.0,0.059871,16.6,0.0,32.555632143947484,0.059871,0.059871,0.0,0.0,0.059871,0.0,0.0,0.0,0.059871,0.0,0.059871,0.0 
 07/21  18:36:00,34.0,18.998462639123108,32.554712881898865,18.998462639123108,0.0,8891.70840272378,32.554712881898865,0.0,0.0,0.059871,16.6,0.0,32.555113204414454,0.059871,0.059871,0.0,0.0,0.059871,0.0,0.0,0.0,0.059871,0.0,0.059871,0.0 
 07/21  18:37:00,34.0,18.996386346136724,32.5544202444409,18.996386346136724,0.0,8883.979762754343,32.5544202444409,0.0,0.0,0.059871,16.6,0.0,32.554712881898865,0.059871,0.059871,0.0,0.0,0.059871,0.0,0.0,0.0,0.059871,0.0,0.059871,0.0 
 07/21  18:38:00,34.0,18.994329248887105,32.55422549345059,18.994329248887105,0.0,8876.322614240116,32.55422549345059,0.0,0.0,0.059871,16.6,0.0,32.5544202444409,0.059871,0.059871,0.0,0.0,0.059871,0.0,0.0,0.0,0.059871,0.0,0.059871,0.0 
 07/21  18:39:00,34.0,18.992289266061835,32.55411964070547,18.992289266061835,0.0,8868.729253982701,32.55411964070547,0.0,0.0,0.059871,16.6,0.0,32.55422549345059,0.059871,0.059871,0.0,0.0,0.059871,0.0,0.0,0.0,0.059871,0.0,0.059871,0.0 
 07/21  18:40:00,34.0,18.99026773224654,32.55409464752116,18.99026773224654,0.0,8861.204599644974,32.55409464752116,0.0,0.0,0.059871,16.6,0.0,32.55411964070547,0.059871,0.059871,0.0,0.0,0.059871,0.0,0.0,0.0,0.059871,0.0,0.059871,0.0 
 07/21  18:41:00,34.0,18.988262661456464,32.554143117076876,18.988262661456464,0.0,8853.74130154899,32.554143117076876,0.0,0.0,0.059871,16.6,0.0,32.55409464752116,0.059871,0.059871,0.0,0.0,0.059871,0.0,0.0,0.0,0.059871,0.0,0.059871,0.0 
 07/21  18:42:00,34.0,18.98627535928589,32.55425844311048,18.98627535928589,0.0,8846.344184176014,32.55425844311048,0.0,0.0,0.059871,16.6,0.0,32.554143117076876,0.059871,0.059871,0.0,0.0,0.059871,0.0,0.0,0.0,0.059871,0.0,0.059871,0.0 
 07/21  18:43:00,34.0,18.984303924521143,32.55443453761598,18.984303924521143,0.0,8839.006198013494,32.55443453761598,0.0,0.0,0.059871,16.6,0.0,32.55425844311048,0.059871,0.059871,0.0,0.0,0.059871,0.0,0.0,0.0,0.059871,0.0,0.059871,0.0 
 07/21  18:44:00,34.0,18.982349634185354,32.55466596709725,18.982349634185354,0.0,8831.732061706112,32.55466596709725,0.0,0.0,0.059871,16.6,0.0,32.55443453761598,0.059871,0.059871,0.0,0.0,0.059871,0.0,0.0,0.0,0.059871,0.0,0.059871,0.0 
 07/21  18:45:00,34.0,18.98041066321055,32.55494770740653,18.98041066321055,0.0,8824.515022299674,32.55494770740653,0.0,0.0,0.059871,16.6,0.0,32.55466596709725,0.059871,0.059871,0.0,0.0,0.059871,0.0,0.0,0.0,0.059871,0.0,0.059871,0.0 
 07/21  18:46:00,34.0,18.978488259957132,32.55527529301831,18.978488259957132,0.0,8817.359678090888,32.55527529301831,0.0,0.0,0.059871,16.6,0.0,32.55494770740653,0.059871,0.059871,0.0,0.0,0.059871,0.0,0.0,0.0,0.059871,0.0,0.059871,0.0 
 07/21  18:47:00,34.0,18.97658066921928,32.55564457350247,18.97658066921928,0.0,8810.259535212808,32.55564457350247,0.0,0.0,0.059871,16.6,0.0,32.55527529301831,0.059871,0.059871,0.0,0.0,0.059871,0.0,0.0,0.0,0.059871,0.0,0.059871,0.0 
 07/21  18:48:00,34.0,18.97468911072292,32.556051866212215,18.97468911072292,0.0,8803.219100014612,32.556051866212215,0.0,0.0,0.059871,16.6,0.0,32.55564457350247,0.059871,0.059871,0.0,0.0,0.059871,0.0,0.0,0.0,0.059871,0.0,0.059871,0.0 
 07/21  18:49:00,34.0,18.97281189304973,32.55649374679389,18.97281189304973,0.0,8796.2321010601,32.55649374679389,0.0,0.0,0.059871,16.6,0.0,32.556051866212215,0.059871,0.059871,0.0,0.0,0.059871,0.0,0.0,0.0,0.059871,0.0,0.059871,0.0 
 07/21  18:50:00,34.0,18.9709502079458,32.55696717588055,18.9709502079458,0.0,8789.302955124485,32.55696717588055,0.0,0.0,0.059871,16.6,0.0,32.55649374679389,0.059871,0.059871,0.0,0.0,0.059871,0.0,0.0,0.0,0.059871,0.0,0.059871,0.0 
 07/21  18:51:00,34.0,18.969102422340267,32.557469312790644,18.969102422340267,0.0,8782.42560714606,32.557469312790644,0.0,0.0,0.059871,16.6,0.0,32.55696717588055,0.059871,0.059871,0.0,0.0,0.059871,0.0,0.0,0.0,0.059871,0.0,0.059871,0.0 
 07/21  18:52:00,34.0,18.967269701985078,32.55799765671967,18.967269701985078,0.0,8775.604349437359,32.55799765671967,0.0,0.0,0.059871,16.6,0.0,32.557469312790644,0.059871,0.059871,0.0,0.0,0.059871,0.0,0.0,0.0,0.059871,0.0,0.059871,0.0 
 07/21  18:53:00,34.0,18.96545046837731,32.55854984907862,18.96545046837731,0.0,8768.833357451353,32.55854984907862,0.0,0.0,0.059871,16.6,0.0,32.55799765671967,0.059871,0.059871,0.0,0.0,0.059871,0.0,0.0,0.0,0.059871,0.0,0.059871,0.0 
 07/21  18:54:00,34.0,18.963645860088704,32.55912381667587,18.963645860088704,0.0,8762.116836825659,32.55912381667587,0.0,0.0,0.059871,16.6,0.0,32.55854984907862,0.059871,0.059871,0.0,0.0,0.059871,0.0,0.0,0.0,0.059871,0.0,0.059871,0.0 
 07/21  18:55:00,34.0,18.961854349979813,32.559717609874774,18.961854349979813,0.0,8755.449111350135,32.559717609874774,0.0,0.0,0.059871,16.6,0.0,32.55912381667587,0.059871,0.059871,0.0,0.0,0.059871,0.0,0.0,0.0,0.059871,0.0,0.059871,0.0 
 07/21  18:56:00,34.0,18.96007705163802,32.56032950948774,18.96007705163802,0.0,8748.834322155917,32.56032950948774,0.0,0.0,0.059871,16.6,0.0,32.559717609874774,0.059871,0.059871,0.0,0.0,0.059871,0.0,0.0,0.0,0.059871,0.0,0.059871,0.0 
 07/21  18:57:00,34.0,18.95831248509189,32.560957885725514,18.95831248509189,0.0,8742.266967972915,32.560957885725514,0.0,0.0,0.059871,16.6,0.0,32.56032950948774,0.059871,0.059871,0.0,0.0,0.059871,0.0,0.0,0.0,0.059871,0.0,0.059871,0.0 
 07/21  18:58:00,34.0,18.956561739930144,32.56160132419625,18.956561739930144,0.0,8735.751086967002,32.56160132419625,0.0,0.0,0.059871,16.6,0.0,32.560957885725514,0.059871,0.059871,0.0,0.0,0.059871,0.0,0.0,0.0,0.059871,0.0,0.059871,0.0 
 07/21  18:59:00,34.0,18.954823380593197,32.56225846230012,18.954823380593197,0.0,8729.281356591415,32.56225846230012,0.0,0.0,0.059871,16.6,0.0,32.56160132419625,0.059871,0.059871,0.0,0.0,0.059871,0.0,0.0,0.0,0.059871,0.0,0.059871,0.0 
 07/21  19:00:00,34.0,18.95309847363435,32.56292811783591,18.95309847363435,0.0,8722.861715664467,32.56292811783591,0.0,0.0,0.059871,16.6,0.0,32.56225846230012,0.059871,0.059871,0.0,0.0,0.059871,0.0,0.0,0.0,0.059871,0.0,0.059871,0.0,49104000.0 
 07/21  19:01:00,34.0,18.95138562461765,32.56360916395688,18.95138562461765,0.0,8716.487022068113,32.56360916395688,0.0,0.0,0.059871,16.6,0.0,32.56292811783591,0.059871,0.059871,0.0,0.0,0.059871,0.0,0.0,0.0,0.059871,0.0,0.059871,0.0 
 07/21  19:02:00,34.0,18.949685877796938,32.56430061371022,18.949685877796938,0.0,8710.161104077924,32.56430061371022,0.0,0.0,0.059871,16.6,0.0,32.56360916395688,0.059871,0.059871,0.0,0.0,0.059871,0.0,0.0,0.0,0.059871,0.0,0.059871,0.0 
 07/21  19:03:00,34.0,18.94799787948482,32.56500151426293,18.94799787948482,0.0,8703.878956747621,32.56500151426293,0.0,0.0,0.059871,16.6,0.0,32.56430061371022,0.059871,0.059871,0.0,0.0,0.059871,0.0,0.0,0.0,0.059871,0.0,0.059871,0.0 
 07/21  19:04:00,34.0,18.94632265184326,32.5657110558915,18.94632265184326,0.0,8697.644368334168,32.5657110558915,0.0,0.0,0.059871,16.6,0.0,32.56500151426293,0.059871,0.059871,0.0,0.0,0.059871,0.0,0.0,0.0,0.059871,0.0,0.059871,0.0 
 07/21  19:05:00,34.0,18.944658877151827,32.566428434416515,18.944658877151827,0.0,8691.45246721263,32.566428434416515,0.0,0.0,0.059871,16.6,0.0,32.5657110558915,0.059871,0.059871,0.0,0.0,0.059871,0.0,0.0,0.0,0.059871,0.0,0.059871,0.0 
 07/21  19:06:00,34.0,18.943007557555948,32.56715296420337,18.943007557555948,0.0,8685.306925737568,32.56715296420337,0.0,0.0,0.059871,16.6,0.0,32.566428434416515,0.059871,0.059871,0.0,0.0,0.059871,0.0,0.0,0.0,0.059871,0.0,0.059871,0.0 
 07/21  19:07:00,34.0,18.941367411010315,32.56788398196774,18.941367411010315,0.0,8679.203032379819,32.56788398196774,0.0,0.0,0.059871,16.6,0.0,32.56715296420337,0.059871,0.059871,0.0,0.0,0.059871,0.0,0.0,0.0,0.059871,0.0,0.059871,0.0 
 07/21  19:08:00,34.0,18.939739419525257,32.568620909812886,18.939739419525257,0.0,8673.144384921798,32.568620909812886,0.0,0.0,0.059871,16.6,0.0,32.56788398196774,0.059871,0.059871,0.0,0.0,0.059871,0.0,0.0,0.0,0.059871,0.0,0.059871,0.0 
 07/21  19:09:00,34.0,18.938122334782168,32.56936317730021,18.938122334782168,0.0,8667.126382978717,32.56936317730021,0.0,0.0,0.059871,16.6,0.0,32.568620909812886,0.059871,0.059871,0.0,0.0,0.059871,0.0,0.0,0.0,0.059871,0.0,0.059871,0.0 
 07/21  19:10:00,34.0,18.936517119446947,32.57011031403124,18.936517119446947,0.0,8661.152566569826,32.57011031403124,0.0,0.0,0.059871,16.6,0.0,32.56936317730021,0.059871,0.059871,0.0,0.0,0.059871,0.0,0.0,0.0,0.059871,0.0,0.059871,0.0 
 07/21  19:11:00,34.0,18.93492255661564,32.570861832454256,18.93492255661564,0.0,8655.21845176107,32.570861832454256,0.0,0.0,0.059871,16.6,0.0,32.57011031403124,0.059871,0.059871,0.0,0.0,0.059871,0.0,0.0,0.0,0.059871,0.0,0.059871,0.0 
 07/21  19:12:00,34.0,18.933339590163797,32.57161732606027,18.933339590163797,0.0,8649.327508961014,32.57161732606027,0.0,0.0,0.059871,16.6,0.0,32.570861832454256,0.059871,0.059871,0.0,0.0,0.059871,0.0,0.0,0.0,0.059871,0.0,0.059871,0.0 
 07/21  19:13:00,34.0,18.931767033816097,32.572376396100985,18.931767033816097,0.0,8643.47535395661,32.572376396100985,0.0,0.0,0.059871,16.6,0.0,32.57161732606027,0.059871,0.059871,0.0,0.0,0.059871,0.0,0.0,0.0,0.059871,0.0,0.059871,0.0 
 07/21  19:14:00,34.0,18.93020581365469,32.573138695318725,18.93020581365469,0.0,8637.66540507625,32.573138695318725,0.0,0.0,0.059871,16.6,0.0,32.572376396100985,0.059871,0.059871,0.0,0.0,0.059871,0.0,0.0,0.0,0.059871,0.0,0.059871,0.0 
 07/21  19:15:00,34.0,18.928654771866945,32.57390387223993,18.928654771866945,0.0,8631.893383632592,32.57390387223993,0.0,0.0,0.059871,16.6,0.0,32.573138695318725,0.059871,0.059871,0.0,0.0,0.059871,0.0,0.0,0.0,0.059871,0.0,0.059871,0.0 
 07/21  19:16:00,34.0,18.9271148170535,32.574671648938065,18.9271148170535,0.0,8626.162643172911,32.574671648938065,0.0,0.0,0.059871,16.6,0.0,32.57390387223993,0.059871,0.059871,0.0,0.0,0.059871,0.0,0.0,0.0,0.059871,0.0,0.059871,0.0 
 07/21  19:17:00,34.0,18.92558481919755,32.57544172006615,18.92558481919755,0.0,8620.468994289073,32.57544172006615,0.0,0.0,0.059871,16.6,0.0,32.574671648938065,0.059871,0.059871,0.0,0.0,0.059871,0.0,0.0,0.0,0.059871,0.0,0.059871,0.0 
 07/21  19:18:00,34.0,18.924065670315585,32.57621383777445,18.924065670315585,0.0,8614.815742866755,32.57621383777445,0.0,0.0,0.059871,16.6,0.0,32.57544172006615,0.059871,0.059871,0.0,0.0,0.059871,0.0,0.0,0.0,0.059871,0.0,0.059871,0.0 
 07/21  19:19:00,34.0,18.92255626622692,32.57698775682821,18.92255626622692,0.0,8609.198795304064,32.57698775682821,0.0,0.0,0.059871,16.6,0.0,32.57621383777445,0.059871,0.059871,0.0,0.0,0.059871,0.0,0.0,0.0,0.059871,0.0,0.059871,0.0 
 07/21  19:20:00,34.0,18.92105748321351,32.577763261589304,18.92105748321351,0.0,8603.6213854181,32.577763261589304,0.0,0.0,0.059871,16.6,0.0,32.57698775682821,0.059871,0.059871,0.0,0.0,0.059871,0.0,0.0,0.0,0.059871,0.0,0.059871,0.0 
 07/21  19:21:00,34.0,18.9195682419529,32.5785401282183,18.9195682419529,0.0,8598.079525548837,32.5785401282183,0.0,0.0,0.059871,16.6,0.0,32.577763261589304,0.059871,0.059871,0.0,0.0,0.059871,0.0,0.0,0.0,0.059871,0.0,0.059871,0.0 
 07/21  19:22:00,34.0,18.918089402295177,32.57931818949544,18.918089402295177,0.0,8592.576402344745,32.57931818949544,0.0,0.0,0.059871,16.6,0.0,32.5785401282183,0.059871,0.059871,0.0,0.0,0.059871,0.0,0.0,0.0,0.059871,0.0,0.059871,0.0 
 07/21  19:23:00,34.0,18.91661990895231,32.58009724696027,18.91661990895231,0.0,8587.108089794965,32.58009724696027,0.0,0.0,0.059871,16.6,0.0,32.57931818949544,0.059871,0.059871,0.0,0.0,0.059871,0.0,0.0,0.0,0.059871,0.0,0.059871,0.0 
 07/21  19:24:00,34.0,18.9151606075146,32.580877144262885,18.9151606075146,0.0,8581.677721718243,32.580877144262885,0.0,0.0,0.059871,16.6,0.0,32.58009724696027,0.059871,0.059871,0.0,0.0,0.059871,0.0,0.0,0.0,0.059871,0.0,0.059871,0.0 
 07/21  19:25:00,34.0,18.913710464954455,32.581657727196614,18.913710464954455,0.0,8576.281482085124,32.581657727196614,0.0,0.0,0.059871,16.6,0.0,32.580877144262885,0.059871,0.059871,0.0,0.0,0.059871,0.0,0.0,0.0,0.059871,0.0,0.059871,0.0 
 07/21  19:26:00,34.0,18.91227031242183,32.58243885641683,18.91227031242183,0.0,8570.922423789802,32.58243885641683,0.0,0.0,0.059871,16.6,0.0,32.581657727196614,0.059871,0.059871,0.0,0.0,0.059871,0.0,0.0,0.0,0.059871,0.0,0.059871,0.0 
 07/21  19:27:00,34.0,18.910839138696858,32.58322038419427,18.910839138696858,0.0,8565.596825352808,32.58322038419427,0.0,0.0,0.059871,16.6,0.0,32.58243885641683,0.059871,0.059871,0.0,0.0,0.059871,0.0,0.0,0.0,0.059871,0.0,0.059871,0.0 
 07/21  19:28:00,34.0,18.909417760034618,32.584002208135765,18.909417760034618,0.0,8560.307698157754,32.584002208135765,0.0,0.0,0.059871,16.6,0.0,32.58322038419427,0.059871,0.059871,0.0,0.0,0.059871,0.0,0.0,0.0,0.059871,0.0,0.059871,0.0 
 07/21  19:29:00,34.0,18.908005187057572,32.584784194031265,18.908005187057572,0.0,8555.051360687554,32.584784194031265,0.0,0.0,0.059871,16.6,0.0,32.584002208135765,0.059871,0.059871,0.0,0.0,0.059871,0.0,0.0,0.0,0.059871,0.0,0.059871,0.0 
 07/21  19:30:00,34.0,18.906602222649763,32.58556623928644,18.906602222649763,0.0,8549.830802127663,32.58556623928644,0.0,0.0,0.059871,16.6,0.0,32.584784194031265,0.059871,0.059871,0.0,0.0,0.059871,0.0,0.0,0.0,0.059871,0.0,0.059871,0.0 
 07/21  19:31:00,34.0,18.905207896679496,32.58634824514058,18.905207896679496,0.0,8544.642425983115,32.58634824514058,0.0,0.0,0.059871,16.6,0.0,32.58556623928644,0.059871,0.059871,0.0,0.0,0.059871,0.0,0.0,0.0,0.059871,0.0,0.059871,0.0 
 07/21  19:32:00,34.0,18.90382299884164,32.58713011735973,18.90382299884164,0.0,8539.489145248714,32.58713011735973,0.0,0.0,0.059871,16.6,0.0,32.58634824514058,0.059871,0.059871,0.0,0.0,0.059871,0.0,0.0,0.0,0.059871,0.0,0.059871,0.0 
 07/21  19:33:00,34.0,18.902446578404657,32.58791175489514,18.902446578404657,0.0,8534.367449012894,32.58791175489514,0.0,0.0,0.059871,16.6,0.0,32.58713011735973,0.059871,0.059871,0.0,0.0,0.059871,0.0,0.0,0.0,0.059871,0.0,0.059871,0.0 
 07/21  19:34:00,34.0,18.90107941265788,32.588693094174566,18.90107941265788,0.0,8529.280190695084,32.588693094174566,0.0,0.0,0.059871,16.6,0.0,32.58791175489514,0.059871,0.059871,0.0,0.0,0.059871,0.0,0.0,0.0,0.059871,0.0,0.059871,0.0 
 07/21  19:35:00,34.0,18.899720568825852,32.58947404077659,18.899720568825852,0.0,8524.223953175015,32.58947404077659,0.0,0.0,0.059871,16.6,0.0,32.588693094174566,0.059871,0.059871,0.0,0.0,0.059871,0.0,0.0,0.0,0.059871,0.0,0.059871,0.0 
 07/21  19:36:00,34.0,18.89837081121158,32.590254524427124,18.89837081121158,0.0,8519.201528152938,32.590254524427124,0.0,0.0,0.059871,16.6,0.0,32.58947404077659,0.059871,0.059871,0.0,0.0,0.059871,0.0,0.0,0.0,0.059871,0.0,0.059871,0.0 
 07/21  19:37:00,34.0,18.89702922544747,32.59103448123657,18.89702922544747,0.0,8514.209553130273,32.59103448123657,0.0,0.0,0.059871,16.6,0.0,32.590254524427124,0.059871,0.059871,0.0,0.0,0.059871,0.0,0.0,0.0,0.059871,0.0,0.059871,0.0 
 07/21  19:38:00,34.0,18.895696563821392,32.59181384430771,18.895696563821392,0.0,8509.250788922549,32.59181384430771,0.0,0.0,0.059871,16.6,0.0,32.59103448123657,0.059871,0.059871,0.0,0.0,0.059871,0.0,0.0,0.0,0.059871,0.0,0.059871,0.0 
 07/21  19:39:00,34.0,18.89437192964756,32.592592542188875,18.89437192964756,0.0,8504.321924996733,32.592592542188875,0.0,0.0,0.059871,16.6,0.0,32.59181384430771,0.059871,0.059871,0.0,0.0,0.059871,0.0,0.0,0.0,0.059871,0.0,0.059871,0.0 
 07/21  19:40:00,34.0,18.893056062629945,32.593370535193735,18.893056062629945,0.0,8499.42570269318,32.593370535193735,0.0,0.0,0.059871,16.6,0.0,32.592592542188875,0.059871,0.059871,0.0,0.0,0.059871,0.0,0.0,0.0,0.059871,0.0,0.059871,0.0 
 07/21  19:41:00,34.0,18.89174808164291,32.59414775440856,18.89174808164291,0.0,8494.558869134144,32.59414775440856,0.0,0.0,0.059871,16.6,0.0,32.593370535193735,0.059871,0.059871,0.0,0.0,0.059871,0.0,0.0,0.0,0.059871,0.0,0.059871,0.0 
 07/21  19:42:00,34.0,18.890448715822284,32.59492414954052,18.890448715822284,0.0,8489.72408584833,32.59492414954052,0.0,0.0,0.059871,16.6,0.0,32.59414775440856,0.059871,0.059871,0.0,0.0,0.059871,0.0,0.0,0.0,0.059871,0.0,0.059871,0.0 
 07/21  19:43:00,34.0,18.88915710062464,32.59569967943645,18.88915710062464,0.0,8484.918188536485,32.59569967943645,0.0,0.0,0.059871,16.6,0.0,32.59492414954052,0.059871,0.059871,0.0,0.0,0.059871,0.0,0.0,0.0,0.059871,0.0,0.059871,0.0 
 07/21  19:44:00,34.0,18.88787395379964,32.59647429425693,18.88787395379964,0.0,8480.143796572942,32.59647429425693,0.0,0.0,0.059871,16.6,0.0,32.59569967943645,0.059871,0.059871,0.0,0.0,0.059871,0.0,0.0,0.0,0.059871,0.0,0.059871,0.0 
 07/21  19:45:00,34.0,18.886598425987955,32.59724794202359,18.886598425987955,0.0,8475.397801910121,32.59724794202359,0.0,0.0,0.059871,16.6,0.0,32.59647429425693,0.059871,0.059871,0.0,0.0,0.059871,0.0,0.0,0.0,0.059871,0.0,0.059871,0.0 
 07/21  19:46:00,34.0,18.885331223721423,32.59802059821283,18.885331223721423,0.0,8470.682782391508,32.59802059821283,0.0,0.0,0.059871,16.6,0.0,32.59724794202359,0.059871,0.059871,0.0,0.0,0.059871,0.0,0.0,0.0,0.059871,0.0,0.059871,0.0 
 07/21  19:47:00,34.0,18.88407151253551,32.5987922108952,18.88407151253551,0.0,8465.995685148668,32.5987922108952,0.0,0.0,0.059871,16.6,0.0,32.59802059821283,0.059871,0.059871,0.0,0.0,0.059871,0.0,0.0,0.0,0.059871,0.0,0.059871,0.0 
 07/21  19:48:00,34.0,18.882819988234125,32.599562742533145,18.882819988234125,0.0,8461.339048309725,32.599562742533145,0.0,0.0,0.059871,16.6,0.0,32.5987922108952,0.059871,0.059871,0.0,0.0,0.059871,0.0,0.0,0.0,0.059871,0.0,0.059871,0.0 
 07/21  19:49:00,34.0,18.881575832039047,32.60033216737374,18.881575832039047,0.0,8456.709850163548,32.60033216737374,0.0,0.0,0.059871,16.6,0.0,32.599562742533145,0.059871,0.059871,0.0,0.0,0.059871,0.0,0.0,0.0,0.059871,0.0,0.059871,0.0 
 07/21  19:50:00,34.0,18.88033972833977,32.601100446580986,18.88033972833977,0.0,8452.110640505261,32.601100446580986,0.0,0.0,0.059871,16.6,0.0,32.60033216737374,0.059871,0.059871,0.0,0.0,0.059871,0.0,0.0,0.0,0.059871,0.0,0.059871,0.0 
 07/21  19:51:00,34.0,18.879110871743716,32.601867541494144,18.879110871743716,0.0,8447.538420269735,32.601867541494144,0.0,0.0,0.059871,16.6,0.0,32.601100446580986,0.059871,0.059871,0.0,0.0,0.059871,0.0,0.0,0.0,0.059871,0.0,0.059871,0.0 
 07/21  19:52:00,34.0,18.87788993756792,32.6026334375478,18.87788993756792,0.0,8442.995678699768,32.6026334375478,0.0,0.0,0.059871,16.6,0.0,32.601867541494144,0.059871,0.059871,0.0,0.0,0.059871,0.0,0.0,0.0,0.059871,0.0,0.059871,0.0 
 07/21  19:53:00,34.0,18.87667613387186,32.60339809456923,18.87667613387186,0.0,8438.479507010352,32.60339809456923,0.0,0.0,0.059871,16.6,0.0,32.6026334375478,0.059871,0.059871,0.0,0.0,0.059871,0.0,0.0,0.0,0.059871,0.0,0.059871,0.0 
 07/21  19:54:00,34.0,18.87547012564163,32.604161483451925,18.87547012564163,0.0,8433.992342704947,32.604161483451925,0.0,0.0,0.059871,16.6,0.0,32.60339809456923,0.059871,0.059871,0.0,0.0,0.059871,0.0,0.0,0.0,0.059871,0.0,0.059871,0.0 
 07/21  19:55:00,34.0,18.874271134542735,32.60492358927212,18.874271134542735,0.0,8429.531313987169,32.60492358927212,0.0,0.0,0.059871,16.6,0.0,32.604161483451925,0.059871,0.059871,0.0,0.0,0.059871,0.0,0.0,0.0,0.059871,0.0,0.059871,0.0 
 07/21  19:56:00,34.0,18.87307981533495,32.605684380548624,18.87307981533495,0.0,8425.098847352023,32.605684380548624,0.0,0.0,0.059871,16.6,0.0,32.60492358927212,0.059871,0.059871,0.0,0.0,0.059871,0.0,0.0,0.0,0.059871,0.0,0.059871,0.0 
 07/21  19:57:00,34.0,18.87189540221538,32.606443828078,18.87189540221538,0.0,8420.692104016971,32.606443828078,0.0,0.0,0.059871,16.6,0.0,32.605684380548624,0.059871,0.059871,0.0,0.0,0.059871,0.0,0.0,0.0,0.059871,0.0,0.059871,0.0 
 07/21  19:58:00,34.0,18.8707185410349,32.607201924065606,18.8707185410349,0.0,8416.313464048832,32.607201924065606,0.0,0.0,0.059871,16.6,0.0,32.606443828078,0.059871,0.059871,0.0,0.0,0.059871,0.0,0.0,0.0,0.059871,0.0,0.059871,0.0 
 07/21  19:59:00,34.0,18.86954847866421,32.60795863678485,18.86954847866421,0.0,8411.96014907824,32.60795863678485,0.0,0.0,0.059871,16.6,0.0,32.607201924065606,0.059871,0.059871,0.0,0.0,0.059871,0.0,0.0,0.0,0.059871,0.0,0.059871,0.0 
 07/21  20:00:00,34.0,18.86838585152587,32.60871394290452,18.86838585152587,0.0,8407.634504239362,32.60871394290452,0.0,0.0,0.059871,16.6,0.0,32.60795863678485,0.059871,0.059871,0.0,0.0,0.059871,0.0,0.0,0.0,0.059871,0.0,0.059871,0.0,49104000.0 
 07/21  20:01:00,34.0,18.867229918380875,32.609467835382226,18.867229918380875,0.0,8403.333795235481,32.609467835382226,0.0,0.0,0.059871,16.6,0.0,32.60871394290452,0.059871,0.059871,0.0,0.0,0.059871,0.0,0.0,0.0,0.059871,0.0,0.059871,0.0 
 07/21  20:02:00,34.0,18.86608130642923,32.610220287833364,18.86608130642923,0.0,8399.060333030748,32.610220287833364,0.0,0.0,0.059871,16.6,0.0,32.609467835382226,0.059871,0.059871,0.0,0.0,0.059871,0.0,0.0,0.0,0.059871,0.0,0.059871,0.0 
 07/21  20:03:00,34.0,18.86493928614996,32.610971278006126,18.86493928614996,0.0,8394.811426762162,32.610971278006126,0.0,0.0,0.059871,16.6,0.0,32.610220287833364,0.059871,0.059871,0.0,0.0,0.059871,0.0,0.0,0.0,0.059871,0.0,0.059871,0.0 
 07/21  20:04:00,34.0,18.863804476427113,32.61172080286569,18.863804476427113,0.0,8390.589343225234,32.61172080286569,0.0,0.0,0.059871,16.6,0.0,32.610971278006126,0.059871,0.059871,0.0,0.0,0.059871,0.0,0.0,0.0,0.059871,0.0,0.059871,0.0 
 07/21  20:05:00,34.0,18.86267615929543,32.61246883696055,18.86267615929543,0.0,8386.391447762653,32.61246883696055,0.0,0.0,0.059871,16.6,0.0,32.61172080286569,0.059871,0.059871,0.0,0.0,0.059871,0.0,0.0,0.0,0.059871,0.0,0.059871,0.0 
 07/21  20:06:00,34.0,18.86155494413159,32.61321536105578,18.86155494413159,0.0,8382.219985303109,32.61321536105578,0.0,0.0,0.059871,16.6,0.0,32.61246883696055,0.059871,0.059871,0.0,0.0,0.059871,0.0,0.0,0.0,0.059871,0.0,0.059871,0.0 
 07/21  20:07:00,34.0,18.860440124347264,32.61396037401868,18.860440124347264,0.0,8378.072336647328,32.61396037401868,0.0,0.0,0.059871,16.6,0.0,32.61321536105578,0.059871,0.059871,0.0,0.0,0.059871,0.0,0.0,0.0,0.059871,0.0,0.059871,0.0 
 07/21  20:08:00,34.0,18.859332300987898,32.614703853121725,18.859332300987898,0.0,8373.950729208973,32.614703853121725,0.0,0.0,0.059871,16.6,0.0,32.61396037401868,0.059871,0.059871,0.0,0.0,0.059871,0.0,0.0,0.0,0.059871,0.0,0.059871,0.0 
 07/21  20:09:00,34.0,18.858230777719815,32.615445781378355,18.858230777719815,0.0,8369.85259513374,32.615445781378355,0.0,0.0,0.059871,16.6,0.0,32.614703853121725,0.059871,0.059871,0.0,0.0,0.059871,0.0,0.0,0.0,0.059871,0.0,0.059871,0.0 
 07/21  20:10:00,34.0,18.857136147614806,32.6161861592029,18.857136147614806,0.0,8365.780105628513,32.6161861592029,0.0,0.0,0.059871,16.6,0.0,32.615445781378355,0.059871,0.059871,0.0,0.0,0.059871,0.0,0.0,0.0,0.059871,0.0,0.059871,0.0 
 07/21  20:11:00,34.0,18.856047725740748,32.61692496594234,18.856047725740748,0.0,8361.730735119912,32.61692496594234,0.0,0.0,0.059871,16.6,0.0,32.6161861592029,0.059871,0.059871,0.0,0.0,0.059871,0.0,0.0,0.0,0.059871,0.0,0.059871,0.0 
 07/21  20:12:00,34.0,18.854966096498117,32.617662185362065,18.854966096498117,0.0,8357.706649323982,32.617662185362065,0.0,0.0,0.059871,16.6,0.0,32.61692496594234,0.059871,0.059871,0.0,0.0,0.059871,0.0,0.0,0.0,0.059871,0.0,0.059871,0.0 
 07/21  20:13:00,34.0,18.85389058540694,32.618397820869625,18.85389058540694,0.0,8353.705334799633,32.618397820869625,0.0,0.0,0.059871,16.6,0.0,32.617662185362065,0.059871,0.059871,0.0,0.0,0.059871,0.0,0.0,0.0,0.059871,0.0,0.059871,0.0 
 07/21  20:14:00,34.0,18.852821768270516,32.619131852446465,18.852821768270516,0.0,8349.728951988973,32.619131852446465,0.0,0.0,0.059871,16.6,0.0,32.618397820869625,0.059871,0.059871,0.0,0.0,0.059871,0.0,0.0,0.0,0.059871,0.0,0.059871,0.0 
 07/21  20:15:00,34.0,18.851758980417113,32.61986426719311,18.851758980417113,0.0,8345.775010532321,32.61986426719311,0.0,0.0,0.059871,16.6,0.0,32.619131852446465,0.059871,0.059871,0.0,0.0,0.059871,0.0,0.0,0.0,0.059871,0.0,0.059871,0.0 
 07/21  20:16:00,34.0,18.850702790446018,32.62059506808781,18.850702790446018,0.0,8341.845630868916,32.62059506808781,0.0,0.0,0.059871,16.6,0.0,32.61986426719311,0.059871,0.059871,0.0,0.0,0.059871,0.0,0.0,0.0,0.059871,0.0,0.059871,0.0 
 07/21  20:17:00,34.0,18.849652543767032,32.62132423823379,18.849652543767032,0.0,8337.938373332458,32.62132423823379,0.0,0.0,0.059871,16.6,0.0,32.62059506808781,0.059871,0.059871,0.0,0.0,0.059871,0.0,0.0,0.0,0.059871,0.0,0.059871,0.0 
 07/21  20:18:00,34.0,18.848608801162268,32.62205176365625,18.848608801162268,0.0,8334.055329372564,32.62205176365625,0.0,0.0,0.059871,16.6,0.0,32.62132423823379,0.059871,0.059871,0.0,0.0,0.059871,0.0,0.0,0.0,0.059871,0.0,0.059871,0.0 
 07/21  20:19:00,34.0,18.847570917429508,32.62277765131625,18.847570917429508,0.0,8330.194094145249,32.62277765131625,0.0,0.0,0.059871,16.6,0.0,32.62205176365625,0.059871,0.059871,0.0,0.0,0.059871,0.0,0.0,0.0,0.059871,0.0,0.059871,0.0 
 07/21  20:20:00,34.0,18.846539445669553,32.623501883258115,18.846539445669553,0.0,8326.356730614416,32.623501883258115,0.0,0.0,0.059871,16.6,0.0,32.62277765131625,0.059871,0.059871,0.0,0.0,0.059871,0.0,0.0,0.0,0.059871,0.0,0.059871,0.0 
 07/21  20:21:00,34.0,18.84551375000483,32.624224449816666,18.84551375000483,0.0,8322.540868523014,32.624224449816666,0.0,0.0,0.059871,16.6,0.0,32.623501883258115,0.059871,0.059871,0.0,0.0,0.059871,0.0,0.0,0.0,0.059871,0.0,0.059871,0.0 
 07/21  20:22:00,34.0,18.844494376129113,32.624945355915095,18.844494376129113,0.0,8318.748543366164,32.624945355915095,0.0,0.0,0.059871,16.6,0.0,32.624224449816666,0.059871,0.059871,0.0,0.0,0.059871,0.0,0.0,0.0,0.059871,0.0,0.059871,0.0 
 07/21  20:23:00,34.0,18.843480697333675,32.625664587652025,18.843480697333675,0.0,8314.977418895774,32.625664587652025,0.0,0.0,0.059871,16.6,0.0,32.624945355915095,0.059871,0.059871,0.0,0.0,0.059871,0.0,0.0,0.0,0.059871,0.0,0.059871,0.0 
 07/21  20:24:00,34.0,18.84247325262697,32.6263821327959,18.84247325262697,0.0,8311.229492596667,32.6263821327959,0.0,0.0,0.059871,16.6,0.0,32.625664587652025,0.059871,0.059871,0.0,0.0,0.059871,0.0,0.0,0.0,0.059871,0.0,0.059871,0.0 
 07/21  20:25:00,34.0,18.84147142378409,32.627098001127536,18.84147142378409,0.0,8307.502486130128,32.627098001127536,0.0,0.0,0.059871,16.6,0.0,32.6263821327959,0.059871,0.059871,0.0,0.0,0.059871,0.0,0.0,0.0,0.059871,0.0,0.059871,0.0 
 07/21  20:26:00,34.0,18.840475742931964,32.62781217630086,18.840475742931964,0.0,8303.798345047153,32.62781217630086,0.0,0.0,0.059871,16.6,0.0,32.627098001127536,0.059871,0.059871,0.0,0.0,0.059871,0.0,0.0,0.0,0.059871,0.0,0.059871,0.0 
 07/21  20:27:00,34.0,18.83948560068553,32.62852465124978,18.83948560068553,0.0,8300.114836987283,32.62852465124978,0.0,0.0,0.059871,16.6,0.0,32.62781217630086,0.059871,0.059871,0.0,0.0,0.059871,0.0,0.0,0.0,0.059871,0.0,0.059871,0.0 
 07/21  20:28:00,34.0,18.83850152148163,32.62923543239717,18.83850152148163,0.0,8296.453892214318,32.62923543239717,0.0,0.0,0.059871,16.6,0.0,32.62852465124978,0.059871,0.059871,0.0,0.0,0.059871,0.0,0.0,0.0,0.059871,0.0,0.059871,0.0 
 07/21  20:29:00,34.0,18.837522904830205,32.62994450826676,18.837522904830205,0.0,8292.813284933409,32.62994450826676,0.0,0.0,0.059871,16.6,0.0,32.62923543239717,0.059871,0.059871,0.0,0.0,0.059871,0.0,0.0,0.0,0.059871,0.0,0.059871,0.0 
 07/21  20:30:00,34.0,18.836550268526707,32.630651868000264,18.836550268526707,0.0,8289.194934001398,32.630651868000264,0.0,0.0,0.059871,16.6,0.0,32.62994450826676,0.059871,0.059871,0.0,0.0,0.059871,0.0,0.0,0.0,0.059871,0.0,0.059871,0.0 
 07/21  20:31:00,34.0,18.83558302045676,32.631357523638464,18.83558302045676,0.0,8285.596644677116,32.631357523638464,0.0,0.0,0.059871,16.6,0.0,32.630651868000264,0.059871,0.059871,0.0,0.0,0.059871,0.0,0.0,0.0,0.059871,0.0,0.059871,0.0 
 07/21  20:32:00,34.0,18.834621671555603,32.632061460117875,18.834621671555603,0.0,8282.020310389653,32.632061460117875,0.0,0.0,0.059871,16.6,0.0,32.631357523638464,0.059871,0.059871,0.0,0.0,0.059871,0.0,0.0,0.0,0.059871,0.0,0.059871,0.0 
 07/21  20:33:00,34.0,18.83366563783383,32.632763672485574,18.83366563783383,0.0,8278.463766521967,32.632763672485574,0.0,0.0,0.059871,16.6,0.0,32.632061460117875,0.059871,0.059871,0.0,0.0,0.059871,0.0,0.0,0.0,0.059871,0.0,0.059871,0.0 
 07/21  20:34:00,34.0,18.832715424129123,32.633464168333525,18.832715424129123,0.0,8274.928870750391,32.633464168333525,0.0,0.0,0.059871,16.6,0.0,32.632763672485574,0.059871,0.059871,0.0,0.0,0.059871,0.0,0.0,0.0,0.059871,0.0,0.059871,0.0 
 07/21  20:35:00,34.0,18.831770454018862,32.63416293817067,18.831770454018862,0.0,8271.41351282264,32.63416293817067,0.0,0.0,0.059871,16.6,0.0,32.633464168333525,0.059871,0.059871,0.0,0.0,0.059871,0.0,0.0,0.0,0.059871,0.0,0.059871,0.0 
 07/21  20:36:00,34.0,18.830831225507687,32.63485997223772,18.830831225507687,0.0,8267.919511942755,32.63485997223772,0.0,0.0,0.059871,16.6,0.0,32.63416293817067,0.059871,0.059871,0.0,0.0,0.059871,0.0,0.0,0.0,0.059871,0.0,0.059871,0.0 
 07/21  20:37:00,34.0,18.829897170610675,32.63555528439595,18.829897170610675,0.0,8264.444775982814,32.63555528439595,0.0,0.0,0.059871,16.6,0.0,32.63485997223772,0.059871,0.059871,0.0,0.0,0.059871,0.0,0.0,0.0,0.059871,0.0,0.059871,0.0 
 07/21  20:38:00,34.0,18.828968780568818,32.63624886062018,18.828968780568818,0.0,8260.991125374567,32.63624886062018,0.0,0.0,0.059871,16.6,0.0,32.63555528439595,0.059871,0.059871,0.0,0.0,0.059871,0.0,0.0,0.0,0.059871,0.0,0.059871,0.0 
 07/21  20:39:00,34.0,18.828045495464433,32.636940697688324,18.828045495464433,0.0,8257.556471626864,32.636940697688324,0.0,0.0,0.059871,16.6,0.0,32.63624886062018,0.059871,0.059871,0.0,0.0,0.059871,0.0,0.0,0.0,0.059871,0.0,0.059871,0.0 
 07/21  20:40:00,34.0,18.82712780037009,32.63763080410828,18.82712780037009,0.0,8254.14262544099,32.63763080410828,0.0,0.0,0.059871,16.6,0.0,32.636940697688324,0.059871,0.059871,0.0,0.0,0.059871,0.0,0.0,0.0,0.059871,0.0,0.059871,0.0 
 07/21  20:41:00,34.0,18.826215142263486,32.63831917202668,18.826215142263486,0.0,8250.747537012106,32.63831917202668,0.0,0.0,0.059871,16.6,0.0,32.63763080410828,0.059871,0.059871,0.0,0.0,0.059871,0.0,0.0,0.0,0.059871,0.0,0.059871,0.0 
 07/21  20:42:00,34.0,18.82530800035131,32.63900579257475,18.82530800035131,0.0,8247.372969064203,32.63900579257475,0.0,0.0,0.059871,16.6,0.0,32.63831917202668,0.059871,0.059871,0.0,0.0,0.059871,0.0,0.0,0.0,0.059871,0.0,0.059871,0.0 
 07/21  20:43:00,34.0,18.824405829264027,32.63969068108308,18.824405829264027,0.0,8244.016913279256,32.63969068108308,0.0,0.0,0.059871,16.6,0.0,32.63900579257475,0.059871,0.059871,0.0,0.0,0.059871,0.0,0.0,0.0,0.059871,0.0,0.059871,0.0 
 07/21  20:44:00,34.0,18.823509102112357,32.64037382437896,18.823509102112357,0.0,8240.681109798657,32.64037382437896,0.0,0.0,0.059871,16.6,0.0,32.63969068108308,0.059871,0.059871,0.0,0.0,0.059871,0.0,0.0,0.0,0.059871,0.0,0.059871,0.0 
 07/21  20:45:00,34.0,18.822617281270286,32.64105522066632,18.822617281270286,0.0,8237.363565916043,32.64105522066632,0.0,0.0,0.059871,16.6,0.0,32.64037382437896,0.059871,0.059871,0.0,0.0,0.059871,0.0,0.0,0.0,0.059871,0.0,0.059871,0.0 
 07/21  20:46:00,34.0,18.821730833311268,32.641734879172226,18.821730833311268,0.0,8234.06602372965,32.641734879172226,0.0,0.0,0.059871,16.6,0.0,32.64105522066632,0.059871,0.059871,0.0,0.0,0.059871,0.0,0.0,0.0,0.059871,0.0,0.059871,0.0 
 07/21  20:47:00,34.0,18.820849226826315,32.64241279340317,18.820849226826315,0.0,8230.786513565876,32.64241279340317,0.0,0.0,0.059871,16.6,0.0,32.641734879172226,0.059871,0.059871,0.0,0.0,0.059871,0.0,0.0,0.0,0.059871,0.0,0.059871,0.0 
 07/21  20:48:00,34.0,18.81997292351988,32.64308895521991,18.81997292351988,0.0,8227.52672024562,32.64308895521991,0.0,0.0,0.059871,16.6,0.0,32.64241279340317,0.059871,0.059871,0.0,0.0,0.059871,0.0,0.0,0.0,0.059871,0.0,0.059871,0.0 
 07/21  20:49:00,34.0,18.8191013995285,32.64376338113804,18.8191013995285,0.0,8224.284728226448,32.64376338113804,0.0,0.0,0.059871,16.6,0.0,32.64308895521991,0.059871,0.059871,0.0,0.0,0.059871,0.0,0.0,0.0,0.059871,0.0,0.059871,0.0 
 07/21  20:50:00,34.0,18.818235109530313,32.64443605869338,18.818235109530313,0.0,8221.062222421024,32.64443605869338,0.0,0.0,0.059871,16.6,0.0,32.64376338113804,0.059871,0.059871,0.0,0.0,0.059871,0.0,0.0,0.0,0.059871,0.0,0.059871,0.0 
 07/21  20:51:00,34.0,18.81737353717866,32.64510698726924,18.81737353717866,0.0,8217.85726289735,32.64510698726924,0.0,0.0,0.059871,16.6,0.0,32.64443605869338,0.059871,0.059871,0.0,0.0,0.059871,0.0,0.0,0.0,0.059871,0.0,0.059871,0.0 
 07/21  20:52:00,34.0,18.81651713188295,32.64577617665632,18.81651713188295,0.0,8214.671541162192,32.64577617665632,0.0,0.0,0.059871,16.6,0.0,32.64510698726924,0.059871,0.059871,0.0,0.0,0.059871,0.0,0.0,0.0,0.059871,0.0,0.059871,0.0 
 07/21  20:53:00,34.0,18.815665383440923,32.646443621495735,18.815665383440923,0.0,8211.50315312521,32.646443621495735,0.0,0.0,0.059871,16.6,0.0,32.64577617665632,0.059871,0.059871,0.0,0.0,0.059871,0.0,0.0,0.0,0.059871,0.0,0.059871,0.0 
 07/21  20:54:00,34.0,18.814818735907114,32.647109314251985,18.814818735907114,0.0,8208.353744340347,32.647109314251985,0.0,0.0,0.059871,16.6,0.0,32.646443621495735,0.059871,0.059871,0.0,0.0,0.059871,0.0,0.0,0.0,0.059871,0.0,0.059871,0.0 
 07/21  20:55:00,34.0,18.8139766858629,32.64777327239347,18.8139766858629,0.0,8205.221448921871,32.64777327239347,0.0,0.0,0.059871,16.6,0.0,32.647109314251985,0.059871,0.059871,0.0,0.0,0.059871,0.0,0.0,0.0,0.059871,0.0,0.059871,0.0 
 07/21  20:56:00,34.0,18.813139671795188,32.64843548405246,18.813139671795188,0.0,8202.107891787695,32.64843548405246,0.0,0.0,0.059871,16.6,0.0,32.64777327239347,0.059871,0.059871,0.0,0.0,0.059871,0.0,0.0,0.0,0.059871,0.0,0.059871,0.0 
 07/21  20:57:00,34.0,18.812307196685502,32.64909594959114,18.812307196685502,0.0,8199.01123077976,32.64909594959114,0.0,0.0,0.059871,16.6,0.0,32.64843548405246,0.059871,0.059871,0.0,0.0,0.059871,0.0,0.0,0.0,0.059871,0.0,0.059871,0.0 
 07/21  20:58:00,34.0,18.811479693510986,32.6497546792406,18.811479693510986,0.0,8195.933070394494,32.6497546792406,0.0,0.0,0.059871,16.6,0.0,32.64909594959114,0.059871,0.059871,0.0,0.0,0.059871,0.0,0.0,0.0,0.059871,0.0,0.059871,0.0 
 07/21  20:59:00,34.0,18.81065667105792,32.65041166859357,18.81065667105792,0.0,8192.87160299984,32.65041166859357,0.0,0.0,0.059871,16.6,0.0,32.6497546792406,0.059871,0.059871,0.0,0.0,0.059871,0.0,0.0,0.0,0.059871,0.0,0.059871,0.0 
 07/21  21:00:00,34.0,18.80983855742582,32.65106691061956,18.80983855742582,0.0,8189.8283889979575,32.65106691061956,0.0,0.0,0.059871,16.6,0.0,32.65041166859357,0.059871,0.059871,0.0,0.0,0.059871,0.0,0.0,0.0,0.059871,0.0,0.059871,0.0,49104000.0 
 07/21  21:01:00,34.0,18.809024868585826,32.651720423548944,18.809024868585826,0.0,8186.801647397588,32.651720423548944,0.0,0.0,0.059871,16.6,0.0,32.65106691061956,0.059871,0.059871,0.0,0.0,0.059871,0.0,0.0,0.0,0.059871,0.0,0.059871,0.0 
 07/21  21:02:00,34.0,18.808216026937192,32.65237219602178,18.808216026937192,0.0,8183.792943489407,32.65237219602178,0.0,0.0,0.059871,16.6,0.0,32.651720423548944,0.059871,0.059871,0.0,0.0,0.059871,0.0,0.0,0.0,0.059871,0.0,0.059871,0.0 
 07/21  21:03:00,34.0,18.80741155477785,32.65302222921369,18.80741155477785,0.0,8180.800493743027,32.65302222921369,0.0,0.0,0.059871,16.6,0.0,32.65237219602178,0.059871,0.059871,0.0,0.0,0.059871,0.0,0.0,0.0,0.059871,0.0,0.059871,0.0 
 07/21  21:04:00,34.0,18.806611868753695,32.653670533695724,18.806611868753695,0.0,8177.825868097698,32.653670533695724,0.0,0.0,0.059871,16.6,0.0,32.65302222921369,0.059871,0.059871,0.0,0.0,0.059871,0.0,0.0,0.0,0.059871,0.0,0.059871,0.0 
 07/21  21:05:00,34.0,18.80581649698776,32.65431710586,18.80581649698776,0.0,8174.867291640239,32.65431710586,0.0,0.0,0.059871,16.6,0.0,32.653670533695724,0.059871,0.059871,0.0,0.0,0.059871,0.0,0.0,0.0,0.059871,0.0,0.059871,0.0 
 07/21  21:06:00,34.0,18.805025851658943,32.654961939100524,18.805025851658943,0.0,8171.926304764497,32.654961939100524,0.0,0.0,0.059871,16.6,0.0,32.65431710586,0.059871,0.059871,0.0,0.0,0.059871,0.0,0.0,0.0,0.059871,0.0,0.059871,0.0 
 07/21  21:07:00,34.0,18.804239466556915,32.655605052249534,18.804239466556915,0.0,8169.001179527218,32.655605052249534,0.0,0.0,0.059871,16.6,0.0,32.654961939100524,0.059871,0.059871,0.0,0.0,0.059871,0.0,0.0,0.0,0.059871,0.0,0.059871,0.0 
 07/21  21:08:00,34.0,18.803457748626702,32.65624643438284,18.803457748626702,0.0,8166.093423940147,32.65624643438284,0.0,0.0,0.059871,16.6,0.0,32.655605052249534,0.059871,0.059871,0.0,0.0,0.059871,0.0,0.0,0.0,0.059871,0.0,0.059871,0.0 
 07/21  21:09:00,34.0,18.80268023812182,32.656886087351715,18.80268023812182,0.0,8163.201321070228,32.656886087351715,0.0,0.0,0.059871,16.6,0.0,32.65624643438284,0.059871,0.059871,0.0,0.0,0.059871,0.0,0.0,0.0,0.059871,0.0,0.059871,0.0 
 07/21  21:10:00,34.0,18.801907337251286,32.6575240219854,18.801907337251286,0.0,8160.326374338424,32.6575240219854,0.0,0.0,0.059871,16.6,0.0,32.656886087351715,0.059871,0.059871,0.0,0.0,0.059871,0.0,0.0,0.0,0.059871,0.0,0.059871,0.0 
 07/21  21:11:00,34.0,18.801138591919337,32.658160235349655,18.801138591919337,0.0,8157.46688777042,32.658160235349655,0.0,0.0,0.059871,16.6,0.0,32.6575240219854,0.059871,0.059871,0.0,0.0,0.059871,0.0,0.0,0.0,0.059871,0.0,0.059871,0.0 
 07/21  21:12:00,34.0,18.80037439926394,32.65879472119908,18.80037439926394,0.0,8154.624345981974,32.65879472119908,0.0,0.0,0.059871,16.6,0.0,32.658160235349655,0.059871,0.059871,0.0,0.0,0.059871,0.0,0.0,0.0,0.059871,0.0,0.059871,0.0 
 07/21  21:13:00,34.0,18.79961431018817,32.659427498835434,18.79961431018817,0.0,8151.797084473269,32.659427498835434,0.0,0.0,0.059871,16.6,0.0,32.65879472119908,0.059871,0.059871,0.0,0.0,0.059871,0.0,0.0,0.0,0.059871,0.0,0.059871,0.0 
 07/21  21:14:00,34.0,18.798858717451132,32.660058557713576,18.798858717451132,0.0,8148.986545751491,32.660058557713576,0.0,0.0,0.059871,16.6,0.0,32.659427498835434,0.059871,0.059871,0.0,0.0,0.059871,0.0,0.0,0.0,0.059871,0.0,0.059871,0.0 
 07/21  21:15:00,34.0,18.798107177868864,32.66068790024676,18.798107177868864,0.0,8146.191100173805,32.66068790024676,0.0,0.0,0.059871,16.6,0.0,32.660058557713576,0.059871,0.059871,0.0,0.0,0.059871,0.0,0.0,0.0,0.059871,0.0,0.059871,0.0 
 07/21  21:16:00,34.0,18.797360079499267,32.6613155374564,18.797360079499267,0.0,8143.412172833273,32.6613155374564,0.0,0.0,0.059871,16.6,0.0,32.66068790024676,0.059871,0.059871,0.0,0.0,0.059871,0.0,0.0,0.0,0.059871,0.0,0.059871,0.0 
 07/21  21:17:00,34.0,18.79661698512678,32.66194146697755,18.79661698512678,0.0,8140.648143290291,32.66194146697755,0.0,0.0,0.059871,16.6,0.0,32.6613155374564,0.059871,0.059871,0.0,0.0,0.059871,0.0,0.0,0.0,0.059871,0.0,0.059871,0.0 
 07/21  21:18:00,34.0,18.795878277595914,32.66256568287369,18.795878277595914,0.0,8137.900443154563,32.66256568287369,0.0,0.0,0.059871,16.6,0.0,32.66194146697755,0.059871,0.059871,0.0,0.0,0.059871,0.0,0.0,0.0,0.059871,0.0,0.059871,0.0 
 07/21  21:19:00,34.0,18.795143524749843,32.663188204804754,18.795143524749843,0.0,8135.167457823259,32.663188204804754,0.0,0.0,0.059871,16.6,0.0,32.66256568287369,0.059871,0.059871,0.0,0.0,0.059871,0.0,0.0,0.0,0.059871,0.0,0.059871,0.0 
 07/21  21:20:00,34.0,18.794413104814716,32.66380902255801,18.794413104814716,0.0,8132.450601779374,32.66380902255801,0.0,0.0,0.059871,16.6,0.0,32.663188204804754,0.059871,0.059871,0.0,0.0,0.059871,0.0,0.0,0.0,0.059871,0.0,0.059871,0.0 
 07/21  21:21:00,34.0,18.79368659107752,32.66442813901257,18.79368659107752,0.0,8129.748280610534,32.66442813901257,0.0,0.0,0.059871,16.6,0.0,32.66380902255801,0.059871,0.059871,0.0,0.0,0.059871,0.0,0.0,0.0,0.059871,0.0,0.059871,0.0 
 07/21  21:22:00,34.0,18.792964357896203,32.66504556532658,18.792964357896203,0.0,8127.06188156541,32.66504556532658,0.0,0.0,0.059871,16.6,0.0,32.66442813901257,0.059871,0.059871,0.0,0.0,0.059871,0.0,0.0,0.0,0.059871,0.0,0.059871,0.0 
 07/21  21:23:00,34.0,18.792245983391005,32.66566129961553,18.792245983391005,0.0,8124.38985393957,32.66566129961553,0.0,0.0,0.059871,16.6,0.0,32.66504556532658,0.059871,0.059871,0.0,0.0,0.059871,0.0,0.0,0.0,0.059871,0.0,0.059871,0.0 
 07/21  21:24:00,34.0,18.791531837150877,32.666275336208116,18.791531837150877,0.0,8121.733554413931,32.666275336208116,0.0,0.0,0.059871,16.6,0.0,32.66566129961553,0.059871,0.059871,0.0,0.0,0.059871,0.0,0.0,0.0,0.059871,0.0,0.059871,0.0 
 07/21  21:25:00,34.0,18.790821503002707,32.66688769502731,18.790821503002707,0.0,8119.091440555339,32.66688769502731,0.0,0.0,0.059871,16.6,0.0,32.666275336208116,0.059871,0.059871,0.0,0.0,0.059871,0.0,0.0,0.0,0.059871,0.0,0.059871,0.0 
 07/21  21:26:00,34.0,18.790115346337917,32.667498366153474,18.790115346337917,0.0,8116.4648663800745,32.667498366153474,0.0,0.0,0.059871,16.6,0.0,32.66688769502731,0.059871,0.059871,0.0,0.0,0.059871,0.0,0.0,0.0,0.059871,0.0,0.059871,0.0 
 07/21  21:27:00,34.0,18.78941295594651,32.66810735284971,18.78941295594651,0.0,8113.852307853613,32.66810735284971,0.0,0.0,0.059871,16.6,0.0,32.667498366153474,0.059871,0.059871,0.0,0.0,0.059871,0.0,0.0,0.0,0.059871,0.0,0.059871,0.0 
 07/21  21:28:00,34.0,18.788714692130455,32.668714666364345,18.788714692130455,0.0,8111.255112989256,32.668714666364345,0.0,0.0,0.059871,16.6,0.0,32.66810735284971,0.059871,0.059871,0.0,0.0,0.059871,0.0,0.0,0.0,0.059871,0.0,0.059871,0.0 
 07/21  21:29:00,34.0,18.78802014846934,32.66932030521849,18.78802014846934,0.0,8108.6717626389645,32.66932030521849,0.0,0.0,0.059871,16.6,0.0,32.668714666364345,0.059871,0.059871,0.0,0.0,0.059871,0.0,0.0,0.0,0.059871,0.0,0.059871,0.0 
 07/21  21:30:00,34.0,18.78732968172453,32.66992426397054,18.78732968172453,0.0,8106.103578833927,32.66992426397054,0.0,0.0,0.059871,16.6,0.0,32.66932030521849,0.059871,0.059871,0.0,0.0,0.059871,0.0,0.0,0.0,0.059871,0.0,0.059871,0.0 
 07/21  21:31:00,34.0,18.786642890747192,32.67052656272698,18.786642890747192,0.0,8103.5490748364555,32.67052656272698,0.0,0.0,0.059871,16.6,0.0,32.66992426397054,0.059871,0.059871,0.0,0.0,0.059871,0.0,0.0,0.0,0.059871,0.0,0.059871,0.0 
 07/21  21:32:00,34.0,18.78596012856508,32.67112719183008,18.78596012856508,0.0,8101.0095459985,32.67112719183008,0.0,0.0,0.059871,16.6,0.0,32.67052656272698,0.059871,0.059871,0.0,0.0,0.059871,0.0,0.0,0.0,0.059871,0.0,0.059871,0.0 
 07/21  21:33:00,34.0,18.78528099823992,32.671726154859215,18.78528099823992,0.0,8098.483546878974,32.671726154859215,0.0,0.0,0.059871,16.6,0.0,32.67112719183008,0.059871,0.059871,0.0,0.0,0.059871,0.0,0.0,0.0,0.059871,0.0,0.059871,0.0 
 07/21  21:34:00,34.0,18.784605847637597,32.67232346311559,18.784605847637597,0.0,8095.972353694615,32.67232346311559,0.0,0.0,0.059871,16.6,0.0,32.671726154859215,0.059871,0.059871,0.0,0.0,0.059871,0.0,0.0,0.0,0.059871,0.0,0.059871,0.0 
 07/21  21:35:00,34.0,18.78393428500042,32.67291911546376,18.78393428500042,0.0,8093.474514520844,32.67291911546376,0.0,0.0,0.059871,16.6,0.0,32.67232346311559,0.059871,0.059871,0.0,0.0,0.059871,0.0,0.0,0.0,0.059871,0.0,0.059871,0.0 
 07/21  21:36:00,34.0,18.783266654512516,32.67351310666332,18.783266654512516,0.0,8090.991304774884,32.67351310666332,0.0,0.0,0.059871,16.6,0.0,32.67291911546376,0.059871,0.059871,0.0,0.0,0.059871,0.0,0.0,0.0,0.059871,0.0,0.059871,0.0 
 07/21  21:37:00,34.0,18.782602569257048,32.674105456937326,18.782602569257048,0.0,8088.521290476947,32.674105456937326,0.0,0.0,0.059871,16.6,0.0,32.67351310666332,0.059871,0.059871,0.0,0.0,0.059871,0.0,0.0,0.0,0.059871,0.0,0.059871,0.0 
 07/21  21:38:00,34.0,18.781942369319903,32.67469615686433,18.781942369319903,0.0,8086.065731855397,32.67469615686433,0.0,0.0,0.059871,16.6,0.0,32.674105456937326,0.059871,0.059871,0.0,0.0,0.059871,0.0,0.0,0.0,0.059871,0.0,0.059871,0.0 
 07/21  21:39:00,34.0,18.781285672353597,32.675285210282375,18.781285672353597,0.0,8083.623211868862,32.675285210282375,0.0,0.0,0.059871,16.6,0.0,32.67469615686433,0.059871,0.059871,0.0,0.0,0.059871,0.0,0.0,0.0,0.059871,0.0,0.059871,0.0 
 07/21  21:40:00,34.0,18.78063281496942,32.67587262851405,18.78063281496942,0.0,8081.194965061941,32.67587262851405,0.0,0.0,0.059871,16.6,0.0,32.675285210282375,0.059871,0.059871,0.0,0.0,0.059871,0.0,0.0,0.0,0.059871,0.0,0.059871,0.0 
 07/21  21:41:00,34.0,18.779983419489028,32.676458410714176,18.779983419489028,0.0,8078.7796045161485,32.676458410714176,0.0,0.0,0.059871,16.6,0.0,32.67587262851405,0.059871,0.059871,0.0,0.0,0.059871,0.0,0.0,0.0,0.059871,0.0,0.059871,0.0 
 07/21  21:42:00,34.0,18.7793378178199,32.67704255181925,18.7793378178199,0.0,8076.378360149283,32.67704255181925,0.0,0.0,0.059871,16.6,0.0,32.676458410714176,0.059871,0.059871,0.0,0.0,0.059871,0.0,0.0,0.0,0.059871,0.0,0.059871,0.0 
 07/21  21:43:00,34.0,18.77869563646864,32.67762507211147,18.77869563646864,0.0,8073.989847741659,32.67762507211147,0.0,0.0,0.059871,16.6,0.0,32.67704255181925,0.059871,0.059871,0.0,0.0,0.059871,0.0,0.0,0.0,0.059871,0.0,0.059871,0.0 
 07/21  21:44:00,34.0,18.77805720355065,32.678205962383664,18.77805720355065,0.0,8071.615283157021,32.678205962383664,0.0,0.0,0.059871,16.6,0.0,32.67762507211147,0.059871,0.059871,0.0,0.0,0.059871,0.0,0.0,0.0,0.059871,0.0,0.059871,0.0 
 07/21  21:45:00,34.0,18.777422150220918,32.6787852266829,18.777422150220918,0.0,8069.253299406632,32.6787852266829,0.0,0.0,0.059871,16.6,0.0,32.678205962383664,0.059871,0.059871,0.0,0.0,0.059871,0.0,0.0,0.0,0.059871,0.0,0.059871,0.0 
 07/21  21:46:00,34.0,18.77679080145726,32.679362876325996,18.77679080145726,0.0,8066.9050879449605,32.679362876325996,0.0,0.0,0.059871,16.6,0.0,32.6787852266829,0.059871,0.059871,0.0,0.0,0.059871,0.0,0.0,0.0,0.059871,0.0,0.059871,0.0 
 07/21  21:47:00,34.0,18.776162792951265,32.67993891071202,18.776162792951265,0.0,8064.569311388905,32.67993891071202,0.0,0.0,0.059871,16.6,0.0,32.679362876325996,0.059871,0.059871,0.0,0.0,0.059871,0.0,0.0,0.0,0.059871,0.0,0.059871,0.0 
 07/21  21:48:00,34.0,18.775538445692646,32.680513324933344,18.775538445692646,0.0,8062.247146420727,32.680513324933344,0.0,0.0,0.059871,16.6,0.0,32.67993891071202,0.059871,0.059871,0.0,0.0,0.059871,0.0,0.0,0.0,0.059871,0.0,0.059871,0.0 
 07/21  21:49:00,34.0,18.774917398899014,32.681086139281845,18.774917398899014,0.0,8059.937281488651,32.681086139281845,0.0,0.0,0.059871,16.6,0.0,32.680513324933344,0.059871,0.059871,0.0,0.0,0.059871,0.0,0.0,0.0,0.059871,0.0,0.059871,0.0 
 07/21  21:50:00,34.0,18.77429997015623,32.6816573447457,18.77429997015623,0.0,8057.640855127074,32.6816573447457,0.0,0.0,0.059871,16.6,0.0,32.681086139281845,0.059871,0.059871,0.0,0.0,0.059871,0.0,0.0,0.0,0.059871,0.0,0.059871,0.0 
 07/21  21:51:00,34.0,18.773685803219028,32.68222694553848,18.773685803219028,0.0,8055.35658535845,32.68222694553848,0.0,0.0,0.059871,16.6,0.0,32.6816573447457,0.059871,0.059871,0.0,0.0,0.059871,0.0,0.0,0.0,0.059871,0.0,0.059871,0.0 
 07/21  21:52:00,34.0,18.77307521146314,32.682794952948406,18.77307521146314,0.0,8053.08560789475,32.682794952948406,0.0,0.0,0.059871,16.6,0.0,32.68222694553848,0.059871,0.059871,0.0,0.0,0.059871,0.0,0.0,0.0,0.059871,0.0,0.059871,0.0 
 07/21  21:53:00,34.0,18.77246784321107,32.68336136657955,18.77246784321107,0.0,8050.826632149133,32.68336136657955,0.0,0.0,0.059871,16.6,0.0,32.682794952948406,0.059871,0.059871,0.0,0.0,0.059871,0.0,0.0,0.0,0.059871,0.0,0.059871,0.0 
 07/21  21:54:00,34.0,18.771864008439284,32.68392618166262,18.771864008439284,0.0,8048.58079401185,32.68392618166262,0.0,0.0,0.059871,16.6,0.0,32.68336136657955,0.059871,0.059871,0.0,0.0,0.059871,0.0,0.0,0.0,0.059871,0.0,0.059871,0.0 
 07/21  21:55:00,34.0,18.771263359596315,32.68448941845718,18.771263359596315,0.0,8046.346818182515,32.68448941845718,0.0,0.0,0.059871,16.6,0.0,32.68392618166262,0.059871,0.059871,0.0,0.0,0.059871,0.0,0.0,0.0,0.059871,0.0,0.059871,0.0 
 07/21  21:56:00,34.0,18.77066620296778,32.68505106813102,18.77066620296778,0.0,8044.125826880677,32.68505106813102,0.0,0.0,0.059871,16.6,0.0,32.68448941845718,0.059871,0.059871,0.0,0.0,0.059871,0.0,0.0,0.0,0.059871,0.0,0.059871,0.0 
 07/21  21:57:00,34.0,18.77007219500354,32.68561113502805,18.77007219500354,0.0,8041.916559630104,32.68561113502805,0.0,0.0,0.059871,16.6,0.0,32.68505106813102,0.059871,0.059871,0.0,0.0,0.059871,0.0,0.0,0.0,0.059871,0.0,0.059871,0.0 
 07/21  21:58:00,34.0,18.769481638419613,32.686169630389045,18.769481638419613,0.0,8039.720125429026,32.686169630389045,0.0,0.0,0.059871,16.6,0.0,32.68561113502805,0.059871,0.059871,0.0,0.0,0.059871,0.0,0.0,0.0,0.059871,0.0,0.059871,0.0 
 07/21  21:59:00,34.0,18.768894194245707,32.686726553990056,18.768894194245707,0.0,8037.535268040756,32.686726553990056,0.0,0.0,0.059871,16.6,0.0,32.686169630389045,0.059871,0.059871,0.0,0.0,0.059871,0.0,0.0,0.0,0.059871,0.0,0.059871,0.0 
 07/21  22:00:00,34.0,18.768310161258864,32.687281901186104,18.768310161258864,0.0,8035.363107334242,32.687281901186104,0.0,0.0,0.059871,16.6,0.0,32.686726553990056,0.059871,0.059871,0.0,0.0,0.059871,0.0,0.0,0.0,0.059871,0.0,0.059871,0.0,49104000.0 
 07/21  22:01:00,34.0,18.76772920360192,32.687835692169806,18.76772920360192,0.0,8033.202398601611,32.687835692169806,0.0,0.0,0.059871,16.6,0.0,32.687281901186104,0.059871,0.059871,0.0,0.0,0.059871,0.0,0.0,0.0,0.059871,0.0,0.059871,0.0 
 07/21  22:02:00,34.0,18.76715161704971,32.68838791827644,18.76715161704971,0.0,8031.054225132007,32.68838791827644,0.0,0.0,0.059871,16.6,0.0,32.687835692169806,0.059871,0.059871,0.0,0.0,0.059871,0.0,0.0,0.0,0.059871,0.0,0.059871,0.0 
 07/21  22:03:00,34.0,18.76657707063875,32.68893858395083,18.76657707063875,0.0,8028.917360367814,32.68893858395083,0.0,0.0,0.059871,16.6,0.0,32.68838791827644,0.059871,0.059871,0.0,0.0,0.059871,0.0,0.0,0.0,0.059871,0.0,0.059871,0.0 
 07/21  22:04:00,34.0,18.766005856401993,32.68948770037178,18.766005856401993,0.0,8026.7928991685585,32.68948770037178,0.0,0.0,0.059871,16.6,0.0,32.68893858395083,0.059871,0.059871,0.0,0.0,0.059871,0.0,0.0,0.0,0.059871,0.0,0.059871,0.0 
 07/21  22:05:00,34.0,18.765437646871565,32.690035267460274,18.765437646871565,0.0,8024.6796152171555,32.690035267460274,0.0,0.0,0.059871,16.6,0.0,32.68948770037178,0.059871,0.059871,0.0,0.0,0.059871,0.0,0.0,0.0,0.059871,0.0,0.059871,0.0 
 07/21  22:06:00,34.0,18.764872731179533,32.69058128068476,18.764872731179533,0.0,8022.578579912642,32.69058128068476,0.0,0.0,0.059871,16.6,0.0,32.690035267460274,0.059871,0.059871,0.0,0.0,0.059871,0.0,0.0,0.0,0.059871,0.0,0.059871,0.0 
 07/21  22:07:00,34.0,18.764310785278727,32.691125760142015,18.764310785278727,0.0,8020.488605033111,32.691125760142015,0.0,0.0,0.059871,16.6,0.0,32.69058128068476,0.059871,0.059871,0.0,0.0,0.059871,0.0,0.0,0.0,0.059871,0.0,0.059871,0.0 
 07/21  22:08:00,34.0,18.763752095311105,32.69166869732499,18.763752095311105,0.0,8018.410725495664,32.69166869732499,0.0,0.0,0.059871,16.6,0.0,32.691125760142015,0.059871,0.059871,0.0,0.0,0.059871,0.0,0.0,0.0,0.059871,0.0,0.059871,0.0 
 07/21  22:09:00,34.0,18.76319634056467,32.69221009675432,18.76319634056467,0.0,8016.343790826795,32.69221009675432,0.0,0.0,0.059871,16.6,0.0,32.69166869732499,0.059871,0.059871,0.0,0.0,0.059871,0.0,0.0,0.0,0.059871,0.0,0.059871,0.0 
 07/21  22:10:00,34.0,18.762643803716855,32.692749969534695,18.762643803716855,0.0,8014.288810420453,32.692749969534695,0.0,0.0,0.059871,16.6,0.0,32.69221009675432,0.059871,0.059871,0.0,0.0,0.059871,0.0,0.0,0.0,0.059871,0.0,0.059871,0.0 
 07/21  22:11:00,34.0,18.762094168944078,32.693288315708585,18.762094168944078,0.0,8012.244626532538,32.693288315708585,0.0,0.0,0.059871,16.6,0.0,32.692749969534695,0.059871,0.059871,0.0,0.0,0.059871,0.0,0.0,0.0,0.059871,0.0,0.059871,0.0 
 07/21  22:12:00,34.0,18.761547714929165,32.693825130848225,18.761547714929165,0.0,8010.212284516892,32.693825130848225,0.0,0.0,0.059871,16.6,0.0,32.693288315708585,0.059871,0.059871,0.0,0.0,0.059871,0.0,0.0,0.0,0.059871,0.0,0.059871,0.0 
 07/21  22:13:00,34.0,18.76100412898682,32.69436043492934,18.76100412898682,0.0,8008.190612880612,32.69436043492934,0.0,0.0,0.059871,16.6,0.0,32.693825130848225,0.059871,0.059871,0.0,0.0,0.059871,0.0,0.0,0.0,0.059871,0.0,0.059871,0.0 
 07/21  22:14:00,34.0,18.760463687166315,32.694894219593195,18.760463687166315,0.0,8006.180634537272,32.694894219593195,0.0,0.0,0.059871,16.6,0.0,32.69436043492934,0.059871,0.059871,0.0,0.0,0.059871,0.0,0.0,0.0,0.059871,0.0,0.059871,0.0 
 07/21  22:15:00,34.0,18.75992608070826,32.69542648941352,18.75992608070826,0.0,8004.181205232958,32.69542648941352,0.0,0.0,0.059871,16.6,0.0,32.694894219593195,0.059871,0.059871,0.0,0.0,0.059871,0.0,0.0,0.0,0.059871,0.0,0.059871,0.0 
 07/21  22:16:00,34.0,18.75939158192813,32.69595725540926,18.75939158192813,0.0,8002.193346709673,32.69595725540926,0.0,0.0,0.059871,16.6,0.0,32.69542648941352,0.059871,0.059871,0.0,0.0,0.059871,0.0,0.0,0.0,0.059871,0.0,0.059871,0.0 
 07/21  22:17:00,34.0,18.75885988593537,32.6964865177227,18.75885988593537,0.0,8000.21590371834,32.6964865177227,0.0,0.0,0.059871,16.6,0.0,32.69595725540926,0.059871,0.059871,0.0,0.0,0.059871,0.0,0.0,0.0,0.059871,0.0,0.059871,0.0 
 07/21  22:18:00,34.0,18.75833126213684,32.69701427202015,18.75833126213684,0.0,7998.249899883972,32.69701427202015,0.0,0.0,0.059871,16.6,0.0,32.6964865177227,0.059871,0.059871,0.0,0.0,0.059871,0.0,0.0,0.0,0.059871,0.0,0.059871,0.0 
 07/21  22:19:00,34.0,18.757805409136957,32.69754053813371,18.757805409136957,0.0,7996.294192926043,32.69754053813371,0.0,0.0,0.059871,16.6,0.0,32.69701427202015,0.059871,0.059871,0.0,0.0,0.059871,0.0,0.0,0.0,0.059871,0.0,0.059871,0.0 
 07/21  22:20:00,34.0,18.757282593168064,32.698065307844296,18.757282593168064,0.0,7994.349794690825,32.698065307844296,0.0,0.0,0.059871,16.6,0.0,32.69754053813371,0.059871,0.059871,0.0,0.0,0.059871,0.0,0.0,0.0,0.059871,0.0,0.059871,0.0 
 07/21  22:21:00,34.0,18.756762515676115,32.69858858575922,18.756762515676115,0.0,7992.415586093139,32.69858858575922,0.0,0.0,0.059871,16.6,0.0,32.698065307844296,0.059871,0.059871,0.0,0.0,0.059871,0.0,0.0,0.0,0.059871,0.0,0.059871,0.0 
 07/21  22:22:00,34.0,18.756245440283983,32.69911038280242,18.756245440283983,0.0,7990.492543994333,32.69911038280242,0.0,0.0,0.059871,16.6,0.0,32.69858858575922,0.059871,0.059871,0.0,0.0,0.059871,0.0,0.0,0.0,0.059871,0.0,0.059871,0.0 
 07/21  22:23:00,34.0,18.755731072724856,32.699630699198366,18.755731072724856,0.0,7988.57956521666,32.699630699198366,0.0,0.0,0.059871,16.6,0.0,32.69911038280242,0.059871,0.059871,0.0,0.0,0.059871,0.0,0.0,0.0,0.059871,0.0,0.059871,0.0 
 07/21  22:24:00,34.0,18.755219673201953,32.70014953070057,18.755219673201953,0.0,7986.677639235099,32.70014953070057,0.0,0.0,0.059871,16.6,0.0,32.699630699198366,0.059871,0.059871,0.0,0.0,0.059871,0.0,0.0,0.0,0.059871,0.0,0.059871,0.0 
 07/21  22:25:00,34.0,18.754710949874582,32.70066689697989,18.754710949874582,0.0,7984.785671861919,32.70066689697989,0.0,0.0,0.059871,16.6,0.0,32.70014953070057,0.059871,0.059871,0.0,0.0,0.059871,0.0,0.0,0.0,0.059871,0.0,0.059871,0.0 
 07/21  22:26:00,34.0,18.75420516088868,32.70118278995079,18.75420516088868,0.0,7982.904607029318,32.70118278995079,0.0,0.0,0.059871,16.6,0.0,32.70066689697989,0.059871,0.059871,0.0,0.0,0.059871,0.0,0.0,0.0,0.059871,0.0,0.059871,0.0 
 07/21  22:27:00,34.0,18.75370201766679,32.701697214238685,18.75370201766679,0.0,7981.033400556648,32.701697214238685,0.0,0.0,0.059871,16.6,0.0,32.70118278995079,0.059871,0.059871,0.0,0.0,0.059871,0.0,0.0,0.0,0.059871,0.0,0.059871,0.0 
 07/21  22:28:00,34.0,18.753201775229932,32.70221018066574,18.753201775229932,0.0,7979.172972166966,32.70221018066574,0.0,0.0,0.059871,16.6,0.0,32.701697214238685,0.059871,0.059871,0.0,0.0,0.059871,0.0,0.0,0.0,0.059871,0.0,0.059871,0.0 
 07/21  22:29:00,34.0,18.752717050788394,32.70272032922972,18.752717050788394,0.0,7977.370102925715,32.70272032922972,0.0,0.0,0.059871,16.6,0.0,32.70221018066574,0.059871,0.059871,0.0,0.0,0.059871,0.0,0.0,0.0,0.059871,0.0,0.059871,0.0 
 07/21  22:30:00,34.0,18.752231780412323,32.70322892023222,18.752231780412323,0.0,7975.565415671194,32.70322892023222,0.0,0.0,0.059871,16.6,0.0,32.70272032922972,0.059871,0.059871,0.0,0.0,0.059871,0.0,0.0,0.0,0.059871,0.0,0.059871,0.0 
 07/21  22:31:00,34.0,18.75175505198863,32.70373519283277,18.75175505198863,0.0,7973.792372917719,32.70373519283277,0.0,0.0,0.059871,16.6,0.0,32.70322892023222,0.059871,0.059871,0.0,0.0,0.059871,0.0,0.0,0.0,0.059871,0.0,0.059871,0.0 
 07/21  22:32:00,34.0,18.751288466709674,32.70423885097218,18.751288466709674,0.0,7972.057034280469,32.70423885097218,0.0,0.0,0.059871,16.6,0.0,32.70373519283277,0.059871,0.059871,0.0,0.0,0.059871,0.0,0.0,0.0,0.059871,0.0,0.059871,0.0 
 07/21  22:33:00,34.0,18.750823800891087,32.70474038776679,18.750823800891087,0.0,7970.32895021744,32.70474038776679,0.0,0.0,0.059871,16.6,0.0,32.70423885097218,0.059871,0.059871,0.0,0.0,0.059871,0.0,0.0,0.0,0.059871,0.0,0.059871,0.0 
 07/21  22:34:00,34.0,18.75035699804793,32.705240245387934,18.75035699804793,0.0,7968.592962403809,32.705240245387934,0.0,0.0,0.059871,16.6,0.0,32.70474038776679,0.059871,0.059871,0.0,0.0,0.059871,0.0,0.0,0.0,0.059871,0.0,0.059871,0.0 
 07/21  22:35:00,34.0,18.749888325308277,32.70573863619754,18.749888325308277,0.0,7966.850035539919,32.70573863619754,0.0,0.0,0.059871,16.6,0.0,32.705240245387934,0.059871,0.059871,0.0,0.0,0.059871,0.0,0.0,0.0,0.059871,0.0,0.059871,0.0 
 07/21  22:36:00,34.0,18.7494198243434,32.706235631703294,18.7494198243434,0.0,7965.107710274701,32.706235631703294,0.0,0.0,0.059871,16.6,0.0,32.70573863619754,0.059871,0.059871,0.0,0.0,0.059871,0.0,0.0,0.0,0.059871,0.0,0.059871,0.0 
 07/21  22:37:00,34.0,18.74895271701669,32.70673126699598,18.74895271701669,0.0,7963.370564879356,32.70673126699598,0.0,0.0,0.059871,16.6,0.0,32.706235631703294,0.059871,0.059871,0.0,0.0,0.059871,0.0,0.0,0.0,0.059871,0.0,0.059871,0.0 
 07/21  22:38:00,34.0,18.748487791226793,32.70722554534386,18.748487791226793,0.0,7961.641519044956,32.70722554534386,0.0,0.0,0.059871,16.6,0.0,32.70673126699598,0.059871,0.059871,0.0,0.0,0.059871,0.0,0.0,0.0,0.059871,0.0,0.059871,0.0 
 07/21  22:39:00,34.0,18.748025007518443,32.70771847734691,18.748025007518443,0.0,7959.920451716002,32.70771847734691,0.0,0.0,0.059871,16.6,0.0,32.70722554534386,0.059871,0.059871,0.0,0.0,0.059871,0.0,0.0,0.0,0.059871,0.0,0.059871,0.0 
 07/21  22:40:00,34.0,18.74756455055455,32.70821008008902,18.74756455055455,0.0,7958.2080345622535,32.70821008008902,0.0,0.0,0.059871,16.6,0.0,32.70771847734691,0.059871,0.059871,0.0,0.0,0.059871,0.0,0.0,0.0,0.059871,0.0,0.059871,0.0 
 07/21  22:41:00,34.0,18.747106241363213,32.70870036120909,18.747106241363213,0.0,7956.503604331692,32.70870036120909,0.0,0.0,0.059871,16.6,0.0,32.70821008008902,0.059871,0.059871,0.0,0.0,0.059871,0.0,0.0,0.0,0.059871,0.0,0.059871,0.0 
 07/21  22:42:00,34.0,18.74665029343368,32.70918932206645,18.74665029343368,0.0,7954.807952111587,32.70918932206645,0.0,0.0,0.059871,16.6,0.0,32.70870036120909,0.059871,0.059871,0.0,0.0,0.059871,0.0,0.0,0.0,0.059871,0.0,0.059871,0.0 
 07/21  22:43:00,34.0,18.746196555254205,32.70967698134282,18.746196555254205,0.0,7953.120528988329,32.70967698134282,0.0,0.0,0.059871,16.6,0.0,32.70918932206645,0.059871,0.059871,0.0,0.0,0.059871,0.0,0.0,0.0,0.059871,0.0,0.059871,0.0 
 07/21  22:44:00,34.0,18.745745233911805,32.71016333499138,18.745745233911805,0.0,7951.44208973848,32.71016333499138,0.0,0.0,0.059871,16.6,0.0,32.70967698134282,0.059871,0.059871,0.0,0.0,0.059871,0.0,0.0,0.0,0.059871,0.0,0.059871,0.0 
 07/21  22:45:00,34.0,18.74529615604328,32.71064838641724,18.74529615604328,0.0,7949.772004468905,32.71064838641724,0.0,0.0,0.059871,16.6,0.0,32.71016333499138,0.059871,0.059871,0.0,0.0,0.059871,0.0,0.0,0.0,0.059871,0.0,0.059871,0.0 
 07/21  22:46:00,34.0,18.744849506823954,32.7111321444926,18.744849506823954,0.0,7948.110946763463,32.7111321444926,0.0,0.0,0.059871,16.6,0.0,32.71064838641724,0.059871,0.059871,0.0,0.0,0.059871,0.0,0.0,0.0,0.059871,0.0,0.059871,0.0 
 07/21  22:47:00,34.0,18.74440510086611,32.71161460968217,18.74440510086611,0.0,7946.45824216555,32.71161460968217,0.0,0.0,0.059871,16.6,0.0,32.7111321444926,0.059871,0.059871,0.0,0.0,0.059871,0.0,0.0,0.0,0.059871,0.0,0.059871,0.0 
 07/21  22:48:00,34.0,18.743963115243332,32.71209577730855,18.743963115243332,0.0,7944.814534242014,32.71209577730855,0.0,0.0,0.059871,16.6,0.0,32.71161460968217,0.059871,0.059871,0.0,0.0,0.059871,0.0,0.0,0.0,0.059871,0.0,0.059871,0.0 
 07/21  22:49:00,34.0,18.743523362915973,32.712575661933656,18.743523362915973,0.0,7943.179129849204,32.712575661933656,0.0,0.0,0.059871,16.6,0.0,32.71209577730855,0.059871,0.059871,0.0,0.0,0.059871,0.0,0.0,0.0,0.059871,0.0,0.059871,0.0 
 07/21  22:50:00,34.0,18.743086016625337,32.713054256237,18.743086016625337,0.0,7941.552681630628,32.713054256237,0.0,0.0,0.059871,16.6,0.0,32.712575661933656,0.059871,0.059871,0.0,0.0,0.059871,0.0,0.0,0.0,0.059871,0.0,0.059871,0.0 
 07/21  22:51:00,34.0,18.74265088806318,32.7135315613855,18.74265088806318,0.0,7939.9344917345525,32.7135315613855,0.0,0.0,0.059871,16.6,0.0,32.713054256237,0.059871,0.059871,0.0,0.0,0.059871,0.0,0.0,0.0,0.059871,0.0,0.059871,0.0 
 07/21  22:52:00,34.0,18.742218147745717,32.71400758447432,18.742218147745717,0.0,7938.325166886634,32.71400758447432,0.0,0.0,0.059871,16.6,0.0,32.7135315613855,0.059871,0.059871,0.0,0.0,0.059871,0.0,0.0,0.0,0.059871,0.0,0.059871,0.0 
 07/21  22:53:00,34.0,18.74178760769026,32.714482324832005,18.74178760769026,0.0,7936.724048109436,32.714482324832005,0.0,0.0,0.059871,16.6,0.0,32.71400758447432,0.059871,0.059871,0.0,0.0,0.059871,0.0,0.0,0.0,0.059871,0.0,0.059871,0.0 
 07/21  22:54:00,34.0,18.741359435631217,32.71495577684889,18.741359435631217,0.0,7935.131719275828,32.71495577684889,0.0,0.0,0.059871,16.6,0.0,32.714482324832005,0.059871,0.059871,0.0,0.0,0.059871,0.0,0.0,0.0,0.059871,0.0,0.059871,0.0 
 07/21  22:55:00,34.0,18.740933445045517,32.71542795452198,18.740933445045517,0.0,7933.547514257671,32.71542795452198,0.0,0.0,0.059871,16.6,0.0,32.71495577684889,0.059871,0.059871,0.0,0.0,0.059871,0.0,0.0,0.0,0.059871,0.0,0.059871,0.0 
 07/21  22:56:00,34.0,18.740509800505933,32.71589885015367,18.740509800505933,0.0,7931.972042860889,32.71589885015367,0.0,0.0,0.059871,16.6,0.0,32.71542795452198,0.059871,0.059871,0.0,0.0,0.059871,0.0,0.0,0.0,0.059871,0.0,0.059871,0.0 
 07/21  22:57:00,34.0,18.740088317545062,32.71636846478495,18.740088317545062,0.0,7930.404596394328,32.71636846478495,0.0,0.0,0.059871,16.6,0.0,32.71589885015367,0.059871,0.059871,0.0,0.0,0.059871,0.0,0.0,0.0,0.059871,0.0,0.059871,0.0 
 07/21  22:58:00,34.0,18.73966915915542,32.716836805370555,18.73966915915542,0.0,7928.845803895988,32.716836805370555,0.0,0.0,0.059871,16.6,0.0,32.71636846478495,0.059871,0.059871,0.0,0.0,0.059871,0.0,0.0,0.0,0.059871,0.0,0.059871,0.0 
 07/21  22:59:00,34.0,18.73925214119356,32.71730387138066,18.73925214119356,0.0,7927.294982953877,32.71730387138066,0.0,0.0,0.059871,16.6,0.0,32.716836805370555,0.059871,0.059871,0.0,0.0,0.059871,0.0,0.0,0.0,0.059871,0.0,0.059871,0.0 
 07/21  23:00:00,34.0,18.738837424877175,32.71776965734884,18.738837424877175,0.0,7925.752718410417,32.71776965734884,0.0,0.0,0.059871,16.6,0.0,32.71730387138066,0.059871,0.059871,0.0,0.0,0.059871,0.0,0.0,0.0,0.059871,0.0,0.059871,0.0,49104000.0 
 07/21  23:01:00,34.0,18.738424828549043,32.7182341774397,18.738424828549043,0.0,7924.218337076427,32.7182341774397,0.0,0.0,0.059871,16.6,0.0,32.71776965734884,0.059871,0.059871,0.0,0.0,0.059871,0.0,0.0,0.0,0.059871,0.0,0.059871,0.0 
 07/21  23:02:00,34.0,18.738014511887123,32.71869742424846,18.738014511887123,0.0,7922.692430626848,32.71869742424846,0.0,0.0,0.059871,16.6,0.0,32.7182341774397,0.059871,0.059871,0.0,0.0,0.059871,0.0,0.0,0.0,0.059871,0.0,0.059871,0.0 
 07/21  23:03:00,34.0,18.737606294157327,32.719159399166806,18.737606294157327,0.0,7921.174341816941,32.719159399166806,0.0,0.0,0.059871,16.6,0.0,32.71869742424846,0.059871,0.059871,0.0,0.0,0.059871,0.0,0.0,0.0,0.059871,0.0,0.059871,0.0 
 07/21  23:04:00,34.0,18.737200332909048,32.719620109379726,18.737200332909048,0.0,7919.66464190612,32.719620109379726,0.0,0.0,0.059871,16.6,0.0,32.719159399166806,0.059871,0.059871,0.0,0.0,0.059871,0.0,0.0,0.0,0.059871,0.0,0.059871,0.0 
 07/21  23:05:00,34.0,18.736796449703224,32.72007955477069,18.736796449703224,0.0,7918.16266963333,32.72007955477069,0.0,0.0,0.059871,16.6,0.0,32.719620109379726,0.059871,0.059871,0.0,0.0,0.059871,0.0,0.0,0.0,0.059871,0.0,0.059871,0.0 
 07/21  23:06:00,34.0,18.736394800094992,32.72053773025344,18.736394800094992,0.0,7916.669013909614,32.72053773025344,0.0,0.0,0.059871,16.6,0.0,32.72007955477069,0.059871,0.059871,0.0,0.0,0.059871,0.0,0.0,0.0,0.059871,0.0,0.059871,0.0 
 07/21  23:07:00,34.0,18.73599520773649,32.72099465027365,18.73599520773649,0.0,7915.182996193403,32.72099465027365,0.0,0.0,0.059871,16.6,0.0,32.72053773025344,0.059871,0.059871,0.0,0.0,0.059871,0.0,0.0,0.0,0.059871,0.0,0.059871,0.0 
 07/21  23:08:00,34.0,18.735597826618047,32.72145030784509,18.735597826618047,0.0,7913.7052121084525,32.72145030784509,0.0,0.0,0.059871,16.6,0.0,32.72099465027365,0.059871,0.059871,0.0,0.0,0.059871,0.0,0.0,0.0,0.059871,0.0,0.059871,0.0 
 07/21  23:09:00,34.0,18.735202480935932,32.72190470476418,18.735202480935932,0.0,7912.235010154204,32.72190470476418,0.0,0.0,0.059871,16.6,0.0,32.72145030784509,0.059871,0.059871,0.0,0.0,0.059871,0.0,0.0,0.0,0.059871,0.0,0.059871,0.0 
 07/21  23:10:00,34.0,18.73480932376251,32.72235784847969,18.73480932376251,0.0,7910.772932511336,32.72235784847969,0.0,0.0,0.059871,16.6,0.0,32.72190470476418,0.059871,0.059871,0.0,0.0,0.059871,0.0,0.0,0.0,0.059871,0.0,0.059871,0.0 
 07/21  23:11:00,34.0,18.734418181560592,32.7228097392863,18.734418181560592,0.0,7909.318361097598,32.7228097392863,0.0,0.0,0.059871,16.6,0.0,32.72235784847969,0.059871,0.059871,0.0,0.0,0.059871,0.0,0.0,0.0,0.059871,0.0,0.059871,0.0 
 07/21  23:12:00,34.0,18.73402920521964,32.723260372481406,18.73402920521964,0.0,7907.871842513459,32.723260372481406,0.0,0.0,0.059871,16.6,0.0,32.7228097392863,0.059871,0.059871,0.0,0.0,0.059871,0.0,0.0,0.0,0.059871,0.0,0.059871,0.0 
 07/21  23:13:00,34.0,18.733642223189698,32.72370976274025,18.733642223189698,0.0,7906.432741031658,32.72370976274025,0.0,0.0,0.059871,16.6,0.0,32.723260372481406,0.059871,0.059871,0.0,0.0,0.059871,0.0,0.0,0.0,0.059871,0.0,0.059871,0.0 
 07/21  23:14:00,34.0,18.7332573848725,32.72415790346825,18.7332573848725,0.0,7905.00161024589,32.72415790346825,0.0,0.0,0.059871,16.6,0.0,32.72370976274025,0.059871,0.059871,0.0,0.0,0.059871,0.0,0.0,0.0,0.059871,0.0,0.059871,0.0 
 07/21  23:15:00,34.0,18.732874519857592,32.72460479680672,18.732874519857592,0.0,7903.577831143848,32.72460479680672,0.0,0.0,0.059871,16.6,0.0,32.72415790346825,0.059871,0.059871,0.0,0.0,0.059871,0.0,0.0,0.0,0.059871,0.0,0.059871,0.0 
 07/21  23:16:00,34.0,18.73249377627604,32.72505045041192,18.73249377627604,0.0,7902.161927625652,32.72505045041192,0.0,0.0,0.059871,16.6,0.0,32.72460479680672,0.059871,0.059871,0.0,0.0,0.059871,0.0,0.0,0.0,0.059871,0.0,0.059871,0.0 
 07/21  23:17:00,34.0,18.732114985679207,32.725494864917394,18.732114985679207,0.0,7900.753300438582,32.725494864917394,0.0,0.0,0.059871,16.6,0.0,32.72505045041192,0.059871,0.059871,0.0,0.0,0.059871,0.0,0.0,0.0,0.059871,0.0,0.059871,0.0 
 07/21  23:18:00,34.0,18.73173829405587,32.72593803594691,18.73173829405587,0.0,7899.352478037704,32.72593803594691,0.0,0.0,0.059871,16.6,0.0,32.725494864917394,0.059871,0.059871,0.0,0.0,0.059871,0.0,0.0,0.0,0.059871,0.0,0.059871,0.0 
 07/21  23:19:00,34.0,18.731363535026873,32.72637997831939,18.731363535026873,0.0,7897.958843860588,32.72637997831939,0.0,0.0,0.059871,16.6,0.0,32.72593803594691,0.059871,0.059871,0.0,0.0,0.059871,0.0,0.0,0.0,0.059871,0.0,0.059871,0.0 
 07/21  23:20:00,34.0,18.730990853236683,32.72682068577006,18.730990853236683,0.0,7896.572933871662,32.72682068577006,0.0,0.0,0.059871,16.6,0.0,32.72637997831939,0.059871,0.059871,0.0,0.0,0.059871,0.0,0.0,0.0,0.059871,0.0,0.059871,0.0 
 07/21  23:21:00,34.0,18.730620084007526,32.727260160705626,18.730620084007526,0.0,7895.1941378142965,32.727260160705626,0.0,0.0,0.059871,16.6,0.0,32.72682068577006,0.059871,0.059871,0.0,0.0,0.059871,0.0,0.0,0.0,0.059871,0.0,0.059871,0.0 
 07/21  23:22:00,34.0,18.730251370326872,32.72769841092084,18.730251370326872,0.0,7893.822985512575,32.72769841092084,0.0,0.0,0.059871,16.6,0.0,32.727260160705626,0.059871,0.059871,0.0,0.0,0.059871,0.0,0.0,0.0,0.059871,0.0,0.059871,0.0 
 07/21  23:23:00,34.0,18.729884548596875,32.72813543730998,18.729884548596875,0.0,7892.458883184249,32.72813543730998,0.0,0.0,0.059871,16.6,0.0,32.72769841092084,0.059871,0.059871,0.0,0.0,0.059871,0.0,0.0,0.0,0.059871,0.0,0.059871,0.0 
 07/21  23:24:00,34.0,18.729519760683385,32.728571235760555,18.729519760683385,0.0,7891.102331551733,32.728571235760555,0.0,0.0,0.059871,16.6,0.0,32.72813543730998,0.059871,0.059871,0.0,0.0,0.059871,0.0,0.0,0.0,0.059871,0.0,0.059871,0.0 
 07/21  23:25:00,34.0,18.729156845529495,32.72900582115536,18.729156845529495,0.0,7889.752746252025,32.72900582115536,0.0,0.0,0.059871,16.6,0.0,32.728571235760555,0.059871,0.059871,0.0,0.0,0.059871,0.0,0.0,0.0,0.059871,0.0,0.059871,0.0 
 07/21  23:26:00,34.0,18.728795942518637,32.72943918749914,18.728795942518637,0.0,7888.410656217975,32.72943918749914,0.0,0.0,0.059871,16.6,0.0,32.72900582115536,0.059871,0.059871,0.0,0.0,0.059871,0.0,0.0,0.0,0.059871,0.0,0.059871,0.0 
 07/21  23:27:00,34.0,18.72843689232029,32.729871337392254,18.72843689232029,0.0,7887.075446080307,32.729871337392254,0.0,0.0,0.059871,16.6,0.0,32.72943918749914,0.059871,0.059871,0.0,0.0,0.059871,0.0,0.0,0.0,0.059871,0.0,0.059871,0.0 
 07/21  23:28:00,34.0,18.72807983301922,32.73030227870714,18.72807983301922,0.0,7885.747652421301,32.73030227870714,0.0,0.0,0.059871,16.6,0.0,32.729871337392254,0.059871,0.059871,0.0,0.0,0.059871,0.0,0.0,0.0,0.059871,0.0,0.059871,0.0 
 07/21  23:29:00,34.0,18.727724606495055,32.730732012531334,18.727724606495055,0.0,7884.426676823764,32.730732012531334,0.0,0.0,0.059871,16.6,0.0,32.73030227870714,0.059871,0.059871,0.0,0.0,0.059871,0.0,0.0,0.0,0.059871,0.0,0.059871,0.0 
 07/21  23:30:00,34.0,18.727371350318972,32.73116053496199,18.727371350318972,0.0,7883.113016585644,32.73116053496199,0.0,0.0,0.059871,16.6,0.0,32.730732012531334,0.059871,0.059871,0.0,0.0,0.059871,0.0,0.0,0.0,0.059871,0.0,0.059871,0.0 
 07/21  23:31:00,34.0,18.727019907845207,32.73158786088042,18.727019907845207,0.0,7881.8061161314245,32.73158786088042,0.0,0.0,0.059871,16.6,0.0,32.73116053496199,0.059871,0.059871,0.0,0.0,0.059871,0.0,0.0,0.0,0.059871,0.0,0.059871,0.0 
 07/21  23:32:00,34.0,18.726670414861054,32.732013984510964,18.726670414861054,0.0,7880.506453696021,32.732013984510964,0.0,0.0,0.059871,16.6,0.0,32.73158786088042,0.059871,0.059871,0.0,0.0,0.059871,0.0,0.0,0.0,0.059871,0.0,0.059871,0.0 
 07/21  23:33:00,34.0,18.726322716234044,32.73243890858975,18.726322716234044,0.0,7879.213479303312,32.73243890858975,0.0,0.0,0.059871,16.6,0.0,32.732013984510964,0.059871,0.059871,0.0,0.0,0.059871,0.0,0.0,0.0,0.059871,0.0,0.059871,0.0 
 07/21  23:34:00,34.0,18.72597694631218,32.732862641019324,18.72597694631218,0.0,7877.927665863876,32.732862641019324,0.0,0.0,0.059871,16.6,0.0,32.73243890858975,0.059871,0.059871,0.0,0.0,0.059871,0.0,0.0,0.0,0.059871,0.0,0.059871,0.0 
 07/21  23:35:00,34.0,18.725632951643824,32.733285183027625,18.725632951643824,0.0,7876.648469621991,32.733285183027625,0.0,0.0,0.059871,16.6,0.0,32.732862641019324,0.059871,0.059871,0.0,0.0,0.059871,0.0,0.0,0.0,0.059871,0.0,0.059871,0.0 
 07/21  23:36:00,34.0,18.725290865175168,32.733706530880035,18.725290865175168,0.0,7875.376358302628,32.733706530880035,0.0,0.0,0.059871,16.6,0.0,32.733285183027625,0.059871,0.059871,0.0,0.0,0.059871,0.0,0.0,0.0,0.059871,0.0,0.059871,0.0 
 07/21  23:37:00,34.0,18.72495053562364,32.734126699407234,18.72495053562364,0.0,7874.110783740698,32.734126699407234,0.0,0.0,0.059871,16.6,0.0,32.733706530880035,0.059871,0.059871,0.0,0.0,0.059871,0.0,0.0,0.0,0.059871,0.0,0.059871,0.0 
 07/21  23:38:00,34.0,18.72461209406807,32.73454568301608,18.72461209406807,0.0,7872.852231630545,32.73454568301608,0.0,0.0,0.059871,16.6,0.0,32.734126699407234,0.059871,0.059871,0.0,0.0,0.059871,0.0,0.0,0.0,0.059871,0.0,0.059871,0.0 
 07/21  23:39:00,34.0,18.72427539051733,32.7349634845356,18.72427539051733,0.0,7871.600146147925,32.7349634845356,0.0,0.0,0.059871,16.6,0.0,32.73454568301608,0.059871,0.059871,0.0,0.0,0.059871,0.0,0.0,0.0,0.059871,0.0,0.059871,0.0 
 07/21  23:40:00,34.0,18.72394055462402,32.7353801118647,18.72394055462402,0.0,7870.355007702083,32.7353801118647,0.0,0.0,0.059871,16.6,0.0,32.7349634845356,0.059871,0.059871,0.0,0.0,0.059871,0.0,0.0,0.0,0.059871,0.0,0.059871,0.0 
 07/21  23:41:00,34.0,18.723607438084368,32.73579556633345,18.723607438084368,0.0,7869.1162667223625,32.73579556633345,0.0,0.0,0.059871,16.6,0.0,32.7353801118647,0.059871,0.059871,0.0,0.0,0.059871,0.0,0.0,0.0,0.059871,0.0,0.059871,0.0 
 07/21  23:42:00,34.0,18.72327616924972,32.736209844346384,18.72327616924972,0.0,7867.884398796,32.736209844346384,0.0,0.0,0.059871,16.6,0.0,32.73579556633345,0.059871,0.059871,0.0,0.0,0.059871,0.0,0.0,0.0,0.059871,0.0,0.059871,0.0 
 07/21  23:43:00,34.0,18.72294660142961,32.73662296064885,18.72294660142961,0.0,7866.6588603314995,32.73662296064885,0.0,0.0,0.059871,16.6,0.0,32.736209844346384,0.059871,0.059871,0.0,0.0,0.059871,0.0,0.0,0.0,0.059871,0.0,0.059871,0.0 
 07/21  23:44:00,34.0,18.722618862148792,32.737034909804365,18.722618862148792,0.0,7865.440111429398,32.737034909804365,0.0,0.0,0.059871,16.6,0.0,32.73662296064885,0.059871,0.059871,0.0,0.0,0.059871,0.0,0.0,0.0,0.059871,0.0,0.059871,0.0 
 07/21  23:45:00,34.0,18.722292806365385,32.73744569470408,18.722292806365385,0.0,7864.22762703593,32.73744569470408,0.0,0.0,0.059871,16.6,0.0,32.737034909804365,0.059871,0.059871,0.0,0.0,0.059871,0.0,0.0,0.0,0.059871,0.0,0.059871,0.0 
 07/21  23:46:00,34.0,18.721968559487742,32.73785532321955,18.721968559487742,0.0,7863.021871832702,32.73785532321955,0.0,0.0,0.059871,16.6,0.0,32.73744569470408,0.059871,0.059871,0.0,0.0,0.059871,0.0,0.0,0.0,0.059871,0.0,0.059871,0.0 
 07/21  23:47:00,34.0,18.721645977687544,32.73826379675456,18.721645977687544,0.0,7861.82231283587,32.73826379675456,0.0,0.0,0.059871,16.6,0.0,32.73785532321955,0.059871,0.059871,0.0,0.0,0.059871,0.0,0.0,0.0,0.059871,0.0,0.059871,0.0 
 07/21  23:48:00,34.0,18.721325185108334,32.738671111831096,18.721325185108334,0.0,7860.629410040119,32.738671111831096,0.0,0.0,0.059871,16.6,0.0,32.73826379675456,0.059871,0.059871,0.0,0.0,0.059871,0.0,0.0,0.0,0.059871,0.0,0.059871,0.0 
 07/21  23:49:00,34.0,18.721006039638542,32.73907728308256,18.721006039638542,0.0,7859.442636824033,32.73907728308256,0.0,0.0,0.059871,16.6,0.0,32.738671111831096,0.059871,0.059871,0.0,0.0,0.059871,0.0,0.0,0.0,0.059871,0.0,0.059871,0.0 
 07/21  23:50:00,34.0,18.72068866475928,32.739482305208504,18.72068866475928,0.0,7858.26243831656,32.739482305208504,0.0,0.0,0.059871,16.6,0.0,32.73907728308256,0.059871,0.059871,0.0,0.0,0.059871,0.0,0.0,0.0,0.059871,0.0,0.059871,0.0 
 07/21  23:51:00,34.0,18.72037292001441,32.73988618113705,18.72037292001441,0.0,7857.088306446553,32.73988618113705,0.0,0.0,0.059871,16.6,0.0,32.739482305208504,0.059871,0.059871,0.0,0.0,0.059871,0.0,0.0,0.0,0.059871,0.0,0.059871,0.0 
 07/21  23:52:00,34.0,18.720058926820236,32.74028891869276,18.720058926820236,0.0,7855.9206911025285,32.74028891869276,0.0,0.0,0.059871,16.6,0.0,32.73988618113705,0.059871,0.059871,0.0,0.0,0.059871,0.0,0.0,0.0,0.059871,0.0,0.059871,0.0 
 07/21  23:53:00,34.0,18.719746545883773,32.74069051932892,18.719746545883773,0.0,7854.7590761092215,32.74069051932892,0.0,0.0,0.059871,16.6,0.0,32.74028891869276,0.059871,0.059871,0.0,0.0,0.059871,0.0,0.0,0.0,0.059871,0.0,0.059871,0.0 
 07/21  23:54:00,34.0,18.719435897934417,32.74109097966577,18.719435897934417,0.0,7853.6038964069985,32.74109097966577,0.0,0.0,0.059871,16.6,0.0,32.74069051932892,0.059871,0.059871,0.0,0.0,0.059871,0.0,0.0,0.0,0.059871,0.0,0.059871,0.0 
 07/21  23:55:00,34.0,18.719126844904828,32.74149031420197,18.719126844904828,0.0,7852.454665170558,32.74149031420197,0.0,0.0,0.059871,16.6,0.0,32.74109097966577,0.059871,0.059871,0.0,0.0,0.059871,0.0,0.0,0.0,0.059871,0.0,0.059871,0.0 
 07/21  23:56:00,34.0,18.718819506058907,32.741888517754596,18.718819506058907,0.0,7851.311799509076,32.741888517754596,0.0,0.0,0.059871,16.6,0.0,32.74149031420197,0.059871,0.059871,0.0,0.0,0.059871,0.0,0.0,0.0,0.059871,0.0,0.059871,0.0 
 07/21  23:57:00,34.0,18.718513745904705,32.742285593266885,18.718513745904705,0.0,7850.174797339855,32.742285593266885,0.0,0.0,0.059871,16.6,0.0,32.741888517754596,0.059871,0.059871,0.0,0.0,0.059871,0.0,0.0,0.0,0.059871,0.0,0.059871,0.0 
 07/21  23:58:00,34.0,18.718209681645554,32.74268154849971,18.718209681645554,0.0,7849.04411773512,32.74268154849971,0.0,0.0,0.059871,16.6,0.0,32.742285593266885,0.059871,0.059871,0.0,0.0,0.059871,0.0,0.0,0.0,0.059871,0.0,0.059871,0.0 
 07/21  23:59:00,34.0,18.71790717871086,32.74307638493582,18.71790717871086,0.0,7847.919237229808,32.74307638493582,0.0,0.0,0.059871,16.6,0.0,32.74268154849971,0.059871,0.059871,0.0,0.0,0.059871,0.0,0.0,0.0,0.059871,0.0,0.059871,0.0 
 07/21  24:00:00,34.0,18.717606353578486,32.74347009927845,18.717606353578486,0.0,7846.800599809112,32.74347009927845,0.0,0.0,0.059871,16.6,0.0,32.74307638493582,0.059871,0.059871,0.0,0.0,0.059871,0.0,0.0,0.0,0.059871,0.0,0.059871,0.0,49104000.0 
 07/21  00:01:00,21.5,20.282455613030194,32.33045884849174,20.282455613030194,22296.5464848763,0.0,32.33045884849174,0.0,0.0,0.059871,26.3,0.0,32.72083084855206,0.059871,0.059871,0.0,0.0,0.059871,0.0,0.0,0.0,0.059871,0.0,0.059871,0.0 
 07/21  00:02:00,21.5,22.256411985666,31.723473941252347,22.256411985666,14962.18066272747,0.0,31.723473941252347,0.0,0.0,0.059871,26.3,0.0,32.33045884849174,0.059871,0.059871,0.0,0.0,0.059871,0.0,0.0,0.0,0.059871,0.0,0.059871,0.0 
 07/21  00:03:00,21.5,23.733714324559532,31.083409602430258,23.733714324559532,9478.474841498104,0.0,31.083409602430258,0.0,0.0,0.059871,26.3,0.0,31.723473941252347,0.059871,0.059871,0.0,0.0,0.059871,0.0,0.0,0.0,0.059871,0.0,0.059871,0.0 
 07/21  00:04:00,21.5,24.498235696979375,30.49179233039646,24.498235696979375,6644.4851826291915,0.0,30.49179233039646,0.0,0.0,0.059871,26.3,0.0,31.083409602430258,0.059871,0.059871,0.0,0.0,0.059871,0.0,0.0,0.0,0.059871,0.0,0.059871,0.0 
 07/21  00:05:00,21.5,24.784588537465652,29.962591511079616,24.784588537465652,5582.654962643924,0.0,29.962591511079616,0.0,0.0,0.059871,26.3,0.0,30.49179233039646,0.059871,0.059871,0.0,0.0,0.059871,0.0,0.0,0.0,0.059871,0.0,0.059871,0.0 
 07/21  00:06:00,21.5,24.875361298917905,29.485333415802305,24.875361298917905,5244.918922741435,0.0,29.485333415802305,0.0,0.0,0.059871,26.3,0.0,29.962591511079616,0.059871,0.059871,0.0,0.0,0.059871,0.0,0.0,0.0,0.059871,0.0,0.059871,0.0 
 07/21  00:07:00,21.5,24.928701137807785,29.049161998824367,24.928701137807785,5046.6141981995,0.0,29.049161998824367,0.0,0.0,0.059871,26.3,0.0,29.485333415802305,0.059871,0.059871,0.0,0.0,0.059871,0.0,0.0,0.0,0.059871,0.0,0.059871,0.0 
 07/21  00:08:00,21.5,24.989801524748252,28.647383869913828,24.989801524748252,4820.590646660808,0.0,28.647383869913828,0.0,0.0,0.059871,26.3,0.0,29.049161998824367,0.059871,0.059871,0.0,0.0,0.059871,0.0,0.0,0.0,0.059871,0.0,0.059871,0.0 
 07/21  00:09:00,21.5,25.05579508265388,28.277216883773747,25.05579508265388,4577.041199836594,0.0,28.277216883773747,0.0,0.0,0.059871,26.3,0.0,28.647383869913828,0.059871,0.059871,0.0,0.0,0.059871,0.0,0.0,0.0,0.059871,0.0,0.059871,0.0 
 07/21  00:10:00,21.5,25.116867037700423,27.93690905851895,25.116867037700423,4351.88974445954,0.0,27.93690905851895,0.0,0.0,0.059871,26.3,0.0,28.277216883773747,0.059871,0.059871,0.0,0.0,0.059871,0.0,0.0,0.0,0.059871,0.0,0.059871,0.0 
 07/21  00:11:00,21.5,25.169984174917023,27.624651251749412,25.169984174917023,4156.188763453647,0.0,27.624651251749412,0.0,0.0,0.059871,26.3,0.0,27.93690905851895,0.059871,0.059871,0.0,0.0,0.059871,0.0,0.0,0.0,0.059871,0.0,0.059871,0.0 
 07/21  00:12:00,21.5,25.216820338487896,27.33844260978212,25.216820338487896,3983.7157040551074,0.0,27.33844260978212,0.0,0.0,0.059871,26.3,0.0,27.624651251749412,0.059871,0.059871,0.0,0.0,0.059871,0.0,0.0,0.0,0.059871,0.0,0.059871,0.0 
 07/21  00:13:00,21.5,25.260202986051603,27.076227373531466,25.260202986051603,3824.0275882795368,0.0,27.076227373531466,0.0,0.0,0.059871,26.3,0.0,27.33844260978212,0.059871,0.059871,0.0,0.0,0.059871,0.0,0.0,0.0,0.059871,0.0,0.059871,0.0 
 07/21  00:14:00,21.5,25.301799479846697,26.836014163698753,25.301799479846697,3670.962713323579,0.0,26.836014163698753,0.0,0.0,0.059871,26.3,0.0,27.076227373531466,0.059871,0.059871,0.0,0.0,0.059871,0.0,0.0,0.0,0.059871,0.0,0.059871,0.0 
 07/21  00:15:00,21.5,25.342371138466216,26.615933975514118,25.342371138466216,3521.7016271642888,0.0,26.615933975514118,0.0,0.0,0.059871,26.3,0.0,26.836014163698753,0.059871,0.059871,0.0,0.0,0.059871,0.0,0.0,0.0,0.059871,0.0,0.059871,0.0 
 07/21  00:16:00,21.5,25.382002185954946,26.414252028625356,25.382002185954946,3375.921928328853,0.0,26.414252028625356,0.0,0.0,0.059871,26.3,0.0,26.615933975514118,0.059871,0.059871,0.0,0.0,0.059871,0.0,0.0,0.0,0.059871,0.0,0.059871,0.0 
 07/21  00:17:00,21.5,25.42077388102254,26.22936188584441,25.42077388102254,3233.3167409498583,0.0,26.22936188584441,0.0,0.0,0.059871,26.3,0.0,26.414252028625356,0.059871,0.059871,0.0,0.0,0.059871,0.0,0.0,0.0,0.059871,0.0,0.059871,0.0 
 07/21  00:18:00,21.5,25.458678021140695,26.05976971882451,25.458678021140695,3093.9111275316827,0.0,26.05976971882451,0.0,0.0,0.059871,26.3,0.0,26.22936188584441,0.059871,0.059871,0.0,0.0,0.059871,0.0,0.0,0.0,0.059871,0.0,0.059871,0.0 
 07/21  00:19:00,21.5,25.49584034831031,25.904028805959115,25.49584034831031,2957.2394174415967,0.0,25.904028805959115,0.0,0.0,0.059871,26.3,0.0,26.05976971882451,0.059871,0.059871,0.0,0.0,0.059871,0.0,0.0,0.0,0.059871,0.0,0.059871,0.0 
 07/21  00:20:00,21.5,25.532287669731907,25.76127645872659,25.532287669731907,2823.200925825936,0.0,25.76127645872659,0.0,0.0,0.059871,26.3,0.0,25.904028805959115,0.059871,0.059871,0.0,0.0,0.059871,0.0,0.0,0.0,0.059871,0.0,0.059871,0.0 
 07/21  00:21:00,21.5,25.568122362509953,25.630602178837748,25.568122362509953,2691.4178049734574,0.0,25.630602178837748,0.0,0.0,0.059871,26.3,0.0,25.76127645872659,0.059871,0.059871,0.0,0.0,0.059871,0.0,0.0,0.0,0.059871,0.0,0.059871,0.0 
 07/21  00:22:00,21.5,25.603341850275285,25.511053283680614,25.603341850275285,2561.89864502981,0.0,25.511053283680614,0.0,0.0,0.059871,26.3,0.0,25.630602178837748,0.059871,0.059871,0.0,0.0,0.059871,0.0,0.0,0.0,0.059871,0.0,0.059871,0.0 
 07/21  00:23:00,21.5,25.638015917666166,25.401691420692842,25.638015917666166,2434.3862470992735,0.0,25.401691420692842,0.0,0.0,0.059871,26.3,0.0,25.511053283680614,0.059871,0.059871,0.0,0.0,0.059871,0.0,0.0,0.0,0.059871,0.0,0.059871,0.0 
 07/21  00:24:00,21.5,25.672128271480332,25.30163012559062,25.672128271480332,2308.94015920705,0.0,25.30163012559062,0.0,0.0,0.059871,26.3,0.0,25.401691420692842,0.059871,0.059871,0.0,0.0,0.059871,0.0,0.0,0.0,0.059871,0.0,0.059871,0.0 
 07/21  00:25:00,21.5,25.705736022302872,25.21004756321424,25.705736022302872,2185.350125136447,0.0,25.21004756321424,0.0,0.0,0.059871,26.3,0.0,25.30163012559062,0.059871,0.059871,0.0,0.0,0.059871,0.0,0.0,0.0,0.059871,0.0,0.059871,0.0 
 07/21  00:26:00,21.5,25.738819729589572,25.12618735452763,25.738819729589572,2063.687483193039,0.0,25.12618735452763,0.0,0.0,0.059871,26.3,0.0,25.21004756321424,0.059871,0.059871,0.0,0.0,0.059871,0.0,0.0,0.0,0.059871,0.0,0.059871,0.0 
 07/21  00:27:00,21.5,25.771429346521153,25.049354733647654,25.771429346521153,1943.7684373048887,0.0,25.049354733647654,0.0,0.0,0.059871,26.3,0.0,25.12618735452763,0.059871,0.059871,0.0,0.0,0.059871,0.0,0.0,0.0,0.059871,0.0,0.059871,0.0 
 07/21  00:28:00,21.5,25.80354357877902,24.978913525136804,25.80354357877902,1825.6712324509272,0.0,24.978913525136804,0.0,0.0,0.059871,26.3,0.0,25.049354733647654,0.059871,0.059871,0.0,0.0,0.059871,0.0,0.0,0.0,0.059871,0.0,0.059871,0.0 
 07/21  00:29:00,21.5,25.83520679502801,24.91428075456079,25.83520679502801,1709.2326667731686,0.0,24.91428075456079,0.0,0.0,0.059871,26.3,0.0,24.978913525136804,0.059871,0.059871,0.0,0.0,0.059871,0.0,0.0,0.0,0.059871,0.0,0.059871,0.0 
 07/21  00:30:00,21.5,25.866396593810894,24.85492412370904,25.866396593810894,1594.5350936896602,0.0,24.85492412370904,0.0,0.0,0.059871,26.3,0.0,24.91428075456079,0.059871,0.059871,0.0,0.0,0.059871,0.0,0.0,0.0,0.059871,0.0,0.059871,0.0 
 07/21  00:31:00,21.5,25.897153195231716,24.800357514917415,25.897153195231716,1481.4305911133079,0.0,24.800357514917415,0.0,0.0,0.059871,26.3,0.0,24.85492412370904,0.059871,0.059871,0.0,0.0,0.059871,0.0,0.0,0.0,0.059871,0.0,0.059871,0.0 
 07/21  00:32:00,21.5,25.927453768162746,24.75013828520786,25.927453768162746,1370.00310781204,0.0,24.75013828520786,0.0,0.0,0.059871,26.3,0.0,24.800357514917415,0.059871,0.059871,0.0,0.0,0.059871,0.0,0.0,0.0,0.059871,0.0,0.059871,0.0 
 07/21  00:33:00,21.5,25.957335360095215,24.703862893215547,25.957335360095215,1260.1163984829554,0.0,24.703862893215547,0.0,0.0,0.059871,26.3,0.0,24.75013828520786,0.059871,0.059871,0.0,0.0,0.059871,0.0,0.0,0.0,0.059871,0.0,0.059871,0.0 
 07/21  00:34:00,21.5,25.986775077041102,24.661164744535768,25.986775077041102,1151.854649319821,0.0,24.661164744535768,0.0,0.0,0.059871,26.3,0.0,24.703862893215547,0.059871,0.059871,0.0,0.0,0.059871,0.0,0.0,0.0,0.059871,0.0,0.059871,0.0 
 07/21  00:35:00,21.5,26.01580740857937,24.621710134998413,26.01580740857937,1045.0910255022336,0.0,24.621710134998413,0.0,0.0,0.059871,26.3,0.0,24.661164744535768,0.059871,0.059871,0.0,0.0,0.059871,0.0,0.0,0.0,0.059871,0.0,0.059871,0.0 
 07/21  00:36:00,21.5,26.044409617133645,24.585196352602917,26.044409617133645,939.9091405840682,0.0,24.585196352602917,0.0,0.0,0.059871,26.3,0.0,24.621710134998413,0.059871,0.059871,0.0,0.0,0.059871,0.0,0.0,0.0,0.059871,0.0,0.059871,0.0 
 07/21  00:37:00,21.5,26.072614063769393,24.55134799905954,26.072614063769393,836.1899887732034,0.0,24.55134799905954,0.0,0.0,0.059871,26.3,0.0,24.585196352602917,0.059871,0.059871,0.0,0.0,0.059871,0.0,0.0,0.0,0.059871,0.0,0.059871,0.0 
 07/21  00:38:00,21.5,26.10039832169605,24.519915702603008,26.10039832169605,734.0160417675816,0.0,24.519915702603008,0.0,0.0,0.059871,26.3,0.0,24.55134799905954,0.059871,0.059871,0.0,0.0,0.059871,0.0,0.0,0.0,0.059871,0.0,0.059871,0.0 
 07/21  00:39:00,21.5,26.127792931490216,24.49067274676489,26.127792931490216,633.2749891010144,0.0,24.49067274676489,0.0,0.0,0.059871,26.3,0.0,24.519915702603008,0.059871,0.059871,0.0,0.0,0.059871,0.0,0.0,0.0,0.059871,0.0,0.059871,0.0 
 07/21  00:40:00,21.5,26.15477588652322,24.46341385858322,26.15477588652322,534.0477577777801,0.0,24.46341385858322,0.0,0.0,0.059871,26.3,0.0,24.49067274676489,0.059871,0.059871,0.0,0.0,0.059871,0.0,0.0,0.0,0.059871,0.0,0.059871,0.0 
 07/21  00:41:00,21.5,26.181376124935866,24.43795266761194,26.181376124935866,436.22793039516637,0.0,24.43795266761194,0.0,0.0,0.059871,26.3,0.0,24.46341385858322,0.059871,0.059871,0.0,0.0,0.059871,0.0,0.0,0.0,0.059871,0.0,0.059871,0.0 
 07/21  00:42:00,21.5,26.2075721362138,24.414120634345725,26.2075721362138,339.89460970711207,0.0,24.414120634345725,0.0,0.0,0.059871,26.3,0.0,24.43795266761194,0.059871,0.059871,0.0,0.0,0.059871,0.0,0.0,0.0,0.059871,0.0,0.059871,0.0 
 07/21  00:43:00,21.5,26.23339140719056,24.391764514335314,26.23339140719056,244.94671545598976,0.0,24.391764514335314,0.0,0.0,0.059871,26.3,0.0,24.414120634345725,0.059871,0.059871,0.0,0.0,0.059871,0.0,0.0,0.0,0.059871,0.0,0.059871,0.0 
 07/21  00:44:00,21.5,26.258812973609306,24.37074602825144,26.258812973609306,151.4613416492739,0.0,24.37074602825144,0.0,0.0,0.059871,26.3,0.0,24.391764514335314,0.059871,0.059871,0.0,0.0,0.059871,0.0,0.0,0.0,0.059871,0.0,0.059871,0.0 
 07/21  00:45:00,21.5,26.28386297082984,24.350939531824938,26.28386297082984,59.342377983666665,0.0,24.350939531824938,0.0,0.0,0.059871,26.3,0.0,24.37074602825144,0.059871,0.059871,0.0,0.0,0.059871,0.0,0.0,0.0,0.059871,0.0,0.059871,0.0 
 07/21  00:46:00,21.5,26.308521009258264,24.332231457388385,26.308521009258264,0.0,31.335194777175275,24.332231457388385,0.0,0.0,0.059871,26.3,0.0,24.350939531824938,0.059871,0.059871,0.0,0.0,0.059871,0.0,0.0,0.0,0.059871,0.0,0.059871,0.0 
 07/21  00:47:00,21.5,26.332811931783805,24.31451881155721,26.332811931783805,0.0,120.66273398513658,24.31451881155721,0.0,0.0,0.059871,26.3,0.0,24.332231457388385,0.059871,0.059871,0.0,0.0,0.059871,0.0,0.0,0.0,0.059871,0.0,0.059871,0.0 
 07/21  00:48:00,21.5,26.3567159322682,24.297708645177938,26.3567159322682,0.0,208.56740446983167,24.297708645177938,0.0,0.0,0.059871,26.3,0.0,24.31451881155721,0.059871,0.059871,0.0,0.0,0.059871,0.0,0.0,0.0,0.059871,0.0,0.059871,0.0 
 07/21  00:49:00,21.5,26.380256586286347,24.28171637674716,26.380256586286347,0.0,295.13590315072634,24.28171637674716,0.0,0.0,0.059871,26.3,0.0,24.297708645177938,0.059871,0.059871,0.0,0.0,0.059871,0.0,0.0,0.0,0.059871,0.0,0.059871,0.0 
 07/21  00:50:00,21.5,26.403414661103717,24.266465908725568,26.403414661103717,0.0,380.2975034916017,24.266465908725568,0.0,0.0,0.059871,26.3,0.0,24.28171637674716,0.059871,0.059871,0.0,0.0,0.059871,0.0,0.0,0.0,0.059871,0.0,0.059871,0.0 
 07/21  00:51:00,21.5,26.426212460409637,24.251888065624172,26.426212460409637,0.0,464.1342251727792,24.251888065624172,0.0,0.0,0.059871,26.3,0.0,24.266465908725568,0.059871,0.059871,0.0,0.0,0.059871,0.0,0.0,0.0,0.059871,0.0,0.059871,0.0 
 07/21  00:52:00,21.5,26.448631295367147,24.23792039609626,26.448631295367147,0.0,546.5773417880746,24.23792039609626,0.0,0.0,0.059871,26.3,0.0,24.251888065624172,0.059871,0.059871,0.0,0.0,0.059871,0.0,0.0,0.0,0.059871,0.0,0.059871,0.0 
 07/21  00:53:00,21.5,26.470692164872872,24.224506286847546,26.470692164872872,0.0,627.704074767189,24.224506286847546,0.0,0.0,0.059871,26.3,0.0,24.23792039609626,0.059871,0.059871,0.0,0.0,0.059871,0.0,0.0,0.0,0.059871,0.0,0.059871,0.0 
 07/21  00:54:00,21.5,26.49237687272546,24.211594741813286,26.49237687272546,0.0,707.4475093238107,24.211594741813286,0.0,0.0,0.059871,26.3,0.0,24.224506286847546,0.059871,0.059871,0.0,0.0,0.059871,0.0,0.0,0.0,0.059871,0.0,0.059871,0.0 
 07/21  00:55:00,21.5,26.51370505020511,24.199139279746223,26.51370505020511,0.0,785.8798376091909,24.199139279746223,0.0,0.0,0.059871,26.3,0.0,24.211594741813286,0.059871,0.059871,0.0,0.0,0.059871,0.0,0.0,0.0,0.059871,0.0,0.059871,0.0 
 07/21  00:56:00,21.5,26.534658916062305,24.187098212024182,26.534658916062305,0.0,862.9356707825445,24.187098212024182,0.0,0.0,0.059871,26.3,0.0,24.199139279746223,0.059871,0.059871,0.0,0.0,0.059871,0.0,0.0,0.0,0.059871,0.0,0.059871,0.0 
 07/21  00:57:00,21.5,26.555256635902097,24.17543359875554,26.555256635902097,0.0,938.6818111151797,24.17543359875554,0.0,0.0,0.059871,26.3,0.0,24.187098212024182,0.059871,0.059871,0.0,0.0,0.059871,0.0,0.0,0.0,0.059871,0.0,0.059871,0.0 
 07/21  00:58:00,21.5,26.575480731033952,24.164111235023153,26.575480731033952,0.0,1013.0539823980098,24.164111235023153,0.0,0.0,0.059871,26.3,0.0,24.17543359875554,0.059871,0.059871,0.0,0.0,0.059871,0.0,0.0,0.0,0.059871,0.0,0.059871,0.0 
 07/21  00:59:00,21.5,26.595347757426353,24.15310010905063,26.595347757426353,0.0,1086.1130676181483,24.15310010905063,0.0,0.0,0.059871,26.3,0.0,24.164111235023153,0.059871,0.059871,0.0,0.0,0.059871,0.0,0.0,0.0,0.059871,0.0,0.059871,0.0 
 07/21  01:00:00,21.5,26.614840377612225,24.142372351727822,26.614840377612225,0.0,1157.7953099022716,24.142372351727822,0.0,0.0,0.059871,26.3,0.0,24.15310010905063,0.059871,0.059871,0.0,0.0,0.059871,0.0,0.0,0.0,0.059871,0.0,0.059871,0.0,49104000.0 
 07/21  01:01:00,21.5,26.633973328860552,24.13190249969491,26.633973328860552,0.0,1228.1549041444168,24.13190249969491,0.0,0.0,0.059871,26.3,0.0,24.142372351727822,0.059871,0.059871,0.0,0.0,0.059871,0.0,0.0,0.0,0.059871,0.0,0.059871,0.0 
 07/21  01:02:00,21.5,26.65272918001184,24.121667804493867,26.65272918001184,0.0,1297.1277489263366,24.121667804493867,0.0,0.0,0.059871,26.3,0.0,24.13190249969491,0.059871,0.059871,0.0,0.0,0.059871,0.0,0.0,0.0,0.059871,0.0,0.059871,0.0 
 07/21  01:03:00,21.5,26.6711205413688,24.111647523464455,26.6711205413688,0.0,1364.7602174275562,24.111647523464455,0.0,0.0,0.059871,26.3,0.0,24.121667804493867,0.059871,0.059871,0.0,0.0,0.059871,0.0,0.0,0.0,0.059871,0.0,0.059871,0.0 
 07/21  01:04:00,21.5,26.689129535502804,24.101822998033857,26.689129535502804,0.0,1430.986567117866,24.101822998033857,0.0,0.0,0.059871,26.3,0.0,24.111647523464455,0.059871,0.059871,0.0,0.0,0.059871,0.0,0.0,0.0,0.059871,0.0,0.059871,0.0 
 07/21  01:05:00,21.5,26.70676617586329,24.092177295491812,26.70676617586329,0.0,1495.8436214977564,24.092177295491812,0.0,0.0,0.059871,26.3,0.0,24.101822998033857,0.059871,0.059871,0.0,0.0,0.059871,0.0,0.0,0.0,0.059871,0.0,0.059871,0.0 
 07/21  01:06:00,21.5,26.724011585312287,24.082695253902305,26.724011585312287,0.0,1559.2619617017772,24.082695253902305,0.0,0.0,0.059871,26.3,0.0,24.092177295491812,0.059871,0.059871,0.0,0.0,0.059871,0.0,0.0,0.0,0.059871,0.0,0.059871,0.0 
 07/21  01:07:00,21.5,26.74087242777169,24.073362970731235,26.74087242777169,0.0,1621.2660936639168,24.073362970731235,0.0,0.0,0.059871,26.3,0.0,24.082695253902305,0.059871,0.059871,0.0,0.0,0.059871,0.0,0.0,0.0,0.059871,0.0,0.059871,0.0 
 07/21  01:08:00,21.5,26.757327902806935,24.064168095024993,26.757327902806935,0.0,1681.7795257798934,24.064168095024993,0.0,0.0,0.059871,26.3,0.0,24.073362970731235,0.059871,0.059871,0.0,0.0,0.059871,0.0,0.0,0.0,0.059871,0.0,0.059871,0.0 
 07/21  01:09:00,21.5,26.77338003284482,24.055099328144852,26.77338003284482,0.0,1740.8096953303857,24.055099328144852,0.0,0.0,0.059871,26.3,0.0,24.064168095024993,0.059871,0.059871,0.0,0.0,0.059871,0.0,0.0,0.0,0.059871,0.0,0.059871,0.0 
 07/21  01:10:00,21.5,26.78900441853503,24.04614654985733,26.78900441853503,0.0,1798.2668760433944,24.04614654985733,0.0,0.0,0.059871,26.3,0.0,24.055099328144852,0.059871,0.059871,0.0,0.0,0.059871,0.0,0.0,0.0,0.059871,0.0,0.059871,0.0 
 07/21  01:11:00,21.5,26.8041959957092,24.037300552261488,26.8041959957092,0.0,1854.1324449251852,24.037300552261488,0.0,0.0,0.059871,26.3,0.0,24.04614654985733,0.059871,0.059871,0.0,0.0,0.059871,0.0,0.0,0.0,0.059871,0.0,0.059871,0.0 
 07/21  01:12:00,21.5,26.81892334064458,24.02855314150361,26.81892334064458,0.0,1908.2908442474172,24.02855314150361,0.0,0.0,0.059871,26.3,0.0,24.037300552261488,0.059871,0.059871,0.0,0.0,0.059871,0.0,0.0,0.0,0.059871,0.0,0.059871,0.0 
 07/21  01:13:00,21.5,26.83316894461083,24.01989676129485,26.83316894461083,0.0,1960.677687332568,24.01989676129485,0.0,0.0,0.059871,26.3,0.0,24.02855314150361,0.059871,0.059871,0.0,0.0,0.059871,0.0,0.0,0.0,0.059871,0.0,0.059871,0.0 
 07/21  01:14:00,21.5,26.8468859151225,24.011324757709588,26.8468859151225,0.0,2011.1205315602274,24.011324757709588,0.0,0.0,0.059871,26.3,0.0,24.01989676129485,0.059871,0.059871,0.0,0.0,0.059871,0.0,0.0,0.0,0.059871,0.0,0.059871,0.0 
 07/21  01:15:00,21.5,26.86002923880683,24.002831007199156,26.86002923880683,0.0,2059.4538445667968,24.002831007199156,0.0,0.0,0.059871,26.3,0.0,24.011324757709588,0.059871,0.059871,0.0,0.0,0.059871,0.0,0.0,0.0,0.059871,0.0,0.059871,0.0 
 07/21  01:16:00,21.5,26.872506901406854,23.994410070634054,26.872506901406854,0.0,2105.339252742224,23.994410070634054,0.0,0.0,0.059871,26.3,0.0,24.002831007199156,0.059871,0.059871,0.0,0.0,0.059871,0.0,0.0,0.0,0.059871,0.0,0.059871,0.0 
 07/21  01:17:00,21.5,26.88417143593993,23.986056968664393,26.88417143593993,0.0,2148.2344603931733,23.986056968664393,0.0,0.0,0.059871,26.3,0.0,23.994410070634054,0.059871,0.059871,0.0,0.0,0.059871,0.0,0.0,0.0,0.059871,0.0,0.059871,0.0 
 07/21  01:18:00,21.5,26.89445041697829,23.977767320635717,26.89445041697829,0.0,2186.0344278784078,23.977767320635717,0.0,0.0,0.059871,26.3,0.0,23.986056968664393,0.059871,0.059871,0.0,0.0,0.059871,0.0,0.0,0.0,0.059871,0.0,0.059871,0.0 
 07/21  01:19:00,21.5,26.90433926768767,23.969537045372128,26.90433926768767,0.0,2222.399728474452,23.969537045372128,0.0,0.0,0.059871,26.3,0.0,23.977767320635717,0.059871,0.059871,0.0,0.0,0.059871,0.0,0.0,0.0,0.059871,0.0,0.059871,0.0 
 07/21  01:20:00,21.5,26.914464656870564,23.96136260326955,26.914464656870564,0.0,2259.634876633636,23.96136260326955,0.0,0.0,0.059871,26.3,0.0,23.969537045372128,0.059871,0.059871,0.0,0.0,0.059871,0.0,0.0,0.0,0.059871,0.0,0.059871,0.0 
 07/21  01:21:00,21.5,26.925030147082285,23.95324069805629,26.925030147082285,0.0,2298.4884541407973,23.95324069805629,0.0,0.0,0.059871,26.3,0.0,23.96136260326955,0.059871,0.059871,0.0,0.0,0.059871,0.0,0.0,0.0,0.059871,0.0,0.059871,0.0 
 07/21  01:22:00,21.5,26.935982205037956,23.94516845035034,26.935982205037956,0.0,2338.763597472207,23.94516845035034,0.0,0.0,0.059871,26.3,0.0,23.95324069805629,0.059871,0.059871,0.0,0.0,0.059871,0.0,0.0,0.0,0.059871,0.0,0.059871,0.0 
 07/21  01:23:00,21.5,26.9472121128761,23.937143187266663,26.9472121128761,0.0,2380.060507113344,23.937143187266663,0.0,0.0,0.059871,26.3,0.0,23.94516845035034,0.059871,0.059871,0.0,0.0,0.059871,0.0,0.0,0.0,0.059871,0.0,0.059871,0.0 
 07/21  01:24:00,21.5,26.958606543094238,23.929162608226203,26.958606543094238,0.0,2421.9624320367348,23.929162608226203,0.0,0.0,0.059871,26.3,0.0,23.937143187266663,0.059871,0.059871,0.0,0.0,0.059871,0.0,0.0,0.0,0.059871,0.0,0.059871,0.0 
 07/21  01:25:00,21.5,26.970091887760884,23.92122452696363,26.970091887760884,0.0,2464.1986861299893,23.92122452696363,0.0,0.0,0.059871,26.3,0.0,23.929162608226203,0.059871,0.059871,0.0,0.0,0.059871,0.0,0.0,0.0,0.059871,0.0,0.059871,0.0 
 07/21  01:26:00,21.5,26.98159141736952,23.91332709986451,26.98159141736952,0.0,2506.4871039877244,23.91332709986451,0.0,0.0,0.059871,26.3,0.0,23.92122452696363,0.059871,0.059871,0.0,0.0,0.059871,0.0,0.0,0.0,0.059871,0.0,0.059871,0.0 
 07/21  01:27:00,21.5,26.99303366909987,23.90546856733854,26.99303366909987,0.0,2548.564887938396,23.90546856733854,0.0,0.0,0.059871,26.3,0.0,23.91332709986451,0.059871,0.059871,0.0,0.0,0.059871,0.0,0.0,0.0,0.059871,0.0,0.059871,0.0 
 07/21  01:28:00,21.5,27.004254969849327,23.89764744325342,27.004254969849327,0.0,2589.8301458359174,23.89764744325342,0.0,0.0,0.059871,26.3,0.0,23.90546856733854,0.059871,0.059871,0.0,0.0,0.059871,0.0,0.0,0.0,0.059871,0.0,0.059871,0.0 
 07/21  01:29:00,21.5,27.01534367794313,23.889862305091956,27.01534367794313,0.0,2630.6078069518117,23.889862305091956,0.0,0.0,0.059871,26.3,0.0,23.89764744325342,0.059871,0.059871,0.0,0.0,0.059871,0.0,0.0,0.0,0.059871,0.0,0.059871,0.0 
 07/21  01:30:00,21.5,27.026380298723545,23.882111980622547,27.026380298723545,0.0,2671.1939219655187,23.882111980622547,0.0,0.0,0.059871,26.3,0.0,23.889862305091956,0.059871,0.059871,0.0,0.0,0.059871,0.0,0.0,0.0,0.059871,0.0,0.059871,0.0 
 07/21  01:31:00,21.5,27.037450047667576,23.874395309060088,27.037450047667576,0.0,2711.9018626254547,23.874395309060088,0.0,0.0,0.059871,26.3,0.0,23.882111980622547,0.059871,0.059871,0.0,0.0,0.059871,0.0,0.0,0.0,0.059871,0.0,0.059871,0.0 
 07/21  01:32:00,21.5,27.04877987684026,23.86671136426717,27.04877987684026,0.0,2753.566223396474,23.86671136426717,0.0,0.0,0.059871,26.3,0.0,23.874395309060088,0.059871,0.059871,0.0,0.0,0.059871,0.0,0.0,0.0,0.059871,0.0,0.059871,0.0 
 07/21  01:33:00,21.5,27.060462708500683,23.85905921443054,27.060462708500683,0.0,2796.5287169793874,23.85905921443054,0.0,0.0,0.059871,26.3,0.0,23.86671136426717,0.059871,0.059871,0.0,0.0,0.059871,0.0,0.0,0.0,0.059871,0.0,0.059871,0.0 
 07/21  01:34:00,21.5,27.072454682918952,23.851438125403515,27.072454682918952,0.0,2840.628053421665,23.851438125403515,0.0,0.0,0.059871,26.3,0.0,23.85905921443054,0.059871,0.059871,0.0,0.0,0.059871,0.0,0.0,0.0,0.059871,0.0,0.059871,0.0 
 07/21  01:35:00,21.5,27.08469055194523,23.843847345392266,27.08469055194523,0.0,2885.624288906565,23.843847345392266,0.0,0.0,0.059871,26.3,0.0,23.851438125403515,0.059871,0.059871,0.0,0.0,0.059871,0.0,0.0,0.0,0.059871,0.0,0.059871,0.0 
 07/21  01:36:00,21.5,27.097094755082153,23.83628630829197,27.097094755082153,0.0,2931.2395569478394,23.83628630829197,0.0,0.0,0.059871,26.3,0.0,23.843847345392266,0.059871,0.059871,0.0,0.0,0.059871,0.0,0.0,0.0,0.059871,0.0,0.059871,0.0 
 07/21  01:37:00,21.5,27.109630396996316,23.828754400929373,27.109630396996316,0.0,2977.3381784934463,23.828754400929373,0.0,0.0,0.059871,26.3,0.0,23.83628630829197,0.059871,0.059871,0.0,0.0,0.059871,0.0,0.0,0.0,0.059871,0.0,0.059871,0.0 
 07/21  01:38:00,21.5,27.122256964896867,23.821251187813314,27.122256964896867,0.0,3023.771171638373,23.821251187813314,0.0,0.0,0.059871,26.3,0.0,23.828754400929373,0.059871,0.059871,0.0,0.0,0.059871,0.0,0.0,0.0,0.059871,0.0,0.059871,0.0 
 07/21  01:39:00,21.5,27.134961722701206,23.81377617623249,27.134961722701206,0.0,3070.4917006596497,23.81377617623249,0.0,0.0,0.059871,26.3,0.0,23.821251187813314,0.059871,0.059871,0.0,0.0,0.059871,0.0,0.0,0.0,0.059871,0.0,0.059871,0.0 
 07/21  01:40:00,21.5,27.1477167695782,23.806329031870415,27.1477167695782,0.0,3117.39716292519,23.806329031870415,0.0,0.0,0.059871,26.3,0.0,23.81377617623249,0.059871,0.059871,0.0,0.0,0.059871,0.0,0.0,0.0,0.059871,0.0,0.059871,0.0 
 07/21  01:41:00,21.5,27.160516500234387,23.798909356306073,27.160516500234387,0.0,3164.466945505592,23.798909356306073,0.0,0.0,0.059871,26.3,0.0,23.806329031870415,0.059871,0.059871,0.0,0.0,0.059871,0.0,0.0,0.0,0.059871,0.0,0.059871,0.0 
 07/21  01:42:00,21.5,27.17333766240309,23.791516903557337,27.17333766240309,0.0,3211.615540418966,23.791516903557337,0.0,0.0,0.059871,26.3,0.0,23.798909356306073,0.059871,0.059871,0.0,0.0,0.059871,0.0,0.0,0.0,0.059871,0.0,0.059871,0.0 
 07/21  01:43:00,21.5,27.186178860685967,23.784151346104903,27.186178860685967,0.0,3258.837816221667,23.784151346104903,0.0,0.0,0.059871,26.3,0.0,23.791516903557337,0.059871,0.059871,0.0,0.0,0.059871,0.0,0.0,0.0,0.059871,0.0,0.059871,0.0 
 07/21  01:44:00,21.5,27.199020345147797,23.776812505680457,27.199020345147797,0.0,3306.061144420046,23.776812505680457,0.0,0.0,0.059871,26.3,0.0,23.784151346104903,0.059871,0.059871,0.0,0.0,0.059871,0.0,0.0,0.0,0.059871,0.0,0.059871,0.0 
 07/21  01:45:00,21.5,27.211863843693777,23.76950011640947,27.211863843693777,0.0,3353.2918792198234,23.76950011640947,0.0,0.0,0.059871,26.3,0.0,23.776812505680457,0.059871,0.059871,0.0,0.0,0.059871,0.0,0.0,0.0,0.059871,0.0,0.059871,0.0 
 07/21  01:46:00,21.5,27.224692021311654,23.762214050922452,27.224692021311654,0.0,3400.46627277507,23.762214050922452,0.0,0.0,0.059871,26.3,0.0,23.76950011640947,0.059871,0.059871,0.0,0.0,0.059871,0.0,0.0,0.0,0.059871,0.0,0.059871,0.0 
 07/21  01:47:00,21.5,27.23750865139987,23.754954091295282,27.23750865139987,0.0,3447.5982013968814,23.754954091295282,0.0,0.0,0.059871,26.3,0.0,23.762214050922452,0.059871,0.059871,0.0,0.0,0.059871,0.0,0.0,0.0,0.059871,0.0,0.059871,0.0 
 07/21  01:48:00,21.5,27.250298007345528,23.747720155643183,27.250298007345528,0.0,3494.6298319737616,23.747720155643183,0.0,0.0,0.059871,26.3,0.0,23.754954091295282,0.059871,0.059871,0.0,0.0,0.059871,0.0,0.0,0.0,0.059871,0.0,0.059871,0.0 
 07/21  01:49:00,21.5,27.263065252884683,23.74051205929449,27.263065252884683,0.0,3541.580153650116,23.74051205929449,0.0,0.0,0.059871,26.3,0.0,23.747720155643183,0.059871,0.059871,0.0,0.0,0.059871,0.0,0.0,0.0,0.059871,0.0,0.059871,0.0 
 07/21  01:50:00,21.5,27.275795830227015,23.73332975418079,27.275795830227015,0.0,3588.3956315474506,23.73332975418079,0.0,0.0,0.059871,26.3,0.0,23.74051205929449,0.059871,0.059871,0.0,0.0,0.059871,0.0,0.0,0.0,0.059871,0.0,0.059871,0.0 
 07/21  01:51:00,21.5,27.28849590998291,23.726173086211748,27.28849590998291,0.0,3635.098957493974,23.726173086211748,0.0,0.0,0.059871,26.3,0.0,23.73332975418079,0.059871,0.059871,0.0,0.0,0.059871,0.0,0.0,0.0,0.059871,0.0,0.059871,0.0 
 07/21  01:52:00,21.5,27.301151835599395,23.719042029883656,27.301151835599395,0.0,3681.639910825188,23.719042029883656,0.0,0.0,0.059871,26.3,0.0,23.726173086211748,0.059871,0.059871,0.0,0.0,0.059871,0.0,0.0,0.0,0.059871,0.0,0.059871,0.0 
 07/21  01:53:00,21.5,27.313770524857482,23.711936454471566,27.313770524857482,0.0,3728.0439310176507,23.711936454471566,0.0,0.0,0.059871,26.3,0.0,23.719042029883656,0.059871,0.059871,0.0,0.0,0.059871,0.0,0.0,0.0,0.059871,0.0,0.059871,0.0 
 07/21  01:54:00,21.5,27.32633904031739,23.704856357689945,27.32633904031739,0.0,3774.263441876674,23.704856357689945,0.0,0.0,0.059871,26.3,0.0,23.711936454471566,0.059871,0.059871,0.0,0.0,0.059871,0.0,0.0,0.0,0.059871,0.0,0.059871,0.0 
 07/21  01:55:00,21.5,27.338864861037745,23.697801620679357,27.338864861037745,0.0,3820.325946923467,23.697801620679357,0.0,0.0,0.059871,26.3,0.0,23.704856357689945,0.059871,0.059871,0.0,0.0,0.059871,0.0,0.0,0.0,0.059871,0.0,0.059871,0.0 
 07/21  01:56:00,21.5,27.351335641310012,23.690772257068843,27.351335641310012,0.0,3866.18604599827,23.690772257068843,0.0,0.0,0.059871,26.3,0.0,23.697801620679357,0.059871,0.059871,0.0,0.0,0.059871,0.0,0.0,0.0,0.059871,0.0,0.059871,0.0 
 07/21  01:57:00,21.5,27.363759285063686,23.68376816304028,27.363759285063686,0.0,3911.872805044186,23.68376816304028,0.0,0.0,0.059871,26.3,0.0,23.690772257068843,0.059871,0.059871,0.0,0.0,0.059871,0.0,0.0,0.0,0.059871,0.0,0.059871,0.0 
 07/21  01:58:00,21.5,27.376123946613045,23.676789358282036,27.376123946613045,0.0,3957.3426626874107,23.676789358282036,0.0,0.0,0.059871,26.3,0.0,23.68376816304028,0.059871,0.059871,0.0,0.0,0.059871,0.0,0.0,0.0,0.059871,0.0,0.059871,0.0 
 07/21  01:59:00,21.5,27.388437851516755,23.66983574975455,27.388437851516755,0.0,4002.6258676315138,23.66983574975455,0.0,0.0,0.059871,26.3,0.0,23.676789358282036,0.059871,0.059871,0.0,0.0,0.059871,0.0,0.0,0.0,0.059871,0.0,0.059871,0.0 
 07/21  02:00:00,21.5,27.400689585892433,23.66290736960417,27.400689585892433,0.0,4047.680446418067,23.66290736960417,0.0,0.0,0.059871,26.3,0.0,23.66983574975455,0.059871,0.059871,0.0,0.0,0.059871,0.0,0.0,0.0,0.059871,0.0,0.059871,0.0,49104000.0 
 07/21  02:01:00,21.5,27.41288761675915,23.656004124019734,27.41288761675915,0.0,4092.5375356981385,23.656004124019734,0.0,0.0,0.059871,26.3,0.0,23.66290736960417,0.059871,0.059871,0.0,0.0,0.059871,0.0,0.0,0.0,0.059871,0.0,0.059871,0.0 
 07/21  02:02:00,21.5,27.42502090997886,23.649126051967784,27.42502090997886,0.0,4137.156558486704,23.649126051967784,0.0,0.0,0.059871,26.3,0.0,23.656004124019734,0.059871,0.059871,0.0,0.0,0.059871,0.0,0.0,0.0,0.059871,0.0,0.059871,0.0 
 07/21  02:03:00,21.5,27.437098110603433,23.64227306781299,27.437098110603433,0.0,4181.569306133365,23.64227306781299,0.0,0.0,0.059871,26.3,0.0,23.649126051967784,0.059871,0.059871,0.0,0.0,0.059871,0.0,0.0,0.0,0.059871,0.0,0.059871,0.0 
 07/21  02:04:00,21.5,27.449108523673168,23.635445206421725,27.449108523673168,0.0,4225.736448948978,23.635445206421725,0.0,0.0,0.059871,26.3,0.0,23.64227306781299,0.059871,0.059871,0.0,0.0,0.059871,0.0,0.0,0.0,0.059871,0.0,0.059871,0.0 
 07/21  02:05:00,21.5,27.461060921338518,23.628642386938257,27.461060921338518,0.0,4269.690245675993,23.628642386938257,0.0,0.0,0.059871,26.3,0.0,23.635445206421725,0.059871,0.059871,0.0,0.0,0.059871,0.0,0.0,0.0,0.059871,0.0,0.059871,0.0 
 07/21  02:06:00,21.5,27.472944915611723,23.62186465234686,27.472944915611723,0.0,4313.392495485141,23.62186465234686,0.0,0.0,0.059871,26.3,0.0,23.628642386938257,0.059871,0.059871,0.0,0.0,0.059871,0.0,0.0,0.0,0.059871,0.0,0.059871,0.0 
 07/21  02:07:00,21.5,27.48476936434364,23.61511191305963,27.48476936434364,0.0,4356.875772273888,23.61511191305963,0.0,0.0,0.059871,26.3,0.0,23.62186465234686,0.059871,0.059871,0.0,0.0,0.059871,0.0,0.0,0.0,0.059871,0.0,0.059871,0.0 
 07/21  02:08:00,21.5,27.496524160514507,23.60838421461421,27.496524160514507,0.0,4400.1029084458605,23.60838421461421,0.0,0.0,0.059871,26.3,0.0,23.61511191305963,0.059871,0.059871,0.0,0.0,0.059871,0.0,0.0,0.0,0.059871,0.0,0.059871,0.0 
 07/21  02:09:00,21.5,27.508218213702534,23.60168147355333,27.508218213702534,0.0,4443.106668120918,23.60168147355333,0.0,0.0,0.059871,26.3,0.0,23.60838421461421,0.059871,0.059871,0.0,0.0,0.059871,0.0,0.0,0.0,0.059871,0.0,0.059871,0.0 
 07/21  02:10:00,21.5,27.519841676535655,23.595003724543364,27.519841676535655,0.0,4485.850838532178,23.595003724543364,0.0,0.0,0.059871,26.3,0.0,23.60168147355333,0.059871,0.059871,0.0,0.0,0.059871,0.0,0.0,0.0,0.059871,0.0,0.059871,0.0 
 07/21  02:11:00,21.5,27.53140348222634,23.588350886490765,27.53140348222634,0.0,4528.36827071224,23.588350886490765,0.0,0.0,0.059871,26.3,0.0,23.595003724543364,0.059871,0.059871,0.0,0.0,0.059871,0.0,0.0,0.0,0.059871,0.0,0.059871,0.0 
 07/21  02:12:00,21.5,27.542894025320003,23.581723001396163,27.542894025320003,0.0,4570.623641522548,23.581723001396163,0.0,0.0,0.059871,26.3,0.0,23.588350886490765,0.059871,0.059871,0.0,0.0,0.059871,0.0,0.0,0.0,0.059871,0.0,0.059871,0.0 
 07/21  02:13:00,21.5,27.554322239294283,23.575119973955264,27.554322239294283,0.0,4612.6498029708455,23.575119973955264,0.0,0.0,0.059871,26.3,0.0,23.581723001396163,0.059871,0.059871,0.0,0.0,0.059871,0.0,0.0,0.0,0.059871,0.0,0.059871,0.0 
 07/21  02:14:00,21.5,27.565678745670468,23.568541847076837,27.565678745670468,0.0,4654.412266600625,23.568541847076837,0.0,0.0,0.059871,26.3,0.0,23.575119973955264,0.059871,0.059871,0.0,0.0,0.059871,0.0,0.0,0.0,0.059871,0.0,0.059871,0.0 
 07/21  02:15:00,21.5,27.57697245866501,23.56198853218271,27.57697245866501,0.0,4695.943813588415,23.56198853218271,0.0,0.0,0.059871,26.3,0.0,23.568541847076837,0.059871,0.059871,0.0,0.0,0.059871,0.0,0.0,0.0,0.059871,0.0,0.059871,0.0 
 07/21  02:16:00,21.5,27.588194214025453,23.555460056345645,27.588194214025453,0.0,4737.210743274245,23.555460056345645,0.0,0.0,0.059871,26.3,0.0,23.56198853218271,0.059871,0.059871,0.0,0.0,0.059871,0.0,0.0,0.0,0.059871,0.0,0.059871,0.0 
 07/21  02:17:00,21.5,27.599352890340327,23.548956332848956,27.599352890340327,0.0,4778.245705816398,23.548956332848956,0.0,0.0,0.059871,26.3,0.0,23.555460056345645,0.059871,0.059871,0.0,0.0,0.059871,0.0,0.0,0.0,0.059871,0.0,0.059871,0.0 
 07/21  02:18:00,21.5,27.6104395265755,23.54247739725247,27.6104395265755,0.0,4819.015747870781,23.54247739725247,0.0,0.0,0.059871,26.3,0.0,23.548956332848956,0.059871,0.059871,0.0,0.0,0.059871,0.0,0.0,0.0,0.059871,0.0,0.059871,0.0 
 07/21  02:19:00,21.5,27.621462951947375,23.53602314446253,27.621462951947375,0.0,4859.553338034416,23.53602314446253,0.0,0.0,0.059871,26.3,0.0,23.54247739725247,0.059871,0.059871,0.0,0.0,0.059871,0.0,0.0,0.0,0.059871,0.0,0.059871,0.0 
 07/21  02:20:00,21.5,27.632414399029948,23.529593610701255,27.632414399029948,0.0,4899.8262349385595,23.529593610701255,0.0,0.0,0.059871,26.3,0.0,23.53602314446253,0.059871,0.059871,0.0,0.0,0.059871,0.0,0.0,0.0,0.059871,0.0,0.059871,0.0 
 07/21  02:21:00,21.5,27.643302636117717,23.523188699599846,27.643302636117717,0.0,4939.866683145756,23.523188699599846,0.0,0.0,0.059871,26.3,0.0,23.529593610701255,0.059871,0.059871,0.0,0.0,0.059871,0.0,0.0,0.0,0.059871,0.0,0.059871,0.0 
 07/21  02:22:00,21.5,27.65411908091477,23.51680842755095,27.65411908091477,0.0,4979.643122085436,23.51680842755095,0.0,0.0,0.059871,26.3,0.0,23.523188699599846,0.059871,0.059871,0.0,0.0,0.059871,0.0,0.0,0.0,0.059871,0.0,0.059871,0.0 
 07/21  02:23:00,21.5,27.664872431093507,23.51045270053215,27.664872431093507,0.0,5019.187536614145,23.51045270053215,0.0,0.0,0.059871,26.3,0.0,23.51680842755095,0.059871,0.059871,0.0,0.0,0.059871,0.0,0.0,0.0,0.059871,0.0,0.059871,0.0 
 07/21  02:24:00,21.5,27.675554281935224,23.504121545591566,27.675554281935224,0.0,5058.469019184463,23.504121545591566,0.0,0.0,0.059871,26.3,0.0,23.51045270053215,0.059871,0.059871,0.0,0.0,0.059871,0.0,0.0,0.0,0.059871,0.0,0.059871,0.0 
 07/21  02:25:00,21.5,27.68617325235831,23.497814846862013,27.68617325235831,0.0,5097.519265042629,23.497814846862013,0.0,0.0,0.059871,26.3,0.0,23.504121545591566,0.059871,0.059871,0.0,0.0,0.059871,0.0,0.0,0.0,0.059871,0.0,0.059871,0.0 
 07/21  02:26:00,21.5,27.6967211084308,23.491532632530603,27.6967211084308,0.0,5136.307994693079,23.491532632530603,0.0,0.0,0.059871,26.3,0.0,23.497814846862013,0.059871,0.059871,0.0,0.0,0.059871,0.0,0.0,0.0,0.059871,0.0,0.059871,0.0 
 07/21  02:27:00,21.5,27.707206383522266,23.485274798151295,27.707206383522266,0.0,5174.866588784466,23.485274798151295,0.0,0.0,0.059871,26.3,0.0,23.491532632530603,0.059871,0.059871,0.0,0.0,0.059871,0.0,0.0,0.0,0.059871,0.0,0.059871,0.0 
 07/21  02:28:00,21.5,27.717621008330326,23.479041348626502,27.717621008330326,0.0,5213.165373230745,23.479041348626502,0.0,0.0,0.059871,26.3,0.0,23.485274798151295,0.059871,0.059871,0.0,0.0,0.059871,0.0,0.0,0.0,0.059871,0.0,0.059871,0.0 
 07/21  02:29:00,21.5,27.727973425026278,23.472832182816063,27.727973425026278,0.0,5251.235393307661,23.472832182816063,0.0,0.0,0.059871,26.3,0.0,23.479041348626502,0.059871,0.059871,0.0,0.0,0.059871,0.0,0.0,0.0,0.059871,0.0,0.059871,0.0 
 07/21  02:30:00,21.5,27.738255723310587,23.466647318935962,27.738255723310587,0.0,5289.047559646915,23.466647318935962,0.0,0.0,0.059871,26.3,0.0,23.472832182816063,0.059871,0.059871,0.0,0.0,0.059871,0.0,0.0,0.0,0.059871,0.0,0.059871,0.0 
 07/21  02:31:00,21.5,27.748476249491723,23.460486630916993,27.748476249491723,0.0,5326.632564997844,23.460486630916993,0.0,0.0,0.059871,26.3,0.0,23.466647318935962,0.059871,0.059871,0.0,0.0,0.059871,0.0,0.0,0.0,0.059871,0.0,0.059871,0.0 
 07/21  02:32:00,21.5,27.758627247093784,23.45435013893869,27.758627247093784,0.0,5363.961885663834,23.45435013893869,0.0,0.0,0.059871,26.3,0.0,23.460486630916993,0.059871,0.059871,0.0,0.0,0.059871,0.0,0.0,0.0,0.059871,0.0,0.059871,0.0 
 07/21  02:33:00,21.5,27.768716962747767,23.44823773134234,27.768716962747767,0.0,5401.065847839914,23.44823773134234,0.0,0.0,0.059871,26.3,0.0,23.45435013893869,0.059871,0.059871,0.0,0.0,0.059871,0.0,0.0,0.0,0.059871,0.0,0.059871,0.0 
 07/21  02:34:00,21.5,27.7787377890029,23.442149401885857,27.7787377890029,0.0,5437.916475855036,23.442149401885857,0.0,0.0,0.059871,26.3,0.0,23.44823773134234,0.059871,0.059871,0.0,0.0,0.059871,0.0,0.0,0.0,0.059871,0.0,0.059871,0.0 
 07/21  02:35:00,21.5,27.788697869733518,23.43608504336693,27.788697869733518,0.0,5474.54371802648,23.43608504336693,0.0,0.0,0.059871,26.3,0.0,23.442149401885857,0.059871,0.059871,0.0,0.0,0.059871,0.0,0.0,0.0,0.059871,0.0,0.059871,0.0 
 07/21  02:36:00,21.5,27.798589742041617,23.430044665701775,27.798589742041617,0.0,5510.920130262175,23.430044665701775,0.0,0.0,0.059871,26.3,0.0,23.43608504336693,0.059871,0.059871,0.0,0.0,0.059871,0.0,0.0,0.0,0.059871,0.0,0.059871,0.0 
 07/21  02:37:00,21.5,27.808421444603663,23.42402813390157,27.808421444603663,0.0,5547.075274024282,23.42402813390157,0.0,0.0,0.059871,26.3,0.0,23.430044665701775,0.059871,0.059871,0.0,0.0,0.059871,0.0,0.0,0.0,0.059871,0.0,0.059871,0.0 
 07/21  02:38:00,21.5,27.818185654883777,23.41803546081189,27.818185654883777,0.0,5582.9822213889975,23.41803546081189,0.0,0.0,0.059871,26.3,0.0,23.42402813390157,0.059871,0.059871,0.0,0.0,0.059871,0.0,0.0,0.0,0.059871,0.0,0.059871,0.0 
 07/21  02:39:00,21.5,27.82789030447381,23.412066528906017,27.82789030447381,0.0,5618.670140025088,23.412066528906017,0.0,0.0,0.059871,26.3,0.0,23.41803546081189,0.059871,0.059871,0.0,0.0,0.059871,0.0,0.0,0.0,0.059871,0.0,0.059871,0.0 
 07/21  02:40:00,21.5,27.837528207254415,23.406121321683997,27.837528207254415,0.0,5654.112603667454,23.406121321683997,0.0,0.0,0.059871,26.3,0.0,23.412066528906017,0.059871,0.059871,0.0,0.0,0.059871,0.0,0.0,0.0,0.059871,0.0,0.059871,0.0 
 07/21  02:41:00,21.5,27.847107186328593,23.400199727265573,27.847107186328593,0.0,5689.338381027528,23.400199727265573,0.0,0.0,0.059871,26.3,0.0,23.406121321683997,0.059871,0.059871,0.0,0.0,0.059871,0.0,0.0,0.0,0.059871,0.0,0.059871,0.0 
 07/21  02:42:00,21.5,27.85662018826281,23.394301748169944,27.85662018826281,0.0,5724.32153377958,23.394301748169944,0.0,0.0,0.059871,26.3,0.0,23.400199727265573,0.059871,0.059871,0.0,0.0,0.059871,0.0,0.0,0.0,0.059871,0.0,0.059871,0.0 
 07/21  02:43:00,21.5,27.866074926687375,23.38842724203042,27.866074926687375,0.0,5759.090428059694,23.38842724203042,0.0,0.0,0.059871,26.3,0.0,23.394301748169944,0.059871,0.059871,0.0,0.0,0.059871,0.0,0.0,0.0,0.059871,0.0,0.059871,0.0 
 07/21  02:44:00,21.5,27.875464477313507,23.382576215293845,27.875464477313507,0.0,5793.619600459588,23.382576215293845,0.0,0.0,0.059871,26.3,0.0,23.38842724203042,0.059871,0.059871,0.0,0.0,0.059871,0.0,0.0,0.0,0.059871,0.0,0.059871,0.0 
 07/21  02:45:00,21.5,27.884796443681438,23.376748546041913,27.884796443681438,0.0,5827.93701226964,23.376748546041913,0.0,0.0,0.059871,26.3,0.0,23.382576215293845,0.059871,0.059871,0.0,0.0,0.059871,0.0,0.0,0.0,0.059871,0.0,0.059871,0.0 
 07/21  02:46:00,21.5,27.894064027274922,23.370944208619818,27.894064027274922,0.0,5862.017662598014,23.370944208619818,0.0,0.0,0.059871,26.3,0.0,23.376748546041913,0.059871,0.059871,0.0,0.0,0.059871,0.0,0.0,0.0,0.059871,0.0,0.059871,0.0 
 07/21  02:47:00,21.5,27.90327472124621,23.36516308790688,27.90327472124621,0.0,5895.889106793884,23.36516308790688,0.0,0.0,0.059871,26.3,0.0,23.370944208619818,0.059871,0.059871,0.0,0.0,0.059871,0.0,0.0,0.0,0.059871,0.0,0.059871,0.0 
 07/21  02:48:00,21.5,27.91242184963055,23.35940518004773,27.91242184963055,0.0,5929.526794636772,23.35940518004773,0.0,0.0,0.059871,26.3,0.0,23.36516308790688,0.059871,0.059871,0.0,0.0,0.059871,0.0,0.0,0.0,0.059871,0.0,0.059871,0.0 
 07/21  02:49:00,21.5,27.92151279517282,23.353670336864077,27.92151279517282,0.0,5962.957875463312,23.353670336864077,0.0,0.0,0.059871,26.3,0.0,23.35940518004773,0.059871,0.059871,0.0,0.0,0.059871,0.0,0.0,0.0,0.059871,0.0,0.059871,0.0 
 07/21  02:50:00,21.5,27.930541001375193,23.34795855939976,27.930541001375193,0.0,5996.158238381204,23.34795855939976,0.0,0.0,0.059871,26.3,0.0,23.353670336864077,0.059871,0.059871,0.0,0.0,0.059871,0.0,0.0,0.0,0.059871,0.0,0.059871,0.0 
 07/21  02:51:00,21.5,27.93951374079823,23.34226972277325,27.93951374079823,0.0,6029.154627534804,23.34226972277325,0.0,0.0,0.059871,26.3,0.0,23.34795855939976,0.059871,0.059871,0.0,0.0,0.059871,0.0,0.0,0.0,0.059871,0.0,0.059871,0.0 
 07/21  02:52:00,21.5,27.94842457345032,23.336603793318474,27.94842457345032,0.0,6061.923360472288,23.336603793318474,0.0,0.0,0.059871,26.3,0.0,23.34226972277325,0.059871,0.059871,0.0,0.0,0.059871,0.0,0.0,0.0,0.059871,0.0,0.059871,0.0 
 07/21  02:53:00,21.5,27.95728066214186,23.330960654022963,27.95728066214186,0.0,6094.490777742267,23.330960654022963,0.0,0.0,0.059871,26.3,0.0,23.336603793318474,0.059871,0.059871,0.0,0.0,0.059871,0.0,0.0,0.0,0.059871,0.0,0.059871,0.0 
 07/21  02:54:00,21.5,27.966075680540087,23.32534029566495,27.966075680540087,0.0,6126.833614862439,23.32534029566495,0.0,0.0,0.059871,26.3,0.0,23.330960654022963,0.059871,0.059871,0.0,0.0,0.059871,0.0,0.0,0.0,0.059871,0.0,0.059871,0.0 
 07/21  02:55:00,21.5,27.974816682322533,23.31974256572269,27.974816682322533,0.0,6158.977811055811,23.31974256572269,0.0,0.0,0.059871,26.3,0.0,23.32534029566495,0.059871,0.059871,0.0,0.0,0.059871,0.0,0.0,0.0,0.059871,0.0,0.059871,0.0 
 07/21  02:56:00,21.5,27.98349745207204,23.314167460788532,27.98349745207204,0.0,6190.900509721523,23.314167460788532,0.0,0.0,0.059871,26.3,0.0,23.31974256572269,0.059871,0.059871,0.0,0.0,0.059871,0.0,0.0,0.0,0.059871,0.0,0.059871,0.0 
 07/21  02:57:00,21.5,27.992124935109395,23.308614854310758,27.992124935109395,0.0,6222.627251611052,23.308614854310758,0.0,0.0,0.059871,26.3,0.0,23.314167460788532,0.059871,0.059871,0.0,0.0,0.059871,0.0,0.0,0.0,0.059871,0.0,0.059871,0.0 
 07/21  02:58:00,21.5,28.000693024286203,23.303084705706823,28.000693024286203,0.0,6254.13557827158,23.303084705706823,0.0,0.0,0.059871,26.3,0.0,23.308614854310758,0.059871,0.059871,0.0,0.0,0.059871,0.0,0.0,0.0,0.059871,0.0,0.059871,0.0 
 07/21  02:59:00,21.5,28.009208557479766,23.29757689726987,28.009208557479766,0.0,6285.450635341422,23.29757689726987,0.0,0.0,0.059871,26.3,0.0,23.303084705706823,0.059871,0.059871,0.0,0.0,0.059871,0.0,0.0,0.0,0.059871,0.0,0.059871,0.0 
 07/21  03:00:00,21.5,28.01766553325322,23.292091415344576,28.01766553325322,0.0,6316.550353111793,23.292091415344576,0.0,0.0,0.059871,26.3,0.0,23.29757689726987,0.059871,0.059871,0.0,0.0,0.059871,0.0,0.0,0.0,0.059871,0.0,0.059871,0.0,49104000.0 
 07/21  03:01:00,21.5,28.026070683071634,23.286628104385045,28.026070683071634,0.0,6347.459485900235,23.286628104385045,0.0,0.0,0.059871,26.3,0.0,23.292091415344576,0.059871,0.059871,0.0,0.0,0.059871,0.0,0.0,0.0,0.059871,0.0,0.059871,0.0 
 07/21  03:02:00,21.5,28.034418108736237,23.281186957396717,28.034418108736237,0.0,6378.1563436461465,23.281186957396717,0.0,0.0,0.059871,26.3,0.0,23.286628104385045,0.059871,0.059871,0.0,0.0,0.059871,0.0,0.0,0.0,0.059871,0.0,0.059871,0.0 
 07/21  03:03:00,21.5,28.042714436432217,23.275767847286396,28.042714436432217,0.0,6408.665293510398,23.275767847286396,0.0,0.0,0.059871,26.3,0.0,23.281186957396717,0.059871,0.059871,0.0,0.0,0.059871,0.0,0.0,0.0,0.059871,0.0,0.059871,0.0 
 07/21  03:04:00,21.5,28.050953868804047,23.270370727564057,28.050953868804047,0.0,6438.965016273746,23.270370727564057,0.0,0.0,0.059871,26.3,0.0,23.275767847286396,0.059871,0.059871,0.0,0.0,0.059871,0.0,0.0,0.0,0.059871,0.0,0.059871,0.0 
 07/21  03:05:00,21.5,28.059142927975508,23.264995480857525,28.059142927975508,0.0,6469.079496421205,23.264995480857525,0.0,0.0,0.059871,26.3,0.0,23.270370727564057,0.059871,0.059871,0.0,0.0,0.059871,0.0,0.0,0.0,0.059871,0.0,0.059871,0.0 
 07/21  03:06:00,21.5,28.06727591511365,23.259642089912486,28.06727591511365,0.0,6498.9877770408975,23.259642089912486,0.0,0.0,0.059871,26.3,0.0,23.264995480857525,0.059871,0.059871,0.0,0.0,0.059871,0.0,0.0,0.0,0.059871,0.0,0.059871,0.0 
 07/21  03:07:00,21.5,28.075359249572085,23.254310397313393,28.075359249572085,0.0,6528.713464690363,23.254310397313393,0.0,0.0,0.059871,26.3,0.0,23.259642089912486,0.059871,0.059871,0.0,0.0,0.059871,0.0,0.0,0.0,0.059871,0.0,0.059871,0.0 
 07/21  03:08:00,21.5,28.083387328790007,23.249000393240323,28.083387328790007,0.0,6558.235956489289,23.249000393240323,0.0,0.0,0.059871,26.3,0.0,23.254310397313393,0.059871,0.059871,0.0,0.0,0.059871,0.0,0.0,0.0,0.059871,0.0,0.059871,0.0 
 07/21  03:09:00,21.5,28.091366470703065,23.24371195101699,28.091366470703065,0.0,6587.578486040425,23.24371195101699,0.0,0.0,0.059871,26.3,0.0,23.249000393240323,0.059871,0.059871,0.0,0.0,0.059871,0.0,0.0,0.0,0.059871,0.0,0.059871,0.0 
 07/21  03:10:00,21.5,28.099291166838775,23.238445019152884,28.099291166838775,0.0,6616.720796464219,23.238445019152884,0.0,0.0,0.059871,26.3,0.0,23.24371195101699,0.059871,0.059871,0.0,0.0,0.059871,0.0,0.0,0.0,0.059871,0.0,0.059871,0.0 
 07/21  03:11:00,21.5,28.10716763511748,23.23319948147117,28.10716763511748,0.0,6645.685753566727,23.23319948147117,0.0,0.0,0.059871,26.3,0.0,23.238445019152884,0.059871,0.059871,0.0,0.0,0.059871,0.0,0.0,0.0,0.059871,0.0,0.059871,0.0 
 07/21  03:12:00,21.5,28.114964767776165,23.227976054122614,28.114964767776165,0.0,6674.358961531261,23.227976054122614,0.0,0.0,0.059871,26.3,0.0,23.23319948147117,0.059871,0.059871,0.0,0.0,0.059871,0.0,0.0,0.0,0.059871,0.0,0.059871,0.0 
 07/21  03:13:00,21.5,28.122727344413395,23.222773845128113,28.122727344413395,0.0,6702.90509303923,23.222773845128113,0.0,0.0,0.059871,26.3,0.0,23.227976054122614,0.059871,0.059871,0.0,0.0,0.059871,0.0,0.0,0.0,0.059871,0.0,0.059871,0.0 
 07/21  03:14:00,21.5,28.13043327700121,23.2175931777942,28.13043327700121,0.0,6731.242921485036,23.2175931777942,0.0,0.0,0.059871,26.3,0.0,23.222773845128113,0.059871,0.059871,0.0,0.0,0.059871,0.0,0.0,0.0,0.059871,0.0,0.059871,0.0 
 07/21  03:15:00,21.5,28.13808507534963,23.21243405178509,28.13808507534963,0.0,6759.381676454468,23.21243405178509,0.0,0.0,0.059871,26.3,0.0,23.2175931777942,0.059871,0.059871,0.0,0.0,0.059871,0.0,0.0,0.0,0.059871,0.0,0.059871,0.0 
 07/21  03:16:00,21.5,28.145683296428547,23.2072962257741,28.145683296428547,0.0,6787.3234061509265,23.2072962257741,0.0,0.0,0.059871,26.3,0.0,23.21243405178509,0.059871,0.059871,0.0,0.0,0.059871,0.0,0.0,0.0,0.059871,0.0,0.059871,0.0 
 07/21  03:17:00,21.5,28.153235227058783,23.2021794604349,28.153235227058783,0.0,6815.094907159469,23.2021794604349,0.0,0.0,0.059871,26.3,0.0,23.2072962257741,0.059871,0.059871,0.0,0.0,0.059871,0.0,0.0,0.0,0.059871,0.0,0.059871,0.0 
 07/21  03:18:00,21.5,28.160737435550875,23.197083665928446,28.160737435550875,0.0,6842.6835597710715,23.197083665928446,0.0,0.0,0.059871,26.3,0.0,23.2021794604349,0.059871,0.059871,0.0,0.0,0.059871,0.0,0.0,0.0,0.059871,0.0,0.059871,0.0 
 07/21  03:19:00,21.5,28.168196204231837,23.192008651020604,28.168196204231837,0.0,6870.112466641126,23.192008651020604,0.0,0.0,0.059871,26.3,0.0,23.197083665928446,0.059871,0.059871,0.0,0.0,0.059871,0.0,0.0,0.0,0.059871,0.0,0.059871,0.0 
 07/21  03:20:00,21.5,28.175606791882394,23.186954375562305,28.175606791882394,0.0,6897.364192390228,23.186954375562305,0.0,0.0,0.059871,26.3,0.0,23.192008651020604,0.059871,0.059871,0.0,0.0,0.059871,0.0,0.0,0.0,0.059871,0.0,0.059871,0.0 
 07/21  03:21:00,21.5,28.18297434359078,23.18192069820285,28.18297434359078,0.0,6924.45765758715,23.18192069820285,0.0,0.0,0.059871,26.3,0.0,23.186954375562305,0.059871,0.059871,0.0,0.0,0.059871,0.0,0.0,0.0,0.059871,0.0,0.059871,0.0 
 07/21  03:22:00,21.5,28.190293656746633,23.176907545932778,28.190293656746633,0.0,6951.3737301310175,23.176907545932778,0.0,0.0,0.059871,26.3,0.0,23.18192069820285,0.059871,0.059871,0.0,0.0,0.059871,0.0,0.0,0.0,0.059871,0.0,0.059871,0.0 
 07/21  03:23:00,21.5,28.19756980619112,23.17191479644517,28.19756980619112,0.0,6978.131072263759,23.17191479644517,0.0,0.0,0.059871,26.3,0.0,23.176907545932778,0.059871,0.059871,0.0,0.0,0.059871,0.0,0.0,0.0,0.059871,0.0,0.059871,0.0 
 07/21  03:24:00,21.5,28.204797840612468,23.16694241656287,28.204797840612468,0.0,7004.711476010934,23.16694241656287,0.0,0.0,0.059871,26.3,0.0,23.17191479644517,0.059871,0.059871,0.0,0.0,0.059871,0.0,0.0,0.0,0.059871,0.0,0.059871,0.0 
 07/21  03:25:00,21.5,28.211982960469346,23.161990244275163,28.211982960469346,0.0,7031.1340655608,23.161990244275163,0.0,0.0,0.059871,26.3,0.0,23.16694241656287,0.059871,0.059871,0.0,0.0,0.059871,0.0,0.0,0.0,0.059871,0.0,0.059871,0.0 
 07/21  03:26:00,21.5,28.219120416729375,23.157058259306577,28.219120416729375,0.0,7057.381376802018,23.157058259306577,0.0,0.0,0.059871,26.3,0.0,23.161990244275163,0.059871,0.059871,0.0,0.0,0.059871,0.0,0.0,0.0,0.059871,0.0,0.059871,0.0 
 07/21  03:27:00,21.5,28.226215413747767,23.15214633786419,28.226215413747767,0.0,7083.472548252012,23.15214633786419,0.0,0.0,0.059871,26.3,0.0,23.157058259306577,0.059871,0.059871,0.0,0.0,0.059871,0.0,0.0,0.0,0.059871,0.0,0.059871,0.0 
 07/21  03:28:00,21.5,28.2332633208728,23.147254415617756,28.2332633208728,0.0,7109.390551132942,23.147254415617756,0.0,0.0,0.059871,26.3,0.0,23.15214633786419,0.059871,0.059871,0.0,0.0,0.059871,0.0,0.0,0.0,0.059871,0.0,0.059871,0.0 
 07/21  03:29:00,21.5,28.24026929776233,23.14238238234745,28.24026929776233,0.0,7135.154359591993,23.14238238234745,0.0,0.0,0.059871,26.3,0.0,23.147254415617756,0.059871,0.059871,0.0,0.0,0.059871,0.0,0.0,0.0,0.059871,0.0,0.059871,0.0 
 07/21  03:30:00,21.5,28.247228809220296,23.1375302109727,28.247228809220296,0.0,7160.747295880369,23.1375302109727,0.0,0.0,0.059871,26.3,0.0,23.14238238234745,0.059871,0.059871,0.0,0.0,0.059871,0.0,0.0,0.0,0.059871,0.0,0.059871,0.0 
 07/21  03:31:00,21.5,28.254146955520046,23.132697745684396,28.254146955520046,0.0,7186.188115764439,23.132697745684396,0.0,0.0,0.059871,26.3,0.0,23.1375302109727,0.059871,0.059871,0.0,0.0,0.059871,0.0,0.0,0.0,0.059871,0.0,0.059871,0.0 
 07/21  03:32:00,21.5,28.26101928502598,23.127884969854378,28.26101928502598,0.0,7211.460448780986,23.127884969854378,0.0,0.0,0.059871,26.3,0.0,23.132697745684396,0.059871,0.059871,0.0,0.0,0.059871,0.0,0.0,0.0,0.059871,0.0,0.059871,0.0 
 07/21  03:33:00,21.5,28.267850829710262,23.123091765746306,28.267850829710262,0.0,7236.582799525295,23.123091765746306,0.0,0.0,0.059871,26.3,0.0,23.127884969854378,0.059871,0.059871,0.0,0.0,0.059871,0.0,0.0,0.0,0.059871,0.0,0.059871,0.0 
 07/21  03:34:00,21.5,28.27463721335932,23.118318069150867,28.27463721335932,0.0,7261.539074891434,23.118318069150867,0.0,0.0,0.059871,26.3,0.0,23.123091765746306,0.059871,0.059871,0.0,0.0,0.059871,0.0,0.0,0.0,0.059871,0.0,0.059871,0.0 
 07/21  03:35:00,21.5,28.281383395453304,23.113563775146364,28.281383395453304,0.0,7286.347512892298,23.113563775146364,0.0,0.0,0.059871,26.3,0.0,23.118318069150867,0.059871,0.059871,0.0,0.0,0.059871,0.0,0.0,0.0,0.059871,0.0,0.059871,0.0 
 07/21  03:36:00,21.5,28.288085070651967,23.108828857516304,28.288085070651967,0.0,7310.992281051776,23.108828857516304,0.0,0.0,0.059871,26.3,0.0,23.113563775146364,0.059871,0.059871,0.0,0.0,0.059871,0.0,0.0,0.0,0.059871,0.0,0.059871,0.0 
 07/21  03:37:00,21.5,28.29474712472518,23.104113163259576,28.29474712472518,0.0,7335.491346320268,23.104113163259576,0.0,0.0,0.059871,26.3,0.0,23.108828857516304,0.059871,0.059871,0.0,0.0,0.059871,0.0,0.0,0.0,0.059871,0.0,0.059871,0.0 
 07/21  03:38:00,21.5,28.301365320381144,23.09941667644704,28.301365320381144,0.0,7359.829126463328,23.09941667644704,0.0,0.0,0.059871,26.3,0.0,23.104113163259576,0.059871,0.059871,0.0,0.0,0.059871,0.0,0.0,0.0,0.059871,0.0,0.059871,0.0 
 07/21  03:39:00,21.5,28.307944469714247,23.094739283229046,28.307944469714247,0.0,7384.023317496826,23.094739283229046,0.0,0.0,0.059871,26.3,0.0,23.09941667644704,0.059871,0.059871,0.0,0.0,0.059871,0.0,0.0,0.0,0.059871,0.0,0.059871,0.0 
 07/21  03:40:00,21.5,28.31448040137827,23.09008091809839,28.31448040137827,0.0,7408.058579694871,23.09008091809839,0.0,0.0,0.059871,26.3,0.0,23.094739283229046,0.059871,0.059871,0.0,0.0,0.059871,0.0,0.0,0.0,0.059871,0.0,0.059871,0.0 
 07/21  03:41:00,21.5,28.320977854409517,23.085441480095252,28.320977854409517,0.0,7431.95234040923,23.085441480095252,0.0,0.0,0.059871,26.3,0.0,23.09008091809839,0.059871,0.059871,0.0,0.0,0.059871,0.0,0.0,0.0,0.059871,0.0,0.059871,0.0 
 07/21  03:42:00,21.5,28.327432721683437,23.080820942874105,28.327432721683437,0.0,7455.689496083041,23.080820942874105,0.0,0.0,0.059871,26.3,0.0,23.085441480095252,0.059871,0.059871,0.0,0.0,0.059871,0.0,0.0,0.0,0.059871,0.0,0.059871,0.0 
 07/21  03:43:00,21.5,28.333849670102328,23.076219155671332,28.333849670102328,0.0,7479.287208802175,23.076219155671332,0.0,0.0,0.059871,26.3,0.0,23.080820942874105,0.059871,0.059871,0.0,0.0,0.059871,0.0,0.0,0.0,0.059871,0.0,0.059871,0.0 
 07/21  03:44:00,21.5,28.34022465525179,23.07163610265101,28.34022465525179,0.0,7502.7306056203315,23.07163610265101,0.0,0.0,0.059871,26.3,0.0,23.076219155671332,0.059871,0.059871,0.0,0.0,0.059871,0.0,0.0,0.0,0.059871,0.0,0.059871,0.0 
 07/21  03:45:00,21.5,28.34656227297995,23.067071673393084,28.34656227297995,0.0,7526.036587328449,23.067071673393084,0.0,0.0,0.059871,26.3,0.0,23.07163610265101,0.059871,0.059871,0.0,0.0,0.059871,0.0,0.0,0.0,0.059871,0.0,0.059871,0.0 
 07/21  03:46:00,21.5,28.352858540193935,23.06252580096572,28.352858540193935,0.0,7549.190506484338,23.06252580096572,0.0,0.0,0.059871,26.3,0.0,23.067071673393084,0.059871,0.059871,0.0,0.0,0.059871,0.0,0.0,0.0,0.059871,0.0,0.059871,0.0 
 07/21  03:47:00,21.5,28.359117982844833,23.057998388080257,28.359117982844833,0.0,7572.209006839253,23.057998388080257,0.0,0.0,0.059871,26.3,0.0,23.06252580096572,0.059871,0.059871,0.0,0.0,0.059871,0.0,0.0,0.0,0.059871,0.0,0.059871,0.0 
 07/21  03:48:00,21.5,28.365336677852156,23.05348940813543,28.365336677852156,0.0,7595.077661640744,23.05348940813543,0.0,0.0,0.059871,26.3,0.0,23.057998388080257,0.059871,0.059871,0.0,0.0,0.059871,0.0,0.0,0.0,0.059871,0.0,0.059871,0.0 
 07/21  03:49:00,21.5,28.37151908246427,23.048998712636006,28.37151908246427,0.0,7617.812861992452,23.048998712636006,0.0,0.0,0.059871,26.3,0.0,23.05348940813543,0.059871,0.059871,0.0,0.0,0.059871,0.0,0.0,0.0,0.059871,0.0,0.059871,0.0 
 07/21  03:50:00,21.5,28.377661332361505,23.044526285793193,28.377661332361505,0.0,7640.400397229191,23.044526285793193,0.0,0.0,0.059871,26.3,0.0,23.048998712636006,0.059871,0.059871,0.0,0.0,0.059871,0.0,0.0,0.0,0.059871,0.0,0.059871,0.0 
 07/21  03:51:00,21.5,28.383767817298942,23.040072020579395,28.383767817298942,0.0,7662.856410254485,23.040072020579395,0.0,0.0,0.059871,26.3,0.0,23.044526285793193,0.059871,0.059871,0.0,0.0,0.059871,0.0,0.0,0.0,0.059871,0.0,0.059871,0.0 
 07/21  03:52:00,21.5,28.389834730511808,23.0356358488391,28.389834730511808,0.0,7685.166902055794,23.0356358488391,0.0,0.0,0.059871,26.3,0.0,23.040072020579395,0.059871,0.059871,0.0,0.0,0.059871,0.0,0.0,0.0,0.059871,0.0,0.059871,0.0 
 07/21  03:53:00,21.5,28.395866395473444,23.03121767693757,28.395866395473444,0.0,7707.347771791879,23.03121767693757,0.0,0.0,0.059871,26.3,0.0,23.0356358488391,0.059871,0.059871,0.0,0.0,0.059871,0.0,0.0,0.0,0.059871,0.0,0.059871,0.0 
 07/21  03:54:00,21.5,28.40185906180681,23.026817478128333,28.40185906180681,0.0,7729.385227810708,23.026817478128333,0.0,0.0,0.059871,26.3,0.0,23.03121767693757,0.059871,0.059871,0.0,0.0,0.059871,0.0,0.0,0.0,0.059871,0.0,0.059871,0.0 
 07/21  03:55:00,21.5,28.407816987909314,23.02243510636216,28.407816987909314,0.0,7751.294929960518,23.02243510636216,0.0,0.0,0.059871,26.3,0.0,23.026817478128333,0.059871,0.059871,0.0,0.0,0.059871,0.0,0.0,0.0,0.059871,0.0,0.059871,0.0 
 07/21  03:56:00,21.5,28.413736478658986,23.018070546007568,28.413736478658986,0.0,7773.063289784482,23.018070546007568,0.0,0.0,0.059871,26.3,0.0,23.02243510636216,0.059871,0.059871,0.0,0.0,0.059871,0.0,0.0,0.0,0.059871,0.0,0.059871,0.0 
 07/21  03:57:00,21.5,28.419621728572494,23.01372369349658,28.419621728572494,0.0,7794.705732215584,23.01372369349658,0.0,0.0,0.059871,26.3,0.0,23.018070546007568,0.059871,0.059871,0.0,0.0,0.059871,0.0,0.0,0.0,0.059871,0.0,0.059871,0.0 
 07/21  03:58:00,21.5,28.425469096682068,23.00939447972948,28.425469096682068,0.0,7816.208867943856,23.00939447972948,0.0,0.0,0.059871,26.3,0.0,23.01372369349658,0.059871,0.059871,0.0,0.0,0.059871,0.0,0.0,0.0,0.059871,0.0,0.059871,0.0 
 07/21  03:59:00,21.5,28.431282714804826,23.005082814770386,28.431282714804826,0.0,7837.5878913306815,23.005082814770386,0.0,0.0,0.059871,26.3,0.0,23.00939447972948,0.059871,0.059871,0.0,0.0,0.059871,0.0,0.0,0.0,0.059871,0.0,0.059871,0.0 
 07/21  04:00:00,21.5,28.437058995056173,23.00078867189563,28.437058995056173,0.0,7858.829608274382,23.00078867189563,0.0,0.0,0.059871,26.3,0.0,23.005082814770386,0.059871,0.059871,0.0,0.0,0.059871,0.0,0.0,0.0,0.059871,0.0,0.059871,0.0,49104000.0 
 07/21  04:01:00,21.5,28.442802007718548,22.99651190769425,28.442802007718548,0.0,7879.948986848476,22.99651190769425,0.0,0.0,0.059871,26.3,0.0,23.00078867189563,0.059871,0.059871,0.0,0.0,0.059871,0.0,0.0,0.0,0.059871,0.0,0.059871,0.0 
 07/21  04:02:00,21.5,28.448508216947893,22.99225250683527,28.448508216947893,0.0,7900.933024325359,22.99225250683527,0.0,0.0,0.059871,26.3,0.0,22.99651190769425,0.059871,0.059871,0.0,0.0,0.059871,0.0,0.0,0.0,0.059871,0.0,0.059871,0.0 
 07/21  04:03:00,21.5,28.45418163263911,22.988010369285504,28.45418163263911,0.0,7921.796466709179,22.988010369285504,0.0,0.0,0.059871,26.3,0.0,22.99225250683527,0.059871,0.059871,0.0,0.0,0.059871,0.0,0.0,0.0,0.059871,0.0,0.059871,0.0 
 07/21  04:04:00,21.5,28.45981876997306,22.983785425281173,28.45981876997306,0.0,7942.526498911602,22.983785425281173,0.0,0.0,0.059871,26.3,0.0,22.988010369285504,0.059871,0.059871,0.0,0.0,0.059871,0.0,0.0,0.0,0.059871,0.0,0.059871,0.0 
 07/21  04:05:00,21.5,28.465423579585394,22.979577588626757,28.465423579585394,0.0,7963.137649016503,22.979577588626757,0.0,0.0,0.059871,26.3,0.0,22.983785425281173,0.059871,0.059871,0.0,0.0,0.059871,0.0,0.0,0.0,0.059871,0.0,0.059871,0.0 
 07/21  04:06:00,21.5,28.470992626692514,22.975386832788875,28.470992626692514,0.0,7983.61728593648,22.975386832788875,0.0,0.0,0.059871,26.3,0.0,22.979577588626757,0.059871,0.059871,0.0,0.0,0.059871,0.0,0.0,0.0,0.059871,0.0,0.059871,0.0 
 07/21  04:07:00,21.5,28.476529803779332,22.971213017161755,28.476529803779332,0.0,8003.979723911666,22.971213017161755,0.0,0.0,0.059871,26.3,0.0,22.975386832788875,0.059871,0.059871,0.0,0.0,0.059871,0.0,0.0,0.0,0.059871,0.0,0.059871,0.0 
 07/21  04:08:00,21.5,28.48203172513355,22.967056126850565,28.48203172513355,0.0,8024.212512309614,22.967056126850565,0.0,0.0,0.059871,26.3,0.0,22.971213017161755,0.059871,0.059871,0.0,0.0,0.059871,0.0,0.0,0.0,0.059871,0.0,0.059871,0.0 
 07/21  04:09:00,21.5,28.487502226177792,22.96291606541025,28.487502226177792,0.0,8044.329755529416,22.96291606541025,0.0,0.0,0.059871,26.3,0.0,22.967056126850565,0.059871,0.059871,0.0,0.0,0.059871,0.0,0.0,0.0,0.059871,0.0,0.059871,0.0 
 07/21  04:10:00,21.5,28.492937969331198,22.95879276266828,28.492937969331198,0.0,8064.319179937338,22.95879276266828,0.0,0.0,0.059871,26.3,0.0,22.96291606541025,0.059871,0.059871,0.0,0.0,0.059871,0.0,0.0,0.0,0.059871,0.0,0.059871,0.0 
 07/21  04:11:00,21.5,28.49834273402202,22.954686136186968,28.49834273402202,0.0,8084.194684018539,22.954686136186968,0.0,0.0,0.059871,26.3,0.0,22.95879276266828,0.059871,0.059871,0.0,0.0,0.059871,0.0,0.0,0.0,0.059871,0.0,0.059871,0.0 
 07/21  04:12:00,21.5,28.503713229884593,22.95059615977038,28.503713229884593,0.0,8103.94416776865,22.95059615977038,0.0,0.0,0.059871,26.3,0.0,22.954686136186968,0.059871,0.059871,0.0,0.0,0.059871,0.0,0.0,0.0,0.059871,0.0,0.059871,0.0 
 07/21  04:13:00,21.5,28.509053181399942,22.946522695748087,28.509053181399942,0.0,8123.581327609659,22.946522695748087,0.0,0.0,0.059871,26.3,0.0,22.95059615977038,0.059871,0.059871,0.0,0.0,0.059871,0.0,0.0,0.0,0.059871,0.0,0.059871,0.0 
 07/21  04:14:00,21.5,28.51435934452431,22.94246572977563,28.51435934452431,0.0,8143.094233881575,22.94246572977563,0.0,0.0,0.059871,26.3,0.0,22.946522695748087,0.059871,0.059871,0.0,0.0,0.059871,0.0,0.0,0.0,0.059871,0.0,0.059871,0.0 
 07/21  04:15:00,21.5,28.519635389817914,22.938425169019215,28.519635389817914,0.0,8162.496384717801,22.938425169019215,0.0,0.0,0.059871,26.3,0.0,22.94246572977563,0.059871,0.059871,0.0,0.0,0.059871,0.0,0.0,0.0,0.059871,0.0,0.059871,0.0 
 07/21  04:16:00,21.5,28.524878118687806,22.934400943120604,28.524878118687806,0.0,8181.776017599336,22.934400943120604,0.0,0.0,0.059871,26.3,0.0,22.938425169019215,0.059871,0.059871,0.0,0.0,0.059871,0.0,0.0,0.0,0.059871,0.0,0.059871,0.0 
 07/21  04:17:00,21.5,28.530091148779057,22.930392973388933,28.530091148779057,0.0,8200.94643606917,22.930392973388933,0.0,0.0,0.059871,26.3,0.0,22.934400943120604,0.059871,0.059871,0.0,0.0,0.059871,0.0,0.0,0.0,0.059871,0.0,0.059871,0.0 
 07/21  04:18:00,21.5,28.53527132610006,22.926401234087635,28.53527132610006,0.0,8219.996041625476,22.926401234087635,0.0,0.0,0.059871,26.3,0.0,22.930392973388933,0.059871,0.059871,0.0,0.0,0.059871,0.0,0.0,0.0,0.059871,0.0,0.059871,0.0 
 07/21  04:19:00,21.5,28.540422216365588,22.922425590575294,28.540422216365588,0.0,8238.937946842583,22.922425590575294,0.0,0.0,0.059871,26.3,0.0,22.926401234087635,0.059871,0.059871,0.0,0.0,0.059871,0.0,0.0,0.0,0.059871,0.0,0.059871,0.0 
 07/21  04:20:00,21.5,28.54554070935686,22.918466029148814,28.54554070935686,0.0,8257.760714189022,22.918466029148814,0.0,0.0,0.059871,26.3,0.0,22.922425590575294,0.059871,0.059871,0.0,0.0,0.059871,0.0,0.0,0.0,0.059871,0.0,0.059871,0.0 
 07/21  04:21:00,21.5,28.55063031982274,22.914522460580674,28.55063031982274,0.0,8276.477268816843,22.914522460580674,0.0,0.0,0.059871,26.3,0.0,22.918466029148814,0.059871,0.059871,0.0,0.0,0.059871,0.0,0.0,0.0,0.059871,0.0,0.059871,0.0 
 07/21  04:22:00,21.5,28.55568798050918,22.910594814519442,28.55568798050918,0.0,8295.07633119329,22.910594814519442,0.0,0.0,0.059871,26.3,0.0,22.914522460580674,0.059871,0.059871,0.0,0.0,0.059871,0.0,0.0,0.0,0.059871,0.0,0.059871,0.0 
 07/21  04:23:00,21.5,28.560717156142996,22.906683015985312,28.560717156142996,0.0,8313.570642519131,22.906683015985312,0.0,0.0,0.059871,26.3,0.0,22.910594814519442,0.059871,0.059871,0.0,0.0,0.059871,0.0,0.0,0.0,0.059871,0.0,0.059871,0.0 
 07/21  04:24:00,21.5,28.56571482164652,22.9027870398001,28.56571482164652,0.0,8331.949078361191,22.9027870398001,0.0,0.0,0.059871,26.3,0.0,22.906683015985312,0.059871,0.059871,0.0,0.0,0.059871,0.0,0.0,0.0,0.059871,0.0,0.059871,0.0 
 07/21  04:25:00,21.5,28.57068439264834,22.898906754414202,28.57068439264834,0.0,8350.224199366212,22.898906754414202,0.0,0.0,0.059871,26.3,0.0,22.9027870398001,0.059871,0.059871,0.0,0.0,0.059871,0.0,0.0,0.0,0.059871,0.0,0.059871,0.0 
 07/21  04:26:00,21.5,28.575622885478104,22.89504214683684,28.575622885478104,0.0,8368.38503337247,22.89504214683684,0.0,0.0,0.059871,26.3,0.0,22.898906754414202,0.059871,0.059871,0.0,0.0,0.059871,0.0,0.0,0.0,0.059871,0.0,0.059871,0.0 
 07/21  04:27:00,21.5,28.580533667569966,22.89119313141907,28.580533667569966,0.0,8386.443963796286,22.89119313141907,0.0,0.0,0.059871,26.3,0.0,22.89504214683684,0.059871,0.059871,0.0,0.0,0.059871,0.0,0.0,0.0,0.059871,0.0,0.059871,0.0 
 07/21  04:28:00,21.5,28.585413795910544,22.88735963798278,28.585413795910544,0.0,8404.390167988055,22.88735963798278,0.0,0.0,0.059871,26.3,0.0,22.89119313141907,0.059871,0.059871,0.0,0.0,0.059871,0.0,0.0,0.0,0.059871,0.0,0.059871,0.0 
 07/21  04:29:00,21.5,28.5902665906237,22.883541595204402,28.5902665906237,0.0,8422.235855385006,22.883541595204402,0.0,0.0,0.059871,26.3,0.0,22.88735963798278,0.059871,0.059871,0.0,0.0,0.059871,0.0,0.0,0.0,0.059871,0.0,0.059871,0.0 
 07/21  04:30:00,21.5,28.595089148620783,22.879738978544506,28.595089148620783,0.0,8439.970350156924,22.879738978544506,0.0,0.0,0.059871,26.3,0.0,22.883541595204402,0.059871,0.059871,0.0,0.0,0.059871,0.0,0.0,0.0,0.059871,0.0,0.059871,0.0 
 07/21  04:31:00,21.5,28.599884743580255,22.87595165958341,28.599884743580255,0.0,8457.605690942532,22.87595165958341,0.0,0.0,0.059871,26.3,0.0,22.879738978544506,0.059871,0.059871,0.0,0.0,0.059871,0.0,0.0,0.0,0.059871,0.0,0.059871,0.0 
 07/21  04:32:00,21.5,28.60465051162375,22.87217962609703,28.60465051162375,0.0,8475.13134610369,22.87217962609703,0.0,0.0,0.059871,26.3,0.0,22.87595165958341,0.059871,0.059871,0.0,0.0,0.059871,0.0,0.0,0.0,0.059871,0.0,0.059871,0.0 
 07/21  04:33:00,21.5,28.609389680830024,22.868422795969103,28.609389680830024,0.0,8492.55918659057,22.868422795969103,0.0,0.0,0.059871,26.3,0.0,22.87217962609703,0.059871,0.059871,0.0,0.0,0.059871,0.0,0.0,0.0,0.059871,0.0,0.059871,0.0 
 07/21  04:34:00,21.5,28.614099425833714,22.864681099337965,28.614099425833714,0.0,8509.878822392875,22.864681099337965,0.0,0.0,0.059871,26.3,0.0,22.868422795969103,0.059871,0.059871,0.0,0.0,0.059871,0.0,0.0,0.0,0.059871,0.0,0.059871,0.0 
 07/21  04:35:00,21.5,28.618782929940913,22.86095446846509,28.618782929940913,0.0,8527.10195981364,22.86095446846509,0.0,0.0,0.059871,26.3,0.0,22.864681099337965,0.059871,0.059871,0.0,0.0,0.059871,0.0,0.0,0.0,0.059871,0.0,0.059871,0.0 
 07/21  04:36:00,21.5,28.623437405618624,22.857242879512427,28.623437405618624,0.0,8544.218347967453,22.857242879512427,0.0,0.0,0.059871,26.3,0.0,22.86095446846509,0.059871,0.059871,0.0,0.0,0.059871,0.0,0.0,0.0,0.059871,0.0,0.059871,0.0 
 07/21  04:37:00,21.5,28.628065992208953,22.853546207206236,28.628065992208953,0.0,8561.239531483998,22.853546207206236,0.0,0.0,0.059871,26.3,0.0,22.857242879512427,0.059871,0.059871,0.0,0.0,0.059871,0.0,0.0,0.0,0.059871,0.0,0.059871,0.0 
 07/21  04:38:00,21.5,28.63266593934695,22.849864440128353,28.63266593934695,0.0,8578.155396159815,22.849864440128353,0.0,0.0,0.059871,26.3,0.0,22.853546207206236,0.059871,0.059871,0.0,0.0,0.059871,0.0,0.0,0.0,0.059871,0.0,0.059871,0.0 
 07/21  04:39:00,21.5,28.637240343201288,22.84619749963483,28.637240343201288,0.0,8594.977327858393,22.84619749963483,0.0,0.0,0.059871,26.3,0.0,22.849864440128353,0.059871,0.059871,0.0,0.0,0.059871,0.0,0.0,0.0,0.059871,0.0,0.059871,0.0 
 07/21  04:40:00,21.5,28.64178648992645,22.84254531630461,28.64178648992645,0.0,8611.695346672996,22.84254531630461,0.0,0.0,0.059871,26.3,0.0,22.84619749963483,0.059871,0.059871,0.0,0.0,0.059871,0.0,0.0,0.0,0.059871,0.0,0.059871,0.0 
 07/21  04:41:00,21.5,28.646307433290673,22.838907825903075,28.646307433290673,0.0,8628.320682543595,22.838907825903075,0.0,0.0,0.059871,26.3,0.0,22.84254531630461,0.059871,0.059871,0.0,0.0,0.059871,0.0,0.0,0.0,0.059871,0.0,0.059871,0.0 
 07/21  04:42:00,21.5,28.650800495334693,22.835285005345114,28.650800495334693,0.0,8644.843487531674,22.835285005345114,0.0,0.0,0.059871,26.3,0.0,22.838907825903075,0.059871,0.059871,0.0,0.0,0.059871,0.0,0.0,0.0,0.059871,0.0,0.059871,0.0 
 07/21  04:43:00,21.5,28.655268688181856,22.831676732505578,28.655268688181856,0.0,8661.274838432142,22.831676732505578,0.0,0.0,0.059871,26.3,0.0,22.835285005345114,0.059871,0.059871,0.0,0.0,0.059871,0.0,0.0,0.0,0.059871,0.0,0.059871,0.0 
 07/21  04:44:00,21.5,28.659709369140856,22.828082996803374,28.659709369140856,0.0,8677.605017001028,22.828082996803374,0.0,0.0,0.059871,26.3,0.0,22.831676732505578,0.059871,0.059871,0.0,0.0,0.059871,0.0,0.0,0.0,0.059871,0.0,0.059871,0.0 
 07/21  04:45:00,21.5,28.664125509428715,22.82450372299922,28.664125509428715,0.0,8693.844949604108,22.82450372299922,0.0,0.0,0.059871,26.3,0.0,22.828082996803374,0.059871,0.059871,0.0,0.0,0.059871,0.0,0.0,0.0,0.059871,0.0,0.059871,0.0 
 07/21  04:46:00,21.5,28.668514501018276,22.820938842222965,28.668514501018276,0.0,8709.985045471512,22.820938842222965,0.0,0.0,0.059871,26.3,0.0,22.82450372299922,0.059871,0.059871,0.0,0.0,0.059871,0.0,0.0,0.0,0.059871,0.0,0.059871,0.0 
 07/21  04:47:00,21.5,28.672879274942346,22.81738829365672,28.672879274942346,0.0,8726.036083195446,22.81738829365672,0.0,0.0,0.059871,26.3,0.0,22.820938842222965,0.059871,0.059871,0.0,0.0,0.059871,0.0,0.0,0.0,0.059871,0.0,0.059871,0.0 
 07/21  04:48:00,21.5,28.67721725724829,22.81385205501002,28.67721725724829,0.0,8741.988597311793,22.81385205501002,0.0,0.0,0.059871,26.3,0.0,22.81738829365672,0.059871,0.059871,0.0,0.0,0.059871,0.0,0.0,0.0,0.059871,0.0,0.059871,0.0 
 07/21  04:49:00,21.5,28.68153133949035,22.81033000729653,28.68153133949035,0.0,8757.85322123413,22.81033000729653,0.0,0.0,0.059871,26.3,0.0,22.81385205501002,0.059871,0.059871,0.0,0.0,0.059871,0.0,0.0,0.0,0.059871,0.0,0.059871,0.0 
 07/21  04:50:00,21.5,28.685818981214393,22.806822140794065,28.685818981214393,0.0,8773.620612685914,22.806822140794065,0.0,0.0,0.059871,26.3,0.0,22.81033000729653,0.059871,0.059871,0.0,0.0,0.059871,0.0,0.0,0.0,0.059871,0.0,0.059871,0.0 
 07/21  04:51:00,21.5,28.690083035186,22.80332838359241,28.690083035186,0.0,8789.301262439085,22.80332838359241,0.0,0.0,0.059871,26.3,0.0,22.806822140794065,0.059871,0.059871,0.0,0.0,0.059871,0.0,0.0,0.0,0.059871,0.0,0.059871,0.0 
 07/21  04:52:00,21.5,28.69432099388698,22.799848667467778,28.69432099388698,0.0,8804.885949335872,22.799848667467778,0.0,0.0,0.059871,26.3,0.0,22.80332838359241,0.059871,0.059871,0.0,0.0,0.059871,0.0,0.0,0.0,0.059871,0.0,0.059871,0.0 
 07/21  04:53:00,21.5,28.69853567196851,22.79638293492543,28.69853567196851,0.0,8820.385023986168,22.79638293492543,0.0,0.0,0.059871,26.3,0.0,22.799848667467778,0.059871,0.059871,0.0,0.0,0.059871,0.0,0.0,0.0,0.059871,0.0,0.059871,0.0 
 07/21  04:54:00,21.5,28.70272459429864,22.792931164501255,28.70272459429864,0.0,8835.789384329495,22.792931164501255,0.0,0.0,0.059871,26.3,0.0,22.79638293492543,0.059871,0.059871,0.0,0.0,0.059871,0.0,0.0,0.0,0.059871,0.0,0.059871,0.0 
 07/21  04:55:00,21.5,28.706890538073303,22.789493240326888,28.706890538073303,0.0,8851.109243237683,22.789493240326888,0.0,0.0,0.059871,26.3,0.0,22.792931164501255,0.059871,0.059871,0.0,0.0,0.059871,0.0,0.0,0.0,0.059871,0.0,0.059871,0.0 
 07/21  04:56:00,21.5,28.71103106000975,22.78606915355255,28.71103106000975,0.0,8866.335615772614,22.78606915355255,0.0,0.0,0.059871,26.3,0.0,22.789493240326888,0.059871,0.059871,0.0,0.0,0.059871,0.0,0.0,0.0,0.059871,0.0,0.059871,0.0 
 07/21  04:57:00,21.5,28.71514890049292,22.782658835515484,28.71514890049292,0.0,8881.478579437235,22.782658835515484,0.0,0.0,0.059871,26.3,0.0,22.78606915355255,0.059871,0.059871,0.0,0.0,0.059871,0.0,0.0,0.0,0.059871,0.0,0.059871,0.0 
 07/21  04:58:00,21.5,28.719241647564438,22.77926221872082,28.719241647564438,0.0,8896.529264485813,22.77926221872082,0.0,0.0,0.059871,26.3,0.0,22.782658835515484,0.059871,0.059871,0.0,0.0,0.059871,0.0,0.0,0.0,0.059871,0.0,0.059871,0.0 
 07/21  04:59:00,21.5,28.72331200542807,22.77587924889952,28.72331200542807,0.0,8911.497615368498,22.77587924889952,0.0,0.0,0.059871,26.3,0.0,22.77926221872082,0.059871,0.059871,0.0,0.0,0.059871,0.0,0.0,0.0,0.059871,0.0,0.059871,0.0 
 07/21  05:00:00,21.5,28.727357592936883,22.77250990543775,28.727357592936883,0.0,8926.374875645673,22.77250990543775,0.0,0.0,0.059871,26.3,0.0,22.77587924889952,0.059871,0.059871,0.0,0.0,0.059871,0.0,0.0,0.0,0.059871,0.0,0.059871,0.0,49104000.0 
 07/21  05:01:00,21.5,28.73138107872916,22.76915407555662,28.73138107872916,0.0,8941.170858978821,22.76915407555662,0.0,0.0,0.059871,26.3,0.0,22.77250990543775,0.059871,0.059871,0.0,0.0,0.059871,0.0,0.0,0.0,0.059871,0.0,0.059871,0.0 
 07/21  05:02:00,21.5,28.735380111968073,22.765811751286847,28.735380111968073,0.0,8955.876920390865,22.765811751286847,0.0,0.0,0.059871,26.3,0.0,22.76915407555662,0.059871,0.059871,0.0,0.0,0.059871,0.0,0.0,0.0,0.059871,0.0,0.059871,0.0 
 07/21  05:03:00,21.5,28.739357326328253,22.76248286712946,28.739357326328253,0.0,8970.502744967784,22.76248286712946,0.0,0.0,0.059871,26.3,0.0,22.765811751286847,0.059871,0.059871,0.0,0.0,0.059871,0.0,0.0,0.0,0.059871,0.0,0.059871,0.0 
 07/21  05:04:00,21.5,28.743310400792904,22.75916735639236,28.743310400792904,0.0,8985.03979739282,22.75916735639236,0.0,0.0,0.059871,26.3,0.0,22.76248286712946,0.059871,0.059871,0.0,0.0,0.059871,0.0,0.0,0.0,0.059871,0.0,0.059871,0.0 
 07/21  05:05:00,21.5,28.74724193466138,22.755865167935205,28.74724193466138,0.0,8999.497636340162,22.755865167935205,0.0,0.0,0.059871,26.3,0.0,22.75916735639236,0.059871,0.059871,0.0,0.0,0.059871,0.0,0.0,0.0,0.059871,0.0,0.059871,0.0 
 07/21  05:06:00,21.5,28.751149636257747,22.75257628201472,28.751149636257747,0.0,9013.867834391267,22.75257628201472,0.0,0.0,0.059871,26.3,0.0,22.755865167935205,0.059871,0.059871,0.0,0.0,0.059871,0.0,0.0,0.0,0.059871,0.0,0.059871,0.0 
 07/21  05:07:00,21.5,28.755036071081395,22.749300588909975,28.755036071081395,0.0,9028.159825924195,22.749300588909975,0.0,0.0,0.059871,26.3,0.0,22.75257628201472,0.059871,0.059871,0.0,0.0,0.059871,0.0,0.0,0.0,0.059871,0.0,0.059871,0.0 
 07/21  05:08:00,21.5,28.758898976328773,22.746038081538313,28.758898976328773,0.0,9042.3652896958,22.746038081538313,0.0,0.0,0.059871,26.3,0.0,22.749300588909975,0.059871,0.059871,0.0,0.0,0.059871,0.0,0.0,0.0,0.059871,0.0,0.059871,0.0 
 07/21  05:09:00,21.5,28.762740884261717,22.74278869748209,28.762740884261717,0.0,9056.49353785625,22.74278869748209,0.0,0.0,0.059871,26.3,0.0,22.746038081538313,0.059871,0.059871,0.0,0.0,0.059871,0.0,0.0,0.0,0.059871,0.0,0.059871,0.0 
 07/21  05:10:00,21.5,28.76655956049086,22.739552370919682,28.76655956049086,0.0,9070.536353652838,22.739552370919682,0.0,0.0,0.059871,26.3,0.0,22.74278869748209,0.059871,0.059871,0.0,0.0,0.059871,0.0,0.0,0.0,0.059871,0.0,0.059871,0.0 
 07/21  05:11:00,21.5,28.770357504590468,22.736329053744825,28.770357504590468,0.0,9084.502929030305,22.736329053744825,0.0,0.0,0.059871,26.3,0.0,22.739552370919682,0.059871,0.059871,0.0,0.0,0.059871,0.0,0.0,0.0,0.059871,0.0,0.059871,0.0 
 07/21  05:12:00,21.5,28.77413251013727,22.733118727102507,28.77413251013727,0.0,9098.385150078608,22.733118727102507,0.0,0.0,0.059871,26.3,0.0,22.736329053744825,0.059871,0.059871,0.0,0.0,0.059871,0.0,0.0,0.0,0.059871,0.0,0.059871,0.0 
 07/21  05:13:00,21.5,28.77788704455573,22.729921284296267,28.77788704455573,0.0,9112.192090514664,22.729921284296267,0.0,0.0,0.059871,26.3,0.0,22.733118727102507,0.059871,0.059871,0.0,0.0,0.059871,0.0,0.0,0.0,0.059871,0.0,0.059871,0.0 
 07/21  05:14:00,21.5,28.78161892895032,22.726736719134575,28.78161892895032,0.0,9125.915737659025,22.726736719134575,0.0,0.0,0.059871,26.3,0.0,22.729921284296267,0.059871,0.059871,0.0,0.0,0.059871,0.0,0.0,0.0,0.059871,0.0,0.059871,0.0 
 07/21  05:15:00,21.5,28.78533059912165,22.723564972200375,28.78533059912165,0.0,9139.565048934983,22.723564972200375,0.0,0.0,0.059871,26.3,0.0,22.726736719134575,0.059871,0.059871,0.0,0.0,0.059871,0.0,0.0,0.0,0.059871,0.0,0.059871,0.0 
 07/21  05:16:00,21.5,28.78901990327318,22.720405978604447,28.78901990327318,0.0,9153.132111317,22.720405978604447,0.0,0.0,0.059871,26.3,0.0,22.723564972200375,0.059871,0.059871,0.0,0.0,0.059871,0.0,0.0,0.0,0.059871,0.0,0.059871,0.0 
 07/21  05:17:00,21.5,28.792689246095954,22.717259693182765,28.792689246095954,0.0,9166.625767825895,22.717259693182765,0.0,0.0,0.059871,26.3,0.0,22.720405978604447,0.059871,0.059871,0.0,0.0,0.059871,0.0,0.0,0.0,0.059871,0.0,0.059871,0.0 
 07/21  05:18:00,21.5,28.796336502472833,22.714126097984,28.796336502472833,0.0,9180.038203547083,22.714126097984,0.0,0.0,0.059871,26.3,0.0,22.717259693182765,0.059871,0.059871,0.0,0.0,0.059871,0.0,0.0,0.0,0.059871,0.0,0.059871,0.0 
 07/21  05:19:00,21.5,28.79996404648843,22.71100508930154,28.79996404648843,0.0,9193.378148949178,22.71100508930154,0.0,0.0,0.059871,26.3,0.0,22.714126097984,0.059871,0.059871,0.0,0.0,0.059871,0.0,0.0,0.0,0.059871,0.0,0.059871,0.0 
 07/21  05:20:00,21.5,28.803569779294467,22.707896661838163,28.803569779294467,0.0,9206.637885718796,22.707896661838163,0.0,0.0,0.059871,26.3,0.0,22.71100508930154,0.059871,0.059871,0.0,0.0,0.059871,0.0,0.0,0.0,0.059871,0.0,0.059871,0.0 
 07/21  05:21:00,21.5,28.80715604486115,22.704800759098966,28.80715604486115,0.0,9219.826033581712,22.704800759098966,0.0,0.0,0.059871,26.3,0.0,22.707896661838163,0.059871,0.059871,0.0,0.0,0.059871,0.0,0.0,0.0,0.059871,0.0,0.059871,0.0 
 07/21  05:22:00,21.5,28.81072077020731,22.701717317184244,28.81072077020731,0.0,9232.934969348393,22.701717317184244,0.0,0.0,0.059871,26.3,0.0,22.704800759098966,0.059871,0.059871,0.0,0.0,0.059871,0.0,0.0,0.0,0.059871,0.0,0.059871,0.0 
 07/21  05:23:00,21.5,28.814266269670114,22.69864629378414,28.814266269670114,0.0,9245.973203771891,22.69864629378414,0.0,0.0,0.059871,26.3,0.0,22.701717317184244,0.059871,0.059871,0.0,0.0,0.059871,0.0,0.0,0.0,0.059871,0.0,0.059871,0.0 
 07/21  05:24:00,21.5,28.817790495742194,22.695587671865585,28.817790495742194,0.0,9258.933207340157,22.695587671865585,0.0,0.0,0.059871,26.3,0.0,22.69864629378414,0.059871,0.059871,0.0,0.0,0.059871,0.0,0.0,0.0,0.059871,0.0,0.059871,0.0 
 07/21  05:25:00,21.5,28.821295733598586,22.692541350678308,28.821295733598586,0.0,9271.823383565325,22.692541350678308,0.0,0.0,0.059871,26.3,0.0,22.695587671865585,0.059871,0.059871,0.0,0.0,0.059871,0.0,0.0,0.0,0.059871,0.0,0.059871,0.0 
 07/21  05:26:00,21.5,28.824779960820695,22.68950732582371,28.824779960820695,0.0,9284.63629519687,22.68950732582371,0.0,0.0,0.059871,26.3,0.0,22.692541350678308,0.059871,0.059871,0.0,0.0,0.059871,0.0,0.0,0.0,0.059871,0.0,0.059871,0.0 
 07/21  05:27:00,21.5,28.828245433882213,22.686485543655998,28.828245433882213,0.0,9297.380240200513,22.686485543655998,0.0,0.0,0.059871,26.3,0.0,22.68950732582371,0.059871,0.059871,0.0,0.0,0.059871,0.0,0.0,0.0,0.059871,0.0,0.059871,0.0 
 07/21  05:28:00,21.5,28.831690155076306,22.683475941320708,28.831690155076306,0.0,9310.047872200852,22.683475941320708,0.0,0.0,0.059871,26.3,0.0,22.686485543655998,0.059871,0.059871,0.0,0.0,0.059871,0.0,0.0,0.0,0.059871,0.0,0.059871,0.0 
 07/21  05:29:00,21.5,28.83511635262617,22.680478479281135,28.83511635262617,0.0,9322.647385275119,22.680478479281135,0.0,0.0,0.059871,26.3,0.0,22.683475941320708,0.059871,0.059871,0.0,0.0,0.059871,0.0,0.0,0.0,0.059871,0.0,0.059871,0.0 
 07/21  05:30:00,21.5,28.83852205316761,22.67749314143899,28.83852205316761,0.0,9335.171522565606,22.67749314143899,0.0,0.0,0.059871,26.3,0.0,22.680478479281135,0.059871,0.059871,0.0,0.0,0.059871,0.0,0.0,0.0,0.059871,0.0,0.059871,0.0 
 07/21  05:31:00,21.5,28.841909457114486,22.674519829970542,28.841909457114486,0.0,9347.628375883414,22.674519829970542,0.0,0.0,0.059871,26.3,0.0,22.67749314143899,0.059871,0.059871,0.0,0.0,0.059871,0.0,0.0,0.0,0.059871,0.0,0.059871,0.0 
 07/21  05:32:00,21.5,28.84527661508371,22.67155854138281,28.84527661508371,0.0,9360.010776559047,22.67155854138281,0.0,0.0,0.059871,26.3,0.0,22.674519829970542,0.059871,0.059871,0.0,0.0,0.059871,0.0,0.0,0.0,0.059871,0.0,0.059871,0.0 
 07/21  05:33:00,21.5,28.84862570011167,22.66860922481236,28.84862570011167,0.0,9372.326715725567,22.66860922481236,0.0,0.0,0.059871,26.3,0.0,22.67155854138281,0.059871,0.059871,0.0,0.0,0.059871,0.0,0.0,0.0,0.059871,0.0,0.059871,0.0 
 07/21  05:34:00,21.5,28.851954786442253,22.665671818504638,28.851954786442253,0.0,9384.569111599434,22.665671818504638,0.0,0.0,0.059871,26.3,0.0,22.66860922481236,0.059871,0.059871,0.0,0.0,0.059871,0.0,0.0,0.0,0.059871,0.0,0.059871,0.0 
 07/21  05:35:00,21.5,28.855266020157046,22.662746285621758,28.855266020157046,0.0,9396.745856189988,22.662746285621758,0.0,0.0,0.059871,26.3,0.0,22.665671818504638,0.059871,0.059871,0.0,0.0,0.059871,0.0,0.0,0.0,0.059871,0.0,0.059871,0.0 
 07/21  05:36:00,21.5,28.858557498779987,22.659832611018256,28.858557498779987,0.0,9408.849953323857,22.659832611018256,0.0,0.0,0.059871,26.3,0.0,22.662746285621758,0.059871,0.059871,0.0,0.0,0.059871,0.0,0.0,0.0,0.059871,0.0,0.059871,0.0 
 07/21  05:37:00,21.5,28.861831341851644,22.65693069977046,28.861831341851644,0.0,9420.889197408314,22.65693069977046,0.0,0.0,0.059871,26.3,0.0,22.659832611018256,0.059871,0.059871,0.0,0.0,0.059871,0.0,0.0,0.0,0.059871,0.0,0.059871,0.0 
 07/21  05:38:00,21.5,28.86508566983618,22.654040549300106,28.86508566983618,0.0,9432.856676630494,22.654040549300106,0.0,0.0,0.059871,26.3,0.0,22.65693069977046,0.059871,0.059871,0.0,0.0,0.059871,0.0,0.0,0.0,0.059871,0.0,0.059871,0.0 
 07/21  05:39:00,21.5,28.868322576138187,22.65116211146529,28.868322576138187,0.0,9444.760089285122,22.65116211146529,0.0,0.0,0.059871,26.3,0.0,22.654040549300106,0.059871,0.059871,0.0,0.0,0.059871,0.0,0.0,0.0,0.059871,0.0,0.059871,0.0 
 07/21  05:40:00,21.5,28.87154020382896,22.64829532566508,28.87154020382896,0.0,9456.592606694867,22.64829532566508,0.0,0.0,0.059871,26.3,0.0,22.65116211146529,0.059871,0.059871,0.0,0.0,0.059871,0.0,0.0,0.0,0.059871,0.0,0.059871,0.0 
 07/21  05:41:00,21.5,28.874740620573775,22.64544015769282,28.874740620573775,0.0,9468.361832500581,22.64544015769282,0.0,0.0,0.059871,26.3,0.0,22.64829532566508,0.059871,0.059871,0.0,0.0,0.059871,0.0,0.0,0.0,0.059871,0.0,0.059871,0.0 
 07/21  05:42:00,21.5,28.877921991724648,22.642596593375657,28.877921991724648,0.0,9480.061019960194,22.642596593375657,0.0,0.0,0.059871,26.3,0.0,22.64544015769282,0.059871,0.059871,0.0,0.0,0.059871,0.0,0.0,0.0,0.059871,0.0,0.059871,0.0 
 07/21  05:43:00,21.5,28.881086359595983,22.639764540667656,28.881086359595983,0.0,9491.69767948912,22.639764540667656,0.0,0.0,0.059871,26.3,0.0,22.642596593375657,0.059871,0.059871,0.0,0.0,0.059871,0.0,0.0,0.0,0.059871,0.0,0.059871,0.0 
 07/21  05:44:00,21.5,28.8842319115006,22.63694399791747,28.8842319115006,0.0,9503.265145104036,22.63694399791747,0.0,0.0,0.059871,26.3,0.0,22.639764540667656,0.059871,0.059871,0.0,0.0,0.059871,0.0,0.0,0.0,0.059871,0.0,0.059871,0.0 
 07/21  05:45:00,21.5,28.88736066478239,22.634134919651515,28.88736066478239,0.0,9514.770835393734,22.634134919651515,0.0,0.0,0.059871,26.3,0.0,22.63694399791747,0.059871,0.059871,0.0,0.0,0.059871,0.0,0.0,0.0,0.059871,0.0,0.059871,0.0 
 07/21  05:46:00,21.5,28.890470828401362,22.631337246477674,28.890470828401362,0.0,9526.208163980318,22.631337246477674,0.0,0.0,0.059871,26.3,0.0,22.634134919651515,0.059871,0.059871,0.0,0.0,0.059871,0.0,0.0,0.0,0.059871,0.0,0.059871,0.0 
 07/21  05:47:00,21.5,28.89356439510347,22.628550946762623,28.89356439510347,0.0,9537.584458996007,22.628550946762623,0.0,0.0,0.059871,26.3,0.0,22.631337246477674,0.059871,0.059871,0.0,0.0,0.059871,0.0,0.0,0.0,0.059871,0.0,0.059871,0.0 
 07/21  05:48:00,21.5,28.896639595188457,22.62577600733127,28.896639595188457,0.0,9548.893212537754,22.62577600733127,0.0,0.0,0.059871,26.3,0.0,22.628550946762623,0.059871,0.059871,0.0,0.0,0.059871,0.0,0.0,0.0,0.059871,0.0,0.059871,0.0 
 07/21  05:49:00,21.5,28.89969839716938,22.62301233900147,28.89969839716938,0.0,9560.141663623632,22.62301233900147,0.0,0.0,0.059871,26.3,0.0,22.62577600733127,0.059871,0.059871,0.0,0.0,0.059871,0.0,0.0,0.0,0.059871,0.0,0.059871,0.0 
 07/21  05:50:00,21.5,28.902739052384273,22.620259941068287,28.902739052384273,0.0,9571.32338171688,22.620259941068287,0.0,0.0,0.059871,26.3,0.0,22.62301233900147,0.059871,0.059871,0.0,0.0,0.059871,0.0,0.0,0.0,0.059871,0.0,0.059871,0.0 
 07/21  05:51:00,21.5,28.905763505470823,22.61751877068479,28.905763505470823,0.0,9582.445518036184,22.61751877068479,0.0,0.0,0.059871,26.3,0.0,22.620259941068287,0.059871,0.059871,0.0,0.0,0.059871,0.0,0.0,0.0,0.059871,0.0,0.059871,0.0 
 07/21  05:52:00,21.5,28.908770028509636,22.61478876972804,28.908770028509636,0.0,9593.501718323614,22.61478876972804,0.0,0.0,0.059871,26.3,0.0,22.61751877068479,0.059871,0.059871,0.0,0.0,0.059871,0.0,0.0,0.0,0.059871,0.0,0.059871,0.0 
 07/21  05:53:00,21.5,28.911760542613447,22.61206990909246,28.911760542613447,0.0,9604.49904728709,22.61206990909246,0.0,0.0,0.059871,26.3,0.0,22.61478876972804,0.059871,0.059871,0.0,0.0,0.059871,0.0,0.0,0.0,0.059871,0.0,0.059871,0.0 
 07/21  05:54:00,21.5,28.914733340315426,22.609362176633088,28.914733340315426,0.0,9615.431225881011,22.609362176633088,0.0,0.0,0.059871,26.3,0.0,22.61206990909246,0.059871,0.059871,0.0,0.0,0.059871,0.0,0.0,0.0,0.059871,0.0,0.059871,0.0 
 07/21  05:55:00,21.5,28.91769031954666,22.606665486026888,28.91769031954666,0.0,9626.305233565057,22.606665486026888,0.0,0.0,0.059871,26.3,0.0,22.609362176633088,0.059871,0.059871,0.0,0.0,0.059871,0.0,0.0,0.0,0.059871,0.0,0.059871,0.0 
 07/21  05:56:00,21.5,28.92062979300837,22.603979837542145,28.92062979300837,0.0,9637.114865459665,22.603979837542145,0.0,0.0,0.059871,26.3,0.0,22.606665486026888,0.059871,0.059871,0.0,0.0,0.059871,0.0,0.0,0.0,0.059871,0.0,0.059871,0.0 
 07/21  05:57:00,21.5,28.923553635786465,22.601305190927945,28.923553635786465,0.0,9647.86701701355,22.601305190927945,0.0,0.0,0.059871,26.3,0.0,22.603979837542145,0.059871,0.059871,0.0,0.0,0.059871,0.0,0.0,0.0,0.059871,0.0,0.059871,0.0 
 07/21  05:58:00,21.5,28.92646018047109,22.598641489395483,28.92646018047109,0.0,9658.555556486781,22.598641489395483,0.0,0.0,0.059871,26.3,0.0,22.601305190927945,0.059871,0.059871,0.0,0.0,0.059871,0.0,0.0,0.0,0.059871,0.0,0.059871,0.0 
 07/21  05:59:00,21.5,28.929351279632794,22.595988706332953,28.929351279632794,0.0,9669.187296529999,22.595988706332953,0.0,0.0,0.059871,26.3,0.0,22.598641489395483,0.059871,0.059871,0.0,0.0,0.059871,0.0,0.0,0.0,0.059871,0.0,0.059871,0.0 
 07/21  06:00:00,21.5,28.932225285476736,22.59334683066491,28.932225285476736,0.0,9679.756177535623,22.59334683066491,0.0,0.0,0.059871,26.3,0.0,22.595988706332953,0.059871,0.059871,0.0,0.0,0.059871,0.0,0.0,0.0,0.059871,0.0,0.059871,0.0,49104000.0 
 07/21  06:01:00,21.5,28.935084028381414,22.590715778932903,28.935084028381414,0.0,9690.268930545102,22.590715778932903,0.0,0.0,0.059871,26.3,0.0,22.59334683066491,0.059871,0.059871,0.0,0.0,0.059871,0.0,0.0,0.0,0.059871,0.0,0.059871,0.0 
 07/21  06:02:00,21.5,28.937925879898202,22.588095552414057,28.937925879898202,0.0,9700.719567094744,22.588095552414057,0.0,0.0,0.059871,26.3,0.0,22.590715778932903,0.059871,0.059871,0.0,0.0,0.059871,0.0,0.0,0.0,0.059871,0.0,0.059871,0.0 
 07/21  06:03:00,21.5,28.940752648530566,22.585486113436442,28.940752648530566,0.0,9711.114737782655,22.585486113436442,0.0,0.0,0.059871,26.3,0.0,22.588095552414057,0.059871,0.059871,0.0,0.0,0.059871,0.0,0.0,0.0,0.059871,0.0,0.059871,0.0 
 07/21  06:04:00,21.5,28.943562724912248,22.58288740661865,28.943562724912248,0.0,9721.448524318712,22.58288740661865,0.0,0.0,0.059871,26.3,0.0,22.585486113436442,0.059871,0.059871,0.0,0.0,0.059871,0.0,0.0,0.0,0.059871,0.0,0.059871,0.0 
 07/21  06:05:00,21.5,28.946357895982523,22.580299407824732,28.946357895982523,0.0,9731.727498000815,22.580299407824732,0.0,0.0,0.059871,26.3,0.0,22.58288740661865,0.059871,0.059871,0.0,0.0,0.059871,0.0,0.0,0.0,0.059871,0.0,0.059871,0.0 
 07/21  06:06:00,21.5,28.949136571198533,22.57772210710142,28.949136571198533,0.0,9741.94580976004,22.57772210710142,0.0,0.0,0.059871,26.3,0.0,22.580299407824732,0.059871,0.059871,0.0,0.0,0.059871,0.0,0.0,0.0,0.059871,0.0,0.059871,0.0 
 07/21  06:07:00,21.5,28.951900516240197,22.57515542388453,28.951900516240197,0.0,9752.109952715076,22.57515542388453,0.0,0.0,0.059871,26.3,0.0,22.57772210710142,0.059871,0.059871,0.0,0.0,0.059871,0.0,0.0,0.0,0.059871,0.0,0.059871,0.0 
 07/21  06:08:00,21.5,28.9546481591338,22.572599360545528,28.9546481591338,0.0,9762.214146083224,22.572599360545528,0.0,0.0,0.059871,26.3,0.0,22.57515542388453,0.059871,0.059871,0.0,0.0,0.059871,0.0,0.0,0.0,0.059871,0.0,0.059871,0.0 
 07/21  06:09:00,21.5,28.957381244598963,22.570053882095824,28.957381244598963,0.0,9772.264805903696,22.570053882095824,0.0,0.0,0.059871,26.3,0.0,22.572599360545528,0.059871,0.059871,0.0,0.0,0.059871,0.0,0.0,0.0,0.059871,0.0,0.059871,0.0 
 07/21  06:10:00,21.5,28.960098218981837,22.567518934878695,28.960098218981837,0.0,9782.256218763356,22.567518934878695,0.0,0.0,0.059871,26.3,0.0,22.570053882095824,0.059871,0.059871,0.0,0.0,0.059871,0.0,0.0,0.0,0.059871,0.0,0.059871,0.0 
 07/21  06:11:00,21.5,28.9628008063351,22.56499449766784,28.9628008063351,0.0,9792.194724700661,22.56499449766784,0.0,0.0,0.059871,26.3,0.0,22.567518934878695,0.059871,0.059871,0.0,0.0,0.059871,0.0,0.0,0.0,0.059871,0.0,0.059871,0.0 
 07/21  06:12:00,21.5,28.96548747108264,22.56248056240144,28.96548747108264,0.0,9802.074676781695,22.56248056240144,0.0,0.0,0.059871,26.3,0.0,22.56499449766784,0.059871,0.059871,0.0,0.0,0.059871,0.0,0.0,0.0,0.059871,0.0,0.059871,0.0 
 07/21  06:13:00,21.5,28.96815991689931,22.5599770524593,28.96815991689931,0.0,9811.902340107386,22.5599770524593,0.0,0.0,0.059871,26.3,0.0,22.56248056240144,0.059871,0.059871,0.0,0.0,0.059871,0.0,0.0,0.0,0.059871,0.0,0.059871,0.0 
 07/21  06:14:00,21.5,28.97081662606068,22.557483972697018,28.97081662606068,0.0,9821.672133391643,22.557483972697018,0.0,0.0,0.059871,26.3,0.0,22.5599770524593,0.059871,0.059871,0.0,0.0,0.059871,0.0,0.0,0.0,0.059871,0.0,0.059871,0.0 
 07/21  06:15:00,21.5,28.97345928215199,22.55500129237286,28.97345928215199,0.0,9831.39024785778,22.55500129237286,0.0,0.0,0.059871,26.3,0.0,22.557483972697018,0.059871,0.059871,0.0,0.0,0.059871,0.0,0.0,0.0,0.059871,0.0,0.059871,0.0 
 07/21  06:16:00,21.5,28.97608638510711,22.552528961282867,28.97608638510711,0.0,9841.051167156424,22.552528961282867,0.0,0.0,0.059871,26.3,0.0,22.55500129237286,0.059871,0.059871,0.0,0.0,0.059871,0.0,0.0,0.0,0.059871,0.0,0.059871,0.0 
 07/21  06:17:00,21.5,28.978699598713423,22.550066962660626,28.978699598713423,0.0,9850.661009706186,22.550066962660626,0.0,0.0,0.059871,26.3,0.0,22.552528961282867,0.059871,0.059871,0.0,0.0,0.059871,0.0,0.0,0.0,0.059871,0.0,0.059871,0.0 
 07/21  06:18:00,21.5,28.981297440417343,22.547615291653123,28.981297440417343,0.0,9860.214323558366,22.547615291653123,0.0,0.0,0.059871,26.3,0.0,22.550066962660626,0.059871,0.059871,0.0,0.0,0.059871,0.0,0.0,0.0,0.059871,0.0,0.059871,0.0 
 07/21  06:19:00,21.5,28.983881554503085,22.545173876380805,28.983881554503085,0.0,9869.71715541053,22.545173876380805,0.0,0.0,0.059871,26.3,0.0,22.547615291653123,0.059871,0.059871,0.0,0.0,0.059871,0.0,0.0,0.0,0.059871,0.0,0.059871,0.0 
 07/21  06:20:00,21.5,28.986450475830637,22.54274272446942,28.986450475830637,0.0,9879.164117350752,22.54274272446942,0.0,0.0,0.059871,26.3,0.0,22.545173876380805,0.059871,0.059871,0.0,0.0,0.059871,0.0,0.0,0.0,0.059871,0.0,0.059871,0.0 
 07/21  06:21:00,21.5,28.98900582946889,22.54032180904598,28.98900582946889,0.0,9888.561185414095,22.54032180904598,0.0,0.0,0.059871,26.3,0.0,22.54274272446942,0.059871,0.059871,0.0,0.0,0.059871,0.0,0.0,0.0,0.059871,0.0,0.059871,0.0 
 07/21  06:22:00,21.5,28.991546167619212,22.5379110824908,28.991546167619212,0.0,9897.903035459858,22.5379110824908,0.0,0.0,0.059871,26.3,0.0,22.54032180904598,0.059871,0.059871,0.0,0.0,0.059871,0.0,0.0,0.0,0.059871,0.0,0.059871,0.0 
 07/21  06:23:00,21.5,28.994073096400953,22.535510531116547,28.994073096400953,0.0,9907.195573838017,22.535510531116547,0.0,0.0,0.059871,26.3,0.0,22.5379110824908,0.059871,0.059871,0.0,0.0,0.059871,0.0,0.0,0.0,0.059871,0.0,0.059871,0.0 
 07/21  06:24:00,21.5,28.99658518528197,22.53312015164431,28.99658518528197,0.0,9916.433539903728,22.53312015164431,0.0,0.0,0.059871,26.3,0.0,22.535510531116547,0.059871,0.059871,0.0,0.0,0.059871,0.0,0.0,0.0,0.059871,0.0,0.059871,0.0 
 07/21  06:25:00,21.5,28.999084021664082,22.530739875081927,28.999084021664082,0.0,9925.622771175025,22.530739875081927,0.0,0.0,0.059871,26.3,0.0,22.53312015164431,0.059871,0.059871,0.0,0.0,0.059871,0.0,0.0,0.0,0.059871,0.0,0.059871,0.0 
 07/21  06:26:00,21.5,29.001568192178414,22.528369709973987,29.001568192178414,0.0,9934.758070123344,22.528369709973987,0.0,0.0,0.059871,26.3,0.0,22.530739875081927,0.059871,0.059871,0.0,0.0,0.059871,0.0,0.0,0.0,0.059871,0.0,0.059871,0.0 
 07/21  06:27:00,21.5,29.004039265704492,22.52600963148968,29.004039265704492,0.0,9943.845206152768,22.52600963148968,0.0,0.0,0.059871,26.3,0.0,22.528369709973987,0.059871,0.059871,0.0,0.0,0.059871,0.0,0.0,0.0,0.059871,0.0,0.059871,0.0 
 07/21  06:28:00,21.5,29.006495845890857,22.523659592974038,29.006495845890857,0.0,9952.879044314632,22.523659592974038,0.0,0.0,0.059871,26.3,0.0,22.52600963148968,0.059871,0.059871,0.0,0.0,0.059871,0.0,0.0,0.0,0.059871,0.0,0.059871,0.0 
 07/21  06:29:00,21.5,29.008939483259233,22.52131958233328,29.008939483259233,0.0,9961.865286503966,22.52131958233328,0.0,0.0,0.059871,26.3,0.0,22.523659592974038,0.059871,0.059871,0.0,0.0,0.059871,0.0,0.0,0.0,0.059871,0.0,0.059871,0.0 
 07/21  06:30:00,21.5,29.011368798285034,22.5189895966549,29.011368798285034,0.0,9970.79885965134,22.5189895966549,0.0,0.0,0.059871,26.3,0.0,22.52131958233328,0.059871,0.059871,0.0,0.0,0.059871,0.0,0.0,0.0,0.059871,0.0,0.059871,0.0 
 07/21  06:31:00,21.5,29.01378532327752,22.51666956884506,29.01378532327752,0.0,9979.68539867719,22.51666956884506,0.0,0.0,0.059871,26.3,0.0,22.5189895966549,0.059871,0.059871,0.0,0.0,0.059871,0.0,0.0,0.0,0.059871,0.0,0.059871,0.0 
 07/21  06:32:00,21.5,29.016187695309906,22.51435950762297,29.016187695309906,0.0,9988.51989154888,22.51435950762297,0.0,0.0,0.059871,26.3,0.0,22.51666956884506,0.059871,0.059871,0.0,0.0,0.059871,0.0,0.0,0.0,0.059871,0.0,0.059871,0.0 
 07/21  06:33:00,21.5,29.01857742861788,22.51205938964978,29.01857742861788,0.0,9997.307906723026,22.51205938964978,0.0,0.0,0.059871,26.3,0.0,22.51435950762297,0.059871,0.059871,0.0,0.0,0.059871,0.0,0.0,0.0,0.059871,0.0,0.059871,0.0 
 07/21  06:34:00,21.5,29.02095317661546,22.50976916894996,29.02095317661546,0.0,10006.044492258734,22.50976916894996,0.0,0.0,0.059871,26.3,0.0,22.51205938964978,0.059871,0.059871,0.0,0.0,0.059871,0.0,0.0,0.0,0.059871,0.0,0.059871,0.0 
 07/21  06:35:00,21.5,29.023316435608166,22.50748883485348,29.023316435608166,0.0,10014.735150676148,22.50748883485348,0.0,0.0,0.059871,26.3,0.0,22.50976916894996,0.059871,0.059871,0.0,0.0,0.059871,0.0,0.0,0.0,0.059871,0.0,0.059871,0.0 
 07/21  06:36:00,21.5,29.025665875076925,22.505218384845495,29.025665875076925,0.0,10023.374989118907,22.505218384845495,0.0,0.0,0.059871,26.3,0.0,22.50748883485348,0.059871,0.059871,0.0,0.0,0.059871,0.0,0.0,0.0,0.059871,0.0,0.059871,0.0 
 07/21  06:37:00,21.5,29.02800297355247,22.502957753895746,29.02800297355247,0.0,10031.969444742062,22.502957753895746,0.0,0.0,0.059871,26.3,0.0,22.505218384845495,0.059871,0.059871,0.0,0.0,0.059871,0.0,0.0,0.0,0.059871,0.0,0.059871,0.0 
 07/21  06:38:00,21.5,29.030326416301573,22.5007069511744,29.030326416301573,0.0,10040.513682740184,22.5007069511744,0.0,0.0,0.059871,26.3,0.0,22.502957753895746,0.059871,0.059871,0.0,0.0,0.059871,0.0,0.0,0.0,0.059871,0.0,0.059871,0.0 
 07/21  06:39:00,21.5,29.032637664251578,22.49846595518618,29.032637664251578,0.0,10049.013075533534,22.49846595518618,0.0,0.0,0.059871,26.3,0.0,22.5007069511744,0.059871,0.059871,0.0,0.0,0.059871,0.0,0.0,0.0,0.059871,0.0,0.059871,0.0 
 07/21  06:40:00,21.5,29.034935418174317,22.496234721121336,29.034935418174317,0.0,10057.462845335085,22.496234721121336,0.0,0.0,0.059871,26.3,0.0,22.49846595518618,0.059871,0.059871,0.0,0.0,0.059871,0.0,0.0,0.0,0.059871,0.0,0.059871,0.0 
 07/21  06:41:00,21.5,29.037221121582373,22.49401324022073,29.037221121582373,0.0,10065.868300523976,22.49401324022073,0.0,0.0,0.059871,26.3,0.0,22.496234721121336,0.059871,0.059871,0.0,0.0,0.059871,0.0,0.0,0.0,0.059871,0.0,0.059871,0.0 
 07/21  06:42:00,21.5,29.039493490477227,22.491801510937528,29.039493490477227,0.0,10074.224719318736,22.491801510937528,0.0,0.0,0.059871,26.3,0.0,22.49401324022073,0.059871,0.059871,0.0,0.0,0.059871,0.0,0.0,0.0,0.059871,0.0,0.059871,0.0 
 07/21  06:43:00,21.5,29.041753951161464,22.489599470915696,29.041753951161464,0.0,10082.537346810404,22.489599470915696,0.0,0.0,0.059871,26.3,0.0,22.491801510937528,0.059871,0.059871,0.0,0.0,0.059871,0.0,0.0,0.0,0.059871,0.0,0.059871,0.0 
 07/21  06:44:00,21.5,29.044001234599477,22.487407130405714,29.044001234599477,0.0,10090.801516242182,22.487407130405714,0.0,0.0,0.059871,26.3,0.0,22.489599470915696,0.059871,0.059871,0.0,0.0,0.059871,0.0,0.0,0.0,0.059871,0.0,0.059871,0.0 
 07/21  06:45:00,21.5,29.046236750102466,22.4852244703888,29.046236750102466,0.0,10099.02241022091,22.4852244703888,0.0,0.0,0.059871,26.3,0.0,22.487407130405714,0.059871,0.059871,0.0,0.0,0.059871,0.0,0.0,0.0,0.059871,0.0,0.059871,0.0 
 07/21  06:46:00,21.5,29.048459243341277,22.48305144791709,29.048459243341277,0.0,10107.195416071358,22.48305144791709,0.0,0.0,0.059871,26.3,0.0,22.4852244703888,0.059871,0.059871,0.0,0.0,0.059871,0.0,0.0,0.0,0.059871,0.0,0.059871,0.0 
 07/21  06:47:00,21.5,29.05067010686524,22.480888056792814,29.05067010686524,0.0,10115.325654760218,22.480888056792814,0.0,0.0,0.059871,26.3,0.0,22.48305144791709,0.059871,0.059871,0.0,0.0,0.059871,0.0,0.0,0.0,0.059871,0.0,0.059871,0.0 
 07/21  06:48:00,21.5,29.052868100806204,22.478734297120905,29.052868100806204,0.0,10123.408566791204,22.478734297120905,0.0,0.0,0.059871,26.3,0.0,22.480888056792814,0.059871,0.059871,0.0,0.0,0.059871,0.0,0.0,0.0,0.059871,0.0,0.059871,0.0 
 07/21  06:49:00,21.5,29.05505460118891,22.476590109910337,29.05505460118891,0.0,10131.449212363395,22.476590109910337,0.0,0.0,0.059871,26.3,0.0,22.478734297120905,0.059871,0.059871,0.0,0.0,0.059871,0.0,0.0,0.0,0.059871,0.0,0.059871,0.0 
 07/21  06:50:00,21.5,29.057228382371587,22.474455507172685,29.057228382371587,0.0,10139.443084296669,22.474455507172685,0.0,0.0,0.059871,26.3,0.0,22.476590109910337,0.059871,0.059871,0.0,0.0,0.059871,0.0,0.0,0.0,0.059871,0.0,0.059871,0.0 
 07/21  06:51:00,21.5,29.059390804096672,22.47233047303285,29.059390804096672,0.0,10147.3951829135,22.47233047303285,0.0,0.0,0.059871,26.3,0.0,22.474455507172685,0.059871,0.059871,0.0,0.0,0.059871,0.0,0.0,0.0,0.059871,0.0,0.059871,0.0 
 07/21  06:52:00,21.5,29.061540654724684,22.47021496711315,29.061540654724684,0.0,10155.301052525832,22.47021496711315,0.0,0.0,0.059871,26.3,0.0,22.47233047303285,0.059871,0.059871,0.0,0.0,0.059871,0.0,0.0,0.0,0.059871,0.0,0.059871,0.0 
 07/21  06:53:00,21.5,29.06367927796011,22.46810898643795,29.06367927796011,0.0,10163.165634478133,22.46810898643795,0.0,0.0,0.059871,26.3,0.0,22.47021496711315,0.059871,0.059871,0.0,0.0,0.059871,0.0,0.0,0.0,0.059871,0.0,0.059871,0.0 
 07/21  06:54:00,21.5,29.06580547595128,22.466012533447326,29.06580547595128,0.0,10170.984523785686,22.466012533447326,0.0,0.0,0.059871,26.3,0.0,22.46810898643795,0.059871,0.059871,0.0,0.0,0.059871,0.0,0.0,0.0,0.059871,0.0,0.059871,0.0 
 07/21  06:55:00,21.5,29.067920576609293,22.463925553205776,29.067920576609293,0.0,10178.762603714276,22.463925553205776,0.0,0.0,0.059871,26.3,0.0,22.466012533447326,0.059871,0.059871,0.0,0.0,0.059871,0.0,0.0,0.0,0.059871,0.0,0.059871,0.0 
 07/21  06:56:00,21.5,29.070023395664762,22.461848060166652,29.070023395664762,0.0,10186.495519226764,22.461848060166652,0.0,0.0,0.059871,26.3,0.0,22.463925553205776,0.059871,0.059871,0.0,0.0,0.059871,0.0,0.0,0.0,0.059871,0.0,0.059871,0.0 
 07/21  06:57:00,21.5,29.07211524547827,22.459780042274115,29.07211524547827,0.0,10194.18809640338,22.459780042274115,0.0,0.0,0.059871,26.3,0.0,22.461848060166652,0.059871,0.059871,0.0,0.0,0.059871,0.0,0.0,0.0,0.059871,0.0,0.059871,0.0 
 07/21  06:58:00,21.5,29.07419495516535,22.457721462436634,29.07419495516535,0.0,10201.83602942875,22.457721462436634,0.0,0.0,0.059871,26.3,0.0,22.459780042274115,0.059871,0.059871,0.0,0.0,0.059871,0.0,0.0,0.0,0.059871,0.0,0.059871,0.0 
 07/21  06:59:00,21.5,29.07626382177573,22.455672321586533,29.07626382177573,0.0,10209.444088078893,22.455672321586533,0.0,0.0,0.059871,26.3,0.0,22.457721462436634,0.059871,0.059871,0.0,0.0,0.059871,0.0,0.0,0.0,0.059871,0.0,0.059871,0.0 
 07/21  07:00:00,21.5,29.078320687619865,22.453632625212485,29.078320687619865,0.0,10217.00801506151,22.453632625212485,0.0,0.0,0.059871,26.3,0.0,22.455672321586533,0.059871,0.059871,0.0,0.0,0.059871,0.0,0.0,0.0,0.059871,0.0,0.059871,0.0,49104000.0 
 07/21  07:01:00,21.5,29.080366834672247,22.45160232317185,29.080366834672247,0.0,10224.532524714901,22.45160232317185,0.0,0.0,0.059871,26.3,0.0,22.453632625212485,0.059871,0.059871,0.0,0.0,0.059871,0.0,0.0,0.0,0.059871,0.0,0.059871,0.0 
 07/21  07:02:00,21.5,29.082401118254932,22.449581433098487,29.082401118254932,0.0,10232.013407595627,22.449581433098487,0.0,0.0,0.059871,26.3,0.0,22.45160232317185,0.059871,0.059871,0.0,0.0,0.059871,0.0,0.0,0.0,0.059871,0.0,0.059871,0.0 
 07/21  07:03:00,21.5,29.08442480549797,22.447569947511713,29.08442480549797,0.0,10239.455323453007,22.447569947511713,0.0,0.0,0.059871,26.3,0.0,22.449581433098487,0.059871,0.059871,0.0,0.0,0.059871,0.0,0.0,0.0,0.059871,0.0,0.059871,0.0 
 07/21  07:04:00,21.5,29.086436764557696,22.445567833411587,29.086436764557696,0.0,10246.854110040458,22.445567833411587,0.0,0.0,0.059871,26.3,0.0,22.447569947511713,0.059871,0.059871,0.0,0.0,0.059871,0.0,0.0,0.0,0.059871,0.0,0.059871,0.0 
 07/21  07:05:00,21.5,29.088438247945177,22.443575096441965,29.088438247945177,0.0,10254.214373347371,22.443575096441965,0.0,0.0,0.059871,26.3,0.0,22.445567833411587,0.059871,0.059871,0.0,0.0,0.059871,0.0,0.0,0.0,0.059871,0.0,0.059871,0.0 
 07/21  07:06:00,21.5,29.09042813647936,22.441591745984088,29.09042813647936,0.0,10261.531997692691,22.441591745984088,0.0,0.0,0.059871,26.3,0.0,22.443575096441965,0.059871,0.059871,0.0,0.0,0.059871,0.0,0.0,0.0,0.059871,0.0,0.059871,0.0 
 07/21  07:07:00,21.5,29.092407668272063,22.439617737584374,29.092407668272063,0.0,10268.811536113939,22.439617737584374,0.0,0.0,0.059871,26.3,0.0,22.441591745984088,0.059871,0.059871,0.0,0.0,0.059871,0.0,0.0,0.0,0.059871,0.0,0.059871,0.0 
 07/21  07:08:00,21.5,29.09437573663803,22.437653092971757,29.09437573663803,0.0,10276.048918882192,22.437653092971757,0.0,0.0,0.059871,26.3,0.0,22.439617737584374,0.059871,0.059871,0.0,0.0,0.059871,0.0,0.0,0.0,0.059871,0.0,0.059871,0.0 
 07/21  07:09:00,21.5,29.096333565503876,22.435697810206047,29.096333565503876,0.0,10283.248646870261,22.435697810206047,0.0,0.0,0.059871,26.3,0.0,22.437653092971757,0.059871,0.059871,0.0,0.0,0.059871,0.0,0.0,0.0,0.059871,0.0,0.059871,0.0 
 07/21  07:10:00,21.5,29.09828006051809,22.433751861411018,29.09828006051809,0.0,10290.406695705342,22.433751861411018,0.0,0.0,0.059871,26.3,0.0,22.435697810206047,0.059871,0.059871,0.0,0.0,0.059871,0.0,0.0,0.0,0.059871,0.0,0.059871,0.0 
 07/21  07:11:00,21.5,29.10021643163029,22.43181525801253,29.10021643163029,0.0,10297.527514861185,22.43181525801253,0.0,0.0,0.059871,26.3,0.0,22.433751861411018,0.059871,0.059871,0.0,0.0,0.059871,0.0,0.0,0.0,0.059871,0.0,0.059871,0.0 
 07/21  07:12:00,21.5,29.10214159666478,22.429888014417397,29.10214159666478,0.0,10304.60712474041,22.429888014417397,0.0,0.0,0.059871,26.3,0.0,22.43181525801253,0.059871,0.059871,0.0,0.0,0.059871,0.0,0.0,0.0,0.059871,0.0,0.059871,0.0 
 07/21  07:13:00,21.5,29.10405675179664,22.427970093091723,29.10405675179664,0.0,10311.649924162197,22.427970093091723,0.0,0.0,0.059871,26.3,0.0,22.429888014417397,0.059871,0.059871,0.0,0.0,0.059871,0.0,0.0,0.0,0.059871,0.0,0.059871,0.0 
 07/21  07:14:00,21.5,29.10596082687196,22.426061521136894,29.10596082687196,0.0,10318.651977738127,22.426061521136894,0.0,0.0,0.059871,26.3,0.0,22.427970093091723,0.059871,0.059871,0.0,0.0,0.059871,0.0,0.0,0.0,0.059871,0.0,0.059871,0.0 
 07/21  07:15:00,21.5,29.107855004488204,22.424162303535695,29.107855004488204,0.0,10325.617634357008,22.424162303535695,0.0,0.0,0.059871,26.3,0.0,22.426061521136894,0.059871,0.059871,0.0,0.0,0.059871,0.0,0.0,0.0,0.059871,0.0,0.059871,0.0 
 07/21  07:16:00,21.5,29.109738226362936,22.42227241901939,29.109738226362936,0.0,10332.543002286642,22.42227241901939,0.0,0.0,0.059871,26.3,0.0,22.424162303535695,0.059871,0.059871,0.0,0.0,0.059871,0.0,0.0,0.0,0.059871,0.0,0.059871,0.0 
 07/21  07:17:00,21.5,29.111611661707308,22.420391886383317,29.111611661707308,0.0,10339.432381188954,22.420391886383317,0.0,0.0,0.059871,26.3,0.0,22.42227241901939,0.059871,0.059871,0.0,0.0,0.059871,0.0,0.0,0.0,0.059871,0.0,0.059871,0.0 
 07/21  07:18:00,21.5,29.11347426396331,22.418520726754455,29.11347426396331,0.0,10346.281922447193,22.418520726754455,0.0,0.0,0.059871,26.3,0.0,22.420391886383317,0.059871,0.059871,0.0,0.0,0.059871,0.0,0.0,0.0,0.059871,0.0,0.059871,0.0 
 07/21  07:19:00,21.5,29.115327189142054,22.416658911391167,29.115327189142054,0.0,10353.095877181382,22.416658911391167,0.0,0.0,0.059871,26.3,0.0,22.418520726754455,0.059871,0.059871,0.0,0.0,0.059871,0.0,0.0,0.0,0.059871,0.0,0.059871,0.0 
 07/21  07:20:00,21.5,29.117169402266196,22.414806474744122,29.117169402266196,0.0,10359.87043936158,22.414806474744122,0.0,0.0,0.059871,26.3,0.0,22.416658911391167,0.059871,0.059871,0.0,0.0,0.059871,0.0,0.0,0.0,0.059871,0.0,0.059871,0.0 
 07/21  07:21:00,21.5,29.11900204632785,22.412963430901243,29.11900204632785,0.0,10366.609812231713,22.412963430901243,0.0,0.0,0.059871,26.3,0.0,22.414806474744122,0.059871,0.059871,0.0,0.0,0.059871,0.0,0.0,0.0,0.059871,0.0,0.059871,0.0 
 07/21  07:22:00,21.5,29.120824097789498,22.411129767562652,29.120824097789498,0.0,10373.310231830674,22.411129767562652,0.0,0.0,0.059871,26.3,0.0,22.412963430901243,0.059871,0.059871,0.0,0.0,0.059871,0.0,0.0,0.0,0.059871,0.0,0.059871,0.0 
 07/21  07:23:00,21.5,29.122636686800597,22.40930551348442,29.122636686800597,0.0,10379.97585417474,22.40930551348442,0.0,0.0,0.059871,26.3,0.0,22.411129767562652,0.059871,0.059871,0.0,0.0,0.059871,0.0,0.0,0.0,0.059871,0.0,0.059871,0.0 
 07/21  07:24:00,21.5,29.12443880112538,22.40749069931703,29.12443880112538,0.0,10386.602956863935,22.40749069931703,0.0,0.0,0.059871,26.3,0.0,22.40930551348442,0.059871,0.059871,0.0,0.0,0.059871,0.0,0.0,0.0,0.059871,0.0,0.059871,0.0 
 07/21  07:25:00,21.5,29.126231558242402,22.40568530826051,29.126231558242402,0.0,10393.195649318523,22.40568530826051,0.0,0.0,0.059871,26.3,0.0,22.40749069931703,0.059871,0.059871,0.0,0.0,0.059871,0.0,0.0,0.0,0.059871,0.0,0.059871,0.0 
 07/21  07:26:00,21.5,29.128013957082295,22.40388938551076,29.128013957082295,0.0,10399.750250201841,22.40388938551076,0.0,0.0,0.059871,26.3,0.0,22.40568530826051,0.059871,0.059871,0.0,0.0,0.059871,0.0,0.0,0.0,0.059871,0.0,0.059871,0.0 
 07/21  07:27:00,21.5,29.12978710262006,22.402102958084264,29.12978710262006,0.0,10406.270822953553,22.402102958084264,0.0,0.0,0.059871,26.3,0.0,22.40388938551076,0.059871,0.059871,0.0,0.0,0.059871,0.0,0.0,0.0,0.059871,0.0,0.059871,0.0 
 07/21  07:28:00,21.5,29.131550004819804,22.40032602685799,29.131550004819804,0.0,10412.753726811556,22.40032602685799,0.0,0.0,0.059871,26.3,0.0,22.402102958084264,0.059871,0.059871,0.0,0.0,0.059871,0.0,0.0,0.0,0.059871,0.0,0.059871,0.0 
 07/21  07:29:00,21.5,29.133303756316206,22.398558635285887,29.133303756316206,0.0,10419.202979835163,22.398558635285887,0.0,0.0,0.059871,26.3,0.0,22.40032602685799,0.059871,0.059871,0.0,0.0,0.059871,0.0,0.0,0.0,0.059871,0.0,0.059871,0.0 
 07/21  07:30:00,21.5,29.13504737797639,22.39680082878476,29.13504737797639,0.0,10425.614981357063,22.39680082878476,0.0,0.0,0.059871,26.3,0.0,22.398558635285887,0.059871,0.059871,0.0,0.0,0.059871,0.0,0.0,0.0,0.059871,0.0,0.059871,0.0 
 07/21  07:31:00,21.5,29.136781950254004,22.395052608516348,29.136781950254004,0.0,10431.993704641973,22.395052608516348,0.0,0.0,0.059871,26.3,0.0,22.39680082878476,0.059871,0.059871,0.0,0.0,0.059871,0.0,0.0,0.0,0.059871,0.0,0.059871,0.0 
 07/21  07:32:00,21.5,29.138506504790907,22.393314037119506,29.138506504790907,0.0,10438.335588645674,22.393314037119506,0.0,0.0,0.059871,26.3,0.0,22.395052608516348,0.059871,0.059871,0.0,0.0,0.059871,0.0,0.0,0.0,0.059871,0.0,0.059871,0.0 
 07/21  07:33:00,21.5,29.140222110015266,22.391585162293286,29.140222110015266,0.0,10444.644562410307,22.391585162293286,0.0,0.0,0.059871,26.3,0.0,22.393314037119506,0.059871,0.059871,0.0,0.0,0.059871,0.0,0.0,0.0,0.059871,0.0,0.059871,0.0 
 07/21  07:34:00,21.5,29.14192780821764,22.389866006913245,29.14192780821764,0.0,10450.917104051241,22.389866006913245,0.0,0.0,0.059871,26.3,0.0,22.391585162293286,0.059871,0.059871,0.0,0.0,0.059871,0.0,0.0,0.0,0.059871,0.0,0.059871,0.0 
 07/21  07:35:00,21.5,29.14362465595276,22.388156639441284,29.14362465595276,0.0,10457.157098947177,22.388156639441284,0.0,0.0,0.059871,26.3,0.0,22.389866006913245,0.059871,0.059871,0.0,0.0,0.059871,0.0,0.0,0.0,0.059871,0.0,0.059871,0.0 
 07/21  07:36:00,21.5,29.14531170603584,22.386457131981814,29.14531170603584,0.0,10463.361063916906,22.386457131981814,0.0,0.0,0.059871,26.3,0.0,22.388156639441284,0.059871,0.059871,0.0,0.0,0.059871,0.0,0.0,0.0,0.059871,0.0,0.059871,0.0 
 07/21  07:37:00,21.5,29.14699000329683,22.384767517933028,29.14699000329683,0.0,10469.532841222368,22.384767517933028,0.0,0.0,0.059871,26.3,0.0,22.386457131981814,0.059871,0.059871,0.0,0.0,0.059871,0.0,0.0,0.0,0.059871,0.0,0.059871,0.0 
 07/21  07:38:00,21.5,29.148658610953603,22.383087894198532,29.148658610953603,0.0,10475.668985937133,22.383087894198532,0.0,0.0,0.059871,26.3,0.0,22.384767517933028,0.059871,0.059871,0.0,0.0,0.059871,0.0,0.0,0.0,0.059871,0.0,0.059871,0.0 
 07/21  07:39:00,21.5,29.150318562256825,22.381418349719116,29.150318562256825,0.0,10481.773297741453,22.381418349719116,0.0,0.0,0.059871,26.3,0.0,22.383087894198532,0.059871,0.059871,0.0,0.0,0.059871,0.0,0.0,0.0,0.059871,0.0,0.059871,0.0 
 07/21  07:40:00,21.5,29.15196893070693,22.379758954400877,29.15196893070693,0.0,10487.842369522,22.379758954400877,0.0,0.0,0.059871,26.3,0.0,22.381418349719116,0.059871,0.059871,0.0,0.0,0.059871,0.0,0.0,0.0,0.059871,0.0,0.059871,0.0 
 07/21  07:41:00,21.5,29.10757620984354,22.378109635709997,29.10757620984354,0.0,10324.592393774883,22.378109635709997,0.0,0.0,0.059871,26.3,0.0,22.379758954400877,0.059871,0.059871,0.0,0.0,0.059871,0.0,0.0,0.0,0.059871,0.0,0.059871,0.0 
 07/21  07:42:00,21.5,29.032204036394493,22.376470537715655,29.032204036394493,0.0,10047.418450654153,22.376470537715655,0.0,0.0,0.059871,26.3,0.0,22.378109635709997,0.059871,0.059871,0.0,0.0,0.059871,0.0,0.0,0.0,0.059871,0.0,0.059871,0.0 
 07/21  07:43:00,21.5,28.9587307129494,22.374841876456024,28.9587307129494,0.0,9777.22734641024,22.374841876456024,0.0,0.0,0.059871,26.3,0.0,22.376470537715655,0.059871,0.059871,0.0,0.0,0.059871,0.0,0.0,0.0,0.059871,0.0,0.059871,0.0 
 07/21  07:44:00,21.5,28.90214837037554,22.373223912870593,28.90214837037554,0.0,9569.1512052491,22.373223912870593,0.0,0.0,0.059871,26.3,0.0,22.374841876456024,0.059871,0.059871,0.0,0.0,0.059871,0.0,0.0,0.0,0.059871,0.0,0.059871,0.0 
 07/21  07:45:00,21.5,28.860747327436794,22.37161689947356,28.860747327436794,0.0,9416.902838305028,22.37161689947356,0.0,0.0,0.059871,26.3,0.0,22.373223912870593,0.059871,0.059871,0.0,0.0,0.059871,0.0,0.0,0.0,0.059871,0.0,0.059871,0.0 
 07/21  07:46:00,21.5,28.82819910137522,22.370021111676515,28.82819910137522,0.0,9297.209856847207,22.370021111676515,0.0,0.0,0.059871,26.3,0.0,22.37161689947356,0.059871,0.059871,0.0,0.0,0.059871,0.0,0.0,0.0,0.059871,0.0,0.059871,0.0 
 07/21  07:47:00,21.5,28.799487357872636,22.368436993290693,28.799487357872636,0.0,9191.62517225719,22.368436993290693,0.0,0.0,0.059871,26.3,0.0,22.370021111676515,0.059871,0.059871,0.0,0.0,0.059871,0.0,0.0,0.0,0.059871,0.0,0.059871,0.0 
 07/21  07:48:00,21.5,28.772580870271884,22.366865300278366,28.772580870271884,0.0,9092.67914320482,22.366865300278366,0.0,0.0,0.059871,26.3,0.0,22.368436993290693,0.059871,0.059871,0.0,0.0,0.059871,0.0,0.0,0.0,0.059871,0.0,0.059871,0.0 
 07/21  07:49:00,21.5,28.74686036229389,22.365304572943426,28.74686036229389,0.0,8998.094440534027,22.365304572943426,0.0,0.0,0.059871,26.3,0.0,22.366865300278366,0.059871,0.059871,0.0,0.0,0.059871,0.0,0.0,0.0,0.059871,0.0,0.059871,0.0 
 07/21  07:50:00,21.5,28.72232128664591,22.36375226970042,28.72232128664591,0.0,8907.854342011651,22.36375226970042,0.0,0.0,0.059871,26.3,0.0,22.365304572943426,0.059871,0.059871,0.0,0.0,0.059871,0.0,0.0,0.0,0.059871,0.0,0.059871,0.0 
 07/21  07:51:00,21.5,28.698812236022235,22.362206550901533,28.698812236022235,0.0,8821.402061783923,22.362206550901533,0.0,0.0,0.059871,26.3,0.0,22.36375226970042,0.059871,0.059871,0.0,0.0,0.059871,0.0,0.0,0.0,0.059871,0.0,0.059871,0.0 
 07/21  07:52:00,21.5,28.676205051482913,22.360666341592935,28.676205051482913,0.0,8738.266307633776,22.360666341592935,0.0,0.0,0.059871,26.3,0.0,22.362206550901533,0.059871,0.059871,0.0,0.0,0.059871,0.0,0.0,0.0,0.059871,0.0,0.059871,0.0 
 07/21  07:53:00,21.5,28.65427635979595,22.359131078530485,28.65427635979595,0.0,8657.625645911809,22.359131078530485,0.0,0.0,0.059871,26.3,0.0,22.360666341592935,0.059871,0.059871,0.0,0.0,0.059871,0.0,0.0,0.0,0.059871,0.0,0.059871,0.0 
 07/21  07:54:00,21.5,28.63292714184418,22.357600433730916,28.63292714184418,0.0,8579.115943306024,22.357600433730916,0.0,0.0,0.059871,26.3,0.0,22.359131078530485,0.059871,0.059871,0.0,0.0,0.059871,0.0,0.0,0.0,0.059871,0.0,0.059871,0.0 
 07/21  07:55:00,21.5,28.61203459870224,22.356074144191325,28.61203459870224,0.0,8502.285618539208,22.356074144191325,0.0,0.0,0.059871,26.3,0.0,22.357600433730916,0.059871,0.059871,0.0,0.0,0.059871,0.0,0.0,0.0,0.059871,0.0,0.059871,0.0 
 07/21  07:56:00,21.5,28.591574599677408,22.354552083522183,28.591574599677408,0.0,8427.045933301873,22.354552083522183,0.0,0.0,0.059871,26.3,0.0,22.356074144191325,0.059871,0.059871,0.0,0.0,0.059871,0.0,0.0,0.0,0.059871,0.0,0.059871,0.0 
 07/21  07:57:00,21.5,28.571478660768907,22.35303415975407,28.571478660768907,0.0,8353.145044245675,22.35303415975407,0.0,0.0,0.059871,26.3,0.0,22.354552083522183,0.059871,0.059871,0.0,0.0,0.059871,0.0,0.0,0.0,0.059871,0.0,0.059871,0.0 
 07/21  07:58:00,21.5,28.55174396955294,22.351520313411253,28.55174396955294,0.0,8280.57260895168,22.351520313411253,0.0,0.0,0.059871,26.3,0.0,22.35303415975407,0.059871,0.059871,0.0,0.0,0.059871,0.0,0.0,0.0,0.059871,0.0,0.059871,0.0 
 07/21  07:59:00,21.5,28.532319122832337,22.350010559635383,28.532319122832337,0.0,8209.13959708947,22.350010559635383,0.0,0.0,0.059871,26.3,0.0,22.351520313411253,0.059871,0.059871,0.0,0.0,0.059871,0.0,0.0,0.0,0.059871,0.0,0.059871,0.0 
 07/21  08:00:00,21.5,28.513207966277793,22.348504958914095,28.513207966277793,0.0,8138.86015074444,22.348504958914095,0.0,0.0,0.059871,26.3,0.0,22.350010559635383,0.059871,0.059871,0.0,0.0,0.059871,0.0,0.0,0.0,0.059871,0.0,0.059871,0.0,49104000.0 
 07/21  08:01:00,21.5,28.49436942831875,22.347003547997932,28.49436942831875,0.0,8069.583233152721,22.347003547997932,0.0,0.0,0.059871,26.3,0.0,22.348504958914095,0.059871,0.059871,0.0,0.0,0.059871,0.0,0.0,0.0,0.059871,0.0,0.059871,0.0 
 07/21  08:02:00,21.5,28.475811688527727,22.34550645510902,28.475811688527727,0.0,8001.338923908238,22.34550645510902,0.0,0.0,0.059871,26.3,0.0,22.347003547997932,0.059871,0.059871,0.0,0.0,0.059871,0.0,0.0,0.0,0.059871,0.0,0.059871,0.0 
 07/21  08:03:00,21.5,28.457500692452214,22.34401380138937,28.457500692452214,0.0,7934.001991026107,22.34401380138937,0.0,0.0,0.059871,26.3,0.0,22.34550645510902,0.059871,0.059871,0.0,0.0,0.059871,0.0,0.0,0.0,0.059871,0.0,0.059871,0.0 
 07/21  08:04:00,21.5,28.439446714219333,22.342525710958135,28.439446714219333,0.0,7867.610216624034,22.342525710958135,0.0,0.0,0.059871,26.3,0.0,22.34401380138937,0.059871,0.059871,0.0,0.0,0.059871,0.0,0.0,0.0,0.059871,0.0,0.059871,0.0 
 07/21  08:05:00,21.5,28.421620156279378,22.34104235111512,28.421620156279378,0.0,7802.054758549998,22.34104235111512,0.0,0.0,0.059871,26.3,0.0,22.342525710958135,0.059871,0.059871,0.0,0.0,0.059871,0.0,0.0,0.0,0.059871,0.0,0.059871,0.0 
 07/21  08:06:00,21.5,28.404032092252724,22.339563914986375,28.404032092252724,0.0,7737.376338981485,22.339563914986375,0.0,0.0,0.059871,26.3,0.0,22.34104235111512,0.059871,0.059871,0.0,0.0,0.059871,0.0,0.0,0.0,0.059871,0.0,0.059871,0.0 
 07/21  08:07:00,21.5,28.386656045983397,22.33809055281488,28.386656045983397,0.0,7673.477594392762,22.33809055281488,0.0,0.0,0.059871,26.3,0.0,22.339563914986375,0.059871,0.059871,0.0,0.0,0.059871,0.0,0.0,0.0,0.059871,0.0,0.059871,0.0 
 07/21  08:08:00,21.5,28.369503346639995,22.336622495222258,28.369503346639995,0.0,7610.4001867153875,22.336622495222258,0.0,0.0,0.059871,26.3,0.0,22.33809055281488,0.059871,0.059871,0.0,0.0,0.059871,0.0,0.0,0.0,0.059871,0.0,0.059871,0.0 
 07/21  08:09:00,21.5,28.352549899066467,22.33515995462251,28.352549899066467,0.0,7548.055508322614,22.33515995462251,0.0,0.0,0.059871,26.3,0.0,22.336622495222258,0.059871,0.059871,0.0,0.0,0.059871,0.0,0.0,0.0,0.059871,0.0,0.059871,0.0 
 07/21  08:10:00,21.5,28.335807013539004,22.33370314295995,28.335807013539004,0.0,7486.4851516709905,22.33370314295995,0.0,0.0,0.059871,26.3,0.0,22.33515995462251,0.059871,0.059871,0.0,0.0,0.059871,0.0,0.0,0.0,0.059871,0.0,0.059871,0.0 
 07/21  08:11:00,21.5,28.319252492293742,22.33225230987763,28.319252492293742,0.0,7425.607486611657,22.33225230987763,0.0,0.0,0.059871,26.3,0.0,22.33370314295995,0.059871,0.059871,0.0,0.0,0.059871,0.0,0.0,0.0,0.059871,0.0,0.059871,0.0 
 07/21  08:12:00,21.5,28.302897475997558,22.33080773239736,28.302897475997558,0.0,7365.463481879165,22.33080773239736,0.0,0.0,0.059871,26.3,0.0,22.33225230987763,0.059871,0.059871,0.0,0.0,0.059871,0.0,0.0,0.0,0.059871,0.0,0.059871,0.0 
 07/21  08:13:00,21.5,28.286721334199875,22.329369646088054,28.286721334199875,0.0,7305.977270969047,22.329369646088054,0.0,0.0,0.059871,26.3,0.0,22.33080773239736,0.059871,0.059871,0.0,0.0,0.059871,0.0,0.0,0.0,0.059871,0.0,0.059871,0.0 
 07/21  08:14:00,21.5,28.270734960060977,22.327938373375574,28.270734960060977,0.0,7247.18891243409,22.327938373375574,0.0,0.0,0.059871,26.3,0.0,22.329369646088054,0.059871,0.059871,0.0,0.0,0.059871,0.0,0.0,0.0,0.059871,0.0,0.059871,0.0 
 07/21  08:15:00,21.5,28.254919055631483,22.326514226235,28.254919055631483,0.0,7189.027439915221,22.326514226235,0.0,0.0,0.059871,26.3,0.0,22.327938373375574,0.059871,0.059871,0.0,0.0,0.059871,0.0,0.0,0.0,0.059871,0.0,0.059871,0.0 
 07/21  08:16:00,21.5,28.239284227863866,22.325097531088513,28.239284227863866,0.0,7131.531859463466,22.325097531088513,0.0,0.0,0.059871,26.3,0.0,22.326514226235,0.059871,0.059871,0.0,0.0,0.059871,0.0,0.0,0.0,0.059871,0.0,0.059871,0.0 
 07/21  08:17:00,21.5,28.223812335486798,22.323688668650494,28.223812335486798,0.0,7074.63545829241,22.323688668650494,0.0,0.0,0.059871,26.3,0.0,22.325097531088513,0.059871,0.059871,0.0,0.0,0.059871,0.0,0.0,0.0,0.059871,0.0,0.059871,0.0 
 07/21  08:18:00,21.5,28.20851368164798,22.32228807352303,28.20851368164798,0.0,7018.3761252401155,22.32228807352303,0.0,0.0,0.059871,26.3,0.0,22.323688668650494,0.059871,0.059871,0.0,0.0,0.059871,0.0,0.0,0.0,0.059871,0.0,0.059871,0.0 
 07/21  08:19:00,21.5,28.193371144934694,22.32089617329841,28.193371144934694,0.0,6962.690897952498,22.32089617329841,0.0,0.0,0.059871,26.3,0.0,22.32228807352303,0.059871,0.059871,0.0,0.0,0.059871,0.0,0.0,0.0,0.059871,0.0,0.059871,0.0 
 07/21  08:20:00,33.2,28.179259019618026,22.667138712678877,28.179259019618026,0.0,6910.7949098067,22.667138712678877,0.0,0.0,0.059871,26.3,0.0,22.32089617329841,0.059871,0.059871,0.0,0.0,0.059871,0.0,0.0,0.0,0.059871,0.0,0.059871,0.0 
 07/21  08:21:00,33.2,27.965839436298097,23.211561403134688,27.965839436298097,0.0,10575.124814324703,23.211561403134688,0.0,0.0,0.059871,25.1,0.0,22.667138712678877,0.059871,0.059871,0.0,0.0,0.059871,0.0,0.0,0.0,0.059871,0.0,0.059871,0.0 
 07/21  08:22:00,33.3,27.435546890307588,23.796818484896246,27.435546890307588,0.0,14959.719407776338,23.796818484896246,0.0,0.0,0.059871,23.4,0.0,23.211561403134688,0.059871,0.059871,0.0,0.0,0.059871,0.0,0.0,0.0,0.059871,0.0,0.059871,0.0 
 07/21  08:23:00,33.5,26.595096382712306,24.352259701812052,26.595096382712306,0.0,19703.44369930901,24.352259701812052,0.0,0.0,0.059871,21.3,0.0,23.796818484896246,0.059871,0.059871,0.0,0.0,0.059871,0.0,0.0,0.0,0.059871,0.0,0.059871,0.0 
 07/21  08:24:00,33.6,25.780369905161077,24.860299159628557,25.780369905161077,0.0,19697.413350937182,24.860299159628557,0.0,0.0,0.059871,20.5,0.0,24.352259701812052,0.059871,0.059871,0.0,0.0,0.059871,0.0,0.0,0.0,0.059871,0.0,0.059871,0.0 
 07/21  08:25:00,33.7,25.17214864075097,25.323785819822216,25.17214864075097,0.0,19694.521490475927,25.323785819822216,0.0,0.0,0.059871,19.9,0.0,24.860299159628557,0.059871,0.059871,0.0,0.0,0.059871,0.0,0.0,0.0,0.059871,0.0,0.059871,0.0 
 07/21  08:26:00,33.8,24.757372725248427,25.74925837150074,24.757372725248427,0.0,20028.534708998697,25.74925837150074,0.0,0.0,0.059871,19.4,0.0,25.323785819822216,0.059871,0.059871,0.0,0.0,0.059871,0.0,0.0,0.0,0.059871,0.0,0.059871,0.0 
 07/21  08:27:00,33.7,24.47630215521458,26.13589708641513,24.47630215521458,0.0,20109.97805516657,26.13589708641513,0.0,0.0,0.059871,19.1,0.0,25.74925837150074,0.059871,0.059871,0.0,0.0,0.059871,0.0,0.0,0.0,0.059871,0.0,0.059871,0.0 
 07/21  08:28:00,33.7,24.275976132572897,26.486631511610017,24.275976132572897,0.0,20115.4755832172,26.486631511610017,0.0,0.0,0.059871,18.9,0.0,26.13589708641513,0.059871,0.059871,0.0,0.0,0.059871,0.0,0.0,0.0,0.059871,0.0,0.059871,0.0 
 07/21  08:29:00,33.7,24.114165480333686,26.805001848893777,24.114165480333686,0.0,20262.329985351316,26.805001848893777,0.0,0.0,0.059871,18.7,0.0,26.486631511610017,0.059871,0.059871,0.0,0.0,0.059871,0.0,0.0,0.0,0.059871,0.0,0.059871,0.0 
 07/21  08:30:00,33.7,23.95062109857948,27.094111766190807,23.95062109857948,0.0,20778.156358025586,27.094111766190807,0.0,0.0,0.059871,18.4,0.0,26.805001848893777,0.059871,0.059871,0.0,0.0,0.059871,0.0,0.0,0.0,0.059871,0.0,0.059871,0.0 
 07/21  08:31:00,33.8,23.7897352877716,27.359544661473006,23.7897352877716,0.0,20921.996377779687,27.359544661473006,0.0,0.0,0.059871,18.2,0.0,27.094111766190807,0.059871,0.059871,0.0,0.0,0.059871,0.0,0.0,0.0,0.059871,0.0,0.059871,0.0 
 07/21  08:32:00,33.8,23.638263937009174,27.60237444605529,23.638263937009174,0.0,21096.17094775557,27.60237444605529,0.0,0.0,0.059871,18.0,0.0,27.359544661473006,0.059871,0.059871,0.0,0.0,0.059871,0.0,0.0,0.0,0.059871,0.0,0.059871,0.0 
 07/21  08:33:00,33.7,23.527450989940462,27.820451974467876,23.527450989940462,0.0,20674.722873590734,27.820451974467876,0.0,0.0,0.059871,18.0,0.0,27.60237444605529,0.059871,0.059871,0.0,0.0,0.059871,0.0,0.0,0.0,0.059871,0.0,0.059871,0.0 
 07/21  08:34:00,33.7,23.457145221668704,28.016471855908655,23.457145221668704,0.0,20406.85671362652,28.016471855908655,0.0,0.0,0.059871,18.0,0.0,27.820451974467876,0.059871,0.059871,0.0,0.0,0.059871,0.0,0.0,0.0,0.059871,0.0,0.059871,0.0 
 07/21  08:35:00,33.7,23.410099742308127,28.193549244440895,23.410099742308127,0.0,20227.86724797432,28.193549244440895,0.0,0.0,0.059871,18.0,0.0,28.016471855908655,0.059871,0.059871,0.0,0.0,0.059871,0.0,0.0,0.0,0.059871,0.0,0.059871,0.0 
 07/21  08:36:00,33.8,23.292091687124135,28.357013203060887,23.292091687124135,0.0,21653.912260870864,28.357013203060887,0.0,0.0,0.059871,17.5,0.0,28.193549244440895,0.059871,0.059871,0.0,0.0,0.059871,0.0,0.0,0.0,0.059871,0.0,0.059871,0.0 
 07/21  08:37:00,33.8,23.16581675732182,28.507309301582563,23.16581675732182,0.0,21176.486183107576,28.507309301582563,0.0,0.0,0.059871,17.5,0.0,28.357013203060887,0.059871,0.059871,0.0,0.0,0.059871,0.0,0.0,0.0,0.059871,0.0,0.059871,0.0 
 07/21  08:38:00,33.8,23.058343881378182,28.644475606074394,23.058343881378182,0.0,21142.884712579107,28.644475606074394,0.0,0.0,0.059871,17.4,0.0,28.507309301582563,0.059871,0.059871,0.0,0.0,0.059871,0.0,0.0,0.0,0.059871,0.0,0.059871,0.0 
 07/21  08:39:00,33.8,22.99927523547203,28.76913630379966,22.99927523547203,0.0,20543.851135667923,28.76913630379966,0.0,0.0,0.059871,17.5,0.0,28.644475606074394,0.059871,0.059871,0.0,0.0,0.059871,0.0,0.0,0.0,0.059871,0.0,0.059871,0.0 
 07/21  08:40:00,33.9,22.95087081284216,28.885255726743235,22.95087081284216,0.0,20734.02564682323,28.885255726743235,0.0,0.0,0.059871,17.4,0.0,28.76913630379966,0.059871,0.059871,0.0,0.0,0.059871,0.0,0.0,0.0,0.059871,0.0,0.059871,0.0 
 07/21  08:41:00,33.9,22.88902839790837,28.99265584709928,22.88902839790837,0.0,20874.438090322023,28.99265584709928,0.0,0.0,0.059871,17.3,0.0,28.885255726743235,0.059871,0.059871,0.0,0.0,0.059871,0.0,0.0,0.0,0.059871,0.0,0.059871,0.0 
 07/21  08:42:00,33.8,22.828322445964517,29.088046791912745,22.828322445964517,0.0,20645.04116428998,29.088046791912745,0.0,0.0,0.059871,17.3,0.0,28.99265584709928,0.059871,0.059871,0.0,0.0,0.059871,0.0,0.0,0.0,0.059871,0.0,0.059871,0.0 
 07/21  08:43:00,33.8,22.762255253203882,29.173074420666065,22.762255253203882,0.0,20769.13586755603,29.173074420666065,0.0,0.0,0.059871,17.2,0.0,29.088046791912745,0.059871,0.059871,0.0,0.0,0.059871,0.0,0.0,0.0,0.059871,0.0,0.059871,0.0 
 07/21  08:44:00,33.6,22.687947586344976,29.24395453997018,22.687947586344976,0.0,20862.210357293756,29.24395453997018,0.0,0.0,0.059871,17.1,0.0,29.173074420666065,0.059871,0.059871,0.0,0.0,0.059871,0.0,0.0,0.0,0.059871,0.0,0.059871,0.0 
 07/21  08:45:00,33.7,22.607698058737753,29.307714841038184,22.607698058737753,0.0,20932.733020451516,29.307714841038184,0.0,0.0,0.059871,17.0,0.0,29.24395453997018,0.059871,0.059871,0.0,0.0,0.059871,0.0,0.0,0.0,0.059871,0.0,0.059871,0.0 
 07/21  08:46:00,33.7,22.540708708743196,29.36669433362053,22.540708708743196,0.0,20679.256431386366,29.36669433362053,0.0,0.0,0.059871,17.0,0.0,29.307714841038184,0.059871,0.059871,0.0,0.0,0.059871,0.0,0.0,0.0,0.059871,0.0,0.059871,0.0 
 07/21  08:47:00,33.8,22.490968307260584,29.42429425295297,22.490968307260584,0.0,20490.799998540682,29.42429425295297,0.0,0.0,0.059871,17.0,0.0,29.36669433362053,0.059871,0.059871,0.0,0.0,0.059871,0.0,0.0,0.0,0.059871,0.0,0.059871,0.0 
 07/21  08:48:00,33.8,22.436455475016388,29.47929000993233,22.436455475016388,0.0,20658.446443697318,29.47929000993233,0.0,0.0,0.059871,16.9,0.0,29.42429425295297,0.059871,0.059871,0.0,0.0,0.059871,0.0,0.0,0.0,0.059871,0.0,0.059871,0.0 
 07/21  08:49:00,33.8,22.39999044624286,29.530501585371844,22.39999044624286,0.0,20147.01045100744,29.530501585371844,0.0,0.0,0.059871,17.0,0.0,29.47929000993233,0.059871,0.059871,0.0,0.0,0.059871,0.0,0.0,0.0,0.059871,0.0,0.059871,0.0 
 07/21  08:50:00,33.7,22.35732450055953,29.57467525304047,22.35732450055953,0.0,20359.411436540428,29.57467525304047,0.0,0.0,0.059871,16.9,0.0,29.530501585371844,0.059871,0.059871,0.0,0.0,0.059871,0.0,0.0,0.0,0.059871,0.0,0.059871,0.0 
 07/21  08:51:00,33.9,22.296790641531906,29.61928169717626,22.296790641531906,0.0,20504.872138012,29.61928169717626,0.0,0.0,0.059871,16.8,0.0,29.57467525304047,0.059871,0.059871,0.0,0.0,0.059871,0.0,0.0,0.0,0.059871,0.0,0.059871,0.0 
 07/21  08:52:00,33.8,22.206483507776696,29.660517137499316,22.206483507776696,0.0,20911.503734103175,29.660517137499316,0.0,0.0,0.059871,16.6,0.0,29.61928169717626,0.059871,0.059871,0.0,0.0,0.059871,0.0,0.0,0.0,0.059871,0.0,0.059871,0.0 
 07/21  08:53:00,33.7,22.13966486442507,29.694982358829737,22.13966486442507,0.0,20285.601335472802,29.694982358829737,0.0,0.0,0.059871,16.7,0.0,29.660517137499316,0.059871,0.059871,0.0,0.0,0.059871,0.0,0.0,0.0,0.059871,0.0,0.059871,0.0 
 07/21  08:54:00,33.7,22.114005538503854,29.724595892688008,22.114005538503854,0.0,19814.33786831444,29.724595892688008,0.0,0.0,0.059871,16.8,0.0,29.694982358829737,0.059871,0.059871,0.0,0.0,0.059871,0.0,0.0,0.0,0.059871,0.0,0.059871,0.0 
 07/21  08:55:00,33.8,22.08568705904637,29.75431618943419,22.08568705904637,0.0,20080.586349151366,29.75431618943419,0.0,0.0,0.059871,16.7,0.0,29.724595892688008,0.059871,0.059871,0.0,0.0,0.059871,0.0,0.0,0.0,0.059871,0.0,0.059871,0.0 
 07/21  08:56:00,33.7,22.049683225384495,29.780895469710387,22.049683225384495,0.0,19945.217782425683,29.780895469710387,0.0,0.0,0.059871,16.7,0.0,29.75431618943419,0.059871,0.059871,0.0,0.0,0.059871,0.0,0.0,0.0,0.059871,0.0,0.059871,0.0 
 07/21  08:57:00,33.8,22.027725310369327,29.807600019070108,22.027725310369327,0.0,19489.123432244884,29.807600019070108,0.0,0.0,0.059871,16.8,0.0,29.780895469710387,0.059871,0.059871,0.0,0.0,0.059871,0.0,0.0,0.0,0.059871,0.0,0.059871,0.0 
 07/21  08:58:00,33.8,21.994289394210416,29.833987130519578,21.994289394210416,0.0,19736.413908122482,29.833987130519578,0.0,0.0,0.059871,16.7,0.0,29.807600019070108,0.059871,0.059871,0.0,0.0,0.059871,0.0,0.0,0.0,0.059871,0.0,0.059871,0.0 
 07/21  08:59:00,33.8,22.14420906357031,29.8592544382356,22.14420906357031,0.0,15820.801401565277,29.8592544382356,0.0,0.0,0.059871,17.9,0.0,29.833987130519578,0.059871,0.059871,0.0,0.0,0.059871,0.0,0.0,0.0,0.059871,0.0,0.059871,0.0 
 07/21  09:00:00,33.8,22.241041999555918,29.883050154838845,22.241041999555918,0.0,18050.962419312724,29.883050154838845,0.0,0.0,0.059871,17.4,0.0,29.8592544382356,0.059871,0.059871,0.0,0.0,0.059871,0.0,0.0,0.0,0.059871,0.0,0.059871,0.0,49104000.0 
 07/21  09:01:00,33.7,22.186516502655643,29.902423049968483,22.186516502655643,0.0,19342.90421319292,29.902423049968483,0.0,0.0,0.059871,17.0,0.0,29.883050154838845,0.059871,0.059871,0.0,0.0,0.059871,0.0,0.0,0.0,0.059871,0.0,0.059871,0.0 
 07/21  09:02:00,33.8,22.04815961128524,29.921783477101204,22.04815961128524,0.0,19570.655346839296,29.921783477101204,0.0,0.0,0.059871,16.8,0.0,29.902423049968483,0.059871,0.059871,0.0,0.0,0.059871,0.0,0.0,0.0,0.059871,0.0,0.059871,0.0 
 07/21  09:03:00,33.7,21.927860878926477,29.938418493580453,21.927860878926477,0.0,19116.767730237156,29.938418493580453,0.0,0.0,0.059871,16.8,0.0,29.921783477101204,0.059871,0.059871,0.0,0.0,0.059871,0.0,0.0,0.0,0.059871,0.0,0.059871,0.0 
 07/21  09:04:00,33.7,21.840544628704418,29.95301777121104,21.840544628704418,0.0,19159.47792239062,29.95301777121104,0.0,0.0,0.059871,16.7,0.0,29.938418493580453,0.059871,0.059871,0.0,0.0,0.059871,0.0,0.0,0.0,0.059871,0.0,0.059871,0.0 
 07/21  09:05:00,33.8,21.784840493585325,29.969539211136166,21.784840493585325,0.0,18948.595952271604,29.969539211136166,0.0,0.0,0.059871,16.7,0.0,29.95301777121104,0.059871,0.059871,0.0,0.0,0.059871,0.0,0.0,0.0,0.059871,0.0,0.059871,0.0 
 07/21  09:06:00,33.8,21.74781908361918,29.98717795328257,21.74781908361918,0.0,18808.576480717787,29.98717795328257,0.0,0.0,0.059871,16.7,0.0,29.969539211136166,0.059871,0.059871,0.0,0.0,0.059871,0.0,0.0,0.0,0.059871,0.0,0.059871,0.0 
 07/21  09:07:00,33.8,21.717799408504852,30.0047129803436,21.717799408504852,0.0,18695.36367230336,30.0047129803436,0.0,0.0,0.059871,16.7,0.0,29.98717795328257,0.059871,0.059871,0.0,0.0,0.059871,0.0,0.0,0.0,0.059871,0.0,0.059871,0.0 
 07/21  09:08:00,33.8,21.704936083572864,30.021542464216566,21.704936083572864,0.0,18273.782782749335,30.021542464216566,0.0,0.0,0.059871,16.8,0.0,30.0047129803436,0.059871,0.059871,0.0,0.0,0.059871,0.0,0.0,0.0,0.059871,0.0,0.059871,0.0 
 07/21  09:09:00,33.8,21.67824877388069,30.037553899811805,21.67824877388069,0.0,18546.449476291942,30.037553899811805,0.0,0.0,0.059871,16.7,0.0,30.021542464216566,0.059871,0.059871,0.0,0.0,0.059871,0.0,0.0,0.0,0.059871,0.0,0.059871,0.0 
 07/21  09:10:00,33.9,21.643023012630902,30.055789717943195,21.643023012630902,0.0,18414.256368547085,30.055789717943195,0.0,0.0,0.059871,16.7,0.0,30.037553899811805,0.059871,0.059871,0.0,0.0,0.059871,0.0,0.0,0.0,0.059871,0.0,0.059871,0.0 
 07/21  09:11:00,33.9,21.608433312796056,30.075021850095776,21.608433312796056,0.0,18284.143673443446,30.075021850095776,0.0,0.0,0.059871,16.7,0.0,30.055789717943195,0.059871,0.059871,0.0,0.0,0.059871,0.0,0.0,0.0,0.059871,0.0,0.059871,0.0 
 07/21  09:12:00,33.9,21.562046935681195,30.0939265070116,21.562046935681195,0.0,18482.613007758766,30.0939265070116,0.0,0.0,0.059871,16.6,0.0,30.075021850095776,0.059871,0.059871,0.0,0.0,0.059871,0.0,0.0,0.0,0.059871,0.0,0.059871,0.0 
 07/21  09:13:00,33.9,21.532532466612857,30.111930856774343,21.532532466612857,0.0,17998.577137234242,30.111930856774343,0.0,0.0,0.059871,16.7,0.0,30.0939265070116,0.059871,0.059871,0.0,0.0,0.059871,0.0,0.0,0.0,0.059871,0.0,0.059871,0.0 
 07/21  09:14:00,34.1,21.51326390105306,30.134880061812055,21.51326390105306,0.0,17925.787136948475,30.134880061812055,0.0,0.0,0.059871,16.7,0.0,30.111930856774343,0.059871,0.059871,0.0,0.0,0.059871,0.0,0.0,0.0,0.059871,0.0,0.059871,0.0 
 07/21  09:15:00,34.0,21.49430809826553,30.15726911846242,21.49430809826553,0.0,17854.525442773345,30.15726911846242,0.0,0.0,0.059871,16.7,0.0,30.134880061812055,0.059871,0.059871,0.0,0.0,0.059871,0.0,0.0,0.0,0.059871,0.0,0.059871,0.0 
 07/21  09:16:00,33.8,21.472137349903992,30.171835620442018,21.472137349903992,0.0,17771.308081971114,30.171835620442018,0.0,0.0,0.059871,16.7,0.0,30.15726911846242,0.059871,0.059871,0.0,0.0,0.059871,0.0,0.0,0.0,0.059871,0.0,0.059871,0.0 
 07/21  09:17:00,33.8,21.447550389383824,30.18148479595474,21.447550389383824,0.0,17678.99022943141,30.18148479595474,0.0,0.0,0.059871,16.7,0.0,30.171835620442018,0.059871,0.059871,0.0,0.0,0.059871,0.0,0.0,0.0,0.059871,0.0,0.059871,0.0 
 07/21  09:18:00,33.7,21.42229961721036,30.18652995070743,21.42229961721036,0.0,17584.127512793093,30.18652995070743,0.0,0.0,0.059871,16.7,0.0,30.18148479595474,0.059871,0.059871,0.0,0.0,0.059871,0.0,0.0,0.0,0.059871,0.0,0.059871,0.0 
 07/21  09:19:00,33.7,21.413163685963156,30.189871385680622,21.413163685963156,0.0,17176.90987438469,30.189871385680622,0.0,0.0,0.059871,16.8,0.0,30.18652995070743,0.059871,0.059871,0.0,0.0,0.059871,0.0,0.0,0.0,0.059871,0.0,0.059871,0.0 
 07/21  09:20:00,33.6,21.54905857572063,30.190337357240942,21.54905857572063,0.0,14331.546607865024,30.190337357240942,0.0,0.0,0.059871,17.7,0.0,30.189871385680622,0.059871,0.059871,0.0,0.0,0.059871,0.0,0.0,0.0,0.059871,0.0,0.059871,0.0 
 07/21  09:21:00,33.7,21.856378780412037,30.19278809134403,21.856378780412037,0.0,11755.512719516122,30.19278809134403,0.0,0.0,0.059871,18.7,0.0,30.190337357240942,0.059871,0.059871,0.0,0.0,0.059871,0.0,0.0,0.0,0.059871,0.0,0.059871,0.0 
 07/21  09:22:00,33.8,21.86469356846715,30.200250245908137,21.86469356846715,0.0,17756.126120201374,30.200250245908137,0.0,0.0,0.059871,17.1,0.0,30.19278809134403,0.059871,0.059871,0.0,0.0,0.059871,0.0,0.0,0.0,0.059871,0.0,0.059871,0.0 
 07/21  09:23:00,33.7,21.70632929113033,30.207516174954996,21.70632929113033,0.0,17166.2464595063,30.207516174954996,0.0,0.0,0.059871,17.1,0.0,30.200250245908137,0.059871,0.059871,0.0,0.0,0.059871,0.0,0.0,0.0,0.059871,0.0,0.059871,0.0 
 07/21  09:24:00,33.8,21.53983004285644,30.21684216253202,21.53983004285644,0.0,16913.167952365555,30.21684216253202,0.0,0.0,0.059871,17.0,0.0,30.207516174954996,0.059871,0.059871,0.0,0.0,0.059871,0.0,0.0,0.0,0.059871,0.0,0.059871,0.0 
 07/21  09:25:00,33.8,21.438392569641824,30.227415079174776,21.438392569641824,0.0,16529.906979043608,30.227415079174776,0.0,0.0,0.059871,17.0,0.0,30.21684216253202,0.059871,0.059871,0.0,0.0,0.059871,0.0,0.0,0.0,0.059871,0.0,0.059871,0.0 
 07/21  09:26:00,34.0,21.39301392836636,30.244203459900906,21.39301392836636,0.0,16357.698722172641,30.244203459900906,0.0,0.0,0.059871,17.0,0.0,30.227415079174776,0.059871,0.059871,0.0,0.0,0.059871,0.0,0.0,0.0,0.059871,0.0,0.059871,0.0 
 07/21  09:27:00,34.0,21.356258820997184,30.264098380745487,21.356258820997184,0.0,16591.747407505616,30.264098380745487,0.0,0.0,0.059871,16.9,0.0,30.244203459900906,0.059871,0.059871,0.0,0.0,0.059871,0.0,0.0,0.0,0.059871,0.0,0.059871,0.0 
 07/21  09:28:00,34.1,21.320980979121078,30.287134178118297,21.320980979121078,0.0,16459.23839309663,30.287134178118297,0.0,0.0,0.059871,16.9,0.0,30.264098380745487,0.059871,0.059871,0.0,0.0,0.059871,0.0,0.0,0.0,0.059871,0.0,0.059871,0.0 
 07/21  09:29:00,34.1,21.289614214935536,30.31076074488335,21.289614214935536,0.0,16341.356322723637,30.31076074488335,0.0,0.0,0.059871,16.9,0.0,30.287134178118297,0.059871,0.059871,0.0,0.0,0.059871,0.0,0.0,0.0,0.059871,0.0,0.059871,0.0 
 07/21  09:30:00,34.1,21.24721672638558,30.333386486193852,21.24721672638558,0.0,16554.80233117279,30.333386486193852,0.0,0.0,0.059871,16.8,0.0,30.31076074488335,0.059871,0.059871,0.0,0.0,0.059871,0.0,0.0,0.0,0.059871,0.0,0.059871,0.0 
 07/21  09:31:00,34.1,21.206114187427087,30.354558539988957,21.206114187427087,0.0,16400.47116133122,30.354558539988957,0.0,0.0,0.059871,16.8,0.0,30.333386486193852,0.059871,0.059871,0.0,0.0,0.059871,0.0,0.0,0.0,0.059871,0.0,0.059871,0.0 
 07/21  09:32:00,34.1,21.173477878237957,30.37435504513565,21.173477878237957,0.0,16277.718513346672,30.37435504513565,0.0,0.0,0.059871,16.8,0.0,30.354558539988957,0.059871,0.059871,0.0,0.0,0.059871,0.0,0.0,0.0,0.059871,0.0,0.059871,0.0 
 07/21  09:33:00,34.1,21.148295925558596,30.39296510472974,21.148295925558596,0.0,16182.990099505401,30.39296510472974,0.0,0.0,0.059871,16.8,0.0,30.37435504513565,0.059871,0.059871,0.0,0.0,0.059871,0.0,0.0,0.0,0.059871,0.0,0.059871,0.0 
 07/21  09:34:00,34.1,21.11105294122144,30.410564037853575,21.11105294122144,0.0,16415.76797667069,30.410564037853575,0.0,0.0,0.059871,16.7,0.0,30.39296510472974,0.059871,0.059871,0.0,0.0,0.059871,0.0,0.0,0.0,0.059871,0.0,0.059871,0.0 
 07/21  09:35:00,33.9,21.08859114791104,30.42136281050145,21.08859114791104,0.0,15958.900143175124,30.42136281050145,0.0,0.0,0.059871,16.8,0.0,30.410564037853575,0.059871,0.059871,0.0,0.0,0.059871,0.0,0.0,0.0,0.059871,0.0,0.059871,0.0 
 07/21  09:36:00,34.0,21.0751588938184,30.43108859564317,21.0751588938184,0.0,15908.24000800244,30.43108859564317,0.0,0.0,0.059871,16.8,0.0,30.42136281050145,0.059871,0.059871,0.0,0.0,0.059871,0.0,0.0,0.0,0.059871,0.0,0.059871,0.0 
 07/21  09:37:00,34.0,21.061858670794038,30.441287287449185,21.061858670794038,0.0,15858.346473123998,30.441287287449185,0.0,0.0,0.059871,16.8,0.0,30.43108859564317,0.059871,0.059871,0.0,0.0,0.059871,0.0,0.0,0.0,0.059871,0.0,0.059871,0.0 
 07/21  09:38:00,34.0,21.045530113641913,30.45187688360501,21.045530113641913,0.0,15797.191581113835,30.45187688360501,0.0,0.0,0.059871,16.8,0.0,30.441287287449185,0.059871,0.059871,0.0,0.0,0.059871,0.0,0.0,0.0,0.059871,0.0,0.059871,0.0 
 07/21  09:39:00,34.1,21.026911767311212,30.46547468526895,21.026911767311212,0.0,15727.430397315075,30.46547468526895,0.0,0.0,0.059871,16.8,0.0,30.45187688360501,0.059871,0.059871,0.0,0.0,0.059871,0.0,0.0,0.0,0.059871,0.0,0.059871,0.0 
 07/21  09:40:00,34.2,20.991746328386302,30.483499882372634,20.991746328386302,0.0,15968.10590424895,30.483499882372634,0.0,0.0,0.059871,16.7,0.0,30.46547468526895,0.059871,0.059871,0.0,0.0,0.059871,0.0,0.0,0.0,0.059871,0.0,0.059871,0.0 
 07/21  09:41:00,34.2,20.954598163358323,30.503175222459724,20.954598163358323,0.0,15828.84349112097,30.503175222459724,0.0,0.0,0.059871,16.7,0.0,30.483499882372634,0.059871,0.059871,0.0,0.0,0.059871,0.0,0.0,0.0,0.059871,0.0,0.059871,0.0 
 07/21  09:42:00,34.2,20.924584067755124,30.522483930688914,20.924584067755124,0.0,15716.08291013466,30.522483930688914,0.0,0.0,0.059871,16.7,0.0,30.503175222459724,0.059871,0.059871,0.0,0.0,0.059871,0.0,0.0,0.0,0.059871,0.0,0.059871,0.0 
 07/21  09:43:00,34.2,20.901706288141533,30.540705676921704,20.901706288141533,0.0,15630.095221988095,30.540705676921704,0.0,0.0,0.059871,16.7,0.0,30.522483930688914,0.059871,0.059871,0.0,0.0,0.059871,0.0,0.0,0.0,0.059871,0.0,0.059871,0.0 
 07/21  09:44:00,34.2,20.866721888575686,30.557813273689476,20.866721888575686,0.0,15871.270059396848,30.557813273689476,0.0,0.0,0.059871,16.6,0.0,30.540705676921704,0.059871,0.059871,0.0,0.0,0.059871,0.0,0.0,0.0,0.059871,0.0,0.059871,0.0 
 07/21  09:45:00,34.0,20.830593423082835,30.568058242813883,20.830593423082835,0.0,15735.8518057109,30.568058242813883,0.0,0.0,0.059871,16.6,0.0,30.557813273689476,0.059871,0.059871,0.0,0.0,0.059871,0.0,0.0,0.0,0.059871,0.0,0.059871,0.0 
 07/21  09:46:00,34.0,20.80121730047653,30.57425838312165,20.80121730047653,0.0,15625.533830068965,30.57425838312165,0.0,0.0,0.059871,16.6,0.0,30.568058242813883,0.059871,0.059871,0.0,0.0,0.059871,0.0,0.0,0.0,0.059871,0.0,0.059871,0.0 
 07/21  09:47:00,34.0,20.778637502756997,30.579330576173657,20.778637502756997,0.0,15540.703566825381,30.579330576173657,0.0,0.0,0.059871,16.6,0.0,30.57425838312165,0.059871,0.059871,0.0,0.0,0.059871,0.0,0.0,0.0,0.059871,0.0,0.059871,0.0 
 07/21  09:48:00,34.0,20.759762443255603,30.58460875825558,20.759762443255603,0.0,15469.856566052818,30.58460875825558,0.0,0.0,0.059871,16.6,0.0,30.579330576173657,0.059871,0.059871,0.0,0.0,0.059871,0.0,0.0,0.0,0.059871,0.0,0.059871,0.0 
 07/21  09:49:00,34.0,20.74204363051298,30.59038169497835,20.74204363051298,0.0,15403.42196061121,30.59038169497835,0.0,0.0,0.059871,16.6,0.0,30.58460875825558,0.059871,0.059871,0.0,0.0,0.059871,0.0,0.0,0.0,0.059871,0.0,0.059871,0.0 
 07/21  09:50:00,34.0,20.724476905246625,30.596562223837235,20.724476905246625,0.0,15337.590993003732,30.596562223837235,0.0,0.0,0.059871,16.6,0.0,30.59038169497835,0.059871,0.059871,0.0,0.0,0.059871,0.0,0.0,0.0,0.059871,0.0,0.059871,0.0 
 07/21  09:51:00,34.0,20.706928142719928,30.603023365035096,20.706928142719928,0.0,15271.835907729124,30.603023365035096,0.0,0.0,0.059871,16.6,0.0,30.596562223837235,0.059871,0.059871,0.0,0.0,0.059871,0.0,0.0,0.0,0.059871,0.0,0.059871,0.0 
 07/21  09:52:00,34.0,20.68956825810556,30.609684965962153,20.68956825810556,0.0,15206.788378256633,30.609684965962153,0.0,0.0,0.059871,16.6,0.0,30.603023365035096,0.059871,0.059871,0.0,0.0,0.059871,0.0,0.0,0.0,0.059871,0.0,0.059871,0.0 
 07/21  09:53:00,34.0,20.672468362008974,30.616507826735763,20.672468362008974,0.0,15142.71756322692,30.616507826735763,0.0,0.0,0.059871,16.6,0.0,30.609684965962153,0.059871,0.059871,0.0,0.0,0.059871,0.0,0.0,0.0,0.059871,0.0,0.059871,0.0 
 07/21  09:54:00,34.0,20.655652134871318,30.62347060272313,20.655652134871318,0.0,15079.713293419227,30.62347060272313,0.0,0.0,0.059871,16.6,0.0,30.616507826735763,0.059871,0.059871,0.0,0.0,0.059871,0.0,0.0,0.0,0.059871,0.0,0.059871,0.0 
 07/21  09:55:00,34.0,20.63906413574173,30.63055801003069,20.63906413574173,0.0,15017.569851182207,30.63055801003069,0.0,0.0,0.059871,16.6,0.0,30.62347060272313,0.059871,0.059871,0.0,0.0,0.059871,0.0,0.0,0.0,0.059871,0.0,0.059871,0.0 
 07/21  09:56:00,34.0,20.622694845991855,30.63775521843467,20.622694845991855,0.0,14956.250117873045,30.63775521843467,0.0,0.0,0.059871,16.6,0.0,30.63055801003069,0.059871,0.059871,0.0,0.0,0.059871,0.0,0.0,0.0,0.059871,0.0,0.059871,0.0 
 07/21  09:57:00,34.0,20.60650899378989,30.64504847208884,20.60650899378989,0.0,14895.622521480636,30.64504847208884,0.0,0.0,0.059871,16.6,0.0,30.63775521843467,0.059871,0.059871,0.0,0.0,0.059871,0.0,0.0,0.0,0.059871,0.0,0.059871,0.0 
 07/21  09:58:00,34.0,20.59052094551575,30.65242443359307,20.59052094551575,0.0,14835.739379067945,30.65242443359307,0.0,0.0,0.059871,16.6,0.0,30.64504847208884,0.059871,0.059871,0.0,0.0,0.059871,0.0,0.0,0.0,0.059871,0.0,0.059871,0.0 
 07/21  09:59:00,34.0,20.574709010281108,30.659871521875363,20.574709010281108,0.0,14776.520294932128,30.659871521875363,0.0,0.0,0.059871,16.6,0.0,30.65242443359307,0.059871,0.059871,0.0,0.0,0.059871,0.0,0.0,0.0,0.059871,0.0,0.059871,0.0 
 07/21  10:00:00,34.0,20.55908968924957,30.667378902356596,20.55908968924957,0.0,14718.02585215226,30.667378902356596,0.0,0.0,0.059871,16.6,0.0,30.659871521875363,0.059871,0.059871,0.0,0.0,0.059871,0.0,0.0,0.0,0.059871,0.0,0.059871,0.0,49104000.0 
 07/21  10:01:00,34.0,20.5436410917415,30.674937363835355,20.5436410917415,0.0,14660.174999202918,30.674937363835355,0.0,0.0,0.059871,16.6,0.0,30.667378902356596,0.059871,0.059871,0.0,0.0,0.059871,0.0,0.0,0.0,0.059871,0.0,0.059871,0.0 
 07/21  10:02:00,34.0,20.528378270758928,30.6825382425878,20.528378270758928,0.0,14603.022971605242,30.6825382425878,0.0,0.0,0.059871,16.6,0.0,30.674937363835355,0.059871,0.059871,0.0,0.0,0.059871,0.0,0.0,0.0,0.059871,0.0,0.059871,0.0 
 07/21  10:03:00,34.0,20.51327995735453,30.69017422471328,20.51327995735453,0.0,14546.490960610408,30.69017422471328,0.0,0.0,0.059871,16.6,0.0,30.6825382425878,0.059871,0.059871,0.0,0.0,0.059871,0.0,0.0,0.0,0.059871,0.0,0.059871,0.0 
 07/21  10:04:00,34.0,20.498361118295076,30.69783830273102,20.498361118295076,0.0,14490.633967859216,30.69783830273102,0.0,0.0,0.059871,16.6,0.0,30.69017422471328,0.059871,0.059871,0.0,0.0,0.059871,0.0,0.0,0.0,0.059871,0.0,0.059871,0.0 
 07/21  10:05:00,34.0,20.483601531441938,30.705524646720836,20.483601531441938,0.0,14435.37703320595,30.705524646720836,0.0,0.0,0.059871,16.6,0.0,30.69783830273102,0.059871,0.059871,0.0,0.0,0.059871,0.0,0.0,0.0,0.059871,0.0,0.059871,0.0 
 07/21  10:06:00,34.0,20.46901595308105,30.713227600271367,20.46901595308105,0.0,14380.774384980909,30.713227600271367,0.0,0.0,0.059871,16.6,0.0,30.705524646720836,0.059871,0.059871,0.0,0.0,0.059871,0.0,0.0,0.0,0.059871,0.0,0.059871,0.0 
 07/21  10:07:00,34.0,20.45458488163035,30.72094248879934,20.45458488163035,0.0,14326.753824331357,30.72094248879934,0.0,0.0,0.059871,16.6,0.0,30.713227600271367,0.059871,0.059871,0.0,0.0,0.059871,0.0,0.0,0.0,0.059871,0.0,0.059871,0.0 
 07/21  10:08:00,34.0,20.440322686952143,30.72866473435642,20.440322686952143,0.0,14273.36812605177,30.72866473435642,0.0,0.0,0.059871,16.6,0.0,30.72094248879934,0.059871,0.059871,0.0,0.0,0.059871,0.0,0.0,0.0,0.059871,0.0,0.059871,0.0 
 07/21  10:09:00,34.0,20.42621048491018,30.736390632822243,20.42621048491018,0.0,14220.547367759655,30.736390632822243,0.0,0.0,0.059871,16.6,0.0,30.72866473435642,0.059871,0.059871,0.0,0.0,0.059871,0.0,0.0,0.0,0.059871,0.0,0.059871,0.0 
 07/21  10:10:00,34.0,20.4122622558353,30.744116439011197,20.4122622558353,0.0,14168.342933878517,30.744116439011197,0.0,0.0,0.059871,16.6,0.0,30.736390632822243,0.059871,0.059871,0.0,0.0,0.059871,0.0,0.0,0.0,0.059871,0.0,0.059871,0.0 
 07/21  10:11:00,34.0,20.398459702908603,30.75183921854377,20.398459702908603,0.0,14116.687041570745,30.75183921854377,0.0,0.0,0.059871,16.6,0.0,30.744116439011197,0.059871,0.059871,0.0,0.0,0.059871,0.0,0.0,0.0,0.059871,0.0,0.059871,0.0 
 07/21  10:12:00,34.0,20.384816422245358,30.759555940965285,20.384816422245358,0.0,14065.62967916283,30.759555940965285,0.0,0.0,0.059871,16.6,0.0,30.75183921854377,0.059871,0.059871,0.0,0.0,0.059871,0.0,0.0,0.0,0.059871,0.0,0.059871,0.0 
 07/21  10:13:00,34.0,20.371314669635204,30.767264256944976,20.371314669635204,0.0,14015.105147889844,30.767264256944976,0.0,0.0,0.059871,16.6,0.0,30.759555940965285,0.059871,0.059871,0.0,0.0,0.059871,0.0,0.0,0.0,0.059871,0.0,0.059871,0.0 
 07/21  10:14:00,34.0,20.357967658448384,30.774961701573105,20.357967658448384,0.0,13965.161995834505,30.774961701573105,0.0,0.0,0.059871,16.6,0.0,30.767264256944976,0.059871,0.059871,0.0,0.0,0.059871,0.0,0.0,0.0,0.059871,0.0,0.059871,0.0 
 07/21  10:15:00,34.0,20.344758170984377,30.7826464436166,20.344758170984377,0.0,13915.73651041429,30.7826464436166,0.0,0.0,0.059871,16.6,0.0,30.774961701573105,0.059871,0.059871,0.0,0.0,0.059871,0.0,0.0,0.0,0.059871,0.0,0.059871,0.0 
 07/21  10:16:00,34.0,20.331699044779935,30.790316440168322,20.331699044779935,0.0,13866.875849394955,30.790316440168322,0.0,0.0,0.059871,16.6,0.0,30.7826464436166,0.059871,0.059871,0.0,0.0,0.059871,0.0,0.0,0.0,0.059871,0.0,0.059871,0.0 
 07/21  10:17:00,34.0,20.31877357020005,30.79797026511618,20.31877357020005,0.0,13818.518145059283,30.79797026511618,0.0,0.0,0.059871,16.6,0.0,30.790316440168322,0.059871,0.059871,0.0,0.0,0.059871,0.0,0.0,0.0,0.059871,0.0,0.059871,0.0 
 07/21  10:18:00,34.0,20.30599421837021,30.805606261911677,20.30599421837021,0.0,13770.709271652417,30.805606261911677,0.0,0.0,0.059871,16.6,0.0,30.79797026511618,0.059871,0.059871,0.0,0.0,0.059871,0.0,0.0,0.0,0.059871,0.0,0.059871,0.0 
 07/21  10:19:00,34.0,20.293344766967166,30.813223298082505,20.293344766967166,0.0,13723.389152972682,30.813223298082505,0.0,0.0,0.059871,16.6,0.0,30.805606261911677,0.059871,0.059871,0.0,0.0,0.059871,0.0,0.0,0.0,0.059871,0.0,0.059871,0.0 
 07/21  10:20:00,34.0,20.280837332536482,30.820820017786236,20.280837332536482,0.0,13676.60232747371,30.820820017786236,0.0,0.0,0.059871,16.6,0.0,30.813223298082505,0.059871,0.059871,0.0,0.0,0.059871,0.0,0.0,0.0,0.059871,0.0,0.059871,0.0 
 07/21  10:21:00,34.0,20.26845616471486,30.828395571297982,20.26845616471486,0.0,13630.290500990413,30.828395571297982,0.0,0.0,0.059871,16.6,0.0,30.820820017786236,0.059871,0.059871,0.0,0.0,0.059871,0.0,0.0,0.0,0.059871,0.0,0.059871,0.0 
 07/21  10:22:00,34.0,20.256213035282027,30.835948814150104,20.256213035282027,0.0,13584.496936304691,30.835948814150104,0.0,0.0,0.059871,16.6,0.0,30.828395571297982,0.059871,0.059871,0.0,0.0,0.059871,0.0,0.0,0.0,0.059871,0.0,0.059871,0.0 
 07/21  10:23:00,34.0,20.244092649957356,30.843479112173927,20.244092649957356,0.0,13539.165037960935,30.843479112173927,0.0,0.0,0.059871,16.6,0.0,30.835948814150104,0.059871,0.059871,0.0,0.0,0.059871,0.0,0.0,0.0,0.059871,0.0,0.059871,0.0 
 07/21  10:24:00,34.0,20.23210644569194,30.850985535133262,20.23210644569194,0.0,13494.33685307929,30.850985535133262,0.0,0.0,0.059871,16.6,0.0,30.843479112173927,0.059871,0.059871,0.0,0.0,0.059871,0.0,0.0,0.0,0.059871,0.0,0.059871,0.0 
 07/21  10:25:00,34.0,20.220239569868063,30.858467592858403,20.220239569868063,0.0,13449.957407615639,30.858467592858403,0.0,0.0,0.059871,16.6,0.0,30.850985535133262,0.059871,0.059871,0.0,0.0,0.059871,0.0,0.0,0.0,0.059871,0.0,0.059871,0.0 
 07/21  10:26:00,34.0,20.20850313795399,30.865924517518486,20.20850313795399,0.0,13406.067536105093,30.865924517518486,0.0,0.0,0.059871,16.6,0.0,30.858467592858403,0.059871,0.059871,0.0,0.0,0.059871,0.0,0.0,0.0,0.059871,0.0,0.059871,0.0 
 07/21  10:27:00,34.0,20.196882724825496,30.87335597741547,20.196882724825496,0.0,13362.613902651461,30.87335597741547,0.0,0.0,0.059871,16.6,0.0,30.865924517518486,0.059871,0.059871,0.0,0.0,0.059871,0.0,0.0,0.0,0.059871,0.0,0.059871,0.0 
 07/21  10:28:00,34.0,20.185389132299452,30.880761308101953,20.185389132299452,0.0,13319.636181125225,30.880761308101953,0.0,0.0,0.059871,16.6,0.0,30.87335597741547,0.059871,0.059871,0.0,0.0,0.059871,0.0,0.0,0.0,0.059871,0.0,0.059871,0.0 
 07/21  10:29:00,34.0,20.17400835054106,30.888140293932913,20.17400835054106,0.0,13277.08253587905,30.888140293932913,0.0,0.0,0.059871,16.6,0.0,30.880761308101953,0.059871,0.059871,0.0,0.0,0.059871,0.0,0.0,0.0,0.059871,0.0,0.059871,0.0 
 07/21  10:30:00,34.0,20.162750879097317,30.895492393238243,20.162750879097317,0.0,13234.991568168089,30.895492393238243,0.0,0.0,0.059871,16.6,0.0,30.888140293932913,0.059871,0.059871,0.0,0.0,0.059871,0.0,0.0,0.0,0.059871,0.0,0.059871,0.0 
 07/21  10:31:00,34.0,20.151603108521417,30.90281745794184,20.151603108521417,0.0,13193.31293281537,30.90281745794184,0.0,0.0,0.059871,16.6,0.0,30.895492393238243,0.059871,0.059871,0.0,0.0,0.059871,0.0,0.0,0.0,0.059871,0.0,0.059871,0.0 
 07/21  10:32:00,34.0,20.140575245511997,30.910115035995762,20.140575245511997,0.0,13152.08414716788,30.910115035995762,0.0,0.0,0.059871,16.6,0.0,30.90281745794184,0.059871,0.059871,0.0,0.0,0.059871,0.0,0.0,0.0,0.059871,0.0,0.059871,0.0 
 07/21  10:33:00,34.0,20.129654070767845,30.917385071123373,20.129654070767845,0.0,13111.256273387593,30.917385071123373,0.0,0.0,0.059871,16.6,0.0,30.910115035995762,0.059871,0.059871,0.0,0.0,0.059871,0.0,0.0,0.0,0.059871,0.0,0.059871,0.0 
 07/21  10:34:00,34.0,20.118849507879126,30.924627159890253,20.118849507879126,0.0,13070.865848507583,30.924627159890253,0.0,0.0,0.059871,16.6,0.0,30.917385071123373,0.059871,0.059871,0.0,0.0,0.059871,0.0,0.0,0.0,0.059871,0.0,0.059871,0.0 
 07/21  10:35:00,34.0,20.10814871385722,30.931841309340108,20.10814871385722,0.0,13030.865290806956,30.931841309340108,0.0,0.0,0.059871,16.6,0.0,30.924627159890253,0.059871,0.059871,0.0,0.0,0.059871,0.0,0.0,0.0,0.059871,0.0,0.059871,0.0 
 07/21  10:36:00,34.0,20.09756133912163,30.93902718932192,20.09756133912163,0.0,12991.290148270291,30.93902718932192,0.0,0.0,0.059871,16.6,0.0,30.931841309340108,0.059871,0.059871,0.0,0.0,0.059871,0.0,0.0,0.0,0.059871,0.0,0.059871,0.0 
 07/21  10:37:00,34.0,20.08707490457185,30.94618483604516,20.08707490457185,0.0,12952.094193975387,30.94618483604516,0.0,0.0,0.059871,16.6,0.0,30.93902718932192,0.059871,0.059871,0.0,0.0,0.059871,0.0,0.0,0.0,0.059871,0.0,0.059871,0.0 
 07/21  10:38:00,34.0,20.07669879744734,30.953313970294197,20.07669879744734,0.0,12913.311979322243,30.953313970294197,0.0,0.0,0.059871,16.6,0.0,30.94618483604516,0.059871,0.059871,0.0,0.0,0.059871,0.0,0.0,0.0,0.059871,0.0,0.059871,0.0 
 07/21  10:39:00,34.0,20.06642089034954,30.960414683420336,20.06642089034954,0.0,12874.898630788684,30.960414683420336,0.0,0.0,0.059871,16.6,0.0,30.953313970294197,0.059871,0.059871,0.0,0.0,0.059871,0.0,0.0,0.0,0.059871,0.0,0.059871,0.0 
 07/21  10:40:00,34.0,20.056250314921652,30.967486717727137,20.056250314921652,0.0,12836.887731380863,30.967486717727137,0.0,0.0,0.059871,16.6,0.0,30.960414683420336,0.059871,0.059871,0.0,0.0,0.059871,0.0,0.0,0.0,0.059871,0.0,0.059871,0.0 
 07/21  10:41:00,34.0,20.046175286027093,30.9745301995348,20.046175286027093,0.0,12799.235659509071,30.9745301995348,0.0,0.0,0.059871,16.6,0.0,30.967486717727137,0.059871,0.059871,0.0,0.0,0.059871,0.0,0.0,0.0,0.059871,0.0,0.059871,0.0 
 07/21  10:42:00,34.0,20.036204688170553,30.981544916837443,20.036204688170553,0.0,12761.97512701838,30.981544916837443,0.0,0.0,0.059871,16.6,0.0,30.9745301995348,0.059871,0.059871,0.0,0.0,0.059871,0.0,0.0,0.0,0.059871,0.0,0.059871,0.0 
 07/21  10:43:00,34.0,20.02632706618892,30.988531006503397,20.02632706618892,0.0,12725.063718483958,30.988531006503397,0.0,0.0,0.059871,16.6,0.0,30.981544916837443,0.059871,0.059871,0.0,0.0,0.059871,0.0,0.0,0.0,0.059871,0.0,0.059871,0.0 
 07/21  10:44:00,34.0,20.01655106721355,30.995488286569426,20.01655106721355,0.0,12688.533245313347,30.995488286569426,0.0,0.0,0.059871,16.6,0.0,30.988531006503397,0.059871,0.059871,0.0,0.0,0.059871,0.0,0.0,0.0,0.059871,0.0,0.059871,0.0 
 07/21  10:45:00,34.0,20.0068655542426,31.002416928091407,20.0068655542426,0.0,12652.342540849182,31.002416928091407,0.0,0.0,0.059871,16.6,0.0,30.995488286569426,0.059871,0.059871,0.0,0.0,0.059871,0.0,0.0,0.0,0.059871,0.0,0.059871,0.0 
 07/21  10:46:00,34.0,19.99727894344712,31.009316757925582,19.99727894344712,0.0,12616.522518274836,31.009316757925582,0.0,0.0,0.059871,16.6,0.0,31.002416928091407,0.059871,0.059871,0.0,0.0,0.059871,0.0,0.0,0.0,0.059871,0.0,0.059871,0.0 
 07/21  10:47:00,34.0,19.98778040941844,31.016187966500826,19.98778040941844,0.0,12581.03312735534,31.016187966500826,0.0,0.0,0.059871,16.6,0.0,31.009316757925582,0.059871,0.059871,0.0,0.0,0.059871,0.0,0.0,0.0,0.059871,0.0,0.059871,0.0 
 07/21  10:48:00,34.0,19.978378144532694,31.02303041025058,19.978378144532694,0.0,12545.904538642466,31.02303041025058,0.0,0.0,0.059871,16.6,0.0,31.016187966500826,0.059871,0.059871,0.0,0.0,0.059871,0.0,0.0,0.0,0.059871,0.0,0.059871,0.0 
 07/21  10:49:00,34.0,19.96906162108627,31.029844281828396,19.96906162108627,0.0,12511.097787914014,31.029844281828396,0.0,0.0,0.059871,16.6,0.0,31.02303041025058,0.059871,0.059871,0.0,0.0,0.059871,0.0,0.0,0.0,0.059871,0.0,0.059871,0.0 
 07/21  10:50:00,34.0,19.959838815948356,31.036629456133905,19.959838815948356,0.0,12476.642226424638,31.036629456133905,0.0,0.0,0.059871,16.6,0.0,31.029844281828396,0.059871,0.059871,0.0,0.0,0.059871,0.0,0.0,0.0,0.059871,0.0,0.059871,0.0 
 07/21  10:51:00,34.0,19.950699491742405,31.04338614732469,19.950699491742405,0.0,12442.499970171857,31.04338614732469,0.0,0.0,0.059871,16.6,0.0,31.036629456133905,0.059871,0.059871,0.0,0.0,0.059871,0.0,0.0,0.0,0.059871,0.0,0.059871,0.0 
 07/21  10:52:00,34.0,19.94165141673632,31.050114233894295,19.94165141673632,0.0,12408.69961917942,31.050114233894295,0.0,0.0,0.059871,16.6,0.0,31.04338614732469,0.059871,0.059871,0.0,0.0,0.059871,0.0,0.0,0.0,0.059871,0.0,0.059871,0.0 
 07/21  10:53:00,34.0,19.932684633008826,31.056813940489494,19.932684633008826,0.0,12375.204328932705,31.056813940489494,0.0,0.0,0.059871,16.6,0.0,31.050114233894295,0.059871,0.059871,0.0,0.0,0.059871,0.0,0.0,0.0,0.059871,0.0,0.059871,0.0 
 07/21  10:54:00,34.0,19.92380670850767,31.06348516513205,19.92380670850767,0.0,12342.041915897116,31.06348516513205,0.0,0.0,0.059871,16.6,0.0,31.056813940489494,0.059871,0.059871,0.0,0.0,0.059871,0.0,0.0,0.0,0.059871,0.0,0.059871,0.0 
 07/21  10:55:00,34.0,19.91500795634502,31.070128131718004,19.91500795634502,0.0,12309.176585610176,31.070128131718004,0.0,0.0,0.059871,16.6,0.0,31.06348516513205,0.059871,0.059871,0.0,0.0,0.059871,0.0,0.0,0.0,0.059871,0.0,0.059871,0.0 
 07/21  10:56:00,34.0,19.906325482669324,31.0767416823596,19.906325482669324,0.0,12276.745856003821,31.0767416823596,0.0,0.0,0.059871,16.6,0.0,31.070128131718004,0.059871,0.059871,0.0,0.0,0.059871,0.0,0.0,0.0,0.059871,0.0,0.059871,0.0 
 07/21  10:57:00,34.0,19.897734411709763,31.083326086288867,19.897734411709763,0.0,12244.658130696422,31.083326086288867,0.0,0.0,0.059871,16.6,0.0,31.0767416823596,0.059871,0.059871,0.0,0.0,0.059871,0.0,0.0,0.0,0.059871,0.0,0.059871,0.0 
 07/21  10:58:00,34.0,19.88922299685079,31.089881752286146,19.88922299685079,0.0,12212.869198528555,31.089881752286146,0.0,0.0,0.059871,16.6,0.0,31.083326086288867,0.059871,0.059871,0.0,0.0,0.059871,0.0,0.0,0.0,0.059871,0.0,0.059871,0.0 
 07/21  10:59:00,34.0,19.88077946743525,31.09640921233108,19.88077946743525,0.0,12181.335097554738,31.09640921233108,0.0,0.0,0.059871,16.6,0.0,31.089881752286146,0.059871,0.059871,0.0,0.0,0.059871,0.0,0.0,0.0,0.059871,0.0,0.059871,0.0 
 07/21  11:00:00,34.0,19.872412207125834,31.102908534903463,19.872412207125834,0.0,12150.086681711673,31.102908534903463,0.0,0.0,0.059871,16.6,0.0,31.09640921233108,0.059871,0.059871,0.0,0.0,0.059871,0.0,0.0,0.0,0.059871,0.0,0.059871,0.0,49104000.0 
 07/21  11:01:00,34.0,19.864114801965375,31.109380020637765,19.864114801965375,0.0,12119.100253105993,31.109380020637765,0.0,0.0,0.059871,16.6,0.0,31.102908534903463,0.059871,0.059871,0.0,0.0,0.059871,0.0,0.0,0.0,0.059871,0.0,0.059871,0.0 
 07/21  11:02:00,34.0,19.855894905033402,31.115823641040482,19.855894905033402,0.0,12088.404097331268,31.115823641040482,0.0,0.0,0.059871,16.6,0.0,31.109380020637765,0.059871,0.059871,0.0,0.0,0.059871,0.0,0.0,0.0,0.059871,0.0,0.059871,0.0 
 07/21  11:03:00,34.0,19.847744701024375,31.122239667596883,19.847744701024375,0.0,12057.96929319196,31.122239667596883,0.0,0.0,0.059871,16.6,0.0,31.115823641040482,0.059871,0.059871,0.0,0.0,0.059871,0.0,0.0,0.0,0.059871,0.0,0.059871,0.0 
 07/21  11:04:00,34.0,19.839670845746145,31.128628055432046,19.839670845746145,0.0,12027.820403673664,31.128628055432046,0.0,0.0,0.059871,16.6,0.0,31.122239667596883,0.059871,0.059871,0.0,0.0,0.059871,0.0,0.0,0.0,0.059871,0.0,0.059871,0.0 
 07/21  11:05:00,34.0,19.831665433811516,31.13498906732443,19.831665433811516,0.0,11997.928173978195,31.13498906732443,0.0,0.0,0.059871,16.6,0.0,31.128628055432046,0.059871,0.059871,0.0,0.0,0.059871,0.0,0.0,0.0,0.059871,0.0,0.059871,0.0 
 07/21  11:06:00,34.0,19.823734922773816,31.141322658051067,19.823734922773816,0.0,11968.31639157217,31.141322658051067,0.0,0.0,0.059871,16.6,0.0,31.13498906732443,0.059871,0.059871,0.0,0.0,0.059871,0.0,0.0,0.0,0.059871,0.0,0.059871,0.0 
 07/21  11:07:00,34.0,19.815871543854264,31.14762908262653,19.815871543854264,0.0,11938.956310041021,31.14762908262653,0.0,0.0,0.059871,16.6,0.0,31.141322658051067,0.059871,0.059871,0.0,0.0,0.059871,0.0,0.0,0.0,0.059871,0.0,0.059871,0.0 
 07/21  11:08:00,34.0,19.808081514556456,31.153908295142163,19.808081514556456,0.0,11909.870846995615,31.153908295142163,0.0,0.0,0.059871,16.6,0.0,31.14762908262653,0.059871,0.059871,0.0,0.0,0.059871,0.0,0.0,0.0,0.059871,0.0,0.059871,0.0 
 07/21  11:09:00,34.0,19.800357165916697,31.160160550254602,19.800357165916697,0.0,11881.03160765351,31.160160550254602,0.0,0.0,0.059871,16.6,0.0,31.153908295142163,0.059871,0.059871,0.0,0.0,0.059871,0.0,0.0,0.0,0.059871,0.0,0.059871,0.0 
 07/21  11:10:00,34.0,19.79270449535476,31.16638580278091,19.79270449535476,0.0,11852.460713694032,31.16638580278091,0.0,0.0,0.059871,16.6,0.0,31.160160550254602,0.059871,0.059871,0.0,0.0,0.059871,0.0,0.0,0.0,0.059871,0.0,0.059871,0.0 
 07/21  11:11:00,34.0,19.785115980382486,31.17258430490692,19.785115980382486,0.0,11824.130295378127,31.17258430490692,0.0,0.0,0.059871,16.6,0.0,31.16638580278091,0.059871,0.059871,0.0,0.0,0.059871,0.0,0.0,0.0,0.059871,0.0,0.059871,0.0 
 07/21  11:12:00,34.0,19.7775974474751,31.178756014108334,19.7775974474751,0.0,11796.061840895476,31.178756014108334,0.0,0.0,0.059871,16.6,0.0,31.17258430490692,0.059871,0.059871,0.0,0.0,0.059871,0.0,0.0,0.0,0.059871,0.0,0.059871,0.0 
 07/21  11:13:00,34.0,19.77014154495601,31.18490118302963,19.77014154495601,0.0,11768.228155365714,31.18490118302963,0.0,0.0,0.059871,16.6,0.0,31.178756014108334,0.059871,0.059871,0.0,0.0,0.059871,0.0,0.0,0.0,0.059871,0.0,0.059871,0.0 
 07/21  11:14:00,34.0,19.76275394957096,31.191019771439013,19.76275394957096,0.0,11740.65009326829,31.191019771439013,0.0,0.0,0.059871,16.6,0.0,31.18490118302963,0.059871,0.059871,0.0,0.0,0.059871,0.0,0.0,0.0,0.059871,0.0,0.059871,0.0 
 07/21  11:15:00,34.0,19.755427486194833,31.19711203094516,19.755427486194833,0.0,11713.301175312627,31.19711203094516,0.0,0.0,0.059871,16.6,0.0,31.191019771439013,0.059871,0.059871,0.0,0.0,0.059871,0.0,0.0,0.0,0.059871,0.0,0.059871,0.0 
 07/21  11:16:00,34.0,19.74816768827456,31.203177926834602,19.74816768827456,0.0,11686.201744927657,31.203177926834602,0.0,0.0,0.059871,16.6,0.0,31.19711203094516,0.059871,0.059871,0.0,0.0,0.059871,0.0,0.0,0.0,0.059871,0.0,0.059871,0.0 
 07/21  11:17:00,34.0,19.74096755774212,31.209217708304703,19.74096755774212,0.0,11659.325902423425,31.209217708304703,0.0,0.0,0.059871,16.6,0.0,31.203177926834602,0.059871,0.059871,0.0,0.0,0.059871,0.0,0.0,0.0,0.059871,0.0,0.059871,0.0 
 07/21  11:18:00,34.0,19.733832494135196,31.215231341090217,19.733832494135196,0.0,11632.693554180092,31.215231341090217,0.0,0.0,0.059871,16.6,0.0,31.209217708304703,0.059871,0.059871,0.0,0.0,0.059871,0.0,0.0,0.0,0.059871,0.0,0.059871,0.0 
 07/21  11:19:00,34.0,19.726755670533432,31.221219078198846,19.726755670533432,0.0,11606.279456092238,31.221219078198846,0.0,0.0,0.059871,16.6,0.0,31.215231341090217,0.059871,0.059871,0.0,0.0,0.059871,0.0,0.0,0.0,0.059871,0.0,0.059871,0.0 
 07/21  11:20:00,34.0,19.719742358701982,31.227180887033594,19.719742358701982,0.0,11580.102982927314,31.227180887033594,0.0,0.0,0.059871,16.6,0.0,31.221219078198846,0.059871,0.059871,0.0,0.0,0.059871,0.0,0.0,0.0,0.059871,0.0,0.059871,0.0 
 07/21  11:21:00,34.0,19.712785901389733,31.233117016849004,19.712785901389733,0.0,11554.139540716791,31.233117016849004,0.0,0.0,0.059871,16.6,0.0,31.227180887033594,0.059871,0.059871,0.0,0.0,0.059871,0.0,0.0,0.0,0.059871,0.0,0.059871,0.0 
 07/21  11:22:00,34.0,19.70589144543447,31.239027443372613,19.70589144543447,0.0,11528.408080305057,31.239027443372613,0.0,0.0,0.059871,16.6,0.0,31.233117016849004,0.059871,0.059871,0.0,0.0,0.059871,0.0,0.0,0.0,0.059871,0.0,0.059871,0.0 
 07/21  11:23:00,34.0,19.69905249838418,31.244912412483885,19.69905249838418,0.0,11502.884562282328,31.244912412483885,0.0,0.0,0.059871,16.6,0.0,31.239027443372613,0.059871,0.059871,0.0,0.0,0.059871,0.0,0.0,0.0,0.059871,0.0,0.059871,0.0 
 07/21  11:24:00,34.0,19.692274087456525,31.25077189759587,19.692274087456525,0.0,11477.587533001679,31.25077189759587,0.0,0.0,0.059871,16.6,0.0,31.244912412483885,0.059871,0.059871,0.0,0.0,0.059871,0.0,0.0,0.0,0.059871,0.0,0.059871,0.0 
 07/21  11:25:00,34.0,19.685549878976566,31.25660615101556,19.685549878976566,0.0,11452.493543236333,31.25660615101556,0.0,0.0,0.059871,16.6,0.0,31.25077189759587,0.059871,0.059871,0.0,0.0,0.059871,0.0,0.0,0.0,0.059871,0.0,0.059871,0.0 
 07/21  11:26:00,34.0,19.67888478390318,31.262415146849413,19.67888478390318,0.0,11427.620708525214,31.262415146849413,0.0,0.0,0.059871,16.6,0.0,31.25660615101556,0.059871,0.059871,0.0,0.0,0.059871,0.0,0.0,0.0,0.059871,0.0,0.059871,0.0 
 07/21  11:27:00,34.0,19.672272623715926,31.26819913090451,19.672272623715926,0.0,11402.946137324001,31.26819913090451,0.0,0.0,0.059871,16.6,0.0,31.262415146849413,0.059871,0.059871,0.0,0.0,0.059871,0.0,0.0,0.0,0.059871,0.0,0.059871,0.0 
 07/21  11:28:00,34.0,19.665718199000896,31.273958088032565,19.665718199000896,0.0,11378.487517390358,31.273958088032565,0.0,0.0,0.059871,16.6,0.0,31.26819913090451,0.059871,0.059871,0.0,0.0,0.059871,0.0,0.0,0.0,0.059871,0.0,0.059871,0.0 
 07/21  11:29:00,34.0,19.659215479485244,31.279692259663598,19.659215479485244,0.0,11354.222584165378,31.279692259663598,0.0,0.0,0.059871,16.6,0.0,31.273958088032565,0.059871,0.059871,0.0,0.0,0.059871,0.0,0.0,0.0,0.059871,0.0,0.059871,0.0 
 07/21  11:30:00,34.0,19.652769156740668,31.28540162567469,19.652769156740668,0.0,11330.168564704827,31.28540162567469,0.0,0.0,0.059871,16.6,0.0,31.279692259663598,0.059871,0.059871,0.0,0.0,0.059871,0.0,0.0,0.0,0.059871,0.0,0.059871,0.0 
 07/21  11:31:00,34.0,19.646373346603188,31.291086436341786,19.646373346603188,0.0,11306.303737306871,31.291086436341786,0.0,0.0,0.059871,16.6,0.0,31.28540162567469,0.059871,0.059871,0.0,0.0,0.059871,0.0,0.0,0.0,0.059871,0.0,0.059871,0.0 
 07/21  11:32:00,34.0,19.640032635455245,31.296746671288417,19.640032635455245,0.0,11282.644958553516,31.296746671288417,0.0,0.0,0.059871,16.6,0.0,31.291086436341786,0.059871,0.059871,0.0,0.0,0.059871,0.0,0.0,0.0,0.059871,0.0,0.059871,0.0 
 07/21  11:33:00,34.0,19.63374128046345,31.302382571738153,19.63374128046345,0.0,11259.171012959192,31.302382571738153,0.0,0.0,0.059871,16.6,0.0,31.296746671288417,0.059871,0.059871,0.0,0.0,0.059871,0.0,0.0,0.0,0.059871,0.0,0.059871,0.0 
 07/21  11:34:00,34.0,19.627503764864326,31.3079941303264,19.627503764864326,0.0,11235.898412689181,31.3079941303264,0.0,0.0,0.059871,16.6,0.0,31.302382571738153,0.059871,0.059871,0.0,0.0,0.059871,0.0,0.0,0.0,0.059871,0.0,0.059871,0.0 
 07/21  11:35:00,34.0,19.62131448176359,31.313581582998417,19.62131448176359,0.0,11212.806428468257,31.313581582998417,0.0,0.0,0.059871,16.6,0.0,31.3079941303264,0.059871,0.059871,0.0,0.0,0.059871,0.0,0.0,0.0,0.059871,0.0,0.059871,0.0 
 07/21  11:36:00,34.0,19.61517781613811,31.319144914944548,19.61517781613811,0.0,11189.911189920698,31.319144914944548,0.0,0.0,0.059871,16.6,0.0,31.313581582998417,0.059871,0.059871,0.0,0.0,0.059871,0.0,0.0,0.0,0.059871,0.0,0.059871,0.0 
 07/21  11:37:00,34.0,19.60908829461045,31.324684373269264,19.60908829461045,0.0,11167.192463939078,31.324684373269264,0.0,0.0,0.059871,16.6,0.0,31.319144914944548,0.059871,0.059871,0.0,0.0,0.059871,0.0,0.0,0.0,0.059871,0.0,0.059871,0.0 
 07/21  11:38:00,34.0,19.603050205275,31.330199942048967,19.603050205275,0.0,11144.66605850519,31.330199942048967,0.0,0.0,0.059871,16.6,0.0,31.324684373269264,0.059871,0.059871,0.0,0.0,0.059871,0.0,0.0,0.0,0.059871,0.0,0.059871,0.0 
 07/21  11:39:00,34.0,19.597058203193903,31.335691856999283,19.597058203193903,0.0,11122.312180623434,31.335691856999283,0.0,0.0,0.059871,16.6,0.0,31.330199942048967,0.059871,0.059871,0.0,0.0,0.059871,0.0,0.0,0.0,0.059871,0.0,0.059871,0.0 
 07/21  11:40:00,34.0,19.591116483219015,31.3411601173656,19.591116483219015,0.0,11100.146311373092,31.3411601173656,0.0,0.0,0.059871,16.6,0.0,31.335691856999283,0.059871,0.059871,0.0,0.0,0.059871,0.0,0.0,0.0,0.059871,0.0,0.059871,0.0 
 07/21  11:41:00,34.0,19.58521982385295,31.34660495279918,19.58521982385295,0.0,11078.149134857755,31.34660495279918,0.0,0.0,0.059871,16.6,0.0,31.3411601173656,0.059871,0.059871,0.0,0.0,0.059871,0.0,0.0,0.0,0.059871,0.0,0.059871,0.0 
 07/21  11:42:00,34.0,19.579372329981407,31.352026352822097,19.579372329981407,0.0,11056.335762002527,31.352026352822097,0.0,0.0,0.059871,16.6,0.0,31.34660495279918,0.059871,0.059871,0.0,0.0,0.059871,0.0,0.0,0.0,0.059871,0.0,0.059871,0.0 
 07/21  11:43:00,34.0,19.57356890190296,31.35742456046858,19.57356890190296,0.0,11034.687329543027,31.35742456046858,0.0,0.0,0.059871,16.6,0.0,31.352026352822097,0.059871,0.059871,0.0,0.0,0.059871,0.0,0.0,0.0,0.059871,0.0,0.059871,0.0 
 07/21  11:44:00,34.0,19.567813556043685,31.36279956337545,19.567813556043685,0.0,11013.218657392072,31.36279956337545,0.0,0.0,0.059871,16.6,0.0,31.35742456046858,0.059871,0.059871,0.0,0.0,0.059871,0.0,0.0,0.0,0.059871,0.0,0.059871,0.0 
 07/21  11:45:00,34.0,19.56210130911534,31.3681515910548,19.56210130911534,0.0,10991.911296451963,31.3681515910548,0.0,0.0,0.059871,16.6,0.0,31.36279956337545,0.059871,0.059871,0.0,0.0,0.059871,0.0,0.0,0.0,0.059871,0.0,0.059871,0.0 
 07/21  11:46:00,34.0,19.5564360929734,31.373480648367376,19.5564360929734,0.0,10970.77973511282,31.373480648367376,0.0,0.0,0.059871,16.6,0.0,31.3681515910548,0.059871,0.059871,0.0,0.0,0.059871,0.0,0.0,0.0,0.059871,0.0,0.059871,0.0 
 07/21  11:47:00,34.0,19.550813037257136,31.378786958080052,19.550813037257136,0.0,10949.805980244779,31.378786958080052,0.0,0.0,0.059871,16.6,0.0,31.373480648367376,0.059871,0.059871,0.0,0.0,0.059871,0.0,0.0,0.0,0.059871,0.0,0.059871,0.0 
 07/21  11:48:00,34.0,19.54523599075813,31.38407051323052,19.54523599075813,0.0,10929.004194341978,31.38407051323052,0.0,0.0,0.059871,16.6,0.0,31.378786958080052,0.059871,0.059871,0.0,0.0,0.059871,0.0,0.0,0.0,0.059871,0.0,0.059871,0.0 
 07/21  11:49:00,34.0,19.539700194010393,31.389331552101364,19.539700194010393,0.0,10908.356778102247,31.389331552101364,0.0,0.0,0.059871,16.6,0.0,31.38407051323052,0.059871,0.059871,0.0,0.0,0.059871,0.0,0.0,0.0,0.059871,0.0,0.059871,0.0 
 07/21  11:50:00,34.0,19.53420941573095,31.39457006515377,19.53420941573095,0.0,10887.877615612193,31.39457006515377,0.0,0.0,0.059871,16.6,0.0,31.389331552101364,0.059871,0.059871,0.0,0.0,0.059871,0.0,0.0,0.0,0.059871,0.0,0.059871,0.0 
 07/21  11:51:00,34.0,19.528759002257917,31.399786275199364,19.528759002257917,0.0,10867.549518556847,31.399786275199364,0.0,0.0,0.059871,16.6,0.0,31.39457006515377,0.059871,0.059871,0.0,0.0,0.059871,0.0,0.0,0.0,0.059871,0.0,0.059871,0.0 
 07/21  11:52:00,34.0,19.523352644614025,31.40498019187532,19.523352644614025,0.0,10847.386047279164,31.40498019187532,0.0,0.0,0.059871,16.6,0.0,31.399786275199364,0.059871,0.059871,0.0,0.0,0.059871,0.0,0.0,0.0,0.059871,0.0,0.059871,0.0 
 07/21  11:53:00,34.0,19.51798579221969,31.410152030658143,19.51798579221969,0.0,10827.370432168522,31.410152030658143,0.0,0.0,0.059871,16.6,0.0,31.40498019187532,0.059871,0.059871,0.0,0.0,0.059871,0.0,0.0,0.0,0.059871,0.0,0.059871,0.0 
 07/21  11:54:00,34.0,19.512662060093373,31.41530178742482,19.512662060093373,0.0,10807.515934246316,31.41530178742482,0.0,0.0,0.059871,16.6,0.0,31.410152030658143,0.059871,0.059871,0.0,0.0,0.059871,0.0,0.0,0.0,0.059871,0.0,0.059871,0.0 
 07/21  11:55:00,34.0,19.507376999102174,31.42042969520478,19.507376999102174,0.0,10787.806142663972,31.42042969520478,0.0,0.0,0.059871,16.6,0.0,31.41530178742482,0.059871,0.059871,0.0,0.0,0.059871,0.0,0.0,0.0,0.059871,0.0,0.059871,0.0 
 07/21  11:56:00,34.0,19.502134150133354,31.425535746676733,19.502134150133354,0.0,10768.25407975658,31.425535746676733,0.0,0.0,0.059871,16.6,0.0,31.42042969520478,0.059871,0.059871,0.0,0.0,0.059871,0.0,0.0,0.0,0.059871,0.0,0.059871,0.0 
 07/21  11:57:00,34.0,19.496929162058137,31.430620157616573,19.496929162058137,0.0,10748.843662943882,31.430620157616573,0.0,0.0,0.059871,16.6,0.0,31.425535746676733,0.059871,0.059871,0.0,0.0,0.059871,0.0,0.0,0.0,0.059871,0.0,0.059871,0.0 
 07/21  11:58:00,34.0,19.491765503521023,31.43568294172702,19.491765503521023,0.0,10729.587682572428,31.43568294172702,0.0,0.0,0.059871,16.6,0.0,31.430620157616573,0.059871,0.059871,0.0,0.0,0.059871,0.0,0.0,0.0,0.059871,0.0,0.059871,0.0 
 07/21  11:59:00,34.0,19.486638917026315,31.4407243069368,19.486638917026315,0.0,10710.470403706699,31.4407243069368,0.0,0.0,0.059871,16.6,0.0,31.43568294172702,0.059871,0.059871,0.0,0.0,0.059871,0.0,0.0,0.0,0.059871,0.0,0.059871,0.0 
 07/21  12:00:00,34.0,19.48155280233803,31.445744251399887,19.48155280233803,0.0,10691.504326165363,31.445744251399887,0.0,0.0,0.059871,16.6,0.0,31.4407243069368,0.059871,0.059871,0.0,0.0,0.059871,0.0,0.0,0.0,0.059871,0.0,0.059871,0.0,49104000.0 
 07/21  12:01:00,34.0,19.47650299449898,31.450743002536683,19.47650299449898,0.0,10672.6740763811,31.450743002536683,0.0,0.0,0.059871,16.6,0.0,31.445744251399887,0.059871,0.059871,0.0,0.0,0.059871,0.0,0.0,0.0,0.059871,0.0,0.059871,0.0 
 07/21  12:02:00,34.0,19.47149282497098,31.455720554741802,19.47149282497098,0.0,10653.991918840029,31.455720554741802,0.0,0.0,0.059871,16.6,0.0,31.450743002536683,0.059871,0.059871,0.0,0.0,0.059871,0.0,0.0,0.0,0.059871,0.0,0.059871,0.0 
 07/21  12:03:00,34.0,19.466518217807774,31.460677116550066,19.466518217807774,0.0,10635.442792838548,31.460677116550066,0.0,0.0,0.059871,16.6,0.0,31.455720554741802,0.059871,0.059871,0.0,0.0,0.059871,0.0,0.0,0.0,0.059871,0.0,0.059871,0.0 
 07/21  12:04:00,34.0,19.46158243958361,31.465612705124588,19.46158243958361,0.0,10617.038705089844,31.465612705124588,0.0,0.0,0.059871,16.6,0.0,31.460677116550066,0.059871,0.059871,0.0,0.0,0.059871,0.0,0.0,0.0,0.059871,0.0,0.059871,0.0 
 07/21  12:05:00,34.0,19.456681500629685,31.470527520707964,19.456681500629685,0.0,10598.76495028433,31.470527520707964,0.0,0.0,0.059871,16.6,0.0,31.465612705124588,0.059871,0.059871,0.0,0.0,0.059871,0.0,0.0,0.0,0.059871,0.0,0.059871,0.0 
 07/21  12:06:00,34.0,19.451818602479875,31.47542156326232,19.451818602479875,0.0,10580.633294236392,31.47542156326232,0.0,0.0,0.059871,16.6,0.0,31.470527520707964,0.059871,0.059871,0.0,0.0,0.059871,0.0,0.0,0.0,0.059871,0.0,0.059871,0.0 
 07/21  12:07:00,34.0,19.44698984028838,31.480295054360976,19.44698984028838,0.0,10562.629311617326,31.480295054360976,0.0,0.0,0.059871,16.6,0.0,31.47542156326232,0.059871,0.059871,0.0,0.0,0.059871,0.0,0.0,0.0,0.059871,0.0,0.059871,0.0 
 07/21  12:08:00,34.0,19.44219835387991,31.485147989698994,19.44219835387991,0.0,10544.764557248658,31.485147989698994,0.0,0.0,0.059871,16.6,0.0,31.480295054360976,0.059871,0.059871,0.0,0.0,0.059871,0.0,0.0,0.0,0.059871,0.0,0.059871,0.0 
 07/21  12:09:00,34.0,19.437440319535888,31.489980570468916,19.437440319535888,0.0,10527.024924357793,31.489980570468916,0.0,0.0,0.059871,16.6,0.0,31.485147989698994,0.059871,0.059871,0.0,0.0,0.059871,0.0,0.0,0.0,0.059871,0.0,0.059871,0.0 
 07/21  12:10:00,34.0,19.43271881551887,31.494792816776624,19.43271881551887,0.0,10509.421739696714,31.494792816776624,0.0,0.0,0.059871,16.6,0.0,31.489980570468916,0.059871,0.059871,0.0,0.0,0.059871,0.0,0.0,0.0,0.059871,0.0,0.059871,0.0 
 07/21  12:11:00,34.0,19.4280300983372,31.499584921134918,19.4280300983372,0.0,10491.941159727827,31.499584921134918,0.0,0.0,0.059871,16.6,0.0,31.494792816776624,0.059871,0.059871,0.0,0.0,0.059871,0.0,0.0,0.0,0.059871,0.0,0.059871,0.0 
 07/21  12:12:00,34.0,19.423377187221345,31.50435688492197,19.423377187221345,0.0,10474.594327137902,31.50435688492197,0.0,0.0,0.059871,16.6,0.0,31.499584921134918,0.059871,0.059871,0.0,0.0,0.059871,0.0,0.0,0.0,0.059871,0.0,0.059871,0.0 
 07/21  12:13:00,34.0,19.41875641590568,31.50910892372072,19.41875641590568,0.0,10457.367667916687,31.50910892372072,0.0,0.0,0.059871,16.6,0.0,31.50435688492197,0.059871,0.059871,0.0,0.0,0.059871,0.0,0.0,0.0,0.059871,0.0,0.059871,0.0 
 07/21  12:14:00,34.0,19.414170747173124,31.513841034181848,19.414170747173124,0.0,10440.272098473539,31.513841034181848,0.0,0.0,0.059871,16.6,0.0,31.50910892372072,0.059871,0.059871,0.0,0.0,0.059871,0.0,0.0,0.0,0.059871,0.0,0.059871,0.0 
 07/21  12:15:00,34.0,19.40961658858727,31.518553410136963,19.40961658858727,0.0,10423.294370481304,31.518553410136963,0.0,0.0,0.059871,16.6,0.0,31.513841034181848,0.059871,0.059871,0.0,0.0,0.059871,0.0,0.0,0.0,0.059871,0.0,0.059871,0.0 
 07/21  12:16:00,34.0,19.405096845889773,31.523246074190382,19.405096845889773,0.0,10406.44517180218,31.523246074190382,0.0,0.0,0.059871,16.6,0.0,31.518553410136963,0.059871,0.059871,0.0,0.0,0.059871,0.0,0.0,0.0,0.059871,0.0,0.059871,0.0 
 07/21  12:17:00,34.0,19.40060800121199,31.52791921115661,19.40060800121199,0.0,10389.711479645688,31.52791921115661,0.0,0.0,0.059871,16.6,0.0,31.523246074190382,0.059871,0.059871,0.0,0.0,0.059871,0.0,0.0,0.0,0.059871,0.0,0.059871,0.0 
 07/21  12:18:00,34.0,19.39615290614915,31.53257282350169,19.39615290614915,0.0,10373.103832643887,31.53257282350169,0.0,0.0,0.059871,16.6,0.0,31.52791921115661,0.059871,0.059871,0.0,0.0,0.059871,0.0,0.0,0.0,0.059871,0.0,0.059871,0.0 
 07/21  12:19:00,34.0,19.39172811212156,31.537207120751656,19.39172811212156,0.0,10356.609482266398,31.537207120751656,0.0,0.0,0.059871,16.6,0.0,31.53257282350169,0.059871,0.059871,0.0,0.0,0.059871,0.0,0.0,0.0,0.059871,0.0,0.059871,0.0 
 07/21  12:20:00,34.0,19.387336418176332,31.54182210022759,19.387336418176332,0.0,10340.238721357919,31.54182210022759,0.0,0.0,0.059871,16.6,0.0,31.537207120751656,0.059871,0.059871,0.0,0.0,0.059871,0.0,0.0,0.0,0.059871,0.0,0.059871,0.0 
 07/21  12:21:00,34.0,19.382974445378608,31.546417948449147,19.382974445378608,0.0,10323.979077017175,31.546417948449147,0.0,0.0,0.059871,16.6,0.0,31.54182210022759,0.059871,0.059871,0.0,0.0,0.059871,0.0,0.0,0.0,0.059871,0.0,0.059871,0.0 
 07/21  12:22:00,34.0,19.37864494081546,31.550994690140104,19.37864494081546,0.0,10307.840666612861,31.550994690140104,0.0,0.0,0.059871,16.6,0.0,31.546417948449147,0.059871,0.059871,0.0,0.0,0.059871,0.0,0.0,0.0,0.059871,0.0,0.059871,0.0 
 07/21  12:23:00,34.0,19.37434459251029,31.55555250251384,19.37434459251029,0.0,10291.811248856808,31.55555250251384,0.0,0.0,0.059871,16.6,0.0,31.550994690140104,0.059871,0.059871,0.0,0.0,0.059871,0.0,0.0,0.0,0.059871,0.0,0.059871,0.0 
 07/21  12:24:00,34.0,19.370076096779208,31.56009138886038,19.370076096779208,0.0,10275.900769928003,31.56009138886038,0.0,0.0,0.059871,16.6,0.0,31.55555250251384,0.059871,0.059871,0.0,0.0,0.059871,0.0,0.0,0.0,0.059871,0.0,0.059871,0.0 
 07/21  12:25:00,34.0,19.36583620696895,31.564611552660267,19.36583620696895,0.0,10260.097214195415,31.564611552660267,0.0,0.0,0.059871,16.6,0.0,31.56009138886038,0.059871,0.059871,0.0,0.0,0.059871,0.0,0.0,0.0,0.059871,0.0,0.059871,0.0 
 07/21  12:26:00,34.0,19.361627570120735,31.569112991692922,19.361627570120735,0.0,10244.41036207609,31.569112991692922,0.0,0.0,0.059871,16.6,0.0,31.564611552660267,0.059871,0.059871,0.0,0.0,0.059871,0.0,0.0,0.0,0.059871,0.0,0.059871,0.0 
 07/21  12:27:00,34.0,19.35744700396146,31.573595885298094,19.35744700396146,0.0,10228.828403460178,31.573595885298094,0.0,0.0,0.059871,16.6,0.0,31.569112991692922,0.059871,0.059871,0.0,0.0,0.059871,0.0,0.0,0.0,0.059871,0.0,0.059871,0.0 
 07/21  12:28:00,34.0,19.353297107641755,31.578060260031375,19.353297107641755,0.0,10213.360974820804,31.578060260031375,0.0,0.0,0.059871,16.6,0.0,31.573595885298094,0.059871,0.059871,0.0,0.0,0.059871,0.0,0.0,0.0,0.059871,0.0,0.059871,0.0 
 07/21  12:29:00,34.0,19.34917475981034,31.58250628569138,19.34917475981034,0.0,10197.996492332528,31.58250628569138,0.0,0.0,0.059871,16.6,0.0,31.578060260031375,0.059871,0.059871,0.0,0.0,0.059871,0.0,0.0,0.0,0.059871,0.0,0.059871,0.0 
 07/21  12:30:00,34.0,19.34508251310493,31.586933966217835,19.34508251310493,0.0,10182.744403255714,31.586933966217835,0.0,0.0,0.059871,16.6,0.0,31.58250628569138,0.059871,0.059871,0.0,0.0,0.059871,0.0,0.0,0.0,0.059871,0.0,0.059871,0.0 
 07/21  12:31:00,34.0,19.341017305974525,31.591343499146866,19.341017305974525,0.0,10167.593362590946,31.591343499146866,0.0,0.0,0.059871,16.6,0.0,31.586933966217835,0.059871,0.059871,0.0,0.0,0.059871,0.0,0.0,0.0,0.059871,0.0,0.059871,0.0 
 07/21  12:32:00,34.0,19.33698164670525,31.59573488257941,19.33698164670525,0.0,10152.552619919925,31.59573488257941,0.0,0.0,0.059871,16.6,0.0,31.591343499146866,0.059871,0.059871,0.0,0.0,0.059871,0.0,0.0,0.0,0.059871,0.0,0.059871,0.0 
 07/21  12:33:00,34.0,19.332972532096893,31.60010828886881,19.332972532096893,0.0,10137.611080220831,31.60010828886881,0.0,0.0,0.059871,16.6,0.0,31.59573488257941,0.059871,0.059871,0.0,0.0,0.059871,0.0,0.0,0.0,0.059871,0.0,0.059871,0.0 
 07/21  12:34:00,34.0,19.32899242471909,31.60446374616647,19.32899242471909,0.0,10122.777840191284,31.60446374616647,0.0,0.0,0.059871,16.6,0.0,31.60010828886881,0.059871,0.059871,0.0,0.0,0.059871,0.0,0.0,0.0,0.059871,0.0,0.059871,0.0 
 07/21  12:35:00,34.0,19.32503837890223,31.608801417068268,19.32503837890223,0.0,10108.041968674715,31.608801417068268,0.0,0.0,0.059871,16.6,0.0,31.60446374616647,0.059871,0.059871,0.0,0.0,0.059871,0.0,0.0,0.0,0.059871,0.0,0.059871,0.0 
 07/21  12:36:00,34.0,19.321112814939998,31.613121306002355,19.321112814939998,0.0,10093.41242230309,31.613121306002355,0.0,0.0,0.059871,16.6,0.0,31.608801417068268,0.059871,0.059871,0.0,0.0,0.059871,0.0,0.0,0.0,0.059871,0.0,0.059871,0.0 
 07/21  12:37:00,34.0,19.317212841586578,31.61742360466028,19.317212841586578,0.0,10078.87850505419,31.61742360466028,0.0,0.0,0.059871,16.6,0.0,31.613121306002355,0.059871,0.059871,0.0,0.0,0.059871,0.0,0.0,0.0,0.059871,0.0,0.059871,0.0 
 07/21  12:38:00,34.0,19.31334083760739,31.621708311313245,19.31334083760739,0.0,10064.448970172838,31.621708311313245,0.0,0.0,0.059871,16.6,0.0,31.61742360466028,0.059871,0.059871,0.0,0.0,0.059871,0.0,0.0,0.0,0.059871,0.0,0.059871,0.0 
 07/21  12:39:00,34.0,19.309493965638737,31.625975591496086,19.309493965638737,0.0,10050.113354613619,31.625975591496086,0.0,0.0,0.059871,16.6,0.0,31.621708311313245,0.059871,0.059871,0.0,0.0,0.059871,0.0,0.0,0.0,0.059871,0.0,0.059871,0.0 
 07/21  12:40:00,34.0,19.305674562839073,31.63022547469966,19.305674562839073,0.0,10035.880257490266,31.63022547469966,0.0,0.0,0.059871,16.6,0.0,31.625975591496086,0.059871,0.059871,0.0,0.0,0.059871,0.0,0.0,0.0,0.059871,0.0,0.059871,0.0 
 07/21  12:41:00,34.0,19.30187984388411,31.6344581164974,19.30187984388411,0.0,10021.739408804628,31.6344581164974,0.0,0.0,0.059871,16.6,0.0,31.63022547469966,0.059871,0.059871,0.0,0.0,0.059871,0.0,0.0,0.0,0.059871,0.0,0.059871,0.0 
 07/21  12:42:00,34.0,19.298112106999074,31.638673521621943,19.298112106999074,0.0,10007.699230801754,31.638673521621943,0.0,0.0,0.059871,16.6,0.0,31.6344581164974,0.059871,0.059871,0.0,0.0,0.059871,0.0,0.0,0.0,0.059871,0.0,0.059871,0.0 
 07/21  12:43:00,34.0,19.294368618190287,31.642871876000644,19.294368618190287,0.0,9993.74967665492,31.642871876000644,0.0,0.0,0.059871,16.6,0.0,31.638673521621943,0.059871,0.059871,0.0,0.0,0.059871,0.0,0.0,0.0,0.059871,0.0,0.059871,0.0 
 07/21  12:44:00,34.0,19.290651636002092,31.64705317791037,19.290651636002092,0.0,9979.89902172526,31.64705317791037,0.0,0.0,0.059871,16.6,0.0,31.642871876000644,0.059871,0.059871,0.0,0.0,0.059871,0.0,0.0,0.0,0.059871,0.0,0.059871,0.0 
 07/21  12:45:00,34.0,19.286958476422555,31.65121758622326,19.286958476422555,0.0,9966.137388232091,31.65121758622326,0.0,0.0,0.059871,16.6,0.0,31.64705317791037,0.059871,0.059871,0.0,0.0,0.059871,0.0,0.0,0.0,0.059871,0.0,0.059871,0.0 
 07/21  12:46:00,34.0,19.28329135961575,31.655365131518405,19.28329135961575,0.0,9952.472925775983,31.655365131518405,0.0,0.0,0.059871,16.6,0.0,31.65121758622326,0.059871,0.059871,0.0,0.0,0.059871,0.0,0.0,0.0,0.059871,0.0,0.059871,0.0 
 07/21  12:47:00,34.0,19.27964765048859,31.659495962525696,19.27964765048859,0.0,9938.895921777084,31.659495962525696,0.0,0.0,0.059871,16.6,0.0,31.655365131518405,0.059871,0.059871,0.0,0.0,0.059871,0.0,0.0,0.0,0.059871,0.0,0.059871,0.0 
 07/21  12:48:00,34.0,19.276029531759267,31.663610084110648,19.276029531759267,0.0,9925.414403435307,31.663610084110648,0.0,0.0,0.059871,16.6,0.0,31.659495962525696,0.059871,0.059871,0.0,0.0,0.059871,0.0,0.0,0.0,0.059871,0.0,0.059871,0.0 
 07/21  12:49:00,34.0,19.272434415972032,31.66770767653056,19.272434415972032,0.0,9912.018818713823,31.66770767653056,0.0,0.0,0.059871,16.6,0.0,31.663610084110648,0.059871,0.059871,0.0,0.0,0.059871,0.0,0.0,0.0,0.059871,0.0,0.059871,0.0 
 07/21  12:50:00,34.0,19.268864448541727,31.671788737923134,19.268864448541727,0.0,9898.717088960238,31.671788737923134,0.0,0.0,0.059871,16.6,0.0,31.66770767653056,0.059871,0.059871,0.0,0.0,0.059871,0.0,0.0,0.0,0.059871,0.0,0.059871,0.0 
 07/21  12:51:00,34.0,19.265317089021192,31.67585342066962,19.265317089021192,0.0,9885.499788171046,31.67585342066962,0.0,0.0,0.059871,16.6,0.0,31.671788737923134,0.059871,0.059871,0.0,0.0,0.059871,0.0,0.0,0.0,0.059871,0.0,0.059871,0.0 
 07/21  12:52:00,34.0,19.261794447465785,31.679901756217305,19.261794447465785,0.0,9872.374738925482,31.679901756217305,0.0,0.0,0.059871,16.6,0.0,31.67585342066962,0.059871,0.059871,0.0,0.0,0.059871,0.0,0.0,0.0,0.059871,0.0,0.059871,0.0 
 07/21  12:53:00,34.0,19.258294028024668,31.683933886650927,19.258294028024668,0.0,9859.332680817552,31.683933886650927,0.0,0.0,0.059871,16.6,0.0,31.679901756217305,0.059871,0.059871,0.0,0.0,0.059871,0.0,0.0,0.0,0.059871,0.0,0.059871,0.0 
 07/21  12:54:00,34.0,19.254817906965876,31.687949816828485,19.254817906965876,0.0,9846.381279044213,31.687949816828485,0.0,0.0,0.059871,16.6,0.0,31.683933886650927,0.059871,0.059871,0.0,0.0,0.059871,0.0,0.0,0.0,0.059871,0.0,0.059871,0.0 
 07/21  12:55:00,34.0,19.251363631596686,31.691949721459626,19.251363631596686,0.0,9833.511481603391,31.691949721459626,0.0,0.0,0.059871,16.6,0.0,31.687949816828485,0.059871,0.059871,0.0,0.0,0.059871,0.0,0.0,0.0,0.059871,0.0,0.059871,0.0 
 07/21  12:56:00,34.0,19.2479332435216,31.695933598431555,19.2479332435216,0.0,9820.73080915884,31.695933598431555,0.0,0.0,0.059871,16.6,0.0,31.691949721459626,0.059871,0.059871,0.0,0.0,0.059871,0.0,0.0,0.0,0.059871,0.0,0.059871,0.0 
 07/21  12:57:00,34.0,19.244524333234587,31.69990159383249,19.244524333234587,0.0,9808.030353964314,31.69990159383249,0.0,0.0,0.059871,16.6,0.0,31.695933598431555,0.059871,0.059871,0.0,0.0,0.059871,0.0,0.0,0.0,0.059871,0.0,0.059871,0.0 
 07/21  12:58:00,34.0,19.24113890931018,31.703853739798014,19.24113890931018,0.0,9795.417530308632,31.703853739798014,0.0,0.0,0.059871,16.6,0.0,31.69990159383249,0.059871,0.059871,0.0,0.0,0.059871,0.0,0.0,0.0,0.059871,0.0,0.059871,0.0 
 07/21  12:59:00,34.0,19.237774604493232,31.707790171990872,19.237774604493232,0.0,9782.883571318998,31.707790171990872,0.0,0.0,0.059871,16.6,0.0,31.703853739798014,0.059871,0.059871,0.0,0.0,0.059871,0.0,0.0,0.0,0.059871,0.0,0.059871,0.0 
 07/21  13:00:00,34.0,19.234433395534833,31.7117108951564,19.234433395534833,0.0,9770.435773405125,31.7117108951564,0.0,0.0,0.059871,16.6,0.0,31.707790171990872,0.059871,0.059871,0.0,0.0,0.059871,0.0,0.0,0.0,0.059871,0.0,0.059871,0.0,49104000.0 
 07/21  13:01:00,34.0,19.231112954931728,31.71561607860651,19.231112954931728,0.0,9758.06554903664,31.71561607860651,0.0,0.0,0.059871,16.6,0.0,31.7117108951564,0.059871,0.059871,0.0,0.0,0.059871,0.0,0.0,0.0,0.059871,0.0,0.059871,0.0 
 07/21  13:02:00,34.0,19.227815227734403,31.719505719897747,19.227815227734403,0.0,9745.780045385385,31.719505719897747,0.0,0.0,0.059871,16.6,0.0,31.71561607860651,0.059871,0.059871,0.0,0.0,0.059871,0.0,0.0,0.0,0.059871,0.0,0.059871,0.0 
 07/21  13:03:00,34.0,19.22453792681729,31.72337995904269,19.22453792681729,0.0,9733.570824764534,31.72337995904269,0.0,0.0,0.059871,16.6,0.0,31.719505719897747,0.059871,0.059871,0.0,0.0,0.059871,0.0,0.0,0.0,0.059871,0.0,0.059871,0.0 
 07/21  13:04:00,34.0,19.221282965527948,31.727238828717258,19.221282965527948,0.0,9721.444948587756,31.727238828717258,0.0,0.0,0.059871,16.6,0.0,31.72337995904269,0.059871,0.059871,0.0,0.0,0.059871,0.0,0.0,0.0,0.059871,0.0,0.059871,0.0 
 07/21  13:05:00,34.0,19.21804809567378,31.73108245839967,19.21804809567378,0.0,9709.394091972681,31.73108245839967,0.0,0.0,0.059871,16.6,0.0,31.727238828717258,0.059871,0.059871,0.0,0.0,0.059871,0.0,0.0,0.0,0.059871,0.0,0.059871,0.0 
 07/21  13:06:00,34.0,19.214835201692868,31.734910852642084,19.214835201692868,0.0,9697.425193511375,31.734910852642084,0.0,0.0,0.059871,16.6,0.0,31.73108245839967,0.059871,0.059871,0.0,0.0,0.059871,0.0,0.0,0.0,0.059871,0.0,0.059871,0.0 
 07/21  13:07:00,34.0,19.2116420719642,31.738724175524535,19.2116420719642,0.0,9685.530127094677,31.738724175524535,0.0,0.0,0.059871,16.6,0.0,31.734910852642084,0.059871,0.059871,0.0,0.0,0.059871,0.0,0.0,0.0,0.059871,0.0,0.059871,0.0 
 07/21  13:08:00,34.0,19.20847056104796,31.74252242421454,19.20847056104796,0.0,9673.715673382918,31.74252242421454,0.0,0.0,0.059871,16.6,0.0,31.738724175524535,0.059871,0.059871,0.0,0.0,0.059871,0.0,0.0,0.0,0.059871,0.0,0.059871,0.0 
 07/21  13:09:00,34.0,19.205318494962768,31.746305732877254,19.205318494962768,0.0,9661.973845850562,31.746305732877254,0.0,0.0,0.059871,16.6,0.0,31.74252242421454,0.059871,0.059871,0.0,0.0,0.059871,0.0,0.0,0.0,0.059871,0.0,0.059871,0.0 
 07/21  13:10:00,34.0,19.202187698694335,31.750074134606837,19.202187698694335,0.0,9650.311347110955,31.750074134606837,0.0,0.0,0.059871,16.6,0.0,31.746305732877254,0.059871,0.059871,0.0,0.0,0.059871,0.0,0.0,0.0,0.059871,0.0,0.059871,0.0 
 07/21  13:11:00,34.0,19.199076035289377,31.753827752944172,19.199076035289377,0.0,9638.720280905054,31.753827752944172,0.0,0.0,0.059871,16.6,0.0,31.750074134606837,0.059871,0.059871,0.0,0.0,0.059871,0.0,0.0,0.0,0.059871,0.0,0.059871,0.0 
 07/21  13:12:00,34.0,19.19598530154544,31.757566592190198,19.19598530154544,0.0,9627.207276829446,31.757566592190198,0.0,0.0,0.059871,16.6,0.0,31.753827752944172,0.059871,0.059871,0.0,0.0,0.059871,0.0,0.0,0.0,0.059871,0.0,0.059871,0.0 
 07/21  13:13:00,34.0,19.192913395354015,31.761290811372874,19.192913395354015,0.0,9615.76456789995,31.761290811372874,0.0,0.0,0.059871,16.6,0.0,31.757566592190198,0.059871,0.059871,0.0,0.0,0.059871,0.0,0.0,0.0,0.059871,0.0,0.059871,0.0 
 07/21  13:14:00,34.0,19.18986208530719,31.765000407233536,19.18986208530719,0.0,9604.398679182435,31.765000407233536,0.0,0.0,0.059871,16.6,0.0,31.761290811372874,0.059871,0.059871,0.0,0.0,0.059871,0.0,0.0,0.0,0.059871,0.0,0.059871,0.0 
 07/21  13:15:00,34.0,19.186829304172175,31.768695508327394,19.186829304172175,0.0,9593.101957524987,31.768695508327394,0.0,0.0,0.059871,16.6,0.0,31.765000407233536,0.059871,0.059871,0.0,0.0,0.059871,0.0,0.0,0.0,0.059871,0.0,0.059871,0.0 
 07/21  13:16:00,34.0,19.183816793425002,31.772376148068243,19.183816793425002,0.0,9581.880843098621,31.772376148068243,0.0,0.0,0.059871,16.6,0.0,31.768695508327394,0.059871,0.059871,0.0,0.0,0.059871,0.0,0.0,0.0,0.059871,0.0,0.059871,0.0 
 07/21  13:17:00,34.0,19.180822519245122,31.77604244431235,19.180822519245122,0.0,9570.727806747218,31.77604244431235,0.0,0.0,0.059871,16.6,0.0,31.772376148068243,0.059871,0.059871,0.0,0.0,0.059871,0.0,0.0,0.0,0.059871,0.0,0.059871,0.0 
 07/21  13:18:00,34.0,19.17784819626601,31.779694401068394,19.17784819626601,0.0,9559.64918912419,31.779694401068394,0.0,0.0,0.059871,16.6,0.0,31.77604244431235,0.059871,0.059871,0.0,0.0,0.059871,0.0,0.0,0.0,0.059871,0.0,0.059871,0.0 
 07/21  13:19:00,34.0,19.17489182410503,31.783332172498053,19.17489182410503,0.0,9548.637569689208,31.783332172498053,0.0,0.0,0.059871,16.6,0.0,31.779694401068394,0.059871,0.059871,0.0,0.0,0.059871,0.0,0.0,0.0,0.059871,0.0,0.059871,0.0 
 07/21  13:20:00,34.0,19.171955092111528,31.78695575489189,19.171955092111528,0.0,9537.699195419364,31.78695575489189,0.0,0.0,0.059871,16.6,0.0,31.783332172498053,0.059871,0.059871,0.0,0.0,0.059871,0.0,0.0,0.0,0.059871,0.0,0.059871,0.0 
 07/21  13:21:00,34.0,19.16903603192114,31.790565271431902,19.16903603192114,0.0,9526.826780123498,31.790565271431902,0.0,0.0,0.059871,16.6,0.0,31.78695575489189,0.059871,0.059871,0.0,0.0,0.059871,0.0,0.0,0.0,0.059871,0.0,0.059871,0.0 
 07/21  13:22:00,34.0,19.166136306192968,31.794160755766455,19.166136306192968,0.0,9516.026487237204,31.794160755766455,0.0,0.0,0.059871,16.6,0.0,31.790565271431902,0.059871,0.059871,0.0,0.0,0.059871,0.0,0.0,0.0,0.059871,0.0,0.059871,0.0 
 07/21  13:23:00,34.0,19.163253978136176,31.7977423203161,19.163253978136176,0.0,9505.291116891745,31.7977423203161,0.0,0.0,0.059871,16.6,0.0,31.794160755766455,0.059871,0.059871,0.0,0.0,0.059871,0.0,0.0,0.0,0.059871,0.0,0.059871,0.0 
 07/21  13:24:00,34.0,19.16039068629572,31.80130996876516,19.16039068629572,0.0,9494.626743144832,31.80130996876516,0.0,0.0,0.059871,16.6,0.0,31.7977423203161,0.059871,0.059871,0.0,0.0,0.059871,0.0,0.0,0.0,0.059871,0.0,0.059871,0.0 
 07/21  13:25:00,34.0,19.15754452472388,31.804863850593982,19.15754452472388,0.0,9484.026296068505,31.804863850593982,0.0,0.0,0.059871,16.6,0.0,31.80130996876516,0.059871,0.059871,0.0,0.0,0.059871,0.0,0.0,0.0,0.059871,0.0,0.059871,0.0 
 07/21  13:26:00,34.0,19.154717107136022,31.80840396162574,19.154717107136022,0.0,9473.495757630199,31.80840396162574,0.0,0.0,0.059871,16.6,0.0,31.804863850593982,0.059871,0.059871,0.0,0.0,0.059871,0.0,0.0,0.0,0.059871,0.0,0.059871,0.0 
 07/21  13:27:00,34.0,19.151906557286544,31.81193041990223,19.151906557286544,0.0,9463.028168156856,31.81193041990223,0.0,0.0,0.059871,16.6,0.0,31.80840396162574,0.059871,0.059871,0.0,0.0,0.059871,0.0,0.0,0.0,0.059871,0.0,0.059871,0.0 
 07/21  13:28:00,34.0,19.149114465401855,31.81544325923306,19.149114465401855,0.0,9452.629407205304,31.81544325923306,0.0,0.0,0.059871,16.6,0.0,31.81193041990223,0.059871,0.059871,0.0,0.0,0.059871,0.0,0.0,0.0,0.059871,0.0,0.059871,0.0 
 07/21  13:29:00,34.0,19.146338984717907,31.81894258684748,19.146338984717907,0.0,9442.292639867019,31.81894258684748,0.0,0.0,0.059871,16.6,0.0,31.81544325923306,0.059871,0.059871,0.0,0.0,0.059871,0.0,0.0,0.0,0.059871,0.0,0.059871,0.0 
 07/21  13:30:00,34.0,19.14358168173044,31.822428406082167,19.14358168173044,0.0,9432.023657724352,31.822428406082167,0.0,0.0,0.059871,16.6,0.0,31.81894258684748,0.059871,0.059871,0.0,0.0,0.059871,0.0,0.0,0.0,0.059871,0.0,0.059871,0.0 
 07/21  13:31:00,34.0,19.140840738196744,31.825900861919948,19.140840738196744,0.0,9421.815731698362,31.825900861919948,0.0,0.0,0.059871,16.6,0.0,31.822428406082167,0.059871,0.059871,0.0,0.0,0.059871,0.0,0.0,0.0,0.059871,0.0,0.059871,0.0 
 07/21  13:32:00,34.0,19.138117698118787,31.829359949707644,19.138117698118787,0.0,9411.674554766914,31.829359949707644,0.0,0.0,0.059871,16.6,0.0,31.825900861919948,0.059871,0.059871,0.0,0.0,0.059871,0.0,0.0,0.0,0.059871,0.0,0.059871,0.0 
 07/21  13:33:00,34.0,19.135410772147846,31.832805782575416,19.135410772147846,0.0,9401.593505115019,31.832805782575416,0.0,0.0,0.059871,16.6,0.0,31.829359949707644,0.059871,0.059871,0.0,0.0,0.059871,0.0,0.0,0.0,0.059871,0.0,0.059871,0.0 
 07/21  13:34:00,34.0,19.13272148092452,31.836238394431458,19.13272148092452,0.0,9391.578219570707,31.836238394431458,0.0,0.0,0.059871,16.6,0.0,31.832805782575416,0.059871,0.059871,0.0,0.0,0.059871,0.0,0.0,0.0,0.059871,0.0,0.059871,0.0 
 07/21  13:35:00,34.0,19.130048062026386,31.83965788755282,19.130048062026386,0.0,9381.62216100893,31.83965788755282,0.0,0.0,0.059871,16.6,0.0,31.836238394431458,0.059871,0.059871,0.0,0.0,0.059871,0.0,0.0,0.0,0.059871,0.0,0.059871,0.0 
 07/21  13:36:00,34.0,19.12739201447578,31.843064264912957,19.12739201447578,0.0,9371.73087093749,31.843064264912957,0.0,0.0,0.059871,16.6,0.0,31.83965788755282,0.059871,0.059871,0.0,0.0,0.059871,0.0,0.0,0.0,0.059871,0.0,0.059871,0.0 
 07/21  13:37:00,34.0,19.12475160302996,31.8464576671787,19.12475160302996,0.0,9361.897928292816,31.8464576671787,0.0,0.0,0.059871,16.6,0.0,31.843064264912957,0.059871,0.059871,0.0,0.0,0.059871,0.0,0.0,0.0,0.059871,0.0,0.059871,0.0 
 07/21  13:38:00,34.0,19.12212830553568,31.849838089218313,19.12212830553568,0.0,9352.128780977182,31.849838089218313,0.0,0.0,0.059871,16.6,0.0,31.8464576671787,0.059871,0.059871,0.0,0.0,0.059871,0.0,0.0,0.0,0.059871,0.0,0.059871,0.0 
 07/21  13:39:00,34.0,19.119520413058794,31.85320563947361,19.119520413058794,0.0,9342.417120681508,31.85320563947361,0.0,0.0,0.059871,16.6,0.0,31.849838089218313,0.059871,0.059871,0.0,0.0,0.059871,0.0,0.0,0.0,0.059871,0.0,0.059871,0.0 
 07/21  13:40:00,34.0,19.116929381132113,31.85656035189794,19.116929381132113,0.0,9332.7683276975,31.85656035189794,0.0,0.0,0.059871,16.6,0.0,31.85320563947361,0.059871,0.059871,0.0,0.0,0.059871,0.0,0.0,0.0,0.059871,0.0,0.059871,0.0 
 07/21  13:41:00,34.0,19.114353526907742,31.859902324048452,19.114353526907742,0.0,9323.176160301497,31.859902324048452,0.0,0.0,0.059871,16.6,0.0,31.85656035189794,0.059871,0.059871,0.0,0.0,0.059871,0.0,0.0,0.0,0.059871,0.0,0.059871,0.0 
 07/21  13:42:00,34.0,19.11179428593209,31.86323155852564,19.11179428593209,0.0,9313.645924751227,31.86323155852564,0.0,0.0,0.059871,16.6,0.0,31.859902324048452,0.059871,0.059871,0.0,0.0,0.059871,0.0,0.0,0.0,0.059871,0.0,0.059871,0.0 
 07/21  13:43:00,34.0,19.10925000078647,31.866548191857515,19.10925000078647,0.0,9304.171488774136,31.866548191857515,0.0,0.0,0.059871,16.6,0.0,31.86323155852564,0.059871,0.059871,0.0,0.0,0.059871,0.0,0.0,0.0,0.059871,0.0,0.059871,0.0 
 07/21  13:44:00,34.0,19.10672208618525,31.86985221843604,19.10672208618525,0.0,9294.758081405089,31.86985221843604,0.0,0.0,0.059871,16.6,0.0,31.866548191857515,0.059871,0.059871,0.0,0.0,0.059871,0.0,0.0,0.0,0.059871,0.0,0.059871,0.0 
 07/21  13:45:00,34.0,19.104208908504965,31.873143742230575,19.104208908504965,0.0,9285.399673638472,31.873143742230575,0.0,0.0,0.059871,16.6,0.0,31.86985221843604,0.059871,0.059871,0.0,0.0,0.059871,0.0,0.0,0.0,0.059871,0.0,0.059871,0.0 
 07/21  13:46:00,34.0,19.101711863385557,31.876422797192944,19.101711863385557,0.0,9276.101378849595,31.876422797192944,0.0,0.0,0.059871,16.6,0.0,31.873143742230575,0.059871,0.059871,0.0,0.0,0.059871,0.0,0.0,0.0,0.059871,0.0,0.059871,0.0 
 07/21  13:47:00,34.0,19.099229341941925,31.879689476384282,19.099229341941925,0.0,9266.857289779346,31.879689476384282,0.0,0.0,0.059871,16.6,0.0,31.876422797192944,0.059871,0.059871,0.0,0.0,0.059871,0.0,0.0,0.0,0.059871,0.0,0.059871,0.0 
 07/21  13:48:00,34.0,19.096762719240896,31.882943782026423,19.096762719240896,0.0,9257.6724585776,31.882943782026423,0.0,0.0,0.059871,16.6,0.0,31.879689476384282,0.059871,0.059871,0.0,0.0,0.059871,0.0,0.0,0.0,0.059871,0.0,0.059871,0.0 
 07/21  13:49:00,34.0,19.094310410374298,31.88618584667994,19.094310410374298,0.0,9248.541036949082,31.88618584667994,0.0,0.0,0.059871,16.6,0.0,31.882943782026423,0.059871,0.059871,0.0,0.0,0.059871,0.0,0.0,0.0,0.059871,0.0,0.059871,0.0 
 07/21  13:50:00,34.0,19.091873771843073,31.88941566426599,19.091873771843073,0.0,9239.468008343301,31.88941566426599,0.0,0.0,0.059871,16.6,0.0,31.88618584667994,0.059871,0.059871,0.0,0.0,0.059871,0.0,0.0,0.0,0.059871,0.0,0.059871,0.0 
 07/21  13:51:00,34.0,19.089451242122024,31.892633334489272,19.089451242122024,0.0,9230.44762611073,31.892633334489272,0.0,0.0,0.059871,16.6,0.0,31.88941566426599,0.059871,0.059871,0.0,0.0,0.059871,0.0,0.0,0.0,0.059871,0.0,0.059871,0.0 
 07/21  13:52:00,34.0,19.087044157711873,31.895838891259526,19.087044157711873,0.0,9221.484814497917,31.895838891259526,0.0,0.0,0.059871,16.6,0.0,31.892633334489272,0.059871,0.059871,0.0,0.0,0.059871,0.0,0.0,0.0,0.059871,0.0,0.059871,0.0 
 07/21  13:53:00,34.0,19.084650980138882,31.899032423357337,19.084650980138882,0.0,9212.573882551796,31.899032423357337,0.0,0.0,0.059871,16.6,0.0,31.895838891259526,0.059871,0.059871,0.0,0.0,0.059871,0.0,0.0,0.0,0.059871,0.0,0.059871,0.0 
 07/21  13:54:00,34.0,19.082273028102104,31.902213932624125,19.082273028102104,0.0,9203.71968861683,31.902213932624125,0.0,0.0,0.059871,16.6,0.0,31.899032423357337,0.059871,0.059871,0.0,0.0,0.059871,0.0,0.0,0.0,0.059871,0.0,0.059871,0.0 
 07/21  13:55:00,34.0,19.07990878499419,31.905383547818868,19.07990878499419,0.0,9194.916652543092,31.905383547818868,0.0,0.0,0.059871,16.6,0.0,31.902213932624125,0.059871,0.059871,0.0,0.0,0.059871,0.0,0.0,0.0,0.059871,0.0,0.059871,0.0 
 07/21  13:56:00,34.0,19.077559550753772,31.908541262400632,19.077559550753772,0.0,9186.169548317657,31.908541262400632,0.0,0.0,0.059871,16.6,0.0,31.905383547818868,0.059871,0.059871,0.0,0.0,0.059871,0.0,0.0,0.0,0.059871,0.0,0.059871,0.0 
 07/21  13:57:00,34.0,19.07522383129715,31.911687172009508,19.07522383129715,0.0,9177.472864491974,31.911687172009508,0.0,0.0,0.059871,16.6,0.0,31.908541262400632,0.059871,0.059871,0.0,0.0,0.059871,0.0,0.0,0.0,0.059871,0.0,0.059871,0.0 
 07/21  13:58:00,34.0,19.07290290944236,31.914821310478043,19.07290290944236,0.0,9168.831311706785,31.914821310478043,0.0,0.0,0.059871,16.6,0.0,31.911687172009508,0.059871,0.059871,0.0,0.0,0.059871,0.0,0.0,0.0,0.059871,0.0,0.059871,0.0 
 07/21  13:59:00,34.0,19.07059531198436,31.917943762513197,19.07059531198436,0.0,9160.239485489561,31.917943762513197,0.0,0.0,0.059871,16.6,0.0,31.914821310478043,0.059871,0.059871,0.0,0.0,0.059871,0.0,0.0,0.0,0.059871,0.0,0.059871,0.0 
 07/21  14:00:00,34.0,19.06830230353021,31.921054529577393,19.06830230353021,0.0,9151.70201425678,31.921054529577393,0.0,0.0,0.059871,16.6,0.0,31.917943762513197,0.059871,0.059871,0.0,0.0,0.059871,0.0,0.0,0.0,0.059871,0.0,0.059871,0.0,49104000.0 
 07/21  14:01:00,34.0,19.066022432506653,31.924153736787844,19.066022432506653,0.0,9143.213558958769,31.924153736787844,0.0,0.0,0.059871,16.6,0.0,31.921054529577393,0.059871,0.059871,0.0,0.0,0.059871,0.0,0.0,0.0,0.059871,0.0,0.059871,0.0 
 07/21  14:02:00,34.0,19.063756946388903,31.92724137715287,19.063756946388903,0.0,9134.778699361432,31.92724137715287,0.0,0.0,0.059871,16.6,0.0,31.924153736787844,0.059871,0.059871,0.0,0.0,0.059871,0.0,0.0,0.0,0.059871,0.0,0.059871,0.0 
 07/21  14:03:00,34.0,19.061504414200186,31.930317542440054,19.061504414200186,0.0,9126.392172753058,31.930317542440054,0.0,0.0,0.059871,16.6,0.0,31.92724137715287,0.059871,0.059871,0.0,0.0,0.059871,0.0,0.0,0.0,0.059871,0.0,0.059871,0.0 
 07/21  14:04:00,34.0,19.05926606619344,31.933382266374583,19.05926606619344,0.0,9118.058495126828,31.933382266374583,0.0,0.0,0.059871,16.6,0.0,31.930317542440054,0.059871,0.059871,0.0,0.0,0.059871,0.0,0.0,0.0,0.059871,0.0,0.059871,0.0 
 07/21  14:05:00,34.0,19.057040492877807,31.936435629788235,19.057040492877807,0.0,9109.772454080681,31.936435629788235,0.0,0.0,0.059871,16.6,0.0,31.933382266374583,0.059871,0.059871,0.0,0.0,0.059871,0.0,0.0,0.0,0.059871,0.0,0.059871,0.0 
 07/21  14:06:00,34.0,19.054828906694425,31.9394776337686,19.054828906694425,0.0,9101.538558329248,31.9394776337686,0.0,0.0,0.059871,16.6,0.0,31.936435629788235,0.059871,0.059871,0.0,0.0,0.059871,0.0,0.0,0.0,0.059871,0.0,0.059871,0.0 
 07/21  14:07:00,34.0,19.052629917397905,31.942508399944646,19.052629917397905,0.0,9093.351637502219,31.942508399944646,0.0,0.0,0.059871,16.6,0.0,31.9394776337686,0.059871,0.059871,0.0,0.0,0.059871,0.0,0.0,0.0,0.059871,0.0,0.059871,0.0 
 07/21  14:08:00,34.0,19.0504447222555,31.94552792088726,19.0504447222555,0.0,9085.21611477995,31.94552792088726,0.0,0.0,0.059871,16.6,0.0,31.942508399944646,0.059871,0.059871,0.0,0.0,0.059871,0.0,0.0,0.0,0.059871,0.0,0.059871,0.0 
 07/21  14:09:00,34.0,19.048271950444985,31.9485362846752,19.048271950444985,0.0,9077.12693579389,31.9485362846752,0.0,0.0,0.059871,16.6,0.0,31.94552792088726,0.059871,0.059871,0.0,0.0,0.059871,0.0,0.0,0.0,0.059871,0.0,0.059871,0.0 
 07/21  14:10:00,34.0,19.04611278333698,31.951533524899947,19.04611278333698,0.0,9069.08843558504,31.951533524899947,0.0,0.0,0.059871,16.6,0.0,31.9485362846752,0.059871,0.059871,0.0,0.0,0.059871,0.0,0.0,0.0,0.059871,0.0,0.059871,0.0 
 07/21  14:11:00,34.0,19.043965869248687,31.954519718707417,19.043965869248687,0.0,9061.095645363112,31.954519718707417,0.0,0.0,0.059871,16.6,0.0,31.951533524899947,0.059871,0.059871,0.0,0.0,0.059871,0.0,0.0,0.0,0.059871,0.0,0.059871,0.0 
 07/21  14:12:00,34.0,19.041832372804738,31.957494866816084,19.041832372804738,0.0,9053.152852719159,31.957494866816084,0.0,0.0,0.059871,16.6,0.0,31.954519718707417,0.059871,0.059871,0.0,0.0,0.059871,0.0,0.0,0.0,0.059871,0.0,0.059871,0.0 
 07/21  14:13:00,34.0,19.039710961502372,31.96045908751299,19.039710961502372,0.0,9045.255130811343,31.96045908751299,0.0,0.0,0.059871,16.6,0.0,31.957494866816084,0.059871,0.059871,0.0,0.0,0.059871,0.0,0.0,0.0,0.059871,0.0,0.059871,0.0 
 07/21  14:14:00,34.0,19.037602785265445,31.96341237294535,19.037602785265445,0.0,9037.406712818742,31.96341237294535,0.0,0.0,0.059871,16.6,0.0,31.96045908751299,0.059871,0.059871,0.0,0.0,0.059871,0.0,0.0,0.0,0.059871,0.0,0.059871,0.0 
 07/21  14:15:00,34.0,19.035506529588385,31.966354807677494,19.035506529588385,0.0,9029.602767726228,31.966354807677494,0.0,0.0,0.059871,16.6,0.0,31.96341237294535,0.059871,0.059871,0.0,0.0,0.059871,0.0,0.0,0.0,0.059871,0.0,0.059871,0.0 
 07/21  14:16:00,34.0,19.033423328607572,31.969286425143096,19.033423328607572,0.0,9021.847455683761,31.969286425143096,0.0,0.0,0.059871,16.6,0.0,31.966354807677494,0.059871,0.059871,0.0,0.0,0.059871,0.0,0.0,0.0,0.059871,0.0,0.059871,0.0 
 07/21  14:17:00,34.0,19.031351887150382,31.97220729898173,19.031351887150382,0.0,9014.135988346985,31.97220729898173,0.0,0.0,0.059871,16.6,0.0,31.969286425143096,0.059871,0.059871,0.0,0.0,0.059871,0.0,0.0,0.0,0.059871,0.0,0.059871,0.0 
 07/21  14:18:00,34.0,19.02929332395864,31.975117429549204,19.02929332395864,0.0,9006.472512371489,31.975117429549204,0.0,0.0,0.059871,16.6,0.0,31.97220729898173,0.059871,0.059871,0.0,0.0,0.059871,0.0,0.0,0.0,0.059871,0.0,0.059871,0.0 
 07/21  14:19:00,34.0,19.027246360588194,31.978016931929872,19.027246360588194,0.0,8998.852301415754,31.978016931929872,0.0,0.0,0.059871,16.6,0.0,31.975117429549204,0.059871,0.059871,0.0,0.0,0.059871,0.0,0.0,0.0,0.059871,0.0,0.059871,0.0 
 07/21  14:20:00,34.0,19.025212101891473,31.980905797862007,19.025212101891473,0.0,8991.279407252568,31.980905797862007,0.0,0.0,0.059871,16.6,0.0,31.978016931929872,0.059871,0.059871,0.0,0.0,0.059871,0.0,0.0,0.0,0.059871,0.0,0.059871,0.0 
 07/21  14:21:00,34.0,19.02318928741247,31.983784108562073,19.02318928741247,0.0,8983.749199201626,31.983784108562073,0.0,0.0,0.059871,16.6,0.0,31.980905797862007,0.059871,0.059871,0.0,0.0,0.059871,0.0,0.0,0.0,0.059871,0.0,0.059871,0.0 
 07/21  14:22:00,34.0,19.021179006648232,31.986651897285615,19.021179006648232,0.0,8976.265686598614,31.986651897285615,0.0,0.0,0.059871,16.6,0.0,31.983784108562073,0.059871,0.059871,0.0,0.0,0.059871,0.0,0.0,0.0,0.059871,0.0,0.059871,0.0 
 07/21  14:23:00,34.0,19.019180016549285,31.989509234338016,19.019180016549285,0.0,8968.824274413546,31.989509234338016,0.0,0.0,0.059871,16.6,0.0,31.986651897285615,0.059871,0.059871,0.0,0.0,0.059871,0.0,0.0,0.0,0.059871,0.0,0.059871,0.0 
 07/21  14:24:00,34.0,19.01719339241856,31.992356119721556,19.01719339241856,0.0,8961.428933836636,31.992356119721556,0.0,0.0,0.059871,16.6,0.0,31.989509234338016,0.059871,0.059871,0.0,0.0,0.059871,0.0,0.0,0.0,0.059871,0.0,0.059871,0.0 
 07/21  14:25:00,34.0,19.015217908062255,31.995192665452162,19.015217908062255,0.0,8954.075132350308,31.995192665452162,0.0,0.0,0.059871,16.6,0.0,31.992356119721556,0.059871,0.059871,0.0,0.0,0.059871,0.0,0.0,0.0,0.059871,0.0,0.059871,0.0 
 07/21  14:26:00,34.0,19.013254624578234,31.99801886287634,19.013254624578234,0.0,8946.766788499284,31.99801886287634,0.0,0.0,0.059871,16.6,0.0,31.995192665452162,0.059871,0.059871,0.0,0.0,0.059871,0.0,0.0,0.0,0.059871,0.0,0.059871,0.0 
 07/21  14:27:00,34.0,19.011302332933994,32.00083479002272,19.011302332933994,0.0,8939.499419058717,32.00083479002272,0.0,0.0,0.059871,16.6,0.0,31.99801886287634,0.059871,0.059871,0.0,0.0,0.059871,0.0,0.0,0.0,0.059871,0.0,0.059871,0.0 
 07/21  14:28:00,34.0,19.009362080449087,32.00364047995241,19.009362080449087,0.0,8932.276905888215,32.00364047995241,0.0,0.0,0.059871,16.6,0.0,32.00083479002272,0.059871,0.059871,0.0,0.0,0.059871,0.0,0.0,0.0,0.059871,0.0,0.059871,0.0 
 07/21  14:29:00,34.0,19.00743267417645,32.00643599980151,19.00743267417645,0.0,8925.094825443299,32.00643599980151,0.0,0.0,0.059871,16.6,0.0,32.00364047995241,0.059871,0.059871,0.0,0.0,0.059871,0.0,0.0,0.0,0.059871,0.0,0.059871,0.0 
 07/21  14:30:00,34.0,19.00551514755353,32.00922134922977,19.00551514755353,0.0,8917.957008109403,32.00922134922977,0.0,0.0,0.059871,16.6,0.0,32.00643599980151,0.059871,0.059871,0.0,0.0,0.059871,0.0,0.0,0.0,0.059871,0.0,0.059871,0.0 
 07/21  14:31:00,34.0,19.003608322924425,32.011996637313075,19.003608322924425,0.0,8910.859101375681,32.011996637313075,0.0,0.0,0.059871,16.6,0.0,32.00922134922977,0.059871,0.059871,0.0,0.0,0.059871,0.0,0.0,0.0,0.059871,0.0,0.059871,0.0 
 07/21  14:32:00,34.0,19.00171322141785,32.014761855023934,19.00171322141785,0.0,8903.804847089168,32.014761855023934,0.0,0.0,0.059871,16.6,0.0,32.011996637313075,0.059871,0.059871,0.0,0.0,0.059871,0.0,0.0,0.0,0.059871,0.0,0.059871,0.0 
 07/21  14:33:00,34.0,18.999828681615075,32.01751707735511,18.999828681615075,0.0,8896.789981577625,32.01751707735511,0.0,0.0,0.059871,16.6,0.0,32.014761855023934,0.059871,0.059871,0.0,0.0,0.059871,0.0,0.0,0.0,0.059871,0.0,0.059871,0.0 
 07/21  14:34:00,34.0,18.997955710622612,32.020262337158485,18.997955710622612,0.0,8889.81820903341,32.020262337158485,0.0,0.0,0.059871,16.6,0.0,32.01751707735511,0.059871,0.059871,0.0,0.0,0.059871,0.0,0.0,0.0,0.059871,0.0,0.059871,0.0 
 07/21  14:35:00,34.0,18.996093162666227,32.02299769855671,18.996093162666227,0.0,8882.885295214124,32.02299769855671,0.0,0.0,0.059871,16.6,0.0,32.020262337158485,0.059871,0.059871,0.0,0.0,0.059871,0.0,0.0,0.0,0.059871,0.0,0.059871,0.0 
 07/21  14:36:00,34.0,18.99424203198086,32.02572316087751,18.99424203198086,0.0,8875.994910910318,32.02572316087751,0.0,0.0,0.059871,16.6,0.0,32.02299769855671,0.059871,0.059871,0.0,0.0,0.059871,0.0,0.0,0.0,0.059871,0.0,0.059871,0.0 
 07/21  14:37:00,34.0,18.99240118796708,32.02843883037748,18.99240118796708,0.0,8869.142878152861,32.02843883037748,0.0,0.0,0.059871,16.6,0.0,32.02572316087751,0.059871,0.059871,0.0,0.0,0.059871,0.0,0.0,0.0,0.059871,0.0,0.059871,0.0 
 07/21  14:38:00,34.0,18.99057161196807,32.031144697671984,18.99057161196807,0.0,8862.33281995666,32.031144697671984,0.0,0.0,0.059871,16.6,0.0,32.02843883037748,0.059871,0.059871,0.0,0.0,0.059871,0.0,0.0,0.0,0.059871,0.0,0.059871,0.0 
 07/21  14:39:00,34.0,18.98875218890086,32.03384083486116,18.98875218890086,0.0,8855.560601692738,32.03384083486116,0.0,0.0,0.059871,16.6,0.0,32.031144697671984,0.059871,0.059871,0.0,0.0,0.059871,0.0,0.0,0.0,0.059871,0.0,0.059871,0.0 
 07/21  14:40:00,34.0,18.98694388761021,32.03652727457389,18.98694388761021,0.0,8848.829814281999,32.03652727457389,0.0,0.0,0.059871,16.6,0.0,32.03384083486116,0.059871,0.059871,0.0,0.0,0.059871,0.0,0.0,0.0,0.059871,0.0,0.059871,0.0 
 07/21  14:41:00,34.0,18.985145606884362,32.03920407806664,18.985145606884362,0.0,8842.136388732484,32.03920407806664,0.0,0.0,0.059871,16.6,0.0,32.03652727457389,0.059871,0.059871,0.0,0.0,0.059871,0.0,0.0,0.0,0.059871,0.0,0.059871,0.0 
 07/21  14:42:00,34.0,18.983358302837235,32.04187124434571,18.983358302837235,0.0,8835.48385456329,32.04187124434571,0.0,0.0,0.059871,16.6,0.0,32.03920407806664,0.059871,0.059871,0.0,0.0,0.059871,0.0,0.0,0.0,0.059871,0.0,0.059871,0.0 
 07/21  14:43:00,34.0,18.981580890077392,32.044528876962744,18.981580890077392,0.0,8828.868173145438,32.044528876962744,0.0,0.0,0.059871,16.6,0.0,32.04187124434571,0.059871,0.059871,0.0,0.0,0.059871,0.0,0.0,0.0,0.059871,0.0,0.059871,0.0 
 07/21  14:44:00,34.0,18.97981431235762,32.047176966192765,18.97981431235762,0.0,8822.292870676765,32.047176966192765,0.0,0.0,0.059871,16.6,0.0,32.044528876962744,0.059871,0.059871,0.0,0.0,0.059871,0.0,0.0,0.0,0.059871,0.0,0.059871,0.0 
 07/21  14:45:00,34.0,18.978057498093904,32.04981558137916,18.978057498093904,0.0,8815.753945613764,32.04981558137916,0.0,0.0,0.059871,16.6,0.0,32.047176966192765,0.059871,0.059871,0.0,0.0,0.059871,0.0,0.0,0.0,0.059871,0.0,0.059871,0.0 
 07/21  14:46:00,34.0,18.976311379439007,32.052444754915804,18.976311379439007,0.0,8809.254866981795,32.052444754915804,0.0,0.0,0.059871,16.6,0.0,32.04981558137916,0.059871,0.059871,0.0,0.0,0.059871,0.0,0.0,0.0,0.059871,0.0,0.059871,0.0 
 07/21  14:47:00,34.0,18.97457489829171,32.055064545332925,18.97457489829171,0.0,8802.791711544996,32.055064545332925,0.0,0.0,0.059871,16.6,0.0,32.052444754915804,0.059871,0.059871,0.0,0.0,0.059871,0.0,0.0,0.0,0.059871,0.0,0.059871,0.0 
 07/21  14:48:00,34.0,18.97284897531772,32.057674951326796,18.97284897531772,0.0,8796.367877496514,32.057674951326796,0.0,0.0,0.059871,16.6,0.0,32.055064545332925,0.059871,0.059871,0.0,0.0,0.059871,0.0,0.0,0.0,0.059871,0.0,0.059871,0.0 
 07/21  14:49:00,34.0,18.971132565718445,32.06027607385332,18.971132565718445,0.0,8789.979519144727,32.06027607385332,0.0,0.0,0.059871,16.6,0.0,32.057674951326796,0.059871,0.059871,0.0,0.0,0.059871,0.0,0.0,0.0,0.059871,0.0,0.059871,0.0 
 07/21  14:50:00,34.0,18.9694265789375,32.062867902864774,18.9694265789375,0.0,8783.629964926917,32.062867902864774,0.0,0.0,0.059871,16.6,0.0,32.06027607385332,0.059871,0.059871,0.0,0.0,0.059871,0.0,0.0,0.0,0.059871,0.0,0.059871,0.0 
 07/21  14:51:00,34.0,18.96772998453677,32.0654505050775,18.96772998453677,0.0,8777.315422410193,32.0654505050775,0.0,0.0,0.059871,16.6,0.0,32.062867902864774,0.059871,0.059871,0.0,0.0,0.059871,0.0,0.0,0.0,0.059871,0.0,0.059871,0.0 
 07/21  14:52:00,34.0,18.966043679927925,32.06802391264059,18.966043679927925,0.0,8771.039203615283,32.06802391264059,0.0,0.0,0.059871,16.6,0.0,32.0654505050775,0.059871,0.059871,0.0,0.0,0.059871,0.0,0.0,0.0,0.059871,0.0,0.059871,0.0 
 07/21  14:53:00,34.0,18.96436664751783,32.070588181491225,18.96436664751783,0.0,8764.797549646468,32.070588181491225,0.0,0.0,0.059871,16.6,0.0,32.06802391264059,0.059871,0.059871,0.0,0.0,0.059871,0.0,0.0,0.0,0.059871,0.0,0.059871,0.0 
 07/21  14:54:00,34.0,18.962699773935917,32.07314331002741,18.962699773935917,0.0,8758.593718547658,32.07314331002741,0.0,0.0,0.059871,16.6,0.0,32.070588181491225,0.059871,0.059871,0.0,0.0,0.059871,0.0,0.0,0.0,0.059871,0.0,0.059871,0.0 
 07/21  14:55:00,34.0,18.961042054898357,32.07568939671256,18.961042054898357,0.0,8752.424014816937,32.07568939671256,0.0,0.0,0.059871,16.6,0.0,32.07314331002741,0.059871,0.059871,0.0,0.0,0.059871,0.0,0.0,0.0,0.059871,0.0,0.059871,0.0 
 07/21  14:56:00,34.0,18.959394365184046,32.078226431193116,18.959394365184046,0.0,8746.29166660639,32.078226431193116,0.0,0.0,0.059871,16.6,0.0,32.07568939671256,0.059871,0.059871,0.0,0.0,0.059871,0.0,0.0,0.0,0.059871,0.0,0.059871,0.0 
 07/21  14:57:00,34.0,18.95775571372312,32.08075447768063,18.95775571372312,0.0,8740.192999374325,32.08075447768063,0.0,0.0,0.059871,16.6,0.0,32.078226431193116,0.059871,0.059871,0.0,0.0,0.059871,0.0,0.0,0.0,0.059871,0.0,0.059871,0.0 
 07/21  14:58:00,34.0,18.95612696457526,32.08327356807014,18.95612696457526,0.0,8734.131215563893,32.08327356807014,0.0,0.0,0.059871,16.6,0.0,32.08075447768063,0.059871,0.059871,0.0,0.0,0.059871,0.0,0.0,0.0,0.059871,0.0,0.059871,0.0 
 07/21  14:59:00,34.0,18.95450713935803,32.085783755831656,18.95450713935803,0.0,8728.102687697152,32.085783755831656,0.0,0.0,0.059871,16.6,0.0,32.08327356807014,0.059871,0.059871,0.0,0.0,0.059871,0.0,0.0,0.0,0.059871,0.0,0.059871,0.0 
 07/21  15:00:00,34.0,18.952897091245983,32.088285039076766,18.952897091245983,0.0,8722.11057785984,32.088285039076766,0.0,0.0,0.059871,16.6,0.0,32.085783755831656,0.059871,0.059871,0.0,0.0,0.059871,0.0,0.0,0.0,0.059871,0.0,0.059871,0.0,49104000.0 
 07/21  15:01:00,34.0,18.951295854279085,32.090777513874635,18.951295854279085,0.0,8716.151304654404,32.090777513874635,0.0,0.0,0.059871,16.6,0.0,32.088285039076766,0.059871,0.059871,0.0,0.0,0.059871,0.0,0.0,0.0,0.059871,0.0,0.059871,0.0 
 07/21  15:02:00,34.0,18.949704271590363,32.09326116958348,18.949704271590363,0.0,8710.227979001833,32.09326116958348,0.0,0.0,0.059871,16.6,0.0,32.090777513874635,0.059871,0.059871,0.0,0.0,0.059871,0.0,0.0,0.0,0.059871,0.0,0.059871,0.0 
 07/21  15:03:00,34.0,18.948121389634675,32.095736068027065,18.948121389634675,0.0,8704.337079512507,32.095736068027065,0.0,0.0,0.059871,16.6,0.0,32.09326116958348,0.059871,0.059871,0.0,0.0,0.059871,0.0,0.0,0.0,0.059871,0.0,0.059871,0.0 
 07/21  15:04:00,34.0,18.946548040859877,32.09820224083965,18.946548040859877,0.0,8698.481677513137,32.09820224083965,0.0,0.0,0.059871,16.6,0.0,32.095736068027065,0.059871,0.059871,0.0,0.0,0.059871,0.0,0.0,0.0,0.059871,0.0,0.059871,0.0 
 07/21  15:05:00,34.0,18.944983283591004,32.10065973914449,18.944983283591004,0.0,8692.658295623924,32.10065973914449,0.0,0.0,0.059871,16.6,0.0,32.09820224083965,0.059871,0.059871,0.0,0.0,0.059871,0.0,0.0,0.0,0.059871,0.0,0.059871,0.0 
 07/21  15:06:00,34.0,18.943427939837683,32.103108560779546,18.943427939837683,0.0,8686.869966492904,32.103108560779546,0.0,0.0,0.059871,16.6,0.0,32.10065973914449,0.059871,0.059871,0.0,0.0,0.059871,0.0,0.0,0.0,0.059871,0.0,0.059871,0.0 
 07/21  15:07:00,34.0,18.941881079817804,32.105548799513414,18.941881079817804,0.0,8681.113256833563,32.105548799513414,0.0,0.0,0.059871,16.6,0.0,32.103108560779546,0.059871,0.059871,0.0,0.0,0.059871,0.0,0.0,0.0,0.059871,0.0,0.059871,0.0 
 07/21  15:08:00,34.0,18.940343515396385,32.107980444433494,18.940343515396385,0.0,8675.391161703861,32.107980444433494,0.0,0.0,0.059871,16.6,0.0,32.105548799513414,0.059871,0.059871,0.0,0.0,0.059871,0.0,0.0,0.0,0.059871,0.0,0.059871,0.0 
 07/21  15:09:00,34.0,18.93881432855392,32.11040355508624,18.93881432855392,0.0,8669.700291427089,32.11040355508624,0.0,0.0,0.059871,16.6,0.0,32.107980444433494,0.059871,0.059871,0.0,0.0,0.059871,0.0,0.0,0.0,0.059871,0.0,0.059871,0.0 
 07/21  15:10:00,34.0,18.937294321163414,32.11281816283839,18.937294321163414,0.0,8664.043604036975,32.11281816283839,0.0,0.0,0.059871,16.6,0.0,32.11040355508624,0.059871,0.059871,0.0,0.0,0.059871,0.0,0.0,0.0,0.059871,0.0,0.059871,0.0 
 07/21  15:11:00,34.0,18.93578258738118,32.115224316579365,18.93578258738118,0.0,8658.417741156522,32.115224316579365,0.0,0.0,0.059871,16.6,0.0,32.11281816283839,0.059871,0.059871,0.0,0.0,0.059871,0.0,0.0,0.0,0.059871,0.0,0.059871,0.0 
 07/21  15:12:00,34.0,18.9342799193308,32.117622013884855,18.9342799193308,0.0,8652.825638556038,32.117622013884855,0.0,0.0,0.059871,16.6,0.0,32.115224316579365,0.059871,0.059871,0.0,0.0,0.059871,0.0,0.0,0.0,0.059871,0.0,0.059871,0.0 
 07/21  15:13:00,34.0,18.9327854223278,32.120011346310186,18.9327854223278,0.0,8647.263979250502,32.120011346310186,0.0,0.0,0.059871,16.6,0.0,32.117622013884855,0.059871,0.059871,0.0,0.0,0.059871,0.0,0.0,0.0,0.059871,0.0,0.059871,0.0 
 07/21  15:14:00,34.0,18.931299878531004,32.12239230268766,18.931299878531004,0.0,8641.735662066721,32.12239230268766,0.0,0.0,0.059871,16.6,0.0,32.120011346310186,0.059871,0.059871,0.0,0.0,0.059871,0.0,0.0,0.0,0.059871,0.0,0.059871,0.0 
 07/21  15:15:00,34.0,18.929822404336296,32.124764940390094,18.929822404336296,0.0,8636.237411118524,32.124764940390094,0.0,0.0,0.059871,16.6,0.0,32.12239230268766,0.059871,0.059871,0.0,0.0,0.059871,0.0,0.0,0.0,0.059871,0.0,0.059871,0.0 
 07/21  15:16:00,34.0,18.9283537722898,32.12712929051044,18.9283537722898,0.0,8630.772089594615,32.12712929051044,0.0,0.0,0.059871,16.6,0.0,32.124764940390094,0.059871,0.059871,0.0,0.0,0.059871,0.0,0.0,0.0,0.059871,0.0,0.059871,0.0 
 07/21  15:17:00,34.0,18.926893109842158,32.129485399811344,18.926893109842158,0.0,8625.336462612077,32.129485399811344,0.0,0.0,0.059871,16.6,0.0,32.12712929051044,0.059871,0.059871,0.0,0.0,0.059871,0.0,0.0,0.0,0.059871,0.0,0.059871,0.0 
 07/21  15:18:00,34.0,18.92544118071348,32.1318332656181,18.92544118071348,0.0,8619.933346866219,32.1318332656181,0.0,0.0,0.059871,16.6,0.0,32.129485399811344,0.059871,0.059871,0.0,0.0,0.059871,0.0,0.0,0.0,0.059871,0.0,0.059871,0.0 
 07/21  15:19:00,34.0,18.923997122751892,32.13417297735648,18.923997122751892,0.0,8614.559573593393,32.13417297735648,0.0,0.0,0.059871,16.6,0.0,32.1318332656181,0.059871,0.059871,0.0,0.0,0.059871,0.0,0.0,0.0,0.059871,0.0,0.059871,0.0 
 07/21  15:20:00,34.0,18.92256169004178,32.13650452362059,18.92256169004178,0.0,8609.21791000403,32.13650452362059,0.0,0.0,0.059871,16.6,0.0,32.13417297735648,0.059871,0.059871,0.0,0.0,0.059871,0.0,0.0,0.0,0.059871,0.0,0.059871,0.0 
 07/21  15:21:00,34.0,18.921134031733672,32.138827959709495,18.921134031733672,0.0,8603.905215472605,32.138827959709495,0.0,0.0,0.059871,16.6,0.0,32.13650452362059,0.059871,0.059871,0.0,0.0,0.059871,0.0,0.0,0.0,0.059871,0.0,0.059871,0.0 
 07/21  15:22:00,34.0,18.919714892960663,32.141143316438594,18.919714892960663,0.0,8598.624237824652,32.141143316438594,0.0,0.0,0.059871,16.6,0.0,32.138827959709495,0.059871,0.059871,0.0,0.0,0.059871,0.0,0.0,0.0,0.059871,0.0,0.059871,0.0 
 07/21  15:23:00,34.0,18.918303433898473,32.14345063854673,18.918303433898473,0.0,8593.371863582783,32.14345063854673,0.0,0.0,0.059871,16.6,0.0,32.141143316438594,0.059871,0.059871,0.0,0.0,0.059871,0.0,0.0,0.0,0.059871,0.0,0.059871,0.0 
 07/21  15:24:00,34.0,18.91690038994012,32.14574992312186,18.91690038994012,0.0,8588.150831939398,32.14574992312186,0.0,0.0,0.059871,16.6,0.0,32.14345063854673,0.059871,0.059871,0.0,0.0,0.059871,0.0,0.0,0.0,0.059871,0.0,0.059871,0.0 
 07/21  15:25:00,34.0,18.91550493060357,32.14804125754063,18.91550493060357,0.0,8582.958064040831,32.14804125754063,0.0,0.0,0.059871,16.6,0.0,32.14574992312186,0.059871,0.059871,0.0,0.0,0.059871,0.0,0.0,0.0,0.059871,0.0,0.059871,0.0 
 07/21  15:26:00,34.0,18.91411778279932,32.15032463017621,18.91411778279932,0.0,8577.796240193939,32.15032463017621,0.0,0.0,0.059871,16.6,0.0,32.14804125754063,0.059871,0.059871,0.0,0.0,0.059871,0.0,0.0,0.0,0.059871,0.0,0.059871,0.0 
 07/21  15:27:00,34.0,18.91273812734261,32.1526000943489,18.91273812734261,0.0,8572.662323471504,32.1526000943489,0.0,0.0,0.059871,16.6,0.0,32.15032463017621,0.059871,0.059871,0.0,0.0,0.059871,0.0,0.0,0.0,0.059871,0.0,0.059871,0.0 
 07/21  15:28:00,34.0,18.911366681991456,32.154867680593554,18.911366681991456,0.0,8567.558987650613,32.154867680593554,0.0,0.0,0.059871,16.6,0.0,32.1526000943489,0.059871,0.059871,0.0,0.0,0.059871,0.0,0.0,0.0,0.059871,0.0,0.059871,0.0 
 07/21  15:29:00,34.0,18.9100026372678,32.15712743172267,18.9100026372678,0.0,8562.483218109941,32.15712743172267,0.0,0.0,0.059871,16.6,0.0,32.154867680593554,0.059871,0.059871,0.0,0.0,0.059871,0.0,0.0,0.0,0.059871,0.0,0.059871,0.0 
 07/21  15:30:00,34.0,18.908646703346466,32.15937934459954,18.908646703346466,0.0,8557.437633177036,32.15937934459954,0.0,0.0,0.059871,16.6,0.0,32.15712743172267,0.059871,0.059871,0.0,0.0,0.059871,0.0,0.0,0.0,0.059871,0.0,0.059871,0.0 
 07/21  15:31:00,34.0,18.90729807979001,32.16162350462745,18.90729807979001,0.0,8552.419306435086,32.16162350462745,0.0,0.0,0.059871,16.6,0.0,32.15937934459954,0.059871,0.059871,0.0,0.0,0.059871,0.0,0.0,0.0,0.059871,0.0,0.059871,0.0 
 07/21  15:32:00,34.0,18.905957468237958,32.16385989997494,18.905957468237958,0.0,8547.430783610274,32.16385989997494,0.0,0.0,0.059871,16.6,0.0,32.16162350462745,0.059871,0.059871,0.0,0.0,0.059871,0.0,0.0,0.0,0.059871,0.0,0.059871,0.0 
 07/21  15:33:00,34.0,18.90462407817713,32.16608858207309,18.90462407817713,0.0,8542.469188697345,32.16608858207309,0.0,0.0,0.059871,16.6,0.0,32.16385989997494,0.059871,0.059871,0.0,0.0,0.059871,0.0,0.0,0.0,0.059871,0.0,0.059871,0.0 
 07/21  15:34:00,34.0,18.90329860223425,32.168309581173155,18.90329860223425,0.0,8537.537047705546,32.168309581173155,0.0,0.0,0.059871,16.6,0.0,32.16608858207309,0.059871,0.059871,0.0,0.0,0.059871,0.0,0.0,0.0,0.059871,0.0,0.059871,0.0 
 07/21  15:35:00,34.0,18.901980260590406,32.17052293825282,18.901980260590406,0.0,8532.63148334896,32.17052293825282,0.0,0.0,0.059871,16.6,0.0,32.168309581173155,0.059871,0.059871,0.0,0.0,0.059871,0.0,0.0,0.0,0.059871,0.0,0.059871,0.0 
 07/21  15:36:00,34.0,18.90066973794354,32.172728649961975,18.90066973794354,0.0,8527.755019560445,32.172728649961975,0.0,0.0,0.059871,16.6,0.0,32.17052293825282,0.059871,0.059871,0.0,0.0,0.059871,0.0,0.0,0.0,0.059871,0.0,0.059871,0.0 
 07/21  15:37:00,34.0,18.89936626317518,32.17492679980095,18.89936626317518,0.0,8522.904824902116,32.17492679980095,0.0,0.0,0.059871,16.6,0.0,32.172728649961975,0.059871,0.059871,0.0,0.0,0.059871,0.0,0.0,0.0,0.059871,0.0,0.059871,0.0 
 07/21  15:38:00,34.0,18.898070512316853,32.17711737574786,18.898070512316853,0.0,8518.083377582416,32.17711737574786,0.0,0.0,0.059871,16.6,0.0,32.17492679980095,0.059871,0.059871,0.0,0.0,0.059871,0.0,0.0,0.0,0.059871,0.0,0.059871,0.0 
 07/21  15:39:00,34.0,18.8967817236429,32.17930042742751,18.8967817236429,0.0,8513.28788096358,32.17930042742751,0.0,0.0,0.059871,16.6,0.0,32.17711737574786,0.059871,0.059871,0.0,0.0,0.059871,0.0,0.0,0.0,0.059871,0.0,0.059871,0.0 
 07/21  15:40:00,34.0,18.895500565859383,32.18147598480319,18.895500565859383,0.0,8508.520772561114,32.18147598480319,0.0,0.0,0.059871,16.6,0.0,32.17930042742751,0.059871,0.059871,0.0,0.0,0.059871,0.0,0.0,0.0,0.059871,0.0,0.059871,0.0 
 07/21  15:41:00,34.0,18.894226286741084,32.18364408710279,18.894226286741084,0.0,8503.779304524023,32.18364408710279,0.0,0.0,0.059871,16.6,0.0,32.18147598480319,0.059871,0.059871,0.0,0.0,0.059871,0.0,0.0,0.0,0.059871,0.0,0.059871,0.0 
 07/21  15:42:00,34.0,18.8929595462576,32.18580473077266,18.8929595462576,0.0,8499.065895586224,32.18580473077266,0.0,0.0,0.059871,16.6,0.0,32.18364408710279,0.059871,0.059871,0.0,0.0,0.059871,0.0,0.0,0.0,0.059871,0.0,0.059871,0.0 
 07/21  15:43:00,34.0,18.891699602147177,32.1879579974765,18.891699602147177,0.0,8494.377794132843,32.1879579974765,0.0,0.0,0.059871,16.6,0.0,32.18580473077266,0.059871,0.059871,0.0,0.0,0.059871,0.0,0.0,0.0,0.059871,0.0,0.059871,0.0 
 07/21  15:44:00,34.0,18.890447106215188,32.19010387501616,18.890447106215188,0.0,8489.717429327797,32.19010387501616,0.0,0.0,0.059871,16.6,0.0,32.1879579974765,0.059871,0.059871,0.0,0.0,0.059871,0.0,0.0,0.0,0.059871,0.0,0.059871,0.0 
 07/21  15:45:00,34.0,18.88920132425321,32.192242411290046,18.88920132425321,0.0,8485.082079399122,32.192242411290046,0.0,0.0,0.059871,16.6,0.0,32.19010387501616,0.059871,0.059871,0.0,0.0,0.059871,0.0,0.0,0.0,0.059871,0.0,0.059871,0.0 
 07/21  15:46:00,34.0,18.88796290066608,32.19437363597167,18.88796290066608,0.0,8480.47411899368,32.19437363597167,0.0,0.0,0.059871,16.6,0.0,32.192242411290046,0.059871,0.059871,0.0,0.0,0.059871,0.0,0.0,0.0,0.059871,0.0,0.059871,0.0 
 07/21  15:47:00,34.0,18.886731111065302,32.196497586622336,18.886731111065302,0.0,8475.890862780292,32.196497586622336,0.0,0.0,0.059871,16.6,0.0,32.19437363597167,0.059871,0.059871,0.0,0.0,0.059871,0.0,0.0,0.0,0.059871,0.0,0.059871,0.0 
 07/21  15:48:00,34.0,18.885506592380583,32.198614259497255,18.885506592380583,0.0,8471.334671240029,32.198614259497255,0.0,0.0,0.059871,16.6,0.0,32.196497586622336,0.059871,0.059871,0.0,0.0,0.059871,0.0,0.0,0.0,0.059871,0.0,0.059871,0.0 
 07/21  15:49:00,34.0,18.884288628083475,32.20072373448898,18.884288628083475,0.0,8466.80290168797,32.20072373448898,0.0,0.0,0.059871,16.6,0.0,32.198614259497255,0.059871,0.059871,0.0,0.0,0.059871,0.0,0.0,0.0,0.059871,0.0,0.059871,0.0 
 07/21  15:50:00,34.0,18.883077847117953,32.202825999238975,18.883077847117953,0.0,8462.297871489758,32.202825999238975,0.0,0.0,0.059871,16.6,0.0,32.20072373448898,0.059871,0.059871,0.0,0.0,0.059871,0.0,0.0,0.0,0.059871,0.0,0.059871,0.0 
 07/21  15:51:00,34.0,18.881873541632356,32.204921099996334,18.881873541632356,0.0,8457.816970121803,32.204921099996334,0.0,0.0,0.059871,16.6,0.0,32.202825999238975,0.059871,0.059871,0.0,0.0,0.059871,0.0,0.0,0.0,0.059871,0.0,0.059871,0.0 
 07/21  15:52:00,34.0,18.88067633390335,32.20700906614405,18.88067633390335,0.0,8453.36247677809,32.20700906614405,0.0,0.0,0.059871,16.6,0.0,32.204921099996334,0.059871,0.059871,0.0,0.0,0.059871,0.0,0.0,0.0,0.059871,0.0,0.059871,0.0 
 07/21  15:53:00,34.0,18.879485524835353,32.20908993365539,18.879485524835353,0.0,8448.931826877564,32.20908993365539,0.0,0.0,0.059871,16.6,0.0,32.20700906614405,0.059871,0.059871,0.0,0.0,0.059871,0.0,0.0,0.0,0.059871,0.0,0.059871,0.0 
 07/21  15:54:00,34.0,18.878301729180272,32.21116369860562,18.878301729180272,0.0,8444.527271751853,32.21116369860562,0.0,0.0,0.059871,16.6,0.0,32.20908993365539,0.059871,0.059871,0.0,0.0,0.059871,0.0,0.0,0.0,0.059871,0.0,0.059871,0.0 
 07/21  15:55:00,34.0,18.877124255991003,32.213230439176684,18.877124255991003,0.0,8440.146277006188,32.213230439176684,0.0,0.0,0.059871,16.6,0.0,32.21116369860562,0.059871,0.059871,0.0,0.0,0.059871,0.0,0.0,0.0,0.059871,0.0,0.059871,0.0 
 07/21  15:56:00,34.0,18.875953712620078,32.2152901428634,18.875953712620078,0.0,8435.791066574526,32.2152901428634,0.0,0.0,0.059871,16.6,0.0,32.213230439176684,0.059871,0.059871,0.0,0.0,0.059871,0.0,0.0,0.0,0.059871,0.0,0.059871,0.0 
 07/21  15:57:00,34.0,18.874789416349206,32.21734285433716,18.874789416349206,0.0,8431.459136546058,32.21734285433716,0.0,0.0,0.059871,16.6,0.0,32.2152901428634,0.059871,0.059871,0.0,0.0,0.059871,0.0,0.0,0.0,0.059871,0.0,0.059871,0.0 
 07/21  15:58:00,34.0,18.873631967374102,32.21938860268878,18.873631967374102,0.0,8427.152684355955,32.21938860268878,0.0,0.0,0.059871,16.6,0.0,32.21734285433716,0.059871,0.059871,0.0,0.0,0.059871,0.0,0.0,0.0,0.059871,0.0,0.059871,0.0 
 07/21  15:59:00,34.0,18.872480691732573,32.22142742237715,18.872480691732573,0.0,8422.869225114915,32.22142742237715,0.0,0.0,0.059871,16.6,0.0,32.21938860268878,0.059871,0.059871,0.0,0.0,0.059871,0.0,0.0,0.0,0.059871,0.0,0.059871,0.0 
 07/21  16:00:00,34.0,18.871336182081023,32.22345930930822,18.871336182081023,0.0,8418.610955182681,32.22345930930822,0.0,0.0,0.059871,16.6,0.0,32.22142742237715,0.059871,0.059871,0.0,0.0,0.059871,0.0,0.0,0.0,0.059871,0.0,0.059871,0.0,49104000.0 
 07/21  16:01:00,34.0,18.87019777217998,32.22548434001119,18.87019777217998,0.0,8414.375404868797,32.22548434001119,0.0,0.0,0.059871,16.6,0.0,32.22345930930822,0.059871,0.059871,0.0,0.0,0.059871,0.0,0.0,0.0,0.059871,0.0,0.059871,0.0 
 07/21  16:02:00,34.0,18.869066048278928,32.22750250184831,18.869066048278928,0.0,8410.164733388698,32.22750250184831,0.0,0.0,0.059871,16.6,0.0,32.22548434001119,0.059871,0.059871,0.0,0.0,0.059871,0.0,0.0,0.0,0.059871,0.0,0.059871,0.0 
 07/21  16:03:00,34.0,18.867940352290965,32.22951383798217,18.867940352290965,0.0,8405.976514692675,32.22951383798217,0.0,0.0,0.059871,16.6,0.0,32.22750250184831,0.059871,0.059871,0.0,0.0,0.059871,0.0,0.0,0.0,0.059871,0.0,0.059871,0.0 
 07/21  16:04:00,34.0,18.866821262873316,32.231518377211344,18.866821262873316,0.0,8401.812893246592,32.231518377211344,0.0,0.0,0.059871,16.6,0.0,32.22951383798217,0.059871,0.059871,0.0,0.0,0.059871,0.0,0.0,0.0,0.059871,0.0,0.059871,0.0 
 07/21  16:05:00,34.0,18.865708130049526,32.23351615255146,18.865708130049526,0.0,8397.671446294993,32.23351615255146,0.0,0.0,0.059871,16.6,0.0,32.231518377211344,0.059871,0.059871,0.0,0.0,0.059871,0.0,0.0,0.0,0.059871,0.0,0.059871,0.0 
 07/21  16:06:00,34.0,18.86460152588803,32.23550715975051,18.86460152588803,0.0,8393.554307266273,32.23550715975051,0.0,0.0,0.059871,16.6,0.0,32.23351615255146,0.059871,0.059871,0.0,0.0,0.059871,0.0,0.0,0.0,0.059871,0.0,0.059871,0.0 
 07/21  16:07:00,34.0,18.863500807534447,32.23749147374041,18.863500807534447,0.0,8389.459093187783,32.23749147374041,0.0,0.0,0.059871,16.6,0.0,32.23550715975051,0.059871,0.059871,0.0,0.0,0.059871,0.0,0.0,0.0,0.059871,0.0,0.059871,0.0 
 07/21  16:08:00,34.0,18.862406540725797,32.23946908176451,18.862406540725797,0.0,8385.387887282053,32.23946908176451,0.0,0.0,0.059871,16.6,0.0,32.23749147374041,0.059871,0.059871,0.0,0.0,0.059871,0.0,0.0,0.0,0.059871,0.0,0.059871,0.0 
 07/21  16:09:00,34.0,18.86131809105339,32.241440025541515,18.86131809105339,0.0,8381.338337915098,32.241440025541515,0.0,0.0,0.059871,16.6,0.0,32.23946908176451,0.059871,0.059871,0.0,0.0,0.059871,0.0,0.0,0.0,0.059871,0.0,0.059871,0.0 
 07/21  16:10:00,34.0,18.860236017143016,32.24340433357695,18.860236017143016,0.0,8377.312528655648,32.24340433357695,0.0,0.0,0.059871,16.6,0.0,32.241440025541515,0.059871,0.059871,0.0,0.0,0.059871,0.0,0.0,0.0,0.059871,0.0,0.059871,0.0 
 07/21  16:11:00,34.0,18.859159691664043,32.24536203750889,18.859159691664043,0.0,8373.308120767233,32.24536203750889,0.0,0.0,0.059871,16.6,0.0,32.24340433357695,0.059871,0.059871,0.0,0.0,0.059871,0.0,0.0,0.0,0.059871,0.0,0.059871,0.0 
 07/21  16:12:00,34.0,18.858089666605213,32.247313132936185,18.858089666605213,0.0,8369.32717320175,32.247313132936185,0.0,0.0,0.059871,16.6,0.0,32.24536203750889,0.059871,0.059871,0.0,0.0,0.059871,0.0,0.0,0.0,0.059871,0.0,0.059871,0.0 
 07/21  16:13:00,34.0,18.857025322127612,32.249257693243734,18.857025322127612,0.0,8365.36737501709,32.249257693243734,0.0,0.0,0.059871,16.6,0.0,32.247313132936185,0.059871,0.059871,0.0,0.0,0.059871,0.0,0.0,0.0,0.059871,0.0,0.059871,0.0 
 07/21  16:14:00,34.0,18.85596720444416,32.25119570556671,18.85596720444416,0.0,8361.430750434014,32.25119570556671,0.0,0.0,0.059871,16.6,0.0,32.249257693243734,0.059871,0.059871,0.0,0.0,0.059871,0.0,0.0,0.0,0.059871,0.0,0.059871,0.0 
 07/21  16:15:00,34.0,18.85491470118694,32.25312721023923,18.85491470118694,0.0,8357.515029548113,32.25312721023923,0.0,0.0,0.059871,16.6,0.0,32.25119570556671,0.059871,0.059871,0.0,0.0,0.059871,0.0,0.0,0.0,0.059871,0.0,0.059871,0.0 
 07/21  16:16:00,34.0,18.853868351415635,32.25505223547145,18.853868351415635,0.0,8353.622223357255,32.25505223547145,0.0,0.0,0.059871,16.6,0.0,32.25312721023923,0.059871,0.059871,0.0,0.0,0.059871,0.0,0.0,0.0,0.059871,0.0,0.059871,0.0 
 07/21  16:17:00,34.0,18.852827550215228,32.25697081158521,18.852827550215228,0.0,8349.75006300008,32.25697081158521,0.0,0.0,0.059871,16.6,0.0,32.25505223547145,0.059871,0.059871,0.0,0.0,0.059871,0.0,0.0,0.0,0.059871,0.0,0.059871,0.0 
 07/21  16:18:00,34.0,18.85179283055259,32.25888293403858,18.85179283055259,0.0,8345.900550175165,32.25888293403858,0.0,0.0,0.059871,16.6,0.0,32.25697081158521,0.059871,0.059871,0.0,0.0,0.059871,0.0,0.0,0.0,0.059871,0.0,0.059871,0.0 
 07/21  16:19:00,34.0,18.850763594041926,32.26078867471776,18.850763594041926,0.0,8342.071453532186,32.26078867471776,0.0,0.0,0.059871,16.6,0.0,32.25888293403858,0.059871,0.059871,0.0,0.0,0.059871,0.0,0.0,0.0,0.059871,0.0,0.059871,0.0 
 07/21  16:20:00,34.0,18.849740367821585,32.2626880206614,18.849740367821585,0.0,8338.264726586236,32.2626880206614,0.0,0.0,0.059871,16.6,0.0,32.26078867471776,0.059871,0.059871,0.0,0.0,0.059871,0.0,0.0,0.0,0.059871,0.0,0.059871,0.0 
 07/21  16:21:00,34.0,18.848722560783177,32.26458101087717,18.848722560783177,0.0,8334.478178263667,32.26458101087717,0.0,0.0,0.059871,16.6,0.0,32.2626880206614,0.059871,0.059871,0.0,0.0,0.059871,0.0,0.0,0.0,0.059871,0.0,0.059871,0.0 
 07/21  16:22:00,34.0,18.84771069392714,32.26646767327988,18.84771069392714,0.0,8330.71373932773,32.26646767327988,0.0,0.0,0.059871,16.6,0.0,32.26458101087717,0.059871,0.059871,0.0,0.0,0.059871,0.0,0.0,0.0,0.059871,0.0,0.059871,0.0 
 07/21  16:23:00,34.0,18.84670418297393,32.268348036935194,18.84670418297393,0.0,8326.969244026022,32.268348036935194,0.0,0.0,0.059871,16.6,0.0,32.26646767327988,0.059871,0.059871,0.0,0.0,0.059871,0.0,0.0,0.0,0.059871,0.0,0.059871,0.0 
 07/21  16:24:00,34.0,18.845703543367097,32.27022209717012,18.845703543367097,0.0,8323.246589285412,32.27022209717012,0.0,0.0,0.059871,16.6,0.0,32.268348036935194,0.059871,0.059871,0.0,0.0,0.059871,0.0,0.0,0.0,0.059871,0.0,0.059871,0.0 
 07/21  16:25:00,34.0,18.844708197165495,32.272089924419284,18.844708197165495,0.0,8319.543659339655,32.272089924419284,0.0,0.0,0.059871,16.6,0.0,32.27022209717012,0.059871,0.059871,0.0,0.0,0.059871,0.0,0.0,0.0,0.059871,0.0,0.059871,0.0 
 07/21  16:26:00,34.0,18.843718653515918,32.27395150563676,18.843718653515918,0.0,8315.86231454377,32.27395150563676,0.0,0.0,0.059871,16.6,0.0,32.272089924419284,0.059871,0.059871,0.0,0.0,0.059871,0.0,0.0,0.0,0.059871,0.0,0.059871,0.0 
 07/21  16:27:00,34.0,18.842734341225302,32.275806878559315,18.842734341225302,0.0,8312.200464126276,32.275806878559315,0.0,0.0,0.059871,16.6,0.0,32.27395150563676,0.059871,0.059871,0.0,0.0,0.059871,0.0,0.0,0.0,0.059871,0.0,0.059871,0.0 
 07/21  16:28:00,34.0,18.841755763663098,32.277656070806884,18.841755763663098,0.0,8308.559947053609,32.277656070806884,0.0,0.0,0.059871,16.6,0.0,32.275806878559315,0.059871,0.059871,0.0,0.0,0.059871,0.0,0.0,0.0,0.059871,0.0,0.059871,0.0 
 07/21  16:29:00,34.0,18.840782357556684,32.279499110246185,18.840782357556684,0.0,8304.938675483332,32.279499110246185,0.0,0.0,0.059871,16.6,0.0,32.277656070806884,0.059871,0.059871,0.0,0.0,0.059871,0.0,0.0,0.0,0.059871,0.0,0.059871,0.0 
 07/21  16:30:00,34.0,18.839814619554662,32.28133599208283,18.839814619554662,0.0,8301.338516330747,32.28133599208283,0.0,0.0,0.059871,16.6,0.0,32.279499110246185,0.059871,0.059871,0.0,0.0,0.059871,0.0,0.0,0.0,0.059871,0.0,0.059871,0.0 
 07/21  16:31:00,34.0,18.83885199233128,32.28316678534513,18.83885199233128,0.0,8297.757377380603,32.28316678534513,0.0,0.0,0.059871,16.6,0.0,32.28133599208283,0.059871,0.059871,0.0,0.0,0.059871,0.0,0.0,0.0,0.059871,0.0,0.059871,0.0 
 07/21  16:32:00,34.0,18.837894967324964,32.28499147691458,18.837894967324964,0.0,8294.19709302365,32.28499147691458,0.0,0.0,0.059871,16.6,0.0,32.28316678534513,0.059871,0.059871,0.0,0.0,0.059871,0.0,0.0,0.0,0.059871,0.0,0.059871,0.0 
 07/21  16:33:00,34.0,18.836942994025804,32.28681010331031,18.836942994025804,0.0,8290.655609540623,32.28681010331031,0.0,0.0,0.059871,16.6,0.0,32.28499147691458,0.059871,0.059871,0.0,0.0,0.059871,0.0,0.0,0.0,0.059871,0.0,0.059871,0.0 
 07/21  16:34:00,34.0,18.835996558165142,32.28862269185841,18.835996558165142,0.0,8287.134740155225,32.28862269185841,0.0,0.0,0.059871,16.6,0.0,32.28681010331031,0.059871,0.059871,0.0,0.0,0.059871,0.0,0.0,0.0,0.059871,0.0,0.059871,0.0 
 07/21  16:35:00,34.0,18.835055115494285,32.290429269281006,18.835055115494285,0.0,8283.632454376297,32.290429269281006,0.0,0.0,0.059871,16.6,0.0,32.28862269185841,0.059871,0.059871,0.0,0.0,0.059871,0.0,0.0,0.0,0.059871,0.0,0.059871,0.0 
 07/21  16:36:00,34.0,18.83411914602604,32.292229830671324,18.83411914602604,0.0,8280.150544218313,32.292229830671324,0.0,0.0,0.059871,16.6,0.0,32.290429269281006,0.059871,0.059871,0.0,0.0,0.059871,0.0,0.0,0.0,0.059871,0.0,0.059871,0.0 
 07/21  16:37:00,34.0,18.83318811122705,32.294024443693665,18.83318811122705,0.0,8276.687013549505,32.294024443693665,0.0,0.0,0.059871,16.6,0.0,32.292229830671324,0.059871,0.059871,0.0,0.0,0.059871,0.0,0.0,0.0,0.059871,0.0,0.059871,0.0 
 07/21  16:38:00,34.0,18.832262486047348,32.295813095167446,18.832262486047348,0.0,8273.243609289948,32.295813095167446,0.0,0.0,0.059871,16.6,0.0,32.294024443693665,0.059871,0.059871,0.0,0.0,0.059871,0.0,0.0,0.0,0.059871,0.0,0.059871,0.0 
 07/21  16:39:00,34.0,18.831341739111824,32.29759582044355,18.831341739111824,0.0,8269.818361865973,32.29759582044355,0.0,0.0,0.059871,16.6,0.0,32.295813095167446,0.059871,0.059871,0.0,0.0,0.059871,0.0,0.0,0.0,0.059871,0.0,0.059871,0.0 
 07/21  16:40:00,34.0,18.83042634003382,32.29937264655408,18.83042634003382,0.0,8266.413011583554,32.29937264655408,0.0,0.0,0.059871,16.6,0.0,32.29759582044355,0.059871,0.059871,0.0,0.0,0.059871,0.0,0.0,0.0,0.059871,0.0,0.059871,0.0 
 07/21  16:41:00,34.0,18.82951576214297,32.30114359912703,18.82951576214297,0.0,8263.02563257569,32.30114359912703,0.0,0.0,0.059871,16.6,0.0,32.29937264655408,0.059871,0.059871,0.0,0.0,0.059871,0.0,0.0,0.0,0.059871,0.0,0.059871,0.0 
 07/21  16:42:00,34.0,18.828610469696482,32.30290867315092,18.828610469696482,0.0,8259.657905885724,32.30290867315092,0.0,0.0,0.059871,16.6,0.0,32.30114359912703,0.059871,0.059871,0.0,0.0,0.059871,0.0,0.0,0.0,0.059871,0.0,0.059871,0.0 
 07/21  16:43:00,34.0,18.82770994305994,32.30466793496562,18.82770994305994,0.0,8256.307931726324,32.30466793496562,0.0,0.0,0.059871,16.6,0.0,32.30290867315092,0.059871,0.059871,0.0,0.0,0.059871,0.0,0.0,0.0,0.059871,0.0,0.059871,0.0 
 07/21  16:44:00,34.0,18.826814641476197,32.30642137133816,18.826814641476197,0.0,8252.977385721064,32.30642137133816,0.0,0.0,0.059871,16.6,0.0,32.30466793496562,0.059871,0.059871,0.0,0.0,0.059871,0.0,0.0,0.0,0.059871,0.0,0.059871,0.0 
 07/21  16:45:00,34.0,18.825924051141175,32.308169016497885,18.825924051141175,0.0,8249.664389675621,32.308169016497885,0.0,0.0,0.059871,16.6,0.0,32.30642137133816,0.059871,0.059871,0.0,0.0,0.059871,0.0,0.0,0.0,0.059871,0.0,0.059871,0.0 
 07/21  16:46:00,34.0,18.82503862461768,32.30991089718317,18.82503862461768,0.0,8246.370620679027,32.30991089718317,0.0,0.0,0.059871,16.6,0.0,32.308169016497885,0.059871,0.059871,0.0,0.0,0.059871,0.0,0.0,0.0,0.059871,0.0,0.059871,0.0 
 07/21  16:47:00,34.0,18.824157854811844,32.31164703797603,18.824157854811844,0.0,8243.09417297674,32.31164703797603,0.0,0.0,0.059871,16.6,0.0,32.30991089718317,0.059871,0.059871,0.0,0.0,0.059871,0.0,0.0,0.0,0.059871,0.0,0.059871,0.0 
 07/21  16:48:00,34.0,18.823282189679052,32.313377433768125,18.823282189679052,0.0,8239.836732793028,32.313377433768125,0.0,0.0,0.059871,16.6,0.0,32.31164703797603,0.059871,0.059871,0.0,0.0,0.059871,0.0,0.0,0.0,0.059871,0.0,0.059871,0.0 
 07/21  16:49:00,34.0,18.822411128033355,32.31510214961304,18.822411128033355,0.0,8236.596416300803,32.31510214961304,0.0,0.0,0.059871,16.6,0.0,32.313377433768125,0.059871,0.059871,0.0,0.0,0.059871,0.0,0.0,0.0,0.059871,0.0,0.059871,0.0 
 07/21  16:50:00,34.0,18.821545112497876,32.31682117223504,18.821545112497876,0.0,8233.374889936767,32.31682117223504,0.0,0.0,0.059871,16.6,0.0,32.31510214961304,0.059871,0.059871,0.0,0.0,0.059871,0.0,0.0,0.0,0.059871,0.0,0.059871,0.0 
 07/21  16:51:00,34.0,18.820683646931407,32.318534534786764,18.820683646931407,0.0,8230.170301673465,32.318534534786764,0.0,0.0,0.059871,16.6,0.0,32.31682117223504,0.059871,0.059871,0.0,0.0,0.059871,0.0,0.0,0.0,0.059871,0.0,0.059871,0.0 
 07/21  16:52:00,34.0,18.819827169275992,32.32024226371346,18.819827169275992,0.0,8226.98427442473,32.32024226371346,0.0,0.0,0.059871,16.6,0.0,32.318534534786764,0.059871,0.059871,0.0,0.0,0.059871,0.0,0.0,0.0,0.059871,0.0,0.059871,0.0 
 07/21  16:53:00,34.0,18.818975189417785,32.3219443825971,18.818975189417785,0.0,8223.814991598316,32.3219443825971,0.0,0.0,0.059871,16.6,0.0,32.32024226371346,0.059871,0.059871,0.0,0.0,0.059871,0.0,0.0,0.0,0.059871,0.0,0.059871,0.0 
 07/21  16:54:00,34.0,18.818128140888213,32.32364088624014,18.818128140888213,0.0,8220.664046705006,32.32364088624014,0.0,0.0,0.059871,16.6,0.0,32.3219443825971,0.059871,0.059871,0.0,0.0,0.059871,0.0,0.0,0.0,0.059871,0.0,0.059871,0.0 
 07/21  16:55:00,34.0,18.81728553865591,32.32533183844644,18.81728553865591,0.0,8217.529668111847,32.32533183844644,0.0,0.0,0.059871,16.6,0.0,32.32364088624014,0.059871,0.059871,0.0,0.0,0.059871,0.0,0.0,0.0,0.059871,0.0,0.059871,0.0 
 07/21  16:56:00,34.0,18.816447810330153,32.32701722590706,18.816447810330153,0.0,8214.413427373896,32.32701722590706,0.0,0.0,0.059871,16.6,0.0,32.32533183844644,0.059871,0.059871,0.0,0.0,0.059871,0.0,0.0,0.0,0.059871,0.0,0.059871,0.0 
 07/21  16:57:00,34.0,18.815614477430834,32.328697080740994,18.815614477430834,0.0,8211.313537992519,32.328697080740994,0.0,0.0,0.059871,16.6,0.0,32.32701722590706,0.059871,0.059871,0.0,0.0,0.059871,0.0,0.0,0.0,0.059871,0.0,0.059871,0.0 
 07/21  16:58:00,34.0,18.814785963201107,32.33037142910171,18.814785963201107,0.0,8208.231581448981,32.33037142910171,0.0,0.0,0.059871,16.6,0.0,32.328697080740994,0.059871,0.059871,0.0,0.0,0.059871,0.0,0.0,0.0,0.059871,0.0,0.059871,0.0 
 07/21  16:59:00,34.0,18.81396179343263,32.33204029361544,18.81396179343263,0.0,8205.165813148884,32.33204029361544,0.0,0.0,0.059871,16.6,0.0,32.33037142910171,0.059871,0.059871,0.0,0.0,0.059871,0.0,0.0,0.0,0.059871,0.0,0.059871,0.0 
 07/21  17:00:00,34.0,18.81314238717911,32.3337036690034,18.81314238717911,0.0,8202.117746914864,32.3337036690034,0.0,0.0,0.059871,16.6,0.0,32.33204029361544,0.059871,0.059871,0.0,0.0,0.059871,0.0,0.0,0.0,0.059871,0.0,0.059871,0.0,49104000.0 
 07/21  17:01:00,34.0,18.81232727609514,32.33536161785486,18.81232727609514,0.0,8199.085685942646,32.33536161785486,0.0,0.0,0.059871,16.6,0.0,32.3337036690034,0.059871,0.059871,0.0,0.0,0.059871,0.0,0.0,0.0,0.059871,0.0,0.059871,0.0 
 07/21  17:02:00,34.0,18.811516873853506,32.33701412683684,18.811516873853506,0.0,8196.071137154286,32.33701412683684,0.0,0.0,0.059871,16.6,0.0,32.33536161785486,0.059871,0.059871,0.0,0.0,0.059871,0.0,0.0,0.0,0.059871,0.0,0.059871,0.0 
 07/21  17:03:00,34.0,18.810710717159445,32.338661227075264,18.810710717159445,0.0,8193.072409416687,32.338661227075264,0.0,0.0,0.059871,16.6,0.0,32.33701412683684,0.059871,0.059871,0.0,0.0,0.059871,0.0,0.0,0.0,0.059871,0.0,0.059871,0.0 
 07/21  17:04:00,34.0,18.809909215590846,32.34030294443252,18.809909215590846,0.0,8190.0909814956,32.34030294443252,0.0,0.0,0.059871,16.6,0.0,32.338661227075264,0.059871,0.059871,0.0,0.0,0.059871,0.0,0.0,0.0,0.059871,0.0,0.059871,0.0 
 07/21  17:05:00,34.0,18.809111911424385,32.341939300620254,18.809111911424385,0.0,8187.1251959026085,32.341939300620254,0.0,0.0,0.059871,16.6,0.0,32.34030294443252,0.059871,0.059871,0.0,0.0,0.059871,0.0,0.0,0.0,0.059871,0.0,0.059871,0.0 
 07/21  17:06:00,34.0,18.80831920892301,32.34357029028493,18.80831920892301,0.0,8184.176524725594,32.34357029028493,0.0,0.0,0.059871,16.6,0.0,32.341939300620254,0.059871,0.059871,0.0,0.0,0.059871,0.0,0.0,0.0,0.059871,0.0,0.059871,0.0 
 07/21  17:07:00,34.0,18.807530655879038,32.345195974833835,18.807530655879038,0.0,8181.243304908107,32.345195974833835,0.0,0.0,0.059871,16.6,0.0,32.34357029028493,0.059871,0.059871,0.0,0.0,0.059871,0.0,0.0,0.0,0.059871,0.0,0.059871,0.0 
 07/21  17:08:00,34.0,18.80674665215311,32.34681634091788,18.80674665215311,0.0,8178.3270052370835,32.34681634091788,0.0,0.0,0.059871,16.6,0.0,32.345195974833835,0.059871,0.059871,0.0,0.0,0.059871,0.0,0.0,0.0,0.059871,0.0,0.059871,0.0 
 07/21  17:09:00,34.0,18.805966750686185,32.34843141870795,18.805966750686185,0.0,8175.425981733456,32.34843141870795,0.0,0.0,0.059871,16.6,0.0,32.34681634091788,0.059871,0.059871,0.0,0.0,0.059871,0.0,0.0,0.0,0.059871,0.0,0.059871,0.0 
 07/21  17:10:00,34.0,18.80519134669057,32.35004123377605,18.80519134669057,0.0,8172.541685965898,32.35004123377605,0.0,0.0,0.059871,16.6,0.0,32.34843141870795,0.059871,0.059871,0.0,0.0,0.059871,0.0,0.0,0.0,0.059871,0.0,0.059871,0.0 
 07/21  17:11:00,34.0,18.80441999813367,32.35164580695834,18.80441999813367,0.0,8169.672492579784,32.35164580695834,0.0,0.0,0.059871,16.6,0.0,32.35004123377605,0.059871,0.059871,0.0,0.0,0.059871,0.0,0.0,0.0,0.059871,0.0,0.059871,0.0 
 07/21  17:12:00,34.0,18.803653095706604,32.35324513283308,18.803653095706604,0.0,8166.819836396721,32.35324513283308,0.0,0.0,0.059871,16.6,0.0,32.35164580695834,0.059871,0.059871,0.0,0.0,0.059871,0.0,0.0,0.0,0.059871,0.0,0.059871,0.0 
 07/21  17:13:00,34.0,18.80289020241951,32.35483927165706,18.80289020241951,0.0,8163.982110746824,32.35483927165706,0.0,0.0,0.059871,16.6,0.0,32.35324513283308,0.059871,0.059871,0.0,0.0,0.059871,0.0,0.0,0.0,0.059871,0.0,0.059871,0.0 
 07/21  17:14:00,34.0,18.802131704537235,32.3564282100731,18.802131704537235,0.0,8161.160734056443,32.3564282100731,0.0,0.0,0.059871,16.6,0.0,32.35483927165706,0.059871,0.059871,0.0,0.0,0.059871,0.0,0.0,0.0,0.059871,0.0,0.059871,0.0 
 07/21  17:15:00,34.0,18.801377170061468,32.35801197733377,18.801377170061468,0.0,8158.354118150642,32.35801197733377,0.0,0.0,0.059871,16.6,0.0,32.3564282100731,0.059871,0.059871,0.0,0.0,0.059871,0.0,0.0,0.0,0.059871,0.0,0.059871,0.0 
 07/21  17:16:00,34.0,18.80062698144451,32.35959059872188,18.80062698144451,0.0,8155.563654396315,32.35959059872188,0.0,0.0,0.059871,16.6,0.0,32.35801197733377,0.059871,0.059871,0.0,0.0,0.059871,0.0,0.0,0.0,0.059871,0.0,0.059871,0.0 
 07/21  17:17:00,34.0,18.799880711150973,32.36116409423593,18.799880711150973,0.0,8152.787797036522,32.36116409423593,0.0,0.0,0.059871,16.6,0.0,32.35959059872188,0.059871,0.059871,0.0,0.0,0.059871,0.0,0.0,0.0,0.059871,0.0,0.059871,0.0 
 07/21  17:18:00,34.0,18.79913873699077,32.36273245839275,18.79913873699077,0.0,8150.027907308163,32.36273245839275,0.0,0.0,0.059871,16.6,0.0,32.36116409423593,0.059871,0.059871,0.0,0.0,0.059871,0.0,0.0,0.0,0.059871,0.0,0.059871,0.0 
 07/21  17:19:00,34.0,18.79840063683733,32.36429575032924,18.79840063683733,0.0,8147.282446551917,32.36429575032924,0.0,0.0,0.059871,16.6,0.0,32.36273245839275,0.059871,0.059871,0.0,0.0,0.059871,0.0,0.0,0.0,0.059871,0.0,0.059871,0.0 
 07/21  17:20:00,34.0,18.79766678387005,32.36585395668829,18.79766678387005,0.0,8144.552784724647,32.36585395668829,0.0,0.0,0.059871,16.6,0.0,32.36429575032924,0.059871,0.059871,0.0,0.0,0.059871,0.0,0.0,0.0,0.059871,0.0,0.059871,0.0 
 07/21  17:21:00,34.0,18.796936760544657,32.36740710583966,18.796936760544657,0.0,8141.837387206538,32.36740710583966,0.0,0.0,0.059871,16.6,0.0,32.36585395668829,0.059871,0.059871,0.0,0.0,0.059871,0.0,0.0,0.0,0.059871,0.0,0.059871,0.0 
 07/21  17:22:00,34.0,18.796210936404126,32.36895522277873,18.796210936404126,0.0,8139.137597576901,32.36895522277873,0.0,0.0,0.059871,16.6,0.0,32.36740710583966,0.059871,0.059871,0.0,0.0,0.059871,0.0,0.0,0.0,0.059871,0.0,0.059871,0.0 
 07/21  17:23:00,34.0,18.795488898865013,32.3704983267024,18.795488898865013,0.0,8136.451912515768,32.3704983267024,0.0,0.0,0.059871,16.6,0.0,32.36895522277873,0.059871,0.059871,0.0,0.0,0.059871,0.0,0.0,0.0,0.059871,0.0,0.059871,0.0 
 07/21  17:24:00,34.0,18.79477101260728,32.37203641207255,18.79477101260728,0.0,8133.781670497688,32.37203641207255,0.0,0.0,0.059871,16.6,0.0,32.3704983267024,0.059871,0.059871,0.0,0.0,0.059871,0.0,0.0,0.0,0.059871,0.0,0.059871,0.0 
 07/21  17:25:00,34.0,18.79405687000015,32.37356953693517,18.79405687000015,0.0,8131.125360739279,32.37356953693517,0.0,0.0,0.059871,16.6,0.0,32.37203641207255,0.059871,0.059871,0.0,0.0,0.059871,0.0,0.0,0.0,0.059871,0.0,0.059871,0.0 
 07/21  17:26:00,34.0,18.793346831793105,32.37509768794039,18.793346831793105,0.0,8128.4843200615205,32.37509768794039,0.0,0.0,0.059871,16.6,0.0,32.37356953693517,0.059871,0.059871,0.0,0.0,0.059871,0.0,0.0,0.0,0.059871,0.0,0.059871,0.0 
 07/21  17:27:00,34.0,18.792640494403816,32.37662089260802,18.792640494403816,0.0,8125.8570655755375,32.37662089260802,0.0,0.0,0.059871,16.6,0.0,32.37509768794039,0.059871,0.059871,0.0,0.0,0.059871,0.0,0.0,0.0,0.059871,0.0,0.059871,0.0 
 07/21  17:28:00,34.0,18.79193821486459,32.3781391756467,18.79193821486459,0.0,8123.244894549207,32.3781391756467,0.0,0.0,0.059871,16.6,0.0,32.37662089260802,0.059871,0.059871,0.0,0.0,0.059871,0.0,0.0,0.0,0.059871,0.0,0.059871,0.0 
 07/21  17:29:00,34.0,18.79123959440387,32.37965255548502,18.79123959440387,0.0,8120.646354808596,32.37965255548502,0.0,0.0,0.059871,16.6,0.0,32.3781391756467,0.059871,0.059871,0.0,0.0,0.059871,0.0,0.0,0.0,0.059871,0.0,0.059871,0.0 
 07/21  17:30:00,34.0,18.79054498601222,32.38116102653503,18.79054498601222,0.0,8118.0627286602385,32.38116102653503,0.0,0.0,0.059871,16.6,0.0,32.37965255548502,0.059871,0.059871,0.0,0.0,0.059871,0.0,0.0,0.0,0.059871,0.0,0.059871,0.0 
 07/21  17:31:00,34.0,18.78985399532929,32.382664645778775,18.78985399532929,0.0,8115.49258026464,32.382664645778775,0.0,0.0,0.059871,16.6,0.0,32.38116102653503,0.059871,0.059871,0.0,0.0,0.059871,0.0,0.0,0.0,0.059871,0.0,0.059871,0.0 
 07/21  17:32:00,34.0,18.78916697128137,32.38416339988003,18.78916697128137,0.0,8112.937176883502,32.38416339988003,0.0,0.0,0.059871,16.6,0.0,32.382664645778775,0.059871,0.059871,0.0,0.0,0.059871,0.0,0.0,0.0,0.059871,0.0,0.059871,0.0 
 07/21  17:33:00,34.0,18.788483523937842,32.38565731554002,18.788483523937842,0.0,8110.395099080401,32.38565731554002,0.0,0.0,0.059871,16.6,0.0,32.38416339988003,0.059871,0.059871,0.0,0.0,0.059871,0.0,0.0,0.0,0.059871,0.0,0.059871,0.0 
 07/21  17:34:00,34.0,18.787803998289554,32.38714641718196,18.787803998289554,0.0,8107.867599549431,32.38714641718196,0.0,0.0,0.059871,16.6,0.0,32.38565731554002,0.059871,0.059871,0.0,0.0,0.059871,0.0,0.0,0.0,0.059871,0.0,0.059871,0.0 
 07/21  17:35:00,34.0,18.78712800882454,32.38863072249855,18.78712800882454,0.0,8105.353275216357,32.38863072249855,0.0,0.0,0.059871,16.6,0.0,32.38714641718196,0.059871,0.059871,0.0,0.0,0.059871,0.0,0.0,0.0,0.059871,0.0,0.059871,0.0 
 07/21  17:36:00,34.0,18.786455896654957,32.39011022585795,18.786455896654957,0.0,8102.853364417892,32.39011022585795,0.0,0.0,0.059871,16.6,0.0,32.38863072249855,0.059871,0.059871,0.0,0.0,0.059871,0.0,0.0,0.0,0.059871,0.0,0.059871,0.0 
 07/21  17:37:00,34.0,18.785787281190434,32.39158498320521,18.785787281190434,0.0,8100.3664694655845,32.39158498320521,0.0,0.0,0.059871,16.6,0.0,32.39011022585795,0.059871,0.059871,0.0,0.0,0.059871,0.0,0.0,0.0,0.059871,0.0,0.059871,0.0 
 07/21  17:38:00,34.0,18.785122499245798,32.393054981224914,18.785122499245798,0.0,8097.8938384721005,32.393054981224914,0.0,0.0,0.059871,16.6,0.0,32.39158498320521,0.059871,0.059871,0.0,0.0,0.059871,0.0,0.0,0.0,0.059871,0.0,0.059871,0.0 
 07/21  17:39:00,34.0,18.784461174223306,32.39452024583051,18.784461174223306,0.0,8095.434075696567,32.39452024583051,0.0,0.0,0.059871,16.6,0.0,32.393054981224914,0.059871,0.059871,0.0,0.0,0.059871,0.0,0.0,0.0,0.059871,0.0,0.059871,0.0 
 07/21  17:40:00,34.0,18.783803639127694,32.395980801161855,18.783803639127694,0.0,8092.988415130571,32.395980801161855,0.0,0.0,0.059871,16.6,0.0,32.39452024583051,0.059871,0.059871,0.0,0.0,0.059871,0.0,0.0,0.0,0.059871,0.0,0.059871,0.0 
 07/21  17:41:00,34.0,18.78314952228153,32.39743666420721,18.78314952228153,0.0,8090.555466449418,32.39743666420721,0.0,0.0,0.059871,16.6,0.0,32.395980801161855,0.059871,0.059871,0.0,0.0,0.059871,0.0,0.0,0.0,0.059871,0.0,0.059871,0.0 
 07/21  17:42:00,34.0,18.782499153132242,32.39888782929686,18.782499153132242,0.0,8088.136463291917,32.39888782929686,0.0,0.0,0.059871,16.6,0.0,32.39743666420721,0.059871,0.059871,0.0,0.0,0.059871,0.0,0.0,0.0,0.059871,0.0,0.059871,0.0 
 07/21  17:43:00,34.0,18.781852163475374,32.40033435136478,18.781852163475374,0.0,8085.730041031256,32.40033435136478,0.0,0.0,0.059871,16.6,0.0,32.39888782929686,0.059871,0.059871,0.0,0.0,0.059871,0.0,0.0,0.0,0.059871,0.0,0.059871,0.0 
 07/21  17:44:00,34.0,18.78120887872937,32.40177621712321,18.78120887872937,0.0,8083.337405542693,32.40177621712321,0.0,0.0,0.059871,16.6,0.0,32.40033435136478,0.059871,0.059871,0.0,0.0,0.059871,0.0,0.0,0.0,0.059871,0.0,0.059871,0.0 
 07/21  17:45:00,34.0,18.780568935483743,32.40321345172731,18.780568935483743,0.0,8080.957197164098,32.40321345172731,0.0,0.0,0.059871,16.6,0.0,32.40177621712321,0.059871,0.059871,0.0,0.0,0.059871,0.0,0.0,0.0,0.059871,0.0,0.059871,0.0 
 07/21  17:46:00,34.0,18.779932655787473,32.404646079035686,18.779932655787473,0.0,8078.5906220969855,32.404646079035686,0.0,0.0,0.059871,16.6,0.0,32.40321345172731,0.059871,0.059871,0.0,0.0,0.059871,0.0,0.0,0.0,0.059871,0.0,0.059871,0.0 
 07/21  17:47:00,34.0,18.779299679695278,32.40607411536214,18.779299679695278,0.0,8076.236346331029,32.40607411536214,0.0,0.0,0.059871,16.6,0.0,32.404646079035686,0.059871,0.059871,0.0,0.0,0.059871,0.0,0.0,0.0,0.059871,0.0,0.059871,0.0 
 07/21  17:48:00,34.0,18.778670325912557,32.407497555004866,18.778670325912557,0.0,8073.895538068377,32.407497555004866,0.0,0.0,0.059871,16.6,0.0,32.40607411536214,0.059871,0.059871,0.0,0.0,0.059871,0.0,0.0,0.0,0.059871,0.0,0.059871,0.0 
 07/21  17:49:00,34.0,18.77804423818261,32.408916451911715,18.77804423818261,0.0,8071.566902563022,32.408916451911715,0.0,0.0,0.059871,16.6,0.0,32.407497555004866,0.059871,0.059871,0.0,0.0,0.059871,0.0,0.0,0.0,0.059871,0.0,0.059871,0.0 
 07/21  17:50:00,34.0,18.777421732066937,32.410330792829036,18.777421732066937,0.0,8069.251570791189,32.410330792829036,0.0,0.0,0.059871,16.6,0.0,32.408916451911715,0.059871,0.059871,0.0,0.0,0.059871,0.0,0.0,0.0,0.059871,0.0,0.059871,0.0 
 07/21  17:51:00,34.0,18.776802456081565,32.411740602181396,18.776802456081565,0.0,8066.948265693982,32.411740602181396,0.0,0.0,0.059871,16.6,0.0,32.410330792829036,0.059871,0.059871,0.0,0.0,0.059871,0.0,0.0,0.0,0.059871,0.0,0.059871,0.0 
 07/21  17:52:00,34.0,18.77618672117712,32.413145903547765,18.77618672117712,0.0,8064.658139526446,32.413145903547765,0.0,0.0,0.059871,16.6,0.0,32.411740602181396,0.059871,0.059871,0.0,0.0,0.059871,0.0,0.0,0.0,0.059871,0.0,0.059871,0.0 
 07/21  17:53:00,34.0,18.775574179834088,32.414546712595175,18.775574179834088,0.0,8062.379891566593,32.414546712595175,0.0,0.0,0.059871,16.6,0.0,32.413145903547765,0.059871,0.059871,0.0,0.0,0.059871,0.0,0.0,0.0,0.059871,0.0,0.059871,0.0 
 07/21  17:54:00,34.0,18.774965139710094,32.41594302359414,18.774965139710094,0.0,8060.114674645874,32.41594302359414,0.0,0.0,0.059871,16.6,0.0,32.414546712595175,0.059871,0.059871,0.0,0.0,0.059871,0.0,0.0,0.0,0.059871,0.0,0.059871,0.0 
 07/21  17:55:00,34.0,18.774359257286438,32.41733488952903,18.774359257286438,0.0,8057.861202880795,32.41733488952903,0.0,0.0,0.059871,16.6,0.0,32.41594302359414,0.059871,0.059871,0.0,0.0,0.059871,0.0,0.0,0.0,0.059871,0.0,0.059871,0.0 
 07/21  17:56:00,34.0,18.773756836753755,32.41872229718524,18.773756836753755,0.0,8055.620616245628,32.41872229718524,0.0,0.0,0.059871,16.6,0.0,32.41733488952903,0.059871,0.059871,0.0,0.0,0.059871,0.0,0.0,0.0,0.059871,0.0,0.059871,0.0 
 07/21  17:57:00,34.0,18.77315753841749,32.42010527028238,18.77315753841749,0.0,8053.391643040454,32.42010527028238,0.0,0.0,0.059871,16.6,0.0,32.41872229718524,0.059871,0.059871,0.0,0.0,0.059871,0.0,0.0,0.0,0.059871,0.0,0.059871,0.0 
 07/21  17:58:00,34.0,18.772561663028853,32.42148383212097,18.772561663028853,0.0,8051.175410484648,32.42148383212097,0.0,0.0,0.059871,16.6,0.0,32.42010527028238,0.059871,0.059871,0.0,0.0,0.059871,0.0,0.0,0.0,0.059871,0.0,0.059871,0.0 
 07/21  17:59:00,34.0,18.771968874706108,32.42285799774771,18.771968874706108,0.0,8048.970661019707,32.42285799774771,0.0,0.0,0.059871,16.6,0.0,32.42148383212097,0.059871,0.059871,0.0,0.0,0.059871,0.0,0.0,0.0,0.059871,0.0,0.059871,0.0 
 07/21  18:00:00,34.0,18.771379470831107,32.4242277614102,18.771379470831107,0.0,8046.778509369888,32.4242277614102,0.0,0.0,0.059871,16.6,0.0,32.42285799774771,0.059871,0.059871,0.0,0.0,0.059871,0.0,0.0,0.0,0.059871,0.0,0.059871,0.0,49104000.0 
 07/21  18:01:00,34.0,18.770793119303267,32.42559317515214,18.770793119303267,0.0,8044.597712000632,32.42559317515214,0.0,0.0,0.059871,16.6,0.0,32.4242277614102,0.059871,0.059871,0.0,0.0,0.059871,0.0,0.0,0.0,0.059871,0.0,0.059871,0.0 
 07/21  18:02:00,34.0,18.770210114729977,32.42695422580387,18.770210114729977,0.0,8042.4293606084575,32.42695422580387,0.0,0.0,0.059871,16.6,0.0,32.42559317515214,0.059871,0.059871,0.0,0.0,0.059871,0.0,0.0,0.0,0.059871,0.0,0.059871,0.0 
 07/21  18:03:00,34.0,18.76963012884213,32.42831093640573,18.76963012884213,0.0,8040.272238613966,32.42831093640573,0.0,0.0,0.059871,16.6,0.0,32.42695422580387,0.059871,0.059871,0.0,0.0,0.059871,0.0,0.0,0.0,0.059871,0.0,0.059871,0.0 
 07/21  18:04:00,34.0,18.769053452184806,32.42966332998205,18.769053452184806,0.0,8038.127435388092,32.42966332998205,0.0,0.0,0.059871,16.6,0.0,32.42831093640573,0.059871,0.059871,0.0,0.0,0.059871,0.0,0.0,0.0,0.059871,0.0,0.059871,0.0 
 07/21  18:05:00,34.0,18.768479759843707,32.43101142098498,18.768479759843707,0.0,8035.993734050007,32.43101142098498,0.0,0.0,0.059871,16.6,0.0,32.42966332998205,0.059871,0.059871,0.0,0.0,0.059871,0.0,0.0,0.0,0.059871,0.0,0.059871,0.0 
 07/21  18:06:00,34.0,18.767909339194443,32.43235520364379,18.767909339194443,0.0,8033.872212216679,32.43235520364379,0.0,0.0,0.059871,16.6,0.0,32.43101142098498,0.059871,0.059871,0.0,0.0,0.059871,0.0,0.0,0.0,0.059871,0.0,0.059871,0.0 
 07/21  18:07:00,34.0,18.767341869164213,32.43369472908282,18.767341869164213,0.0,8031.761667254291,32.43369472908282,0.0,0.0,0.059871,16.6,0.0,32.43235520364379,0.059871,0.059871,0.0,0.0,0.059871,0.0,0.0,0.0,0.059871,0.0,0.059871,0.0 
 07/21  18:08:00,34.0,18.766777634598697,32.43502998418187,18.766777634598697,0.0,8029.663154681407,32.43502998418187,0.0,0.0,0.059871,16.6,0.0,32.43369472908282,0.059871,0.059871,0.0,0.0,0.059871,0.0,0.0,0.0,0.059871,0.0,0.059871,0.0 
 07/21  18:09:00,34.0,18.766216318176486,32.43636099132509,18.766216318176486,0.0,8027.5754984991,32.43636099132509,0.0,0.0,0.059871,16.6,0.0,32.43502998418187,0.059871,0.059871,0.0,0.0,0.059871,0.0,0.0,0.0,0.059871,0.0,0.059871,0.0 
 07/21  18:10:00,34.0,18.765658200800402,32.437687773261366,18.765658200800402,0.0,8025.499752320702,32.437687773261366,0.0,0.0,0.059871,16.6,0.0,32.43636099132509,0.059871,0.059871,0.0,0.0,0.059871,0.0,0.0,0.0,0.059871,0.0,0.059871,0.0 
 07/21  18:11:00,34.0,18.765102968922605,32.43901034387159,18.765102968922605,0.0,8023.434728716616,32.43901034387159,0.0,0.0,0.059871,16.6,0.0,32.437687773261366,0.059871,0.059871,0.0,0.0,0.059871,0.0,0.0,0.0,0.059871,0.0,0.059871,0.0 
 07/21  18:12:00,34.0,18.76455090048043,32.440328697370084,18.76455090048043,0.0,8021.381483013347,32.440328697370084,0.0,0.0,0.059871,16.6,0.0,32.43901034387159,0.059871,0.059871,0.0,0.0,0.059871,0.0,0.0,0.0,0.059871,0.0,0.059871,0.0 
 07/21  18:13:00,34.0,18.76400168487073,32.44164288398206,18.76400168487073,0.0,8019.338851407842,32.44164288398206,0.0,0.0,0.059871,16.6,0.0,32.440328697370084,0.059871,0.059871,0.0,0.0,0.059871,0.0,0.0,0.0,0.059871,0.0,0.059871,0.0 
 07/21  18:14:00,34.0,18.763455597278504,32.44295289064124,18.763455597278504,0.0,8017.307853615484,32.44295289064124,0.0,0.0,0.059871,16.6,0.0,32.44164288398206,0.059871,0.059871,0.0,0.0,0.059871,0.0,0.0,0.0,0.059871,0.0,0.059871,0.0 
 07/21  18:15:00,34.0,18.762912330257517,32.44425873909861,18.762912330257517,0.0,8015.287362931408,32.44425873909861,0.0,0.0,0.059871,16.6,0.0,32.44295289064124,0.059871,0.059871,0.0,0.0,0.059871,0.0,0.0,0.0,0.059871,0.0,0.059871,0.0 
 07/21  18:16:00,34.0,18.762372156360595,32.44556045182971,18.762372156360595,0.0,8013.2783639341915,32.44556045182971,0.0,0.0,0.059871,16.6,0.0,32.44425873909861,0.059871,0.059871,0.0,0.0,0.059871,0.0,0.0,0.0,0.059871,0.0,0.059871,0.0 
 07/21  18:17:00,34.0,18.761834771782222,32.44685804216769,18.761834771782222,0.0,8011.279756099361,32.44685804216769,0.0,0.0,0.059871,16.6,0.0,32.44556045182971,0.059871,0.059871,0.0,0.0,0.059871,0.0,0.0,0.0,0.059871,0.0,0.059871,0.0 
 07/21  18:18:00,34.0,18.761300445973028,32.44815150431646,18.761300445973028,0.0,8009.292512522834,32.44815150431646,0.0,0.0,0.059871,16.6,0.0,32.44685804216769,0.059871,0.059871,0.0,0.0,0.059871,0.0,0.0,0.0,0.059871,0.0,0.059871,0.0 
 07/21  18:19:00,34.0,18.760768878384344,32.449440887622416,18.760768878384344,0.0,8007.315544738099,32.449440887622416,0.0,0.0,0.059871,16.6,0.0,32.44815150431646,0.059871,0.059871,0.0,0.0,0.059871,0.0,0.0,0.0,0.059871,0.0,0.059871,0.0 
 07/21  18:20:00,34.0,18.760240335370543,32.450726179078124,18.760240335370543,0.0,8005.349814380402,32.450726179078124,0.0,0.0,0.059871,16.6,0.0,32.449440887622416,0.059871,0.059871,0.0,0.0,0.059871,0.0,0.0,0.0,0.059871,0.0,0.059871,0.0 
 07/21  18:21:00,34.0,18.759714519703348,32.45200739982354,18.759714519703348,0.0,8003.394245276745,32.45200739982354,0.0,0.0,0.059871,16.6,0.0,32.450726179078124,0.059871,0.059871,0.0,0.0,0.059871,0.0,0.0,0.0,0.059871,0.0,0.059871,0.0 
 07/21  18:22:00,34.0,18.759191694216955,32.45328457206318,18.759191694216955,0.0,8001.449798695107,32.45328457206318,0.0,0.0,0.059871,16.6,0.0,32.45200739982354,0.059871,0.059871,0.0,0.0,0.059871,0.0,0.0,0.0,0.059871,0.0,0.059871,0.0 
 07/21  18:23:00,34.0,18.75867156546158,32.45455770860501,18.75867156546158,0.0,7999.51538712126,32.45455770860501,0.0,0.0,0.059871,16.6,0.0,32.45328457206318,0.059871,0.059871,0.0,0.0,0.059871,0.0,0.0,0.0,0.059871,0.0,0.059871,0.0 
 07/21  18:24:00,34.0,18.7581543942069,32.455826803647426,18.7581543942069,0.0,7997.591964189114,32.455826803647426,0.0,0.0,0.059871,16.6,0.0,32.45455770860501,0.059871,0.059871,0.0,0.0,0.059871,0.0,0.0,0.0,0.059871,0.0,0.059871,0.0 
 07/21  18:25:00,34.0,18.75763988985172,32.457091905678226,18.75763988985172,0.0,7995.678478262139,32.457091905678226,0.0,0.0,0.059871,16.6,0.0,32.455826803647426,0.059871,0.059871,0.0,0.0,0.059871,0.0,0.0,0.0,0.059871,0.0,0.059871,0.0 
 07/21  18:26:00,34.0,18.757128309303933,32.45835300175513,18.757128309303933,0.0,7993.775868659295,32.45835300175513,0.0,0.0,0.059871,16.6,0.0,32.457091905678226,0.059871,0.059871,0.0,0.0,0.059871,0.0,0.0,0.0,0.059871,0.0,0.059871,0.0 
 07/21  18:27:00,34.0,18.75661936609784,32.459610112429345,18.75661936609784,0.0,7991.88306110575,32.459610112429345,0.0,0.0,0.059871,16.6,0.0,32.45835300175513,0.059871,0.059871,0.0,0.0,0.059871,0.0,0.0,0.0,0.059871,0.0,0.059871,0.0 
 07/21  18:28:00,34.0,18.756113314747132,32.460863259637264,18.756113314747132,0.0,7990.001011362679,32.460863259637264,0.0,0.0,0.059871,16.6,0.0,32.459610112429345,0.059871,0.059871,0.0,0.0,0.059871,0.0,0.0,0.0,0.059871,0.0,0.059871,0.0 
 07/21  18:29:00,34.0,18.755609870779153,32.46211245567072,18.755609870779153,0.0,7988.128677832051,32.46211245567072,0.0,0.0,0.059871,16.6,0.0,32.460863259637264,0.059871,0.059871,0.0,0.0,0.059871,0.0,0.0,0.0,0.059871,0.0,0.059871,0.0 
 07/21  18:30:00,34.0,18.755109285942293,32.463357694673775,18.755109285942293,0.0,7986.266968087598,32.463357694673775,0.0,0.0,0.059871,16.6,0.0,32.46211245567072,0.059871,0.059871,0.0,0.0,0.059871,0.0,0.0,0.0,0.059871,0.0,0.059871,0.0 
 07/21  18:31:00,34.0,18.754611279796976,32.46459902413486,18.754611279796976,0.0,7984.414855482796,32.46459902413486,0.0,0.0,0.059871,16.6,0.0,32.463357694673775,0.059871,0.059871,0.0,0.0,0.059871,0.0,0.0,0.0,0.059871,0.0,0.059871,0.0 
 07/21  18:32:00,34.0,18.754116101008208,32.465836430822236,18.754116101008208,0.0,7982.573261449593,32.465836430822236,0.0,0.0,0.059871,16.6,0.0,32.46459902413486,0.059871,0.059871,0.0,0.0,0.059871,0.0,0.0,0.0,0.059871,0.0,0.059871,0.0 
 07/21  18:33:00,34.0,18.753623471974077,32.467069934045455,18.753623471974077,0.0,7980.741157215498,32.467069934045455,0.0,0.0,0.059871,16.6,0.0,32.465836430822236,0.059871,0.059871,0.0,0.0,0.059871,0.0,0.0,0.0,0.059871,0.0,0.059871,0.0 
 07/21  18:34:00,34.0,18.75313363908185,32.46829955437852,18.75313363908185,0.0,7978.919443146583,32.46829955437852,0.0,0.0,0.059871,16.6,0.0,32.467069934045455,0.059871,0.059871,0.0,0.0,0.059871,0.0,0.0,0.0,0.059871,0.0,0.059871,0.0 
 07/21  18:35:00,34.0,18.752646327989275,32.469525302037,18.752646327989275,0.0,7977.10711518333,32.469525302037,0.0,0.0,0.059871,16.6,0.0,32.46829955437852,0.059871,0.059871,0.0,0.0,0.059871,0.0,0.0,0.0,0.059871,0.0,0.059871,0.0 
 07/21  18:36:00,34.0,18.752161781645935,32.470747169051,18.752161781645935,0.0,7975.305073576601,32.470747169051,0.0,0.0,0.059871,16.6,0.0,32.469525302037,0.059871,0.059871,0.0,0.0,0.059871,0.0,0.0,0.0,0.059871,0.0,0.059871,0.0 
 07/21  18:37:00,34.0,18.751679728470435,32.47196519953635,18.751679728470435,0.0,7973.512311869317,32.47196519953635,0.0,0.0,0.059871,16.6,0.0,32.470747169051,0.059871,0.059871,0.0,0.0,0.059871,0.0,0.0,0.0,0.059871,0.0,0.059871,0.0 
 07/21  18:38:00,34.0,18.751200408747803,32.47317937742258,18.751200408747803,0.0,7971.729720437656,32.47317937742258,0.0,0.0,0.059871,16.6,0.0,32.47196519953635,0.059871,0.059871,0.0,0.0,0.059871,0.0,0.0,0.0,0.059871,0.0,0.059871,0.0 
 07/21  18:39:00,34.0,18.750723554639716,32.47438971845292,18.750723554639716,0.0,7969.956294089152,32.47438971845292,0.0,0.0,0.059871,16.6,0.0,32.47317937742258,0.059871,0.059871,0.0,0.0,0.059871,0.0,0.0,0.0,0.059871,0.0,0.059871,0.0 
 07/21  18:40:00,34.0,18.75024940385155,32.47559623994851,18.75024940385155,0.0,7968.1929262548465,32.47559623994851,0.0,0.0,0.059871,16.6,0.0,32.47438971845292,0.059871,0.059871,0.0,0.0,0.059871,0.0,0.0,0.0,0.059871,0.0,0.059871,0.0 
 07/21  18:41:00,34.0,18.74977769077686,32.47679894893559,18.74977769077686,0.0,7966.438632623976,32.47679894893559,0.0,0.0,0.059871,16.6,0.0,32.47559623994851,0.059871,0.059871,0.0,0.0,0.059871,0.0,0.0,0.0,0.059871,0.0,0.059871,0.0 
 07/21  18:42:00,34.0,18.749308650456037,32.47799783506652,18.749308650456037,0.0,7964.694271537151,32.47799783506652,0.0,0.0,0.059871,16.6,0.0,32.47679894893559,0.059871,0.059871,0.0,0.0,0.059871,0.0,0.0,0.0,0.059871,0.0,0.059871,0.0 
 07/21  18:43:00,34.0,18.74884201979699,32.47919293984592,18.74884201979699,0.0,7962.9588932051365,32.47919293984592,0.0,0.0,0.059871,16.6,0.0,32.47799783506652,0.059871,0.059871,0.0,0.0,0.059871,0.0,0.0,0.0,0.059871,0.0,0.059871,0.0 
 07/21  18:44:00,34.0,18.74837803127481,32.48038424591524,18.74837803127481,0.0,7961.233321272334,32.48038424591524,0.0,0.0,0.059871,16.6,0.0,32.47919293984592,0.059871,0.059871,0.0,0.0,0.059871,0.0,0.0,0.0,0.059871,0.0,0.059871,0.0 
 07/21  18:45:00,34.0,18.747916424855287,32.48157176776062,18.747916424855287,0.0,7959.516629870377,32.48157176776062,0.0,0.0,0.059871,16.6,0.0,32.48038424591524,0.059871,0.059871,0.0,0.0,0.059871,0.0,0.0,0.0,0.059871,0.0,0.059871,0.0 
 07/21  18:46:00,34.0,18.74745742931863,32.48275552221429,18.74745742931863,0.0,7957.809641556432,32.48275552221429,0.0,0.0,0.059871,16.6,0.0,32.48157176776062,0.059871,0.059871,0.0,0.0,0.059871,0.0,0.0,0.0,0.059871,0.0,0.059871,0.0 
 07/21  18:47:00,34.0,18.747000788327263,32.48393551615442,18.747000788327263,0.0,7956.11140638337,32.48393551615442,0.0,0.0,0.059871,16.6,0.0,32.48275552221429,0.059871,0.059871,0.0,0.0,0.059871,0.0,0.0,0.0,0.059871,0.0,0.059871,0.0 
 07/21  18:48:00,34.0,18.746546726727576,32.48511173991484,18.746546726727576,0.0,7954.422782684815,32.48511173991484,0.0,0.0,0.059871,16.6,0.0,32.48393551615442,0.059871,0.059871,0.0,0.0,0.059871,0.0,0.0,0.0,0.059871,0.0,0.059871,0.0 
 07/21  18:49:00,34.0,18.746094991156895,32.48628423536527,18.746094991156895,0.0,7952.74279378752,32.48628423536527,0.0,0.0,0.059871,16.6,0.0,32.48511173991484,0.059871,0.059871,0.0,0.0,0.059871,0.0,0.0,0.0,0.059871,0.0,0.059871,0.0 
 07/21  18:50:00,34.0,18.745645803478492,32.487452986569025,18.745645803478492,0.0,7951.0722995422975,32.487452986569025,0.0,0.0,0.059871,16.6,0.0,32.48628423536527,0.059871,0.059871,0.0,0.0,0.059871,0.0,0.0,0.0,0.059871,0.0,0.059871,0.0 
 07/21  18:51:00,34.0,18.74519891271249,32.48861800915743,18.74519891271249,0.0,7949.410344697953,32.48861800915743,0.0,0.0,0.059871,16.6,0.0,32.487452986569025,0.059871,0.059871,0.0,0.0,0.059871,0.0,0.0,0.0,0.059871,0.0,0.059871,0.0 
 07/21  18:52:00,34.0,18.744754538529456,32.489779321507406,18.744754538529456,0.0,7947.757743244856,32.489779321507406,0.0,0.0,0.059871,16.6,0.0,32.48861800915743,0.059871,0.059871,0.0,0.0,0.059871,0.0,0.0,0.0,0.059871,0.0,0.059871,0.0 
 07/21  18:53:00,34.0,18.74431243270006,32.49093693201593,18.74431243270006,0.0,7946.113587855098,32.49093693201593,0.0,0.0,0.059871,16.6,0.0,32.489779321507406,0.059871,0.059871,0.0,0.0,0.059871,0.0,0.0,0.0,0.059871,0.0,0.059871,0.0 
 07/21  18:54:00,34.0,18.74387281095133,32.49209083299781,18.74387281095133,0.0,7944.478677896282,32.49209083299781,0.0,0.0,0.059871,16.6,0.0,32.49093693201593,0.059871,0.059871,0.0,0.0,0.059871,0.0,0.0,0.0,0.059871,0.0,0.059871,0.0 
 07/21  18:55:00,34.0,18.743435428376408,32.49324106763672,18.743435428376408,0.0,7942.852093218808,32.49324106763672,0.0,0.0,0.059871,16.6,0.0,32.49209083299781,0.059871,0.059871,0.0,0.0,0.059871,0.0,0.0,0.0,0.059871,0.0,0.059871,0.0 
 07/21  18:56:00,34.0,18.74300049858631,32.49438762207417,18.74300049858631,0.0,7941.234625357306,32.49438762207417,0.0,0.0,0.059871,16.6,0.0,32.49324106763672,0.059871,0.059871,0.0,0.0,0.059871,0.0,0.0,0.0,0.059871,0.0,0.059871,0.0 
 07/21  18:57:00,34.0,18.742567779345936,32.495530513457986,18.742567779345936,0.0,7939.625389188927,32.495530513457986,0.0,0.0,0.059871,16.6,0.0,32.49438762207417,0.059871,0.059871,0.0,0.0,0.059871,0.0,0.0,0.0,0.059871,0.0,0.059871,0.0 
 07/21  18:58:00,34.0,18.74213748101176,32.4966697618494,18.74213748101176,0.0,7938.025151626925,32.4966697618494,0.0,0.0,0.059871,16.6,0.0,32.495530513457986,0.059871,0.059871,0.0,0.0,0.059871,0.0,0.0,0.0,0.059871,0.0,0.059871,0.0 
 07/21  18:59:00,34.0,18.74170936433247,32.497805377107106,18.74170936433247,0.0,7936.433038601635,32.497805377107106,0.0,0.0,0.059871,16.6,0.0,32.4966697618494,0.059871,0.059871,0.0,0.0,0.059871,0.0,0.0,0.0,0.059871,0.0,0.059871,0.0 
 07/21  19:00:00,34.0,18.74128363696193,32.49893735331934,18.74128363696193,0.0,7934.8498070166215,32.49893735331934,0.0,0.0,0.059871,16.6,0.0,32.497805377107106,0.059871,0.059871,0.0,0.0,0.059871,0.0,0.0,0.0,0.059871,0.0,0.059871,0.0,49104000.0 
 07/21  19:01:00,34.0,18.740860062825213,32.500065734620684,18.740860062825213,0.0,7933.274594569052,32.500065734620684,0.0,0.0,0.059871,16.6,0.0,32.49893735331934,0.059871,0.059871,0.0,0.0,0.059871,0.0,0.0,0.0,0.059871,0.0,0.059871,0.0 
 07/21  19:02:00,34.0,18.740438846971777,32.50119050879706,18.740438846971777,0.0,7931.708148516673,32.50119050879706,0.0,0.0,0.059871,16.6,0.0,32.500065734620684,0.059871,0.059871,0.0,0.0,0.059871,0.0,0.0,0.0,0.059871,0.0,0.059871,0.0 
 07/21  19:03:00,34.0,18.740019756976036,32.50231169398412,18.740019756976036,0.0,7930.14960753806,32.50231169398412,0.0,0.0,0.059871,16.6,0.0,32.50119050879706,0.059871,0.059871,0.0,0.0,0.059871,0.0,0.0,0.0,0.059871,0.0,0.059871,0.0 
 07/21  19:04:00,34.0,18.739602995443718,32.503429311350466,18.739602995443718,0.0,7928.59972238406,32.503429311350466,0.0,0.0,0.059871,16.6,0.0,32.50231169398412,0.059871,0.059871,0.0,0.0,0.059871,0.0,0.0,0.0,0.059871,0.0,0.059871,0.0 
 07/21  19:05:00,34.0,18.73918833225518,32.50454337160165,18.73918833225518,0.0,7927.057652812659,32.50454337160165,0.0,0.0,0.059871,16.6,0.0,32.503429311350466,0.059871,0.059871,0.0,0.0,0.059871,0.0,0.0,0.0,0.059871,0.0,0.059871,0.0 
 07/21  19:06:00,34.0,18.738775966706594,32.505653869977465,18.738775966706594,0.0,7925.524137302036,32.505653869977465,0.0,0.0,0.059871,16.6,0.0,32.50454337160165,0.059871,0.059871,0.0,0.0,0.059871,0.0,0.0,0.0,0.059871,0.0,0.059871,0.0 
 07/21  19:07:00,34.0,18.738365672783367,32.50676085090845,18.738365672783367,0.0,7923.998313228585,32.50676085090845,0.0,0.0,0.059871,16.6,0.0,32.505653869977465,0.059871,0.059871,0.0,0.0,0.059871,0.0,0.0,0.0,0.059871,0.0,0.059871,0.0 
 07/21  19:08:00,34.0,18.73795764803709,32.507864303200016,18.73795764803709,0.0,7922.4809376706025,32.507864303200016,0.0,0.0,0.059871,16.6,0.0,32.50676085090845,0.059871,0.059871,0.0,0.0,0.059871,0.0,0.0,0.0,0.059871,0.0,0.059871,0.0 
 07/21  19:09:00,34.0,18.737551668825017,32.50896424534568,18.737551668825017,0.0,7920.97116932805,32.50896424534568,0.0,0.0,0.059871,16.6,0.0,32.507864303200016,0.059871,0.059871,0.0,0.0,0.059871,0.0,0.0,0.0,0.059871,0.0,0.059871,0.0 
 07/21  19:10:00,34.0,18.737147930607644,32.510060699012854,18.737147930607644,0.0,7919.469732472803,32.510060699012854,0.0,0.0,0.059871,16.6,0.0,32.50896424534568,0.059871,0.059871,0.0,0.0,0.059871,0.0,0.0,0.0,0.059871,0.0,0.059871,0.0 
 07/21  19:11:00,34.0,18.73674621220589,32.51115367516679,18.73674621220589,0.0,7917.975819982294,32.51115367516679,0.0,0.0,0.059871,16.6,0.0,32.510060699012854,0.059871,0.059871,0.0,0.0,0.059871,0.0,0.0,0.0,0.059871,0.0,0.059871,0.0 
 07/21  19:12:00,34.0,18.736346706735066,32.5122431696467,18.736346706735066,0.0,7916.490134915825,32.5122431696467,0.0,0.0,0.059871,16.6,0.0,32.51115367516679,0.059871,0.059871,0.0,0.0,0.059871,0.0,0.0,0.0,0.059871,0.0,0.059871,0.0 
 07/21  19:13:00,34.0,18.735949196507537,32.51332922663721,18.735949196507537,0.0,7915.011870573894,32.51332922663721,0.0,0.0,0.059871,16.6,0.0,32.5122431696467,0.059871,0.059871,0.0,0.0,0.059871,0.0,0.0,0.0,0.059871,0.0,0.059871,0.0 
 07/21  19:14:00,34.0,18.73555387277586,32.51441183546969,18.73555387277586,0.0,7913.541735634531,32.51441183546969,0.0,0.0,0.059871,16.6,0.0,32.51332922663721,0.059871,0.059871,0.0,0.0,0.059871,0.0,0.0,0.0,0.059871,0.0,0.059871,0.0 
 07/21  19:15:00,34.0,18.735160519970805,32.51549101452376,18.735160519970805,0.0,7912.078943755955,32.51549101452376,0.0,0.0,0.059871,16.6,0.0,32.51441183546969,0.059871,0.059871,0.0,0.0,0.059871,0.0,0.0,0.0,0.059871,0.0,0.059871,0.0 
 07/21  19:16:00,34.0,18.73476932754577,32.51656678552468,18.73476932754577,0.0,7910.624171933941,32.51656678552468,0.0,0.0,0.059871,16.6,0.0,32.51549101452376,0.059871,0.059871,0.0,0.0,0.059871,0.0,0.0,0.0,0.059871,0.0,0.059871,0.0 
 07/21  19:17:00,34.0,18.734380082814045,32.517639159290574,18.734380082814045,0.0,7909.176657013313,32.517639159290574,0.0,0.0,0.059871,16.6,0.0,32.51656678552468,0.059871,0.059871,0.0,0.0,0.059871,0.0,0.0,0.0,0.059871,0.0,0.059871,0.0 
 07/21  19:18:00,34.0,18.733992972660378,32.518708131886484,18.733992972660378,0.0,7907.7370789797305,32.518708131886484,0.0,0.0,0.059871,16.6,0.0,32.517639159290574,0.059871,0.059871,0.0,0.0,0.059871,0.0,0.0,0.0,0.059871,0.0,0.059871,0.0 
 07/21  19:19:00,34.0,18.733607787368413,32.519773746898615,18.733607787368413,0.0,7906.304660676856,32.519773746898615,0.0,0.0,0.059871,16.6,0.0,32.518708131886484,0.059871,0.059871,0.0,0.0,0.059871,0.0,0.0,0.0,0.059871,0.0,0.059871,0.0 
 07/21  19:20:00,34.0,18.733224712098668,32.520835993868964,18.733224712098668,0.0,7904.880088206737,32.520835993868964,0.0,0.0,0.059871,16.6,0.0,32.519773746898615,0.059871,0.059871,0.0,0.0,0.059871,0.0,0.0,0.0,0.059871,0.0,0.059871,0.0 
 07/21  19:21:00,34.0,18.73284353967223,32.521894890773744,18.73284353967223,0.0,7903.462593817235,32.521894890773744,0.0,0.0,0.059871,16.6,0.0,32.520835993868964,0.059871,0.059871,0.0,0.0,0.059871,0.0,0.0,0.0,0.059871,0.0,0.059871,0.0 
 07/21  19:22:00,34.0,18.732464452690785,32.522950459127365,18.732464452690785,0.0,7902.052866616368,32.522950459127365,0.0,0.0,0.059871,16.6,0.0,32.521894890773744,0.059871,0.059871,0.0,0.0,0.059871,0.0,0.0,0.0,0.059871,0.0,0.059871,0.0 
 07/21  19:23:00,34.0,18.73208724681833,32.52400270936388,18.73208724681833,0.0,7900.650124408917,32.52400270936388,0.0,0.0,0.059871,16.6,0.0,32.522950459127365,0.059871,0.059871,0.0,0.0,0.059871,0.0,0.0,0.0,0.059871,0.0,0.059871,0.0 
 07/21  19:24:00,34.0,18.73171210305797,32.52505163755693,18.73171210305797,0.0,7899.255062864659,32.52505163755693,0.0,0.0,0.059871,16.6,0.0,32.52400270936388,0.059871,0.059871,0.0,0.0,0.059871,0.0,0.0,0.0,0.059871,0.0,0.059871,0.0 
 07/21  19:25:00,34.0,18.731338819500245,32.52609728649833,18.731338819500245,0.0,7897.866908791552,32.52609728649833,0.0,0.0,0.059871,16.6,0.0,32.52505163755693,0.059871,0.059871,0.0,0.0,0.059871,0.0,0.0,0.0,0.059871,0.0,0.059871,0.0 
 07/21  19:26:00,34.0,18.730967575217203,32.527139645764905,18.730967575217203,0.0,7896.486350693394,32.527139645764905,0.0,0.0,0.059871,16.6,0.0,32.52609728649833,0.059871,0.059871,0.0,0.0,0.059871,0.0,0.0,0.0,0.059871,0.0,0.059871,0.0 
 07/21  19:27:00,34.0,18.73059817001709,32.52817873277725,18.73059817001709,0.0,7895.1126342304815,32.52817873277725,0.0,0.0,0.059871,16.6,0.0,32.527139645764905,0.059871,0.059871,0.0,0.0,0.059871,0.0,0.0,0.0,0.059871,0.0,0.059871,0.0 
 07/21  19:28:00,34.0,18.730230782120483,32.52921456869504,18.730230782120483,0.0,7893.746407313042,32.52921456869504,0.0,0.0,0.059871,16.6,0.0,32.52817873277725,0.059871,0.059871,0.0,0.0,0.059871,0.0,0.0,0.0,0.059871,0.0,0.059871,0.0 
 07/21  19:29:00,34.0,18.72986521347244,32.53024716345103,18.72986521347244,0.0,7892.386960954032,32.53024716345103,0.0,0.0,0.059871,16.6,0.0,32.52921456869504,0.059871,0.059871,0.0,0.0,0.059871,0.0,0.0,0.0,0.059871,0.0,0.059871,0.0 
 07/21  19:30:00,34.0,18.729501639693165,32.531276513016884,18.729501639693165,0.0,7891.03493342498,32.531276513016884,0.0,0.0,0.059871,16.6,0.0,32.53024716345103,0.059871,0.059871,0.0,0.0,0.059871,0.0,0.0,0.0,0.059871,0.0,0.059871,0.0 
 07/21  19:31:00,34.0,18.729139865824166,32.5323026592992,18.729139865824166,0.0,7889.689589798054,32.5323026592992,0.0,0.0,0.059871,16.6,0.0,32.531276513016884,0.059871,0.059871,0.0,0.0,0.059871,0.0,0.0,0.0,0.059871,0.0,0.059871,0.0 
 07/21  19:32:00,34.0,18.728780065612526,32.533325591824756,18.728780065612526,0.0,7888.3515988148565,32.533325591824756,0.0,0.0,0.059871,16.6,0.0,32.5323026592992,0.059871,0.059871,0.0,0.0,0.059871,0.0,0.0,0.0,0.059871,0.0,0.059871,0.0 
 07/21  19:33:00,34.0,18.728422045487754,32.53434532739445,18.728422045487754,0.0,7887.020230689845,32.53434532739445,0.0,0.0,0.059871,16.6,0.0,32.533325591824756,0.059871,0.059871,0.0,0.0,0.059871,0.0,0.0,0.0,0.059871,0.0,0.059871,0.0 
 07/21  19:34:00,34.0,18.728065978376392,32.53536188674725,18.728065978376392,0.0,7885.696113728886,32.53536188674725,0.0,0.0,0.059871,16.6,0.0,32.53434532739445,0.059871,0.059871,0.0,0.0,0.059871,0.0,0.0,0.0,0.059871,0.0,0.059871,0.0 
 07/21  19:35:00,34.0,18.727711672709425,32.53637527927085,18.727711672709425,0.0,7884.378562954366,32.53637527927085,0.0,0.0,0.059871,16.6,0.0,32.53536188674725,0.059871,0.059871,0.0,0.0,0.059871,0.0,0.0,0.0,0.059871,0.0,0.059871,0.0 
 07/21  19:36:00,34.0,18.727359299474728,32.53738550078803,18.727359299474728,0.0,7883.0681870308445,32.53738550078803,0.0,0.0,0.059871,16.6,0.0,32.53637527927085,0.059871,0.059871,0.0,0.0,0.059871,0.0,0.0,0.0,0.059871,0.0,0.059871,0.0 
 07/21  19:37:00,34.0,18.7270086690813,32.538392592291686,18.7270086690813,0.0,7881.764308302281,32.538392592291686,0.0,0.0,0.059871,16.6,0.0,32.53738550078803,0.059871,0.059871,0.0,0.0,0.059871,0.0,0.0,0.0,0.059871,0.0,0.059871,0.0 
 07/21  19:38:00,34.0,18.726659950861347,32.5393965432263,18.726659950861347,0.0,7880.467529306984,32.5393965432263,0.0,0.0,0.059871,16.6,0.0,32.538392592291686,0.059871,0.059871,0.0,0.0,0.059871,0.0,0.0,0.0,0.059871,0.0,0.059871,0.0 
 07/21  19:39:00,34.0,18.72631295729549,32.54039736975999,18.72631295729549,0.0,7879.177180057427,32.54039736975999,0.0,0.0,0.059871,16.6,0.0,32.5393965432263,0.059871,0.059871,0.0,0.0,0.059871,0.0,0.0,0.0,0.059871,0.0,0.059871,0.0 
 07/21  19:40:00,34.0,18.72596785608912,32.54139509219018,18.72596785608912,0.0,7877.8938570724995,32.54139509219018,0.0,0.0,0.059871,16.6,0.0,32.54039736975999,0.059871,0.059871,0.0,0.0,0.059871,0.0,0.0,0.0,0.059871,0.0,0.059871,0.0 
 07/21  19:41:00,34.0,18.725624462255983,32.54238971935847,18.725624462255983,0.0,7876.6168873000015,32.54238971935847,0.0,0.0,0.059871,16.6,0.0,32.54139509219018,0.059871,0.059871,0.0,0.0,0.059871,0.0,0.0,0.0,0.059871,0.0,0.059871,0.0 
 07/21  19:42:00,34.0,18.72528294141633,32.54338124692914,18.72528294141633,0.0,7875.346884430005,32.54338124692914,0.0,0.0,0.059871,16.6,0.0,32.54238971935847,0.059871,0.059871,0.0,0.0,0.059871,0.0,0.0,0.0,0.059871,0.0,0.059871,0.0 
 07/21  19:43:00,34.0,18.72494311021562,32.544369714989955,18.72494311021562,0.0,7874.083169007677,32.544369714989955,0.0,0.0,0.059871,16.6,0.0,32.54338124692914,0.059871,0.059871,0.0,0.0,0.059871,0.0,0.0,0.0,0.059871,0.0,0.059871,0.0 
 07/21  19:44:00,34.0,18.72460513317352,32.54535511290185,18.72460513317352,0.0,7872.826338207819,32.54535511290185,0.0,0.0,0.059871,16.6,0.0,32.544369714989955,0.059871,0.059871,0.0,0.0,0.059871,0.0,0.0,0.0,0.059871,0.0,0.059871,0.0 
 07/21  19:45:00,34.0,18.724268828494015,32.54633745621716,18.724268828494015,0.0,7871.57574322754,32.54633745621716,0.0,0.0,0.059871,16.6,0.0,32.54535511290185,0.059871,0.059871,0.0,0.0,0.059871,0.0,0.0,0.0,0.059871,0.0,0.059871,0.0 
 07/21  19:46:00,34.0,18.723934358874835,32.547316764797095,18.723934358874835,0.0,7870.331962055529,32.547316764797095,0.0,0.0,0.059871,16.6,0.0,32.54633745621716,0.059871,0.059871,0.0,0.0,0.059871,0.0,0.0,0.0,0.059871,0.0,0.059871,0.0 
 07/21  19:47:00,34.0,18.723601544409913,32.54829304695997,18.723601544409913,0.0,7869.094352884481,32.54829304695997,0.0,0.0,0.059871,16.6,0.0,32.547316764797095,0.059871,0.059871,0.0,0.0,0.059871,0.0,0.0,0.0,0.059871,0.0,0.059871,0.0 
 07/21  19:48:00,34.0,18.723270546317707,32.54926629822169,18.723270546317707,0.0,7867.863488230114,32.54926629822169,0.0,0.0,0.059871,16.6,0.0,32.54829304695997,0.059871,0.059871,0.0,0.0,0.059871,0.0,0.0,0.0,0.059871,0.0,0.059871,0.0 
 07/21  19:49:00,34.0,18.72294118715641,32.550236557792296,18.72294118715641,0.0,7866.638722983153,32.550236557792296,0.0,0.0,0.059871,16.6,0.0,32.54926629822169,0.059871,0.059871,0.0,0.0,0.059871,0.0,0.0,0.0,0.059871,0.0,0.059871,0.0 
 07/21  19:50:00,34.0,18.722613626705034,32.551203814962605,18.722613626705034,0.0,7865.420636763811,32.551203814962605,0.0,0.0,0.059871,16.6,0.0,32.550236557792296,0.059871,0.059871,0.0,0.0,0.059871,0.0,0.0,0.0,0.059871,0.0,0.059871,0.0 
 07/21  19:51:00,34.0,18.722287688583965,32.55216808469945,18.722287688583965,0.0,7864.208600816937,32.55216808469945,0.0,0.0,0.059871,16.6,0.0,32.551203814962605,0.059871,0.059871,0.0,0.0,0.059871,0.0,0.0,0.0,0.059871,0.0,0.059871,0.0 
 07/21  19:52:00,34.0,18.721963530686274,32.55312938644442,18.721963530686274,0.0,7863.003175352637,32.55312938644442,0.0,0.0,0.059871,16.6,0.0,32.55216808469945,0.059871,0.059871,0.0,0.0,0.059871,0.0,0.0,0.0,0.059871,0.0,0.059871,0.0 
 07/21  19:53:00,34.0,18.721640979028443,32.55408772802498,18.721640979028443,0.0,7861.803728069876,32.55408772802498,0.0,0.0,0.059871,16.6,0.0,32.55312938644442,0.059871,0.059871,0.0,0.0,0.059871,0.0,0.0,0.0,0.059871,0.0,0.059871,0.0 
 07/21  19:54:00,34.0,18.721320189703775,32.55504310482696,18.721320189703775,0.0,7860.610837354338,32.55504310482696,0.0,0.0,0.059871,16.6,0.0,32.55408772802498,0.059871,0.059871,0.0,0.0,0.059871,0.0,0.0,0.0,0.059871,0.0,0.059871,0.0 
 07/21  19:55:00,34.0,18.721000990304603,32.555995555218026,18.721000990304603,0.0,7859.423864321866,32.555995555218026,0.0,0.0,0.059871,16.6,0.0,32.55504310482696,0.059871,0.059871,0.0,0.0,0.059871,0.0,0.0,0.0,0.059871,0.0,0.059871,0.0 
 07/21  19:56:00,34.0,18.720683535965474,32.556945068438665,18.720683535965474,0.0,7858.243371394287,32.556945068438665,0.0,0.0,0.059871,16.6,0.0,32.555995555218026,0.059871,0.059871,0.0,0.0,0.059871,0.0,0.0,0.0,0.059871,0.0,0.059871,0.0 
 07/21  19:57:00,34.0,18.72036765620671,32.55789165890646,18.72036765620671,0.0,7857.068739247716,32.55789165890646,0.0,0.0,0.059871,16.6,0.0,32.556945068438665,0.059871,0.059871,0.0,0.0,0.059871,0.0,0.0,0.0,0.059871,0.0,0.059871,0.0 
 07/21  19:58:00,34.0,18.7200535039789,32.558835345665365,18.7200535039789,0.0,7855.900534621887,32.558835345665365,0.0,0.0,0.059871,16.6,0.0,32.55789165890646,0.059871,0.059871,0.0,0.0,0.059871,0.0,0.0,0.0,0.059871,0.0,0.059871,0.0 
 07/21  19:59:00,34.0,18.719740910755302,32.559776136088615,18.719740910755302,0.0,7854.738120610782,32.559776136088615,0.0,0.0,0.059871,16.6,0.0,32.558835345665365,0.059871,0.059871,0.0,0.0,0.059871,0.0,0.0,0.0,0.059871,0.0,0.059871,0.0 
 07/21  20:00:00,34.0,18.71943002762835,32.56071402545342,18.71943002762835,0.0,7853.582081879908,32.56071402545342,0.0,0.0,0.059871,16.6,0.0,32.559776136088615,0.059871,0.059871,0.0,0.0,0.059871,0.0,0.0,0.0,0.059871,0.0,0.059871,0.0,49104000.0 
 07/21  20:01:00,34.0,18.71912068763308,32.56164905132282,18.71912068763308,0.0,7852.4317749087595,32.56164905132282,0.0,0.0,0.059871,16.6,0.0,32.56071402545342,0.059871,0.059871,0.0,0.0,0.059871,0.0,0.0,0.0,0.059871,0.0,0.059871,0.0 
 07/21  20:02:00,34.0,18.718813041559862,32.562581202907765,18.718813041559862,0.0,7851.287758437934,32.562581202907765,0.0,0.0,0.059871,16.6,0.0,32.56164905132282,0.059871,0.059871,0.0,0.0,0.059871,0.0,0.0,0.0,0.059871,0.0,0.059871,0.0 
 07/21  20:03:00,34.0,18.71850692336388,32.56351049411263,18.71850692336388,0.0,7850.1494419640585,32.56351049411263,0.0,0.0,0.059871,16.6,0.0,32.562581202907765,0.059871,0.059871,0.0,0.0,0.059871,0.0,0.0,0.0,0.059871,0.0,0.059871,0.0 
 07/21  20:04:00,34.0,18.718202481841917,32.56443694360532,18.718202481841917,0.0,7849.017352038945,32.56443694360532,0.0,0.0,0.059871,16.6,0.0,32.56351049411263,0.059871,0.059871,0.0,0.0,0.059871,0.0,0.0,0.0,0.059871,0.0,0.059871,0.0 
 07/21  20:05:00,34.0,18.717899553661553,32.565360558339684,18.717899553661553,0.0,7847.890883417699,32.565360558339684,0.0,0.0,0.059871,16.6,0.0,32.56443694360532,0.059871,0.059871,0.0,0.0,0.059871,0.0,0.0,0.0,0.059871,0.0,0.059871,0.0 
 07/21  20:06:00,34.0,18.71759828547204,32.566281333504385,18.71759828547204,0.0,7846.770604276617,32.566281333504385,0.0,0.0,0.059871,16.6,0.0,32.565360558339684,0.059871,0.059871,0.0,0.0,0.059871,0.0,0.0,0.0,0.059871,0.0,0.059871,0.0 
 07/21  20:07:00,34.0,18.71729851512365,32.56719930589385,18.71729851512365,0.0,7845.655888964989,32.56719930589385,0.0,0.0,0.059871,16.6,0.0,32.566281333504385,0.059871,0.059871,0.0,0.0,0.059871,0.0,0.0,0.0,0.059871,0.0,0.059871,0.0 
 07/21  20:08:00,34.0,18.717000388393984,32.56811446470915,18.717000388393984,0.0,7844.547290034338,32.56811446470915,0.0,0.0,0.059871,16.6,0.0,32.56719930589385,0.059871,0.059871,0.0,0.0,0.059871,0.0,0.0,0.0,0.059871,0.0,0.059871,0.0 
 07/21  20:09:00,34.0,18.716703745047973,32.569026823376134,18.716703745047973,0.0,7843.444201328116,32.569026823376134,0.0,0.0,0.059871,16.6,0.0,32.56811446470915,0.059871,0.059871,0.0,0.0,0.059871,0.0,0.0,0.0,0.059871,0.0,0.059871,0.0 
 07/21  20:10:00,34.0,18.716408729384867,32.569936400208064,18.716408729384867,0.0,7842.347169915652,32.569936400208064,0.0,0.0,0.059871,16.6,0.0,32.569026823376134,0.059871,0.059871,0.0,0.0,0.059871,0.0,0.0,0.0,0.059871,0.0,0.059871,0.0 
 07/21  20:11:00,34.0,18.71611518259914,32.57084320177343,18.71611518259914,0.0,7841.255594942304,32.57084320177343,0.0,0.0,0.059871,16.6,0.0,32.569936400208064,0.059871,0.059871,0.0,0.0,0.059871,0.0,0.0,0.0,0.059871,0.0,0.059871,0.0 
 07/21  20:12:00,34.0,18.715823246909064,32.571747223192155,18.715823246909064,0.0,7840.170028141133,32.571747223192155,0.0,0.0,0.059871,16.6,0.0,32.57084320177343,0.059871,0.059871,0.0,0.0,0.059871,0.0,0.0,0.0,0.059871,0.0,0.059871,0.0 
 07/21  20:13:00,34.0,18.71553276493427,32.57264850052534,18.71553276493427,0.0,7839.089861560342,32.57264850052534,0.0,0.0,0.059871,16.6,0.0,32.571747223192155,0.059871,0.059871,0.0,0.0,0.059871,0.0,0.0,0.0,0.059871,0.0,0.059871,0.0 
 07/21  20:14:00,34.0,18.715243878759548,32.573547022983014,18.715243878759548,0.0,7838.015621680215,32.573547022983014,0.0,0.0,0.059871,16.6,0.0,32.57264850052534,0.059871,0.059871,0.0,0.0,0.059871,0.0,0.0,0.0,0.059871,0.0,0.059871,0.0 
 07/21  20:15:00,34.0,18.714956432445266,32.57444280354547,18.714956432445266,0.0,7836.946743027211,32.57444280354547,0.0,0.0,0.059871,16.6,0.0,32.573547022983014,0.059871,0.059871,0.0,0.0,0.059871,0.0,0.0,0.0,0.059871,0.0,0.059871,0.0 
 07/21  20:16:00,34.0,18.71467056575394,32.575335860191245,18.71467056575394,0.0,7835.8837434704765,32.575335860191245,0.0,0.0,0.059871,16.6,0.0,32.57444280354547,0.059871,0.059871,0.0,0.0,0.059871,0.0,0.0,0.0,0.059871,0.0,0.059871,0.0 
 07/21  20:17:00,34.0,18.714386124517905,32.57622619913471,18.714386124517905,0.0,7834.826039354903,32.57622619913471,0.0,0.0,0.059871,16.6,0.0,32.575335860191245,0.059871,0.059871,0.0,0.0,0.059871,0.0,0.0,0.0,0.059871,0.0,0.059871,0.0 
 07/21  20:18:00,34.0,18.714103247384497,32.577113815444584,18.714103247384497,0.0,7833.774156790369,32.577113815444584,0.0,0.0,0.059871,16.6,0.0,32.57622619913471,0.059871,0.059871,0.0,0.0,0.059871,0.0,0.0,0.0,0.059871,0.0,0.059871,0.0 
 07/21  20:19:00,34.0,18.71382178176782,32.57799874448074,18.71382178176782,0.0,7832.727517987487,32.57799874448074,0.0,0.0,0.059871,16.6,0.0,32.577113815444584,0.059871,0.059871,0.0,0.0,0.059871,0.0,0.0,0.0,0.059871,0.0,0.059871,0.0 
 07/21  20:20:00,34.0,18.713541864871853,32.57888097547835,18.713541864871853,0.0,7831.686643703929,32.57888097547835,0.0,0.0,0.059871,16.6,0.0,32.57799874448074,0.059871,0.059871,0.0,0.0,0.059871,0.0,0.0,0.0,0.059871,0.0,0.059871,0.0 
 07/21  20:21:00,34.0,18.71326334554418,32.579760521001454,18.71326334554418,0.0,7830.650961466458,32.579760521001454,0.0,0.0,0.059871,16.6,0.0,32.57888097547835,0.059871,0.059871,0.0,0.0,0.059871,0.0,0.0,0.0,0.059871,0.0,0.059871,0.0 
 07/21  20:22:00,34.0,18.712986359581233,32.58063739871114,18.712986359581233,0.0,7829.620986813156,32.58063739871114,0.0,0.0,0.059871,16.6,0.0,32.579760521001454,0.059871,0.059871,0.0,0.0,0.059871,0.0,0.0,0.0,0.059871,0.0,0.059871,0.0 
 07/21  20:23:00,34.0,18.712710756774765,32.58151161449533,18.712710756774765,0.0,7828.596163132393,32.58151161449533,0.0,0.0,0.059871,16.6,0.0,32.58063739871114,0.059871,0.059871,0.0,0.0,0.059871,0.0,0.0,0.0,0.059871,0.0,0.059871,0.0 
 07/21  20:24:00,34.0,18.712436672009282,32.58238316338636,18.712436672009282,0.0,7827.576977860417,32.58238316338636,0.0,0.0,0.059871,16.6,0.0,32.58151161449533,0.059871,0.059871,0.0,0.0,0.059871,0.0,0.0,0.0,0.059871,0.0,0.059871,0.0 
 07/21  20:25:00,34.0,18.712163957402275,32.58325208007171,18.712163957402275,0.0,7826.56288300971,32.58325208007171,0.0,0.0,0.059871,16.6,0.0,32.58238316338636,0.059871,0.059871,0.0,0.0,0.059871,0.0,0.0,0.0,0.059871,0.0,0.059871,0.0 
 07/21  20:26:00,34.0,18.711892745533397,32.584118353825396,18.711892745533397,0.0,7825.5543945441195,32.584118353825396,0.0,0.0,0.059871,16.6,0.0,32.58325208007171,0.059871,0.059871,0.0,0.0,0.059871,0.0,0.0,0.0,0.059871,0.0,0.059871,0.0 
 07/21  20:27:00,34.0,18.711622890023982,32.584981996821554,18.711622890023982,0.0,7824.550932984507,32.584981996821554,0.0,0.0,0.059871,16.6,0.0,32.584118353825396,0.059871,0.059871,0.0,0.0,0.059871,0.0,0.0,0.0,0.059871,0.0,0.059871,0.0 
 07/21  20:28:00,34.0,18.711354522854027,32.585843026419255,18.711354522854027,0.0,7823.5530120707335,32.585843026419255,0.0,0.0,0.059871,16.6,0.0,32.584981996821554,0.059871,0.059871,0.0,0.0,0.059871,0.0,0.0,0.0,0.059871,0.0,0.059871,0.0 
 07/21  20:29:00,34.0,18.711087498197024,32.5867014482051,18.711087498197024,0.0,7822.560091429809,32.5867014482051,0.0,0.0,0.059871,16.6,0.0,32.585843026419255,0.059871,0.059871,0.0,0.0,0.059871,0.0,0.0,0.0,0.059871,0.0,0.059871,0.0 
 07/21  20:30:00,34.0,18.710821946828645,32.58755725718834,18.710821946828645,0.0,7821.572643282893,32.58755725718834,0.0,0.0,0.059871,16.6,0.0,32.5867014482051,0.059871,0.059871,0.0,0.0,0.059871,0.0,0.0,0.0,0.059871,0.0,0.059871,0.0 
 07/21  20:31:00,34.0,18.710557725139573,32.58841048741079,18.710557725139573,0.0,7820.590135478724,32.58841048741079,0.0,0.0,0.059871,16.6,0.0,32.58755725718834,0.059871,0.059871,0.0,0.0,0.059871,0.0,0.0,0.0,0.059871,0.0,0.059871,0.0 
 07/21  20:32:00,34.0,18.710294962241154,32.58926112819773,18.710294962241154,0.0,7819.613058765126,32.58926112819773,0.0,0.0,0.059871,16.6,0.0,32.58841048741079,0.059871,0.059871,0.0,0.0,0.059871,0.0,0.0,0.0,0.059871,0.0,0.059871,0.0 
 07/21  20:33:00,34.0,18.71003351508712,32.590109191357605,18.71003351508712,0.0,7818.6408830726305,32.590109191357605,0.0,0.0,0.059871,16.6,0.0,32.58926112819773,0.059871,0.059871,0.0,0.0,0.059871,0.0,0.0,0.0,0.059871,0.0,0.059871,0.0 
 07/21  20:34:00,34.0,18.70977351186309,32.59095469396146,18.70977351186309,0.0,7817.674071031652,32.59095469396146,0.0,0.0,0.059871,16.6,0.0,32.590109191357605,0.059871,0.059871,0.0,0.0,0.059871,0.0,0.0,0.0,0.059871,0.0,0.059871,0.0 
 07/21  20:35:00,34.0,18.709514811848518,32.59179764131727,18.709514811848518,0.0,7816.712101196422,32.59179764131727,0.0,0.0,0.059871,16.6,0.0,32.59095469396146,0.059871,0.059871,0.0,0.0,0.059871,0.0,0.0,0.0,0.059871,0.0,0.059871,0.0 
 07/21  20:36:00,34.0,18.709257541594464,32.592638028422634,18.709257541594464,0.0,7815.755454820501,32.592638028422634,0.0,0.0,0.059871,16.6,0.0,32.59179764131727,0.059871,0.059871,0.0,0.0,0.059871,0.0,0.0,0.0,0.059871,0.0,0.059871,0.0 
 07/21  20:37:00,34.0,18.70900156141928,32.59347588869768,18.70900156141928,0.0,7814.803601969138,32.59347588869768,0.0,0.0,0.059871,16.6,0.0,32.592638028422634,0.059871,0.059871,0.0,0.0,0.059871,0.0,0.0,0.0,0.059871,0.0,0.059871,0.0 
 07/21  20:38:00,34.0,18.708746996497883,32.59431121152908,18.708746996497883,0.0,7813.857018793096,32.59431121152908,0.0,0.0,0.059871,16.6,0.0,32.59347588869768,0.059871,0.059871,0.0,0.0,0.059871,0.0,0.0,0.0,0.059871,0.0,0.059871,0.0 
 07/21  20:39:00,34.0,18.70849370859568,32.59514400838084,18.70849370859568,0.0,7812.915180723639,32.59514400838084,0.0,0.0,0.059871,16.6,0.0,32.59431121152908,0.059871,0.059871,0.0,0.0,0.059871,0.0,0.0,0.0,0.059871,0.0,0.059871,0.0 
 07/21  20:40:00,34.0,18.708241822233116,32.59597429604778,18.708241822233116,0.0,7811.978549153732,32.59597429604778,0.0,0.0,0.059871,16.6,0.0,32.59514400838084,0.059871,0.059871,0.0,0.0,0.059871,0.0,0.0,0.0,0.059871,0.0,0.059871,0.0 
 07/21  20:41:00,34.0,18.707991200154723,32.596802079578985,18.707991200154723,0.0,7811.046627806713,32.596802079578985,0.0,0.0,0.059871,16.6,0.0,32.59597429604778,0.059871,0.059871,0.0,0.0,0.059871,0.0,0.0,0.0,0.059871,0.0,0.059871,0.0 
 07/21  20:42:00,34.0,18.707741965331223,32.59762735396968,18.707741965331223,0.0,7810.119860002055,32.59762735396968,0.0,0.0,0.059871,16.6,0.0,32.596802079578985,0.059871,0.059871,0.0,0.0,0.059871,0.0,0.0,0.0,0.059871,0.0,0.059871,0.0 
 07/21  20:43:00,34.0,18.707493981850828,32.59845015203956,18.707493981850828,0.0,7809.197754439401,32.59845015203956,0.0,0.0,0.059871,16.6,0.0,32.59762735396968,0.059871,0.059871,0.0,0.0,0.059871,0.0,0.0,0.0,0.059871,0.0,0.059871,0.0 
 07/21  20:44:00,34.0,18.707247371534052,32.5992704632448,18.707247371534052,0.0,7808.2807501793195,32.5992704632448,0.0,0.0,0.059871,16.6,0.0,32.59845015203956,0.059871,0.059871,0.0,0.0,0.059871,0.0,0.0,0.0,0.059871,0.0,0.059871,0.0 
 07/21  20:45:00,34.0,18.70700200044728,32.600088298723335,18.70700200044728,0.0,7807.368350927741,32.600088298723335,0.0,0.0,0.059871,16.6,0.0,32.5992704632448,0.059871,0.059871,0.0,0.0,0.059871,0.0,0.0,0.0,0.059871,0.0,0.059871,0.0 
 07/21  20:46:00,34.0,18.706757988774587,32.60090367500337,18.706757988774587,0.0,7806.461014328324,32.60090367500337,0.0,0.0,0.059871,16.6,0.0,32.600088298723335,0.059871,0.059871,0.0,0.0,0.059871,0.0,0.0,0.0,0.059871,0.0,0.059871,0.0 
 07/21  20:47:00,34.0,18.706515203629866,32.60171659689186,18.706515203629866,0.0,7805.558235646381,32.60171659689186,0.0,0.0,0.059871,16.6,0.0,32.60090367500337,0.059871,0.059871,0.0,0.0,0.059871,0.0,0.0,0.0,0.059871,0.0,0.059871,0.0 
 07/21  20:48:00,34.0,18.70627376448602,32.60252705938865,18.70627376448602,0.0,7804.660457570708,32.60252705938865,0.0,0.0,0.059871,16.6,0.0,32.60171659689186,0.059871,0.059871,0.0,0.0,0.059871,0.0,0.0,0.0,0.059871,0.0,0.059871,0.0 
 07/21  20:49:00,34.0,18.706033539443414,32.603335094731385,18.706033539443414,0.0,7803.767203659863,32.603335094731385,0.0,0.0,0.059871,16.6,0.0,32.60252705938865,0.059871,0.059871,0.0,0.0,0.059871,0.0,0.0,0.0,0.059871,0.0,0.059871,0.0 
 07/21  20:50:00,34.0,18.705794646543957,32.604140692451786,18.705794646543957,0.0,7802.878898982135,32.604140692451786,0.0,0.0,0.059871,16.6,0.0,32.603335094731385,0.059871,0.059871,0.0,0.0,0.059871,0.0,0.0,0.0,0.059871,0.0,0.059871,0.0 
 07/21  20:51:00,34.0,18.705556955228598,32.604943863377805,18.705556955228598,0.0,7801.995072061022,32.604943863377805,0.0,0.0,0.059871,16.6,0.0,32.604140692451786,0.059871,0.059871,0.0,0.0,0.059871,0.0,0.0,0.0,0.059871,0.0,0.059871,0.0 
 07/21  20:52:00,34.0,18.705320582443804,32.6057446237795,18.705320582443804,0.0,7801.116143908662,32.6057446237795,0.0,0.0,0.059871,16.6,0.0,32.604943863377805,0.059871,0.059871,0.0,0.0,0.059871,0.0,0.0,0.0,0.059871,0.0,0.059871,0.0 
 07/21  20:53:00,34.0,18.705085399561028,32.60654297823696,18.705085399561028,0.0,7800.241637890886,32.60654297823696,0.0,0.0,0.059871,16.6,0.0,32.6057446237795,0.059871,0.059871,0.0,0.0,0.059871,0.0,0.0,0.0,0.059871,0.0,0.059871,0.0 
 07/21  20:54:00,34.0,18.704851522465873,32.60733892176115,18.704851522465873,0.0,7799.371983403412,32.60733892176115,0.0,0.0,0.059871,16.6,0.0,32.60654297823696,0.059871,0.059871,0.0,0.0,0.059871,0.0,0.0,0.0,0.059871,0.0,0.059871,0.0 
 07/21  20:55:00,34.0,18.704618823089678,32.60813248602527,18.704618823089678,0.0,7798.506718192575,32.60813248602527,0.0,0.0,0.059871,16.6,0.0,32.60733892176115,0.059871,0.059871,0.0,0.0,0.059871,0.0,0.0,0.0,0.059871,0.0,0.059871,0.0 
 07/21  20:56:00,34.0,18.704387415809705,32.60892366064238,18.704387415809705,0.0,7797.646253756452,32.60892366064238,0.0,0.0,0.059871,16.6,0.0,32.60813248602527,0.059871,0.059871,0.0,0.0,0.059871,0.0,0.0,0.0,0.059871,0.0,0.059871,0.0 
 07/21  20:57:00,34.0,18.70415717445508,32.6097124561455,18.70415717445508,0.0,7796.790122568609,32.6097124561455,0.0,0.0,0.059871,16.6,0.0,32.60892366064238,0.059871,0.059871,0.0,0.0,0.059871,0.0,0.0,0.0,0.059871,0.0,0.059871,0.0 
 07/21  20:58:00,34.0,18.70392821197645,32.610498888554346,18.70392821197645,0.0,7795.938755450043,32.610498888554346,0.0,0.0,0.059871,16.6,0.0,32.6097124561455,0.059871,0.059871,0.0,0.0,0.059871,0.0,0.0,0.0,0.059871,0.0,0.059871,0.0 
 07/21  20:59:00,34.0,18.703700403303518,32.611282962236,18.703700403303518,0.0,7795.0916766490855,32.611282962236,0.0,0.0,0.059871,16.6,0.0,32.610498888554346,0.059871,0.059871,0.0,0.0,0.059871,0.0,0.0,0.0,0.059871,0.0,0.059871,0.0 
 07/21  21:00:00,34.0,18.703473860790208,32.612064672217954,18.703473860790208,0.0,7794.249302474595,32.612064672217954,0.0,0.0,0.059871,16.6,0.0,32.611282962236,0.059871,0.059871,0.0,0.0,0.059871,0.0,0.0,0.0,0.059871,0.0,0.059871,0.0,49104000.0 
 07/21  21:01:00,34.0,18.70324846082976,32.61284404962476,18.70324846082976,0.0,7793.4111749022895,32.61284404962476,0.0,0.0,0.059871,16.6,0.0,32.612064672217954,0.059871,0.059871,0.0,0.0,0.059871,0.0,0.0,0.0,0.059871,0.0,0.059871,0.0 
 07/21  21:02:00,34.0,18.7030243139622,32.61362108415549,18.7030243139622,0.0,7792.577715814582,32.61362108415549,0.0,0.0,0.059871,16.6,0.0,32.61284404962476,0.059871,0.059871,0.0,0.0,0.059871,0.0,0.0,0.0,0.059871,0.0,0.059871,0.0 
 07/21  21:03:00,34.0,18.702801297545978,32.61439578606175,18.702801297545978,0.0,7791.748458466245,32.61439578606175,0.0,0.0,0.059871,16.6,0.0,32.61362108415549,0.059871,0.059871,0.0,0.0,0.059871,0.0,0.0,0.0,0.059871,0.0,0.059871,0.0 
 07/21  21:04:00,34.0,18.70257952160281,32.61516817111997,18.70257952160281,0.0,7790.9238105241,32.61516817111997,0.0,0.0,0.059871,16.6,0.0,32.61439578606175,0.059871,0.059871,0.0,0.0,0.059871,0.0,0.0,0.0,0.059871,0.0,0.059871,0.0 
 07/21  21:05:00,34.0,18.702358864478352,32.61593824349688,18.702358864478352,0.0,7790.103333489878,32.61593824349688,0.0,0.0,0.059871,16.6,0.0,32.61516817111997,0.059871,0.059871,0.0,0.0,0.059871,0.0,0.0,0.0,0.059871,0.0,0.059871,0.0 
 07/21  21:06:00,34.0,18.702139435421632,32.61670599824146,18.702139435421632,0.0,7789.28740758447,32.61670599824146,0.0,0.0,0.059871,16.6,0.0,32.61593824349688,0.059871,0.059871,0.0,0.0,0.059871,0.0,0.0,0.0,0.059871,0.0,0.059871,0.0 
 07/21  21:07:00,34.0,18.70192111413215,32.61747146594469,18.70192111413215,0.0,7788.475611615809,32.61747146594469,0.0,0.0,0.059871,16.6,0.0,32.61670599824146,0.059871,0.059871,0.0,0.0,0.059871,0.0,0.0,0.0,0.059871,0.0,0.059871,0.0 
 07/21  21:08:00,34.0,18.701704008099703,32.61823463639593,18.701704008099703,0.0,7787.66833157797,32.61823463639593,0.0,0.0,0.059871,16.6,0.0,32.61747146594469,0.059871,0.059871,0.0,0.0,0.059871,0.0,0.0,0.0,0.059871,0.0,0.059871,0.0 
 07/21  21:09:00,34.0,18.701487998537,32.61899551957815,18.701487998537,0.0,7786.865127306742,32.61899551957815,0.0,0.0,0.059871,16.6,0.0,32.61823463639593,0.059871,0.059871,0.0,0.0,0.059871,0.0,0.0,0.0,0.059871,0.0,0.059871,0.0 
 07/21  21:10:00,34.0,18.70127319149958,32.61975413103118,18.70127319149958,0.0,7786.066404055532,32.61975413103118,0.0,0.0,0.059871,16.6,0.0,32.61899551957815,0.059871,0.059871,0.0,0.0,0.059871,0.0,0.0,0.0,0.059871,0.0,0.059871,0.0 
 07/21  21:11:00,34.0,18.70105946930162,32.62051047473315,18.70105946930162,0.0,7785.271713455686,32.62051047473315,0.0,0.0,0.059871,16.6,0.0,32.61975413103118,0.059871,0.059871,0.0,0.0,0.059871,0.0,0.0,0.0,0.059871,0.0,0.059871,0.0 
 07/21  21:12:00,34.0,18.7008469375398,32.621264545759026,18.7008469375398,0.0,7784.481446776831,32.621264545759026,0.0,0.0,0.059871,16.6,0.0,32.62051047473315,0.059871,0.059871,0.0,0.0,0.059871,0.0,0.0,0.0,0.059871,0.0,0.059871,0.0 
 07/21  21:13:00,34.0,18.700635479968096,32.622016374180234,18.700635479968096,0.0,7783.695173272008,32.622016374180234,0.0,0.0,0.059871,16.6,0.0,32.621264545759026,0.059871,0.059871,0.0,0.0,0.059871,0.0,0.0,0.0,0.059871,0.0,0.059871,0.0 
 07/21  21:14:00,34.0,18.700425200977016,32.622765949880254,18.700425200977016,0.0,7782.913279741342,32.622765949880254,0.0,0.0,0.059871,16.6,0.0,32.622016374180234,0.059871,0.059871,0.0,0.0,0.059871,0.0,0.0,0.0,0.059871,0.0,0.059871,0.0 
 07/21  21:15:00,34.0,18.700215984779813,32.62351328258521,18.700215984779813,0.0,7782.135349416703,32.62351328258521,0.0,0.0,0.059871,16.6,0.0,32.622765949880254,0.059871,0.059871,0.0,0.0,0.059871,0.0,0.0,0.0,0.059871,0.0,0.059871,0.0 
 07/21  21:16:00,34.0,18.700007935002976,32.62425838760477,18.700007935002976,0.0,7781.361741712626,32.62425838760477,0.0,0.0,0.059871,16.6,0.0,32.62351328258521,0.059871,0.059871,0.0,0.0,0.059871,0.0,0.0,0.0,0.059871,0.0,0.059871,0.0 
 07/21  21:17:00,34.0,18.699800937295123,32.62500126873952,18.699800937295123,0.0,7780.5920574551465,32.62500126873952,0.0,0.0,0.059871,16.6,0.0,32.62425838760477,0.059871,0.059871,0.0,0.0,0.059871,0.0,0.0,0.0,0.059871,0.0,0.059871,0.0 
 07/21  21:18:00,34.0,18.699595093695187,32.6257419210946,18.699595093695187,0.0,7779.826662454107,32.6257419210946,0.0,0.0,0.059871,16.6,0.0,32.62500126873952,0.059871,0.059871,0.0,0.0,0.059871,0.0,0.0,0.0,0.059871,0.0,0.059871,0.0 
 07/21  21:19:00,34.0,18.699390291366107,32.62648037423536,18.699390291366107,0.0,7779.065138595415,32.62648037423536,0.0,0.0,0.059871,16.6,0.0,32.6257419210946,0.059871,0.059871,0.0,0.0,0.059871,0.0,0.0,0.0,0.059871,0.0,0.059871,0.0 
 07/21  21:20:00,34.0,18.6991866315068,32.62721661814289,18.6991866315068,0.0,7778.307860852692,32.62721661814289,0.0,0.0,0.059871,16.6,0.0,32.62648037423536,0.059871,0.059871,0.0,0.0,0.059871,0.0,0.0,0.0,0.059871,0.0,0.059871,0.0 
 07/21  21:21:00,34.0,18.69898400188366,32.62795066229737,18.69898400188366,0.0,7777.554425616768,32.62795066229737,0.0,0.0,0.059871,16.6,0.0,32.62721661814289,0.059871,0.059871,0.0,0.0,0.059871,0.0,0.0,0.0,0.059871,0.0,0.059871,0.0 
 07/21  21:22:00,34.0,18.698782502978585,32.628682521783894,18.698782502978585,0.0,7776.805180666065,32.628682521783894,0.0,0.0,0.059871,16.6,0.0,32.62795066229737,0.059871,0.059871,0.0,0.0,0.059871,0.0,0.0,0.0,0.059871,0.0,0.059871,0.0 
 07/21  21:23:00,34.0,18.698582023922615,32.62941220023518,18.698582023922615,0.0,7776.059739715515,32.62941220023518,0.0,0.0,0.059871,16.6,0.0,32.628682521783894,0.059871,0.059871,0.0,0.0,0.059871,0.0,0.0,0.0,0.059871,0.0,0.059871,0.0 
 07/21  21:24:00,34.0,18.698382663607184,32.630139692789704,18.698382663607184,0.0,7775.318456919899,32.630139692789704,0.0,0.0,0.059871,16.6,0.0,32.62941220023518,0.059871,0.059871,0.0,0.0,0.059871,0.0,0.0,0.0,0.059871,0.0,0.059871,0.0 
 07/21  21:25:00,34.0,18.69818431263337,32.63086502851852,18.69818431263337,0.0,7774.580926906042,32.63086502851852,0.0,0.0,0.059871,16.6,0.0,32.630139692789704,0.059871,0.059871,0.0,0.0,0.059871,0.0,0.0,0.0,0.059871,0.0,0.059871,0.0 
 07/21  21:26:00,34.0,18.697987069081695,32.6315881975024,18.697987069081695,0.0,7773.847513092337,32.6315881975024,0.0,0.0,0.059871,16.6,0.0,32.63086502851852,0.059871,0.059871,0.0,0.0,0.059871,0.0,0.0,0.0,0.059871,0.0,0.059871,0.0 
 07/21  21:27:00,34.0,18.697790824662505,32.63230920898473,18.697790824662505,0.0,7773.117814216221,32.63230920898473,0.0,0.0,0.059871,16.6,0.0,32.6315881975024,0.059871,0.059871,0.0,0.0,0.059871,0.0,0.0,0.0,0.059871,0.0,0.059871,0.0 
 07/21  21:28:00,34.0,18.69759567633066,32.6330280778302,18.69759567633066,0.0,7772.392189524958,32.6330280778302,0.0,0.0,0.059871,16.6,0.0,32.63230920898473,0.059871,0.059871,0.0,0.0,0.059871,0.0,0.0,0.0,0.059871,0.0,0.059871,0.0 
 07/21  21:29:00,34.0,18.697401516293308,32.63374480751144,18.697401516293308,0.0,7771.670251855303,32.63374480751144,0.0,0.0,0.059871,16.6,0.0,32.6330280778302,0.059871,0.059871,0.0,0.0,0.059871,0.0,0.0,0.0,0.059871,0.0,0.059871,0.0 
 07/21  21:30:00,34.0,18.697208440897256,32.634459393201695,18.697208440897256,0.0,7770.9523336839175,32.634459393201695,0.0,0.0,0.059871,16.6,0.0,32.63374480751144,0.059871,0.059871,0.0,0.0,0.059871,0.0,0.0,0.0,0.059871,0.0,0.059871,0.0 
 07/21  21:31:00,34.0,18.69701634375058,32.63517186348742,18.69701634375058,0.0,7770.238065295694,32.63517186348742,0.0,0.0,0.059871,16.6,0.0,32.634459393201695,0.059871,0.059871,0.0,0.0,0.059871,0.0,0.0,0.0,0.059871,0.0,0.059871,0.0 
 07/21  21:32:00,34.0,18.69682532022242,32.63588220854941,18.69682532022242,0.0,7769.527775549636,32.63588220854941,0.0,0.0,0.059871,16.6,0.0,32.63517186348742,0.059871,0.059871,0.0,0.0,0.059871,0.0,0.0,0.0,0.059871,0.0,0.059871,0.0 
 07/21  21:33:00,34.0,18.696635264920133,32.636590437401345,18.696635264920133,0.0,7768.821098428716,32.636590437401345,0.0,0.0,0.059871,16.6,0.0,32.63588220854941,0.059871,0.059871,0.0,0.0,0.059871,0.0,0.0,0.0,0.059871,0.0,0.059871,0.0 
 07/21  21:34:00,34.0,18.696446271602287,32.6372965646903,18.696446271602287,0.0,7768.1183690808075,32.6372965646903,0.0,0.0,0.059871,16.6,0.0,32.636590437401345,0.059871,0.059871,0.0,0.0,0.059871,0.0,0.0,0.0,0.059871,0.0,0.059871,0.0 
 07/21  21:35:00,34.0,18.696258236892948,32.63800059373519,18.696258236892948,0.0,7767.419192201523,32.63800059373519,0.0,0.0,0.059871,16.6,0.0,32.6372965646903,0.059871,0.059871,0.0,0.0,0.059871,0.0,0.0,0.0,0.059871,0.0,0.059871,0.0 
 07/21  21:36:00,34.0,18.696071253424254,32.6387025197448,18.696071253424254,0.0,7766.723935522732,32.6387025197448,0.0,0.0,0.059871,16.6,0.0,32.63800059373519,0.059871,0.059871,0.0,0.0,0.059871,0.0,0.0,0.0,0.059871,0.0,0.059871,0.0 
 07/21  21:37:00,34.0,18.69588521808301,32.6394023708304,18.69588521808301,0.0,7766.032204712669,32.6394023708304,0.0,0.0,0.059871,16.6,0.0,32.6387025197448,0.059871,0.059871,0.0,0.0,0.059871,0.0,0.0,0.0,0.059871,0.0,0.059871,0.0 
 07/21  21:38:00,34.0,18.69570022285354,32.64010013727358,18.69570022285354,0.0,7765.3443406003635,32.64010013727358,0.0,0.0,0.059871,16.6,0.0,32.6394023708304,0.059871,0.059871,0.0,0.0,0.059871,0.0,0.0,0.0,0.059871,0.0,0.059871,0.0 
 07/21  21:39:00,34.0,18.695516166002502,32.6407958278661,18.695516166002502,0.0,7764.659966219065,32.6407958278661,0.0,0.0,0.059871,16.6,0.0,32.64010013727358,0.059871,0.059871,0.0,0.0,0.059871,0.0,0.0,0.0,0.059871,0.0,0.059871,0.0 
 07/21  21:40:00,34.0,18.695333138618405,32.64148945704146,18.695333138618405,0.0,7763.979419078355,32.64148945704146,0.0,0.0,0.059871,16.6,0.0,32.6407958278661,0.059871,0.059871,0.0,0.0,0.059871,0.0,0.0,0.0,0.059871,0.0,0.059871,0.0 
 07/21  21:41:00,34.0,18.695151039956347,32.6421810279725,18.695151039956347,0.0,7763.302325874392,32.6421810279725,0.0,0.0,0.059871,16.6,0.0,32.64148945704146,0.059871,0.059871,0.0,0.0,0.059871,0.0,0.0,0.0,0.059871,0.0,0.059871,0.0 
 07/21  21:42:00,34.0,18.694969960075927,32.642870535906056,18.694969960075927,0.0,7762.629020304153,32.642870535906056,0.0,0.0,0.059871,16.6,0.0,32.6421810279725,0.059871,0.059871,0.0,0.0,0.059871,0.0,0.0,0.0,0.059871,0.0,0.059871,0.0 
 07/21  21:43:00,34.0,18.694789799237157,32.64355800848899,18.694789799237157,0.0,7761.959132787683,32.64355800848899,0.0,0.0,0.059871,16.6,0.0,32.642870535906056,0.059871,0.059871,0.0,0.0,0.059871,0.0,0.0,0.0,0.059871,0.0,0.059871,0.0 
 07/21  21:44:00,34.0,18.694610646545897,32.64424343610592,18.694610646545897,0.0,7761.292993487932,32.64424343610592,0.0,0.0,0.059871,16.6,0.0,32.64355800848899,0.059871,0.059871,0.0,0.0,0.059871,0.0,0.0,0.0,0.059871,0.0,0.059871,0.0 
 07/21  21:45:00,34.0,18.694432402766644,32.644926827335475,18.694432402766644,0.0,7760.630246933215,32.644926827335475,0.0,0.0,0.059871,16.6,0.0,32.64424343610592,0.059871,0.059871,0.0,0.0,0.059871,0.0,0.0,0.0,0.059871,0.0,0.059871,0.0 
 07/21  21:46:00,34.0,18.694255156512853,32.645608196402605,18.694255156512853,0.0,7759.971196983429,32.645608196402605,0.0,0.0,0.059871,16.6,0.0,32.644926827335475,0.059871,0.059871,0.0,0.0,0.059871,0.0,0.0,0.0,0.059871,0.0,0.059871,0.0 
 07/21  21:47:00,34.0,18.694078810411458,32.64628754634207,18.694078810411458,0.0,7759.315495069368,32.64628754634207,0.0,0.0,0.059871,16.6,0.0,32.645608196402605,0.059871,0.059871,0.0,0.0,0.059871,0.0,0.0,0.0,0.059871,0.0,0.059871,0.0 
 07/21  21:48:00,34.0,18.693903451731813,32.64696487244151,18.693903451731813,0.0,7758.663464548881,32.64696487244151,0.0,0.0,0.059871,16.6,0.0,32.64628754634207,0.059871,0.059871,0.0,0.0,0.059871,0.0,0.0,0.0,0.059871,0.0,0.059871,0.0 
 07/21  21:49:00,34.0,18.693728983715253,32.64764020189384,18.693728983715253,0.0,7758.014746889853,32.64764020189384,0.0,0.0,0.059871,16.6,0.0,32.64696487244151,0.059871,0.059871,0.0,0.0,0.059871,0.0,0.0,0.0,0.059871,0.0,0.059871,0.0 
 07/21  21:50:00,34.0,18.69355549260784,32.64831352518869,18.69355549260784,0.0,7757.369661658386,32.64831352518869,0.0,0.0,0.059871,16.6,0.0,32.64764020189384,0.059871,0.059871,0.0,0.0,0.059871,0.0,0.0,0.0,0.059871,0.0,0.059871,0.0 
 07/21  21:51:00,34.0,18.693382882714968,32.64898485069947,18.693382882714968,0.0,7756.727854265391,32.64898485069947,0.0,0.0,0.059871,16.6,0.0,32.64831352518869,0.059871,0.059871,0.0,0.0,0.059871,0.0,0.0,0.0,0.059871,0.0,0.059871,0.0 
 07/21  21:52:00,34.0,18.693211239454616,32.64965419244686,18.693211239454616,0.0,7756.089641208573,32.64965419244686,0.0,0.0,0.059871,16.6,0.0,32.64898485069947,0.059871,0.059871,0.0,0.0,0.059871,0.0,0.0,0.0,0.059871,0.0,0.059871,0.0 
 07/21  21:53:00,34.0,18.693040468172303,32.65032155333432,18.693040468172303,0.0,7755.454671753155,32.65032155333432,0.0,0.0,0.059871,16.6,0.0,32.64965419244686,0.059871,0.059871,0.0,0.0,0.059871,0.0,0.0,0.0,0.059871,0.0,0.059871,0.0 
 07/21  21:54:00,34.0,18.692870653398995,32.65098692869188,18.692870653398995,0.0,7754.823259110053,32.65098692869188,0.0,0.0,0.059871,16.6,0.0,32.65032155333432,0.059871,0.059871,0.0,0.0,0.059871,0.0,0.0,0.0,0.059871,0.0,0.059871,0.0 
 07/21  21:55:00,34.0,18.692701701465072,32.65165034526741,18.692701701465072,0.0,7754.19505619403,32.65165034526741,0.0,0.0,0.059871,16.6,0.0,32.65098692869188,0.059871,0.059871,0.0,0.0,0.059871,0.0,0.0,0.0,0.059871,0.0,0.059871,0.0 
 07/21  21:56:00,34.0,18.69253369600873,32.65231179365592,18.69253369600873,0.0,7753.570372907948,32.65231179365592,0.0,0.0,0.059871,16.6,0.0,32.65165034526741,0.059871,0.059871,0.0,0.0,0.059871,0.0,0.0,0.0,0.059871,0.0,0.059871,0.0 
 07/21  21:57:00,34.0,18.69236654433683,32.65297128203171,18.69236654433683,0.0,7752.94886578507,32.65297128203171,0.0,0.0,0.059871,16.6,0.0,32.65231179365592,0.059871,0.059871,0.0,0.0,0.059871,0.0,0.0,0.0,0.059871,0.0,0.059871,0.0 
 07/21  21:58:00,34.0,18.692200329739816,32.65362882421384,18.692200329739816,0.0,7752.330831215563,32.65362882421384,0.0,0.0,0.059871,16.6,0.0,32.65297128203171,0.059871,0.059871,0.0,0.0,0.059871,0.0,0.0,0.0,0.059871,0.0,0.059871,0.0 
 07/21  21:59:00,34.0,18.692034960055384,32.65428442297948,18.692034960055384,0.0,7751.715952149057,32.65428442297948,0.0,0.0,0.059871,16.6,0.0,32.65362882421384,0.059871,0.059871,0.0,0.0,0.059871,0.0,0.0,0.0,0.059871,0.0,0.059871,0.0 
 07/21  22:00:00,34.0,18.69187051686895,32.654938073701324,18.69187051686895,0.0,7751.104518656821,32.654938073701324,0.0,0.0,0.059871,16.6,0.0,32.65428442297948,0.059871,0.059871,0.0,0.0,0.059871,0.0,0.0,0.0,0.059871,0.0,0.059871,0.0,49104000.0 
 07/21  22:01:00,34.0,18.691706909926236,32.65558980269001,18.691706909926236,0.0,7750.496184088797,32.65558980269001,0.0,0.0,0.059871,16.6,0.0,32.654938073701324,0.059871,0.059871,0.0,0.0,0.059871,0.0,0.0,0.0,0.059871,0.0,0.059871,0.0 
 07/21  22:02:00,34.0,18.69154421991155,32.6562396006458,18.69154421991155,0.0,7749.891271844949,32.6562396006458,0.0,0.0,0.059871,16.6,0.0,32.65558980269001,0.059871,0.059871,0.0,0.0,0.059871,0.0,0.0,0.0,0.059871,0.0,0.059871,0.0 
 07/21  22:03:00,34.0,18.691382357326365,32.65688747554963,18.691382357326365,0.0,7749.28942585615,32.65688747554963,0.0,0.0,0.059871,16.6,0.0,32.6562396006458,0.059871,0.059871,0.0,0.0,0.059871,0.0,0.0,0.0,0.059871,0.0,0.059871,0.0 
 07/21  22:04:00,34.0,18.691221402454527,32.65753344102172,18.691221402454527,0.0,7748.6909558165735,32.65753344102172,0.0,0.0,0.059871,16.6,0.0,32.65688747554963,0.059871,0.059871,0.0,0.0,0.059871,0.0,0.0,0.0,0.059871,0.0,0.059871,0.0 
 07/21  22:05:00,34.0,18.691061265787106,32.658177499718036,18.691061265787106,0.0,7748.095542275764,32.658177499718036,0.0,0.0,0.059871,16.6,0.0,32.65753344102172,0.059871,0.059871,0.0,0.0,0.059871,0.0,0.0,0.0,0.059871,0.0,0.059871,0.0 
 07/21  22:06:00,34.0,18.690902026942155,32.65881964705441,18.690902026942155,0.0,7747.503455806004,32.65881964705441,0.0,0.0,0.059871,16.6,0.0,32.658177499718036,0.059871,0.059871,0.0,0.0,0.059871,0.0,0.0,0.0,0.059871,0.0,0.059871,0.0 
 07/21  22:07:00,34.0,18.690743598184046,32.65945990891167,18.690743598184046,0.0,7746.914383528842,32.65945990891167,0.0,0.0,0.059871,16.6,0.0,32.65881964705441,0.059871,0.059871,0.0,0.0,0.059871,0.0,0.0,0.0,0.059871,0.0,0.059871,0.0 
 07/21  22:08:00,34.0,18.690586057984323,32.660098276094764,18.690586057984323,0.0,7746.328616202418,32.660098276094764,0.0,0.0,0.059871,16.6,0.0,32.65945990891167,0.059871,0.059871,0.0,0.0,0.059871,0.0,0.0,0.0,0.059871,0.0,0.059871,0.0 
 07/21  22:09:00,34.0,18.690429319748844,32.660734756395975,18.690429319748844,0.0,7745.745820748125,32.660734756395975,0.0,0.0,0.059871,16.6,0.0,32.660098276094764,0.059871,0.059871,0.0,0.0,0.059871,0.0,0.0,0.0,0.059871,0.0,0.059871,0.0 
 07/21  22:10:00,34.0,18.69027346061415,32.66136936323836,18.69027346061415,0.0,7745.166307403201,32.66136936323836,0.0,0.0,0.059871,16.6,0.0,32.660734756395975,0.059871,0.059871,0.0,0.0,0.059871,0.0,0.0,0.0,0.059871,0.0,0.059871,0.0 
 07/21  22:11:00,34.0,18.690118394130337,32.66200209916035,18.690118394130337,0.0,7744.589743622732,32.66200209916035,0.0,0.0,0.059871,16.6,0.0,32.66136936323836,0.059871,0.059871,0.0,0.0,0.059871,0.0,0.0,0.0,0.059871,0.0,0.059871,0.0 
 07/21  22:12:00,34.0,18.6899641976384,32.662632959620254,18.6899641976384,0.0,7744.016403766341,32.662632959620254,0.0,0.0,0.059871,16.6,0.0,32.66200209916035,0.059871,0.059871,0.0,0.0,0.059871,0.0,0.0,0.0,0.059871,0.0,0.059871,0.0 
 07/21  22:13:00,34.0,18.6898107861273,32.66326197007575,18.6898107861273,0.0,7743.445985045605,32.66326197007575,0.0,0.0,0.059871,16.6,0.0,32.662632959620254,0.059871,0.059871,0.0,0.0,0.059871,0.0,0.0,0.0,0.059871,0.0,0.059871,0.0 
 07/21  22:14:00,34.0,18.68965823497257,32.66388912143564,18.68965823497257,0.0,7742.878778954032,32.66388912143564,0.0,0.0,0.059871,16.6,0.0,32.66326197007575,0.059871,0.059871,0.0,0.0,0.059871,0.0,0.0,0.0,0.059871,0.0,0.059871,0.0 
 07/21  22:15:00,34.0,18.689506460113353,32.66451442130858,18.689506460113353,0.0,7742.314449597193,32.66451442130858,0.0,0.0,0.059871,16.6,0.0,32.66388912143564,0.059871,0.059871,0.0,0.0,0.059871,0.0,0.0,0.0,0.059871,0.0,0.059871,0.0 
 07/21  22:16:00,34.0,18.68935553748183,32.665137882923254,18.68935553748183,0.0,7741.753278326723,32.665137882923254,0.0,0.0,0.059871,16.6,0.0,32.66451442130858,0.059871,0.059871,0.0,0.0,0.059871,0.0,0.0,0.0,0.059871,0.0,0.059871,0.0 
 07/21  22:17:00,34.0,18.689205383190725,32.665759508705754,18.689205383190725,0.0,7741.194978718954,32.665759508705754,0.0,0.0,0.059871,16.6,0.0,32.665137882923254,0.059871,0.059871,0.0,0.0,0.059871,0.0,0.0,0.0,0.059871,0.0,0.059871,0.0 
 07/21  22:18:00,34.0,18.689056071260453,32.66637929415838,18.689056071260453,0.0,7740.639812832451,32.66637929415838,0.0,0.0,0.059871,16.6,0.0,32.665759508705754,0.059871,0.059871,0.0,0.0,0.059871,0.0,0.0,0.0,0.059871,0.0,0.059871,0.0 
 07/21  22:19:00,34.0,18.68890751957193,32.66699726432455,18.68890751957193,0.0,7740.0874641813925,32.66699726432455,0.0,0.0,0.059871,16.6,0.0,32.66637929415838,0.059871,0.059871,0.0,0.0,0.059871,0.0,0.0,0.0,0.059871,0.0,0.059871,0.0 
 07/21  22:20:00,34.0,18.688759801917882,32.66761341021853,18.688759801917882,0.0,7739.538218391326,32.66761341021853,0.0,0.0,0.059871,16.6,0.0,32.66699726432455,0.059871,0.059871,0.0,0.0,0.059871,0.0,0.0,0.0,0.059871,0.0,0.059871,0.0 
 07/21  22:21:00,34.0,18.688612836491632,32.66822773927242,18.688612836491632,0.0,7738.991772336631,32.66822773927242,0.0,0.0,0.059871,16.6,0.0,32.66761341021853,0.059871,0.059871,0.0,0.0,0.059871,0.0,0.0,0.0,0.059871,0.0,0.059871,0.0 
 07/21  22:22:00,34.0,18.688466695966152,32.668840264525116,18.688466695966152,0.0,7738.448395289383,32.668840264525116,0.0,0.0,0.059871,16.6,0.0,32.66822773927242,0.059871,0.059871,0.0,0.0,0.059871,0.0,0.0,0.0,0.059871,0.0,0.059871,0.0 
 07/21  22:23:00,34.0,18.688321299403327,32.669450988296596,18.688321299403327,0.0,7737.907787342497,32.669450988296596,0.0,0.0,0.059871,16.6,0.0,32.668840264525116,0.059871,0.059871,0.0,0.0,0.059871,0.0,0.0,0.0,0.059871,0.0,0.059871,0.0 
 07/21  22:24:00,34.0,18.68817671884441,32.67005990613506,18.68817671884441,0.0,7737.370215427295,32.67005990613506,0.0,0.0,0.059871,16.6,0.0,32.669450988296596,0.059871,0.059871,0.0,0.0,0.059871,0.0,0.0,0.0,0.059871,0.0,0.059871,0.0 
 07/21  22:25:00,34.0,18.688032874847735,32.670667042678026,18.688032874847735,0.0,7736.835372985056,32.670667042678026,0.0,0.0,0.059871,16.6,0.0,32.67005990613506,0.059871,0.059871,0.0,0.0,0.059871,0.0,0.0,0.0,0.059871,0.0,0.059871,0.0 
 07/21  22:26:00,34.0,18.68788983883409,32.67127238904579,18.68788983883409,0.0,7736.303536846535,32.67127238904579,0.0,0.0,0.059871,16.6,0.0,32.670667042678026,0.059871,0.059871,0.0,0.0,0.059871,0.0,0.0,0.0,0.059871,0.0,0.059871,0.0 
 07/21  22:27:00,34.0,18.687747531475345,32.6718759524992,18.687747531475345,0.0,7735.774413070653,32.6718759524992,0.0,0.0,0.059871,16.6,0.0,32.67127238904579,0.059871,0.059871,0.0,0.0,0.059871,0.0,0.0,0.0,0.059871,0.0,0.059871,0.0 
 07/21  22:28:00,34.0,18.687606023111016,32.67247774588996,18.687606023111016,0.0,7735.248262283085,32.67247774588996,0.0,0.0,0.059871,16.6,0.0,32.6718759524992,0.059871,0.059871,0.0,0.0,0.059871,0.0,0.0,0.0,0.059871,0.0,0.059871,0.0 
 07/21  22:29:00,34.0,18.687465235320722,32.67307777143592,18.687465235320722,0.0,7734.7247939064255,32.67307777143592,0.0,0.0,0.059871,16.6,0.0,32.67247774588996,0.059871,0.059871,0.0,0.0,0.059871,0.0,0.0,0.0,0.059871,0.0,0.059871,0.0 
 07/21  22:30:00,34.0,18.687325238410477,32.673676024731236,18.687325238410477,0.0,7734.20425625015,32.673676024731236,0.0,0.0,0.059871,16.6,0.0,32.67307777143592,0.059871,0.059871,0.0,0.0,0.059871,0.0,0.0,0.0,0.059871,0.0,0.059871,0.0 
 07/21  22:31:00,34.0,18.687185955008417,32.674272530014214,18.687185955008417,0.0,7733.686374816016,32.674272530014214,0.0,0.0,0.059871,16.6,0.0,32.673676024731236,0.059871,0.059871,0.0,0.0,0.059871,0.0,0.0,0.0,0.059871,0.0,0.059871,0.0 
 07/21  22:32:00,34.0,18.687047453990765,32.67486727851075,18.687047453990765,0.0,7733.171404807667,32.67486727851075,0.0,0.0,0.059871,16.6,0.0,32.674272530014214,0.059871,0.059871,0.0,0.0,0.059871,0.0,0.0,0.0,0.059871,0.0,0.059871,0.0 
 07/21  22:33:00,34.0,18.686909658486336,32.675460277315196,18.686909658486336,0.0,7732.659061388376,32.675460277315196,0.0,0.0,0.059871,16.6,0.0,32.67486727851075,0.059871,0.059871,0.0,0.0,0.059871,0.0,0.0,0.0,0.059871,0.0,0.059871,0.0 
 07/21  22:34:00,34.0,18.686772637240725,32.6760515390949,18.686772637240725,0.0,7732.149587089261,32.6760515390949,0.0,0.0,0.059871,16.6,0.0,32.675460277315196,0.059871,0.059871,0.0,0.0,0.059871,0.0,0.0,0.0,0.059871,0.0,0.059871,0.0 
 07/21  22:35:00,34.0,18.686636313936862,32.676641065970095,18.686636313936862,0.0,7731.642723504733,32.676641065970095,0.0,0.0,0.059871,16.6,0.0,32.6760515390949,0.059871,0.059871,0.0,0.0,0.059871,0.0,0.0,0.0,0.059871,0.0,0.059871,0.0 
 07/21  22:36:00,34.0,18.686500756420326,32.677228853581845,18.686500756420326,0.0,7731.138697643523,32.677228853581845,0.0,0.0,0.059871,16.6,0.0,32.676641065970095,0.059871,0.059871,0.0,0.0,0.059871,0.0,0.0,0.0,0.059871,0.0,0.059871,0.0 
 07/21  22:37:00,34.0,18.68636588973489,32.67781492577685,18.68636588973489,0.0,7730.637243953215,32.67781492577685,0.0,0.0,0.059871,16.6,0.0,32.677228853581845,0.059871,0.059871,0.0,0.0,0.059871,0.0,0.0,0.0,0.059871,0.0,0.059871,0.0 
 07/21  22:38:00,34.0,18.686231781205567,32.678399273886996,18.686231781205567,0.0,7730.138599704696,32.678399273886996,0.0,0.0,0.059871,16.6,0.0,32.67781492577685,0.059871,0.059871,0.0,0.0,0.059871,0.0,0.0,0.0,0.059871,0.0,0.059871,0.0 
 07/21  22:39:00,34.0,18.686098356012906,32.67898190484522,18.686098356012906,0.0,7729.642512034816,32.67898190484522,0.0,0.0,0.059871,16.6,0.0,32.678399273886996,0.059871,0.059871,0.0,0.0,0.059871,0.0,0.0,0.0,0.059871,0.0,0.059871,0.0 
 07/21  22:40:00,34.0,18.685965680486635,32.67956283113729,18.685965680486635,0.0,7729.149202342555,32.67956283113729,0.0,0.0,0.059871,16.6,0.0,32.67898190484522,0.059871,0.059871,0.0,0.0,0.059871,0.0,0.0,0.0,0.059871,0.0,0.059871,0.0 
 07/21  22:41:00,34.0,18.685833681207953,32.68014205478963,18.685833681207953,0.0,7728.658410768985,32.68014205478963,0.0,0.0,0.059871,16.6,0.0,32.67956283113729,0.059871,0.059871,0.0,0.0,0.059871,0.0,0.0,0.0,0.059871,0.0,0.059871,0.0 
 07/21  22:42:00,34.0,18.685702424079384,32.68071957149012,18.685702424079384,0.0,7728.170369317627,32.68071957149012,0.0,0.0,0.059871,16.6,0.0,32.68014205478963,0.059871,0.059871,0.0,0.0,0.059871,0.0,0.0,0.0,0.059871,0.0,0.059871,0.0 
 07/21  22:43:00,34.0,18.685571835846897,32.68129540470001,18.685571835846897,0.0,7727.684830919102,32.68129540470001,0.0,0.0,0.059871,16.6,0.0,32.68071957149012,0.059871,0.059871,0.0,0.0,0.059871,0.0,0.0,0.0,0.059871,0.0,0.059871,0.0 
 07/21  22:44:00,34.0,18.68544198144376,32.681869545856095,18.68544198144376,0.0,7727.202011804889,32.681869545856095,0.0,0.0,0.059871,16.6,0.0,32.68129540470001,0.059871,0.059871,0.0,0.0,0.059871,0.0,0.0,0.0,0.059871,0.0,0.059871,0.0 
 07/21  22:45:00,34.0,18.685312788998303,32.682442001733456,18.685312788998303,0.0,7726.721657845587,32.682442001733456,0.0,0.0,0.059871,16.6,0.0,32.681869545856095,0.059871,0.059871,0.0,0.0,0.059871,0.0,0.0,0.0,0.059871,0.0,0.059871,0.0 
 07/21  22:46:00,34.0,18.685184323027293,32.683012784637924,18.685184323027293,0.0,7726.243995913355,32.683012784637924,0.0,0.0,0.059871,16.6,0.0,32.682442001733456,0.059871,0.059871,0.0,0.0,0.059871,0.0,0.0,0.0,0.059871,0.0,0.059871,0.0 
 07/21  22:47:00,34.0,18.68505651233715,32.683581896505004,18.68505651233715,0.0,7725.768774389776,32.683581896505004,0.0,0.0,0.059871,16.6,0.0,32.683012784637924,0.059871,0.059871,0.0,0.0,0.059871,0.0,0.0,0.0,0.059871,0.0,0.059871,0.0 
 07/21  22:48:00,34.0,18.684929420053518,32.684149333068866,18.684929420053518,0.0,7725.2962271704655,32.684149333068866,0.0,0.0,0.059871,16.6,0.0,32.683581896505004,0.059871,0.059871,0.0,0.0,0.059871,0.0,0.0,0.0,0.059871,0.0,0.059871,0.0 
 07/21  22:49:00,34.0,18.684802975518437,32.68471511741111,18.684802975518437,0.0,7724.826092442081,32.68471511741111,0.0,0.0,0.059871,16.6,0.0,32.684149333068866,0.059871,0.059871,0.0,0.0,0.059871,0.0,0.0,0.0,0.059871,0.0,0.059871,0.0 
 07/21  22:50:00,34.0,18.68467724187201,32.685279241072436,18.68467724187201,0.0,7724.358591979085,32.685279241072436,0.0,0.0,0.059871,16.6,0.0,32.68471511741111,0.059871,0.059871,0.0,0.0,0.059871,0.0,0.0,0.0,0.059871,0.0,0.059871,0.0 
 07/21  22:51:00,34.0,18.684552148988004,32.68584171067386,18.684552148988004,0.0,7723.893490288797,32.68584171067386,0.0,0.0,0.059871,16.6,0.0,32.685279241072436,0.059871,0.059871,0.0,0.0,0.059871,0.0,0.0,0.0,0.059871,0.0,0.059871,0.0 
 07/21  22:52:00,34.0,18.684427759702665,32.68640253834334,18.684427759702665,0.0,7723.4309836727425,32.68640253834334,0.0,0.0,0.059871,16.6,0.0,32.68584171067386,0.059871,0.059871,0.0,0.0,0.059871,0.0,0.0,0.0,0.059871,0.0,0.059871,0.0 
 07/21  22:53:00,34.0,18.68430400474787,32.686961725928796,18.68430400474787,0.0,7722.970851989403,32.686961725928796,0.0,0.0,0.059871,16.6,0.0,32.68640253834334,0.059871,0.059871,0.0,0.0,0.059871,0.0,0.0,0.0,0.059871,0.0,0.059871,0.0 
 07/21  22:54:00,34.0,18.684180945662835,32.68751926921088,18.684180945662835,0.0,7722.513298910731,32.68751926921088,0.0,0.0,0.059871,16.6,0.0,32.686961725928796,0.059871,0.059871,0.0,0.0,0.059871,0.0,0.0,0.0,0.059871,0.0,0.059871,0.0 
 07/21  22:55:00,34.0,18.684058514198938,32.68807519089826,18.684058514198938,0.0,7722.058083724305,32.68807519089826,0.0,0.0,0.059871,16.6,0.0,32.68751926921088,0.059871,0.059871,0.0,0.0,0.059871,0.0,0.0,0.0,0.059871,0.0,0.059871,0.0 
 07/21  22:56:00,34.0,18.683936770919857,32.68862948263579,18.683936770919857,0.0,7721.605430832774,32.68862948263579,0.0,0.0,0.059871,16.6,0.0,32.68807519089826,0.059871,0.059871,0.0,0.0,0.059871,0.0,0.0,0.0,0.059871,0.0,0.059871,0.0 
 07/21  22:57:00,34.0,18.683815648722867,32.68918215089544,18.683815648722867,0.0,7721.155079427572,32.68918215089544,0.0,0.0,0.059871,16.6,0.0,32.68862948263579,0.059871,0.059871,0.0,0.0,0.059871,0.0,0.0,0.0,0.059871,0.0,0.059871,0.0 
 07/21  22:58:00,34.0,18.683695207723108,32.68973320763091,18.683695207723108,0.0,7720.707264419993,32.68973320763091,0.0,0.0,0.059871,16.6,0.0,32.68918215089544,0.059871,0.059871,0.0,0.0,0.059871,0.0,0.0,0.0,0.059871,0.0,0.059871,0.0 
 07/21  22:59:00,34.0,18.68357538094107,32.690282654607415,18.68357538094107,0.0,7720.261737627302,32.690282654607415,0.0,0.0,0.059871,16.6,0.0,32.68973320763091,0.059871,0.059871,0.0,0.0,0.059871,0.0,0.0,0.0,0.059871,0.0,0.059871,0.0 
 07/21  23:00:00,34.0,18.683456228151822,32.690830487653706,18.683456228151822,0.0,7719.818708363314,32.690830487653706,0.0,0.0,0.059871,16.6,0.0,32.690282654607415,0.059871,0.059871,0.0,0.0,0.059871,0.0,0.0,0.0,0.059871,0.0,0.059871,0.0,49104000.0 
 07/21  23:01:00,34.0,18.683337683289686,32.691376729113124,18.683337683289686,0.0,7719.3779439997115,32.691376729113124,0.0,0.0,0.059871,16.6,0.0,32.690830487653706,0.059871,0.059871,0.0,0.0,0.059871,0.0,0.0,0.0,0.059871,0.0,0.059871,0.0 
 07/21  23:02:00,34.0,18.68321980494852,32.69192137073512,18.68321980494852,0.0,7718.939661640284,32.69192137073512,0.0,0.0,0.059871,16.6,0.0,32.691376729113124,0.059871,0.059871,0.0,0.0,0.059871,0.0,0.0,0.0,0.059871,0.0,0.059871,0.0 
 07/21  23:03:00,34.0,18.68310252809597,32.69246441884703,18.68310252809597,0.0,7718.503608152946,32.69246441884703,0.0,0.0,0.059871,16.6,0.0,32.69192137073512,0.059871,0.059871,0.0,0.0,0.059871,0.0,0.0,0.0,0.059871,0.0,0.059871,0.0 
 07/21  23:04:00,34.0,18.68298591091636,32.69300588523035,18.68298591091636,0.0,7718.0700112899285,32.69300588523035,0.0,0.0,0.059871,16.6,0.0,32.69246441884703,0.059871,0.059871,0.0,0.0,0.059871,0.0,0.0,0.0,0.059871,0.0,0.059871,0.0 
 07/21  23:05:00,34.0,18.682869888524813,32.69354577156977,18.682869888524813,0.0,7717.638630630186,32.69354577156977,0.0,0.0,0.059871,16.6,0.0,32.69300588523035,0.059871,0.059871,0.0,0.0,0.059871,0.0,0.0,0.0,0.059871,0.0,0.059871,0.0 
 07/21  23:06:00,34.0,18.6827545188156,32.69408407374053,18.6827545188156,0.0,7717.209668523092,32.69408407374053,0.0,0.0,0.059871,16.6,0.0,32.69354577156977,0.059871,0.059871,0.0,0.0,0.059871,0.0,0.0,0.0,0.059871,0.0,0.059871,0.0 
 07/21  23:07:00,34.0,18.682639737277004,32.694620813724654,18.682639737277004,0.0,7716.782910255447,32.694620813724654,0.0,0.0,0.059871,16.6,0.0,32.69408407374053,0.059871,0.059871,0.0,0.0,0.059871,0.0,0.0,0.0,0.059871,0.0,0.059871,0.0 
 07/21  23:08:00,34.0,18.6825256016077,32.695155983373404,18.6825256016077,0.0,7716.358533129851,32.695155983373404,0.0,0.0,0.059871,16.6,0.0,32.694620813724654,0.059871,0.059871,0.0,0.0,0.059871,0.0,0.0,0.0,0.059871,0.0,0.059871,0.0 
 07/21  23:09:00,34.0,18.6824120487005,32.69568958887105,18.6824120487005,0.0,7715.936327636637,32.69568958887105,0.0,0.0,0.059871,16.6,0.0,32.695155983373404,0.059871,0.059871,0.0,0.0,0.059871,0.0,0.0,0.0,0.059871,0.0,0.059871,0.0 
 07/21  23:10:00,34.0,18.68229913461735,32.696221641827385,18.68229913461735,0.0,7715.516501497973,32.696221641827385,0.0,0.0,0.059871,16.6,0.0,32.69568958887105,0.059871,0.059871,0.0,0.0,0.059871,0.0,0.0,0.0,0.059871,0.0,0.059871,0.0 
 07/21  23:11:00,34.0,18.682186796393427,32.69675214384836,18.682186796393427,0.0,7715.09882140761,32.69675214384836,0.0,0.0,0.059871,16.6,0.0,32.696221641827385,0.059871,0.059871,0.0,0.0,0.059871,0.0,0.0,0.0,0.059871,0.0,0.059871,0.0 
 07/21  23:12:00,34.0,18.68207509011155,32.69728109085501,18.68207509011155,0.0,7714.683483007311,32.69728109085501,0.0,0.0,0.059871,16.6,0.0,32.69675214384836,0.059871,0.059871,0.0,0.0,0.059871,0.0,0.0,0.0,0.059871,0.0,0.059871,0.0 
 07/21  23:13:00,34.0,18.681963953854126,32.69780850447381,18.681963953854126,0.0,7714.270269030412,32.69780850447381,0.0,0.0,0.059871,16.6,0.0,32.69728109085501,0.059871,0.059871,0.0,0.0,0.059871,0.0,0.0,0.0,0.059871,0.0,0.059871,0.0 
 07/21  23:14:00,34.0,18.6818534425829,32.698334376657485,18.6818534425829,0.0,7713.859383122453,32.698334376657485,0.0,0.0,0.059871,16.6,0.0,32.69780850447381,0.059871,0.059871,0.0,0.0,0.059871,0.0,0.0,0.0,0.059871,0.0,0.059871,0.0 
 07/21  23:15:00,34.0,18.681743495333677,32.69885871345149,18.681743495333677,0.0,7713.450587234834,32.69885871345149,0.0,0.0,0.059871,16.6,0.0,32.698334376657485,0.059871,0.059871,0.0,0.0,0.059871,0.0,0.0,0.0,0.059871,0.0,0.059871,0.0 
 07/21  23:16:00,34.0,18.681634167193042,32.69938152629687,18.681634167193042,0.0,7713.044085477795,32.69938152629687,0.0,0.0,0.059871,16.6,0.0,32.69885871345149,0.059871,0.059871,0.0,0.0,0.059871,0.0,0.0,0.0,0.059871,0.0,0.059871,0.0 
 07/21  23:17:00,34.0,18.681525396853523,32.699902816724546,18.681525396853523,0.0,7712.639674996772,32.699902816724546,0.0,0.0,0.059871,16.6,0.0,32.69938152629687,0.059871,0.059871,0.0,0.0,0.059871,0.0,0.0,0.0,0.059871,0.0,0.059871,0.0 
 07/21  23:18:00,34.0,18.681417238319057,32.70042258070205,18.681417238319057,0.0,7712.237531579385,32.70042258070205,0.0,0.0,0.059871,16.6,0.0,32.699902816724546,0.059871,0.059871,0.0,0.0,0.059871,0.0,0.0,0.0,0.059871,0.0,0.059871,0.0 
 07/21  23:19:00,34.0,18.68130963208909,32.7009408395069,18.68130963208909,0.0,7711.837434758186,32.7009408395069,0.0,0.0,0.059871,16.6,0.0,32.70042258070205,0.059871,0.059871,0.0,0.0,0.059871,0.0,0.0,0.0,0.059871,0.0,0.059871,0.0 
 07/21  23:20:00,34.0,18.68120263153733,32.70145758519324,18.68120263153733,0.0,7711.439594448552,32.70145758519324,0.0,0.0,0.059871,16.6,0.0,32.7009408395069,0.059871,0.059871,0.0,0.0,0.059871,0.0,0.0,0.0,0.059871,0.0,0.059871,0.0 
 07/21  23:21:00,34.0,18.68109617697446,32.70197282367187,18.68109617697446,0.0,7711.043789481582,32.70197282367187,0.0,0.0,0.059871,16.6,0.0,32.70145758519324,0.059871,0.059871,0.0,0.0,0.059871,0.0,0.0,0.0,0.059871,0.0,0.059871,0.0 
 07/21  23:22:00,34.0,18.68099032094841,32.70248656621776,18.68099032094841,0.0,7710.650214558873,32.70248656621776,0.0,0.0,0.059871,16.6,0.0,32.70197282367187,0.059871,0.059871,0.0,0.0,0.059871,0.0,0.0,0.0,0.059871,0.0,0.059871,0.0 
 07/21  23:23:00,34.0,18.680885005118427,32.70299881428997,18.680885005118427,0.0,7710.258641358528,32.70299881428997,0.0,0.0,0.059871,16.6,0.0,32.70248656621776,0.059871,0.059871,0.0,0.0,0.059871,0.0,0.0,0.0,0.059871,0.0,0.059871,0.0 
 07/21  23:24:00,34.0,18.680780282352814,32.70350956390265,18.680780282352814,0.0,7709.8692657712445,32.70350956390265,0.0,0.0,0.059871,16.6,0.0,32.70299881428997,0.059871,0.059871,0.0,0.0,0.059871,0.0,0.0,0.0,0.059871,0.0,0.059871,0.0 
 07/21  23:25:00,34.0,18.6806760944555,32.704018835990006,18.6806760944555,0.0,7709.481884311849,32.704018835990006,0.0,0.0,0.059871,16.6,0.0,32.70350956390265,0.059871,0.059871,0.0,0.0,0.059871,0.0,0.0,0.0,0.059871,0.0,0.059871,0.0 
 07/21  23:26:00,34.0,18.680572492736385,32.70452662270681,18.680572492736385,0.0,7709.09668709462,32.70452662270681,0.0,0.0,0.059871,16.6,0.0,32.704018835990006,0.059871,0.059871,0.0,0.0,0.059871,0.0,0.0,0.0,0.059871,0.0,0.059871,0.0 
 07/21  23:27:00,34.0,18.680469419906018,32.70503292983226,18.680469419906018,0.0,7708.713449695983,32.70503292983226,0.0,0.0,0.059871,16.6,0.0,32.70452662270681,0.059871,0.059871,0.0,0.0,0.059871,0.0,0.0,0.0,0.059871,0.0,0.059871,0.0 
 07/21  23:28:00,34.0,18.680366927069084,32.70553776847697,18.680366927069084,0.0,7708.332373618405,32.70553776847697,0.0,0.0,0.059871,16.6,0.0,32.70503292983226,0.059871,0.059871,0.0,0.0,0.059871,0.0,0.0,0.0,0.059871,0.0,0.059871,0.0 
 07/21  23:29:00,34.0,18.680264957120386,32.70604114003054,18.680264957120386,0.0,7707.953247268283,32.70604114003054,0.0,0.0,0.059871,16.6,0.0,32.70553776847697,0.059871,0.059871,0.0,0.0,0.059871,0.0,0.0,0.0,0.059871,0.0,0.059871,0.0 
 07/21  23:30:00,34.0,18.68016356100142,32.70654304055329,18.68016356100142,0.0,7707.576247249699,32.70654304055329,0.0,0.0,0.059871,16.6,0.0,32.70604114003054,0.059871,0.059871,0.0,0.0,0.059871,0.0,0.0,0.0,0.059871,0.0,0.059871,0.0 
 07/21  23:31:00,34.0,18.680065289122926,32.707042161056386,18.680065289122926,0.0,7707.210835675451,32.707042161056386,0.0,0.0,0.059871,16.6,0.0,32.70654304055329,0.059871,0.059871,0.0,0.0,0.059871,0.0,0.0,0.0,0.059871,0.0,0.059871,0.0 
 07/21  23:32:00,34.0,18.67996690149572,32.70753970921229,18.67996690149572,0.0,7706.845031781477,32.70753970921229,0.0,0.0,0.059871,16.6,0.0,32.707042161056386,0.059871,0.059871,0.0,0.0,0.059871,0.0,0.0,0.0,0.059871,0.0,0.059871,0.0 
 07/21  23:33:00,34.0,18.67987023307945,32.70803491489478,18.67987023307945,0.0,7706.485586014314,32.70803491489478,0.0,0.0,0.059871,16.6,0.0,32.70753970921229,0.059871,0.059871,0.0,0.0,0.059871,0.0,0.0,0.0,0.059871,0.0,0.059871,0.0 
 07/21  23:34:00,34.0,18.679775607646757,32.70852751757645,18.679775607646757,0.0,7706.133746608948,32.70852751757645,0.0,0.0,0.059871,16.6,0.0,32.70803491489478,0.059871,0.059871,0.0,0.0,0.059871,0.0,0.0,0.0,0.059871,0.0,0.059871,0.0 
 07/21  23:35:00,34.0,18.679681365415668,32.70901801868891,18.679681365415668,0.0,7705.783351471882,32.70901801868891,0.0,0.0,0.059871,16.6,0.0,32.70852751757645,0.059871,0.059871,0.0,0.0,0.059871,0.0,0.0,0.0,0.059871,0.0,0.059871,0.0 
 07/21  23:36:00,34.0,18.679586683576606,32.70950684902295,18.679586683576606,0.0,7705.431327583815,32.70950684902295,0.0,0.0,0.059871,16.6,0.0,32.70901801868891,0.059871,0.059871,0.0,0.0,0.059871,0.0,0.0,0.0,0.059871,0.0,0.059871,0.0 
 07/21  23:37:00,34.0,18.679491613400625,32.70999423347348,18.679491613400625,0.0,7705.07786491863,32.70999423347348,0.0,0.0,0.059871,16.6,0.0,32.70950684902295,0.059871,0.059871,0.0,0.0,0.059871,0.0,0.0,0.0,0.059871,0.0,0.059871,0.0 
 07/21  23:38:00,34.0,18.67939656516206,32.71048023900769,18.67939656516206,0.0,7704.724471513764,32.71048023900769,0.0,0.0,0.059871,16.6,0.0,32.70999423347348,0.059871,0.059871,0.0,0.0,0.059871,0.0,0.0,0.0,0.059871,0.0,0.059871,0.0 
 07/21  23:39:00,34.0,18.67930178688309,32.71096488709402,18.67930178688309,0.0,7704.372078499423,32.71096488709402,0.0,0.0,0.059871,16.6,0.0,32.71048023900769,0.059871,0.059871,0.0,0.0,0.059871,0.0,0.0,0.0,0.059871,0.0,0.059871,0.0 
 07/21  23:40:00,34.0,18.67920743785627,32.711448193841605,18.67920743785627,0.0,7704.021288235717,32.711448193841605,0.0,0.0,0.059871,16.6,0.0,32.71096488709402,0.059871,0.059871,0.0,0.0,0.059871,0.0,0.0,0.0,0.059871,0.0,0.059871,0.0 
 07/21  23:41:00,34.0,18.67911351208842,32.71193016733324,18.67911351208842,0.0,7703.672066375398,32.71193016733324,0.0,0.0,0.059871,16.6,0.0,32.711448193841605,0.059871,0.059871,0.0,0.0,0.059871,0.0,0.0,0.0,0.059871,0.0,0.059871,0.0 
 07/21  23:42:00,34.0,18.67902004679668,32.71241081129523,18.67902004679668,0.0,7703.324562954872,32.71241081129523,0.0,0.0,0.059871,16.6,0.0,32.71193016733324,0.059871,0.059871,0.0,0.0,0.059871,0.0,0.0,0.0,0.059871,0.0,0.059871,0.0 
 07/21  23:43:00,34.0,18.678927007017272,32.712890147926345,18.678927007017272,0.0,7702.9786362843015,32.712890147926345,0.0,0.0,0.059871,16.6,0.0,32.71241081129523,0.059871,0.059871,0.0,0.0,0.059871,0.0,0.0,0.0,0.059871,0.0,0.059871,0.0 
 07/21  23:44:00,34.0,18.678834435827696,32.71336817584654,18.678834435827696,0.0,7702.634445976569,32.71336817584654,0.0,0.0,0.059871,16.6,0.0,32.712890147926345,0.059871,0.059871,0.0,0.0,0.059871,0.0,0.0,0.0,0.059871,0.0,0.059871,0.0 
 07/21  23:45:00,34.0,18.678742303277037,32.71384490093615,18.678742303277037,0.0,7702.291893190645,32.71384490093615,0.0,0.0,0.059871,16.6,0.0,32.71336817584654,0.059871,0.059871,0.0,0.0,0.059871,0.0,0.0,0.0,0.059871,0.0,0.059871,0.0 
 07/21  23:46:00,34.0,18.678650650900597,32.71432033352878,18.678650650900597,0.0,7701.951119687992,32.71432033352878,0.0,0.0,0.059871,16.6,0.0,32.71384490093615,0.059871,0.059871,0.0,0.0,0.059871,0.0,0.0,0.0,0.059871,0.0,0.059871,0.0 
 07/21  23:47:00,34.0,18.67855944427065,32.71479447562911,18.67855944427065,0.0,7701.612010038643,32.71479447562911,0.0,0.0,0.059871,16.6,0.0,32.71432033352878,0.059871,0.059871,0.0,0.0,0.059871,0.0,0.0,0.0,0.059871,0.0,0.059871,0.0 
 07/21  23:48:00,34.0,18.678468720049807,32.715267323348314,18.678468720049807,0.0,7701.274700084709,32.715267323348314,0.0,0.0,0.059871,16.6,0.0,32.71479447562911,0.059871,0.059871,0.0,0.0,0.059871,0.0,0.0,0.0,0.059871,0.0,0.059871,0.0 
 07/21  23:49:00,34.0,18.678378441826272,32.7157388923438,18.678378441826272,0.0,7700.939042774826,32.7157388923438,0.0,0.0,0.059871,16.6,0.0,32.715267323348314,0.059871,0.059871,0.0,0.0,0.059871,0.0,0.0,0.0,0.059871,0.0,0.059871,0.0 
 07/21  23:50:00,34.0,18.678288645486216,32.71620917577002,18.678288645486216,0.0,7700.605171075949,32.71620917577002,0.0,0.0,0.059871,16.6,0.0,32.7157388923438,0.059871,0.059871,0.0,0.0,0.059871,0.0,0.0,0.0,0.059871,0.0,0.059871,0.0 
 07/21  23:51:00,34.0,18.678199293717935,32.716678175634954,18.678199293717935,0.0,7700.272958869932,32.716678175634954,0.0,0.0,0.059871,16.6,0.0,32.71620917577002,0.059871,0.059871,0.0,0.0,0.059871,0.0,0.0,0.0,0.059871,0.0,0.059871,0.0 
 07/21  23:52:00,34.0,18.678110421237147,32.717145899311866,18.678110421237147,0.0,7699.942522653373,32.717145899311866,0.0,0.0,0.059871,16.6,0.0,32.716678175634954,0.059871,0.059871,0.0,0.0,0.059871,0.0,0.0,0.0,0.059871,0.0,0.059871,0.0 
 07/21  23:53:00,34.0,18.678021990502387,32.71761234681848,18.678021990502387,0.0,7699.613735455732,32.71761234681848,0.0,0.0,0.059871,16.6,0.0,32.717145899311866,0.059871,0.059871,0.0,0.0,0.059871,0.0,0.0,0.0,0.059871,0.0,0.059871,0.0 
 07/21  23:54:00,34.0,18.67793403565744,32.718077512715524,18.67793403565744,0.0,7699.286711655554,32.718077512715524,0.0,0.0,0.059871,16.6,0.0,32.71761234681848,0.059871,0.059871,0.0,0.0,0.059871,0.0,0.0,0.0,0.059871,0.0,0.059871,0.0 
 07/21  23:55:00,34.0,18.677846519279754,32.718541411564246,18.677846519279754,0.0,7698.961324721831,32.718541411564246,0.0,0.0,0.059871,16.6,0.0,32.718077512715524,0.059871,0.059871,0.0,0.0,0.059871,0.0,0.0,0.0,0.059871,0.0,0.059871,0.0 
 07/21  23:56:00,34.0,18.677759475052866,32.71900403577319,18.677759475052866,0.0,7698.63768732891,32.71900403577319,0.0,0.0,0.059871,16.6,0.0,32.718541411564246,0.059871,0.059871,0.0,0.0,0.059871,0.0,0.0,0.0,0.059871,0.0,0.059871,0.0 
 07/21  23:57:00,34.0,18.67767286573449,32.719465386894534,18.67767286573449,0.0,7698.31567361261,32.719465386894534,0.0,0.0,0.059871,16.6,0.0,32.71900403577319,0.059871,0.059871,0.0,0.0,0.059871,0.0,0.0,0.0,0.059871,0.0,0.059871,0.0 
 07/21  23:58:00,34.0,18.677586724581875,32.71992547191704,18.677586724581875,0.0,7697.995394668919,32.71992547191704,0.0,0.0,0.059871,16.6,0.0,32.719465386894534,0.059871,0.059871,0.0,0.0,0.059871,0.0,0.0,0.0,0.059871,0.0,0.059871,0.0 
 07/21  23:59:00,34.0,18.67750101458622,32.72038429078292,18.67750101458622,0.0,7697.676725497686,32.72038429078292,0.0,0.0,0.059871,16.6,0.0,32.71992547191704,0.059871,0.059871,0.0,0.0,0.059871,0.0,0.0,0.0,0.059871,0.0,0.059871,0.0 
 07/21  24:00:00,34.0,18.677415768617742,32.72084183806049,18.677415768617742,0.0,7697.3597757619655,32.72084183806049,0.0,0.0,0.059871,16.6,0.0,32.72038429078292,0.059871,0.059871,0.0,0.0,0.059871,0.0,0.0,0.0,0.059871,0.0,0.059871,0.0,49104000.0 
