timestamp,outside_t,outside_h,outside_c,outside_p,outside_a,outside_v,room_1_t,room_1_h,room_1_c,room_1_p,room_1_a,room_1_v,room_2_t,room_2_h,room_2_c,room_2_p,room_2_a,room_2_v,room_3_t,room_3_h,room_3_c,room_3_p,room_3_a,room_3_v,supply_t,supply_h,supply_c,supply_p,supply_a,supply_v,return_t,return_h,return_c,return_p,return_a,return_v,mixed_t,mixed_h,mixed_c,mixed_p,mixed_a,mixed_v,cooler_t,cooler_h,cooler_c,cooler_p,cooler_a,cooler_v,heated_t,heated_h,heated_c,heated_p,heated_a,heated_v,mixer,fan,flowrate,coolerState,heaterState,humidifierState,m_sa_kgs
2026-07-30T05:05:40.698Z,31.1,68.9,441.0,0,1,42,25.1,77.2,,954.9,0,0,27.8,76.8,417.0,0,1,31,25.5,82.7,488.0,0,2,66,24.2,81.9,444.0,0,1,44,25.6,79.7,412.0,0,1,29,,0.0,,0,0,0,,0.0,,0,0,0,,0.0,,0,0,0,40,50,0,0,0,0,0.0593
2026-07-30T05:05:45.701Z,31.1,68.91,440.6,0,1,40,25.1,77.19,,954.9,0,0,27.81,76.73,415.3,0,1,20,25.48,82.76,488.0,0,2,65313,24.16,82.14,443.8,0,1,43,25.58,79.83,412.1,0,1,29,,0.0,,0,0,0,,0.0,,0,0,0,,0.0,,0,0,0,40,50,0,0,0,0,0.0593
2026-07-30T05:05:50.699Z,31.1,68.93,438.04,0,1,30,25.1,77.18,,954.9,0,0,27.82,76.67,415.87,0,1,33,25.46,82.81,488.0,0,2,66,24.12,82.36,442.52,0,1,38,25.56,79.95,412.49,0,1,31,,0.0,,0,0,0,,0.0,,0,0,0,,0.0,,0,0,0,40,50,0,0,0,0,0.0593
2026-07-30T05:05:55.723Z,31.1,68.94,439.24,0,1,47,25.1,77.13,,954.9,0,0,27.84,76.56,418.18,0,1,41,25.44,82.88,488.0,0,2,66,24.07,82.6,439.17,0,1,28,25.54,80.09,411.84,0,1,26,,0.0,,0,0,0,,0.0,,0,0,0,,0.0,,0,0,0,40,50,0,0,0,0,0.0593
2026-07-30T05:06:00.733Z,31.1,68.93,442.31,0,1,57,25.1,77.07,,954.9,0,0,27.85,76.44,417.36,0,1,28,25.4,82.96,488.0,0,2,66,24.0,82.82,436.25,0,1,28,25.5,80.26,412.06,0,1,30,,0.0,,0,0,0,,0.0,,0,0,0,,0.0,,0,0,0,40,50,0,0,0,0,0.0593
2026-07-30T05:06:05.698Z,31.1,68.91,441.68,0,1,40,25.1,77.0,,954.8,0,0,27.88,76.29,417.33,0,1,31,25.36,83.04,488.0,0,2,66,23.92,82.98,434.23,0,1,31,25.47,80.44,412.25,0,1,30,,0.0,,0,0,0,,0.0,,0,0,0,,0.0,,0,0,0,40,50,0,0,0,0,0.0593
2026-07-30T05:06:10.700Z,31.1,68.86,442.81,0,1,48,25.1,76.93,,954.8,0,0,27.9,76.11,415.9,0,1,25,25.33,83.1,488.0,0,2,66,23.85,83.12,430.8,0,1,22,25.44,80.59,411.03,0,1,24,,0.0,,0,0,0,,0.0,,0,0,0,,0.0,,0,0,0,40,50,0,0,0,0,0.0593
2026-07-30T05:06:15.699Z,31.1,68.79,441.23,0,1,36,25.1,76.87,,954.8,0,0,27.93,75.92,417.41,0,1,38,25.29,79.0,488.0,0,2,66,23.73,83.06,427.72,0,1,17,25.4,80.73,411.82,0,1,32,,0.0,,0,0,0,,0.0,,0,0,0,,0.0,,0,0,0,40,50,0,0,0,0,0.0593
2026-07-30T05:06:20.700Z,31.09,68.73,440.01,0,1,37,25.1,76.81,,954.8,0,0,27.96,75.75,418.07,0,1,34,25.25,75.31,488.0,0,2,66,23.61,83.0,424.95,0,1,20,25.36,80.86,411.34,0,1,27,,0.0,,0,0,0,,0.0,,0,0,0,,0.0,,0,0,0,40,50,0,0,0,0,0.0593
2026-07-30T05:06:25.699Z,31.08,68.68,439.01,0,1,37,25.1,76.73,,954.9,0,0,27.97,75.55,420.16,0,1,41,25.22,76.12,488.0,0,2,66,23.48,82.83,423.76,0,1,30,25.32,80.97,411.41,0,1,29,,0.0,,0,0,0,,0.0,,0,0,0,,0.0,,0,0,0,40,50,0,0,0,0,0.0593
2026-07-30T05:06:30.699Z,31.07,68.6,436.31,0,1,29,25.1,76.63,,954.9,0,0,27.99,75.34,419.14,0,1,28,25.18,76.82,488.0,0,2,66,23.34,82.56,422.68,0,1,30,25.29,81.07,410.77,0,1,26,,0.0,,0,0,0,,0.0,,0,0,0,,0.0,,0,0,0,40,50,0,0,0,0,0.0593
2026-07-30T05:06:35.698Z,31.07,68.51,432.68,0,1,18,25.1,76.52,,954.8,0,0,28.01,75.11,419.03,0,1,32,25.13,77.43,488.0,0,2,66,23.19,82.19,420.41,0,1,24,25.25,81.14,411.59,0,1,32,,0.0,,0,0,0,,0.0,,0,0,0,,0.0,,0,0,0,40,50,0,0,0,0,0.0593
2026-07-30T05:06:40.698Z,31.06,68.4,429.51,0,1,24,25.1,76.39,,954.8,0,0,28.03,74.87,420.53,0,1,39,25.08,77.94,488.0,0,2,66,23.01,81.71,420.17,0,1,32,25.22,81.2,413.73,0,1,39,,0.0,,0,0,0,,0.0,,0,0,0,,0.0,,0,0,0,40,50,0,0,0,0,0.0593
2026-07-30T05:06:45.698Z,31.05,68.32,426.56,0,1,23,25.1,76.25,,954.9,0,0,28.05,74.64,422.57,0,1,42,25.05,78.36,488.0,0,2,66,22.83,81.18,419.55,0,1,30,25.19,81.23,413.16,0,1,27,,0.0,,0,0,0,,0.0,,0,0,0,,0.0,,0,0,0,40,50,0,0,0,0,0.0593
2026-07-30T05:06:50.698Z,31.05,68.25,427.6,0,1,41,25.1,76.11,,954.8,0,0,28.07,74.38,423.32,0,1,37,25.02,78.75,488.0,0,2,66,22.67,80.7,419.7,0,1,33,25.16,81.25,414.14,0,1,34,,0.0,,0,0,0,,0.0,,0,0,0,,0.0,,0,0,0,40,50,0,0,0,0,0.0593
2026-07-30T05:06:55.698Z,31.04,68.23,427.74,0,1,37,25.1,75.95,,954.8,0,0,28.08,74.12,424.38,0,1,39,24.99,79.07,488.0,0,2,66,22.47,80.13,419.63,0,1,32,25.12,81.27,414.13,0,1,30,,0.0,,0,0,0,,0.0,,0,0,0,,0.0,,0,0,0,40,50,0,0,0,0,0.0593
2026-07-30T05:07:00.698Z,31.04,68.22,425.67,0,1,27,25.1,75.8,,954.8,0,0,28.09,73.89,422.95,0,1,28,24.94,79.36,488.0,0,2,66,22.29,79.62,419.47,0,1,32,25.09,81.28,412.71,0,1,22,,0.0,,0,0,0,,0.0,,0,0,0,,0.0,,0,0,0,40,50,0,0,0,0,0.0593
2026-07-30T05:07:05.698Z,31.03,68.26,424.7,0,1,31,25.1,75.66,,954.8,0,0,28.1,73.65,421.45,0,1,27,24.89,79.6,488.0,0,2,66,22.11,79.12,418.82,0,1,29,25.06,81.27,413.14,0,1,31,,0.0,,0,0,0,,0.0,,0,0,0,,0.0,,0,0,0,40,50,0,0,0,0,0.0593
2026-07-30T05:07:10.707Z,31.03,68.32,422.23,0,1,22,25.09,75.51,,954.9,0,0,28.11,73.41,419.91,0,1,26,24.83,79.79,488.0,0,2,322,21.93,78.64,417.64,0,1,27,25.03,81.24,413.63,0,1,32,,0.0,,0,0,0,,0.0,,0,0,0,,0.0,,0,0,0,40,50,0,0,0,0,0.0593
2026-07-30T05:07:15.698Z,31.03,68.4,422.11,0,1,33,25.08,75.34,,954.8,0,0,28.12,73.16,420.32,0,1,35,24.78,79.94,488.0,0,2,66,21.75,78.18,419.17,0,1,39,25.0,81.15,413.67,0,1,30,,0.0,,0,0,0,,0.0,,0,0,0,,0.0,,0,0,0,40,50,0,0,0,0,0.0593
2026-07-30T05:07:20.697Z,31.03,68.49,421.0,0,1,29,25.07,75.12,,954.8,0,0,28.13,72.89,421.88,0,1,40,24.72,80.04,488.0,0,2,66,21.57,77.77,419.46,0,1,33,24.97,81.07,413.2,0,1,28,,0.0,,0,0,0,,0.0,,0,0,0,,0.0,,0,0,0,40,50,0,0,0,0,0.0593
2026-07-30T05:07:25.697Z,31.02,68.58,420.5,0,1,31,25.07,74.93,,954.8,0,0,28.14,72.65,419.7,0,1,21,24.67,80.14,488.0,0,2,66,21.42,77.41,418.01,0,1,26,24.94,80.99,412.18,0,1,25,,0.0,,0,0,0,,0.0,,0,0,0,,0.0,,0,0,0,40,50,0,0,0,0,0.0593
2026-07-30T05:07:30.697Z,31.02,68.67,421.35,0,1,37,25.06,74.73,,954.8,0,0,28.15,72.39,420.63,0,1,37,24.62,80.23,488.0,0,2,66,21.26,77.07,419.71,0,1,39,24.91,80.88,411.56,0,1,26,,0.0,,0,0,0,,0.0,,0,0,0,,0.0,,0,0,0,40,50,0,0,0,0,0.0593
2026-07-30T05:07:35.732Z,31.03,68.76,421.01,0,1,32,25.05,74.51,,954.9,0,0,28.17,72.11,422.26,0,1,41,24.56,80.23,488.0,0,2,66,21.09,76.77,419.44,0,1,31,24.88,80.75,412.51,0,1,33,,0.0,,0,0,0,,0.0,,0,0,0,,0.0,,0,0,0,40,50,0,0,0,0,0.0593
2026-07-30T05:07:40.698Z,31.04,68.83,422.71,0,1,41,25.05,74.29,,954.8,0,0,28.18,71.82,420.94,0,1,28,24.49,80.23,488.0,0,2,66,20.93,76.5,418.99,0,1,30,24.85,80.63,414.05,0,1,36,,0.0,,0,0,0,,0.0,,0,0,0,,0.0,,0,0,0,40,50,0,0,0,0,0.0593
2026-07-30T05:07:45.698Z,31.04,68.87,421.84,0,1,30,25.04,74.09,,954.8,0,0,28.19,71.56,422.54,0,1,40,24.43,80.23,488.0,0,2,66,20.79,76.26,418.3,0,1,29,24.83,80.52,413.75,0,1,28,,0.0,,0,0,0,,0.0,,0,0,0,,0.0,,0,0,0,40,50,0,0,0,0,0.0593
2026-07-30T05:07:50.697Z,31.05,68.9,423.86,0,1,43,25.04,73.83,,954.8,0,0,28.2,71.25,424.39,0,1,42,24.37,80.17,488.0,0,2,66,20.65,76.07,417.87,0,1,30,24.8,80.4,412.37,0,1,22,,0.0,,0,0,0,,0.0,,0,0,0,,0.0,,0,0,0,40,50,0,0,0,0,0.0593
2026-07-30T05:07:55.697Z,31.04,68.95,423.77,0,1,34,25.03,73.6,,954.8,0,0,28.21,70.97,425.25,0,1,39,24.31,80.13,488.0,0,2,66,20.51,75.92,417.98,0,1,32,24.78,80.27,411.64,0,1,26,,0.0,,0,0,0,,0.0,,0,0,0,,0.0,,0,0,0,40,50,0,0,0,0,0.0593
2026-07-30T05:08:00.698Z,31.04,68.98,427.29,0,1,51,25.03,73.36,,954.8,0,0,28.22,70.67,426.83,0,1,42,24.25,80.07,488.0,0,2,66,20.38,75.81,417.28,0,1,29,24.75,80.11,410.97,0,1,26,,0.0,,0,0,0,,0.0,,0,0,0,,0.0,,0,0,0,40,50,0,0,0,0,0.0593
2026-07-30T05:08:05.697Z,31.03,69.0,427.96,0,1,39,25.03,73.09,,954.8,0,0,28.23,70.35,426.74,0,1,35,24.2,80.02,488.0,0,2,66,20.26,75.73,417.55,0,1,32,24.73,79.92,411.38,0,1,30,,0.0,,0,0,0,,0.0,,0,0,0,,0.0,,0,0,0,40,50,0,0,0,0,0.0593
2026-07-30T05:08:10.704Z,31.03,68.94,430.37,0,1,48,25.03,72.83,,954.8,0,0,28.24,70.03,426.17,0,1,33,24.14,79.97,488.0,0,2,66,20.15,75.67,416.1,0,1,25,24.71,79.72,411.74,0,1,31,,0.0,,0,0,0,,0.0,,0,0,0,,0.0,,0,0,0,40,50,0,0,0,0,0.0593
2026-07-30T05:08:15.702Z,31.03,68.88,430.03,0,1,36,25.02,72.56,,954.8,0,0,28.24,69.69,423.55,0,1,22,24.09,79.89,488.0,0,2,66,20.03,75.64,416.19,0,1,31,24.69,79.54,410.56,0,1,21,,0.0,,0,0,0,,0.0,,0,0,0,,0.0,,0,0,0,40,50,0,0,0,0,0.0593
2026-07-30T05:08:20.697Z,31.03,68.78,428.53,0,1,30,25.01,72.29,,954.8,0,0,28.25,69.37,422.7,0,1,30,24.04,79.79,488.0,0,2,66,19.92,75.62,416.37,0,1,32,24.67,79.35,412.51,0,1,37,,0.0,,0,0,0,,0.0,,0,0,0,,0.0,,0,0,0,40,50,0,0,0,0,0.0593
2026-07-30T05:08:25.703Z,31.02,68.67,431.78,0,1,52,25.0,72.04,,954.8,0,0,28.25,69.09,421.23,0,1,27,23.99,79.7,488.0,0,2,66,19.82,75.61,414.73,0,1,23,24.65,79.17,412.16,0,1,28,,0.0,,0,0,0,,0.0,,0,0,0,,0.0,,0,0,0,40,50,0,0,0,0,0.0593
2026-07-30T05:08:30.703Z,31.01,68.61,432.3,0,1,41,24.99,71.75,,954.8,0,0,28.26,68.76,422.1,0,1,37,23.95,79.6,488.0,0,2,66,19.73,75.62,415.76,0,1,35,24.63,78.99,410.94,0,1,20,,0.0,,0,0,0,,0.0,,0,0,0,,0.0,,0,0,0,40,50,0,0,0,0,0.0593
2026-07-30T05:08:35.696Z,31.01,68.55,432.57,0,1,39,24.98,71.5,,954.8,0,0,28.26,68.46,423.69,0,1,41,23.9,79.49,488.0,0,2,66,19.64,75.64,416.18,0,1,32,24.59,78.78,410.55,0,1,27,,0.0,,0,0,0,,0.0,,0,0,0,,0.0,,0,0,0,40,50,0,0,0,0,0.0593
2026-07-30T05:08:40.702Z,31.0,68.47,432.51,0,1,38,24.97,71.22,,954.8,0,0,28.27,68.16,423.12,0,1,32,23.85,79.37,488.0,0,2,66,19.56,75.66,415.46,0,1,28,24.55,78.55,411.09,0,1,31,,0.0,,0,0,0,,0.0,,0,0,0,,0.0,,0,0,0,40,50,0,0,0,0,0.0593
2026-07-30T05:08:45.702Z,30.99,68.38,431.36,0,1,33,24.97,70.94,,954.7,0,0,28.27,67.84,423.21,0,1,35,23.8,79.26,488.0,0,2,66,19.47,75.69,416.02,0,1,33,24.51,78.31,410.18,0,1,24,,0.0,,0,0,0,,0.0,,0,0,0,,0.0,,0,0,0,40,50,0,0,0,0,0.0593
2026-07-30T05:08:50.702Z,30.98,68.36,429.02,0,1,27,24.96,70.65,,954.8,0,0,28.27,67.52,422.19,0,1,30,23.76,79.15,488.0,0,2,66,19.4,75.72,415.12,0,1,27,24.47,78.1,409.37,0,1,25,,0.0,,0,0,0,,0.0,,0,0,0,,0.0,,0,0,0,40,50,0,0,0,0,0.0593
2026-07-30T05:08:55.702Z,30.97,68.38,428.72,0,1,35,24.95,70.37,,954.8,0,0,28.28,67.18,420.27,0,1,25,23.73,79.03,488.0,0,2,66,19.33,75.76,416.0,0,1,34,24.43,77.89,408.43,0,1,20,,0.0,,0,0,0,,0.0,,0,0,0,,0.0,,0,0,0,40,50,0,0,0,0,0.0593
2026-07-30T05:09:00.702Z,30.96,68.44,429.25,0,1,39,24.95,70.1,,954.8,0,0,28.28,66.86,418.44,0,1,25,23.69,78.93,488.0,0,2,66,19.26,75.79,415.2,0,1,27,24.4,77.7,408.19,0,1,26,,0.0,,0,0,0,,0.0,,0,0,0,,0.0,,0,0,0,40,50,0,0,0,0,0.0593
2026-07-30T05:09:05.702Z,30.96,68.5,429.62,0,1,39,24.94,69.86,,954.8,0,0,28.28,66.56,418.4,0,1,32,23.65,78.8,488.0,0,2,66,19.2,75.83,415.48,0,1,32,24.36,77.49,407.37,0,1,23,,0.0,,0,0,0,,0.0,,0,0,0,,0.0,,0,0,0,40,50,0,0,0,0,0.0593
2026-07-30T05:09:10.702Z,30.95,68.56,431.06,0,1,44,24.94,69.6,,954.7,0,0,28.28,66.25,418.86,0,1,34,23.62,78.68,488.0,0,2,66,19.14,75.89,414.24,0,1,25,24.31,77.28,406.63,0,1,21,,0.0,,0,0,0,,0.0,,0,0,0,,0.0,,0,0,0,40,50,0,0,0,0,0.0593
2026-07-30T05:09:15.701Z,30.95,68.59,429.96,0,1,32,24.93,69.34,,954.7,0,0,28.28,65.94,417.77,0,1,27,23.59,78.55,488.0,0,2,66,19.08,75.95,415.41,0,1,35,24.27,77.08,407.27,0,1,29,,0.0,,0,0,0,,0.0,,0,0,0,,0.0,,0,0,0,40,50,0,0,0,0,0.0593
2026-07-30T05:09:20.701Z,30.93,68.56,430.06,0,1,38,24.92,69.08,,954.7,0,0,28.29,65.63,416.0,0,1,23,23.56,78.41,488.0,0,2,66,19.03,76.01,416.17,0,1,34,24.23,76.87,406.54,0,1,24,,0.0,,0,0,0,,0.0,,0,0,0,,0.0,,0,0,0,40,50,0,0,0,0,0.0593
2026-07-30T05:09:25.701Z,30.93,68.58,427.05,0,1,24,24.91,68.84,,954.7,0,0,28.29,65.34,414.9,0,1,26,23.53,78.29,488.0,0,2,66,18.97,76.05,416.35,0,1,32,24.2,76.68,407.69,0,1,32,,0.0,,0,0,0,,0.0,,0,0,0,,0.0,,0,0,0,40,50,0,0,0,0,0.0593
2026-07-30T05:09:30.702Z,30.92,68.61,429.75,0,1,49,24.9,68.59,,954.7,0,0,28.29,65.06,413.41,0,1,16,23.5,78.17,488.0,0,2,66,18.93,76.09,417.52,0,1,36,24.16,76.49,407.82,0,1,28,,0.0,,0,0,0,,0.0,,0,0,0,,0.0,,0,0,0,40,50,0,0,0,0,0.0593
2026-07-30T05:09:35.701Z,30.9,68.64,429.97,0,1,38,24.89,68.33,,954.7,0,0,28.29,64.76,414.07,0,1,33,23.47,78.04,488.0,0,2,66,18.88,76.13,418.17,0,1,34,24.12,76.3,407.04,0,1,22,,0.0,,0,0,0,,0.0,,0,0,0,,0.0,,0,0,0,40,50,0,0,0,0,0.0593
2026-07-30T05:09:40.700Z,30.89,68.62,430.78,0,1,41,24.88,68.09,,954.8,0,0,28.29,64.49,416.46,0,1,41,23.44,77.89,488.0,0,2,65313,18.83,76.16,416.55,0,1,25,24.09,76.1,406.73,0,1,25,,0.0,,0,0,0,,0.0,,0,0,0,,0.0,,0,0,0,40,50,0,0,0,0,0.0593
2026-07-30T05:09:45.701Z,30.88,68.6,431.5,0,1,41,24.87,67.87,,954.8,0,0,28.29,64.22,415.51,0,1,27,23.42,77.74,488.0,0,2,66,18.79,76.19,416.09,0,1,29,24.06,75.9,406.06,0,1,20,,0.0,,0,0,0,,0.0,,0,0,0,,0.0,,0,0,0,40,50,0,0,0,0,0.0593
2026-07-30T05:09:50.700Z,30.88,68.55,430.75,0,1,34,24.86,67.64,,954.8,0,0,28.29,63.96,414.16,0,1,25,23.4,77.58,488.0,0,2,66,18.75,76.21,414.89,0,1,26,24.03,75.7,405.75,0,1,25,,0.0,,0,0,0,,0.0,,0,0,0,,0.0,,0,0,0,40,50,0,0,0,0,0.0593
2026-07-30T05:09:55.700Z,30.87,68.5,427.97,0,1,25,24.86,67.44,,954.8,0,0,28.29,63.72,415.35,0,1,35,23.38,77.43,488.0,0,2,66,18.72,76.23,413.4,0,1,24,23.99,75.52,405.48,0,1,25,,0.0,,0,0,0,,0.0,,0,0,0,,0.0,,0,0,0,40,50,0,0,0,0,0.0593
2026-07-30T05:10:00.700Z,30.86,68.45,425.18,0,1,20,24.85,67.19,,954.8,0,0,28.29,63.45,413.91,0,1,24,23.35,77.25,488.0,0,2,66,18.68,76.25,412.56,0,1,26,23.96,75.34,405.23,0,1,25,,0.0,,0,0,0,,0.0,,0,0,0,,0.0,,0,0,0,40,50,0,0,0,0,0.0593
2026-07-30T05:10:05.699Z,30.86,68.39,425.36,0,1,36,24.85,66.97,,954.8,0,0,28.29,63.2,412.92,0,1,26,23.32,77.08,488.0,0,2,66,18.64,76.26,411.9,0,1,26,23.94,75.17,405.11,0,1,25,,0.0,,0,0,0,,0.0,,0,0,0,,0.0,,0,0,0,40,50,0,0,0,0,0.0593
2026-07-30T05:10:10.700Z,30.85,68.35,426.42,0,1,40,24.84,66.77,,954.7,0,0,28.28,62.96,411.63,0,1,23,23.3,76.91,488.0,0,2,66,18.6,76.27,411.21,0,1,26,23.91,74.99,406.1,0,1,30,,0.0,,0,0,0,,0.0,,0,0,0,,0.0,,0,0,0,40,50,0,0,0,0,0.0593
2026-07-30T05:10:15.700Z,30.85,68.33,427.38,0,1,40,24.84,66.57,,954.8,0,0,28.28,62.73,413.87,0,1,39,23.28,76.76,488.0,0,2,66,18.56,76.28,411.09,0,1,28,23.88,74.79,407.19,0,1,31,,0.0,,0,0,0,,0.0,,0,0,0,,0.0,,0,0,0,40,50,0,0,0,0,0.0593
2026-07-30T05:10:20.699Z,30.84,68.34,426.54,0,1,32,24.83,66.33,,954.8,0,0,28.27,62.49,414.48,0,1,32,23.26,76.6,488.0,0,2,66,18.53,76.29,409.98,0,1,23,23.85,74.6,406.47,0,1,22,,0.0,,0,0,0,,0.0,,0,0,0,,0.0,,0,0,0,40,50,0,0,0,0,0.0593
2026-07-30T05:10:25.700Z,30.84,68.35,424.29,0,1,26,24.82,66.11,,954.8,0,0,28.26,62.26,414.33,0,1,29,23.24,76.43,488.0,0,2,66,18.49,76.3,409.08,0,1,24,23.83,74.4,406.32,0,1,26,,0.0,,0,0,0,,0.0,,0,0,0,,0.0,,0,0,0,40,50,0,0,0,0,0.0593
2026-07-30T05:10:30.699Z,30.83,68.3,424.06,0,1,33,24.81,65.89,,954.7,0,0,28.26,62.04,414.2,0,1,30,23.22,76.24,488.0,0,2,66,18.46,76.32,410.07,0,1,32,23.81,74.22,405.69,0,1,24,,0.0,,0,0,0,,0.0,,0,0,0,,0.0,,0,0,0,40,50,0,0,0,0,0.0593
2026-07-30T05:10:35.700Z,30.83,68.28,422.75,0,1,28,24.8,65.69,,954.7,0,0,28.25,61.83,412.78,0,1,22,23.2,76.08,488.0,0,2,66,18.42,76.34,411.67,0,1,36,23.79,74.06,407.22,0,1,33,,0.0,,0,0,0,,0.0,,0,0,0,,0.0,,0,0,0,40,50,0,0,0,0,0.0593
2026-07-30T05:10:40.699Z,30.83,68.27,424.28,0,1,41,24.79,65.48,,954.7,0,0,28.25,61.63,413.1,0,1,31,23.18,75.91,488.0,0,2,66,18.39,76.36,412.9,0,1,35,23.77,73.89,407.3,0,1,27,,0.0,,0,0,0,,0.0,,0,0,0,,0.0,,0,0,0,40,50,0,0,0,0,0.0593
2026-07-30T05:10:45.700Z,30.82,68.31,426.55,0,1,45,24.78,65.26,,954.7,0,0,28.24,61.42,414.79,0,1,37,23.15,75.73,488.0,0,2,66,18.36,76.37,412.41,0,1,27,23.75,73.71,407.67,0,1,29,,0.0,,0,0,0,,0.0,,0,0,0,,0.0,,0,0,0,40,50,0,0,0,0,0.0593
2026-07-30T05:10:50.699Z,30.82,68.36,426.9,0,1,37,24.77,65.06,,954.7,0,0,28.24,61.21,416.11,0,1,36,23.12,75.57,488.0,0,2,66,18.33,76.38,413.27,0,1,33,23.74,73.53,409.7,0,1,36,,0.0,,0,0,0,,0.0,,0,0,0,,0.0,,0,0,0,40,50,0,0,0,0,0.0593
2026-07-30T05:10:55.700Z,30.82,68.37,426.91,0,1,36,24.76,64.86,,954.7,0,0,28.23,61.01,416.0,0,1,30,23.1,75.39,488.0,0,2,66,18.31,76.39,414.44,0,1,35,23.72,73.35,410.03,0,1,29,,0.0,,0,0,0,,0.0,,0,0,0,,0.0,,0,0,0,40,50,0,0,0,0,0.0593
2026-07-30T05:11:00.699Z,30.83,68.39,429.52,0,1,48,24.76,64.65,,954.8,0,0,28.23,60.8,415.0,0,1,26,23.08,75.23,488.0,0,2,66,18.28,76.38,414.9,0,1,32,23.7,73.15,410.63,0,1,31,,0.0,,0,0,0,,0.0,,0,0,0,,0.0,,0,0,0,40,50,0,0,0,0,0.0593
2026-07-30T05:11:05.699Z,30.83,68.43,431.46,0,1,46,24.75,64.47,,954.8,0,0,28.23,60.62,413.5,0,1,22,23.06,75.09,488.0,0,2,66,18.25,76.37,414.91,0,1,30,23.68,72.98,410.67,0,1,29,,0.0,,0,0,0,,0.0,,0,0,0,,0.0,,0,0,0,40,50,0,0,0,0,0.0593
2026-07-30T05:11:10.698Z,30.84,68.5,433.22,0,1,46,24.75,64.26,,954.7,0,0,28.22,60.44,413.35,0,1,29,23.05,74.94,488.0,0,2,66,18.23,76.34,415.52,0,1,33,23.66,72.79,410.9,0,1,30,,0.0,,0,0,0,,0.0,,0,0,0,,0.0,,0,0,0,40,50,0,0,0,0,0.0593
2026-07-30T05:11:15.698Z,30.85,68.56,435.9,0,1,52,24.74,64.06,,954.8,0,0,28.21,60.25,414.12,0,1,33,23.03,74.81,488.0,0,2,66,18.2,76.32,414.87,0,1,28,23.65,72.61,410.91,0,1,29,,0.0,,0,0,0,,0.0,,0,0,0,,0.0,,0,0,0,40,50,0,0,0,0,0.0593
2026-07-30T05:11:20.697Z,30.85,68.65,435.51,0,1,38,24.73,63.86,,954.8,0,0,28.21,60.05,413.9,0,1,29,23.02,74.69,488.0,0,2,66,18.17,76.29,414.68,0,1,30,23.63,72.42,410.22,0,1,25,,0.0,,0,0,0,,0.0,,0,0,0,,0.0,,0,0,0,40,50,0,0,0,0,0.0593
2026-07-30T05:11:25.698Z,30.86,68.74,433.16,0,1,29,24.72,63.65,,954.8,0,0,28.2,59.86,415.11,0,1,35,23.01,74.58,488.0,0,2,66,18.15,76.26,413.21,0,1,21,23.62,72.25,410.7,0,1,30,,0.0,,0,0,0,,0.0,,0,0,0,,0.0,,0,0,0,40,50,0,0,0,0,0.0593
2026-07-30T05:11:30.697Z,30.86,68.83,429.84,0,1,17,24.7,63.47,,954.8,0,0,28.19,59.68,413.6,0,1,21,23.0,74.48,488.0,0,2,66,18.12,76.21,413.79,0,1,32,23.6,72.07,409.93,0,1,25,,0.0,,0,0,0,,0.0,,0,0,0,,0.0,,0,0,0,40,50,0,0,0,0,0.0593
2026-07-30T05:11:35.698Z,30.88,68.93,430.86,0,1,42,24.69,63.27,,954.8,0,0,28.18,59.5,412.24,0,1,17,23.01,74.27,488.0,0,2,66,18.1,76.17,412.71,0,1,25,23.58,71.9,410.53,0,1,31,,0.0,,0,0,0,,0.0,,0,0,0,,0.0,,0,0,0,40,50,0,0,0,0,0.0593
2026-07-30T05:11:40.697Z,30.89,69.0,430.87,0,1,37,24.68,63.08,,954.7,0,0,28.17,59.33,413.42,0,1,34,23.03,74.06,488.0,0,2,66,18.07,76.13,413.44,0,1,33,23.56,71.72,409.48,0,1,23,,0.0,,0,0,0,,0.0,,0,0,0,,0.0,,0,0,0,40,50,0,0,0,0,0.0593
2026-07-30T05:11:45.697Z,30.9,69.08,431.08,0,1,39,24.68,62.91,,954.8,0,0,28.17,59.16,414.38,0,1,34,23.04,73.85,488.0,0,2,66,18.05,76.1,413.9,0,1,32,23.54,71.55,409.73,0,1,29,,0.0,,0,0,0,,0.0,,0,0,0,,0.0,,0,0,0,40,50,0,0,0,0,0.0593
2026-07-30T05:11:50.697Z,30.91,69.15,431.27,0,1,38,24.67,62.73,,954.7,0,0,28.16,58.98,414.44,0,1,30,23.06,73.63,488.0,0,2,66,18.03,76.07,414.51,0,1,33,23.53,71.37,410.16,0,1,30,,0.0,,0,0,0,,0.0,,0,0,0,,0.0,,0,0,0,40,50,0,0,0,0,0.0593
2026-07-30T05:11:55.697Z,30.92,69.21,432.75,0,1,45,24.66,62.54,,954.7,0,0,28.15,58.81,415.09,0,1,33,23.07,73.4,488.0,0,2,66,18.0,76.04,414.26,0,1,29,23.51,71.19,409.14,0,1,24,,0.0,,0,0,0,,0.0,,0,0,0,,0.0,,0,0,0,40,50,0,0,0,0,0.0593
2026-07-30T05:12:00.697Z,30.93,69.21,434.77,0,1,48,24.66,62.36,,954.7,0,0,28.15,58.64,417.68,0,1,42,23.08,73.16,488.0,0,2,66,17.97,76.02,414.53,0,1,31,23.5,71.01,408.23,0,1,23,,0.0,,0,0,0,,0.0,,0,0,0,,0.0,,0,0,0,40,50,0,0,0,0,0.0593
2026-07-30T05:12:05.703Z,30.93,69.22,434.0,0,1,36,24.65,62.16,,954.7,0,0,28.14,58.45,417.82,0,1,32,23.08,72.91,488.0,0,2,66,17.95,76.0,414.68,0,1,31,23.48,70.83,409.11,0,1,31,,0.0,,0,0,0,,0.0,,0,0,0,,0.0,,0,0,0,40,50,0,0,0,0,0.0593
2026-07-30T05:12:10.697Z,30.94,69.22,434.0,0,1,39,24.64,61.99,,954.7,0,0,28.14,58.29,416.13,0,1,24,23.08,72.69,488.0,0,2,66,17.92,75.98,415.71,0,1,35,23.46,70.67,408.2,0,1,20,,0.0,,0,0,0,,0.0,,0,0,0,,0.0,,0,0,0,40,50,0,0,0,0,0.0593
2026-07-30T05:12:15.702Z,30.95,69.21,432.7,0,1,33,24.64,61.81,,954.7,0,0,28.13,58.12,416.52,0,1,33,23.08,72.46,488.0,0,2,66,17.9,75.95,416.44,0,1,34,23.44,70.5,408.78,0,1,30,,0.0,,0,0,0,,0.0,,0,0,0,,0.0,,0,0,0,40,50,0,0,0,0,0.0593
2026-07-30T05:12:20.697Z,30.95,69.2,432.33,0,1,37,24.64,61.63,,954.7,0,0,28.13,57.95,415.07,0,1,24,23.08,72.27,488.0,0,2,66,17.87,75.93,418.49,0,1,40,23.43,70.33,408.9,0,1,28,,0.0,,0,0,0,,0.0,,0,0,0,,0.0,,0,0,0,40,50,0,0,0,0,0.0593
2026-07-30T05:12:25.697Z,30.96,69.2,433.69,0,1,45,24.62,61.45,,954.7,0,0,28.13,57.77,413.56,0,1,19,23.09,72.05,488.0,0,2,66,17.84,75.92,419.95,0,1,39,23.42,70.16,410.31,0,1,34,,0.0,,0,0,0,,0.0,,0,0,0,,0.0,,0,0,0,40,50,0,0,0,0,0.0593
2026-07-30T05:12:30.697Z,30.96,69.21,434.82,0,1,44,24.61,61.28,,954.7,0,0,28.13,57.6,413.91,0,1,31,23.09,71.86,488.0,0,2,66,17.82,75.91,420.75,0,1,36,23.4,70.0,409.38,0,1,24,,0.0,,0,0,0,,0.0,,0,0,0,,0.0,,0,0,0,40,50,0,0,0,0,0.0593
2026-07-30T05:12:35.746Z,30.96,69.24,433.44,0,1,33,24.6,61.12,,954.7,0,0,28.12,57.45,413.42,0,1,28,23.09,71.68,488.0,0,2,66,17.8,75.88,420.28,0,1,31,23.39,69.85,410.64,0,1,34,,0.0,,0,0,0,,0.0,,0,0,0,,0.0,,0,0,0,40,50,0,0,0,0,0.0593
2026-07-30T05:12:40.703Z,30.97,69.26,433.5,0,1,39,24.59,60.96,,954.7,0,0,28.11,57.29,413.17,0,1,29,23.08,71.47,488.0,0,2,66,17.78,75.85,418.25,0,1,23,23.37,69.7,411.58,0,1,33,,0.0,,0,0,0,,0.0,,0,0,0,,0.0,,0,0,0,40,50,0,0,0,0,0.0593
2026-07-30T05:12:45.696Z,30.97,69.24,433.05,0,1,37,24.58,60.8,,954.7,0,0,28.1,57.13,414.46,0,1,35,23.07,71.28,488.0,0,2,66,17.76,75.83,418.82,0,1,34,23.36,69.53,412.22,0,1,32,,0.0,,0,0,0,,0.0,,0,0,0,,0.0,,0,0,0,40,50,0,0,0,0,0.0593
2026-07-30T05:12:50.703Z,30.97,69.16,433.44,0,1,41,24.57,60.64,,954.8,0,0,28.09,56.97,413.31,0,1,25,23.06,71.1,488.0,0,2,66,17.73,75.8,419.14,0,1,34,23.34,69.37,414.5,0,1,40,,0.0,,0,0,0,,0.0,,0,0,0,,0.0,,0,0,0,40,50,0,0,0,0,0.0593
2026-07-30T05:12:55.702Z,30.98,69.1,437.7,0,1,60,24.57,60.48,,954.7,0,0,28.08,56.81,412.48,0,1,26,23.06,70.91,488.0,0,2,66,17.71,75.78,418.03,0,1,27,23.33,69.2,413.75,0,1,27,,0.0,,0,0,0,,0.0,,0,0,0,,0.0,,0,0,0,40,50,0,0,0,0,0.0593
2026-07-30T05:13:00.703Z,30.97,69.07,440.23,0,1,53,24.56,60.3,,954.7,0,0,28.07,56.66,412.53,0,1,29,23.05,70.74,488.0,0,2,66,17.69,75.74,418.12,0,1,32,23.31,69.03,413.77,0,1,30,,0.0,,0,0,0,,0.0,,0,0,0,,0.0,,0,0,0,40,50,0,0,0,0,0.0593
2026-07-30T05:13:05.703Z,30.96,69.04,440.31,0,1,43,24.55,60.14,,954.7,0,0,28.07,56.52,412.58,0,1,29,23.05,70.58,488.0,0,2,66,17.67,75.71,417.91,0,1,31,23.3,68.88,414.29,0,1,32,,0.0,,0,0,0,,0.0,,0,0,0,,0.0,,0,0,0,40,50,0,0,0,0,0.0593
2026-07-30T05:13:10.702Z,30.97,69.02,442.48,0,1,52,24.55,59.99,,954.7,0,0,28.06,56.38,414.12,0,1,36,23.04,70.41,488.0,0,2,66,17.65,75.67,418.32,0,1,33,23.29,68.73,414.67,0,1,32,,0.0,,0,0,0,,0.0,,0,0,0,,0.0,,0,0,0,40,50,0,0,0,0,0.0593
2026-07-30T05:13:15.702Z,30.96,68.99,442.03,0,1,41,24.54,59.83,,954.7,0,0,28.05,56.24,413.71,0,1,28,23.05,70.24,488.0,0,2,66,17.64,75.6,418.69,0,1,34,23.28,68.59,415.2,0,1,33,,0.0,,0,0,0,,0.0,,0,0,0,,0.0,,0,0,0,40,50,0,0,0,0,0.0593
2026-07-30T05:13:20.702Z,30.95,68.96,442.43,0,1,45,24.53,59.68,,954.7,0,0,28.05,56.11,414.54,0,1,33,23.04,70.06,488.0,0,2,66,17.61,75.52,416.82,0,1,22,23.26,68.44,416.68,0,1,37,,0.0,,0,0,0,,0.0,,0,0,0,,0.0,,0,0,0,40,50,0,0,0,0,0.0593
2026-07-30T05:13:25.702Z,30.95,68.96,443.68,0,1,49,24.52,59.52,,954.7,0,0,28.04,55.97,416.08,0,1,37,23.04,69.89,488.0,0,2,66,17.59,75.45,415.14,0,1,23,23.25,68.3,417.11,0,1,33,,0.0,,0,0,0,,0.0,,0,0,0,,0.0,,0,0,0,40,50,0,0,0,0,0.0593
2026-07-30T05:13:30.702Z,30.94,68.99,444.51,0,1,48,24.5,59.38,,954.7,0,0,28.04,55.84,417.08,0,1,35,23.04,69.74,488.0,0,2,66,17.57,75.36,413.62,0,1,23,23.23,68.15,416.6,0,1,29,,0.0,,0,0,0,,0.0,,0,0,0,,0.0,,0,0,0,40,50,0,0,0,0,0.0593
2026-07-30T05:13:35.701Z,30.94,69.01,442.86,0,1,36,24.49,59.23,,954.8,0,0,28.03,55.7,417.17,0,1,31,23.03,69.56,488.0,0,2,66,17.56,75.27,412.26,0,1,24,23.22,68.0,417.84,0,1,37,,0.0,,0,0,0,,0.0,,0,0,0,,0.0,,0,0,0,40,50,0,0,0,0,0.0593
2026-07-30T05:13:40.701Z,30.93,69.06,440.68,0,1,33,24.48,59.08,,954.7,0,0,28.02,55.55,418.25,0,1,36,23.03,69.37,488.0,0,2,66,17.54,75.17,413.24,0,1,33,23.21,67.84,417.56,0,1,30,,0.0,,0,0,0,,0.0,,0,0,0,,0.0,,0,0,0,40,50,0,0,0,0,0.0593
2026-07-30T05:13:45.699Z,30.91,69.15,441.41,0,1,46,24.48,58.93,,954.7,0,0,28.01,55.41,417.03,0,1,26,23.03,69.21,488.0,0,2,66,17.53,75.08,414.41,0,1,35,23.2,67.69,418.1,0,1,34,,0.0,,0,0,0,,0.0,,0,0,0,,0.0,,0,0,0,40,50,0,0,0,0,0.0593
2026-07-30T05:13:50.701Z,30.91,69.23,440.67,0,1,39,24.47,58.78,,954.7,0,0,28.0,55.28,417.72,0,1,34,23.02,69.06,488.0,0,2,66,17.51,74.98,414.07,0,1,28,23.19,67.54,418.49,0,1,34,,0.0,,0,0,0,,0.0,,0,0,0,,0.0,,0,0,0,40,50,0,0,0,0,0.0593
2026-07-30T05:13:55.700Z,30.91,69.32,437.9,0,1,29,24.46,58.64,,954.7,0,0,27.99,55.16,419.85,0,1,41,23.02,68.92,488.0,0,2,66,17.5,74.88,414.16,0,1,31,23.18,67.41,417.94,0,1,29,,0.0,,0,0,0,,0.0,,0,0,0,,0.0,,0,0,0,40,50,0,0,0,0,0.0593
2026-07-30T05:14:00.701Z,30.91,69.38,438.01,0,1,41,24.46,58.5,,954.7,0,0,27.98,55.04,417.87,0,1,17,23.02,68.73,488.0,0,2,66,17.49,74.78,414.85,0,1,33,23.16,67.27,417.35,0,1,29,,0.0,,0,0,0,,0.0,,0,0,0,,0.0,,0,0,0,40,50,0,0,0,0,0.0593
2026-07-30T05:14:05.697Z,30.9,69.44,438.21,0,1,42,24.45,58.36,,954.7,0,0,27.97,54.91,418.18,0,1,33,23.02,68.55,488.0,0,2,66,17.47,74.69,413.76,0,1,25,23.14,67.12,416.61,0,1,28,,0.0,,0,0,0,,0.0,,0,0,0,,0.0,,0,0,0,40,50,0,0,0,0,0.0593
2026-07-30T05:14:10.701Z,30.89,69.48,437.99,0,1,40,24.44,58.23,,954.7,0,0,27.96,54.78,417.76,0,1,30,23.02,68.39,488.0,0,2,66,17.46,74.61,412.69,0,1,25,23.13,66.98,417.75,0,1,36,,0.0,,0,0,0,,0.0,,0,0,0,,0.0,,0,0,0,40,50,0,0,0,0,0.0593
2026-07-30T05:14:15.700Z,30.88,69.48,437.39,0,1,38,24.44,58.09,,954.7,0,0,27.96,54.65,419.29,0,1,39,23.01,68.22,488.0,0,2,66,17.44,74.55,412.82,0,1,30,23.12,66.84,417.98,0,1,32,,0.0,,0,0,0,,0.0,,0,0,0,,0.0,,0,0,0,40,50,0,0,0,0,0.0593
2026-07-30T05:14:20.701Z,30.87,69.5,435.85,0,1,34,24.44,57.96,,954.7,0,0,27.95,54.53,419.66,0,1,34,23.0,68.06,488.0,0,2,66,17.43,74.5,414.04,0,1,35,23.1,66.71,418.48,0,1,34,,0.0,,0,0,0,,0.0,,0,0,0,,0.0,,0,0,0,40,50,0,0,0,0,0.0593
2026-07-30T05:14:25.700Z,30.86,69.52,434.37,0,1,33,24.43,57.85,,954.7,0,0,27.95,54.42,417.69,0,1,18,22.99,67.91,488.0,0,2,66,17.41,74.45,415.63,0,1,37,23.08,66.59,417.53,0,1,28,,0.0,,0,0,0,,0.0,,0,0,0,,0.0,,0,0,0,40,50,0,0,0,0,0.0593
2026-07-30T05:14:30.700Z,30.87,69.57,436.23,0,1,48,24.43,57.7,,954.7,0,0,27.93,54.28,418.92,0,1,37,22.98,67.75,488.0,0,2,66,17.39,74.43,417.07,0,1,37,23.06,66.47,416.78,0,1,28,,0.0,,0,0,0,,0.0,,0,0,0,,0.0,,0,0,0,40,50,0,0,0,0,0.0593
2026-07-30T05:14:35.737Z,30.87,69.61,437.31,0,1,45,24.43,57.57,,954.7,0,0,27.92,54.17,419.43,0,1,34,22.97,67.61,488.0,0,2,66,17.37,74.42,417.16,0,1,31,23.04,66.34,416.9,0,1,32,,0.0,,0,0,0,,0.0,,0,0,0,,0.0,,0,0,0,40,50,0,0,0,0,0.0593
2026-07-30T05:14:40.699Z,30.87,69.66,438.58,0,1,47,24.41,57.45,,954.7,0,0,27.91,54.06,418.59,0,1,29,22.97,67.47,488.0,0,2,66,17.36,74.41,417.25,0,1,32,23.03,66.22,415.71,0,1,26,,0.0,,0,0,0,,0.0,,0,0,0,,0.0,,0,0,0,40,50,0,0,0,0,0.0593
2026-07-30T05:14:45.700Z,30.87,69.71,439.62,0,1,46,24.4,57.31,,954.7,0,0,27.9,53.94,417.23,0,1,26,22.95,67.34,488.0,0,2,66,17.34,74.41,416.02,0,1,26,23.02,66.09,415.74,0,1,31,,0.0,,0,0,0,,0.0,,0,0,0,,0.0,,0,0,0,40,50,0,0,0,0,0.0593
2026-07-30T05:14:50.699Z,30.86,69.76,437.56,0,1,32,24.39,57.19,,954.7,0,0,27.89,53.84,419.71,0,1,43,22.94,67.21,488.0,0,2,66,17.33,74.41,414.42,0,1,24,23.0,65.97,415.86,0,1,31,,0.0,,0,0,0,,0.0,,0,0,0,,0.0,,0,0,0,40,50,0,0,0,0,0.0593
2026-07-30T05:14:55.699Z,30.85,69.82,434.6,0,1,27,24.38,57.08,,954.7,0,0,27.88,53.74,418.43,0,1,27,22.92,67.08,488.0,0,2,66,17.31,74.41,414.68,0,1,31,22.99,65.86,416.08,0,1,32,,0.0,,0,0,0,,0.0,,0,0,0,,0.0,,0,0,0,40,50,0,0,0,0,0.0593
2026-07-30T05:15:00.699Z,30.86,69.88,435.74,0,1,45,24.37,56.96,,954.7,0,0,27.87,53.64,420.79,0,1,43,22.91,66.97,488.0,0,2,66,17.3,74.4,413.81,0,1,26,22.98,65.74,416.57,0,1,33,,0.0,,0,0,0,,0.0,,0,0,0,,0.0,,0,0,0,40,50,0,0,0,0,0.0593
2026-07-30T05:15:05.699Z,30.86,69.93,434.37,0,1,33,24.37,56.84,,954.6,0,0,27.86,53.54,421.01,0,1,34,22.9,66.84,488.0,0,2,66,17.29,74.39,412.93,0,1,26,22.97,65.62,417.71,0,1,36,,0.0,,0,0,0,,0.0,,0,0,0,,0.0,,0,0,0,40,50,0,0,0,0,0.0593
2026-07-30T05:15:10.699Z,30.87,69.97,435.73,0,1,45,24.36,56.7,,954.7,0,0,27.85,53.43,421.11,0,1,34,22.89,66.73,488.0,0,2,66,17.28,74.38,411.64,0,1,23,22.96,65.49,418.84,0,1,37,,0.0,,0,0,0,,0.0,,0,0,0,,0.0,,0,0,0,40,50,0,0,0,0,0.0593
2026-07-30T05:15:15.698Z,30.87,69.99,433.96,0,1,32,24.35,56.57,,954.6,0,0,27.84,53.32,421.3,0,1,34,22.87,66.6,488.0,0,2,66,17.27,74.39,411.47,0,1,28,22.95,65.38,419.56,0,1,35,,0.0,,0,0,0,,0.0,,0,0,0,,0.0,,0,0,0,40,50,0,0,0,0,0.0593
2026-07-30T05:15:20.698Z,30.87,70.01,434.26,0,1,41,24.35,56.61,,954.5,0,0,27.83,53.39,422.57,0,1,39,22.86,66.53,488.0,0,2,66,17.27,74.43,411.72,0,1,30,22.97,65.42,419.9,0,1,34,,0.0,,0,0,0,,0.0,,0,0,0,,0.0,,0,0,0,40,50,0,0,0,0,0.0593
2026-07-30T05:15:25.699Z,30.88,70.02,435.64,0,1,46,24.34,56.65,,954.6,0,0,27.82,53.45,425.01,0,1,45,22.86,66.47,488.0,0,2,66,17.26,74.46,412.55,0,1,33,22.98,65.46,419.51,0,1,31,,0.0,,0,0,0,,0.0,,0,0,0,,0.0,,0,0,0,40,50,0,0,0,0,0.0593
2026-07-30T05:15:30.698Z,30.88,69.99,437.47,0,1,49,24.34,56.62,,954.6,0,0,27.8,53.52,424.01,0,1,31,22.86,66.54,488.0,0,2,66,17.25,74.57,412.6,0,1,29,22.99,65.41,420.66,0,1,38,,0.0,,0,0,0,,0.0,,0,0,0,,0.0,,0,0,0,40,50,0,0,0,0,0.0593
2026-07-30T05:15:35.698Z,30.88,69.94,439.72,0,1,52,24.34,56.59,,954.6,0,0,27.79,53.59,422.11,0,1,26,22.87,66.61,488.0,0,2,66,17.25,74.66,412.84,0,1,30,23.0,65.37,419.49,0,1,28,,0.0,,0,0,0,,0.0,,0,0,0,,0.0,,0,0,0,40,50,0,0,0,0,0.0593
2026-07-30T05:15:40.698Z,30.88,69.87,441.05,0,1,48,24.33,56.52,,954.6,0,0,27.78,53.59,422.2,0,1,34,22.88,66.71,488.0,0,2,66,17.24,74.78,412.35,0,1,27,23.0,65.3,419.65,0,1,33,,0.0,,0,0,0,,0.0,,0,0,0,,0.0,,0,0,0,40,50,0,0,0,0,0.0593
2026-07-30T05:15:45.698Z,30.88,69.8,439.75,0,1,36,24.32,56.43,,954.6,0,0,27.78,53.55,420.78,0,1,27,22.9,66.8,488.0,0,2,66,17.25,74.89,411.12,0,1,20,23.0,65.23,419.68,0,1,33,,0.0,,0,0,0,,0.0,,0,0,0,,0.0,,0,0,0,40,50,0,0,0,0,0.0593
2026-07-30T05:15:50.698Z,30.9,69.7,438.77,0,1,37,24.31,56.33,,954.6,0,0,27.77,53.5,419.4,0,1,27,22.92,66.88,488.0,0,2,66,17.24,74.99,411.01,0,1,28,23.01,65.21,420.11,0,1,34,,0.0,,0,0,0,,0.0,,0,0,0,,0.0,,0,0,0,40,50,0,0,0,0,0.0593
2026-07-30T05:15:55.697Z,30.91,69.61,438.19,0,1,39,24.3,56.28,,954.6,0,0,27.76,53.47,419.56,0,1,33,22.94,66.95,488.0,0,2,66,17.24,75.07,410.51,0,1,27,23.02,65.19,422.8,0,1,45,,0.0,,0,0,0,,0.0,,0,0,0,,0.0,,0,0,0,40,50,0,0,0,0,0.0593
2026-07-30T05:16:00.698Z,30.92,69.58,439.68,0,1,48,24.29,56.27,,954.6,0,0,27.76,53.45,419.91,0,1,34,22.96,67.01,488.0,0,2,66,17.25,75.16,410.36,0,1,28,23.03,65.17,425.22,0,1,45,,0.0,,0,0,0,,0.0,,0,0,0,,0.0,,0,0,0,40,50,0,0,0,0,0.0593
2026-07-30T05:16:05.699Z,30.92,69.55,440.01,0,1,43,24.28,56.27,,954.6,0,0,27.75,53.44,420.71,0,1,36,22.99,67.07,488.0,0,2,66,17.25,75.25,411.72,0,1,34,23.04,65.15,425.9,0,1,38,,0.0,,0,0,0,,0.0,,0,0,0,,0.0,,0,0,0,40,50,0,0,0,0,0.0593
2026-07-30T05:16:10.698Z,30.93,69.53,439.21,0,1,38,24.27,56.27,,954.6,0,0,27.74,53.43,420.24,0,1,31,23.01,67.12,488.0,0,2,66,17.25,75.32,410.55,0,1,24,23.04,65.14,429.11,0,1,51,,0.0,,0,0,0,,0.0,,0,0,0,,0.0,,0,0,0,40,50,0,0,0,0,0.0593
2026-07-30T05:16:15.698Z,30.94,69.52,438.89,0,1,40,24.26,56.27,,954.6,0,0,27.74,53.43,420.12,0,1,32,23.03,67.15,488.0,0,2,66,17.24,75.39,411.69,0,1,34,23.06,65.11,428.7,0,1,35,,0.0,,0,0,0,,0.0,,0,0,0,,0.0,,0,0,0,40,50,0,0,0,0,0.0593
2026-07-30T05:16:20.698Z,30.94,69.52,436.9,0,1,32,24.26,56.28,,954.6,0,0,27.74,53.43,419.71,0,1,31,23.05,67.18,488.0,0,2,66,17.24,75.46,411.62,0,1,29,23.07,65.08,428.33,0,1,35,,0.0,,0,0,0,,0.0,,0,0,0,,0.0,,0,0,0,40,50,0,0,0,0,0.0593
2026-07-30T05:16:25.698Z,30.95,69.53,437.71,0,1,44,24.25,56.3,,954.6,0,0,27.73,53.42,417.74,0,1,23,23.06,67.2,488.0,0,2,66,17.23,75.51,411.26,0,1,27,23.09,65.04,428.6,0,1,38,,0.0,,0,0,0,,0.0,,0,0,0,,0.0,,0,0,0,40,50,0,0,0,0,0.0593
2026-07-30T05:16:30.697Z,30.96,69.54,436.44,0,1,35,24.25,56.3,,954.6,0,0,27.73,53.41,420.66,0,1,45,23.07,67.21,488.0,0,2,66,17.23,75.56,410.74,0,1,26,23.1,65.0,429.34,0,1,40,,0.0,,0,0,0,,0.0,,0,0,0,,0.0,,0,0,0,40,50,0,0,0,0,0.0593
2026-07-30T05:16:35.697Z,30.95,69.54,432.79,0,1,17,24.24,56.3,,954.6,0,0,27.73,53.4,420.9,0,1,34,23.09,67.2,488.0,0,2,66,17.23,75.61,412.76,0,1,38,23.11,64.96,430.4,0,1,42,,0.0,,0,0,0,,0.0,,0,0,0,,0.0,,0,0,0,40,50,0,0,0,0,0.0593
2026-07-30T05:16:40.697Z,30.95,69.57,431.11,0,1,31,24.24,56.3,,954.6,0,0,27.72,53.39,422.01,0,1,38,23.1,67.18,488.0,0,2,66,17.21,75.65,414.59,0,1,37,23.12,64.91,431.96,0,1,45,,0.0,,0,0,0,,0.0,,0,0,0,,0.0,,0,0,0,40,50,0,0,0,0,0.0593
2026-07-30T05:16:45.697Z,30.95,69.57,428.0,0,1,22,24.23,56.31,,954.6,0,0,27.72,53.39,422.81,0,1,37,23.11,67.14,488.0,0,2,66,17.2,75.7,415.43,0,1,34,23.12,64.87,431.87,0,1,38,,0.0,,0,0,0,,0.0,,0,0,0,,0.0,,0,0,0,40,50,0,0,0,0,0.0593
2026-07-30T05:16:50.697Z,30.95,69.59,430.1,0,1,46,24.23,56.3,,954.6,0,0,27.72,53.39,421.13,0,1,26,23.11,67.09,488.0,0,2,66,17.19,75.76,415.08,0,1,29,23.13,64.84,433.88,0,1,47,,0.0,,0,0,0,,0.0,,0,0,0,,0.0,,0,0,0,40,50,0,0,0,0,0.0593
2026-07-30T05:16:55.697Z,30.95,69.6,430.89,0,1,41,24.23,56.3,,954.5,0,0,27.72,53.38,421.31,0,1,34,23.11,67.04,488.0,0,2,66,17.18,75.82,415.88,0,1,34,23.14,64.8,434.69,0,1,43,,0.0,,0,0,0,,0.0,,0,0,0,,0.0,,0,0,0,40,50,0,0,0,0,0.0593
2026-07-30T05:17:00.698Z,30.94,69.61,430.7,0,1,37,24.22,56.3,,954.5,0,0,27.72,53.37,422.08,0,1,37,23.12,67.01,488.0,0,2,66,17.18,75.88,417.29,0,1,37,23.14,64.76,435.22,0,1,42,,0.0,,0,0,0,,0.0,,0,0,0,,0.0,,0,0,0,40,50,0,0,0,0,0.0593
2026-07-30T05:17:05.703Z,30.95,69.6,432.33,0,1,45,24.22,56.3,,954.6,0,0,27.71,53.37,421.57,0,1,31,23.12,66.96,488.0,0,2,66,17.17,75.97,418.46,0,1,37,23.14,64.74,435.8,0,1,42,,0.0,,0,0,0,,0.0,,0,0,0,,0.0,,0,0,0,40,50,0,0,0,0,0.0593
2026-07-30T05:17:10.703Z,30.94,69.61,430.8,0,1,31,24.22,56.29,,954.6,0,0,27.71,53.36,421.32,0,1,32,23.12,66.91,488.0,0,2,66,17.16,76.06,417.81,0,1,29,23.15,64.7,435.22,0,1,37,,0.0,,0,0,0,,0.0,,0,0,0,,0.0,,0,0,0,40,50,0,0,0,0,0.0593
2026-07-30T05:17:15.702Z,30.94,69.62,430.32,0,1,36,24.22,56.28,,954.6,0,0,27.71,53.35,420.28,0,1,29,23.12,66.86,488.0,0,2,66,17.15,76.14,418.83,0,1,36,23.15,64.67,437.2,0,1,49,,0.0,,0,0,0,,0.0,,0,0,0,,0.0,,0,0,0,40,50,0,0,0,0,0.0593
2026-07-30T05:17:20.696Z,30.94,69.64,432.59,0,1,48,24.22,56.27,,954.5,0,0,27.71,53.34,418.26,0,1,19,23.12,66.81,488.0,0,2,66,17.15,76.23,420.85,0,1,41,23.16,64.63,437.08,0,1,40,,0.0,,0,0,0,,0.0,,0,0,0,,0.0,,0,0,0,40,50,0,0,0,0,0.0593
2026-07-30T05:17:25.703Z,30.93,69.66,434.03,0,1,45,24.21,56.25,,954.6,0,0,27.7,53.32,417.43,0,1,28,23.12,66.77,488.0,0,2,66,17.14,76.31,423.46,0,1,45,23.16,64.6,438.77,0,1,48,,0.0,,0,0,0,,0.0,,0,0,0,,0.0,,0,0,0,40,50,0,0,0,0,0.0593
2026-07-30T05:17:30.702Z,30.92,69.69,436.33,0,1,50,24.21,56.23,,954.6,0,0,27.7,53.29,417.19,0,1,30,23.11,66.73,488.0,0,2,66,17.14,76.38,424.42,0,1,39,23.17,64.57,439.89,0,1,47,,0.0,,0,0,0,,0.0,,0,0,0,,0.0,,0,0,0,40,50,0,0,0,0,0.0593
2026-07-30T05:17:35.702Z,30.91,69.71,435.49,0,1,36,24.21,56.21,,954.6,0,0,27.7,53.27,418.97,0,1,39,23.11,66.69,488.0,0,2,66,17.13,76.46,426.08,0,1,42,23.17,64.54,442.1,0,1,53,,0.0,,0,0,0,,0.0,,0,0,0,,0.0,,0,0,0,40,50,0,0,0,0,0.0593
2026-07-30T05:17:40.697Z,30.9,69.73,439.34,0,1,58,24.21,56.19,,954.6,0,0,27.7,53.26,420.27,0,1,38,23.11,66.65,488.0,0,2,66,17.12,76.53,427.97,0,1,44,23.17,64.52,442.09,0,1,43,,0.0,,0,0,0,,0.0,,0,0,0,,0.0,,0,0,0,40,50,0,0,0,0,0.0593
2026-07-30T05:17:45.702Z,30.89,69.75,439.91,0,1,44,24.21,56.17,,954.6,0,0,27.69,53.23,422.64,0,1,44,23.12,66.61,488.0,0,2,66,17.12,76.63,429.27,0,1,42,23.17,64.49,442.38,0,1,44,,0.0,,0,0,0,,0.0,,0,0,0,,0.0,,0,0,0,40,50,0,0,0,0,0.0593
2026-07-30T05:17:50.702Z,30.88,69.77,439.52,0,1,40,24.21,56.14,,954.5,0,0,27.68,53.21,421.08,0,1,27,23.12,66.56,488.0,0,2,66,17.11,76.74,431.34,0,1,47,23.17,64.45,444.45,0,1,53,,0.0,,0,0,0,,0.0,,0,0,0,,0.0,,0,0,0,40,50,0,0,0,0,0.0593
2026-07-30T05:17:55.711Z,30.87,69.77,437.47,0,1,32,24.21,56.12,,954.5,0,0,27.67,53.19,421.87,0,1,37,23.12,66.51,488.0,0,2,66,17.11,76.83,431.01,0,1,36,23.16,64.41,444.9,0,1,46,,0.0,,0,0,0,,0.0,,0,0,0,,0.0,,0,0,0,40,50,0,0,0,0,0.0593
2026-07-30T05:18:00.701Z,30.86,69.8,437.42,0,1,41,24.21,56.09,,954.6,0,0,27.68,53.17,422.08,0,1,34,23.12,66.48,488.0,0,2,66,17.11,76.93,432.31,0,1,44,23.15,64.38,444.41,0,1,42,,0.0,,0,0,0,,0.0,,0,0,0,,0.0,,0,0,0,40,50,0,0,0,0,0.0593
2026-07-30T05:18:05.701Z,30.87,69.82,435.28,0,1,31,24.21,56.06,,954.7,0,0,27.67,53.14,422.78,0,1,37,23.11,66.44,488.0,0,2,66,17.11,77.02,432.88,0,1,41,23.15,64.34,446.27,0,1,53,,0.0,,0,0,0,,0.0,,0,0,0,,0.0,,0,0,0,40,50,0,0,0,0,0.0593
2026-07-30T05:18:10.701Z,30.87,69.84,431.75,0,1,24,24.21,56.04,,954.5,0,0,27.67,53.12,423.1,0,1,35,23.11,66.4,488.0,0,2,66,17.11,77.08,432.59,0,1,37,23.14,64.31,446.34,0,1,45,,0.0,,0,0,0,,0.0,,0,0,0,,0.0,,0,0,0,40,50,0,0,0,0,0.0593
2026-07-30T05:18:15.701Z,30.87,69.85,431.28,0,1,36,24.21,56.01,,954.5,0,0,27.67,53.1,425.39,0,1,45,23.11,66.36,488.0,0,2,66,17.11,77.15,431.13,0,1,32,23.14,64.28,448.61,0,1,56,,0.0,,0,0,0,,0.0,,0,0,0,,0.0,,0,0,0,40,50,0,0,0,0,0.0593
2026-07-30T05:18:20.701Z,30.88,69.86,433.25,0,1,47,24.2,55.99,,954.6,0,0,27.67,53.07,426.85,0,1,42,23.11,66.32,488.0,0,2,66,17.11,77.2,432.62,0,1,45,23.14,64.25,448.05,0,1,43,,0.0,,0,0,0,,0.0,,0,0,0,,0.0,,0,0,0,40,50,0,0,0,0,0.0593
2026-07-30T05:18:25.700Z,30.88,69.86,435.22,0,1,48,24.2,55.97,,954.6,0,0,27.66,53.04,428.67,0,1,44,23.11,66.29,488.0,0,2,66,17.11,77.25,435.26,0,1,51,23.13,64.22,448.84,0,1,50,,0.0,,0,0,0,,0.0,,0,0,0,,0.0,,0,0,0,40,50,0,0,0,0,0.0593
2026-07-30T05:18:30.700Z,30.89,69.86,435.5,0,1,41,24.2,55.94,,954.6,0,0,27.66,53.02,430.8,0,1,46,23.11,66.23,488.0,0,2,66,17.11,77.29,434.63,0,1,37,23.13,64.19,450.26,0,1,53,,0.0,,0,0,0,,0.0,,0,0,0,,0.0,,0,0,0,40,50,0,0,0,0,0.0593
2026-07-30T05:18:35.700Z,30.9,69.86,437.05,0,1,47,24.2,55.9,,954.6,0,0,27.66,52.98,431.12,0,1,39,23.11,66.2,488.0,0,2,66,17.11,77.32,434.67,0,1,39,23.13,64.16,451.58,0,2,70,,0.0,,0,0,0,,0.0,,0,0,0,,0.0,,0,0,0,40,50,0,0,0,0,0.0593
2026-07-30T05:18:40.701Z,30.91,69.83,437.25,0,1,41,24.2,55.87,,954.6,0,0,27.65,52.95,432.41,0,1,44,23.11,66.15,488.0,0,2,66,17.11,77.35,435.5,0,1,43,23.12,64.13,452.82,0,1,54,,0.0,,0,0,0,,0.0,,0,0,0,,0.0,,0,0,0,40,50,0,0,0,0,0.0593
2026-07-30T05:18:45.700Z,30.91,69.77,433.82,0,1,25,24.2,55.84,,954.6,0,0,27.65,52.91,432.97,0,1,41,23.11,66.1,488.0,0,2,66,17.1,77.36,436.75,0,1,46,23.12,64.11,455.14,0,1,59,,0.0,,0,0,0,,0.0,,0,0,0,,0.0,,0,0,0,40,50,0,0,0,0,0.0593
2026-07-30T05:18:50.700Z,30.92,69.67,432.34,0,1,32,24.2,55.8,,954.6,0,0,27.64,52.88,431.97,0,1,34,23.11,66.06,488.0,0,2,66,17.1,77.38,436.88,0,1,41,23.12,64.06,454.73,0,1,47,,0.0,,0,0,0,,0.0,,0,0,0,,0.0,,0,0,0,40,50,0,0,0,0,0.0593
2026-07-30T05:18:55.700Z,30.92,69.56,433.3,0,1,43,24.2,55.76,,954.6,0,0,27.64,52.84,433.37,0,1,45,23.1,66.03,488.0,0,2,66,17.1,77.4,438.29,0,1,47,23.12,64.02,454.76,0,1,49,,0.0,,0,0,0,,0.0,,0,0,0,,0.0,,0,0,0,40,50,0,0,0,0,0.0593
2026-07-30T05:19:00.700Z,30.92,69.45,434.37,0,1,44,24.2,55.73,,954.6,0,0,27.63,52.81,434.74,0,1,45,23.11,66.0,488.0,0,2,66,17.1,77.42,438.26,0,1,41,23.12,63.98,453.68,0,1,44,,0.0,,0,0,0,,0.0,,0,0,0,,0.0,,0,0,0,40,50,0,0,0,0,0.0593
2026-07-30T05:19:05.699Z,30.91,69.3,433.84,0,1,37,24.2,55.69,,954.6,0,0,27.63,52.78,434.26,0,1,37,23.11,65.98,488.0,0,2,66,17.09,77.44,439.03,0,1,45,23.1,63.94,453.91,0,1,49,,0.0,,0,0,0,,0.0,,0,0,0,,0.0,,0,0,0,40,50,0,0,0,0,0.0593
2026-07-30T05:19:10.700Z,30.91,69.16,431.25,0,1,27,24.2,55.66,,954.5,0,0,27.64,52.75,437.84,0,1,57,23.12,65.98,488.0,0,2,66,17.08,77.45,439.33,0,1,43,23.09,63.9,454.22,0,1,50,,0.0,,0,0,0,,0.0,,0,0,0,,0.0,,0,0,0,40,50,0,0,0,0,0.0593
2026-07-30T05:19:15.699Z,30.91,69.04,431.93,0,1,41,24.2,55.64,,954.6,0,0,27.63,52.71,441.25,0,1,57,23.13,66.0,488.0,0,2,66,17.08,77.49,440.6,0,1,48,23.08,63.86,454.7,0,1,51,,0.0,,0,0,0,,0.0,,0,0,0,,0.0,,0,0,0,40,50,0,0,0,0,0.0593
2026-07-30T05:19:20.698Z,30.92,68.99,435.04,0,1,53,24.2,55.6,,954.6,0,0,27.63,52.68,440.33,0,1,38,23.14,66.06,488.0,0,2,66,17.07,77.52,442.44,0,1,51,23.08,63.83,455.73,0,1,54,,0.0,,0,0,0,,0.0,,0,0,0,,0.0,,0,0,0,40,50,0,0,0,0,0.0593
2026-07-30T05:19:25.699Z,30.93,68.95,435.63,0,1,42,24.2,55.57,,954.6,0,0,27.63,52.65,441.19,0,1,46,23.14,66.11,488.0,0,2,66,17.06,77.55,442.59,0,1,44,23.07,63.81,455.76,0,1,49,,0.0,,0,0,0,,0.0,,0,0,0,,0.0,,0,0,0,40,50,0,0,0,0,0.0593
2026-07-30T05:19:30.698Z,30.94,68.93,436.57,0,1,44,24.2,55.56,,954.6,0,0,27.62,52.63,442.67,0,1,49,23.15,66.21,488.0,0,2,66,17.05,77.59,442.43,0,1,42,23.07,63.8,455.78,0,1,49,,0.0,,0,0,0,,0.0,,0,0,0,,0.0,,0,0,0,40,50,0,0,0,0,0.0593
2026-07-30T05:19:35.699Z,30.94,68.93,436.71,0,1,41,24.2,55.54,,954.6,0,0,27.62,52.61,443.01,0,1,45,23.15,66.33,488.0,0,2,66,17.05,77.64,444.19,0,1,51,23.07,63.79,456.0,0,1,50,,0.0,,0,0,0,,0.0,,0,0,0,,0.0,,0,0,0,40,50,0,0,0,0,0.0593
2026-07-30T05:19:40.737Z,30.95,68.91,435.34,0,1,34,24.2,55.54,,954.5,0,0,27.62,52.6,443.61,0,1,46,23.16,66.48,488.0,0,2,66,17.04,77.69,445.37,0,1,50,23.08,63.8,455.4,0,1,47,,0.0,,0,0,0,,0.0,,0,0,0,,0.0,,0,0,0,40,50,0,0,0,0,0.0593
2026-07-30T05:19:45.698Z,30.96,68.91,436.21,0,1,44,24.2,55.53,,954.5,0,0,27.63,52.6,446.65,0,1,59,23.16,66.66,488.0,0,2,66,17.04,77.72,444.93,0,1,42,23.08,63.82,455.96,0,1,52,,0.0,,0,0,0,,0.0,,0,0,0,,0.0,,0,0,0,40,50,0,0,0,0,0.0593
2026-07-30T05:19:50.698Z,30.98,68.92,434.39,0,1,31,24.2,55.56,,954.5,0,0,27.63,52.62,447.68,0,1,50,23.18,66.85,488.0,0,2,66,17.04,77.74,444.84,0,1,44,23.09,63.86,456.27,0,1,51,,0.0,,0,0,0,,0.0,,0,0,0,,0.0,,0,0,0,40,50,0,0,0,0,0.0593
2026-07-30T05:19:55.698Z,30.98,68.92,433.15,0,1,34,24.2,55.6,,954.5,0,0,27.62,52.64,447.71,0,1,46,23.19,67.03,488.0,0,2,66,17.03,77.75,443.36,0,1,37,23.1,63.92,459.24,0,2,65,,0.0,,0,0,0,,0.0,,0,0,0,,0.0,,0,0,0,40,50,0,0,0,0,0.0593
2026-07-30T05:20:00.698Z,30.98,68.93,432.13,0,1,34,24.2,55.65,,954.5,0,0,27.62,52.69,448.14,0,1,48,23.19,67.18,488.0,0,2,66,17.03,77.78,442.22,0,1,38,23.11,64.0,459.42,0,1,52,,0.0,,0,0,0,,0.0,,0,0,0,,0.0,,0,0,0,40,50,0,0,0,0,0.0593
2026-07-30T05:20:05.700Z,30.98,68.95,432.32,0,1,39,24.2,55.7,,954.5,0,0,27.62,52.73,447.33,0,1,42,23.19,67.31,488.0,0,2,66,17.03,77.8,443.9,0,1,51,23.12,64.07,458.67,0,1,48,,0.0,,0,0,0,,0.0,,0,0,0,,0.0,,0,0,0,40,50,0,0,0,0,0.0593
2026-07-30T05:20:10.698Z,30.98,68.99,430.39,0,1,30,24.2,55.76,,954.5,0,0,27.63,52.78,450.09,0,1,59,23.19,67.4,488.0,0,2,66,17.02,77.82,446.11,0,1,55,23.13,64.14,459.71,0,1,56,,0.0,,0,0,0,,0.0,,0,0,0,,0.0,,0,0,0,40,50,0,0,0,0,0.0593
2026-07-30T05:20:15.702Z,30.99,69.01,431.35,0,1,42,24.2,55.82,,954.5,0,0,27.62,52.84,452.59,0,1,59,23.19,67.5,488.0,0,2,66,17.02,77.84,447.3,0,1,51,23.14,64.23,460.04,0,1,53,,0.0,,0,0,0,,0.0,,0,0,0,,0.0,,0,0,0,40,50,0,0,0,0,0.0593
2026-07-30T05:20:20.699Z,30.99,68.99,430.11,0,1,32,24.2,55.89,,954.6,0,0,27.63,52.92,451.43,0,1,42,23.19,67.57,488.0,0,2,66,17.02,77.85,447.37,0,1,46,23.14,64.32,459.93,0,1,51,,0.0,,0,0,0,,0.0,,0,0,0,,0.0,,0,0,0,40,50,0,0,0,0,0.0593
2026-07-30T05:20:25.700Z,30.99,68.93,432.1,0,1,47,24.2,55.96,,954.5,0,0,27.63,52.99,452.18,0,1,51,23.19,67.6,488.0,0,2,66,17.02,77.88,446.93,0,1,43,23.15,64.44,461.44,0,1,59,,0.0,,0,0,0,,0.0,,0,0,0,,0.0,,0,0,0,40,50,0,0,0,0,0.0593
2026-07-30T05:20:30.797Z,30.99,68.86,434.79,0,1,51,24.2,56.02,,954.5,0,0,27.63,53.07,452.17,0,1,48,23.19,67.63,488.0,0,2,66,17.02,77.9,449.64,0,1,59,23.15,64.55,462.09,0,1,55,,0.0,,0,0,0,,0.0,,0,0,0,,0.0,,0,0,0,40,50,0,0,0,0,0.0593
2026-07-30T05:20:35.701Z,31.0,68.78,438.71,0,1,58,24.2,56.08,,954.5,0,0,27.62,53.13,454.25,0,1,58,23.2,67.66,488.0,0,2,66,17.01,77.93,449.27,0,1,45,23.16,64.65,463.59,0,1,60,,0.0,,0,0,0,,0.0,,0,0,0,,0.0,,0,0,0,40,50,0,0,0,0,0.0593
2026-07-30T05:20:40.698Z,31.01,68.71,439.64,0,1,46,24.2,56.13,,954.4,0,0,27.62,53.2,454.62,0,1,50,23.19,67.67,488.0,0,2,66,17.01,77.97,449.45,0,1,47,23.15,64.73,464.23,0,1,56,,0.0,,0,0,0,,0.0,,0,0,0,,0.0,,0,0,0,40,50,0,0,0,0,0.0593
2026-07-30T05:20:45.701Z,31.01,68.64,439.88,0,1,43,24.2,56.18,,954.5,0,0,27.62,53.26,454.26,0,1,47,23.18,67.68,488.0,0,2,66,17.01,78.01,448.9,0,1,44,23.15,64.8,462.6,0,1,46,,0.0,,0,0,0,,0.0,,0,0,0,,0.0,,0,0,0,40,50,0,0,0,0,0.0593
2026-07-30T05:20:50.699Z,31.02,68.6,442.09,0,1,53,24.2,56.22,,954.5,0,0,27.62,53.31,455.44,0,1,55,23.18,67.69,488.0,0,2,66,17.01,78.05,450.51,0,1,54,23.14,64.86,462.04,0,1,50,,0.0,,0,0,0,,0.0,,0,0,0,,0.0,,0,0,0,40,50,0,0,0,0,0.0593
2026-07-30T05:20:55.701Z,31.03,68.6,444.58,0,1,55,24.2,56.26,,954.5,0,0,27.62,53.36,456.29,0,1,54,23.18,67.69,488.0,0,2,66,17.01,78.1,451.86,0,1,54,23.14,64.9,460.34,0,1,44,,0.0,,0,0,0,,0.0,,0,0,0,,0.0,,0,0,0,40,50,0,0,0,0,0.0593
2026-07-30T05:21:00.700Z,31.03,68.61,446.52,0,1,53,24.2,56.28,,954.5,0,0,27.61,53.39,457.06,0,1,53,23.17,67.69,488.0,0,2,66,17.01,78.15,450.87,0,1,43,23.13,64.95,461.61,0,1,58,,0.0,,0,0,0,,0.0,,0,0,0,,0.0,,0,0,0,40,50,0,0,0,0,0.0593
2026-07-30T05:21:05.696Z,31.04,68.63,449.37,0,1,59,24.2,56.31,,954.5,0,0,27.61,53.41,457.16,0,1,50,23.17,67.68,488.0,0,2,66,17.01,78.19,451.89,0,1,52,23.13,64.99,462.64,0,1,57,,0.0,,0,0,0,,0.0,,0,0,0,,0.0,,0,0,0,40,50,0,0,0,0,0.0593
2026-07-30T05:21:10.700Z,31.06,68.65,451.13,0,1,55,24.2,56.33,,954.5,0,0,27.62,53.43,457.34,0,1,51,23.16,67.65,488.0,0,2,66,17.01,78.24,451.3,0,1,44,23.13,65.02,462.58,0,1,52,,0.0,,0,0,0,,0.0,,0,0,0,,0.0,,0,0,0,40,50,0,0,0,0,0.0593
2026-07-30T05:21:15.703Z,31.06,68.66,450.62,0,1,45,24.2,56.34,,954.5,0,0,27.62,53.45,455.91,0,1,43,23.15,67.62,488.0,0,2,66,17.01,78.3,452.37,0,1,53,23.12,65.04,463.72,0,1,59,,0.0,,0,0,0,,0.0,,0,0,0,,0.0,,0,0,0,40,50,0,0,0,0,0.0593
2026-07-30T05:21:20.697Z,31.06,68.64,449.56,0,1,42,24.2,56.36,,954.5,0,0,27.62,53.46,455.22,0,1,46,23.15,67.59,488.0,0,2,66,17.01,78.35,453.33,0,1,52,23.12,65.07,465.05,0,1,60,,0.0,,0,0,0,,0.0,,0,0,0,,0.0,,0,0,0,40,50,0,0,0,0,0.0593
2026-07-30T05:21:25.696Z,31.08,68.66,447.1,0,1,35,24.2,56.37,,954.4,0,0,27.62,53.47,456.49,0,1,56,23.14,67.56,488.0,0,2,66,17.0,78.39,454.9,0,1,56,23.12,65.08,465.35,0,1,55,,0.0,,0,0,0,,0.0,,0,0,0,,0.0,,0,0,0,40,50,0,0,0,0,0.0593
2026-07-30T05:21:30.703Z,31.09,68.66,445.39,0,1,37,24.2,56.38,,954.5,0,0,27.61,53.47,455.95,0,1,47,23.14,67.5,488.0,0,2,66,17.0,78.42,454.21,0,1,46,23.12,65.1,463.91,0,1,47,,0.0,,0,0,0,,0.0,,0,0,0,,0.0,,0,0,0,40,50,0,0,0,0,0.0593
2026-07-30T05:21:35.702Z,31.1,68.68,442.45,0,1,31,24.2,56.38,,954.4,0,0,27.61,53.47,457.05,0,1,55,23.14,67.45,488.0,0,2,66,17.0,78.45,452.29,0,1,40,23.11,65.1,464.92,0,1,59,,0.0,,0,0,0,,0.0,,0,0,0,,0.0,,0,0,0,40,50,0,0,0,0,0.0593
2026-07-30T05:21:40.702Z,31.1,68.68,439.61,0,1,30,24.2,56.38,,954.4,0,0,27.61,53.48,456.15,0,1,46,23.13,67.41,488.0,0,2,66,17.0,78.48,451.66,0,1,45,23.1,65.1,464.53,0,1,52,,0.0,,0,0,0,,0.0,,0,0,0,,0.0,,0,0,0,40,50,0,0,0,0,0.0593
2026-07-30T05:21:45.696Z,31.1,68.69,438.45,0,1,36,24.2,56.38,,954.6,0,0,27.61,53.47,456.63,0,1,52,23.13,67.36,488.0,0,2,66,17.0,78.5,451.29,0,1,46,23.09,65.09,463.97,0,1,51,,0.0,,0,0,0,,0.0,,0,0,0,,0.0,,0,0,0,40,50,0,0,0,0,0.0593
2026-07-30T05:21:50.703Z,31.1,68.71,437.2,0,1,35,24.2,56.37,,954.5,0,0,27.61,53.46,456.57,0,1,50,23.13,67.29,488.0,0,2,66,17.0,78.51,452.76,0,1,55,23.08,65.08,464.88,0,1,58,,0.0,,0,0,0,,0.0,,0,0,0,,0.0,,0,0,0,40,50,0,0,0,0,0.0593
2026-07-30T05:21:55.699Z,31.1,68.73,438.28,0,1,46,24.2,56.36,,954.5,0,0,27.61,53.45,458.21,0,1,58,23.12,67.22,488.0,0,2,66,17.01,78.52,452.99,0,1,49,23.07,65.06,467.59,0,2,68,,0.0,,0,0,0,,0.0,,0,0,0,,0.0,,0,0,0,40,50,0,0,0,0,0.0593
2026-07-30T05:22:00.702Z,31.1,68.75,442.65,0,1,63,24.2,56.34,,954.5,0,0,27.61,53.43,456.39,0,1,42,23.12,67.14,488.0,0,2,66,17.01,78.53,454.99,0,1,58,23.06,65.04,467.23,0,1,54,,0.0,,0,0,0,,0.0,,0,0,0,,0.0,,0,0,0,40,50,0,0,0,0,0.0593
2026-07-30T05:22:05.702Z,31.1,68.76,446.59,0,1,63,24.2,56.33,,954.5,0,0,27.61,53.41,456.55,0,1,50,23.12,67.06,488.0,0,2,66,17.02,78.53,455.89,0,1,53,23.06,65.02,468.21,0,1,60,,0.0,,0,0,0,,0.0,,0,0,0,,0.0,,0,0,0,40,50,0,0,0,0,0.0593
2026-07-30T05:22:10.702Z,31.1,68.78,450.33,0,1,64,24.2,56.31,,954.5,0,0,27.61,53.39,459.0,0,1,62,23.12,67.0,488.0,0,2,66,17.03,78.54,458.0,0,1,60,23.05,65.0,468.59,0,1,57,,0.0,,0,0,0,,0.0,,0,0,0,,0.0,,0,0,0,40,50,0,0,0,0,0.0593
2026-07-30T05:22:15.702Z,31.1,68.79,453.7,0,1,64,24.2,56.29,,954.5,0,0,27.61,53.36,457.2,0,1,43,23.12,66.94,488.0,0,2,66,17.04,78.53,459.7,0,1,59,23.06,64.97,468.53,0,1,56,,0.0,,0,0,0,,0.0,,0,0,0,,0.0,,0,0,0,40,50,0,0,0,0,0.0593
2026-07-30T05:22:20.701Z,31.1,68.8,454.53,0,1,53,24.2,56.27,,954.6,0,0,27.6,53.33,456.98,0,1,49,23.11,66.87,488.0,0,2,66,17.04,78.5,459.73,0,1,52,23.05,64.93,469.58,0,1,61,,0.0,,0,0,0,,0.0,,0,0,0,,0.0,,0,0,0,40,50,0,0,0,0,0.0593
2026-07-30T05:22:25.701Z,31.1,68.81,455.47,0,1,53,24.2,56.25,,954.5,0,0,27.6,53.3,456.18,0,1,46,23.11,66.81,488.0,0,2,66,17.05,78.46,459.76,0,1,51,23.06,64.89,471.92,0,2,68,,0.0,,0,0,0,,0.0,,0,0,0,,0.0,,0,0,0,40,50,0,0,0,0,0.0593
2026-07-30T05:22:30.701Z,31.1,68.83,459.13,0,2,68,24.2,56.22,,954.5,0,0,27.6,53.27,457.06,0,1,54,23.11,66.75,488.0,0,2,66,17.05,78.43,460.58,0,1,55,23.06,64.85,472.73,0,1,61,,0.0,,0,0,0,,0.0,,0,0,0,,0.0,,0,0,0,40,50,0,0,0,0,0.0593
2026-07-30T05:22:35.701Z,31.1,68.84,457.91,0,1,45,24.2,56.19,,954.5,0,0,27.6,53.23,457.05,0,1,50,23.12,66.68,488.0,0,2,66,17.06,78.36,460.12,0,1,50,23.06,64.8,473.25,0,1,60,,0.0,,0,0,0,,0.0,,0,0,0,,0.0,,0,0,0,40,50,0,0,0,0,0.0593
2026-07-30T05:22:40.701Z,31.1,68.83,457.52,0,1,49,24.2,56.16,,954.5,0,0,27.6,53.2,457.65,0,1,53,23.13,66.62,488.0,0,2,66,17.06,78.31,460.61,0,1,54,23.07,64.76,474.83,0,2,66,,0.0,,0,0,0,,0.0,,0,0,0,,0.0,,0,0,0,40,50,0,0,0,0,0.0593
2026-07-30T05:22:45.701Z,31.1,68.82,456.57,0,1,45,24.2,56.12,,954.6,0,0,27.6,53.17,457.58,0,1,50,23.14,66.57,488.0,0,2,66,17.07,78.25,461.85,0,1,58,23.07,64.71,476.85,0,2,69,,0.0,,0,0,0,,0.0,,0,0,0,,0.0,,0,0,0,40,50,0,0,0,0,0.0593
2026-07-30T05:22:50.701Z,31.1,68.81,454.41,0,1,40,24.2,56.09,,954.6,0,0,27.6,53.13,460.43,0,1,64,22.65,66.49,488.0,0,2,66,17.07,78.19,459.87,0,1,43,23.07,64.65,476.76,0,1,60,,0.0,,0,0,0,,0.0,,0,0,0,,0.0,,0,0,0,40,50,0,0,0,0,0.0593
2026-07-30T05:22:55.701Z,31.1,68.81,451.87,0,1,37,24.2,56.07,,954.6,0,0,27.6,53.1,459.38,0,1,47,22.22,66.42,488.0,0,2,66,17.06,78.15,460.38,0,1,54,23.08,64.58,475.88,0,1,56,,0.0,,0,0,0,,0.0,,0,0,0,,0.0,,0,0,0,40,50,0,0,0,0,0.0593
2026-07-30T05:23:00.700Z,31.1,68.8,450.78,0,1,42,24.2,56.05,,954.5,0,0,27.6,53.07,458.75,0,1,48,22.3,66.38,488.0,0,2,66,17.06,78.12,458.54,0,1,43,23.08,64.52,475.3,0,1,57,,0.0,,0,0,0,,0.0,,0,0,0,,0.0,,0,0,0,40,50,0,0,0,0,0.0593
2026-07-30T05:23:05.700Z,31.1,68.8,450.11,0,1,44,24.19,56.0,,954.5,0,0,27.6,53.03,458.17,0,1,48,22.39,66.32,488.0,0,2,66,17.05,78.11,459.09,0,1,53,23.08,64.47,477.67,0,2,72,,0.0,,0,0,0,,0.0,,0,0,0,,0.0,,0,0,0,40,50,0,0,0,0,0.0593
2026-07-30T05:23:10.700Z,31.1,68.8,447.8,0,1,36,24.18,55.96,,954.5,0,0,27.6,53.0,460.15,0,1,61,22.47,66.27,488.0,0,2,66,17.05,78.1,457.98,0,1,46,23.08,64.42,479.5,0,2,70,,0.0,,0,0,0,,0.0,,0,0,0,,0.0,,0,0,0,40,50,0,0,0,0,0.0593
2026-07-30T05:23:15.734Z,31.1,68.8,444.62,0,1,31,24.18,55.92,,954.5,0,0,27.6,52.96,463.24,0,2,67,22.54,66.23,488.0,0,2,66,17.04,78.09,458.98,0,1,55,23.08,64.37,481.55,0,2,72,,0.0,,0,0,0,,0.0,,0,0,0,,0.0,,0,0,0,40,50,0,0,0,0,0.0593
2026-07-30T05:23:20.700Z,31.1,68.8,443.85,0,1,40,24.17,55.89,,954.5,0,0,27.6,52.92,461.51,0,1,45,22.61,66.2,488.0,0,2,66,17.04,78.06,459.18,0,1,52,23.09,64.32,482.39,0,2,67,,0.0,,0,0,0,,0.0,,0,0,0,,0.0,,0,0,0,40,50,0,0,0,0,0.0593
2026-07-30T05:23:25.699Z,31.1,68.78,440.17,0,1,27,24.18,55.86,,954.6,0,0,27.6,52.89,460.96,0,1,49,22.66,66.14,488.0,0,2,66,17.03,78.02,458.66,0,1,49,23.09,64.27,482.56,0,1,64,,0.0,,0,0,0,,0.0,,0,0,0,,0.0,,0,0,0,40,50,0,0,0,0,0.0593
2026-07-30T05:23:30.700Z,31.1,68.73,437.95,0,1,32,24.18,55.83,,954.6,0,0,27.6,52.86,460.37,0,1,49,22.72,66.09,488.0,0,2,66,17.03,77.99,457.5,0,1,45,23.09,64.22,483.2,0,2,66,,0.0,,0,0,0,,0.0,,0,0,0,,0.0,,0,0,0,40,50,0,0,0,0,0.0593
2026-07-30T05:23:35.700Z,31.1,68.65,435.86,0,1,31,24.18,55.78,,954.6,0,0,27.6,52.83,459.13,0,1,46,22.76,66.02,488.0,0,2,66,17.03,77.97,458.05,0,1,53,23.09,64.15,482.88,0,1,62,,0.0,,0,0,0,,0.0,,0,0,0,,0.0,,0,0,0,40,50,0,0,0,0,0.0593
2026-07-30T05:23:40.699Z,31.1,68.57,433.07,0,1,27,24.18,55.75,,954.6,0,0,27.6,52.79,459.52,0,1,53,22.79,65.96,488.0,0,2,66,17.02,77.95,458.04,0,1,51,23.09,64.09,483.69,0,2,67,,0.0,,0,0,0,,0.0,,0,0,0,,0.0,,0,0,0,40,50,0,0,0,0,0.0593
2026-07-30T05:23:45.699Z,31.1,68.46,431.16,0,1,30,24.18,55.7,,954.6,0,0,27.6,52.75,460.27,0,1,55,22.82,65.89,488.0,0,2,66,17.02,77.95,458.94,0,1,55,23.09,64.03,485.02,0,2,70,,0.0,,0,0,0,,0.0,,0,0,0,,0.0,,0,0,0,40,50,0,0,0,0,0.0593
2026-07-30T05:23:50.699Z,31.1,68.37,431.95,0,1,42,24.18,55.65,,954.5,0,0,27.6,52.71,461.44,0,1,57,22.85,65.82,488.0,0,2,66,17.02,77.95,460.84,0,1,60,23.09,63.97,484.32,0,1,61,,0.0,,0,0,0,,0.0,,0,0,0,,0.0,,0,0,0,40,50,0,0,0,0,0.0593
2026-07-30T05:23:55.698Z,31.1,68.35,430.05,0,1,29,24.18,55.61,,954.6,0,0,27.6,52.67,462.99,0,1,60,22.87,65.75,488.0,0,2,66,17.02,77.97,461.06,0,1,53,23.09,63.91,484.19,0,1,63,,0.0,,0,0,0,,0.0,,0,0,0,,0.0,,0,0,0,40,50,0,0,0,0,0.0593
2026-07-30T05:24:00.698Z,31.1,68.35,431.75,0,1,45,24.17,55.57,,954.6,0,0,27.6,52.63,463.8,0,1,57,22.9,65.68,488.0,0,2,66,17.02,77.98,461.35,0,1,54,23.09,63.86,485.77,0,2,72,,0.0,,0,0,0,,0.0,,0,0,0,,0.0,,0,0,0,40,50,0,0,0,0,0.0593
2026-07-30T05:24:05.699Z,31.1,68.36,433.17,0,1,45,24.17,55.52,,954.6,0,0,27.6,52.59,463.42,0,1,52,22.91,65.62,488.0,0,2,66,17.01,77.99,460.72,0,1,49,23.08,63.8,485.59,0,1,64,,0.0,,0,0,0,,0.0,,0,0,0,,0.0,,0,0,0,40,50,0,0,0,0,0.0593
2026-07-30T05:24:10.699Z,31.1,68.39,432.16,0,1,34,24.17,55.47,,954.6,0,0,27.6,52.54,464.47,0,1,59,22.92,65.55,488.0,0,2,66,17.01,78.0,461.15,0,1,54,23.08,63.75,486.23,0,2,68,,0.0,,0,0,0,,0.0,,0,0,0,,0.0,,0,0,0,40,50,0,0,0,0,0.0593
2026-07-30T05:24:15.699Z,31.1,68.42,431.24,0,1,34,24.16,55.42,,954.6,0,0,27.6,52.49,466.93,0,2,66,22.92,65.5,488.0,0,2,66,17.01,78.0,460.83,0,1,51,23.07,63.7,485.51,0,1,61,,0.0,,0,0,0,,0.0,,0,0,0,,0.0,,0,0,0,40,50,0,0,0,0,0.0593
2026-07-30T05:24:20.699Z,31.1,68.43,432.52,0,1,44,24.15,55.38,,954.6,0,0,27.6,52.44,466.93,0,1,55,22.93,65.45,488.0,0,2,66,17.01,78.0,460.25,0,1,49,23.06,63.65,486.86,0,2,72,,0.0,,0,0,0,,0.0,,0,0,0,,0.0,,0,0,0,40,50,0,0,0,0,0.0593
2026-07-30T05:24:25.699Z,31.1,68.45,429.46,0,1,25,24.15,55.33,,954.5,0,0,27.6,52.39,465.34,0,1,47,22.94,65.4,488.0,0,2,66,17.01,78.0,463.12,0,2,66,23.06,63.59,487.57,0,2,69,,0.0,,0,0,0,,0.0,,0,0,0,,0.0,,0,0,0,40,50,0,0,0,0,0.0593
2026-07-30T05:24:30.698Z,31.1,68.46,431.52,0,1,47,24.14,55.29,,954.6,0,0,27.6,52.35,466.41,0,1,59,22.95,65.37,488.0,0,2,66,17.01,78.0,463.91,0,1,57,23.06,63.54,487.32,0,1,64,,0.0,,0,0,0,,0.0,,0,0,0,,0.0,,0,0,0,40,50,0,0,0,0,0.0593
2026-07-30T05:24:35.697Z,31.1,68.49,435.27,0,1,56,24.14,55.25,,954.5,0,0,27.6,52.31,468.47,0,2,65,22.96,65.34,488.0,0,2,66,17.01,78.0,463.92,0,1,54,23.05,63.49,486.58,0,1,61,,0.0,,0,0,0,,0.0,,0,0,0,,0.0,,0,0,0,40,50,0,0,0,0,0.0593
2026-07-30T05:24:40.697Z,31.1,68.52,437.14,0,1,49,24.14,55.2,,954.5,0,0,27.6,52.27,469.32,0,1,60,22.97,65.29,488.0,0,2,66,17.01,78.0,465.33,0,1,61,23.05,63.44,486.93,0,2,67,,0.0,,0,0,0,,0.0,,0,0,0,,0.0,,0,0,0,40,50,0,0,0,0,0.0593
2026-07-30T05:24:45.697Z,31.1,68.55,437.73,0,1,43,24.13,55.16,,954.5,0,0,27.6,52.23,469.69,0,1,58,22.99,65.25,488.0,0,2,66,17.01,78.0,465.7,0,1,56,23.04,63.39,486.93,0,2,65,,0.0,,0,0,0,,0.0,,0,0,0,,0.0,,0,0,0,40,50,0,0,0,0,0.0593
2026-07-30T05:24:50.733Z,31.1,68.56,437.85,0,1,41,24.13,55.12,,954.5,0,0,27.6,52.19,467.52,0,1,46,23.0,65.21,488.0,0,2,66,17.01,78.01,466.93,0,1,60,23.04,63.34,486.04,0,1,60,,0.0,,0,0,0,,0.0,,0,0,0,,0.0,,0,0,0,40,50,0,0,0,0,0.0593
2026-07-30T05:24:55.698Z,31.1,68.51,439.57,0,1,49,24.13,55.07,,954.5,0,0,27.6,52.14,468.77,0,1,62,23.01,65.16,488.0,0,2,66,17.0,78.02,468.13,0,1,61,23.04,63.29,486.34,0,2,66,,0.0,,0,0,0,,0.0,,0,0,0,,0.0,,0,0,0,40,50,0,0,0,0,0.0593
2026-07-30T05:25:00.698Z,31.1,68.46,440.41,0,1,46,24.12,55.01,,954.5,0,0,27.6,52.09,469.69,0,1,61,23.02,65.11,488.0,0,2,66,16.99,78.03,467.32,0,1,51,23.03,63.25,486.6,0,2,66,,0.0,,0,0,0,,0.0,,0,0,0,,0.0,,0,0,0,40,50,0,0,0,0,0.0593
2026-07-30T05:25:05.697Z,31.09,68.41,438.87,0,1,35,24.12,54.96,,954.4,0,0,27.6,52.05,469.72,0,1,56,23.03,65.07,488.0,0,2,66,16.99,78.05,468.79,0,1,63,23.03,63.21,486.14,0,1,63,,0.0,,0,0,0,,0.0,,0,0,0,,0.0,,0,0,0,40,50,0,0,0,0,0.0593
2026-07-30T05:25:10.697Z,31.08,68.37,439.48,0,1,44,24.12,54.9,,954.6,0,0,27.59,52.0,470.65,0,1,61,23.03,65.02,488.0,0,2,66,16.98,78.06,469.01,0,1,57,23.03,63.17,487.53,0,2,72,,0.0,,0,0,0,,0.0,,0,0,0,,0.0,,0,0,0,40,50,0,0,0,0,0.0593
2026-07-30T05:25:15.697Z,31.07,68.36,442.83,0,1,58,24.12,54.85,,954.4,0,0,27.58,51.96,470.38,0,1,56,23.04,64.99,488.0,0,2,66,16.97,78.07,469.41,0,1,58,23.02,63.11,487.98,0,2,68,,0.0,,0,0,0,,0.0,,0,0,0,,0.0,,0,0,0,40,50,0,0,0,0,0.0593
2026-07-30T05:25:20.703Z,31.07,68.36,444.75,0,1,53,24.12,54.81,,954.4,0,0,27.57,51.92,465.75,0,1,34,23.05,64.96,488.0,0,2,66,16.96,78.09,466.77,0,1,44,23.02,63.06,487.58,0,1,64,,0.0,,0,0,0,,0.0,,0,0,0,,0.0,,0,0,0,40,50,0,0,0,0,0.0593
2026-07-30T05:25:25.703Z,31.06,68.34,443.58,0,1,38,24.11,54.76,,954.5,0,0,27.58,51.88,466.67,0,1,59,23.05,64.93,488.0,0,2,66,16.96,78.1,467.59,0,1,59,23.01,63.01,488.22,0,2,69,,0.0,,0,0,0,,0.0,,0,0,0,,0.0,,0,0,0,40,50,0,0,0,0,0.0593
2026-07-30T05:25:30.703Z,31.05,68.33,440.52,0,1,30,24.11,54.71,,954.5,0,0,27.58,51.84,466.7,0,1,55,23.06,64.88,488.0,0,2,66,16.96,78.12,466.73,0,1,51,23.0,62.97,487.8,0,1,63,,0.0,,0,0,0,,0.0,,0,0,0,,0.0,,0,0,0,40,50,0,0,0,0,0.0593
2026-07-30T05:25:35.703Z,31.05,68.31,437.37,0,1,28,24.11,54.67,,954.5,0,0,27.57,51.8,466.63,0,1,54,23.06,64.84,488.0,0,2,66,16.95,78.13,465.46,0,1,49,22.99,62.94,487.82,0,2,66,,0.0,,0,0,0,,0.0,,0,0,0,,0.0,,0,0,0,40,50,0,0,0,0,0.0593
2026-07-30T05:25:40.703Z,31.04,68.26,437.03,0,1,39,24.11,54.62,,954.5,0,0,27.57,51.76,464.07,0,1,43,23.06,64.79,488.0,0,2,66,16.96,78.15,465.21,0,1,53,22.98,62.89,487.64,0,2,65,,0.0,,0,0,0,,0.0,,0,0,0,,0.0,,0,0,0,40,50,0,0,0,0,0.0593
2026-07-30T05:25:45.703Z,31.04,68.21,435.63,0,1,34,24.11,54.58,,954.5,0,0,27.57,51.71,462.96,0,1,48,23.07,64.73,488.0,0,2,66,16.96,78.17,466.19,0,1,59,22.97,62.85,489.17,0,2,74,,0.0,,0,0,0,,0.0,,0,0,0,,0.0,,0,0,0,40,50,0,0,0,0,0.0593
2026-07-30T05:25:50.702Z,31.03,68.19,434.16,0,1,33,24.11,54.54,,954.5,0,0,27.56,51.67,464.17,0,1,59,23.07,64.68,488.0,0,2,66,16.97,78.18,466.47,0,1,56,22.96,62.82,489.86,0,2,70,,0.0,,0,0,0,,0.0,,0,0,0,,0.0,,0,0,0,40,50,0,0,0,0,0.0593
2026-07-30T05:25:55.702Z,31.03,68.19,435.95,0,1,48,24.11,54.5,,954.5,0,0,27.56,51.64,464.75,0,1,57,23.07,64.63,488.0,0,2,66,16.96,78.19,464.43,0,1,44,22.96,62.78,490.17,0,2,68,,0.0,,0,0,0,,0.0,,0,0,0,,0.0,,0,0,0,40,50,0,0,0,0,0.0593
2026-07-30T05:26:00.702Z,31.03,68.18,434.55,0,1,33,24.11,54.46,,954.5,0,0,27.57,51.59,466.08,0,1,60,23.08,64.59,488.0,0,2,66,16.95,78.19,466.48,0,1,64,22.95,62.75,490.55,0,2,69,,0.0,,0,0,0,,0.0,,0,0,0,,0.0,,0,0,0,40,50,0,0,0,0,0.0593
2026-07-30T05:26:05.702Z,31.04,68.19,435.2,0,1,42,24.11,54.42,,954.5,0,0,27.57,51.55,468.37,0,2,66,23.08,64.64,488.0,0,2,66,16.96,78.2,465.33,0,1,49,22.95,62.72,492.0,0,2,75,,0.0,,0,0,0,,0.0,,0,0,0,,0.0,,0,0,0,40,50,0,0,0,0,0.0593
2026-07-30T05:26:10.702Z,31.04,68.2,431.88,0,1,25,24.11,54.39,,954.5,0,0,27.57,51.52,471.63,0,2,73,23.08,64.68,488.0,0,2,66,16.96,78.21,464.1,0,1,48,22.94,62.7,492.1,0,2,68,,0.0,,0,0,0,,0.0,,0,0,0,,0.0,,0,0,0,40,50,0,0,0,0,0.0593
2026-07-30T05:26:15.703Z,31.04,68.19,430.99,0,1,34,24.1,54.36,,954.5,0,0,27.57,51.5,473.97,0,2,70,23.07,64.8,488.0,0,2,66,16.96,78.22,462.99,0,1,48,22.94,62.68,492.49,0,2,70,,0.0,,0,0,0,,0.0,,0,0,0,,0.0,,0,0,0,40,50,0,0,0,0,0.0593
2026-07-30T05:26:20.703Z,31.04,68.18,427.99,0,1,24,24.1,54.34,,954.4,0,0,27.56,51.49,472.87,0,1,53,23.08,64.96,488.0,0,2,66,16.96,78.22,464.09,0,2,59,22.93,62.67,492.04,0,2,66,,0.0,,0,0,0,,0.0,,0,0,0,,0.0,,0,0,0,40,50,0,0,0,0,0.0593
2026-07-30T05:26:25.701Z,31.05,68.17,427.19,0,1,32,24.1,54.34,,954.4,0,0,27.56,51.49,474.88,0,2,68,23.08,65.2,488.0,0,1,65535,16.96,78.23,465.28,0,1,59,22.93,62.68,493.84,0,2,78,,0.0,,0,0,0,,0.0,,0,0,0,,0.0,,0,0,0,40,50,0,0,0,0,0.0593
2026-07-30T05:26:30.703Z,31.05,68.17,429.17,0,1,45,24.1,54.35,,954.4,0,0,27.57,51.55,474.1,0,1,55,23.08,65.48,488.0,0,2,66,16.97,78.24,465.85,0,1,57,22.94,62.7,493.15,0,2,65,,0.0,,0,0,0,,0.0,,0,0,0,,0.0,,0,0,0,40,50,0,0,0,0,0.0593
2026-07-30T05:26:35.765Z,31.06,68.17,427.36,0,1,28,24.1,54.37,,954.5,0,0,27.57,51.78,473.39,0,1,55,23.08,65.77,488.0,0,2,66,16.97,78.24,465.37,0,1,52,22.94,62.74,492.14,0,1,63,,0.0,,0,0,0,,0.0,,0,0,0,,0.0,,0,0,0,40,50,0,0,0,0,0.0593
2026-07-30T05:26:40.702Z,31.05,68.17,427.72,0,1,38,24.1,54.39,,954.5,0,0,27.57,52.0,474.75,0,2,65,23.08,66.04,488.0,0,2,66,16.97,78.25,465.23,0,1,54,22.95,62.77,492.02,0,2,67,,0.0,,0,0,0,,0.0,,0,0,0,,0.0,,0,0,0,40,50,0,0,0,0,0.0593
2026-07-30T05:26:45.701Z,31.06,68.17,427.95,0,1,37,24.1,54.43,,954.5,0,0,27.58,52.17,477.07,0,2,71,23.09,66.35,488.0,0,2,66,16.98,78.24,464.81,0,1,52,22.95,62.83,491.92,0,2,67,,0.0,,0,0,0,,0.0,,0,0,0,,0.0,,0,0,0,40,50,0,0,0,0,0.0593
2026-07-30T05:26:50.701Z,31.06,68.16,428.95,0,1,41,24.1,54.46,,954.5,0,0,27.58,52.56,476.47,0,1,57,23.1,66.7,488.0,0,2,66,16.98,78.25,464.23,0,1,51,22.96,62.89,490.93,0,1,62,,0.0,,0,0,0,,0.0,,0,0,0,,0.0,,0,0,0,40,50,0,0,0,0,0.0593
2026-07-30T05:26:55.701Z,31.07,68.16,431.06,0,1,47,24.1,54.52,,954.5,0,0,27.58,53.11,479.62,0,2,76,23.11,67.08,488.0,0,2,66,16.98,78.26,464.21,0,1,53,22.96,62.99,491.34,0,2,69,,0.0,,0,0,0,,0.0,,0,0,0,,0.0,,0,0,0,40,50,0,0,0,0,0.0593
2026-07-30T05:27:00.701Z,31.07,68.17,429.55,0,1,31,24.1,54.59,,954.4,0,0,27.59,53.91,481.76,0,2,73,23.12,67.48,488.0,0,2,66,16.98,78.28,462.98,0,1,47,22.98,63.12,492.7,0,2,75,,0.0,,0,0,0,,0.0,,0,0,0,,0.0,,0,0,0,40,50,0,0,0,0,0.0593
2026-07-30T05:27:05.701Z,31.07,68.17,430.2,0,1,40,24.1,54.69,,954.4,0,0,27.6,54.89,484.08,0,2,75,23.13,67.9,488.0,0,2,66,16.98,78.3,460.99,0,1,43,22.98,63.26,492.23,0,2,65,,0.0,,0,0,0,,0.0,,0,0,0,,0.0,,0,0,0,40,50,0,0,0,0,0.0593
2026-07-30T05:27:10.702Z,31.08,68.16,428.28,0,1,28,24.1,54.85,,954.4,0,0,27.62,55.91,487.47,0,2,82,23.14,68.29,488.0,0,2,66,16.99,78.32,460.39,0,1,49,22.99,63.43,492.61,0,2,70,,0.0,,0,0,0,,0.0,,0,0,0,,0.0,,0,0,0,40,50,0,0,0,0,0.0593
2026-07-30T05:27:15.701Z,31.08,68.14,426.95,0,1,30,24.1,54.99,,954.4,0,0,27.64,56.95,489.33,0,2,76,23.16,68.64,488.0,0,2,66,16.99,78.34,460.35,0,1,51,23.0,63.57,492.75,0,2,69,,0.0,,0,0,0,,0.0,,0,0,0,,0.0,,0,0,0,40,50,0,0,0,0,0.0593
2026-07-30T05:27:20.701Z,31.08,68.05,425.45,0,1,29,24.1,55.12,,954.4,0,0,27.66,57.89,491.69,0,2,79,23.17,69.03,488.0,0,2,66,16.99,78.36,461.11,0,1,55,23.01,63.75,492.47,0,2,67,,0.0,,0,0,0,,0.0,,0,0,0,,0.0,,0,0,0,40,50,0,0,0,0,0.0593
2026-07-30T05:27:25.702Z,31.08,67.94,425.31,0,1,34,24.1,55.26,,954.5,0,0,27.67,58.75,493.02,0,2,75,23.19,69.42,488.0,0,2,66,16.99,78.41,460.7,0,1,50,23.02,63.93,491.53,0,1,63,,0.0,,0,0,0,,0.0,,0,0,0,,0.0,,0,0,0,40,50,0,0,0,0,0.0593
2026-07-30T05:27:30.700Z,31.08,67.83,427.18,0,1,44,24.1,55.4,,954.5,0,0,27.68,59.57,494.82,0,2,78,23.2,69.8,488.0,0,2,66,16.99,78.46,461.83,0,1,57,23.03,64.13,493.17,0,2,76,,0.0,,0,0,0,,0.0,,0,0,0,,0.0,,0,0,0,40,50,0,0,0,0,0.0593
2026-07-30T05:27:35.700Z,31.09,67.76,426.56,0,1,33,24.1,55.58,,954.5,0,0,27.71,60.43,494.94,0,2,70,23.21,70.17,488.0,0,2,66,16.99,78.51,459.75,0,1,42,23.04,64.38,492.76,0,2,66,,0.0,,0,0,0,,0.0,,0,0,0,,0.0,,0,0,0,40,50,0,0,0,0,0.0593
2026-07-30T05:27:40.700Z,31.09,67.71,426.4,0,1,35,24.1,55.75,,954.5,0,0,27.72,61.19,495.85,0,2,74,23.22,70.51,488.0,0,2,66,16.99,78.56,457.97,0,1,43,23.04,64.6,492.98,0,2,70,,0.0,,0,0,0,,0.0,,0,0,0,,0.0,,0,0,0,40,50,0,0,0,0,0.0593
2026-07-30T05:27:45.700Z,31.09,67.69,427.06,0,1,39,24.1,55.94,,954.5,0,0,27.74,61.89,496.76,0,2,75,23.23,70.84,488.0,0,2,66,16.99,78.61,456.38,0,1,43,23.05,64.83,492.78,0,2,67,,0.0,,0,0,0,,0.0,,0,0,0,,0.0,,0,0,0,40,50,0,0,0,0,0.0593
2026-07-30T05:27:50.700Z,31.1,67.68,427.86,0,1,40,24.1,56.15,,954.5,0,0,27.76,62.53,498.68,0,2,81,23.25,71.16,488.0,0,2,66,16.99,78.67,456.14,0,1,48,23.05,65.06,493.0,0,2,70,,0.0,,0,0,0,,0.0,,0,0,0,,0.0,,0,0,0,40,50,0,0,0,0,0.0593
2026-07-30T05:27:55.700Z,31.1,67.7,430.07,0,1,47,24.1,56.35,,954.4,0,0,27.78,63.15,501.62,0,2,87,23.27,71.48,488.0,0,2,66,16.99,78.73,457.13,0,1,55,23.06,65.29,492.7,0,2,67,,0.0,,0,0,0,,0.0,,0,0,0,,0.0,,0,0,0,40,50,0,0,0,0,0.0593
2026-07-30T05:28:00.699Z,31.1,67.72,431.36,0,1,43,24.1,56.58,,954.5,0,0,27.8,63.71,503.95,0,2,86,23.28,71.79,488.0,0,2,66,17.0,78.77,458.61,0,1,58,23.07,65.54,492.43,0,2,67,,0.0,,0,0,0,,0.0,,0,0,0,,0.0,,0,0,0,40,50,0,0,0,0,0.0593
2026-07-30T05:28:05.700Z,31.11,67.73,430.63,0,1,35,24.1,56.82,,954.5,0,0,27.82,64.2,505.26,0,2,81,23.29,72.07,488.0,0,2,66,17.0,78.82,457.95,0,1,48,23.08,65.8,490.39,0,1,58,,0.0,,0,0,0,,0.0,,0,0,0,,0.0,,0,0,0,40,50,0,0,0,0,0.0593
2026-07-30T05:28:10.699Z,31.11,67.75,429.97,0,1,34,24.1,57.04,,954.5,0,0,27.84,64.65,505.33,0,2,75,23.3,72.32,488.0,0,2,66,17.0,78.85,455.96,0,1,41,23.1,66.03,489.65,0,1,63,,0.0,,0,0,0,,0.0,,0,0,0,,0.0,,0,0,0,40,50,0,0,0,0,0.0593
2026-07-30T05:28:15.735Z,31.11,67.77,430.67,0,1,41,24.1,57.27,,954.5,0,0,27.86,65.11,506.1,0,2,79,23.31,72.55,488.0,0,2,66,17.0,78.9,455.96,0,1,50,23.11,66.26,487.89,0,1,58,,0.0,,0,0,0,,0.0,,0,0,0,,0.0,,0,0,0,40,50,0,0,0,0,0.0593
2026-07-30T05:28:20.700Z,31.11,67.78,428.4,0,1,27,24.1,57.49,,954.5,0,0,27.87,65.51,502.79,0,1,58,23.32,72.76,488.0,0,2,66,17.0,78.95,454.86,0,1,44,23.12,66.51,487.0,0,1,61,,0.0,,0,0,0,,0.0,,0,0,0,,0.0,,0,0,0,40,50,0,0,0,0,0.0593
2026-07-30T05:28:25.696Z,31.12,67.79,429.86,0,1,43,24.1,57.69,,954.5,0,0,27.88,65.38,500.11,0,1,60,23.33,72.95,488.0,0,2,2,17.01,78.99,454.98,0,1,50,23.13,66.78,486.5,0,1,62,,0.0,,0,0,0,,0.0,,0,0,0,,0.0,,0,0,0,40,50,0,0,0,0,0.0593
2026-07-30T05:28:30.700Z,31.12,67.8,432.18,0,1,48,24.1,57.9,,954.5,0,0,27.89,65.03,498.6,0,1,64,23.34,73.09,488.0,0,2,66,17.02,79.04,455.88,0,1,54,23.15,67.06,487.65,0,2,71,,0.0,,0,0,0,,0.0,,0,0,0,,0.0,,0,0,0,40,50,0,0,0,0,0.0593
2026-07-30T05:28:35.699Z,31.12,67.81,430.06,0,1,29,24.1,58.09,,954.5,0,0,27.89,64.72,497.24,0,1,64,23.34,73.23,488.0,0,2,66,17.02,79.09,456.69,0,1,54,23.17,67.31,488.68,0,2,71,,0.0,,0,0,0,,0.0,,0,0,0,,0.0,,0,0,0,40,50,0,0,0,0,0.0593
2026-07-30T05:28:40.698Z,31.12,67.82,432.85,0,1,51,24.1,58.31,,954.4,0,0,27.89,64.22,496.02,0,1,64,23.35,73.3,488.0,0,2,66,17.03,79.14,457.42,0,1,54,23.18,67.54,489.61,0,2,71,,0.0,,0,0,0,,0.0,,0,0,0,,0.0,,0,0,0,40,50,0,0,0,0,0.0593
2026-07-30T05:28:45.698Z,31.13,67.84,438.27,0,2,65,24.1,58.51,,954.5,0,0,27.89,63.68,494.91,0,1,64,23.35,73.31,488.0,0,2,66,17.04,79.2,458.08,0,1,54,23.18,67.75,490.45,0,2,71,,0.0,,0,0,0,,0.0,,0,0,0,,0.0,,0,0,0,40,50,0,0,0,0,0.0593
2026-07-30T05:28:50.700Z,31.13,67.85,437.84,0,1,39,24.1,58.69,,954.5,0,0,27.89,63.19,493.92,0,1,64,23.36,73.32,487.62,0,0,65280,17.05,79.25,458.67,0,1,54,23.18,67.93,491.21,0,2,71,,0.0,,0,0,0,,0.0,,0,0,0,,0.0,,0,0,0,40,50,0,0,0,0,0.0593
2026-07-30T05:28:55.698Z,31.12,67.87,437.36,0,1,39,24.1,58.85,,954.4,0,0,27.88,62.7,493.03,0,1,64,23.35,73.28,486.89,0,0,65280,17.05,79.3,459.21,0,1,54,23.18,68.12,491.89,0,2,71,,0.0,,0,0,0,,0.0,,0,0,0,,0.0,,0,0,0,40,50,0,0,0,0,0.0593
2026-07-30T05:29:00.697Z,31.12,67.83,434.52,0,1,28,24.1,59.0,,954.5,0,0,27.87,62.23,492.23,0,1,64,23.35,73.23,485.85,0,0,65280,17.06,79.35,459.68,0,1,54,23.19,68.29,492.5,0,2,71,,0.0,,0,0,0,,0.0,,0,0,0,,0.0,,0,0,0,40,50,0,0,0,0,0.0593
2026-07-30T05:29:05.698Z,31.12,67.8,431.07,0,1,21,24.1,59.15,,954.5,0,0,27.86,61.8,491.5,0,1,64,23.34,73.15,484.54,0,0,65280,17.06,79.41,460.12,0,1,54,23.19,68.45,493.05,0,2,71,,0.0,,0,0,0,,0.0,,0,0,0,,0.0,,0,0,0,40,50,0,0,0,0,0.0593
2026-07-30T05:29:10.698Z,31.12,67.78,427.96,0,1,19,24.1,59.29,,954.5,0,0,27.83,61.4,490.85,0,1,64,23.32,73.07,482.97,0,0,0,17.05,79.46,460.5,0,1,54,23.19,68.62,493.54,0,2,71,,0.0,,0,0,0,,0.0,,0,0,0,,0.0,,0,0,0,40,50,0,0,0,0,0.0593
2026-07-30T05:29:15.698Z,31.11,67.77,426.67,0,1,30,24.1,59.41,,954.4,0,0,27.8,61.06,490.27,0,1,64,23.31,72.99,481.18,0,0,0,17.05,79.51,460.85,0,1,54,23.19,68.76,493.99,0,2,71,,0.0,,0,0,0,,0.0,,0,0,0,,0.0,,0,0,0,40,50,0,0,0,0,0.0593
2026-07-30T05:29:20.698Z,31.12,67.77,424.9,0,1,28,24.1,59.52,,954.4,0,0,27.77,60.75,489.74,0,1,64,23.3,72.91,479.18,0,128,65535,17.04,79.56,461.17,0,1,54,23.19,68.89,494.39,0,2,71,,0.0,,0,0,0,,0.0,,0,0,0,,0.0,,0,0,0,40,50,0,0,0,0,0.0593
2026-07-30T05:29:25.697Z,31.13,67.78,424.71,0,1,34,24.1,59.63,,954.5,0,0,27.73,60.49,489.27,0,1,64,23.29,72.83,477.0,0,128,65535,17.04,79.6,461.45,0,1,54,23.18,68.98,494.75,0,2,71,,0.0,,0,0,0,,0.0,,0,0,0,,0.0,,0,0,0,40,50,0,0,0,0,0.0593
2026-07-30T05:29:30.697Z,31.14,67.78,425.44,0,1,38,24.1,59.7,,954.5,0,0,27.69,60.26,488.84,0,1,64,23.28,72.75,474.66,0,128,65535,17.04,79.64,461.71,0,1,54,23.17,69.05,495.08,0,2,71,,0.0,,0,0,0,,0.0,,0,0,0,,0.0,,0,0,0,40,50,0,0,0,0,0.0593
2026-07-30T05:29:35.697Z,31.14,67.79,427.39,0,1,44,24.1,59.77,,954.5,0,0,27.64,60.06,488.46,0,1,64,23.26,72.68,472.17,0,128,65535,17.03,79.69,461.94,0,1,54,23.16,69.1,495.37,0,2,71,,0.0,,0,0,0,,0.0,,0,0,0,,0.0,,0,0,0,40,50,0,0,0,0,0.0593
2026-07-30T05:29:40.697Z,31.15,67.8,424.95,0,1,25,24.1,59.83,,954.4,0,0,27.59,59.9,488.11,0,1,64,23.26,72.6,469.54,0,128,65535,17.03,79.72,462.14,0,1,54,23.14,69.15,495.63,0,2,71,,0.0,,0,0,0,,0.0,,0,0,0,,0.0,,0,0,0,40,50,0,0,0,0,0.0593
2026-07-30T05:29:45.698Z,31.15,67.81,424.16,0,1,31,24.1,59.85,,954.4,0,0,27.52,59.76,487.8,0,1,64,23.25,72.53,466.8,0,128,65535,17.03,79.75,462.33,0,1,54,23.13,69.2,495.87,0,2,71,,0.0,,0,0,0,,0.0,,0,0,0,,0.0,,0,0,0,40,50,0,0,0,0,0.0593
2026-07-30T05:29:50.697Z,31.16,67.82,423.84,0,1,33,24.1,59.88,,954.4,0,0,27.45,59.63,487.52,0,1,64,23.25,72.47,463.94,0,128,65535,17.02,79.77,462.5,0,1,54,23.11,69.24,496.08,0,2,71,,0.0,,0,0,0,,0.0,,0,0,0,,0.0,,0,0,0,40,50,0,0,0,0,0.0593
2026-07-30T05:29:55.697Z,31.17,67.81,422.66,0,1,29,24.1,59.91,,954.4,0,0,27.39,59.55,478.77,0,1,0,23.23,72.37,460.99,0,128,65535,17.01,79.81,456.25,0,1,24,23.1,69.28,486.47,0,1,3,,0.0,,0,0,0,,0.0,,0,0,0,,0.0,,0,0,0,40,50,0,0,0,0,0.0593
2026-07-30T05:30:00.697Z,31.19,67.8,421.29,0,1,28,24.1,59.94,,954.4,0,0,27.32,59.48,470.89,0,1,10,23.22,72.26,457.95,0,128,65535,17.0,79.85,450.62,0,1,16,23.09,69.33,477.83,0,1,13,,0.0,,0,0,0,,0.0,,0,0,0,,0.0,,0,0,0,40,50,0,0,0,0,0.0593
2026-07-30T05:30:05.703Z,31.19,67.79,422.36,0,1,38,24.1,59.96,,954.4,0,0,27.25,59.45,464.1,0,1,25,23.21,72.14,454.84,0,128,65535,17.0,79.88,445.56,0,1,21,23.08,69.34,470.04,0,1,10,,0.0,,0,0,0,,0.0,,0,0,0,,0.0,,0,0,0,40,50,0,0,0,0,0.0593
2026-07-30T05:30:10.770Z,31.19,67.78,422.63,0,1,35,24.1,59.96,,954.4,0,0,27.18,59.41,459.59,0,1,32,23.2,72.02,451.65,0,128,65535,17.0,79.91,441.7,0,1,27,23.07,69.36,465.04,0,1,33,,0.0,,0,0,0,,0.0,,0,0,0,,0.0,,0,0,0,40,50,0,0,0,0,0.0593
2026-07-30T05:30:15.703Z,31.2,67.77,426.46,0,1,52,24.1,59.95,,954.4,0,0,27.13,59.38,453.63,0,1,22,23.18,71.92,448.4,0,128,65535,17.0,79.94,437.53,0,1,21,23.07,69.34,460.64,0,1,33,,0.0,,0,0,0,,0.0,,0,0,0,,0.0,,0,0,0,40,50,0,0,0,0,0.0593
2026-07-30T05:30:20.698Z,31.2,67.77,430.02,0,1,52,24.1,59.95,,954.4,0,0,27.07,59.35,454.07,0,1,50,23.16,71.83,445.09,0,128,65535,17.0,79.97,433.78,0,1,23,23.06,69.33,454.57,0,1,23,,0.0,,0,0,0,,0.0,,0,0,0,,0.0,,0,0,0,40,50,0,0,0,0,0.0593
2026-07-30T05:30:25.699Z,31.21,67.78,431.12,0,1,42,24.1,59.93,,954.4,0,0,27.03,59.34,451.56,0,1,37,23.15,71.73,441.73,0,128,65535,17.01,79.96,431.4,0,1,28,23.05,69.31,451.21,0,1,33,,0.0,,0,0,0,,0.0,,0,0,0,,0.0,,0,0,0,40,50,0,0,0,0,0.0593
2026-07-30T05:30:30.697Z,31.22,67.78,432.8,0,1,46,24.1,59.92,,954.4,0,0,26.98,59.32,448.81,0,1,34,23.15,71.63,438.32,0,128,65535,17.02,79.95,428.26,0,1,21,23.05,69.29,446.99,0,1,28,,0.0,,0,0,0,,0.0,,0,0,0,,0.0,,0,0,0,40,50,0,0,0,0,0.0593
2026-07-30T05:30:35.705Z,31.23,67.77,433.12,0,1,40,24.1,59.89,,954.4,0,0,26.94,59.3,444.23,0,1,25,23.14,71.54,434.87,0,128,65535,17.02,79.93,429.04,0,1,40,23.04,69.26,442.29,0,1,20,,0.0,,0,0,0,,0.0,,0,0,0,,0.0,,0,0,0,40,50,0,0,0,0,0.0593
2026-07-30T05:30:40.697Z,31.23,67.75,434.41,0,1,44,24.1,59.84,,954.4,0,0,26.92,59.27,440.9,0,1,29,23.13,71.42,431.38,0,1,0,17.03,79.9,426.63,0,1,26,23.05,69.2,438.06,0,1,24,,0.0,,0,0,0,,0.0,,0,0,0,,0.0,,0,0,0,40,50,0,0,0,0,0.0593
2026-07-30T05:30:45.780Z,31.23,67.74,435.37,0,1,44,24.1,59.79,,954.4,0,0,26.9,59.22,437.11,0,1,25,23.12,71.29,428.24,0,1,0,17.03,79.87,424.97,0,1,28,23.05,69.14,435.96,0,1,31,,0.0,,0,0,0,,0.0,,0,0,0,,0.0,,0,0,0,40,50,0,0,0,0,0.0593
2026-07-30T05:30:50.701Z,31.24,67.71,436.73,0,1,46,24.1,59.73,,954.4,0,0,26.88,59.16,436.4,0,1,37,23.1,71.18,425.42,0,1,19,17.04,79.83,424.17,0,1,31,23.06,69.08,434.76,0,1,34,,0.0,,0,0,0,,0.0,,0,0,0,,0.0,,0,0,0,40,50,0,0,0,0,0.0593
2026-07-30T05:30:55.698Z,31.23,67.67,438.16,0,1,47,24.1,59.66,,954.4,0,0,26.86,59.1,435.86,0,1,38,23.09,71.06,423.08,0,1,25,17.05,79.79,424.35,0,1,35,23.06,69.0,432.79,0,1,30,,0.0,,0,0,0,,0.0,,0,0,0,,0.0,,0,0,0,40,50,0,0,0,0,0.0593
2026-07-30T05:31:00.703Z,31.23,67.67,438.14,0,1,41,24.1,59.61,,954.4,0,0,26.84,59.04,434.88,0,1,35,23.08,70.95,420.77,0,1,17,17.05,79.75,423.72,0,1,32,23.07,68.93,429.51,0,1,19,,0.0,,0,0,0,,0.0,,0,0,0,,0.0,,0,0,0,40,50,0,0,0,0,0.0593
2026-07-30T05:31:05.711Z,31.23,67.67,434.33,0,1,18,24.1,59.56,,954.4,0,0,26.84,58.96,435.49,0,1,42,23.09,70.83,420.26,0,2,65358,17.06,79.69,421.35,0,1,22,23.07,68.84,428.56,0,1,33,,0.0,,0,0,0,,0.0,,0,0,0,,0.0,,0,0,0,40,50,0,0,0,0,0.0593
2026-07-30T05:31:10.702Z,31.21,67.65,432.8,0,1,32,24.1,59.49,,954.4,0,0,26.85,58.88,435.84,0,1,41,23.1,70.69,421.37,0,2,132,17.06,79.63,421.11,0,1,32,23.07,68.73,426.8,0,1,28,,0.0,,0,0,0,,0.0,,0,0,0,,0.0,,0,0,0,40,50,0,0,0,0,0.0593
2026-07-30T05:31:15.702Z,31.21,67.66,431.42,0,1,32,24.1,59.43,,954.5,0,0,26.85,58.77,437.06,0,1,46,23.11,70.54,423.93,0,1,45,17.06,79.58,420.1,0,1,28,23.08,68.63,426.42,0,1,34,,0.0,,0,0,0,,0.0,,0,0,0,,0.0,,0,0,0,40,50,0,0,0,0,0.0593
2026-07-30T05:31:20.743Z,31.21,67.66,429.08,0,1,27,24.1,59.38,,954.5,0,0,26.86,58.67,436.15,0,1,36,23.12,70.41,424.94,0,1,22,17.07,79.53,419.99,0,1,32,23.08,68.54,426.38,0,1,35,,0.0,,0,0,0,,0.0,,0,0,0,,0.0,,0,0,0,40,50,0,0,0,0,0.0593
2026-07-30T05:31:25.701Z,31.2,67.66,427.07,0,1,28,24.1,59.31,,954.4,0,0,26.86,58.56,435.03,0,1,35,23.13,70.28,424.54,0,1,33,17.07,79.49,417.99,0,1,22,23.08,68.43,425.44,0,1,31,,0.0,,0,0,0,,0.0,,0,0,0,,0.0,,0,0,0,40,50,0,0,0,0,0.0593
2026-07-30T05:31:30.701Z,31.19,67.62,425.36,0,1,28,24.1,59.23,,954.4,0,0,26.87,58.44,433.43,0,1,32,23.14,70.13,423.69,0,1,31,17.07,79.45,417.19,0,1,28,23.08,68.32,424.7,0,1,32,,0.0,,0,0,0,,0.0,,0,0,0,,0.0,,0,0,0,40,50,0,0,0,0,0.0593
2026-07-30T05:31:35.700Z,31.18,67.6,424.52,0,1,31,24.1,59.16,,954.4,0,0,26.89,58.32,431.99,0,1,32,23.16,70.0,422.92,0,1,31,17.08,79.42,416.47,0,1,28,23.08,68.22,424.03,0,1,32,,0.0,,0,0,0,,0.0,,0,0,0,,0.0,,0,0,0,40,50,0,0,0,0,0.0593
2026-07-30T05:31:40.699Z,31.17,67.58,424.07,0,1,33,24.1,59.07,,954.4,0,0,26.9,58.17,430.99,0,1,34,23.18,69.81,423.23,0,1,35,17.08,79.38,415.83,0,1,28,23.08,68.1,424.72,0,1,37,,0.0,,0,0,0,,0.0,,0,0,0,,0.0,,0,0,0,40,50,0,0,0,0,0.0593
2026-07-30T05:31:45.701Z,31.18,67.56,423.87,0,1,33,24.1,58.98,,954.4,0,0,26.92,58.01,430.09,0,1,34,23.21,69.63,423.51,0,1,35,17.07,79.36,415.24,0,1,28,23.07,67.98,425.35,0,1,37,,0.0,,0,0,0,,0.0,,0,0,0,,0.0,,0,0,0,40,50,0,0,0,0,0.0593
2026-07-30T05:31:50.700Z,31.18,67.54,423.08,0,1,31,24.1,58.9,,954.4,0,0,26.94,57.85,429.28,0,1,34,23.23,69.46,423.75,0,1,35,17.06,79.33,414.72,0,1,28,23.06,67.87,425.92,0,1,37,,0.0,,0,0,0,,0.0,,0,0,0,,0.0,,0,0,0,40,50,0,0,0,0,0.0593
2026-07-30T05:31:55.700Z,31.18,67.51,423.97,0,1,38,24.1,58.81,,954.4,0,0,26.95,57.69,428.55,0,1,34,23.26,69.27,423.98,0,1,35,17.07,79.31,414.25,0,1,28,23.06,67.75,426.43,0,1,37,,0.0,,0,0,0,,0.0,,0,0,0,,0.0,,0,0,0,40,50,0,0,0,0,0.0593
2026-07-30T05:32:00.700Z,31.18,67.47,422.27,0,1,27,24.1,58.73,,954.4,0,0,26.97,57.54,427.9,0,1,34,23.28,69.09,424.18,0,1,35,17.07,79.29,413.82,0,1,28,23.05,67.65,426.88,0,1,37,,0.0,,0,0,0,,0.0,,0,0,0,,0.0,,0,0,0,40,50,0,0,0,0,0.0593
2026-07-30T05:32:05.700Z,31.18,67.45,423.35,0,1,39,24.1,58.64,,954.3,0,0,26.97,57.4,427.31,0,1,34,23.3,68.91,424.36,0,1,35,17.06,79.26,413.44,0,1,28,23.03,67.54,427.29,0,1,37,,0.0,,0,0,0,,0.0,,0,0,0,,0.0,,0,0,0,40,50,0,0,0,0,0.0593
2026-07-30T05:32:10.699Z,31.19,67.45,427.91,0,1,56,24.1,58.56,,954.4,0,0,26.97,57.26,426.78,0,1,34,23.31,68.75,424.53,0,1,35,17.06,79.21,413.1,0,1,28,23.02,67.44,427.66,0,1,37,,0.0,,0,0,0,,0.0,,0,0,0,,0.0,,0,0,0,40,50,0,0,0,0,0.0593
2026-07-30T05:32:15.700Z,31.19,67.46,429.32,0,1,43,24.1,58.47,,954.3,0,0,26.97,57.13,426.3,0,1,34,23.32,68.57,424.67,0,1,35,17.05,79.16,412.79,0,1,28,23.01,67.33,428.0,0,1,37,,0.0,,0,0,0,,0.0,,0,0,0,,0.0,,0,0,0,40,50,0,0,0,0,0.0593
2026-07-30T05:32:20.700Z,31.19,67.5,429.89,0,1,39,24.1,58.38,,954.3,0,0,26.95,57.01,425.87,0,1,34,23.32,68.38,424.81,0,1,35,17.05,79.11,412.51,0,1,28,23.0,67.24,428.3,0,1,37,,0.0,,0,0,0,,0.0,,0,0,0,,0.0,,0,0,0,40,50,0,0,0,0,0.0593
2026-07-30T05:32:25.699Z,31.19,67.53,434.6,0,1,60,24.1,58.28,,954.3,0,0,26.92,56.9,425.48,0,1,34,23.33,68.21,424.93,0,1,35,17.04,79.06,412.26,0,1,28,22.99,67.16,428.57,0,1,37,,0.0,,0,0,0,,0.0,,0,0,0,,0.0,,0,0,0,40,50,0,0,0,0,0.0593
2026-07-30T05:32:30.699Z,31.19,67.55,439.74,0,2,65,24.1,58.19,,954.3,0,0,26.9,56.8,425.13,0,1,34,23.34,68.06,425.03,0,1,35,17.04,79.02,412.03,0,1,28,22.98,67.08,428.81,0,1,37,,0.0,,0,0,0,,0.0,,0,0,0,,0.0,,0,0,0,40,50,0,0,0,0,0.0593
2026-07-30T05:32:35.699Z,31.19,67.57,444.07,0,1,63,24.1,58.11,,954.4,0,0,26.87,56.72,424.82,0,1,34,23.33,67.91,425.13,0,1,35,17.03,78.98,411.83,0,1,28,22.97,67.0,429.03,0,1,37,,0.0,,0,0,0,,0.0,,0,0,0,,0.0,,0,0,0,40,50,0,0,0,0,0.0593
2026-07-30T05:32:40.699Z,31.19,67.58,447.16,0,1,59,24.1,58.03,,954.3,0,0,26.83,56.66,424.54,0,1,34,23.33,67.78,425.22,0,1,35,17.03,78.95,411.65,0,1,28,22.96,66.92,429.23,0,1,37,,0.0,,0,0,0,,0.0,,0,0,0,,0.0,,0,0,0,40,50,0,0,0,0,0.0593
2026-07-30T05:32:45.699Z,31.19,67.57,448.04,0,1,50,24.1,57.95,,954.4,0,0,26.8,56.61,424.28,0,1,34,23.32,67.65,425.3,0,1,35,17.03,78.92,411.48,0,1,28,22.96,66.84,429.4,0,1,37,,0.0,,0,0,0,,0.0,,0,0,0,,0.0,,0,0,0,40,50,0,0,0,0,0.0593
2026-07-30T05:32:50.699Z,31.18,67.55,447.84,0,1,45,24.1,57.86,,954.4,0,0,26.76,56.58,424.06,0,1,34,23.31,67.53,425.37,0,1,35,17.01,78.89,410.33,0,1,24,22.95,66.76,429.56,0,1,37,,0.0,,0,0,0,,0.0,,0,0,0,,0.0,,0,0,0,40,50,0,0,0,0,0.0593
2026-07-30T05:32:55.699Z,31.18,67.52,447.36,0,1,43,24.1,57.79,,954.4,0,0,26.73,56.55,423.85,0,1,34,23.3,67.42,425.43,0,1,35,17.0,78.86,409.3,0,1,19,22.95,66.68,429.71,0,1,37,,0.0,,0,0,0,,0.0,,0,0,0,,0.0,,0,0,0,40,50,0,0,0,0,0.0593
2026-07-30T05:33:00.698Z,31.18,67.47,448.12,0,1,49,24.1,57.71,,954.4,0,0,26.68,56.53,423.67,0,1,34,23.29,67.31,425.49,0,1,35,16.99,78.85,408.37,0,1,18,22.93,66.6,429.84,0,1,37,,0.0,,0,0,0,,0.0,,0,0,0,,0.0,,0,0,0,40,50,0,0,0,0,0.0593
2026-07-30T05:33:05.698Z,31.18,67.42,448.61,0,1,48,24.1,57.64,,954.4,0,0,26.64,56.5,423.5,0,1,34,23.28,67.22,425.54,0,1,35,16.98,78.83,407.53,0,1,18,22.92,66.53,429.95,0,1,37,,0.0,,0,0,0,,0.0,,0,0,0,,0.0,,0,0,0,40,50,0,0,0,0,0.0593
2026-07-30T05:33:10.698Z,31.17,67.41,447.45,0,1,41,24.1,57.55,,954.4,0,0,26.59,56.5,423.35,0,1,34,23.26,67.16,425.58,0,1,35,16.98,78.81,406.78,0,1,20,22.91,66.46,430.06,0,1,37,,0.0,,0,0,0,,0.0,,0,0,0,,0.0,,0,0,0,40,50,0,0,0,0,0.0593
2026-07-30T05:33:15.699Z,31.17,67.44,449.6,0,1,56,24.1,57.47,,954.4,0,0,26.53,56.51,423.21,0,1,34,23.25,67.09,425.63,0,1,35,16.97,78.78,406.6,0,1,26,22.9,66.38,430.15,0,1,37,,0.0,,0,0,0,,0.0,,0,0,0,,0.0,,0,0,0,40,50,0,0,0,0,0.0593
2026-07-30T05:33:20.707Z,31.17,67.48,445.84,0,1,29,24.1,57.38,,954.4,0,0,26.48,56.53,423.09,0,1,34,23.22,67.02,425.23,0,0,256,16.96,78.74,406.34,0,1,25,22.88,66.31,430.24,0,1,37,,0.0,,0,0,0,,0.0,,0,0,0,,0.0,,0,0,0,40,50,0,0,0,0,0.0593
2026-07-30T05:33:25.699Z,31.16,67.53,445.26,0,1,42,24.1,57.29,,954.4,0,0,26.42,56.56,422.98,0,1,34,23.2,66.95,424.44,0,0,0,16.96,78.7,405.91,0,1,35,22.86,66.24,430.31,0,1,37,,0.0,,0,0,0,,0.0,,0,0,0,,0.0,,0,0,0,40,50,0,0,0,0,0.0593
2026-07-30T05:33:30.699Z,31.15,67.56,444.43,0,1,40,24.1,57.21,,954.4,0,0,26.36,56.59,422.89,0,1,34,23.18,66.91,423.3,0,0,0,16.97,78.65,405.32,0,1,20,22.85,66.17,430.38,0,1,37,,0.0,,0,0,0,,0.0,,0,0,0,,0.0,,0,0,0,40,50,0,0,0,0,0.0593
2026-07-30T05:33:35.698Z,31.15,67.61,444.49,0,1,44,24.1,57.13,,954.4,0,0,26.3,56.63,422.8,0,1,34,23.16,66.86,421.83,0,0,0,16.97,78.59,405.88,0,1,29,22.85,66.09,430.44,0,1,37,,0.0,,0,0,0,,0.0,,0,0,0,,0.0,,0,0,0,40,50,0,0,0,0,0.0593
2026-07-30T05:33:40.698Z,31.14,67.65,446.74,0,1,55,24.1,57.06,,954.4,0,0,26.25,56.67,422.72,0,1,34,23.15,66.81,420.08,0,0,0,16.97,78.54,406.4,0,1,29,22.84,66.02,430.5,0,1,37,,0.0,,0,0,0,,0.0,,0,0,0,,0.0,,0,0,0,40,50,0,0,0,0,0.0593
2026-07-30T05:33:45.699Z,31.14,67.68,443.77,0,1,31,24.1,56.97,,954.3,0,0,26.2,56.71,422.65,0,1,34,23.13,66.77,418.07,0,1,24,16.98,78.49,406.56,0,1,27,22.84,65.96,430.55,0,1,37,,0.0,,0,0,0,,0.0,,0,0,0,,0.0,,0,0,0,40,50,0,0,0,0,0.0593
2026-07-30T05:33:50.697Z,31.15,67.72,442.59,0,1,38,24.1,56.9,,954.3,0,0,26.15,56.75,420.38,0,1,4,23.12,66.73,416.27,0,1,11,16.98,78.44,406.7,0,1,27,22.82,65.89,427.49,0,1,9,,0.0,,0,0,0,,0.0,,0,0,0,,0.0,,0,0,0,40,50,0,0,0,0,0.0593
2026-07-30T05:33:55.703Z,31.15,67.76,441.53,0,1,38,24.1,56.83,,954.4,0,0,26.09,56.8,418.34,0,1,12,23.11,66.68,414.64,0,1,20,16.98,78.39,406.83,0,1,27,22.82,65.83,424.75,0,1,15,,0.0,,0,0,0,,0.0,,0,0,0,,0.0,,0,0,0,40,50,0,0,0,0,0.0593
2026-07-30T05:34:00.701Z,31.16,67.8,443.98,0,1,54,24.1,56.75,,954.4,0,0,26.04,56.84,416.51,0,1,14,23.1,66.63,413.48,0,1,25,16.98,78.33,406.95,0,1,27,22.82,65.75,423.97,0,1,31,,0.0,,0,0,0,,0.0,,0,0,0,,0.0,,0,0,0,40,50,0,0,0,0,0.0593
2026-07-30T05:34:05.700Z,31.16,67.83,444.48,0,1,46,24.1,56.67,,954.3,0,0,26.0,56.88,414.86,0,1,10,23.1,66.58,412.13,0,1,10,16.98,78.26,407.05,0,1,27,22.82,65.68,422.17,0,1,26,,0.0,,0,0,0,,0.0,,0,0,0,,0.0,,0,0,0,40,50,0,0,0,0,0.0593
2026-07-30T05:34:10.699Z,31.16,67.86,442.53,0,1,35,24.1,56.59,,954.3,0,0,25.96,56.92,413.37,0,1,22,23.11,66.51,413.12,0,1,33,16.99,78.19,407.15,0,1,27,22.82,65.6,421.26,0,1,29,,0.0,,0,0,0,,0.0,,0,0,0,,0.0,,0,0,0,40,50,0,0,0,0,0.0593
2026-07-30T05:34:15.697Z,31.17,67.9,441.68,0,1,39,24.1,56.51,,954.3,0,0,25.92,56.96,413.13,0,1,28,23.12,66.43,454.9,0,3,388,16.99,78.12,407.23,0,1,27,22.81,65.51,420.53,0,1,30,,0.0,,0,0,0,,0.0,,0,0,0,,0.0,,0,0,0,40,50,0,0,0,0,0.0593
2026-07-30T05:34:20.701Z,31.17,67.94,439.61,0,1,33,24.1,56.43,,954.4,0,0,25.9,56.99,415.12,0,1,38,23.12,66.34,491.81,0,3,367,16.99,78.05,407.31,0,1,27,22.81,65.42,420.78,0,1,34,,0.0,,0,0,0,,0.0,,0,0,0,,0.0,,0,0,0,40,50,0,0,0,0,0.0593
2026-07-30T05:34:25.709Z,31.17,67.97,437.95,0,1,34,24.1,56.36,,954.4,0,0,25.88,57.01,414.51,0,1,27,23.13,66.25,485.83,0,1,38,16.99,77.98,407.38,0,1,27,22.81,65.34,421.1,0,1,35,,0.0,,0,0,0,,0.0,,0,0,0,,0.0,,0,0,0,40,50,0,0,0,0,0.0593
2026-07-30T05:34:30.701Z,31.18,68.0,435.95,0,1,32,24.1,56.29,,954.4,0,0,25.87,57.02,416.86,0,1,41,23.15,66.16,480.45,0,1,38,16.98,77.92,407.44,0,1,27,22.82,65.25,422.29,0,1,39,,0.0,,0,0,0,,0.0,,0,0,0,,0.0,,0,0,0,40,50,0,0,0,0,0.0593
2026-07-30T05:34:35.702Z,31.18,68.02,437.66,0,1,48,24.1,56.22,,954.4,0,0,25.87,57.02,415.97,0,1,27,23.16,66.05,478.7,0,1,53,16.97,77.86,407.5,0,1,27,22.83,65.16,422.56,0,1,35,,0.0,,0,0,0,,0.0,,0,0,0,,0.0,,0,0,0,40,50,0,0,0,0,0.0593
2026-07-30T05:34:40.701Z,31.18,68.03,439.69,0,1,51,24.1,56.15,,954.4,0,0,25.87,56.99,416.88,0,1,35,23.19,65.94,472.73,0,1,32,16.97,77.8,407.55,0,1,27,22.84,65.06,422.9,0,1,35,,0.0,,0,0,0,,0.0,,0,0,0,,0.0,,0,0,0,40,50,0,0,0,0,0.0593
2026-07-30T05:34:45.703Z,31.18,68.03,437.42,0,1,31,24.1,56.08,,954.3,0,0,25.88,56.95,420.29,0,1,47,23.21,65.81,469.06,0,1,40,16.96,77.74,407.59,0,1,27,22.84,64.97,421.71,0,1,29,,0.0,,0,0,0,,0.0,,0,0,0,,0.0,,0,0,0,40,50,0,0,0,0,0.0593
2026-07-30T05:34:50.702Z,31.17,68.01,433.68,0,1,20,24.1,56.0,,954.4,0,0,25.89,56.9,423.16,0,1,46,23.23,65.68,465.95,0,1,41,16.95,77.67,407.63,0,1,27,22.85,64.87,420.24,0,1,27,,0.0,,0,0,0,,0.0,,0,0,0,,0.0,,0,0,0,40,50,0,0,0,0,0.0593
2026-07-30T05:34:55.699Z,31.17,67.98,430.31,0,1,22,24.09,55.92,,954.4,0,0,25.91,56.83,424.54,0,1,40,23.25,65.54,462.56,0,1,38,16.94,77.62,407.67,0,1,27,22.85,64.76,421.02,0,1,36,,0.0,,0,0,0,,0.0,,0,0,0,,0.0,,0,0,0,40,50,0,0,0,0,0.0593
2026-07-30T05:35:00.697Z,31.16,67.92,429.38,0,1,33,24.08,55.85,,954.4,0,0,25.94,56.74,424.89,0,1,36,23.28,65.4,463.1,0,1,55,16.92,77.55,407.7,0,1,27,22.86,64.66,419.82,0,1,28,,0.0,,0,0,0,,0.0,,0,0,0,,0.0,,0,0,0,40,50,0,0,0,0,0.0593
2026-07-30T05:35:05.699Z,31.15,67.93,429.74,0,1,39,24.07,55.78,,954.4,0,0,25.97,56.65,422.4,0,1,20,23.3,65.27,457.89,0,1,28,16.91,77.5,407.73,0,1,27,22.86,64.56,418.54,0,1,27,,0.0,,0,0,0,,0.0,,0,0,0,,0.0,,0,0,0,40,50,0,0,0,0,0.0593
2026-07-30T05:35:10.699Z,31.15,67.95,430.87,0,1,42,24.07,55.71,,954.4,0,0,25.99,56.55,423.46,0,1,38,23.32,65.12,456.2,0,1,42,16.9,77.45,407.76,0,1,27,22.87,64.45,417.48,0,1,27,,0.0,,0,0,0,,0.0,,0,0,0,,0.0,,0,0,0,40,50,0,0,0,0,0.0593
2026-07-30T05:35:15.700Z,31.14,67.97,432.38,0,1,45,24.06,55.64,,954.3,0,0,26.02,56.43,423.11,0,1,33,23.34,64.98,452.78,0,1,33,16.89,77.4,407.78,0,1,27,22.87,64.35,416.03,0,1,25,,0.0,,0,0,0,,0.0,,0,0,0,,0.0,,0,0,0,40,50,0,0,0,0,0.0593
2026-07-30T05:35:20.696Z,31.14,68.0,432.34,0,1,38,24.05,55.57,,954.3,0,0,26.06,56.31,423.5,0,1,36,23.37,64.84,449.9,0,1,35,16.88,77.37,407.81,0,1,27,22.87,64.25,414.73,0,1,25,,0.0,,0,0,0,,0.0,,0,0,0,,0.0,,0,0,0,40,50,0,0,0,0,0.0593
2026-07-30T05:35:25.700Z,31.14,68.04,433.41,0,1,43,24.05,55.5,,954.3,0,0,26.09,56.17,426.75,0,1,49,23.39,64.71,447.61,0,1,36,16.86,77.34,407.82,0,1,27,22.88,64.16,416.66,0,1,39,,0.0,,0,0,0,,0.0,,0,0,0,,0.0,,0,0,0,40,50,0,0,0,0,0.0593
2026-07-30T05:35:30.700Z,31.13,68.09,436.27,0,1,52,24.04,55.43,,954.3,0,0,26.13,56.03,427.88,0,1,41,23.41,64.59,445.15,0,1,34,16.85,77.31,407.84,0,1,27,22.88,64.06,415.79,0,1,27,,0.0,,0,0,0,,0.0,,0,0,0,,0.0,,0,0,0,40,50,0,0,0,0,0.0593
2026-07-30T05:35:35.710Z,31.13,68.1,438.84,0,1,52,24.04,55.37,,954.3,0,0,26.17,55.91,428.79,0,1,41,23.43,64.48,443.64,0,1,37,16.83,77.29,407.86,0,1,27,22.88,63.98,415.71,0,1,31,,0.0,,0,0,0,,0.0,,0,0,0,,0.0,,0,0,0,40,50,0,0,0,0,0.0593
2026-07-30T05:35:40.705Z,31.13,68.07,437.36,0,1,35,24.03,55.3,,954.3,0,0,26.2,55.77,430.11,0,1,43,23.44,64.34,443.07,0,1,41,16.82,77.28,407.87,0,1,27,22.88,63.89,415.84,0,1,31,,0.0,,0,0,0,,0.0,,0,0,0,,0.0,,0,0,0,40,50,0,0,0,0,0.0593
2026-07-30T05:35:45.701Z,31.12,68.02,434.32,0,1,27,24.03,55.23,,954.3,0,0,26.24,55.62,431.7,0,1,45,23.44,64.21,439.37,0,1,27,16.81,77.29,407.88,0,1,27,22.88,63.8,415.06,0,1,27,,0.0,,0,0,0,,0.0,,0,0,0,,0.0,,0,0,0,40,50,0,0,0,0,0.0593
2026-07-30T05:35:50.701Z,31.12,67.99,433.89,0,1,37,24.03,55.17,,954.4,0,0,26.28,55.47,433.13,0,1,45,23.43,64.1,453.53,0,2,120,16.8,77.32,407.9,0,1,27,22.89,63.71,416.25,0,1,36,,0.0,,0,0,0,,0.0,,0,0,0,,0.0,,0,0,0,40,50,0,0,0,0,0.0593
2026-07-30T05:35:55.705Z,31.12,67.98,433.0,0,1,35,24.03,55.1,,954.4,0,0,26.32,55.32,434.82,0,1,47,23.44,64.0,462.78,0,2,98,16.79,77.37,407.91,0,1,27,22.89,63.63,417.13,0,1,35,,0.0,,0,0,0,,0.0,,0,0,0,,0.0,,0,0,0,40,50,0,0,0,0,0.0593
2026-07-30T05:36:00.708Z,31.12,67.99,432.0,0,1,34,24.02,55.03,,954.3,0,0,26.36,55.17,436.13,0,1,46,23.44,63.91,471.75,0,2,65332,16.78,77.42,407.92,0,1,27,22.89,63.55,419.11,0,1,41,,0.0,,0,0,0,,0.0,,0,0,0,,0.0,,0,0,0,40,50,0,0,0,0,0.0593
2026-07-30T05:36:05.701Z,31.12,68.0,429.4,0,1,27,24.02,54.97,,954.3,0,0,26.39,55.01,437.72,0,1,47,23.45,63.82,480.47,0,2,106,16.78,77.47,407.92,0,1,27,22.89,63.47,421.8,0,1,45,,0.0,,0,0,0,,0.0,,0,0,0,,0.0,,0,0,0,40,50,0,0,0,0,0.0593
2026-07-30T05:36:10.700Z,31.11,68.03,430.16,0,1,40,24.02,54.9,,954.4,0,0,26.43,54.87,437.35,0,1,39,23.45,63.72,488.63,0,2,107,16.78,77.52,407.93,0,1,27,22.89,63.39,422.52,0,1,37,,0.0,,0,0,0,,0.0,,0,0,0,,0.0,,0,0,0,40,50,0,0,0,0,0.0593
2026-07-30T05:36:15.709Z,31.11,68.06,430.84,0,1,40,24.02,54.84,,954.4,0,0,26.47,54.74,436.21,0,1,35,23.46,63.64,495.06,0,2,102,16.78,77.55,407.94,0,1,27,22.89,63.32,423.07,0,1,36,,0.0,,0,0,0,,0.0,,0,0,0,,0.0,,0,0,0,40,50,0,0,0,0,0.0593
2026-07-30T05:36:20.708Z,31.11,68.06,428.96,0,1,29,24.02,54.79,,954.3,0,0,26.5,54.61,435.59,0,1,37,23.47,63.56,502.06,0,2,65327,16.79,77.58,407.94,0,1,27,22.89,63.25,422.16,0,1,30,,0.0,,0,0,0,,0.0,,0,0,0,,0.0,,0,0,0,40,50,0,0,0,0,0.0593
2026-07-30T05:36:25.700Z,31.11,68.06,428.56,0,1,35,24.01,54.73,,954.4,0,0,26.53,54.47,435.03,0,1,37,23.48,63.47,509.55,0,2,117,16.79,77.59,407.95,0,1,27,22.89,63.18,422.85,0,1,37,,0.0,,0,0,0,,0.0,,0,0,0,,0.0,,0,0,0,40,50,0,0,0,0,0.0593
2026-07-30T05:36:30.699Z,31.11,68.07,427.31,0,1,31,24.01,54.67,,954.4,0,0,26.57,54.33,432.33,0,1,27,23.49,63.37,511.1,0,2,86,16.79,77.59,407.96,0,1,27,22.89,63.11,424.56,0,1,42,,0.0,,0,0,0,,0.0,,0,0,0,,0.0,,0,0,0,40,50,0,0,0,0,0.0593
2026-07-30T05:36:35.704Z,31.11,68.06,424.58,0,1,23,24.01,54.61,,954.4,0,0,26.6,54.19,430.7,0,1,31,23.49,63.28,513.09,0,2,89,16.79,77.58,407.96,0,1,27,22.89,63.04,424.71,0,1,35,,0.0,,0,0,0,,0.0,,0,0,0,,0.0,,0,0,0,40,50,0,0,0,0,0.0593
2026-07-30T05:36:40.713Z,31.11,68.05,422.92,0,1,27,24.01,54.55,,954.4,0,0,26.63,54.05,430.93,0,1,39,23.5,63.19,517.48,0,2,104,16.79,77.57,407.96,0,1,27,22.89,62.96,425.34,0,1,38,,0.0,,0,0,0,,0.0,,0,0,0,,0.0,,0,0,0,40,50,0,0,0,0,0.0593
2026-07-30T05:36:45.697Z,31.11,68.01,422.13,0,1,30,24.01,54.49,,954.3,0,0,26.67,53.91,430.13,0,1,34,23.51,63.1,524.23,0,2,122,16.79,77.57,407.97,0,1,27,22.9,62.9,425.9,0,1,38,,0.0,,0,0,0,,0.0,,0,0,0,,0.0,,0,0,0,40,50,0,0,0,0,0.0593
2026-07-30T05:36:50.700Z,31.11,67.93,420.91,0,1,28,24.01,54.44,,954.3,0,0,26.7,53.79,430.92,0,1,41,23.52,63.02,526.01,0,2,96,16.79,77.56,407.97,0,1,27,22.9,62.84,428.81,0,1,49,,0.0,,0,0,0,,0.0,,0,0,0,,0.0,,0,0,0,40,50,0,0,0,0,0.0593
2026-07-30T05:36:55.708Z,31.11,67.83,419.22,0,1,25,24.01,54.4,,954.3,0,0,26.73,53.67,430.63,0,1,36,23.53,62.95,520.61,0,1,58,16.79,77.54,407.97,0,1,27,22.9,62.77,428.43,0,1,35,,0.0,,0,0,0,,0.0,,0,0,0,,0.0,,0,0,0,40,50,0,0,0,0,0.0593
2026-07-30T05:37:00.704Z,31.1,67.75,420.3,0,1,37,24.01,54.34,,954.4,0,0,26.76,53.55,430.17,0,1,35,23.54,62.86,516.75,0,1,63,16.79,77.52,407.98,0,1,27,22.9,62.72,426.99,0,1,30,,0.0,,0,0,0,,0.0,,0,0,0,,0.0,,0,0,0,40,50,0,0,0,0,0.0593
2026-07-30T05:37:05.698Z,31.11,67.66,421.77,0,1,40,24.01,54.29,,954.4,0,0,26.78,53.43,429.05,0,1,32,23.56,62.79,512.87,0,2,61,16.79,77.5,407.98,0,1,27,22.9,62.67,425.79,0,1,25,,0.0,,0,0,0,,0.0,,0,0,0,,0.0,,0,0,0,40,50,0,0,0,0,0.0593
2026-07-30T05:37:10.702Z,31.12,67.62,424.79,0,1,48,24.01,54.24,,954.4,0,0,26.81,53.32,429.34,0,1,38,23.57,62.7,509.28,0,1,60,16.79,77.45,407.98,0,1,27,22.9,62.6,426.41,0,1,38,,0.0,,0,0,0,,0.0,,0,0,0,,0.0,,0,0,0,40,50,0,0,0,0,0.0593
2026-07-30T05:37:15.699Z,31.12,67.57,427.11,0,1,46,24.0,54.19,,954.4,0,0,26.84,53.22,431.31,0,1,46,23.59,62.62,506.96,0,2,65,16.8,77.4,407.98,0,1,27,22.9,62.54,425.67,0,1,32,,0.0,,0,0,0,,0.0,,0,0,0,,0.0,,0,0,0,40,50,0,0,0,0,0.0593
2026-07-30T05:37:20.700Z,31.13,67.55,429.8,0,1,49,24.0,54.15,,954.4,0,0,26.87,53.12,432.08,0,1,41,23.6,62.54,503.66,0,1,59,16.79,77.36,407.98,0,1,27,22.9,62.49,426.4,0,1,38,,0.0,,0,0,0,,0.0,,0,0,0,,0.0,,0,0,0,40,50,0,0,0,0,0.0593
2026-07-30T05:37:25.700Z,31.14,67.52,428.72,0,1,32,24.0,54.12,,954.4,0,0,26.89,53.01,432.47,0,1,40,23.62,62.45,499.79,0,1,54,16.79,77.33,407.99,0,1,27,22.9,62.43,426.66,0,1,37,,0.0,,0,0,0,,0.0,,0,0,0,,0.0,,0,0,0,40,50,0,0,0,0,0.0593
2026-07-30T05:37:30.712Z,31.14,67.5,428.65,0,1,36,24.0,54.08,,954.3,0,0,26.91,52.91,433.12,0,1,41,23.64,62.38,497.91,0,1,62,16.79,77.28,407.99,0,1,27,22.9,62.36,426.1,0,1,33,,0.0,,0,0,0,,0.0,,0,0,0,,0.0,,0,0,0,40,50,0,0,0,0,0.0593
2026-07-30T05:37:35.701Z,31.15,67.48,426.79,0,1,28,24.0,54.03,,954.4,0,0,26.93,52.81,432.81,0,1,37,23.66,62.28,493.32,0,1,48,16.78,77.24,407.99,0,1,27,22.9,62.31,425.19,0,1,31,,0.0,,0,0,0,,0.0,,0,0,0,,0.0,,0,0,0,40,50,0,0,0,0,0.0593
2026-07-30T05:37:40.700Z,31.14,67.46,424.11,0,1,15,24.0,53.99,,954.4,0,0,26.95,52.71,433.23,0,1,40,23.67,62.18,492.29,0,1,63,16.77,77.18,407.99,0,1,27,22.9,62.26,425.07,0,1,34,,0.0,,0,0,0,,0.0,,0,0,0,,0.0,,0,0,0,40,50,0,0,0,0,0.0593
2026-07-30T05:37:45.702Z,31.14,67.45,421.7,0,1,24,24.0,53.95,,954.4,0,0,26.96,52.62,434.81,0,1,46,23.68,62.09,492.56,0,2,69,16.76,77.13,407.99,0,1,27,22.9,62.21,424.66,0,1,33,,0.0,,0,0,0,,0.0,,0,0,0,,0.0,,0,0,0,40,50,0,0,0,0,0.0593
2026-07-30T05:37:50.702Z,31.14,67.43,421.93,0,1,34,24.0,53.9,,954.4,0,0,26.99,52.53,434.63,0,1,39,23.69,62.01,492.91,0,1,58,16.77,77.1,407.99,0,1,27,22.9,62.16,424.89,0,1,36,,0.0,,0,0,0,,0.0,,0,0,0,,0.0,,0,0,0,40,50,0,0,0,0,0.0593
2026-07-30T05:37:55.698Z,31.15,67.42,423.53,0,1,41,24.0,53.85,,954.3,0,0,27.0,52.43,431.66,0,1,26,23.71,61.93,493.32,0,2,70,16.76,77.06,407.99,0,1,27,22.9,62.11,426.01,0,1,40,,0.0,,0,0,0,,0.0,,0,0,0,,0.0,,0,0,0,40,50,0,0,0,0,0.0593
2026-07-30T05:38:00.700Z,31.15,67.44,425.78,0,1,45,24.0,53.81,,954.4,0,0,27.01,52.34,430.4,0,1,32,23.71,61.85,494.42,0,3,510,16.77,77.02,407.99,0,1,27,22.9,62.06,425.4,0,1,33,,0.0,,0,0,0,,0.0,,0,0,0,,0.0,,0,0,0,40,50,0,0,0,0,0.0593
2026-07-30T05:38:05.706Z,31.14,67.46,427.6,0,1,44,24.0,53.77,,954.4,0,0,27.03,52.25,429.86,0,1,35,23.72,61.76,496.14,0,3,518,16.76,76.97,407.99,0,1,27,22.9,62.02,423.96,0,1,29,,0.0,,0,0,0,,0.0,,0,0,0,,0.0,,0,0,0,40,50,0,0,0,0,0.0593
2026-07-30T05:38:10.698Z,31.14,67.51,432.64,0,1,61,24.0,53.72,,954.3,0,0,27.05,52.16,431.27,0,1,44,23.74,61.69,498.43,0,2,82,16.75,76.91,407.99,0,1,27,22.9,61.96,424.77,0,1,38,,0.0,,0,0,0,,0.0,,0,0,0,,0.0,,0,0,0,40,50,0,0,0,0,0.0593
2026-07-30T05:38:15.699Z,31.13,67.56,433.88,0,1,44,24.0,53.68,,954.4,0,0,27.06,52.08,431.54,0,1,39,23.76,61.62,499.88,0,2,79,16.75,76.86,408.0,0,1,27,22.9,61.92,425.39,0,1,38,,0.0,,0,0,0,,0.0,,0,0,0,,0.0,,0,0,0,40,50,0,0,0,0,0.0593
2026-07-30T05:38:20.700Z,31.13,67.61,433.29,0,1,36,24.0,53.63,,954.4,0,0,27.07,51.99,432.19,0,1,41,23.77,61.54,500.4,0,2,75,16.74,76.82,408.0,0,1,27,22.9,61.87,426.55,0,1,40,,0.0,,0,0,0,,0.0,,0,0,0,,0.0,,0,0,0,40,50,0,0,0,0,0.0593
2026-07-30T05:38:25.708Z,31.13,67.65,435.56,0,1,49,24.0,53.59,,954.4,0,0,27.09,51.91,432.57,0,1,40,23.78,61.46,500.16,0,2,71,16.74,76.77,408.0,0,1,27,22.9,61.82,425.0,0,1,28,,0.0,,0,0,0,,0.0,,0,0,0,,0.0,,0,0,0,40,50,0,0,0,0,0.0593
2026-07-30T05:38:30.707Z,31.12,67.66,435.61,0,1,40,24.0,53.54,,954.4,0,0,27.1,51.84,432.61,0,1,39,23.81,61.38,502.94,0,2,88,16.74,76.71,408.0,0,1,27,22.9,61.77,424.3,0,1,32,,0.0,,0,0,0,,0.0,,0,0,0,,0.0,,0,0,0,40,50,0,0,0,0,0.0593
2026-07-30T05:38:35.699Z,31.12,67.65,432.04,0,1,21,24.0,53.49,,954.4,0,0,27.11,51.76,432.85,0,1,39,23.83,61.3,502.85,0,2,73,16.74,76.66,408.0,0,1,27,22.9,61.72,425.27,0,1,39,,0.0,,0,0,0,,0.0,,0,0,0,,0.0,,0,0,0,40,50,0,0,0,0,0.0593
2026-07-30T05:38:40.699Z,31.11,67.61,428.84,0,1,14,24.0,53.46,,954.4,0,0,27.12,51.68,433.57,0,1,42,23.84,61.23,500.46,0,1,61,16.74,76.6,408.0,0,1,27,22.9,61.68,426.54,0,1,41,,0.0,,0,0,0,,0.0,,0,0,0,,0.0,,0,0,0,40,50,0,0,0,0,0.0593
2026-07-30T05:38:45.708Z,31.1,67.58,425.96,0,1,17,24.0,53.41,,954.4,0,0,27.14,51.6,435.01,0,1,46,23.86,61.14,500.22,0,2,71,16.73,76.55,408.0,0,1,27,22.9,61.63,427.89,0,1,42,,0.0,,0,0,0,,0.0,,0,0,0,,0.0,,0,0,0,40,50,0,0,0,0,0.0593
2026-07-30T05:38:50.704Z,31.1,67.53,424.26,0,1,28,24.0,53.37,,954.3,0,0,27.15,51.52,435.41,0,1,41,23.87,61.05,501.89,0,2,82,16.73,76.5,408.0,0,1,27,22.9,61.58,427.5,0,1,34,,0.0,,0,0,0,,0.0,,0,0,0,,0.0,,0,0,0,40,50,0,0,0,0,0.0593
2026-07-30T05:38:55.699Z,31.1,67.55,426.33,0,1,44,24.0,53.33,,954.3,0,0,27.17,51.45,435.77,0,1,41,23.89,60.98,502.31,0,2,75,16.73,76.45,408.0,0,1,27,22.9,61.53,427.15,0,1,34,,0.0,,0,0,0,,0.0,,0,0,0,,0.0,,0,0,0,40,50,0,0,0,0,0.0593
2026-07-30T05:39:00.698Z,31.1,67.59,428.4,0,1,45,24.0,53.29,,954.3,0,0,27.18,51.38,436.29,0,1,42,23.9,60.9,503.87,0,2,82,16.72,76.41,408.0,0,1,27,22.9,61.49,425.83,0,1,30,,0.0,,0,0,0,,0.0,,0,0,0,,0.0,,0,0,0,40,50,0,0,0,0,0.0593
2026-07-30T05:39:05.700Z,31.1,67.64,425.56,0,1,15,24.0,53.25,,954.4,0,0,27.19,51.32,434.96,0,1,34,23.96,60.83,505.09,0,2,81,16.72,76.37,408.0,0,1,27,22.9,61.44,425.75,0,1,35,,0.0,,0,0,0,,0.0,,0,0,0,,0.0,,0,0,0,40,50,0,0,0,0,0.0593
2026-07-30T05:39:10.705Z,31.1,67.67,427.6,0,1,45,24.0,53.21,,954.4,0,0,27.2,51.25,437.27,0,1,50,24.01,60.77,505.38,0,2,76,16.72,76.33,408.0,0,1,27,22.9,61.39,424.67,0,1,30,,0.0,,0,0,0,,0.0,,0,0,0,,0.0,,0,0,0,40,50,0,0,0,0,0.0593
2026-07-30T05:39:15.697Z,31.1,67.71,425.34,0,1,26,24.0,53.18,,954.4,0,0,27.21,51.2,439.34,0,1,50,24.06,60.71,505.64,0,2,76,16.72,76.3,408.0,0,1,27,22.9,61.36,423.71,0,1,30,,0.0,,0,0,0,,0.0,,0,0,0,,0.0,,0,0,0,40,50,0,0,0,0,0.0593
2026-07-30T05:39:20.697Z,31.1,67.74,424.21,0,1,30,24.0,53.14,,954.4,0,0,27.22,51.13,441.21,0,1,50,24.05,60.65,505.38,0,2,74,16.72,76.26,408.0,0,1,27,22.9,61.31,422.84,0,1,30,,0.0,,0,0,0,,0.0,,0,0,0,,0.0,,0,0,0,40,50,0,0,0,0,0.0593
2026-07-30T05:39:25.704Z,31.1,67.76,421.79,0,1,21,24.0,53.12,,954.4,0,0,27.23,51.07,442.89,0,1,50,24.05,60.59,505.14,0,2,74,16.71,76.22,408.0,0,1,27,22.9,61.26,422.05,0,1,30,,0.0,,0,0,0,,0.0,,0,0,0,,0.0,,0,0,0,40,50,0,0,0,0,0.0593
2026-07-30T05:39:30.700Z,31.1,67.76,420.61,0,1,28,24.0,53.1,,954.4,0,0,27.24,51.01,444.4,0,1,50,24.04,60.54,501.49,0,2,78,16.71,76.19,408.0,0,1,27,22.9,61.21,421.35,0,1,30,,0.0,,0,0,0,,0.0,,0,0,0,,0.0,,0,0,0,40,50,0,0,0,0,0.0593
2026-07-30T05:39:35.699Z,31.1,67.72,418.55,0,1,20,24.0,53.08,,954.4,0,0,27.24,50.96,445.76,0,1,50,24.04,60.5,494.78,0,2,78,16.71,76.16,408.0,0,1,27,22.9,61.17,420.71,0,1,30,,0.0,,0,0,0,,0.0,,0,0,0,,0.0,,0,0,0,40,50,0,0,0,0,0.0593
2026-07-30T05:39:40.697Z,31.1,67.69,420.99,0,1,43,24.0,53.04,,954.4,0,0,27.25,50.9,441.18,0,1,0,24.04,60.46,485.3,0,1,18,16.71,76.14,407.2,0,1,0,22.9,61.12,418.64,0,1,13,,0.0,,0,0,0,,0.0,,0,0,0,,0.0,,0,0,0,40,50,0,0,0,0,0.0593
2026-07-30T05:39:45.708Z,31.1,67.68,420.79,0,1,32,24.0,53.01,,954.3,0,0,27.24,50.85,438.26,0,1,29,24.03,60.42,477.47,0,1,27,16.72,76.1,406.48,0,1,19,22.9,61.09,416.78,0,1,20,,0.0,,0,0,0,,0.0,,0,0,0,,0.0,,0,0,0,40,50,0,0,0,0,0.0593
2026-07-30T05:39:50.706Z,31.1,67.68,419.12,0,1,26,24.0,52.97,,954.4,0,0,27.23,50.81,435.94,0,1,30,24.03,60.42,470.12,0,1,26,16.72,76.06,405.83,0,1,20,22.9,61.05,415.4,0,1,25,,0.0,,0,0,0,,0.0,,0,0,0,,0.0,,0,0,0,40,50,0,0,0,0,0.0593
2026-07-30T05:39:55.699Z,31.1,67.66,418.9,0,1,31,24.0,52.95,,954.3,0,0,27.22,50.8,432.34,0,1,22,24.03,60.46,467.31,0,1,43,16.72,76.04,405.75,0,1,26,22.91,61.03,414.86,0,1,28,,0.0,,0,0,0,,0.0,,0,0,0,,0.0,,0,0,0,40,50,0,0,0,0,0.0593
2026-07-30T05:40:00.703Z,31.1,67.62,419.01,0,1,32,24.0,52.92,,954.3,0,0,27.2,50.81,429.11,0,1,22,24.03,60.49,461.08,0,1,26,16.72,76.02,405.17,0,1,22,22.91,60.99,413.37,0,1,20,,0.0,,0,0,0,,0.0,,0,0,0,,0.0,,0,0,0,40,50,0,0,0,0,0.0593
2026-07-30T05:40:05.709Z,31.1,67.61,417.11,0,1,11,24.0,52.9,,954.3,0,0,27.19,50.82,427.2,0,1,28,24.04,60.52,456.47,0,1,30,16.73,76.01,404.86,0,1,24,22.91,60.97,413.34,0,1,30,,0.0,,0,0,0,,0.0,,0,0,0,,0.0,,0,0,0,40,50,0,0,0,0,0.0593
2026-07-30T05:40:10.701Z,31.1,67.57,418.8,0,1,39,24.0,52.88,,954.3,0,0,27.17,50.82,425.98,0,1,30,24.05,60.55,451.62,0,1,27,16.74,76.01,405.27,0,1,28,22.92,60.95,412.2,0,1,25,,0.0,,0,0,0,,0.0,,0,0,0,,0.0,,0,0,0,40,50,0,0,0,0,0.0593
2026-07-30T05:40:15.697Z,31.1,67.54,419.12,0,1,33,24.0,52.87,,954.3,0,0,27.16,50.83,424.88,0,1,30,24.05,60.58,449.16,0,1,36,16.74,76.0,404.74,0,1,20,22.92,60.94,412.28,0,1,29,,0.0,,0,0,0,,0.0,,0,0,0,,0.0,,0,0,0,40,50,0,0,0,0,0.0593
2026-07-30T05:40:20.702Z,31.1,67.51,421.31,0,1,42,24.0,52.88,,954.3,0,0,27.14,50.85,423.49,0,1,29,24.06,60.6,486.85,0,3,375,16.75,75.98,405.17,0,1,28,22.92,60.95,413.75,0,1,36,,0.0,,0,0,0,,0.0,,0,0,0,,0.0,,0,0,0,40,50,0,0,0,0,0.0593
2026-07-30T05:40:25.701Z,31.1,67.51,423.58,0,1,44,24.0,52.88,,954.3,0,0,27.13,50.86,423.94,0,1,36,24.07,60.61,521.66,0,3,402,16.76,75.96,406.65,0,1,33,22.93,60.95,413.88,0,1,30,,0.0,,0,0,0,,0.0,,0,0,0,,0.0,,0,0,0,40,50,0,0,0,0,0.0593
2026-07-30T05:40:30.701Z,31.1,67.5,426.12,0,1,46,24.0,52.89,,954.3,0,0,27.11,50.89,424.65,0,1,38,24.08,60.62,512.29,0,1,36,16.76,75.92,406.49,0,1,26,22.94,60.95,412.49,0,1,22,,0.0,,0,0,0,,0.0,,0,0,0,,0.0,,0,0,0,40,50,0,0,0,0,0.0593
2026-07-30T05:40:35.739Z,31.1,67.52,428.81,0,1,48,24.0,52.91,,954.4,0,0,27.11,50.92,423.78,0,1,31,24.09,60.61,503.17,0,1,33,16.76,75.9,407.04,0,1,29,22.94,60.94,413.14,0,1,32,,0.0,,0,0,0,,0.0,,0,0,0,,0.0,,0,0,0,40,50,0,0,0,0,0.0593
2026-07-30T05:40:40.702Z,31.1,67.54,429.33,0,1,39,24.0,52.92,,954.3,0,0,27.11,50.95,423.01,0,1,31,24.11,60.58,492.85,0,1,22,16.77,75.88,408.33,0,1,33,22.95,60.94,413.83,0,1,33,,0.0,,0,0,0,,0.0,,0,0,0,,0.0,,0,0,0,40,50,0,0,0,0,0.0593
2026-07-30T05:40:45.788Z,31.1,67.55,431.09,0,1,45,24.0,52.93,,954.3,0,0,27.11,50.97,423.9,0,1,38,24.11,60.55,484.86,0,1,30,16.77,75.86,407.5,0,1,22,22.96,60.94,413.14,0,1,27,,0.0,,0,0,0,,0.0,,0,0,0,,0.0,,0,0,0,40,50,0,0,0,0,0.0593
2026-07-30T05:40:50.702Z,31.1,67.57,431.29,0,1,39,24.0,52.94,,954.3,0,0,27.11,50.99,425.61,0,1,42,24.12,60.51,478.78,0,1,34,16.77,75.85,407.25,0,1,26,22.96,60.93,413.63,0,1,32,,0.0,,0,0,0,,0.0,,0,0,0,,0.0,,0,0,0,40,50,0,0,0,0,0.0593
2026-07-30T05:40:55.772Z,31.1,67.58,431.06,0,1,37,24.0,52.94,,954.3,0,0,27.11,51.01,425.25,0,1,33,24.13,60.48,472.3,0,1,30,16.78,75.83,408.13,0,1,31,22.96,60.93,414.47,0,1,33,,0.0,,0,0,0,,0.0,,0,0,0,,0.0,,0,0,0,40,50,0,0,0,0,0.0593
2026-07-30T05:41:00.708Z,31.1,67.56,429.55,0,1,31,24.0,52.94,,954.4,0,0,27.11,51.01,425.43,0,1,36,24.14,60.44,466.67,0,1,31,16.79,75.81,409.71,0,1,34,22.97,60.92,414.92,0,1,32,,0.0,,0,0,0,,0.0,,0,0,0,,0.0,,0,0,0,40,50,0,0,0,0,0.0593
2026-07-30T05:41:05.817Z,31.1,67.55,429.6,0,1,37,24.0,52.93,,954.3,0,0,27.11,51.01,425.18,0,1,34,24.14,60.4,460.6,0,1,26,16.8,75.79,408.74,0,1,23,22.97,60.9,414.73,0,1,29,,0.0,,0,0,0,,0.0,,0,0,0,,0.0,,0,0,0,40,50,0,0,0,0,0.0593
2026-07-30T05:41:10.696Z,31.1,67.53,429.44,0,1,36,24.0,52.93,,954.3,0,0,27.11,51.01,425.57,0,1,37,24.15,60.36,459.04,0,1,44,16.8,75.76,409.17,0,1,29,22.98,60.9,417.26,0,1,42,,0.0,,0,0,0,,0.0,,0,0,0,,0.0,,0,0,0,40,50,0,0,0,0,0.0593
2026-07-30T05:41:15.699Z,31.11,67.52,427.59,0,1,29,24.0,52.93,,954.4,0,0,27.11,51.02,426.11,0,1,38,24.15,60.31,455.34,0,1,34,16.81,75.73,410.55,0,1,34,23.0,60.9,416.63,0,1,29,,0.0,,0,0,0,,0.0,,0,0,0,,0.0,,0,0,0,40,50,0,0,0,0,0.0593
2026-07-30T05:41:20.740Z,31.12,67.52,425.23,0,1,25,24.0,52.92,,954.4,0,0,27.12,51.02,426.3,0,1,36,24.16,60.28,452.6,0,1,65426,16.82,75.71,410.4,0,1,28,23.0,60.88,416.57,0,1,31,,0.0,,0,0,0,,0.0,,0,0,0,,0.0,,0,0,0,40,50,0,0,0,0,0.0593
2026-07-30T05:41:25.699Z,31.13,67.52,422.71,0,1,20,24.0,52.91,,954.3,0,0,27.12,51.01,427.47,0,1,41,24.16,60.24,450.74,0,1,39,16.83,75.69,411.46,0,1,33,23.0,60.86,417.61,0,1,36,,0.0,,0,0,0,,0.0,,0,0,0,,0.0,,0,0,0,40,50,0,0,0,0,0.0593
2026-07-30T05:41:30.699Z,31.13,67.52,422.54,0,1,33,24.0,52.9,,954.4,0,0,27.13,50.99,427.12,0,1,34,24.16,60.21,448.77,0,1,33,16.83,75.67,410.71,0,1,25,23.0,60.85,419.05,0,1,38,,0.0,,0,0,0,,0.0,,0,0,0,,0.0,,0,0,0,40,50,0,0,0,0,0.0593
2026-07-30T05:41:35.699Z,31.15,67.51,420.29,0,1,21,24.0,52.89,,954.4,0,0,27.14,50.97,427.71,0,1,38,24.15,60.18,446.69,0,1,36,16.84,75.64,409.64,0,1,19,23.0,60.83,418.44,0,1,30,,0.0,,0,0,0,,0.0,,0,0,0,,0.0,,0,0,0,40,50,0,0,0,0,0.0593
2026-07-30T05:41:40.699Z,31.16,67.5,418.26,0,1,17,24.0,52.88,,954.3,0,0,27.14,50.95,428.74,0,1,41,24.15,60.15,443.72,0,1,31,16.85,75.62,409.28,0,1,26,23.0,60.82,419.7,0,1,38,,0.0,,0,0,0,,0.0,,0,0,0,,0.0,,0,0,0,40,50,0,0,0,0,0.0593
2026-07-30T05:41:45.698Z,31.16,67.48,416.53,0,1,24,24.0,52.87,,954.3,0,0,27.15,50.94,430.06,0,1,43,24.14,60.13,441.75,0,1,34,16.85,75.59,410.45,0,1,33,23.0,60.81,421.43,0,1,40,,0.0,,0,0,0,,0.0,,0,0,0,,0.0,,0,0,0,40,50,0,0,0,0,0.0593
2026-07-30T05:41:50.699Z,31.16,67.46,416.18,0,1,30,24.0,52.87,,954.3,0,0,27.15,50.92,429.76,0,1,36,24.14,60.1,440.53,0,139,35723,16.86,75.55,411.3,0,1,32,23.0,60.8,423.19,0,1,41,,0.0,,0,0,0,,0.0,,0,0,0,,0.0,,0,0,0,40,50,0,0,0,0,0.0593
2026-07-30T05:41:55.699Z,31.17,67.41,414.56,0,1,17,24.0,52.86,,954.4,0,0,27.16,50.9,431.98,0,1,48,24.13,60.07,439.97,0,1,40,16.86,75.51,413.67,0,1,39,23.0,60.8,424.67,0,1,41,,0.0,,0,0,0,,0.0,,0,0,0,,0.0,,0,0,0,40,50,0,0,0,0,0.0593
2026-07-30T05:42:00.698Z,31.17,67.34,413.1,0,1,22,24.0,52.85,,954.3,0,0,27.17,50.88,432.28,0,1,40,24.13,60.06,439.68,0,1,40,16.87,75.48,413.41,0,1,28,23.01,60.79,425.4,0,1,38,,0.0,,0,0,0,,0.0,,0,0,0,,0.0,,0,0,0,40,50,0,0,0,0,0.0593
2026-07-30T05:42:05.698Z,31.17,67.25,413.29,0,1,30,24.0,52.85,,954.3,0,0,27.19,50.86,432.86,0,1,41,24.13,60.04,439.31,0,1,40,16.87,75.45,413.67,0,1,31,23.02,60.78,424.66,0,1,32,,0.0,,0,0,0,,0.0,,0,0,0,,0.0,,0,0,0,40,50,0,0,0,0,0.0593
2026-07-30T05:42:10.698Z,31.18,67.17,413.46,0,1,30,24.0,52.83,,954.4,0,0,27.2,50.84,431.67,0,1,33,24.12,60.02,437.98,0,1,35,16.87,75.43,414.7,0,1,34,23.03,60.76,424.0,0,1,32,,0.0,,0,0,0,,0.0,,0,0,0,,0.0,,0,0,0,40,50,0,0,0,0,0.0593
2026-07-30T05:42:15.698Z,31.18,67.05,415.72,0,1,40,24.0,52.82,,954.3,0,0,27.21,50.81,433.6,0,1,47,24.11,59.99,434.88,0,1,27,16.87,75.41,414.53,0,1,30,23.03,60.74,424.2,0,1,35,,0.0,,0,0,0,,0.0,,0,0,0,,0.0,,0,0,0,40,50,0,0,0,0,0.0593
2026-07-30T05:42:20.697Z,31.18,67.01,417.6,0,1,49,24.0,52.81,,954.3,0,0,27.22,50.79,433.34,0,1,38,24.1,59.97,434.49,0,1,38,16.88,75.39,413.38,0,1,25,23.04,60.71,423.18,0,1,30,,0.0,,0,0,0,,0.0,,0,0,0,,0.0,,0,0,0,40,50,0,0,0,0,0.0593
2026-07-30T05:42:25.697Z,31.18,66.96,419.14,0,1,38,24.0,52.8,,954.3,0,0,27.23,50.77,433.11,0,1,38,24.09,59.96,434.14,0,1,38,16.88,75.37,412.34,0,1,25,23.05,60.69,422.26,0,1,30,,0.0,,0,0,0,,0.0,,0,0,0,,0.0,,0,0,0,40,50,0,0,0,0,0.0593
2026-07-30T05:42:30.697Z,31.18,66.95,418.72,0,1,30,24.0,52.78,,954.3,0,0,27.23,50.73,434.5,0,1,45,24.09,59.94,433.13,0,1,34,16.87,75.35,413.1,0,1,33,23.05,60.66,422.43,0,1,34,,0.0,,0,0,0,,0.0,,0,0,0,,0.0,,0,0,0,40,50,0,0,0,0,0.0593
2026-07-30T05:42:35.697Z,31.19,66.93,417.05,0,1,25,24.0,52.76,,954.4,0,0,27.24,50.7,434.95,0,1,41,24.09,59.91,431.22,0,1,30,16.86,75.33,414.69,0,1,37,23.06,60.63,421.19,0,1,28,,0.0,,0,0,0,,0.0,,0,0,0,,0.0,,0,0,0,40,50,0,0,0,0,0.0593
2026-07-30T05:42:40.697Z,31.19,66.89,416.05,0,1,27,24.0,52.74,,954.3,0,0,27.25,50.66,435.55,0,1,42,24.09,59.89,432.49,0,1,44,16.86,75.32,414.42,0,1,29,23.06,60.58,420.37,0,1,29,,0.0,,0,0,0,,0.0,,0,0,0,,0.0,,0,0,0,40,50,0,0,0,0,0.0593
2026-07-30T05:42:45.703Z,31.19,66.85,414.54,0,1,24,24.0,52.73,,954.4,0,0,27.25,50.62,435.8,0,1,41,24.08,59.87,435.74,0,1,54,16.85,75.32,415.58,0,1,35,23.06,60.54,421.33,0,1,37,,0.0,,0,0,0,,0.0,,0,0,0,,0.0,,0,0,0,40,50,0,0,0,0,0.0593
2026-07-30T05:42:50.704Z,31.19,66.8,413.59,0,1,26,24.0,52.72,,954.3,0,0,27.26,50.58,434.62,0,1,34,24.09,59.84,435.07,0,1,37,16.85,75.31,415.22,0,1,29,23.07,60.51,421.7,0,1,35,,0.0,,0,0,0,,0.0,,0,0,0,,0.0,,0,0,0,40,50,0,0,0,0,0.0593
2026-07-30T05:42:55.704Z,31.19,66.73,412.23,0,1,15,24.0,52.7,,954.3,0,0,27.26,50.54,433.06,0,1,32,24.09,59.82,434.86,0,1,39,16.84,75.3,416.0,0,1,34,23.07,60.48,421.13,0,1,31,,0.0,,0,0,0,,0.0,,0,0,0,,0.0,,0,0,0,40,50,0,0,0,0,0.0593
2026-07-30T05:43:00.704Z,31.19,66.65,411.01,0,1,22,24.0,52.69,,954.4,0,0,27.27,50.51,432.25,0,1,35,24.1,59.78,431.38,0,1,23,16.84,75.29,415.2,0,1,27,23.07,60.44,422.42,0,1,39,,0.0,,0,0,0,,0.0,,0,0,0,,0.0,,0,0,0,40,50,0,0,0,0,0.0593
2026-07-30T05:43:05.703Z,31.19,66.57,409.9,0,1,19,24.0,52.67,,954.4,0,0,27.29,50.47,431.53,0,1,35,24.1,59.73,429.89,0,1,32,16.83,75.29,417.48,0,1,41,23.08,60.42,421.48,0,1,30,,0.0,,0,0,0,,0.0,,0,0,0,,0.0,,0,0,0,40,50,0,0,0,0,0.0593
2026-07-30T05:43:10.698Z,31.19,66.5,408.91,0,1,14,24.0,52.66,,954.4,0,0,27.3,50.42,432.17,0,1,41,24.1,59.7,430.2,0,1,38,16.83,75.28,417.63,0,1,32,23.08,60.39,421.43,0,1,33,,0.0,,0,0,0,,0.0,,0,0,0,,0.0,,0,0,0,40,50,0,0,0,0,0.0593
2026-07-30T05:43:15.701Z,31.19,66.45,408.02,0,1,18,24.0,52.64,,954.3,0,0,27.31,50.39,432.26,0,1,38,24.1,59.69,427.78,0,1,26,16.83,75.26,418.47,0,1,35,23.09,60.35,422.49,0,1,38,,0.0,,0,0,0,,0.0,,0,0,0,,0.0,,0,0,0,40,50,0,0,0,0,0.0593
2026-07-30T05:43:20.727Z,31.19,66.42,408.22,0,1,28,24.0,52.63,,954.3,0,0,27.32,50.36,431.83,0,1,36,24.1,59.71,427.4,0,1,35,16.82,75.24,419.52,0,1,36,23.09,60.3,422.04,0,1,32,,0.0,,0,0,0,,0.0,,0,0,0,,0.0,,0,0,0,40,50,0,0,0,0,0.0593
2026-07-30T05:43:25.702Z,31.2,66.38,407.4,0,1,19,24.0,52.61,,954.3,0,0,27.33,50.33,432.15,0,1,39,24.1,59.73,427.56,0,1,37,16.82,75.21,418.97,0,1,30,23.09,60.26,421.23,0,1,30,,0.0,,0,0,0,,0.0,,0,0,0,,0.0,,0,0,0,40,50,0,0,0,0,0.0593
2026-07-30T05:43:30.703Z,31.21,66.36,410.66,0,1,42,24.0,52.6,,954.3,0,0,27.33,50.3,431.73,0,1,36,24.1,59.74,427.41,0,1,36,16.82,75.19,419.27,0,1,33,23.09,60.23,421.91,0,1,36,,0.0,,0,0,0,,0.0,,0,0,0,,0.0,,0,0,0,40,50,0,0,0,0,0.0593
2026-07-30T05:43:35.702Z,31.22,66.37,410.59,0,1,28,24.0,52.59,,954.3,0,0,27.34,50.27,429.86,0,1,29,24.1,59.76,426.57,0,1,32,16.82,75.17,420.35,0,1,37,23.09,60.19,421.22,0,1,30,,0.0,,0,0,0,,0.0,,0,0,0,,0.0,,0,0,0,40,50,0,0,0,0,0.0593
2026-07-30T05:43:40.702Z,31.21,66.39,409.53,0,1,15,24.0,52.57,,954.4,0,0,27.35,50.23,429.57,0,1,36,24.1,59.78,426.31,0,1,34,16.82,75.17,422.51,0,1,43,23.09,60.17,422.4,0,1,38,,0.0,,0,0,0,,0.0,,0,0,0,,0.0,,0,0,0,40,50,0,0,0,0,0.0593
2026-07-30T05:43:45.702Z,31.21,66.4,410.08,0,1,30,24.0,52.56,,954.3,0,0,27.35,50.19,431.02,0,1,44,24.1,59.79,426.18,0,1,35,16.82,75.19,423.06,0,1,36,23.1,60.16,421.06,0,1,28,,0.0,,0,0,0,,0.0,,0,0,0,,0.0,,0,0,0,40,50,0,0,0,0,0.0593
2026-07-30T05:43:50.703Z,31.22,66.42,411.97,0,1,37,24.0,52.54,,954.4,0,0,27.36,50.15,431.51,0,1,40,24.1,59.79,426.76,0,1,146,16.82,75.19,421.95,0,1,29,23.1,60.14,419.05,0,1,24,,0.0,,0,0,0,,0.0,,0,0,0,,0.0,,0,0,0,40,50,0,0,0,0,0.0593
2026-07-30T05:43:55.702Z,31.23,66.44,413.17,0,1,34,24.0,52.53,,954.4,0,0,27.36,50.13,428.66,0,1,25,24.1,59.79,428.78,0,1,45,16.82,75.19,421.56,0,1,32,23.1,60.14,418.95,0,1,32,,0.0,,0,0,0,,0.0,,0,0,0,,0.0,,0,0,0,40,50,0,0,0,0,0.0593
2026-07-30T05:44:00.702Z,31.23,66.48,412.76,0,1,27,24.0,52.51,,954.4,0,0,27.36,50.1,427.8,0,1,33,24.11,59.78,430.31,0,1,44,16.82,75.19,422.0,0,1,35,23.09,60.12,418.25,0,1,29,,0.0,,0,0,0,,0.0,,0,0,0,,0.0,,0,0,0,40,50,0,0,0,0,0.0593
2026-07-30T05:44:05.702Z,31.22,66.51,413.88,0,1,34,24.0,52.5,,954.4,0,0,27.37,50.08,429.92,0,1,46,24.12,59.77,430.88,0,1,40,16.82,75.19,421.1,0,1,29,23.08,60.11,417.83,0,1,30,,0.0,,0,0,0,,0.0,,0,0,0,,0.0,,0,0,0,40,50,0,0,0,0,0.0593
2026-07-30T05:44:10.701Z,31.23,66.53,415.29,0,1,36,24.0,52.49,,954.3,0,0,27.38,50.07,428.13,0,1,29,24.13,59.76,430.49,0,1,36,16.82,75.19,421.29,0,1,34,23.07,60.11,417.98,0,4,669,,0.0,,0,0,0,,0.0,,0,0,0,,0.0,,0,0,0,40,50,0,0,0,0,0.0593
2026-07-30T05:44:15.701Z,31.24,66.55,417.66,0,1,41,24.0,52.48,,954.3,0,0,27.38,50.04,466.31,0,3,326,24.13,59.75,430.0,0,4,681,16.82,75.19,421.34,0,2,85,23.07,60.12,418.65,0,3,326,,0.0,,0,0,0,,0.0,,0,0,0,,0.0,,0,0,0,40,50,0,0,0,0,0.0593
2026-07-30T05:44:20.701Z,31.24,66.6,419.5,0,1,40,24.0,52.48,,954.4,0,0,27.38,50.01,489.23,0,4,1001,24.13,59.71,429.43,0,3,621,16.82,75.19,421.27,0,3,533,23.08,60.12,419.78,0,1,37,,0.0,,0,0,0,,0.0,,0,0,0,,0.0,,0,0,0,40,50,0,0,0,0,0.0593
2026-07-30T05:44:25.701Z,31.25,66.64,417.75,0,1,25,24.0,52.49,,954.4,0,0,27.39,50.0,498.41,0,2,120,24.13,59.68,428.79,0,4,561,16.83,75.19,421.08,0,2,175,23.08,60.12,420.5,0,1,36,,0.0,,0,0,0,,0.0,,0,0,0,,0.0,,0,0,0,40,50,0,0,0,0,0.0593
2026-07-30T05:44:30.701Z,31.25,66.65,419.27,0,1,39,24.0,52.49,,954.4,0,0,27.39,49.99,506.67,0,2,120,24.12,59.65,428.07,0,4,561,16.84,75.19,420.78,0,2,175,23.08,60.11,421.15,0,1,36,,0.0,,0,0,0,,0.0,,0,0,0,,0.0,,0,0,0,40,50,0,0,0,0,0.0593
2026-07-30T05:44:35.701Z,31.26,66.67,418.55,0,1,29,24.0,52.47,,954.4,0,0,27.4,49.98,514.1,0,2,120,24.13,59.63,427.28,0,4,561,16.83,75.21,420.4,0,2,175,23.08,60.1,421.74,0,1,36,,0.0,,0,0,0,,0.0,,0,0,0,,0.0,,0,0,0,40,50,0,0,0,0,0.0593
2026-07-30T05:44:40.700Z,31.26,66.7,418.69,0,1,33,24.0,52.46,,954.4,0,0,27.4,49.97,520.79,0,2,120,24.13,59.61,426.45,0,4,561,16.83,75.21,419.93,0,2,175,23.08,60.1,428.76,0,2,68,,0.0,,0,0,0,,0.0,,0,0,0,,0.0,,0,0,0,40,50,0,0,0,0,0.0593
2026-07-30T05:44:45.700Z,31.27,66.71,418.92,0,1,33,24.0,52.46,,954.4,0,0,27.4,49.95,526.81,0,2,120,24.13,59.58,425.56,0,4,561,16.83,75.22,419.39,0,2,175,23.09,60.1,427.39,0,1,30,,0.0,,0,0,0,,0.0,,0,0,0,,0.0,,0,0,0,40,50,0,0,0,0,0.0593
2026-07-30T05:44:50.701Z,31.27,66.67,417.43,0,1,25,24.0,52.46,,954.4,0,0,27.4,49.94,532.23,0,2,120,24.11,59.57,424.62,0,4,561,16.82,75.25,418.79,0,2,175,23.09,60.09,428.85,0,1,43,,0.0,,0,0,0,,0.0,,0,0,0,,0.0,,0,0,0,40,50,0,0,0,0,0.0593
2026-07-30T05:44:55.700Z,31.27,66.66,418.09,0,1,35,24.0,52.46,,954.4,0,0,27.4,49.94,537.11,0,2,120,24.1,59.55,423.64,0,4,561,16.82,75.28,418.12,0,2,175,23.09,60.08,427.66,0,1,31,,0.0,,0,0,0,,0.0,,0,0,0,,0.0,,0,0,0,40,50,0,0,0,0,0.0593
2026-07-30T05:45:00.700Z,31.28,66.64,419.28,0,1,37,24.0,52.46,,954.4,0,0,27.4,49.94,541.5,0,2,120,24.09,59.56,422.63,0,4,561,16.82,75.29,417.4,0,2,175,23.09,60.06,424.9,0,1,21,,0.0,,0,0,0,,0.0,,0,0,0,,0.0,,0,0,0,40,50,0,0,0,0,0.0593
2026-07-30T05:45:05.700Z,31.28,66.64,418.65,0,1,30,24.0,52.45,,954.4,0,0,27.39,50.12,545.45,0,2,120,24.08,59.6,421.58,0,4,561,16.81,75.3,416.62,0,2,175,23.09,60.05,422.41,0,1,21,,0.0,,0,0,0,,0.0,,0,0,0,,0.0,,0,0,0,40,50,0,0,0,0,0.0593
2026-07-30T05:45:10.741Z,31.28,66.61,420.29,0,1,39,24.0,52.45,,954.4,0,0,27.37,50.25,549.0,0,2,120,24.07,59.66,420.5,0,4,561,16.8,75.31,415.81,0,2,175,23.09,60.03,420.77,0,1,26,,0.0,,0,0,0,,0.0,,0,0,0,,0.0,,0,0,0,40,50,0,0,0,0,0.0593
2026-07-30T05:45:15.700Z,31.28,66.58,422.26,0,1,42,24.0,52.44,,954.4,0,0,27.34,50.41,552.2,0,2,120,24.07,59.78,419.4,0,4,561,16.79,75.33,414.95,0,2,175,23.1,60.28,419.79,0,1,29,,0.0,,0,0,0,,0.0,,0,0,0,,0.0,,0,0,0,40,50,0,0,0,0,0.0593
2026-07-30T05:45:20.699Z,31.28,66.55,425.13,0,1,47,24.0,52.89,,954.5,0,0,27.32,50.79,555.08,0,2,120,24.06,59.99,418.27,0,4,561,16.78,75.34,414.06,0,2,175,23.12,60.42,424.61,0,1,56,,0.0,,0,0,0,,0.0,,0,0,0,,0.0,,0,0,0,40,50,0,0,0,0,0.0593
2026-07-30T05:45:25.700Z,31.3,66.52,425.92,0,1,39,24.0,53.31,,954.5,0,0,27.29,51.1,557.67,0,2,120,24.05,60.18,417.12,0,4,561,16.77,75.32,413.14,0,2,175,23.13,60.49,428.25,0,1,52,,0.0,,0,0,0,,0.0,,0,0,0,,0.0,,0,0,0,40,50,0,0,0,0,0.0593
2026-07-30T05:45:30.700Z,31.31,66.49,427.73,0,1,44,24.0,53.45,,954.5,0,0,27.25,51.31,560.01,0,2,120,24.05,60.61,415.94,0,4,561,16.75,75.28,412.19,0,2,175,23.14,60.54,432.43,0,1,57,,0.0,,0,0,0,,0.0,,0,0,0,,0.0,,0,0,0,40,50,0,0,0,0,0.0593
2026-07-30T05:45:35.698Z,31.32,66.46,429.65,0,1,45,24.0,53.57,,954.5,0,0,27.21,51.5,562.11,0,2,120,24.04,60.99,414.76,0,4,561,16.74,75.24,411.21,0,2,175,23.14,60.59,436.28,0,1,57,,0.0,,0,0,0,,0.0,,0,0,0,,0.0,,0,0,0,40,50,0,0,0,0,0.0593
2026-07-30T05:45:40.698Z,31.32,66.44,430.69,0,1,42,24.0,53.63,,954.5,0,0,27.16,51.67,564.0,0,2,120,24.04,61.33,413.55,0,4,561,16.72,75.18,410.21,0,2,175,23.15,60.69,436.95,0,1,43,,0.0,,0,0,0,,0.0,,0,0,0,,0.0,,0,0,0,40,50,0,0,0,0,0.0593
2026-07-30T05:45:45.700Z,31.33,66.43,430.12,0,1,35,24.0,53.69,,954.5,0,0,27.11,51.9,547.6,0,1,0,24.04,61.63,412.33,0,4,561,16.71,75.09,409.19,0,1,0,23.15,60.82,438.96,0,1,50,,0.0,,0,0,0,,0.0,,0,0,0,,0.0,,0,0,0,40,50,0,0,0,0,0.0593
2026-07-30T05:45:50.712Z,31.34,66.41,432.81,0,1,50,24.0,53.8,,954.5,0,0,27.05,52.14,532.84,0,1,16,24.0,61.86,411.1,0,1,23,16.7,74.99,410.27,0,1,33,23.16,60.96,440.46,0,1,49,,0.0,,0,0,0,,0.0,,0,0,0,,0.0,,0,0,0,40,50,0,0,0,0,0.0593
2026-07-30T05:45:55.697Z,31.34,66.41,432.33,0,1,36,24.0,53.9,,954.5,0,0,26.99,52.36,519.55,0,1,18,23.97,62.06,410.39,0,1,25,16.69,74.9,409.25,0,1,21,23.16,61.08,440.82,0,1,44,,0.0,,0,0,0,,0.0,,0,0,0,,0.0,,0,0,0,40,50,0,0,0,0,0.0593
2026-07-30T05:46:00.706Z,31.35,66.42,434.39,0,1,48,24.0,53.96,,954.5,0,0,26.93,52.55,507.6,0,1,20,23.94,62.31,411.15,0,1,32,16.68,74.81,408.32,0,1,18,23.16,61.18,440.64,0,1,42,,0.0,,0,0,0,,0.0,,0,0,0,,0.0,,0,0,0,40,50,0,0,0,0,0.0593
2026-07-30T05:46:05.701Z,31.36,66.42,432.75,0,1,32,24.0,54.0,,954.5,0,0,26.88,52.72,498.64,0,1,32,23.91,62.49,410.93,0,1,28,16.67,74.72,407.49,0,1,20,23.15,61.28,442.07,0,1,49,,0.0,,0,0,0,,0.0,,0,0,0,,0.0,,0,0,0,40,50,0,0,0,0,0.0593
2026-07-30T05:46:10.701Z,31.36,66.42,430.98,0,1,31,24.0,54.01,,954.5,0,0,26.82,52.86,489.67,0,1,28,23.88,62.67,411.84,0,1,33,16.67,74.63,407.54,0,1,27,23.14,61.39,442.06,0,1,43,,0.0,,0,0,0,,0.0,,0,0,0,,0.0,,0,0,0,40,50,0,0,0,0,0.0593
2026-07-30T05:46:15.700Z,31.36,66.42,431.68,0,1,41,24.0,54.02,,954.5,0,0,26.77,52.97,481.51,0,1,27,23.85,62.82,411.96,0,1,30,16.66,74.53,406.79,0,1,24,23.12,61.51,441.96,0,1,42,,0.0,,0,0,0,,0.0,,0,0,0,,0.0,,0,0,0,40,50,0,0,0,0,0.0593
2026-07-30T05:46:20.700Z,31.37,66.42,433.11,0,1,45,24.0,54.03,,954.5,0,0,26.73,53.08,475.36,0,1,33,23.83,62.95,414.06,0,1,38,16.65,74.43,406.51,0,1,25,23.11,61.62,441.46,0,1,40,,0.0,,0,0,0,,0.0,,0,0,0,,0.0,,0,0,0,40,50,0,0,0,0,0.0593
2026-07-30T05:46:25.699Z,31.37,66.42,433.1,0,1,39,24.0,54.06,,954.4,0,0,26.7,53.2,469.62,0,1,32,23.8,63.04,412.65,0,1,20,16.66,74.34,407.46,0,1,31,23.1,61.72,441.42,0,1,42,,0.0,,0,0,0,,0.0,,0,0,0,,0.0,,0,0,0,40,50,0,0,0,0,0.0593
2026-07-30T05:46:30.698Z,31.37,66.41,433.79,0,1,42,24.0,54.08,,954.5,0,0,26.67,53.29,464.66,0,1,32,23.78,63.11,413.59,0,1,33,16.66,74.25,406.81,0,1,24,23.08,61.79,441.57,0,1,43,,0.0,,0,0,0,,0.0,,0,0,0,,0.0,,0,0,0,40,50,0,0,0,0,0.0593
2026-07-30T05:46:35.698Z,31.38,66.42,435.81,0,1,48,24.0,54.07,,954.5,0,0,26.65,53.36,460.59,0,1,35,23.76,63.16,412.63,0,1,25,16.67,74.16,406.13,0,1,20,23.06,61.87,442.12,0,1,45,,0.0,,0,0,0,,0.0,,0,0,0,,0.0,,0,0,0,40,50,0,0,0,0,0.0593
2026-07-30T05:46:40.697Z,31.38,66.44,437.23,0,1,46,24.0,54.06,,954.5,0,0,26.64,53.42,454.73,0,1,25,23.75,63.2,412.27,0,1,28,16.67,74.08,405.52,0,1,22,23.05,61.94,441.71,0,1,41,,0.0,,0,0,0,,0.0,,0,0,0,,0.0,,0,0,0,40,50,0,0,0,0,0.0593
2026-07-30T05:46:45.697Z,31.38,66.46,438.41,0,1,46,23.99,54.05,,954.4,0,0,26.62,53.45,450.86,0,1,31,23.73,63.22,412.34,0,1,29,16.66,73.99,407.07,0,1,33,23.02,62.01,441.03,0,1,39,,0.0,,0,0,0,,0.0,,0,0,0,,0.0,,0,0,0,40,50,0,0,0,0,0.0593
2026-07-30T05:46:50.697Z,31.38,66.5,439.97,0,1,49,23.99,54.06,,954.4,0,0,26.62,53.46,447.67,0,1,32,23.73,63.23,413.11,0,1,33,16.66,73.9,407.96,0,1,31,23.0,62.09,438.73,0,1,32,,0.0,,0,0,0,,0.0,,0,0,0,,0.0,,0,0,0,40,50,0,0,0,0,0.0593
2026-07-30T05:46:55.697Z,31.37,66.54,439.77,0,1,41,23.99,54.06,,954.4,0,0,26.62,53.48,444.71,0,1,32,23.73,63.24,412.4,0,1,26,16.65,73.82,407.16,0,1,23,22.98,62.16,437.26,0,1,34,,0.0,,0,0,0,,0.0,,0,0,0,,0.0,,0,0,0,40,50,0,0,0,0,0.0593
2026-07-30T05:47:00.697Z,31.38,66.58,439.99,0,1,43,23.98,54.06,,954.4,0,0,26.62,53.48,442.64,0,1,35,23.72,63.21,414.56,0,1,39,16.65,73.75,409.65,0,1,38,22.96,62.23,436.13,0,1,35,,0.0,,0,0,0,,0.0,,0,0,0,,0.0,,0,0,0,40,50,0,0,0,0,0.0593
2026-07-30T05:47:05.697Z,31.38,66.63,443.09,0,1,57,23.97,54.05,,954.4,0,0,26.62,53.48,440.77,0,1,35,23.72,63.19,416.5,0,1,39,16.64,73.68,411.88,0,1,38,22.94,62.28,435.12,0,1,35,,0.0,,0,0,0,,0.0,,0,0,0,,0.0,,0,0,0,40,50,0,0,0,0,0.0593
2026-07-30T05:47:10.697Z,31.37,66.67,442.78,0,1,42,23.97,54.05,,954.4,0,0,26.62,53.45,436.69,0,1,16,23.72,63.17,418.25,0,1,39,16.64,73.61,413.89,0,1,38,22.92,62.34,431.61,0,1,24,,0.0,,0,0,0,,0.0,,0,0,0,,0.0,,0,0,0,40,50,0,0,0,0,0.0593
2026-07-30T05:47:15.703Z,31.36,66.72,443.41,0,1,46,23.96,54.03,,954.5,0,0,26.63,53.41,433.73,0,1,27,23.71,63.09,419.83,0,1,39,16.63,73.55,415.7,0,1,38,22.9,62.38,430.05,0,1,31,,0.0,,0,0,0,,0.0,,0,0,0,,0.0,,0,0,0,40,50,0,0,0,0,0.0593
