Date/Time,Environment:Site Outdoor Air Drybulb Temperature [C](TimeStep),CHAMBER_THERMALZONE:Zone Mean Air Temperature [C](TimeStep),HANGER_THERMALZONE:Zone Mean Air Temperature [C](TimeStep),CHAMBER_THERMALZONE:Zone Air Temperature [C](TimeStep),CHAMBER_THERMALZONE:Zone Air System Sensible Heating Energy [J](TimeStep),CHAMBER_THERMALZONE:Zone Air System Sensible Cooling Energy [J](TimeStep),HANGER_THERMALZONE:Zone Air Temperature [C](TimeStep),HANGER_THERMALZONE:Zone Air System Sensible Heating Energy [J](TimeStep),HANGER_THERMALZONE:Zone Air System Sensible Cooling Energy [J](TimeStep),CHAMBER_IDEALLOADS:Zone Ideal Loads Supply Air Mass Flow Rate [kg/s](TimeStep),CHAMBER_IDEALLOADS:Zone Ideal Loads Supply Air Temperature [C](TimeStep),HANGER_IDEALLOADS:Zone Ideal Loads Supply Air Mass Flow Rate [kg/s](TimeStep),HANGER_IDEALLOADS:Zone Ideal Loads Supply Air Temperature [C](TimeStep),NODE 6:System Node Mass Flow Rate [kg/s](TimeStep),NODE 5:System Node Mass Flow Rate [kg/s](TimeStep),NODE 4:System Node Mass Flow Rate [kg/s](TimeStep),NODE 3:System Node Mass Flow Rate [kg/s](TimeStep),NODE 2:System Node Mass Flow Rate [kg/s](TimeStep),NODE 1:System Node Mass Flow Rate [kg/s](TimeStep),CHAMBER_SPLITAC OA NODE:System Node Mass Flow Rate [kg/s](TimeStep),MODEL OUTDOOR AIR NODE:System Node Mass Flow Rate [kg/s](TimeStep),CHAMBER_IDEALLOADS OUTDOOR AIR INLET NODE:System Node Mass Flow Rate [kg/s](TimeStep),HANGER_IDEALLOADS OUTDOOR AIR INLET NODE:System Node Mass Flow Rate [kg/s](TimeStep),CHAMBER_THERMALZONE:Zone Mechanical Ventilation Mass Flow Rate [kg/s](TimeStep),HANGER_THERMALZONE:Zone Mechanical Ventilation Mass Flow Rate [kg/s](TimeStep),Electricity:Facility [J](Hourly) 
 07/21  00:01:00,24.0,20.32505158308103,32.46499586625869,20.32505158308103,22140.304595767175,0.0,32.46499586625869,0.0,0.0,0.059871,26.3,0.0,32.7750687244482,0.059871,0.059871,0.0,0.0,0.059871,0.0,0.0,0.0,0.059871,0.0,0.059871,0.0 
 07/21  00:02:00,24.0,22.295366472951773,31.982737105204535,22.295366472951773,14827.087570702115,0.0,31.982737105204535,0.0,0.0,0.059871,26.3,0.0,32.46499586625869,0.059871,0.059871,0.0,0.0,0.059871,0.0,0.0,0.0,0.059871,0.0,0.059871,0.0 
 07/21  00:03:00,24.0,23.77309845150584,31.474110732358273,23.77309845150584,9345.48996656441,0.0,31.474110732358273,0.0,0.0,0.059871,26.3,0.0,31.982737105204535,0.059871,0.059871,0.0,0.0,0.059871,0.0,0.0,0.0,0.059871,0.0,0.059871,0.0 
 07/21  00:04:00,24.0,24.540329106236275,31.004185456459965,24.540329106236275,6501.913194887375,0.0,31.004185456459965,0.0,0.0,0.059871,26.3,0.0,31.474110732358273,0.059871,0.059871,0.0,0.0,0.059871,0.0,0.0,0.0,0.059871,0.0,0.059871,0.0 
 07/21  00:05:00,24.0,24.829181839609674,30.584555342288557,24.829181839609674,5431.197566794531,0.0,30.584555342288557,0.0,0.0,0.059871,26.3,0.0,31.004185456459965,0.059871,0.059871,0.0,0.0,0.059871,0.0,0.0,0.0,0.059871,0.0,0.059871,0.0 
 07/21  00:06:00,24.0,24.921238278549872,30.20783821919066,24.921238278549872,5089.316668242732,0.0,30.20783821919066,0.0,0.0,0.059871,26.3,0.0,30.584555342288557,0.059871,0.059871,0.0,0.0,0.059871,0.0,0.0,0.0,0.059871,0.0,0.059871,0.0 
 07/21  00:07:00,24.0,24.974819671967353,29.864736981393317,24.974819671967353,4890.410244287268,0.0,29.864736981393317,0.0,0.0,0.059871,26.3,0.0,30.20783821919066,0.059871,0.059871,0.0,0.0,0.059871,0.0,0.0,0.0,0.059871,0.0,0.059871,0.0 
 07/21  00:08:00,24.0,25.035651860502107,29.548641019900575,25.035651860502107,4665.23966744302,0.0,29.548641019900575,0.0,0.0,0.059871,26.3,0.0,29.864736981393317,0.059871,0.059871,0.0,0.0,0.059871,0.0,0.0,0.0,0.059871,0.0,0.059871,0.0 
 07/21  00:09:00,24.0,25.10124213275211,29.256602637466827,25.10124213275211,4422.792468601833,0.0,29.256602637466827,0.0,0.0,0.059871,26.3,0.0,29.548641019900575,0.059871,0.059871,0.0,0.0,0.059871,0.0,0.0,0.0,0.059871,0.0,0.059871,0.0 
 07/21  00:10:00,24.0,25.161920950946715,28.986588899072657,25.161920950946715,4198.637427434842,0.0,28.986588899072657,0.0,0.0,0.059871,26.3,0.0,29.256602637466827,0.059871,0.059871,0.0,0.0,0.059871,0.0,0.0,0.0,0.059871,0.0,0.059871,0.0 
 07/21  00:11:00,24.0,25.214666127585787,28.73743699453861,25.214666127585787,4003.862600751636,0.0,28.73743699453861,0.0,0.0,0.059871,26.3,0.0,28.986588899072657,0.059871,0.059871,0.0,0.0,0.059871,0.0,0.0,0.0,0.059871,0.0,0.059871,0.0 
 07/21  00:12:00,24.0,25.26113002678141,28.50799764532341,25.26113002678141,3832.333446067805,0.0,28.50799764532341,0.0,0.0,0.059871,26.3,0.0,28.73743699453861,0.059871,0.059871,0.0,0.0,0.059871,0.0,0.0,0.0,0.059871,0.0,0.059871,0.0 
 07/21  00:13:00,24.0,25.304126769093266,28.296988581835603,25.304126769093266,3673.6429743174904,0.0,28.296988581835603,0.0,0.0,0.059871,26.3,0.0,28.50799764532341,0.059871,0.059871,0.0,0.0,0.059871,0.0,0.0,0.0,0.059871,0.0,0.059871,0.0 
 07/21  00:14:00,24.0,25.345325679749244,28.10306574668385,25.345325679749244,3521.6159430265134,0.0,28.10306574668385,0.0,0.0,0.059871,26.3,0.0,28.296988581835603,0.059871,0.059871,0.0,0.0,0.059871,0.0,0.0,0.0,0.059871,0.0,0.059871,0.0 
 07/21  00:15:00,24.0,25.385493833099478,27.92490711459129,25.385493833099478,3373.411333740346,0.0,27.92490711459129,0.0,0.0,0.059871,26.3,0.0,28.10306574668385,0.059871,0.059871,0.0,0.0,0.059871,0.0,0.0,0.0,0.059871,0.0,0.059871,0.0 
 07/21  00:16:00,24.0,25.424721293727686,27.761257566164847,25.424721293727686,3228.68956973638,0.0,27.761257566164847,0.0,0.0,0.059871,26.3,0.0,27.92490711459129,0.059871,0.059871,0.0,0.0,0.059871,0.0,0.0,0.0,0.059871,0.0,0.059871,0.0 
 07/21  00:17:00,24.0,25.463091196790945,27.610943276170676,25.463091196790945,3087.1393265108236,0.0,27.610943276170676,0.0,0.0,0.059871,26.3,0.0,27.761257566164847,0.059871,0.059871,0.0,0.0,0.059871,0.0,0.0,0.0,0.059871,0.0,0.059871,0.0 
 07/21  00:18:00,24.0,25.5005964862015,27.47287318050963,25.5005964862015,2948.7836849971427,0.0,27.47287318050963,0.0,0.0,0.059871,26.3,0.0,27.610943276170676,0.059871,0.059871,0.0,0.0,0.059871,0.0,0.0,0.0,0.059871,0.0,0.059871,0.0 
 07/21  00:19:00,24.0,25.53736228495326,27.346035978412385,25.53736228495326,2813.159220084467,0.0,27.346035978412385,0.0,0.0,0.059871,26.3,0.0,27.47287318050963,0.059871,0.059871,0.0,0.0,0.059871,0.0,0.0,0.0,0.059871,0.0,0.059871,0.0 
 07/21  00:20:00,24.0,25.573415898040487,27.22949626303088,25.573415898040487,2680.16400160338,0.0,27.22949626303088,0.0,0.0,0.059871,26.3,0.0,27.346035978412385,0.059871,0.059871,0.0,0.0,0.059871,0.0,0.0,0.0,0.059871,0.0,0.059871,0.0 
 07/21  00:21:00,24.0,25.608859209572973,27.122390355530708,25.608859209572973,2549.4214250908,0.0,27.122390355530708,0.0,0.0,0.059871,26.3,0.0,27.22949626303088,0.059871,0.059871,0.0,0.0,0.059871,0.0,0.0,0.0,0.059871,0.0,0.059871,0.0 
 07/21  00:22:00,24.0,25.643690389449908,27.023922571218606,25.643690389449908,2420.9377350974682,0.0,27.023922571218606,0.0,0.0,0.059871,26.3,0.0,27.122390355530708,0.059871,0.059871,0.0,0.0,0.059871,0.0,0.0,0.0,0.059871,0.0,0.059871,0.0 
 07/21  00:23:00,24.0,25.677978793989627,26.93336080517814,25.677978793989627,2294.4567693951876,0.0,26.93336080517814,0.0,0.0,0.059871,26.3,0.0,27.023922571218606,0.059871,0.059871,0.0,0.0,0.059871,0.0,0.0,0.0,0.059871,0.0,0.059871,0.0 
 07/21  00:24:00,24.0,25.711708932509783,26.850032642410405,25.711708932509783,2170.0354586027606,0.0,26.850032642410405,0.0,0.0,0.059871,26.3,0.0,26.93336080517814,0.059871,0.059871,0.0,0.0,0.059871,0.0,0.0,0.0,0.059871,0.0,0.059871,0.0 
 07/21  00:25:00,24.0,25.74493743300175,26.77332065282761,25.74493743300175,2047.4647836208624,0.0,26.77332065282761,0.0,0.0,0.059871,26.3,0.0,26.850032642410405,0.059871,0.059871,0.0,0.0,0.059871,0.0,0.0,0.0,0.059871,0.0,0.059871,0.0 
 07/21  00:26:00,24.0,25.77764573866745,26.70265907164429,25.77764573866745,1926.8131087050733,0.0,26.70265907164429,0.0,0.0,0.059871,26.3,0.0,26.77332065282761,0.059871,0.059871,0.0,0.0,0.059871,0.0,0.0,0.0,0.059871,0.0,0.059871,0.0 
 07/21  00:27:00,24.0,25.809883293012614,26.63752917650272,25.809883293012614,1807.8979957792444,0.0,26.63752917650272,0.0,0.0,0.059871,26.3,0.0,26.70265907164429,0.059871,0.059871,0.0,0.0,0.059871,0.0,0.0,0.0,0.059871,0.0,0.059871,0.0 
 07/21  00:28:00,24.0,25.84162980362651,26.577456169974347,25.84162980362651,1690.7942622362089,0.0,26.577456169974347,0.0,0.0,0.059871,26.3,0.0,26.63752917650272,0.059871,0.059871,0.0,0.0,0.059871,0.0,0.0,0.0,0.059871,0.0,0.059871,0.0 
 07/21  00:29:00,24.0,25.872929094826326,26.522005284891215,25.872929094826326,1575.3402302822724,0.0,26.522005284891215,0.0,0.0,0.059871,26.3,0.0,26.577456169974347,0.059871,0.059871,0.0,0.0,0.059871,0.0,0.0,0.0,0.059871,0.0,0.059871,0.0 
 07/21  00:30:00,24.0,25.903759877999253,26.470779047704667,25.903759877999253,1461.6144129684153,0.0,26.470779047704667,0.0,0.0,0.059871,26.3,0.0,26.522005284891215,0.059871,0.059871,0.0,0.0,0.059871,0.0,0.0,0.0,0.059871,0.0,0.059871,0.0 
 07/21  00:31:00,24.0,25.934161769931254,26.423413527284573,25.934161769931254,1349.4706663059287,0.0,26.423413527284573,0.0,0.0,0.059871,26.3,0.0,26.470779047704667,0.059871,0.059871,0.0,0.0,0.059871,0.0,0.0,0.0,0.059871,0.0,0.059871,0.0 
 07/21  00:32:00,24.0,25.96411314550895,26.379576409788488,25.96411314550895,1238.988753191893,0.0,26.379576409788488,0.0,0.0,0.059871,26.3,0.0,26.423413527284573,0.059871,0.059871,0.0,0.0,0.059871,0.0,0.0,0.0,0.059871,0.0,0.059871,0.0 
 07/21  00:33:00,24.0,25.993650369276605,26.338963581365146,25.993650369276605,1130.0345317072743,0.0,26.338963581365146,0.0,0.0,0.059871,26.3,0.0,26.379576409788488,0.059871,0.059871,0.0,0.0,0.059871,0.0,0.0,0.0,0.059871,0.0,0.059871,0.0 
 07/21  00:34:00,24.0,26.02275182604026,26.30129735902906,26.02275182604026,1022.6877316593118,0.0,26.30129735902906,0.0,0.0,0.059871,26.3,0.0,26.338963581365146,0.059871,0.059871,0.0,0.0,0.059871,0.0,0.0,0.0,0.059871,0.0,0.059871,0.0 
 07/21  00:35:00,24.0,26.051451226090617,26.266323775601933,26.051451226090617,916.8240041272884,0.0,26.266323775601933,0.0,0.0,0.059871,26.3,0.0,26.30129735902906,0.059871,0.059871,0.0,0.0,0.059871,0.0,0.0,0.0,0.059871,0.0,0.059871,0.0 
 07/21  00:36:00,24.0,26.079727160930855,26.233811087405293,26.079727160930855,812.522317887051,0.0,26.233811087405293,0.0,0.0,0.059871,26.3,0.0,26.266323775601933,0.059871,0.059871,0.0,0.0,0.059871,0.0,0.0,0.0,0.059871,0.0,0.059871,0.0 
 07/21  00:37:00,24.0,26.10761110298024,26.20354720776977,26.10761110298024,709.6665797707783,0.0,26.20354720776977,0.0,0.0,0.059871,26.3,0.0,26.233811087405293,0.059871,0.059871,0.0,0.0,0.059871,0.0,0.0,0.0,0.059871,0.0,0.059871,0.0 
 07/21  00:38:00,24.0,26.13508198187055,26.175338761928813,26.13508198187055,608.3345118624811,0.0,26.175338761928813,0.0,0.0,0.059871,26.3,0.0,26.20354720776977,0.059871,0.059871,0.0,0.0,0.059871,0.0,0.0,0.0,0.059871,0.0,0.059871,0.0 
 07/21  00:39:00,24.0,26.16216933097356,26.14900879181515,26.16216933097356,508.41717393290764,0.0,26.14900879181515,0.0,0.0,0.059871,26.3,0.0,26.175338761928813,0.059871,0.059871,0.0,0.0,0.059871,0.0,0.0,0.0,0.059871,0.0,0.059871,0.0 
 07/21  00:40:00,24.0,26.18885250515135,26.124395878358285,26.18885250515135,409.9907197395305,0.0,26.124395878358285,0.0,0.0,0.059871,26.3,0.0,26.14900879181515,0.059871,0.059871,0.0,0.0,0.059871,0.0,0.0,0.0,0.059871,0.0,0.059871,0.0 
 07/21  00:41:00,24.0,26.215159310781125,26.10135232727579,26.215159310781125,312.95257957336617,0.0,26.10135232727579,0.0,0.0,0.059871,26.3,0.0,26.124395878358285,0.059871,0.059871,0.0,0.0,0.059871,0.0,0.0,0.0,0.059871,0.0,0.059871,0.0 
 07/21  00:42:00,24.0,26.241069582634445,26.079743431720303,26.241069582634445,217.37713703314512,0.0,26.079743431720303,0.0,0.0,0.059871,26.3,0.0,26.10135232727579,0.059871,0.059871,0.0,0.0,0.059871,0.0,0.0,0.0,0.059871,0.0,0.059871,0.0 
 07/21  00:43:00,24.0,26.26660954738514,26.059445759498658,26.26660954738514,123.16764952967787,0.0,26.059445759498658,0.0,0.0,0.059871,26.3,0.0,26.079743431720303,0.059871,0.059871,0.0,0.0,0.059871,0.0,0.0,0.0,0.059871,0.0,0.059871,0.0 
 07/21  00:44:00,24.0,26.291759549458742,26.040346671932284,26.291759549458742,30.396620730211907,0.0,26.040346671932284,0.0,0.0,0.059871,26.3,0.0,26.059445759498658,0.059871,0.059871,0.0,0.0,0.059871,0.0,0.0,0.0,0.059871,0.0,0.059871,0.0 
 07/21  00:45:00,24.0,26.31654433274958,26.022342637700742,26.31654433274958,0.0,61.027222392299336,26.022342637700742,0.0,0.0,0.059871,26.3,0.0,26.040346671932284,0.059871,0.059871,0.0,0.0,0.059871,0.0,0.0,0.0,0.059871,0.0,0.059871,0.0 
 07/21  00:46:00,24.0,26.34094475973161,26.005337911913593,26.34094475973161,0.0,151.03328708778008,26.005337911913593,0.0,0.0,0.059871,26.3,0.0,26.022342637700742,0.059871,0.059871,0.0,0.0,0.059871,0.0,0.0,0.0,0.059871,0.0,0.059871,0.0 
 07/21  00:47:00,24.0,26.36498414713293,25.989255618240893,26.36498414713293,0.0,239.70758197533542,25.989255618240893,0.0,0.0,0.059871,26.3,0.0,26.005337911913593,0.059871,0.059871,0.0,0.0,0.059871,0.0,0.0,0.0,0.059871,0.0,0.059871,0.0 
 07/21  00:48:00,24.0,26.388643863805274,25.974025059393604,26.388643863805274,0.0,326.9813821804428,25.974025059393604,0.0,0.0,0.059871,26.3,0.0,25.989255618240893,0.059871,0.059871,0.0,0.0,0.059871,0.0,0.0,0.0,0.059871,0.0,0.059871,0.0 
 07/21  00:49:00,24.0,26.411945818964025,25.959578343230813,26.411945818964025,0.0,412.93550441525895,25.959578343230813,0.0,0.0,0.059871,26.3,0.0,25.974025059393604,0.059871,0.059871,0.0,0.0,0.059871,0.0,0.0,0.0,0.059871,0.0,0.059871,0.0 
 07/21  00:50:00,24.0,26.434871855616798,25.945851439327697,26.434871855616798,0.0,497.5029728265599,25.945851439327697,0.0,0.0,0.059871,26.3,0.0,25.959578343230813,0.059871,0.059871,0.0,0.0,0.059871,0.0,0.0,0.0,0.059871,0.0,0.059871,0.0 
 07/21  00:51:00,24.0,26.457442461277545,25.932784517699396,26.457442461277545,0.0,580.7593598833819,25.932784517699396,0.0,0.0,0.059871,26.3,0.0,25.945851439327697,0.059871,0.059871,0.0,0.0,0.059871,0.0,0.0,0.0,0.059871,0.0,0.059871,0.0 
 07/21  00:52:00,24.0,26.479639897879732,25.920322552351525,26.479639897879732,0.0,662.6392350274,25.920322552351525,0.0,0.0,0.059871,26.3,0.0,25.932784517699396,0.059871,0.059871,0.0,0.0,0.059871,0.0,0.0,0.0,0.059871,0.0,0.059871,0.0 
 07/21  00:53:00,24.0,26.501483181929927,25.90841487210933,26.501483181929927,0.0,743.212744609782,25.90841487210933,0.0,0.0,0.059871,26.3,0.0,25.920322552351525,0.059871,0.059871,0.0,0.0,0.059871,0.0,0.0,0.0,0.059871,0.0,0.059871,0.0 
 07/21  00:54:00,24.0,26.522954910942715,25.897015182892634,26.522954910942715,0.0,822.4156959330276,25.897015182892634,0.0,0.0,0.059871,26.3,0.0,25.90841487210933,0.059871,0.059871,0.0,0.0,0.059871,0.0,0.0,0.0,0.059871,0.0,0.059871,0.0 
 07/21  00:55:00,24.0,26.544072540547234,25.886080887356492,26.544072540547234,0.0,900.312477726302,25.886080887356492,0.0,0.0,0.059871,26.3,0.0,25.897015182892634,0.059871,0.059871,0.0,0.0,0.059871,0.0,0.0,0.0,0.059871,0.0,0.059871,0.0 
 07/21  00:56:00,24.0,26.56481888326672,25.87557314455757,26.56481888326672,0.0,976.8396903963367,25.87557314455757,0.0,0.0,0.059871,26.3,0.0,25.886080887356492,0.059871,0.059871,0.0,0.0,0.059871,0.0,0.0,0.0,0.059871,0.0,0.059871,0.0 
 07/21  00:57:00,24.0,26.5852096920551,25.86545625210577,26.5852096920551,0.0,1052.0554419995642,25.86545625210577,0.0,0.0,0.059871,26.3,0.0,25.87557314455757,0.059871,0.059871,0.0,0.0,0.059871,0.0,0.0,0.0,0.059871,0.0,0.059871,0.0 
 07/21  00:58:00,24.0,26.60522782096536,25.855697666048776,26.60522782096536,0.0,1125.8964861339336,25.855697666048776,0.0,0.0,0.059871,26.3,0.0,25.86545625210577,0.059871,0.059871,0.0,0.0,0.059871,0.0,0.0,0.0,0.059871,0.0,0.059871,0.0 
 07/21  00:59:00,24.0,26.62488710577065,25.846267510588714,26.62488710577065,0.0,1198.413858934664,25.846267510588714,0.0,0.0,0.059871,26.3,0.0,25.855697666048776,0.059871,0.059871,0.0,0.0,0.059871,0.0,0.0,0.0,0.059871,0.0,0.059871,0.0 
 07/21  01:00:00,24.0,26.644170188482246,25.837138601247997,26.644170188482246,0.0,1269.543531839613,25.837138601247997,0.0,0.0,0.059871,26.3,0.0,25.846267510588714,0.059871,0.059871,0.0,0.0,0.059871,0.0,0.0,0.0,0.059871,0.0,0.059871,0.0,49104000.0 
 07/21  01:01:00,24.0,26.663088663226805,25.828285959180754,26.663088663226805,0.0,1339.3282722033837,25.828285959180754,0.0,0.0,0.059871,26.3,0.0,25.837138601247997,0.059871,0.059871,0.0,0.0,0.059871,0.0,0.0,0.0,0.059871,0.0,0.059871,0.0 
 07/21  01:02:00,24.0,26.68162457755946,25.81968689918376,26.68162457755946,0.0,1407.701858688306,25.81968689918376,0.0,0.0,0.059871,26.3,0.0,25.828285959180754,0.059871,0.059871,0.0,0.0,0.059871,0.0,0.0,0.0,0.059871,0.0,0.059871,0.0 
 07/21  01:03:00,24.0,26.6997867808712,25.81132058790093,26.6997867808712,0.0,1474.696934118947,25.81132058790093,0.0,0.0,0.059871,26.3,0.0,25.81968689918376,0.059871,0.059871,0.0,0.0,0.059871,0.0,0.0,0.0,0.059871,0.0,0.059871,0.0 
 07/21  01:04:00,24.0,26.717556122673358,25.80316810266304,26.717556122673358,0.0,1540.2428579232264,25.80316810266304,0.0,0.0,0.059871,26.3,0.0,25.81132058790093,0.059871,0.059871,0.0,0.0,0.059871,0.0,0.0,0.0,0.059871,0.0,0.059871,0.0 
 07/21  01:05:00,24.0,26.734937891702664,25.795212076555746,26.734937891702664,0.0,1604.359138709715,25.795212076555746,0.0,0.0,0.059871,26.3,0.0,25.80316810266304,0.059871,0.059871,0.0,0.0,0.059871,0.0,0.0,0.0,0.059871,0.0,0.059871,0.0 
 07/21  01:06:00,24.0,26.75191072583951,25.78743676173176,26.75191072583951,0.0,1666.9669778442858,25.78743676173176,0.0,0.0,0.059871,26.3,0.0,25.795212076555746,0.059871,0.059871,0.0,0.0,0.059871,0.0,0.0,0.0,0.059871,0.0,0.059871,0.0 
 07/21  01:07:00,24.0,26.768474938028422,25.77982768106873,26.768474938028422,0.0,1728.06752968806,25.77982768106873,0.0,0.0,0.059871,26.3,0.0,25.78743676173176,0.059871,0.059871,0.0,0.0,0.059871,0.0,0.0,0.0,0.059871,0.0,0.059871,0.0 
 07/21  01:08:00,24.0,26.78460510162317,25.77237173328476,26.78460510162317,0.0,1787.567002752603,25.77237173328476,0.0,0.0,0.059871,26.3,0.0,25.77982768106873,0.059871,0.059871,0.0,0.0,0.059871,0.0,0.0,0.0,0.059871,0.0,0.059871,0.0 
 07/21  01:09:00,24.0,26.800293846730426,25.765056874607613,26.800293846730426,0.0,1845.438211649057,25.765056874607613,0.0,0.0,0.059871,26.3,0.0,25.77237173328476,0.059871,0.059871,0.0,0.0,0.059871,0.0,0.0,0.0,0.059871,0.0,0.059871,0.0 
 07/21  01:10:00,24.0,26.81550785469961,25.757872207418913,26.81550785469961,0.0,1901.5582535847125,25.757872207418913,0.0,0.0,0.059871,26.3,0.0,25.765056874607613,0.059871,0.059871,0.0,0.0,0.059871,0.0,0.0,0.0,0.059871,0.0,0.059871,0.0 
 07/21  01:11:00,24.0,26.83022605615568,25.750807713843756,26.83022605615568,0.0,1955.849409774787,25.750807713843756,0.0,0.0,0.059871,26.3,0.0,25.757872207418913,0.059871,0.059871,0.0,0.0,0.059871,0.0,0.0,0.0,0.059871,0.0,0.059871,0.0 
 07/21  01:12:00,24.0,26.84439764316091,25.743854348323325,26.84439764316091,0.0,2008.1242645427847,25.743854348323325,0.0,0.0,0.059871,26.3,0.0,25.750807713843756,0.059871,0.059871,0.0,0.0,0.059871,0.0,0.0,0.0,0.059871,0.0,0.059871,0.0 
 07/21  01:13:00,24.0,26.857970510924076,25.73700377782628,26.857970510924076,0.0,2058.190618497574,25.73700377782628,0.0,0.0,0.059871,26.3,0.0,25.743854348323325,0.059871,0.059871,0.0,0.0,0.059871,0.0,0.0,0.0,0.059871,0.0,0.059871,0.0 
 07/21  01:14:00,24.0,26.870841370816102,25.730248496040126,26.870841370816102,0.0,2105.6674699854693,25.730248496040126,0.0,0.0,0.059871,26.3,0.0,25.73700377782628,0.059871,0.059871,0.0,0.0,0.059871,0.0,0.0,0.0,0.059871,0.0,0.059871,0.0 
 07/21  01:15:00,24.0,26.88283405305214,25.723581582940852,26.88283405305214,0.0,2149.9049800072,25.723581582940852,0.0,0.0,0.059871,26.3,0.0,25.730248496040126,0.059871,0.059871,0.0,0.0,0.059871,0.0,0.0,0.0,0.059871,0.0,0.059871,0.0 
 07/21  01:16:00,24.0,26.893539116800724,25.716996812994758,26.893539116800724,0.0,2189.3928406492614,25.716996812994758,0.0,0.0,0.059871,26.3,0.0,25.723581582940852,0.059871,0.059871,0.0,0.0,0.059871,0.0,0.0,0.0,0.059871,0.0,0.059871,0.0 
 07/21  01:17:00,24.0,26.903844275626287,25.71048844021056,26.903844275626287,0.0,2227.405568565264,25.71048844021056,0.0,0.0,0.059871,26.3,0.0,25.716996812994758,0.059871,0.059871,0.0,0.0,0.059871,0.0,0.0,0.0,0.059871,0.0,0.059871,0.0 
 07/21  01:18:00,24.0,26.914398032788878,25.70405131059114,26.914398032788878,0.0,2266.33530330334,25.70405131059114,0.0,0.0,0.059871,26.3,0.0,25.71048844021056,0.059871,0.059871,0.0,0.0,0.059871,0.0,0.0,0.0,0.059871,0.0,0.059871,0.0 
 07/21  01:19:00,24.0,26.925427677614653,25.697680655025728,26.925427677614653,0.0,2307.0204489540856,25.697680655025728,0.0,0.0,0.059871,26.3,0.0,25.70405131059114,0.059871,0.059871,0.0,0.0,0.059871,0.0,0.0,0.0,0.059871,0.0,0.059871,0.0 
 07/21  01:20:00,24.0,26.936880554076993,25.69137220889384,26.936880554076993,0.0,2349.2667727796334,25.69137220889384,0.0,0.0,0.059871,26.3,0.0,25.697680655025728,0.059871,0.059871,0.0,0.0,0.059871,0.0,0.0,0.0,0.059871,0.0,0.059871,0.0 
 07/21  01:21:00,24.0,26.948635783292165,25.685122017399927,26.948635783292165,0.0,2392.628387802779,25.685122017399927,0.0,0.0,0.059871,26.3,0.0,25.69137220889384,0.059871,0.059871,0.0,0.0,0.059871,0.0,0.0,0.0,0.059871,0.0,0.059871,0.0 
 07/21  01:22:00,24.0,26.960566811199378,25.678926557526417,26.960566811199378,0.0,2436.6384729719493,25.678926557526417,0.0,0.0,0.059871,26.3,0.0,25.685122017399927,0.059871,0.059871,0.0,0.0,0.059871,0.0,0.0,0.0,0.059871,0.0,0.059871,0.0 
 07/21  01:23:00,24.0,26.97258801426408,25.672782550673666,26.97258801426408,0.0,2480.981188019473,25.672782550673666,0.0,0.0,0.059871,26.3,0.0,25.678926557526417,0.059871,0.059871,0.0,0.0,0.059871,0.0,0.0,0.0,0.059871,0.0,0.059871,0.0 
 07/21  01:24:00,24.0,26.984607699601444,25.66668708950878,26.984607699601444,0.0,2525.31830461312,25.66668708950878,0.0,0.0,0.059871,26.3,0.0,25.672782550673666,0.059871,0.059871,0.0,0.0,0.059871,0.0,0.0,0.0,0.059871,0.0,0.059871,0.0 
 07/21  01:25:00,24.0,26.996485024838005,25.66063745996011,26.996485024838005,0.0,2569.130296279577,25.66063745996011,0.0,0.0,0.059871,26.3,0.0,25.66668708950878,0.059871,0.059871,0.0,0.0,0.059871,0.0,0.0,0.0,0.059871,0.0,0.059871,0.0 
 07/21  01:26:00,24.0,27.00820979761753,25.654631265704488,27.00820979761753,0.0,2612.379566386817,25.654631265704488,0.0,0.0,0.059871,26.3,0.0,25.66063745996011,0.059871,0.059871,0.0,0.0,0.059871,0.0,0.0,0.0,0.059871,0.0,0.059871,0.0 
 07/21  01:27:00,24.0,27.01989855941718,25.648666258276002,27.01989855941718,0.0,2655.4960024831416,25.648666258276002,0.0,0.0,0.059871,26.3,0.0,25.654631265704488,0.059871,0.059871,0.0,0.0,0.059871,0.0,0.0,0.0,0.059871,0.0,0.059871,0.0 
 07/21  01:28:00,24.0,27.031611563495208,25.64274046974489,27.031611563495208,0.0,2698.701861280051,25.64274046974489,0.0,0.0,0.059871,26.3,0.0,25.648666258276002,0.059871,0.059871,0.0,0.0,0.059871,0.0,0.0,0.0,0.059871,0.0,0.059871,0.0 
 07/21  01:29:00,24.0,27.043333322399686,25.63685203861704,27.043333322399686,0.0,2741.94001408051,25.63685203861704,0.0,0.0,0.059871,26.3,0.0,25.64274046974489,0.059871,0.059871,0.0,0.0,0.059871,0.0,0.0,0.0,0.059871,0.0,0.059871,0.0 
 07/21  01:30:00,24.0,27.05526940574588,25.630999347870148,27.05526940574588,0.0,2785.968747290899,25.630999347870148,0.0,0.0,0.059871,26.3,0.0,25.63685203861704,0.059871,0.059871,0.0,0.0,0.059871,0.0,0.0,0.0,0.059871,0.0,0.059871,0.0 
 07/21  01:31:00,24.0,27.067550916273273,25.625180861313407,27.067550916273273,0.0,2831.2716607129732,25.625180861313407,0.0,0.0,0.059871,26.3,0.0,25.630999347870148,0.059871,0.059871,0.0,0.0,0.059871,0.0,0.0,0.0,0.059871,0.0,0.059871,0.0 
 07/21  01:32:00,24.0,27.080162691070296,25.619395253600516,27.080162691070296,0.0,2877.7928227844995,25.619395253600516,0.0,0.0,0.059871,26.3,0.0,25.625180861313407,0.059871,0.059871,0.0,0.0,0.059871,0.0,0.0,0.0,0.059871,0.0,0.059871,0.0 
 07/21  01:33:00,24.0,27.093047185600295,25.613641252009554,27.093047185600295,0.0,2925.3199684786523,25.613641252009554,0.0,0.0,0.059871,26.3,0.0,25.619395253600516,0.059871,0.059871,0.0,0.0,0.059871,0.0,0.0,0.0,0.059871,0.0,0.059871,0.0 
 07/21  01:34:00,24.0,27.10612538664087,25.607917778077596,27.10612538664087,0.0,2973.5616410429475,25.607917778077596,0.0,0.0,0.059871,26.3,0.0,25.613641252009554,0.059871,0.059871,0.0,0.0,0.059871,0.0,0.0,0.0,0.059871,0.0,0.059871,0.0 
 07/21  01:35:00,24.0,27.119354376198206,25.602223778693205,27.119354376198206,0.0,3022.3595285048214,25.602223778693205,0.0,0.0,0.059871,26.3,0.0,25.607917778077596,0.059871,0.059871,0.0,0.0,0.059871,0.0,0.0,0.0,0.059871,0.0,0.059871,0.0 
 07/21  01:36:00,24.0,27.1326895425573,25.596558373152348,27.1326895425573,0.0,3071.549071247755,25.596558373152348,0.0,0.0,0.059871,26.3,0.0,25.602223778693205,0.059871,0.059871,0.0,0.0,0.059871,0.0,0.0,0.0,0.059871,0.0,0.059871,0.0 
 07/21  01:37:00,24.0,27.146115719008122,25.590920695100714,27.146115719008122,0.0,3121.074323698108,25.590920695100714,0.0,0.0,0.059871,26.3,0.0,25.596558373152348,0.059871,0.059871,0.0,0.0,0.059871,0.0,0.0,0.0,0.059871,0.0,0.059871,0.0 
 07/21  01:38:00,24.0,27.15960393737304,25.58531002878235,27.15960393737304,0.0,3170.828430690144,25.58531002878235,0.0,0.0,0.059871,26.3,0.0,25.590920695100714,0.059871,0.059871,0.0,0.0,0.059871,0.0,0.0,0.0,0.059871,0.0,0.059871,0.0 
 07/21  01:39:00,24.0,27.173147684269914,25.579725654698446,27.173147684269914,0.0,3220.7873662551947,25.579725654698446,0.0,0.0,0.059871,26.3,0.0,25.58531002878235,0.059871,0.059871,0.0,0.0,0.059871,0.0,0.0,0.0,0.059871,0.0,0.059871,0.0 
 07/21  01:40:00,24.0,27.186723140209807,25.57416699884292,27.186723140209807,0.0,3270.8632672397152,25.57416699884292,0.0,0.0,0.059871,26.3,0.0,25.579725654698446,0.059871,0.059871,0.0,0.0,0.059871,0.0,0.0,0.0,0.059871,0.0,0.059871,0.0 
 07/21  01:41:00,24.0,27.20032817099415,25.56863346486643,27.20032817099415,0.0,3321.048261207111,25.56863346486643,0.0,0.0,0.059871,26.3,0.0,25.57416699884292,0.059871,0.059871,0.0,0.0,0.059871,0.0,0.0,0.0,0.059871,0.0,0.059871,0.0 
 07/21  01:42:00,24.0,27.21394256037523,25.5631245883765,27.21394256037523,0.0,3371.2677763106967,25.5631245883765,0.0,0.0,0.059871,26.3,0.0,25.56863346486643,0.059871,0.059871,0.0,0.0,0.059871,0.0,0.0,0.0,0.059871,0.0,0.059871,0.0 
 07/21  01:43:00,24.0,27.22756744979155,25.557639879573774,27.22756744979155,0.0,3421.5260229845126,25.557639879573774,0.0,0.0,0.059871,26.3,0.0,25.5631245883765,0.059871,0.059871,0.0,0.0,0.059871,0.0,0.0,0.0,0.059871,0.0,0.059871,0.0 
 07/21  01:44:00,24.0,27.24118516384749,25.552178966060524,27.24118516384749,0.0,3471.757801844842,25.552178966060524,0.0,0.0,0.059871,26.3,0.0,25.557639879573774,0.059871,0.059871,0.0,0.0,0.059871,0.0,0.0,0.0,0.059871,0.0,0.059871,0.0 
 07/21  01:45:00,24.0,27.254799019368136,25.546741438071756,27.254799019368136,0.0,3521.9753476928554,25.546741438071756,0.0,0.0,0.059871,26.3,0.0,25.552178966060524,0.059871,0.059871,0.0,0.0,0.059871,0.0,0.0,0.0,0.059871,0.0,0.059871,0.0 
 07/21  01:46:00,24.0,27.268393021410237,25.541327004005655,27.268393021410237,0.0,3572.119659843961,25.541327004005655,0.0,0.0,0.059871,26.3,0.0,25.546741438071756,0.059871,0.059871,0.0,0.0,0.059871,0.0,0.0,0.0,0.059871,0.0,0.059871,0.0 
 07/21  01:47:00,24.0,27.281971954970345,25.5359353219511,27.281971954970345,0.0,3622.208388756053,25.5359353219511,0.0,0.0,0.059871,26.3,0.0,25.541327004005655,0.059871,0.059871,0.0,0.0,0.059871,0.0,0.0,0.0,0.059871,0.0,0.059871,0.0 
 07/21  01:48:00,24.0,27.295521027796443,25.53056615957046,27.295521027796443,0.0,3672.186970122002,25.53056615957046,0.0,0.0,0.059871,26.3,0.0,25.5359353219511,0.059871,0.059871,0.0,0.0,0.059871,0.0,0.0,0.0,0.059871,0.0,0.059871,0.0 
 07/21  01:49:00,24.0,27.30904608596908,25.525219235032594,27.30904608596908,0.0,3722.0769684293464,25.525219235032594,0.0,0.0,0.059871,26.3,0.0,25.53056615957046,0.059871,0.059871,0.0,0.0,0.059871,0.0,0.0,0.0,0.059871,0.0,0.059871,0.0 
 07/21  01:50:00,24.0,27.32253325682161,25.51989436622033,27.32253325682161,0.0,3771.8272114534466,25.51989436622033,0.0,0.0,0.059871,26.3,0.0,25.525219235032594,0.059871,0.059871,0.0,0.0,0.059871,0.0,0.0,0.0,0.059871,0.0,0.059871,0.0 
 07/21  01:51:00,24.0,27.33598917719576,25.514591313467534,27.33598917719576,0.0,3821.462180569397,25.514591313467534,0.0,0.0,0.059871,26.3,0.0,25.51989436622033,0.059871,0.059871,0.0,0.0,0.059871,0.0,0.0,0.0,0.059871,0.0,0.059871,0.0 
 07/21  01:52:00,24.0,27.349400703152504,25.50930994001591,27.349400703152504,0.0,3870.933391616354,25.50930994001591,0.0,0.0,0.059871,26.3,0.0,25.514591313467534,0.059871,0.059871,0.0,0.0,0.059871,0.0,0.0,0.0,0.059871,0.0,0.059871,0.0 
 07/21  01:53:00,24.0,27.362775069531093,25.504050042622094,27.362775069531093,0.0,3920.267531808049,25.504050042622094,0.0,0.0,0.059871,26.3,0.0,25.50930994001591,0.059871,0.059871,0.0,0.0,0.059871,0.0,0.0,0.0,0.059871,0.0,0.059871,0.0 
 07/21  01:54:00,24.0,27.376099727873516,25.498811515394156,27.376099727873516,0.0,3969.4183135395906,25.498811515394156,0.0,0.0,0.059871,26.3,0.0,25.504050042622094,0.059871,0.059871,0.0,0.0,0.059871,0.0,0.0,0.0,0.059871,0.0,0.059871,0.0 
 07/21  01:55:00,24.0,27.38938237001788,25.493594188180037,27.38938237001788,0.0,4018.4141097602787,25.493594188180037,0.0,0.0,0.059871,26.3,0.0,25.498811515394156,0.059871,0.059871,0.0,0.0,0.059871,0.0,0.0,0.0,0.059871,0.0,0.059871,0.0 
 07/21  01:56:00,24.0,27.402610947432777,25.488397981588673,27.402610947432777,0.0,4067.2104769487896,25.488397981588673,0.0,0.0,0.059871,26.3,0.0,25.493594188180037,0.059871,0.059871,0.0,0.0,0.059871,0.0,0.0,0.0,0.059871,0.0,0.059871,0.0 
 07/21  01:57:00,24.0,27.415793502612022,25.48322274657195,27.415793502612022,0.0,4115.837081521154,25.48322274657195,0.0,0.0,0.059871,26.3,0.0,25.488397981588673,0.059871,0.059871,0.0,0.0,0.059871,0.0,0.0,0.0,0.059871,0.0,0.059871,0.0 
 07/21  01:58:00,24.0,27.428918416139076,25.478068428384088,27.428918416139076,0.0,4164.25106283576,25.478068428384088,0.0,0.0,0.059871,26.3,0.0,25.48322274657195,0.059871,0.059871,0.0,0.0,0.059871,0.0,0.0,0.0,0.059871,0.0,0.059871,0.0 
 07/21  01:59:00,24.0,27.441993998762076,25.4729348967781,27.441993998762076,0.0,4212.483076820645,25.4729348967781,0.0,0.0,0.059871,26.3,0.0,25.478068428384088,0.059871,0.059871,0.0,0.0,0.059871,0.0,0.0,0.0,0.059871,0.0,0.059871,0.0 
 07/21  02:00:00,24.0,27.45500900630659,25.4678221122064,27.45500900630659,0.0,4260.491646992982,25.4678221122064,0.0,0.0,0.059871,26.3,0.0,25.4729348967781,0.059871,0.059871,0.0,0.0,0.059871,0.0,0.0,0.0,0.059871,0.0,0.059871,0.0,49104000.0 
 07/21  02:01:00,24.0,27.467971952653674,25.462729961761056,27.467971952653674,0.0,4308.308178578982,25.462729961761056,0.0,0.0,0.059871,26.3,0.0,25.4678221122064,0.059871,0.059871,0.0,0.0,0.059871,0.0,0.0,0.0,0.059871,0.0,0.059871,0.0 
 07/21  02:02:00,24.0,27.480871927017937,25.4576584191142,27.480871927017937,0.0,4355.892424870808,25.4576584191142,0.0,0.0,0.059871,26.3,0.0,25.462729961761056,0.059871,0.059871,0.0,0.0,0.059871,0.0,0.0,0.0,0.059871,0.0,0.059871,0.0 
 07/21  02:03:00,24.0,27.493717594141266,25.452607381133987,27.493717594141266,0.0,4403.276347576316,25.452607381133987,0.0,0.0,0.059871,26.3,0.0,25.4576584191142,0.059871,0.059871,0.0,0.0,0.059871,0.0,0.0,0.0,0.059871,0.0,0.059871,0.0 
 07/21  02:04:00,24.0,27.506498343505935,25.447576833916628,27.506498343505935,0.0,4450.420807587593,25.447576833916628,0.0,0.0,0.059871,26.3,0.0,25.452607381133987,0.059871,0.059871,0.0,0.0,0.059871,0.0,0.0,0.0,0.059871,0.0,0.059871,0.0 
 07/21  02:05:00,24.0,27.519222948219124,25.442566683478027,27.519222948219124,0.0,4497.3581663404775,25.442566683478027,0.0,0.0,0.059871,26.3,0.0,25.447576833916628,0.059871,0.059871,0.0,0.0,0.059871,0.0,0.0,0.0,0.059871,0.0,0.059871,0.0 
 07/21  02:06:00,24.0,27.531881071381427,25.437576922804446,27.531881071381427,0.0,4544.050294025305,25.437576922804446,0.0,0.0,0.059871,26.3,0.0,25.442566683478027,0.059871,0.059871,0.0,0.0,0.059871,0.0,0.0,0.0,0.059871,0.0,0.059871,0.0 
 07/21  02:07:00,24.0,27.544481559560623,25.43260746597357,27.544481559560623,0.0,4590.529823052675,25.43260746597357,0.0,0.0,0.059871,26.3,0.0,25.437576922804446,0.059871,0.059871,0.0,0.0,0.059871,0.0,0.0,0.0,0.059871,0.0,0.059871,0.0 
 07/21  02:08:00,24.0,27.5570143277103,25.427658311928827,27.5570143277103,0.0,4636.759552625213,25.427658311928827,0.0,0.0,0.059871,26.3,0.0,25.43260746597357,0.059871,0.059871,0.0,0.0,0.059871,0.0,0.0,0.0,0.059871,0.0,0.059871,0.0 
 07/21  02:09:00,24.0,27.569488266950533,25.422729378803005,27.569488266950533,0.0,4682.772279493947,25.422729378803005,0.0,0.0,0.059871,26.3,0.0,25.427658311928827,0.059871,0.059871,0.0,0.0,0.059871,0.0,0.0,0.0,0.059871,0.0,0.059871,0.0 
 07/21  02:10:00,24.0,27.58189352606489,25.417820670642556,27.58189352606489,0.0,4728.531665392152,25.417820670642556,0.0,0.0,0.059871,26.3,0.0,25.422729378803005,0.059871,0.059871,0.0,0.0,0.059871,0.0,0.0,0.0,0.059871,0.0,0.059871,0.0 
 07/21  02:11:00,24.0,27.594239016624474,25.412932109649244,27.594239016624474,0.0,4774.070582508775,25.412932109649244,0.0,0.0,0.059871,26.3,0.0,25.417820670642556,0.059871,0.059871,0.0,0.0,0.059871,0.0,0.0,0.0,0.059871,0.0,0.059871,0.0 
 07/21  02:12:00,24.0,27.606515106126015,25.40806370268157,27.606515106126015,0.0,4819.353499346198,25.40806370268157,0.0,0.0,0.059871,26.3,0.0,25.412932109649244,0.059871,0.059871,0.0,0.0,0.059871,0.0,0.0,0.0,0.059871,0.0,0.059871,0.0 
 07/21  02:13:00,24.0,27.61873070639325,25.403215374456305,27.61873070639325,0.0,4864.413289025229,25.403215374456305,0.0,0.0,0.059871,26.3,0.0,25.40806370268157,0.059871,0.059871,0.0,0.0,0.059871,0.0,0.0,0.0,0.059871,0.0,0.059871,0.0 
 07/21  02:14:00,24.0,27.630876390803383,25.39838713398065,27.630876390803383,0.0,4909.215179481348,25.39838713398065,0.0,0.0,0.059871,26.3,0.0,25.403215374456305,0.059871,0.059871,0.0,0.0,0.059871,0.0,0.0,0.0,0.059871,0.0,0.059871,0.0 
 07/21  02:15:00,24.0,27.642961054438025,25.39357890750428,27.642961054438025,0.0,4953.7919820785555,25.39357890750428,0.0,0.0,0.059871,26.3,0.0,25.39838713398065,0.059871,0.059871,0.0,0.0,0.059871,0.0,0.0,0.0,0.059871,0.0,0.059871,0.0 
 07/21  02:16:00,24.0,27.654975465536666,25.388790704650752,27.654975465536666,0.0,4998.109643542493,25.388790704650752,0.0,0.0,0.059871,26.3,0.0,25.39357890750428,0.059871,0.059871,0.0,0.0,0.059871,0.0,0.0,0.0,0.059871,0.0,0.059871,0.0 
 07/21  02:17:00,24.0,27.666928488099273,25.384022453263828,27.666928488099273,0.0,5042.2008605860265,25.384022453263828,0.0,0.0,0.059871,26.3,0.0,25.388790704650752,0.059871,0.059871,0.0,0.0,0.059871,0.0,0.0,0.0,0.059871,0.0,0.059871,0.0 
 07/21  02:18:00,24.0,27.67881107566535,25.379274164105254,27.67881107566535,0.0,5086.032263452603,25.379274164105254,0.0,0.0,0.059871,26.3,0.0,25.384022453263828,0.059871,0.059871,0.0,0.0,0.059871,0.0,0.0,0.0,0.059871,0.0,0.059871,0.0 
 07/21  02:19:00,24.0,27.6906320490329,25.374545764140255,27.6906320490329,0.0,5129.636389495572,25.374545764140255,0.0,0.0,0.059871,26.3,0.0,25.379274164105254,0.059871,0.059871,0.0,0.0,0.059871,0.0,0.0,0.0,0.059871,0.0,0.059871,0.0 
 07/21  02:20:00,24.0,27.702382538657965,25.3698372644373,27.702382538657965,0.0,5172.980521551958,25.3698372644373,0.0,0.0,0.059871,26.3,0.0,25.374545764140255,0.059871,0.059871,0.0,0.0,0.059871,0.0,0.0,0.0,0.059871,0.0,0.059871,0.0 
 07/21  02:21:00,24.0,27.714071311884737,25.365148592764264,27.714071311884737,0.0,5216.096999799611,25.365148592764264,0.0,0.0,0.059871,26.3,0.0,25.3698372644373,0.059871,0.059871,0.0,0.0,0.059871,0.0,0.0,0.0,0.059871,0.0,0.059871,0.0 
 07/21  02:22:00,24.0,27.725689668665055,25.360479757969095,27.725689668665055,0.0,5258.953732296104,25.360479757969095,0.0,0.0,0.059871,26.3,0.0,25.365148592764264,0.059871,0.059871,0.0,0.0,0.059871,0.0,0.0,0.0,0.059871,0.0,0.059871,0.0 
 07/21  02:23:00,24.0,27.73724631422062,25.355830688399234,27.73724631422062,0.0,5301.58283006755,25.355830688399234,0.0,0.0,0.059871,26.3,0.0,25.360479757969095,0.059871,0.059871,0.0,0.0,0.059871,0.0,0.0,0.0,0.059871,0.0,0.059871,0.0 
 07/21  02:24:00,24.0,27.74873271137094,25.351201393704436,27.74873271137094,0.0,5343.952801942905,25.351201393704436,0.0,0.0,0.059871,26.3,0.0,25.355830688399234,0.059871,0.059871,0.0,0.0,0.059871,0.0,0.0,0.0,0.059871,0.0,0.059871,0.0 
 07/21  02:25:00,24.0,27.76015749589578,25.346591799210994,27.76015749589578,0.0,5386.09550279717,25.346591799210994,0.0,0.0,0.059871,26.3,0.0,25.351201393704436,0.059871,0.059871,0.0,0.0,0.059871,0.0,0.0,0.0,0.059871,0.0,0.059871,0.0 
 07/21  02:26:00,24.0,27.77151228751191,25.3420019141382,27.77151228751191,0.0,5427.9800202076285,25.3420019141382,0.0,0.0,0.059871,26.3,0.0,25.346591799210994,0.059871,0.059871,0.0,0.0,0.059871,0.0,0.0,0.0,0.059871,0.0,0.059871,0.0 
 07/21  02:27:00,24.0,27.78280564639304,25.33743166485583,27.78280564639304,0.0,5469.637930160566,25.33743166485583,0.0,0.0,0.059871,26.3,0.0,25.3420019141382,0.059871,0.059871,0.0,0.0,0.059871,0.0,0.0,0.0,0.059871,0.0,0.059871,0.0 
 07/21  02:28:00,24.0,27.79402934373274,25.33288105650212,27.79402934373274,0.0,5511.038878986988,25.33288105650212,0.0,0.0,0.059871,26.3,0.0,25.33743166485583,0.059871,0.059871,0.0,0.0,0.059871,0.0,0.0,0.0,0.059871,0.0,0.059871,0.0 
 07/21  02:29:00,24.0,27.80519185892814,25.328350015812926,27.80519185892814,0.0,5552.214144711979,25.328350015812926,0.0,0.0,0.059871,26.3,0.0,25.33288105650212,0.059871,0.059871,0.0,0.0,0.059871,0.0,0.0,0.0,0.059871,0.0,0.059871,0.0 
 07/21  02:30:00,24.0,27.816285109692217,25.32383854910938,27.816285109692217,0.0,5593.133914133941,25.32383854910938,0.0,0.0,0.059871,26.3,0.0,25.328350015812926,0.059871,0.059871,0.0,0.0,0.059871,0.0,0.0,0.0,0.059871,0.0,0.059871,0.0 
 07/21  02:31:00,24.0,27.827317490332742,25.319346578706654,27.827317490332742,0.0,5633.829151408072,25.319346578706654,0.0,0.0,0.059871,26.3,0.0,25.32383854910938,0.059871,0.059871,0.0,0.0,0.059871,0.0,0.0,0.0,0.059871,0.0,0.059871,0.0 
 07/21  02:32:00,24.0,27.838281060517584,25.314874110369015,27.838281060517584,0.0,5674.270566963005,25.314874110369015,0.0,0.0,0.059871,26.3,0.0,25.319346578706654,0.059871,0.059871,0.0,0.0,0.059871,0.0,0.0,0.0,0.059871,0.0,0.059871,0.0 
 07/21  02:33:00,24.0,27.84918412589509,25.31042106819169,27.84918412589509,0.0,5714.488797915187,25.31042106819169,0.0,0.0,0.059871,26.3,0.0,25.314874110369015,0.059871,0.059871,0.0,0.0,0.059871,0.0,0.0,0.0,0.059871,0.0,0.059871,0.0 
 07/21  02:34:00,24.0,27.86001888385924,25.305987452597115,27.86001888385924,0.0,5754.455062724728,25.305987452597115,0.0,0.0,0.059871,26.3,0.0,25.31042106819169,0.059871,0.059871,0.0,0.0,0.059871,0.0,0.0,0.0,0.059871,0.0,0.059871,0.0 
 07/21  02:35:00,24.0,27.870793548473735,25.301573188257443,27.870793548473735,0.0,5794.199660678987,25.301573188257443,0.0,0.0,0.059871,26.3,0.0,25.305987452597115,0.059871,0.059871,0.0,0.0,0.059871,0.0,0.0,0.0,0.059871,0.0,0.059871,0.0 
 07/21  02:36:00,24.0,27.881500450918594,25.297178277516537,27.881500450918594,0.0,5833.694303735801,25.297178277516537,0.0,0.0,0.059871,26.3,0.0,25.301573188257443,0.059871,0.059871,0.0,0.0,0.059871,0.0,0.0,0.0,0.059871,0.0,0.059871,0.0 
 07/21  02:37:00,24.0,27.892147711308922,25.292802639687455,27.892147711308922,0.0,5872.968944633549,25.292802639687455,0.0,0.0,0.059871,26.3,0.0,25.297178277516537,0.059871,0.059871,0.0,0.0,0.059871,0.0,0.0,0.0,0.059871,0.0,0.059871,0.0 
 07/21  02:38:00,24.0,27.90272779092093,25.288446276758616,27.90272779092093,0.0,5911.995775216997,25.288446276758616,0.0,0.0,0.059871,26.3,0.0,25.292802639687455,0.059871,0.059871,0.0,0.0,0.059871,0.0,0.0,0.0,0.059871,0.0,0.059871,0.0 
 07/21  02:39:00,24.0,27.913248714046535,25.28410911078004,27.913248714046535,0.0,5950.804394760689,25.28410911078004,0.0,0.0,0.059871,26.3,0.0,25.288446276758616,0.059871,0.059871,0.0,0.0,0.059871,0.0,0.0,0.0,0.059871,0.0,0.059871,0.0 
 07/21  02:40:00,24.0,27.923703068586576,25.279791137530424,27.923703068586576,0.0,5989.367462190771,25.279791137530424,0.0,0.0,0.059871,26.3,0.0,25.28410911078004,0.059871,0.059871,0.0,0.0,0.059871,0.0,0.0,0.0,0.059871,0.0,0.059871,0.0 
 07/21  02:41:00,24.0,27.934098781562327,25.275492280059208,27.934098781562327,0.0,6027.714217978719,25.275492280059208,0.0,0.0,0.059871,26.3,0.0,25.279791137530424,0.059871,0.059871,0.0,0.0,0.059871,0.0,0.0,0.0,0.059871,0.0,0.059871,0.0 
 07/21  02:42:00,24.0,27.9444285642194,25.27121253695531,27.9444285642194,0.0,6065.8177760336,25.27121253695531,0.0,0.0,0.059871,26.3,0.0,25.275492280059208,0.059871,0.059871,0.0,0.0,0.059871,0.0,0.0,0.0,0.059871,0.0,0.059871,0.0 
 07/21  02:43:00,24.0,27.95470024523445,25.266951825282923,27.95470024523445,0.0,6103.707014062256,25.266951825282923,0.0,0.0,0.059871,26.3,0.0,25.27121253695531,0.059871,0.059871,0.0,0.0,0.059871,0.0,0.0,0.0,0.059871,0.0,0.059871,0.0 
 07/21  02:44:00,24.0,27.964906656087607,25.262710143648576,27.964906656087607,0.0,6141.3554894838535,25.262710143648576,0.0,0.0,0.059871,26.3,0.0,25.266951825282923,0.059871,0.059871,0.0,0.0,0.059871,0.0,0.0,0.0,0.059871,0.0,0.059871,0.0 
 07/21  02:45:00,24.0,27.97505552636354,25.258487412876924,27.97505552636354,0.0,6178.7917144837775,25.258487412876924,0.0,0.0,0.059871,26.3,0.0,25.262710143648576,0.059871,0.059871,0.0,0.0,0.059871,0.0,0.0,0.0,0.059871,0.0,0.059871,0.0 
 07/21  02:46:00,24.0,27.985139804817564,25.254283624786655,27.985139804817564,0.0,6215.98967907516,25.254283624786655,0.0,0.0,0.059871,26.3,0.0,25.258487412876924,0.059871,0.059871,0.0,0.0,0.059871,0.0,0.0,0.0,0.059871,0.0,0.059871,0.0 
 07/21  02:47:00,24.0,27.995167121480787,25.250098701724884,27.995167121480787,0.0,6252.977528219317,25.250098701724884,0.0,0.0,0.059871,26.3,0.0,25.254283624786655,0.059871,0.059871,0.0,0.0,0.059871,0.0,0.0,0.0,0.059871,0.0,0.059871,0.0 
 07/21  02:48:00,24.0,28.00513053955968,25.245932639247975,28.00513053955968,0.0,6289.729674106361,25.245932639247975,0.0,0.0,0.059871,26.3,0.0,25.250098701724884,0.059871,0.059871,0.0,0.0,0.059871,0.0,0.0,0.0,0.059871,0.0,0.059871,0.0 
 07/21  02:49:00,24.0,28.015037589320286,25.241785353339022,28.015037589320286,0.0,6326.273893693342,25.241785353339022,0.0,0.0,0.059871,26.3,0.0,25.245932639247975,0.059871,0.059871,0.0,0.0,0.059871,0.0,0.0,0.0,0.059871,0.0,0.059871,0.0 
 07/21  02:50:00,24.0,28.0248814457182,25.237656840040213,28.0248814457182,0.0,6362.585011380311,25.237656840040213,0.0,0.0,0.059871,26.3,0.0,25.241785353339022,0.059871,0.059871,0.0,0.0,0.059871,0.0,0.0,0.0,0.059871,0.0,0.059871,0.0 
 07/21  02:51:00,24.0,28.034669539261593,25.23354702010825,28.034669539261593,0.0,6398.690436146612,25.23354702010825,0.0,0.0,0.059871,26.3,0.0,25.237656840040213,0.059871,0.059871,0.0,0.0,0.059871,0.0,0.0,0.0,0.059871,0.0,0.059871,0.0 
 07/21  02:52:00,24.0,28.044395154063867,25.229455882472806,28.044395154063867,0.0,6434.56539504366,25.229455882472806,0.0,0.0,0.059871,26.3,0.0,25.23354702010825,0.059871,0.059871,0.0,0.0,0.059871,0.0,0.0,0.0,0.059871,0.0,0.059871,0.0 
 07/21  02:53:00,24.0,28.054065621073608,25.225383349990256,28.054065621073608,0.0,6470.236929804478,25.225383349990256,0.0,0.0,0.059871,26.3,0.0,25.229455882472806,0.059871,0.059871,0.0,0.0,0.059871,0.0,0.0,0.0,0.059871,0.0,0.059871,0.0 
 07/21  02:54:00,24.0,28.063674331071766,25.221329416243098,28.063674331071766,0.0,6505.680660945964,25.221329416243098,0.0,0.0,0.059871,26.3,0.0,25.225383349990256,0.059871,0.059871,0.0,0.0,0.059871,0.0,0.0,0.0,0.059871,0.0,0.059871,0.0 
 07/21  02:55:00,24.0,28.073228515812502,25.217293997583482,28.073228515812502,0.0,6540.923264301846,25.217293997583482,0.0,0.0,0.059871,26.3,0.0,25.221329416243098,0.059871,0.059871,0.0,0.0,0.059871,0.0,0.0,0.0,0.059871,0.0,0.059871,0.0 
 07/21  02:56:00,24.0,28.08272167034686,25.21327708862063,28.08272167034686,0.0,6575.940745011012,25.21327708862063,0.0,0.0,0.059871,26.3,0.0,25.217293997583482,0.059871,0.059871,0.0,0.0,0.059871,0.0,0.0,0.0,0.059871,0.0,0.059871,0.0 
 07/21  02:57:00,24.0,28.09216092774503,25.20927861145952,28.09216092774503,0.0,6610.759414890754,25.20927861145952,0.0,0.0,0.059871,26.3,0.0,25.21327708862063,0.059871,0.059871,0.0,0.0,0.059871,0.0,0.0,0.0,0.059871,0.0,0.059871,0.0 
 07/21  02:58:00,24.0,28.101539885016326,25.205298553541667,28.101539885016326,0.0,6645.355655174317,25.205298553541667,0.0,0.0,0.059871,26.3,0.0,25.20927861145952,0.059871,0.059871,0.0,0.0,0.059871,0.0,0.0,0.0,0.059871,0.0,0.059871,0.0 
 07/21  02:59:00,24.0,28.110865577183763,25.201336839709384,28.110865577183763,0.0,6679.755416011535,25.201336839709384,0.0,0.0,0.059871,26.3,0.0,25.205298553541667,0.059871,0.059871,0.0,0.0,0.059871,0.0,0.0,0.0,0.059871,0.0,0.059871,0.0 
 07/21  03:00:00,24.0,28.120131700982537,25.19739346296177,28.120131700982537,0.0,6713.935446495393,25.19739346296177,0.0,0.0,0.059871,26.3,0.0,25.201336839709384,0.059871,0.059871,0.0,0.0,0.059871,0.0,0.0,0.0,0.059871,0.0,0.059871,0.0,49104000.0 
 07/21  03:01:00,24.0,28.12934519413488,25.193468341784133,28.12934519413488,0.0,6747.921337861485,25.193468341784133,0.0,0.0,0.059871,26.3,0.0,25.19739346296177,0.059871,0.059871,0.0,0.0,0.059871,0.0,0.0,0.0,0.059871,0.0,0.059871,0.0 
 07/21  03:02:00,24.0,28.13849985094355,25.189561470850684,28.13849985094355,0.0,6781.690199101049,25.189561470850684,0.0,0.0,0.059871,26.3,0.0,25.193468341784133,0.059871,0.059871,0.0,0.0,0.059871,0.0,0.0,0.0,0.059871,0.0,0.059871,0.0 
 07/21  03:03:00,24.0,28.147602512670982,25.185672775380223,28.147602512670982,0.0,6815.267265637644,25.185672775380223,0.0,0.0,0.059871,26.3,0.0,25.189561470850684,0.059871,0.059871,0.0,0.0,0.059871,0.0,0.0,0.0,0.059871,0.0,0.059871,0.0 
 07/21  03:04:00,24.0,28.156647069098458,25.181802243177962,28.156647069098458,0.0,6848.629998654978,25.181802243177962,0.0,0.0,0.059871,26.3,0.0,25.185672775380223,0.059871,0.059871,0.0,0.0,0.059871,0.0,0.0,0.0,0.059871,0.0,0.059871,0.0 
 07/21  03:05:00,24.0,28.165640265951033,25.17794980297325,28.165640265951033,0.0,6881.803281167022,25.17794980297325,0.0,0.0,0.059871,26.3,0.0,25.181802243177962,0.059871,0.059871,0.0,0.0,0.059871,0.0,0.0,0.0,0.059871,0.0,0.059871,0.0 
 07/21  03:06:00,24.0,28.17457608646471,25.174115449097254,28.17457608646471,0.0,6914.76491908471,25.174115449097254,0.0,0.0,0.059871,26.3,0.0,25.17794980297325,0.059871,0.059871,0.0,0.0,0.059871,0.0,0.0,0.0,0.059871,0.0,0.059871,0.0 
 07/21  03:07:00,24.0,28.183461181819133,25.17029910449631,28.183461181819133,0.0,6947.539446671553,25.17029910449631,0.0,0.0,0.059871,26.3,0.0,25.174115449097254,0.059871,0.059871,0.0,0.0,0.059871,0.0,0.0,0.0,0.059871,0.0,0.059871,0.0 
 07/21  03:08:00,24.0,28.19228962674267,25.166500766061567,28.19228962674267,0.0,6980.105007327184,25.166500766061567,0.0,0.0,0.059871,26.3,0.0,25.17029910449631,0.059871,0.059871,0.0,0.0,0.059871,0.0,0.0,0.0,0.059871,0.0,0.059871,0.0 
 07/21  03:09:00,24.0,28.20106797892073,25.16272036459439,28.20106797892073,0.0,7012.485790442088,25.16272036459439,0.0,0.0,0.059871,26.3,0.0,25.166500766061567,0.059871,0.059871,0.0,0.0,0.059871,0.0,0.0,0.0,0.059871,0.0,0.059871,0.0 
 07/21  03:10:00,24.0,28.209790402669935,25.15895789099047,28.209790402669935,0.0,7044.660269880874,25.15895789099047,0.0,0.0,0.059871,26.3,0.0,25.16272036459439,0.059871,0.059871,0.0,0.0,0.059871,0.0,0.0,0.0,0.059871,0.0,0.059871,0.0 
 07/21  03:11:00,24.0,28.21846336328254,25.155213280694706,28.21846336328254,0.0,7076.65229422264,25.155213280694706,0.0,0.0,0.059871,26.3,0.0,25.15895789099047,0.059871,0.059871,0.0,0.0,0.059871,0.0,0.0,0.0,0.059871,0.0,0.059871,0.0 
 07/21  03:12:00,24.0,28.227081112814552,25.15148653240585,28.227081112814552,0.0,7108.4406609769485,25.15148653240585,0.0,0.0,0.059871,26.3,0.0,25.155213280694706,0.059871,0.059871,0.0,0.0,0.059871,0.0,0.0,0.0,0.059871,0.0,0.059871,0.0 
 07/21  03:13:00,24.0,28.23565002530768,25.14777757715657,28.23565002530768,0.0,7140.048882126266,25.14777757715657,0.0,0.0,0.059871,26.3,0.0,25.15148653240585,0.059871,0.059871,0.0,0.0,0.059871,0.0,0.0,0.0,0.059871,0.0,0.059871,0.0 
 07/21  03:14:00,24.0,28.24416443876116,25.144086417717507,28.24416443876116,0.0,7171.456072199694,25.144086417717507,0.0,0.0,0.059871,26.3,0.0,25.14777757715657,0.059871,0.059871,0.0,0.0,0.059871,0.0,0.0,0.0,0.059871,0.0,0.059871,0.0 
 07/21  03:15:00,24.0,28.252630637143053,25.140412994688642,28.252630637143053,0.0,7202.685410924223,25.140412994688642,0.0,0.0,0.059871,26.3,0.0,25.144086417717507,0.059871,0.059871,0.0,0.0,0.059871,0.0,0.0,0.0,0.059871,0.0,0.059871,0.0 
 07/21  03:16:00,24.0,28.26104304264989,25.13675730693515,28.26104304264989,0.0,7233.716323408289,25.13675730693515,0.0,0.0,0.059871,26.3,0.0,25.140412994688642,0.059871,0.059871,0.0,0.0,0.059871,0.0,0.0,0.0,0.059871,0.0,0.059871,0.0 
 07/21  03:17:00,24.0,28.26940785038066,25.133119301913784,28.26940785038066,0.0,7264.5716615667425,25.133119301913784,0.0,0.0,0.059871,26.3,0.0,25.13675730693515,0.059871,0.059871,0.0,0.0,0.059871,0.0,0.0,0.0,0.059871,0.0,0.059871,0.0 
 07/21  03:18:00,24.0,28.27771956503145,25.12949898873347,28.27771956503145,0.0,7295.231154824814,25.12949898873347,0.0,0.0,0.059871,26.3,0.0,25.133119301913784,0.059871,0.059871,0.0,0.0,0.059871,0.0,0.0,0.0,0.059871,0.0,0.059871,0.0 
 07/21  03:19:00,24.0,28.285984294058544,25.125896313814643,28.285984294058544,0.0,7325.717331809001,25.125896313814643,0.0,0.0,0.059871,26.3,0.0,25.12949898873347,0.059871,0.059871,0.0,0.0,0.059871,0.0,0.0,0.0,0.059871,0.0,0.059871,0.0 
 07/21  03:20:00,24.0,28.29419662300593,25.122311293906634,28.29419662300593,0.0,7356.010220168882,25.122311293906634,0.0,0.0,0.059871,26.3,0.0,25.125896313814643,0.059871,0.059871,0.0,0.0,0.059871,0.0,0.0,0.0,0.059871,0.0,0.059871,0.0 
 07/21  03:21:00,24.0,28.3023625729303,25.118743889089547,28.3023625729303,0.0,7386.132029828009,25.118743889089547,0.0,0.0,0.059871,26.3,0.0,25.122311293906634,0.059871,0.059871,0.0,0.0,0.059871,0.0,0.0,0.0,0.059871,0.0,0.059871,0.0 
 07/21  03:22:00,24.0,28.310476808616258,25.115194118040822,28.310476808616258,0.0,7416.063080731506,25.115194118040822,0.0,0.0,0.059871,26.3,0.0,25.118743889089547,0.059871,0.059871,0.0,0.0,0.059871,0.0,0.0,0.0,0.059871,0.0,0.059871,0.0 
 07/21  03:23:00,24.0,28.318545265976024,25.11166195420151,28.318545265976024,0.0,7445.825268729777,25.11166195420151,0.0,0.0,0.059871,26.3,0.0,25.115194118040822,0.059871,0.059871,0.0,0.0,0.059871,0.0,0.0,0.0,0.059871,0.0,0.059871,0.0 
 07/21  03:24:00,24.0,28.326535940296836,25.108147822237125,28.326535940296836,0.0,7475.300537763851,25.108147822237125,0.0,0.0,0.059871,26.3,0.0,25.11166195420151,0.059871,0.059871,0.0,0.0,0.059871,0.0,0.0,0.0,0.059871,0.0,0.059871,0.0 
 07/21  03:25:00,24.0,28.334495134864575,25.104651333379994,28.334495134864575,0.0,7504.659687162239,25.104651333379994,0.0,0.0,0.059871,26.3,0.0,25.108147822237125,0.059871,0.059871,0.0,0.0,0.059871,0.0,0.0,0.0,0.059871,0.0,0.059871,0.0 
 07/21  03:26:00,24.0,28.34240001490024,25.10117271930964,28.34240001490024,0.0,7533.818486079422,25.10117271930964,0.0,0.0,0.059871,26.3,0.0,25.104651333379994,0.059871,0.059871,0.0,0.0,0.059871,0.0,0.0,0.0,0.059871,0.0,0.059871,0.0 
 07/21  03:27:00,24.0,28.350252714271704,25.09771206395094,28.350252714271704,0.0,7562.784805732172,25.09771206395094,0.0,0.0,0.059871,26.3,0.0,25.10117271930964,0.059871,0.059871,0.0,0.0,0.059871,0.0,0.0,0.0,0.059871,0.0,0.059871,0.0 
 07/21  03:28:00,24.0,28.358054191425012,25.094269369884177,28.358054191425012,0.0,7591.562181548625,25.094269369884177,0.0,0.0,0.059871,26.3,0.0,25.09771206395094,0.059871,0.059871,0.0,0.0,0.059871,0.0,0.0,0.0,0.059871,0.0,0.059871,0.0 
 07/21  03:29:00,24.0,28.365811558483678,25.090844642837567,28.365811558483678,0.0,7620.176848079918,25.090844642837567,0.0,0.0,0.059871,26.3,0.0,25.094269369884177,0.059871,0.059871,0.0,0.0,0.059871,0.0,0.0,0.0,0.059871,0.0,0.059871,0.0 
 07/21  03:30:00,24.0,28.37352153374421,25.087438022898887,28.37352153374421,0.0,7648.616700078178,25.087438022898887,0.0,0.0,0.059871,26.3,0.0,25.090844642837567,0.059871,0.059871,0.0,0.0,0.059871,0.0,0.0,0.0,0.059871,0.0,0.059871,0.0 
 07/21  03:31:00,24.0,28.381190173418428,25.084049736415302,28.381190173418428,0.0,7676.9040771439995,25.084049736415302,0.0,0.0,0.059871,26.3,0.0,25.087438022898887,0.059871,0.059871,0.0,0.0,0.059871,0.0,0.0,0.0,0.059871,0.0,0.059871,0.0 
 07/21  03:32:00,24.0,28.388812821933236,25.08068038363618,28.388812821933236,0.0,7705.021806224877,25.08068038363618,0.0,0.0,0.059871,26.3,0.0,25.084049736415302,0.059871,0.059871,0.0,0.0,0.059871,0.0,0.0,0.0,0.059871,0.0,0.059871,0.0 
 07/21  03:33:00,24.0,28.396394391562605,25.0773300560184,28.396394391562605,0.0,7732.988007268023,25.0773300560184,0.0,0.0,0.059871,26.3,0.0,25.08068038363618,0.059871,0.059871,0.0,0.0,0.059871,0.0,0.0,0.0,0.059871,0.0,0.059871,0.0 
 07/21  03:34:00,24.0,28.403929755418627,25.073998311756924,28.403929755418627,0.0,7760.783768677966,25.073998311756924,0.0,0.0,0.059871,26.3,0.0,25.0773300560184,0.059871,0.059871,0.0,0.0,0.059871,0.0,0.0,0.0,0.059871,0.0,0.059871,0.0 
 07/21  03:35:00,24.0,28.41142378446841,25.07068459982975,28.41142378446841,0.0,7788.427058032944,25.07068459982975,0.0,0.0,0.059871,26.3,0.0,25.073998311756924,0.059871,0.059871,0.0,0.0,0.059871,0.0,0.0,0.0,0.059871,0.0,0.059871,0.0 
 07/21  03:36:00,24.0,28.41887160497172,25.067388522910633,28.41887160497172,0.0,7815.899897525442,25.067388522910633,0.0,0.0,0.059871,26.3,0.0,25.07068459982975,0.059871,0.059871,0.0,0.0,0.059871,0.0,0.0,0.0,0.059871,0.0,0.059871,0.0 
 07/21  03:37:00,24.0,28.426278234500924,25.06410972879379,28.426278234500924,0.0,7843.220795517786,25.06410972879379,0.0,0.0,0.059871,26.3,0.0,25.067388522910633,0.059871,0.059871,0.0,0.0,0.059871,0.0,0.0,0.0,0.059871,0.0,0.059871,0.0 
 07/21  03:38:00,24.0,28.433638993407854,25.060847977738664,28.433638993407854,0.0,7870.3724901515625,25.060847977738664,0.0,0.0,0.059871,26.3,0.0,25.06410972879379,0.059871,0.059871,0.0,0.0,0.059871,0.0,0.0,0.0,0.059871,0.0,0.059871,0.0 
 07/21  03:39:00,24.0,28.44095891651372,25.057603013142206,28.44095891651372,0.0,7897.373553415041,25.057603013142206,0.0,0.0,0.059871,26.3,0.0,25.060847977738664,0.059871,0.059871,0.0,0.0,0.059871,0.0,0.0,0.0,0.059871,0.0,0.059871,0.0 
 07/21  03:40:00,24.0,28.44823343233474,25.05437464501926,28.44823343233474,0.0,7924.2071224367055,25.05437464501926,0.0,0.0,0.059871,26.3,0.0,25.057603013142206,0.059871,0.059871,0.0,0.0,0.059871,0.0,0.0,0.0,0.059871,0.0,0.059871,0.0 
 07/21  03:41:00,24.0,28.45546754358905,25.051162655812423,28.45546754358905,0.0,7950.891650785943,25.051162655812423,0.0,0.0,0.059871,26.3,0.0,25.05437464501926,0.059871,0.059871,0.0,0.0,0.059871,0.0,0.0,0.0,0.059871,0.0,0.059871,0.0 
 07/21  03:42:00,24.0,28.462656764737837,25.04796689013262,28.462656764737837,0.0,7977.410592617175,25.04796689013262,0.0,0.0,0.059871,26.3,0.0,25.051162655812423,0.059871,0.059871,0.0,0.0,0.059871,0.0,0.0,0.0,0.059871,0.0,0.059871,0.0 
 07/21  03:43:00,24.0,28.469806051358002,25.044787155087043,28.469806051358002,0.0,8003.782227609499,25.044787155087043,0.0,0.0,0.059871,26.3,0.0,25.04796689013262,0.059871,0.059871,0.0,0.0,0.059871,0.0,0.0,0.0,0.059871,0.0,0.059871,0.0 
 07/21  03:44:00,24.0,28.47691099222803,25.041623321484035,28.47691099222803,0.0,8029.990284052228,25.041623321484035,0.0,0.0,0.059871,26.3,0.0,25.044787155087043,0.059871,0.059871,0.0,0.0,0.059871,0.0,0.0,0.0,0.059871,0.0,0.059871,0.0 
 07/21  03:45:00,24.0,28.483976486321957,25.038475223746556,28.483976486321957,0.0,8056.0528328329565,25.038475223746556,0.0,0.0,0.059871,26.3,0.0,25.041623321484035,0.059871,0.059871,0.0,0.0,0.059871,0.0,0.0,0.0,0.059871,0.0,0.059871,0.0 
 07/21  03:46:00,24.0,28.490998188873156,25.035342748073912,28.490998188873156,0.0,8081.953847373725,25.035342748073912,0.0,0.0,0.059871,26.3,0.0,25.038475223746556,0.059871,0.059871,0.0,0.0,0.059871,0.0,0.0,0.0,0.059871,0.0,0.059871,0.0 
 07/21  03:47:00,24.0,28.497980937669443,25.032225748814273,28.497980937669443,0.0,8107.711172863983,25.032225748814273,0.0,0.0,0.059871,26.3,0.0,25.035342748073912,0.059871,0.059871,0.0,0.0,0.059871,0.0,0.0,0.0,0.059871,0.0,0.059871,0.0 
 07/21  03:48:00,24.0,28.504920450212015,25.029124132206533,28.504920450212015,0.0,8133.309012413629,25.029124132206533,0.0,0.0,0.059871,26.3,0.0,25.032225748814273,0.059871,0.059871,0.0,0.0,0.059871,0.0,0.0,0.0,0.059871,0.0,0.059871,0.0 
 07/21  03:49:00,24.0,28.511821501546795,25.026037762315177,28.511821501546795,0.0,8158.764979775583,25.026037762315177,0.0,0.0,0.059871,26.3,0.0,25.029124132206533,0.059871,0.059871,0.0,0.0,0.059871,0.0,0.0,0.0,0.059871,0.0,0.059871,0.0 
 07/21  03:50:00,24.0,28.518679868971372,25.022966559033364,28.518679868971372,0.0,8184.0634986311625,25.022966559033364,0.0,0.0,0.059871,26.3,0.0,25.026037762315177,0.059871,0.059871,0.0,0.0,0.059871,0.0,0.0,0.0,0.059871,0.0,0.059871,0.0 
 07/21  03:51:00,24.0,28.52550026448867,25.019910403179836,28.52550026448867,0.0,8209.22195018606,25.019910403179836,0.0,0.0,0.059871,26.3,0.0,25.022966559033364,0.059871,0.059871,0.0,0.0,0.059871,0.0,0.0,0.0,0.059871,0.0,0.059871,0.0 
 07/21  03:52:00,24.0,28.532278523427347,25.01686921933747,28.532278523427347,0.0,8234.22497218131,25.01686921933747,0.0,0.0,0.059871,26.3,0.0,25.019910403179836,0.059871,0.059871,0.0,0.0,0.059871,0.0,0.0,0.0,0.059871,0.0,0.059871,0.0 
 07/21  03:53:00,24.0,28.53901929503413,25.013842899883606,28.53901929503413,0.0,8259.08971433325,25.013842899883606,0.0,0.0,0.059871,26.3,0.0,25.01686921933747,0.059871,0.059871,0.0,0.0,0.059871,0.0,0.0,0.0,0.059871,0.0,0.059871,0.0 
 07/21  03:54:00,24.0,28.545718471272842,25.01083138264217,28.545718471272842,0.0,8283.801023293554,25.01083138264217,0.0,0.0,0.059871,26.3,0.0,25.013842899883606,0.059871,0.059871,0.0,0.0,0.059871,0.0,0.0,0.0,0.059871,0.0,0.059871,0.0 
 07/21  03:55:00,24.0,28.552380639233203,25.007834562322344,28.552380639233203,0.0,8308.37581949946,25.007834562322344,0.0,0.0,0.059871,26.3,0.0,25.01083138264217,0.059871,0.059871,0.0,0.0,0.059871,0.0,0.0,0.0,0.059871,0.0,0.059871,0.0 
 07/21  03:56:00,24.0,28.55900174632072,25.004852384775255,28.55900174632072,0.0,8332.799154110875,25.004852384775255,0.0,0.0,0.059871,26.3,0.0,25.007834562322344,0.059871,0.059871,0.0,0.0,0.059871,0.0,0.0,0.0,0.059871,0.0,0.059871,0.0 
 07/21  03:57:00,24.0,28.565586318227435,25.001884756945728,28.565586318227435,0.0,8357.087721086886,25.001884756945728,0.0,0.0,0.059871,26.3,0.0,25.004852384775255,0.059871,0.059871,0.0,0.0,0.059871,0.0,0.0,0.0,0.059871,0.0,0.059871,0.0 
 07/21  03:58:00,24.0,28.57213035671975,24.99893162406639,28.57213035671975,0.0,8381.226772108894,24.99893162406639,0.0,0.0,0.059871,26.3,0.0,25.001884756945728,0.059871,0.059871,0.0,0.0,0.059871,0.0,0.0,0.0,0.059871,0.0,0.059871,0.0 
 07/21  03:59:00,24.0,28.578638326932786,24.995992900744227,28.578638326932786,0.0,8405.232777759178,24.995992900744227,0.0,0.0,0.059871,26.3,0.0,24.99893162406639,0.059871,0.059871,0.0,0.0,0.059871,0.0,0.0,0.0,0.059871,0.0,0.059871,0.0 
 07/21  04:00:00,24.0,28.585106283982604,24.993068542438234,28.585106283982604,0.0,8429.091186510446,24.993068542438234,0.0,0.0,0.059871,26.3,0.0,24.995992900744227,0.059871,0.059871,0.0,0.0,0.059871,0.0,0.0,0.0,0.059871,0.0,0.059871,0.0,49104000.0 
 07/21  04:01:00,24.0,28.591538633329783,24.990158462142062,28.591538633329783,0.0,8452.81824882299,24.990158462142062,0.0,0.0,0.059871,26.3,0.0,24.993068542438234,0.059871,0.059871,0.0,0.0,0.059871,0.0,0.0,0.0,0.059871,0.0,0.059871,0.0 
 07/21  04:02:00,24.0,28.59793148247682,24.987262620628076,28.59793148247682,0.0,8476.399606407846,24.987262620628076,0.0,0.0,0.059871,26.3,0.0,24.990158462142062,0.059871,0.059871,0.0,0.0,0.059871,0.0,0.0,0.0,0.059871,0.0,0.059871,0.0 
 07/21  04:03:00,24.0,28.604289178111824,24.984380941117305,28.604289178111824,0.0,8499.851292930776,24.984380941117305,0.0,0.0,0.059871,26.3,0.0,24.987262620628076,0.059871,0.059871,0.0,0.0,0.059871,0.0,0.0,0.0,0.059871,0.0,0.059871,0.0 
 07/21  04:04:00,24.0,28.610607879196788,24.981513380807534,28.610607879196788,0.0,8523.159139921867,24.981513380807534,0.0,0.0,0.059871,26.3,0.0,24.984380941117305,0.059871,0.059871,0.0,0.0,0.059871,0.0,0.0,0.0,0.059871,0.0,0.059871,0.0 
 07/21  04:05:00,24.0,28.616891874556433,24.978659868686954,28.616891874556433,0.0,8546.338967605752,24.978659868686954,0.0,0.0,0.059871,26.3,0.0,24.981513380807534,0.059871,0.059871,0.0,0.0,0.059871,0.0,0.0,0.0,0.059871,0.0,0.059871,0.0 
 07/21  04:06:00,24.0,28.623137373714997,24.97582037090775,28.623137373714997,0.0,8569.376794021879,24.97582037090775,0.0,0.0,0.059871,26.3,0.0,24.978659868686954,0.059871,0.059871,0.0,0.0,0.059871,0.0,0.0,0.0,0.059871,0.0,0.059871,0.0 
 07/21  04:07:00,24.0,28.62934860854225,24.97299481257064,28.62934860854225,0.0,8592.288229304668,24.97299481257064,0.0,0.0,0.059871,26.3,0.0,24.97582037090775,0.059871,0.059871,0.0,0.0,0.059871,0.0,0.0,0.0,0.059871,0.0,0.059871,0.0 
 07/21  04:08:00,24.0,28.635521838253055,24.970183163852482,28.635521838253055,0.0,8615.059474787813,24.970183163852482,0.0,0.0,0.059871,26.3,0.0,24.97299481257064,0.059871,0.059871,0.0,0.0,0.059871,0.0,0.0,0.0,0.059871,0.0,0.059871,0.0 
 07/21  04:09:00,24.0,28.64166123866547,24.967385359315063,28.64166123866547,0.0,8637.705933847283,24.967385359315063,0.0,0.0,0.059871,26.3,0.0,24.970183163852482,0.059871,0.059871,0.0,0.0,0.059871,0.0,0.0,0.0,0.059871,0.0,0.059871,0.0 
 07/21  04:10:00,24.0,28.647763117836735,24.964601363820872,28.647763117836735,0.0,8660.213987982079,24.964601363820872,0.0,0.0,0.059871,26.3,0.0,24.967385359315063,0.059871,0.059871,0.0,0.0,0.059871,0.0,0.0,0.0,0.059871,0.0,0.059871,0.0 
 07/21  04:11:00,24.0,28.653831596427743,24.96183111683718,28.653831596427743,0.0,8682.598837109463,24.96183111683718,0.0,0.0,0.059871,26.3,0.0,24.964601363820872,0.059871,0.059871,0.0,0.0,0.059871,0.0,0.0,0.0,0.059871,0.0,0.059871,0.0 
 07/21  04:12:00,24.0,28.659863030511193,24.959074591811657,28.659863030511193,0.0,8704.847039843495,24.959074591811657,0.0,0.0,0.059871,26.3,0.0,24.96183111683718,0.059871,0.059871,0.0,0.0,0.059871,0.0,0.0,0.0,0.059871,0.0,0.059871,0.0 
 07/21  04:13:00,24.0,28.665861486475077,24.956331722961593,28.665861486475077,0.0,8726.973595904465,24.956331722961593,0.0,0.0,0.059871,26.3,0.0,24.959074591811657,0.059871,0.059871,0.0,0.0,0.059871,0.0,0.0,0.0,0.059871,0.0,0.059871,0.0 
 07/21  04:14:00,24.0,28.671823367600986,24.953602487240946,28.671823367600986,0.0,8748.965238046312,24.953602487240946,0.0,0.0,0.059871,26.3,0.0,24.956331722961593,0.059871,0.059871,0.0,0.0,0.059871,0.0,0.0,0.0,0.059871,0.0,0.059871,0.0 
 07/21  04:15:00,24.0,28.677752686876183,24.95088682823579,28.677752686876183,0.0,8770.836769009611,24.95088682823579,0.0,0.0,0.059871,26.3,0.0,24.953602487240946,0.059871,0.059871,0.0,0.0,0.059871,0.0,0.0,0.0,0.059871,0.0,0.059871,0.0 
 07/21  04:16:00,24.0,28.683645894003803,24.948184716542332,28.683645894003803,0.0,8792.575092783827,24.948184716542332,0.0,0.0,0.059871,26.3,0.0,24.95088682823579,0.059871,0.059871,0.0,0.0,0.059871,0.0,0.0,0.0,0.059871,0.0,0.059871,0.0 
 07/21  04:17:00,24.0,28.689506949429695,24.945496100378257,28.689506949429695,0.0,8814.194818299593,24.945496100378257,0.0,0.0,0.059871,26.3,0.0,24.948184716542332,0.059871,0.059871,0.0,0.0,0.059871,0.0,0.0,0.0,0.059871,0.0,0.059871,0.0 
 07/21  04:18:00,24.0,28.69533234850965,24.942820959069383,28.69533234850965,0.0,8835.68301794567,24.942820959069383,0.0,0.0,0.059871,26.3,0.0,24.945496100378257,0.059871,0.059871,0.0,0.0,0.059871,0.0,0.0,0.0,0.059871,0.0,0.059871,0.0 
 07/21  04:19:00,24.0,28.70112599999386,24.94015923477812,28.70112599999386,0.0,8857.054109962528,24.94015923477812,0.0,0.0,0.059871,26.3,0.0,24.942820959069383,0.059871,0.059871,0.0,0.0,0.059871,0.0,0.0,0.0,0.059871,0.0,0.059871,0.0 
 07/21  04:20:00,24.0,28.706884444139632,24.937510910284075,28.706884444139632,0.0,8878.295332367528,24.937510910284075,0.0,0.0,0.059871,26.3,0.0,24.94015923477812,0.059871,0.059871,0.0,0.0,0.059871,0.0,0.0,0.0,0.059871,0.0,0.059871,0.0 
 07/21  04:21:00,24.0,28.712611538833254,24.93487593743973,28.712611538833254,0.0,8899.420915778992,24.93487593743973,0.0,0.0,0.059871,26.3,0.0,24.937510910284075,0.059871,0.059871,0.0,0.0,0.059871,0.0,0.0,0.0,0.059871,0.0,0.059871,0.0 
 07/21  04:22:00,24.0,28.71830386849958,24.932254292081765,28.71830386849958,0.0,8920.418261135506,24.932254292081765,0.0,0.0,0.059871,26.3,0.0,24.93487593743973,0.059871,0.059871,0.0,0.0,0.059871,0.0,0.0,0.0,0.059871,0.0,0.059871,0.0 
 07/21  04:23:00,24.0,28.723965240978437,24.92964593081051,28.723965240978437,0.0,8941.30141444858,24.92964593081051,0.0,0.0,0.059871,26.3,0.0,24.932254292081765,0.059871,0.059871,0.0,0.0,0.059871,0.0,0.0,0.0,0.059871,0.0,0.059871,0.0 
 07/21  04:24:00,24.0,28.729592284144953,24.927050838682742,28.729592284144953,0.0,8962.057936932219,24.927050838682742,0.0,0.0,0.059871,26.3,0.0,24.92964593081051,0.059871,0.059871,0.0,0.0,0.059871,0.0,0.0,0.0,0.059871,0.0,0.059871,0.0 
 07/21  04:25:00,24.0,28.7351887565954,24.924468965848348,28.7351887565954,0.0,8982.701692952787,24.924468965848348,0.0,0.0,0.059871,26.3,0.0,24.927050838682742,0.059871,0.059871,0.0,0.0,0.059871,0.0,0.0,0.0,0.059871,0.0,0.059871,0.0 
 07/21  04:26:00,24.0,28.740751328953934,24.921900301112842,28.740751328953934,0.0,9003.220401413015,24.921900301112842,0.0,0.0,0.059871,26.3,0.0,24.924468965848348,0.059871,0.059871,0.0,0.0,0.059871,0.0,0.0,0.0,0.059871,0.0,0.059871,0.0 
 07/21  04:27:00,24.0,28.746283711361695,24.919344804960648,28.746283711361695,0.0,9023.627747942382,24.919344804960648,0.0,0.0,0.059871,26.3,0.0,24.921900301112842,0.059871,0.059871,0.0,0.0,0.059871,0.0,0.0,0.0,0.059871,0.0,0.059871,0.0 
 07/21  04:28:00,24.0,28.75178261650631,24.916802459051333,28.75178261650631,0.0,9043.911606603497,24.916802459051333,0.0,0.0,0.059871,26.3,0.0,24.919344804960648,0.059871,0.059871,0.0,0.0,0.059871,0.0,0.0,0.0,0.059871,0.0,0.059871,0.0 
 07/21  04:29:00,24.0,28.757251706847626,24.91427322907615,28.757251706847626,0.0,9064.085487143471,24.91427322907615,0.0,0.0,0.059871,26.3,0.0,24.916802459051333,0.059871,0.059871,0.0,0.0,0.059871,0.0,0.0,0.0,0.059871,0.0,0.059871,0.0 
 07/21  04:30:00,24.0,28.762687736466315,24.91175710672524,28.762687736466315,0.0,9084.13741631179,24.91175710672524,0.0,0.0,0.059871,26.3,0.0,24.91427322907615,0.059871,0.059871,0.0,0.0,0.059871,0.0,0.0,0.0,0.059871,0.0,0.059871,0.0 
 07/21  04:31:00,24.0,28.768094320900254,24.909254051248592,28.768094320900254,0.0,9104.08073077409,24.909254051248592,0.0,0.0,0.059871,26.3,0.0,24.91175710672524,0.059871,0.059871,0.0,0.0,0.059871,0.0,0.0,0.0,0.059871,0.0,0.059871,0.0 
 07/21  04:32:00,24.0,28.773468254967458,24.90676405874506,28.773468254967458,0.0,9123.903607548033,24.90676405874506,0.0,0.0,0.059871,26.3,0.0,24.909254051248592,0.059871,0.059871,0.0,0.0,0.059871,0.0,0.0,0.0,0.059871,0.0,0.059871,0.0 
 07/21  04:33:00,24.0,28.778813108028782,24.904287099813146,28.778813108028782,0.0,9143.619212965687,24.904287099813146,0.0,0.0,0.059871,26.3,0.0,24.90676405874506,0.059871,0.059871,0.0,0.0,0.059871,0.0,0.0,0.0,0.059871,0.0,0.059871,0.0 
 07/21  04:34:00,24.0,28.784125714998286,24.90182316365099,28.784125714998286,0.0,9163.215871947345,24.90182316365099,0.0,0.0,0.059871,26.3,0.0,24.904287099813146,0.059871,0.059871,0.0,0.0,0.059871,0.0,0.0,0.0,0.059871,0.0,0.059871,0.0 
 07/21  04:35:00,24.0,28.78940959979043,24.89937222696566,28.78940959979043,0.0,9182.706583186551,24.89937222696566,0.0,0.0,0.059871,26.3,0.0,24.90182316365099,0.059871,0.059871,0.0,0.0,0.059871,0.0,0.0,0.0,0.059871,0.0,0.059871,0.0 
 07/21  04:36:00,24.0,28.794661636787865,24.89693429024475,28.794661636787865,0.0,9202.079817191725,24.89693429024475,0.0,0.0,0.059871,26.3,0.0,24.89937222696566,0.059871,0.059871,0.0,0.0,0.059871,0.0,0.0,0.0,0.059871,0.0,0.059871,0.0 
 07/21  04:37:00,24.0,28.799885305175188,24.894509324333274,28.799885305175188,0.0,9221.348407661008,24.894509324333274,0.0,0.0,0.059871,26.3,0.0,24.89693429024475,0.059871,0.059871,0.0,0.0,0.059871,0.0,0.0,0.0,0.059871,0.0,0.059871,0.0 
 07/21  04:38:00,24.0,28.805077518189787,24.892097335354357,28.805077518189787,0.0,9240.500968426613,24.892097335354357,0.0,0.0,0.059871,26.3,0.0,24.894509324333274,0.059871,0.059871,0.0,0.0,0.059871,0.0,0.0,0.0,0.059871,0.0,0.059871,0.0 
 07/21  04:39:00,24.0,28.81024171098898,24.889698307136925,28.81024171098898,0.0,9259.550170782859,24.889698307136925,0.0,0.0,0.059871,26.3,0.0,24.892097335354357,0.059871,0.059871,0.0,0.0,0.059871,0.0,0.0,0.0,0.059871,0.0,0.059871,0.0 
 07/21  04:40:00,24.0,28.815374835064187,24.8873122398949,28.815374835064187,0.0,9278.484769669949,24.8873122398949,0.0,0.0,0.059871,26.3,0.0,24.889698307136925,0.059871,0.059871,0.0,0.0,0.059871,0.0,0.0,0.0,0.059871,0.0,0.059871,0.0 
 07/21  04:41:00,24.0,28.82048028223429,24.884939125275228,28.82048028223429,0.0,9297.317276519349,24.884939125275228,0.0,0.0,0.059871,26.3,0.0,24.8873122398949,0.059871,0.059871,0.0,0.0,0.059871,0.0,0.0,0.0,0.059871,0.0,0.059871,0.0 
 07/21  04:42:00,24.0,28.82555504165688,24.88257897691929,28.82555504165688,0.0,9316.0365852108,24.88257897691929,0.0,0.0,0.059871,26.3,0.0,24.884939125275228,0.059871,0.059871,0.0,0.0,0.059871,0.0,0.0,0.0,0.059871,0.0,0.059871,0.0 
 07/21  04:43:00,24.0,28.830602462487718,24.88023178228695,28.830602462487718,0.0,9334.6550498039,24.88023178228695,0.0,0.0,0.059871,26.3,0.0,24.88257897691929,0.059871,0.059871,0.0,0.0,0.059871,0.0,0.0,0.0,0.059871,0.0,0.059871,0.0 
 07/21  04:44:00,24.0,28.83561957097518,24.877897563070206,28.83561957097518,0.0,9353.161700995515,24.877897563070206,0.0,0.0,0.059871,26.3,0.0,24.88023178228695,0.059871,0.059871,0.0,0.0,0.059871,0.0,0.0,0.0,0.059871,0.0,0.059871,0.0 
 07/21  04:45:00,24.0,28.840609674273935,24.875576322727525,28.840609674273935,0.0,9371.568737915486,24.875576322727525,0.0,0.0,0.059871,26.3,0.0,24.877897563070206,0.059871,0.059871,0.0,0.0,0.059871,0.0,0.0,0.0,0.059871,0.0,0.059871,0.0 
 07/21  04:46:00,24.0,28.845569835159914,24.87326807968725,28.845569835159914,0.0,9389.865326000141,24.87326807968725,0.0,0.0,0.059871,26.3,0.0,24.875576322727525,0.059871,0.059871,0.0,0.0,0.059871,0.0,0.0,0.0,0.059871,0.0,0.059871,0.0 
 07/21  04:47:00,24.0,28.850503319435578,24.87097284885683,28.850503319435578,0.0,9408.063511843075,24.87097284885683,0.0,0.0,0.059871,26.3,0.0,24.87326807968725,0.059871,0.059871,0.0,0.0,0.059871,0.0,0.0,0.0,0.059871,0.0,0.059871,0.0 
 07/21  04:48:00,24.0,28.855407225852975,24.868690666456477,28.855407225852975,0.0,9426.152593586048,24.868690666456477,0.0,0.0,0.059871,26.3,0.0,24.87097284885683,0.059871,0.059871,0.0,0.0,0.059871,0.0,0.0,0.0,0.059871,0.0,0.059871,0.0 
 07/21  04:49:00,24.0,28.860284779498535,24.86642154766111,28.860284779498535,0.0,9444.144467633101,24.86642154766111,0.0,0.0,0.059871,26.3,0.0,24.868690666456477,0.059871,0.059871,0.0,0.0,0.059871,0.0,0.0,0.0,0.059871,0.0,0.059871,0.0 
 07/21  04:50:00,24.0,28.86513311456055,24.864165542413737,28.86513311456055,0.0,9462.028562839929,24.864165542413737,0.0,0.0,0.059871,26.3,0.0,24.86642154766111,0.059871,0.059871,0.0,0.0,0.059871,0.0,0.0,0.0,0.059871,0.0,0.059871,0.0 
 07/21  04:51:00,24.0,28.869955416032838,24.86192268889949,28.869955416032838,0.0,9479.81662772062,24.86192268889949,0.0,0.0,0.059871,26.3,0.0,24.864165542413737,0.059871,0.059871,0.0,0.0,0.059871,0.0,0.0,0.0,0.059871,0.0,0.059871,0.0 
 07/21  04:52:00,24.0,28.874748853011205,24.859693041401208,28.874748853011205,0.0,9497.498219894547,24.859693041401208,0.0,0.0,0.059871,26.3,0.0,24.86192268889949,0.059871,0.059871,0.0,0.0,0.059871,0.0,0.0,0.0,0.059871,0.0,0.059871,0.0 
 07/21  04:53:00,24.0,28.879516571008043,24.85747665937511,28.879516571008043,0.0,9515.084942240283,24.85747665937511,0.0,0.0,0.059871,26.3,0.0,24.859693041401208,0.059871,0.059871,0.0,0.0,0.059871,0.0,0.0,0.0,0.059871,0.0,0.059871,0.0 
 07/21  04:54:00,24.0,28.88425577350893,24.85527362701293,28.88425577350893,0.0,9532.566479231067,24.85527362701293,0.0,0.0,0.059871,26.3,0.0,24.85747665937511,0.059871,0.059871,0.0,0.0,0.059871,0.0,0.0,0.0,0.059871,0.0,0.059871,0.0 
 07/21  04:55:00,24.0,28.88896956714377,24.853084018661438,28.88896956714377,0.0,9549.954290319329,24.853084018661438,0.0,0.0,0.059871,26.3,0.0,24.85527362701293,0.059871,0.059871,0.0,0.0,0.059871,0.0,0.0,0.0,0.059871,0.0,0.059871,0.0 
 07/21  04:56:00,24.0,28.893655189280622,24.850907951081822,28.893655189280622,0.0,9567.238184960857,24.850907951081822,0.0,0.0,0.059871,26.3,0.0,24.853084018661438,0.059871,0.059871,0.0,0.0,0.059871,0.0,0.0,0.0,0.059871,0.0,0.059871,0.0 
 07/21  04:57:00,24.0,28.898315708254145,24.848745546420883,28.898315708254145,0.0,9584.429481348097,24.848745546420883,0.0,0.0,0.059871,26.3,0.0,24.850907951081822,0.059871,0.059871,0.0,0.0,0.059871,0.0,0.0,0.0,0.059871,0.0,0.059871,0.0 
 07/21  04:58:00,24.0,28.90294839481806,24.84659695788257,28.90294839481806,0.0,9601.518112086836,24.84659695788257,0.0,0.0,0.059871,26.3,0.0,24.848745546420883,0.059871,0.059871,0.0,0.0,0.059871,0.0,0.0,0.0,0.059871,0.0,0.059871,0.0 
 07/21  04:59:00,24.0,28.907556279587197,24.844462373762827,28.907556279587197,0.0,9618.515256232058,24.844462373762827,0.0,0.0,0.059871,26.3,0.0,24.84659695788257,0.059871,0.059871,0.0,0.0,0.059871,0.0,0.0,0.0,0.059871,0.0,0.059871,0.0 
 07/21  05:00:00,24.0,28.91213666621399,24.842342041367075,28.91213666621399,0.0,9635.410967743297,24.842342041367075,0.0,0.0,0.059871,26.3,0.0,24.844462373762827,0.059871,0.059871,0.0,0.0,0.059871,0.0,0.0,0.0,0.059871,0.0,0.059871,0.0,49104000.0 
 07/21  05:01:00,24.0,28.916692548157712,24.84023626155106,28.916692548157712,0.0,9652.21628861952,24.84023626155106,0.0,0.0,0.059871,26.3,0.0,24.842342041367075,0.059871,0.059871,0.0,0.0,0.059871,0.0,0.0,0.0,0.059871,0.0,0.059871,0.0 
 07/21  05:02:00,24.0,28.92122126149253,24.83814547684646,28.92122126149253,0.0,9668.921392414622,24.83814547684646,0.0,0.0,0.059871,26.3,0.0,24.84023626155106,0.059871,0.059871,0.0,0.0,0.059871,0.0,0.0,0.0,0.059871,0.0,0.059871,0.0 
 07/21  05:03:00,24.0,28.92572576307511,24.836070355069307,28.92572576307511,0.0,9685.537186111169,24.836070355069307,0.0,0.0,0.059871,26.3,0.0,24.83814547684646,0.059871,0.059871,0.0,0.0,0.059871,0.0,0.0,0.0,0.059871,0.0,0.059871,0.0 
 07/21  05:04:00,24.0,28.930203420933744,24.834012148688956,28.930203420933744,0.0,9702.053961132515,24.834012148688956,0.0,0.0,0.059871,26.3,0.0,24.836070355069307,0.059871,0.059871,0.0,0.0,0.059871,0.0,0.0,0.0,0.059871,0.0,0.059871,0.0 
 07/21  05:05:00,24.0,28.934657155864738,24.83196706009664,28.934657155864738,0.0,9718.482491445102,24.83196706009664,0.0,0.0,0.059871,26.3,0.0,24.834012148688956,0.059871,0.059871,0.0,0.0,0.059871,0.0,0.0,0.0,0.059871,0.0,0.059871,0.0 
 07/21  05:06:00,24.0,28.939084367392365,24.829931187872415,28.939084367392365,0.0,9734.813184651766,24.829931187872415,0.0,0.0,0.059871,26.3,0.0,24.83196706009664,0.059871,0.059871,0.0,0.0,0.059871,0.0,0.0,0.0,0.059871,0.0,0.059871,0.0 
 07/21  05:07:00,24.0,28.94348794078401,24.82790197389937,28.94348794078401,0.0,9751.056683663104,24.82790197389937,0.0,0.0,0.059871,26.3,0.0,24.829931187872415,0.059871,0.059871,0.0,0.0,0.059871,0.0,0.0,0.0,0.059871,0.0,0.059871,0.0 
 07/21  05:08:00,24.0,28.947865306610677,24.825877987499055,28.947865306610677,0.0,9767.20351060429,24.825877987499055,0.0,0.0,0.059871,26.3,0.0,24.82790197389937,0.059871,0.059871,0.0,0.0,0.059871,0.0,0.0,0.0,0.059871,0.0,0.059871,0.0 
 07/21  05:09:00,24.0,28.952219315132023,24.823858367984133,28.952219315132023,0.0,9783.264179252634,24.823858367984133,0.0,0.0,0.059871,26.3,0.0,24.825877987499055,0.059871,0.059871,0.0,0.0,0.059871,0.0,0.0,0.0,0.059871,0.0,0.059871,0.0 
 07/21  05:10:00,24.0,28.956547427525425,24.82184255485087,28.956547427525425,0.0,9799.229324631278,24.82184255485087,0.0,0.0,0.059871,26.3,0.0,24.823858367984133,0.059871,0.059871,0.0,0.0,0.059871,0.0,0.0,0.0,0.059871,0.0,0.059871,0.0 
 07/21  05:11:00,24.0,28.960852459553692,24.819830126308773,28.960852459553692,0.0,9815.10933326872,24.819830126308773,0.0,0.0,0.059871,26.3,0.0,24.82184255485087,0.059871,0.059871,0.0,0.0,0.059871,0.0,0.0,0.0,0.059871,0.0,0.059871,0.0 
 07/21  05:12:00,24.0,28.965131902568707,24.81782079413322,28.965131902568707,0.0,9830.89495149308,24.81782079413322,0.0,0.0,0.059871,26.3,0.0,24.819830126308773,0.059871,0.059871,0.0,0.0,0.059871,0.0,0.0,0.0,0.059871,0.0,0.059871,0.0 
 07/21  05:13:00,24.0,28.969388538337494,24.81581431936764,28.969388538337494,0.0,9846.596440432291,24.81581431936764,0.0,0.0,0.059871,26.3,0.0,24.81782079413322,0.059871,0.059871,0.0,0.0,0.059871,0.0,0.0,0.0,0.059871,0.0,0.059871,0.0 
 07/21  05:14:00,24.0,28.973619887962997,24.81381058386573,28.973619887962997,0.0,9862.204656157479,24.81381058386573,0.0,0.0,0.059871,26.3,0.0,24.81581431936764,0.059871,0.059871,0.0,0.0,0.059871,0.0,0.0,0.0,0.059871,0.0,0.059871,0.0 
 07/21  05:15:00,24.0,28.97782869970771,24.811809498178864,28.97782869970771,0.0,9877.729736208115,24.811809498178864,0.0,0.0,0.059871,26.3,0.0,24.81381058386573,0.059871,0.059871,0.0,0.0,0.059871,0.0,0.0,0.0,0.059871,0.0,0.059871,0.0 
 07/21  05:16:00,24.0,28.982012524010287,24.809811047712653,28.982012524010287,0.0,9893.162644866215,24.809811047712653,0.0,0.0,0.059871,26.3,0.0,24.811809498178864,0.059871,0.059871,0.0,0.0,0.059871,0.0,0.0,0.0,0.059871,0.0,0.059871,0.0 
 07/21  05:17:00,24.0,28.986174076110476,24.807815238526384,28.986174076110476,0.0,9908.513397859973,24.807815238526384,0.0,0.0,0.059871,26.3,0.0,24.809811047712653,0.059871,0.059871,0.0,0.0,0.059871,0.0,0.0,0.0,0.059871,0.0,0.059871,0.0 
 07/21  05:18:00,24.0,28.99031093537515,24.805822142653515,28.99031093537515,0.0,9923.773066179168,24.805822142653515,0.0,0.0,0.059871,26.3,0.0,24.807815238526384,0.059871,0.059871,0.0,0.0,0.059871,0.0,0.0,0.0,0.059871,0.0,0.059871,0.0 
 07/21  05:19:00,24.0,28.994425784493924,24.803831811990126,28.994425784493924,0.0,9938.951545484048,24.803831811990126,0.0,0.0,0.059871,26.3,0.0,24.805822142653515,0.059871,0.059871,0.0,0.0,0.059871,0.0,0.0,0.0,0.059871,0.0,0.059871,0.0 
 07/21  05:20:00,24.0,28.998516231362245,24.801844370175534,28.998516231362245,0.0,9954.04001199799,24.801844370175534,0.0,0.0,0.059871,26.3,0.0,24.803831811990126,0.059871,0.059871,0.0,0.0,0.059871,0.0,0.0,0.0,0.059871,0.0,0.059871,0.0 
 07/21  05:21:00,24.0,29.002584926583037,24.79985991779194,29.002584926583037,0.0,9969.048243022757,24.79985991779194,0.0,0.0,0.059871,26.3,0.0,24.801844370175534,0.059871,0.059871,0.0,0.0,0.059871,0.0,0.0,0.0,0.059871,0.0,0.059871,0.0 
 07/21  05:22:00,24.0,29.006629506188027,24.79787859610143,29.006629506188027,0.0,9983.967518568288,24.79787859610143,0.0,0.0,0.059871,26.3,0.0,24.79985991779194,0.059871,0.059871,0.0,0.0,0.059871,0.0,0.0,0.0,0.059871,0.0,0.059871,0.0 
 07/21  05:23:00,24.0,29.010652589148158,24.7959005322205,29.010652589148158,0.0,9998.8074992552,24.7959005322205,0.0,0.0,0.059871,26.3,0.0,24.79787859610143,0.059871,0.059871,0.0,0.0,0.059871,0.0,0.0,0.0,0.059871,0.0,0.059871,0.0 
 07/21  05:24:00,24.0,29.0146518392466,24.793925897492432,29.0146518392466,0.0,10013.559567460397,24.793925897492432,0.0,0.0,0.059871,26.3,0.0,24.7959005322205,0.059871,0.059871,0.0,0.0,0.059871,0.0,0.0,0.0,0.059871,0.0,0.059871,0.0 
 07/21  05:25:00,24.0,29.018629844268304,24.791954818268465,29.018629844268304,0.0,10028.233268768457,24.791954818268465,0.0,0.0,0.059871,26.3,0.0,24.793925897492432,0.059871,0.059871,0.0,0.0,0.059871,0.0,0.0,0.0,0.059871,0.0,0.059871,0.0 
 07/21  05:26:00,24.0,29.022584295370095,24.78998747902513,29.022584295370095,0.0,10042.820086529737,24.78998747902513,0.0,0.0,0.059871,26.3,0.0,24.791954818268465,0.059871,0.059871,0.0,0.0,0.059871,0.0,0.0,0.0,0.059871,0.0,0.059871,0.0 
 07/21  05:27:00,24.0,29.02651774958855,24.788024023703738,29.02651774958855,0.0,10057.329452907006,24.788024023703738,0.0,0.0,0.059871,26.3,0.0,24.78998747902513,0.059871,0.059871,0.0,0.0,0.059871,0.0,0.0,0.0,0.059871,0.0,0.059871,0.0 
 07/21  05:28:00,24.0,29.03042792508333,24.78606462728384,29.03042792508333,0.0,10071.752950856226,24.78606462728384,0.0,0.0,0.059871,26.3,0.0,24.788024023703738,0.059871,0.059871,0.0,0.0,0.059871,0.0,0.0,0.0,0.059871,0.0,0.059871,0.0 
 07/21  05:29:00,24.0,29.034317348572042,24.78410943859718,29.034317348572042,0.0,10086.09990070232,24.78410943859718,0.0,0.0,0.059871,26.3,0.0,24.78606462728384,0.059871,0.059871,0.0,0.0,0.059871,0.0,0.0,0.0,0.059871,0.0,0.059871,0.0 
 07/21  05:30:00,24.0,29.038183764853176,24.782158644580292,29.038183764853176,0.0,10100.361983664125,24.782158644580292,0.0,0.0,0.059871,26.3,0.0,24.78410943859718,0.059871,0.059871,0.0,0.0,0.059871,0.0,0.0,0.0,0.059871,0.0,0.059871,0.0 
 07/21  05:31:00,24.0,29.042029670746786,24.78021237785408,29.042029670746786,0.0,10114.548409783201,24.78021237785408,0.0,0.0,0.059871,26.3,0.0,24.782158644580292,0.059871,0.059871,0.0,0.0,0.059871,0.0,0.0,0.0,0.059871,0.0,0.059871,0.0 
 07/21  05:32:00,24.0,29.04585283733277,24.778270825847045,29.04585283733277,0.0,10128.650957222844,24.778270825847045,0.0,0.0,0.059871,26.3,0.0,24.78021237785408,0.059871,0.059871,0.0,0.0,0.059871,0.0,0.0,0.0,0.059871,0.0,0.059871,0.0 
 07/21  05:33:00,24.0,29.049655731947116,24.776334128963956,29.049655731947116,0.0,10142.678727266502,24.776334128963956,0.0,0.0,0.059871,26.3,0.0,24.778270825847045,0.059871,0.059871,0.0,0.0,0.059871,0.0,0.0,0.0,0.059871,0.0,0.059871,0.0 
 07/21  05:34:00,24.0,29.05343615160021,24.774402456135206,29.05343615160021,0.0,10156.62359372744,24.774402456135206,0.0,0.0,0.059871,26.3,0.0,24.776334128963956,0.059871,0.059871,0.0,0.0,0.059871,0.0,0.0,0.0,0.059871,0.0,0.059871,0.0 
 07/21  05:35:00,24.0,29.057196534549856,24.772475946083485,29.057196534549856,0.0,10170.494550628195,24.772475946083485,0.0,0.0,0.059871,26.3,0.0,24.774402456135206,0.059871,0.059871,0.0,0.0,0.059871,0.0,0.0,0.0,0.059871,0.0,0.059871,0.0 
 07/21  05:36:00,24.0,29.060934703392263,24.770554774437112,29.060934703392263,0.0,10184.283566160693,24.770554774437112,0.0,0.0,0.059871,26.3,0.0,24.772475946083485,0.059871,0.059871,0.0,0.0,0.059871,0.0,0.0,0.0,0.059871,0.0,0.059871,0.0 
 07/21  05:37:00,24.0,29.0646530677055,24.76863905914377,29.0646530677055,0.0,10197.999528556229,24.76863905914377,0.0,0.0,0.059871,26.3,0.0,24.770554774437112,0.059871,0.059871,0.0,0.0,0.059871,0.0,0.0,0.0,0.059871,0.0,0.059871,0.0 
 07/21  05:38:00,24.0,29.068349475332987,24.76672897301016,29.068349475332987,0.0,10211.634499136371,24.76672897301016,0.0,0.0,0.059871,26.3,0.0,24.76863905914377,0.059871,0.059871,0.0,0.0,0.059871,0.0,0.0,0.0,0.059871,0.0,0.059871,0.0 
 07/21  05:39:00,24.0,29.072026307564197,24.764824639786603,29.072026307564197,0.0,10225.197261784051,24.764824639786603,0.0,0.0,0.059871,26.3,0.0,24.76672897301016,0.059871,0.059871,0.0,0.0,0.059871,0.0,0.0,0.0,0.059871,0.0,0.059871,0.0 
 07/21  05:40:00,24.0,29.075681437157183,24.762926211638995,29.075681437157183,0.0,10238.679969723617,24.762926211638995,0.0,0.0,0.059871,26.3,0.0,24.764824639786603,0.059871,0.059871,0.0,0.0,0.059871,0.0,0.0,0.0,0.059871,0.0,0.059871,0.0 
 07/21  05:41:00,24.0,29.07931721749687,24.761033809802832,29.07931721749687,0.0,10252.091303906263,24.761033809802832,0.0,0.0,0.059871,26.3,0.0,24.762926211638995,0.059871,0.059871,0.0,0.0,0.059871,0.0,0.0,0.0,0.059871,0.0,0.059871,0.0 
 07/21  05:42:00,24.0,29.082931545929217,24.75914759286509,29.082931545929217,0.0,10265.423508253949,24.75914759286509,0.0,0.0,0.059871,26.3,0.0,24.761033809802832,0.059871,0.059871,0.0,0.0,0.059871,0.0,0.0,0.0,0.059871,0.0,0.059871,0.0 
 07/21  05:43:00,24.0,29.086526748311655,24.757267661000913,29.086526748311655,0.0,10278.68516217699,24.757267661000913,0.0,0.0,0.059871,26.3,0.0,24.75914759286509,0.059871,0.059871,0.0,0.0,0.059871,0.0,0.0,0.0,0.059871,0.0,0.059871,0.0 
 07/21  05:44:00,24.0,29.090100746256994,24.755394170370664,29.090100746256994,0.0,10291.868599110667,24.755394170370664,0.0,0.0,0.059871,26.3,0.0,24.757267661000913,0.059871,0.059871,0.0,0.0,0.059871,0.0,0.0,0.0,0.059871,0.0,0.059871,0.0 
 07/21  05:45:00,24.0,29.093655838465512,24.753527228078838,29.093655838465512,0.0,10304.982298290492,24.753527228078838,0.0,0.0,0.059871,26.3,0.0,24.755394170370664,0.059871,0.059871,0.0,0.0,0.059871,0.0,0.0,0.0,0.059871,0.0,0.059871,0.0 
 07/21  05:46:00,24.0,29.097189970501418,24.751666970314425,29.097189970501418,0.0,10318.018681501468,24.751666970314425,0.0,0.0,0.059871,26.3,0.0,24.753527228078838,0.059871,0.059871,0.0,0.0,0.059871,0.0,0.0,0.0,0.059871,0.0,0.059871,0.0 
 07/21  05:47:00,24.0,29.100705414271495,24.749813503175822,29.100705414271495,0.0,10330.986129145685,24.749813503175822,0.0,0.0,0.059871,26.3,0.0,24.751666970314425,0.059871,0.059871,0.0,0.0,0.059871,0.0,0.0,0.0,0.059871,0.0,0.059871,0.0 
 07/21  05:48:00,24.0,29.104200138981234,24.74796697106943,29.104200138981234,0.0,10343.877150213993,24.74796697106943,0.0,0.0,0.059871,26.3,0.0,24.749813503175822,0.059871,0.059871,0.0,0.0,0.059871,0.0,0.0,0.0,0.059871,0.0,0.059871,0.0 
 07/21  05:49:00,24.0,29.10767639010116,24.746127460592625,29.10767639010116,0.0,10356.700027592819,24.746127460592625,0.0,0.0,0.059871,26.3,0.0,24.74796697106943,0.059871,0.059871,0.0,0.0,0.059871,0.0,0.0,0.0,0.059871,0.0,0.059871,0.0 
 07/21  05:50:00,24.0,29.11113216017329,24.7442951157677,29.11113216017329,0.0,10369.447356354622,24.7442951157677,0.0,0.0,0.059871,26.3,0.0,24.746127460592625,0.059871,0.059871,0.0,0.0,0.059871,0.0,0.0,0.0,0.059871,0.0,0.059871,0.0 
 07/21  05:51:00,24.0,29.114569668582764,24.74247003267582,29.114569668582764,0.0,10382.127323164459,24.74247003267582,0.0,0.0,0.059871,26.3,0.0,24.7442951157677,0.059871,0.059871,0.0,0.0,0.059871,0.0,0.0,0.0,0.059871,0.0,0.059871,0.0 
 07/21  05:52:00,24.0,29.11798693090836,24.74065233746422,29.11798693090836,0.0,10394.732608070713,24.74065233746422,0.0,0.0,0.059871,26.3,0.0,24.74247003267582,0.059871,0.059871,0.0,0.0,0.059871,0.0,0.0,0.0,0.059871,0.0,0.059871,0.0 
 07/21  05:53:00,24.0,29.121386140794637,24.738842127986803,29.121386140794637,0.0,10407.271302788926,24.738842127986803,0.0,0.0,0.059871,26.3,0.0,24.74065233746422,0.059871,0.059871,0.0,0.0,0.059871,0.0,0.0,0.0,0.059871,0.0,0.059871,0.0 
 07/21  05:54:00,24.0,29.12476533656255,24.737039541652727,29.12476533656255,0.0,10419.736171256733,24.737039541652727,0.0,0.0,0.059871,26.3,0.0,24.738842127986803,0.059871,0.059871,0.0,0.0,0.059871,0.0,0.0,0.0,0.059871,0.0,0.059871,0.0 
 07/21  05:55:00,24.0,29.128126686454706,24.735244659649116,29.128126686454706,0.0,10432.135211489285,24.735244659649116,0.0,0.0,0.059871,26.3,0.0,24.737039541652727,0.059871,0.059871,0.0,0.0,0.059871,0.0,0.0,0.0,0.059871,0.0,0.059871,0.0 
 07/21  05:56:00,24.0,29.131468251244375,24.733457622324828,29.131468251244375,0.0,10444.461270244268,24.733457622324828,0.0,0.0,0.059871,26.3,0.0,24.735244659649116,0.059871,0.059871,0.0,0.0,0.059871,0.0,0.0,0.0,0.059871,0.0,0.059871,0.0 
 07/21  05:57:00,24.0,29.134792174105193,24.731678524180936,29.134792174105193,0.0,10456.722253064694,24.731678524180936,0.0,0.0,0.059871,26.3,0.0,24.733457622324828,0.059871,0.059871,0.0,0.0,0.059871,0.0,0.0,0.0,0.059871,0.0,0.059871,0.0 
 07/21  05:58:00,24.0,29.138096537977844,24.729907491239945,29.138096537977844,0.0,10468.911088477395,24.729907491239945,0.0,0.0,0.059871,26.3,0.0,24.731678524180936,0.059871,0.059871,0.0,0.0,0.059871,0.0,0.0,0.0,0.059871,0.0,0.059871,0.0 
 07/21  05:59:00,24.0,29.141383461294044,24.7281446240627,29.141383461294044,0.0,10481.03559075963,24.7281446240627,0.0,0.0,0.059871,26.3,0.0,24.729907491239945,0.059871,0.059871,0.0,0.0,0.059871,0.0,0.0,0.0,0.059871,0.0,0.059871,0.0 
 07/21  06:00:00,24.0,29.144651048881553,24.72639006468384,29.144651048881553,0.0,10493.0887691733,24.72639006468384,0.0,0.0,0.059871,26.3,0.0,24.7281446240627,0.059871,0.059871,0.0,0.0,0.059871,0.0,0.0,0.0,0.059871,0.0,0.059871,0.0,49104000.0 
 07/21  06:01:00,24.0,29.14790139475177,24.724643901877943,29.14790139475177,0.0,10505.078347916215,24.724643901877943,0.0,0.0,0.059871,26.3,0.0,24.72639006468384,0.059871,0.059871,0.0,0.0,0.059871,0.0,0.0,0.0,0.059871,0.0,0.059871,0.0 
 07/21  06:02:00,24.0,29.151132625343905,24.72290628643356,29.151132625343905,0.0,10516.99741596862,24.72290628643356,0.0,0.0,0.059871,26.3,0.0,24.724643901877943,0.059871,0.059871,0.0,0.0,0.059871,0.0,0.0,0.0,0.059871,0.0,0.059871,0.0 
 07/21  06:03:00,24.0,29.15434681056508,24.721177327491638,29.15434681056508,0.0,10528.853608614672,24.721177327491638,0.0,0.0,0.059871,26.3,0.0,24.72290628643356,0.059871,0.059871,0.0,0.0,0.059871,0.0,0.0,0.0,0.059871,0.0,0.059871,0.0 
 07/21  06:04:00,24.0,29.157542098194607,24.719457169767857,29.157542098194607,0.0,10540.640093552025,24.719457169767857,0.0,0.0,0.059871,26.3,0.0,24.721177327491638,0.059871,0.059871,0.0,0.0,0.059871,0.0,0.0,0.0,0.059871,0.0,0.059871,0.0 
 07/21  06:05:00,24.0,29.160720534346204,24.71774594037743,29.160720534346204,0.0,10552.364418297926,24.71774594037743,0.0,0.0,0.059871,26.3,0.0,24.719457169767857,0.059871,0.059871,0.0,0.0,0.059871,0.0,0.0,0.0,0.059871,0.0,0.059871,0.0 
 07/21  06:06:00,24.0,29.163880287872527,24.716043821350215,29.163880287872527,0.0,10564.019828283439,24.716043821350215,0.0,0.0,0.059871,26.3,0.0,24.71774594037743,0.059871,0.059871,0.0,0.0,0.059871,0.0,0.0,0.0,0.059871,0.0,0.059871,0.0 
 07/21  06:07:00,24.0,29.167023381399332,24.71435094295864,29.167023381399332,0.0,10575.61378438556,24.71435094295864,0.0,0.0,0.059871,26.3,0.0,24.716043821350215,0.059871,0.059871,0.0,0.0,0.059871,0.0,0.0,0.0,0.059871,0.0,0.059871,0.0 
 07/21  06:08:00,24.0,29.170148004589958,24.712667420124305,29.170148004589958,0.0,10587.139608799884,24.712667420124305,0.0,0.0,0.059871,26.3,0.0,24.71435094295864,0.059871,0.059871,0.0,0.0,0.059871,0.0,0.0,0.0,0.059871,0.0,0.059871,0.0 
 07/21  06:09:00,24.0,29.17325615688269,24.710993326384973,29.17325615688269,0.0,10598.604676871622,24.710993326384973,0.0,0.0,0.059871,26.3,0.0,24.712667420124305,0.059871,0.059871,0.0,0.0,0.059871,0.0,0.0,0.0,0.059871,0.0,0.059871,0.0 
 07/21  06:10:00,24.0,29.176346048493485,24.70932878730043,29.176346048493485,0.0,10610.002386608972,24.70932878730043,0.0,0.0,0.059871,26.3,0.0,24.710993326384973,0.059871,0.059871,0.0,0.0,0.059871,0.0,0.0,0.0,0.059871,0.0,0.059871,0.0 
 07/21  06:11:00,24.0,29.17941965596876,24.70767392500067,29.17941965596876,0.0,10621.340028915696,24.70767392500067,0.0,0.0,0.059871,26.3,0.0,24.70932878730043,0.059871,0.059871,0.0,0.0,0.059871,0.0,0.0,0.0,0.059871,0.0,0.059871,0.0 
 07/21  06:12:00,24.0,29.182475209825725,24.706028917600335,29.182475209825725,0.0,10632.611076685398,24.706028917600335,0.0,0.0,0.059871,26.3,0.0,24.70767392500067,0.059871,0.059871,0.0,0.0,0.059871,0.0,0.0,0.0,0.059871,0.0,0.059871,0.0 
 07/21  06:13:00,24.0,29.18551466401096,24.704393903830727,29.18551466401096,0.0,10643.822737457664,24.704393903830727,0.0,0.0,0.059871,26.3,0.0,24.706028917600335,0.059871,0.059871,0.0,0.0,0.059871,0.0,0.0,0.0,0.059871,0.0,0.059871,0.0 
 07/21  06:14:00,24.0,29.18853626910748,24.702769096190586,29.18853626910748,0.0,10654.968558143,24.702769096190586,0.0,0.0,0.059871,26.3,0.0,24.704393903830727,0.059871,0.059871,0.0,0.0,0.059871,0.0,0.0,0.0,0.059871,0.0,0.059871,0.0 
 07/21  06:15:00,24.0,29.191541956753728,24.701154679504718,29.191541956753728,0.0,10666.055663992716,24.701154679504718,0.0,0.0,0.059871,26.3,0.0,24.702769096190586,0.059871,0.059871,0.0,0.0,0.059871,0.0,0.0,0.0,0.059871,0.0,0.059871,0.0 
 07/21  06:16:00,24.0,29.194529997395804,24.699550886534343,29.194529997395804,0.0,10677.077675186516,24.699550886534343,0.0,0.0,0.059871,26.3,0.0,24.701154679504718,0.059871,0.059871,0.0,0.0,0.059871,0.0,0.0,0.0,0.059871,0.0,0.059871,0.0 
 07/21  06:17:00,24.0,29.19750230066,24.697957947838674,29.19750230066,0.0,10688.041635779278,24.697957947838674,0.0,0.0,0.059871,26.3,0.0,24.699550886534343,0.059871,0.059871,0.0,0.0,0.059871,0.0,0.0,0.0,0.059871,0.0,0.059871,0.0 
 07/21  06:18:00,24.0,29.200457156700594,24.69637615772394,29.200457156700594,0.0,10698.941238648413,24.69637615772394,0.0,0.0,0.059871,26.3,0.0,24.697957947838674,0.059871,0.059871,0.0,0.0,0.059871,0.0,0.0,0.0,0.059871,0.0,0.059871,0.0 
 07/21  06:19:00,24.0,29.203396453431058,24.694805786738183,29.203396453431058,0.0,10709.783447756563,24.694805786738183,0.0,0.0,0.059871,26.3,0.0,24.69637615772394,0.059871,0.059871,0.0,0.0,0.059871,0.0,0.0,0.0,0.059871,0.0,0.059871,0.0 
 07/21  06:20:00,24.0,29.20631850060588,24.69324720004639,29.20631850060588,0.0,10720.562028280592,24.69324720004639,0.0,0.0,0.059871,26.3,0.0,24.694805786738183,0.059871,0.059871,0.0,0.0,0.059871,0.0,0.0,0.0,0.059871,0.0,0.059871,0.0 
 07/21  06:21:00,24.0,29.209225164718237,24.69170076388443,29.209225164718237,0.0,10731.283865169913,24.69170076388443,0.0,0.0,0.059871,26.3,0.0,24.69324720004639,0.059871,0.059871,0.0,0.0,0.059871,0.0,0.0,0.0,0.059871,0.0,0.059871,0.0 
 07/21  06:22:00,24.0,29.212114775041286,24.69016692927478,29.212114775041286,0.0,10741.942795600053,24.69016692927478,0.0,0.0,0.059871,26.3,0.0,24.69170076388443,0.059871,0.059871,0.0,0.0,0.059871,0.0,0.0,0.0,0.059871,0.0,0.059871,0.0 
 07/21  06:23:00,24.0,29.214989176918593,24.68864619720049,29.214989176918593,0.0,10752.545626505698,24.68864619720049,0.0,0.0,0.059871,26.3,0.0,24.69016692927478,0.059871,0.059871,0.0,0.0,0.059871,0.0,0.0,0.0,0.059871,0.0,0.059871,0.0 
 07/21  06:24:00,24.0,29.21784671905718,24.687139204611377,29.21784671905718,0.0,10763.08626674825,24.687139204611377,0.0,0.0,0.059871,26.3,0.0,24.68864619720049,0.059871,0.059871,0.0,0.0,0.059871,0.0,0.0,0.0,0.059871,0.0,0.059871,0.0 
 07/21  06:25:00,24.0,29.220689225887924,24.685646674118093,29.220689225887924,0.0,10773.571446121547,24.685646674118093,0.0,0.0,0.059871,26.3,0.0,24.687139204611377,0.059871,0.059871,0.0,0.0,0.059871,0.0,0.0,0.0,0.059871,0.0,0.059871,0.0 
 07/21  06:26:00,24.0,29.223515065437702,24.68416959742523,29.223515065437702,0.0,10783.99514475233,24.68416959742523,0.0,0.0,0.059871,26.3,0.0,24.685646674118093,0.059871,0.059871,0.0,0.0,0.059871,0.0,0.0,0.0,0.059871,0.0,0.059871,0.0 
 07/21  06:27:00,24.0,29.22632604142511,24.68270928654853,29.22632604142511,0.0,10794.36401603286,24.68270928654853,0.0,0.0,0.059871,26.3,0.0,24.68416959742523,0.059871,0.059871,0.0,0.0,0.059871,0.0,0.0,0.0,0.059871,0.0,0.059871,0.0 
 07/21  06:28:00,24.0,29.229120541039542,24.68126788688027,29.229120541039542,0.0,10804.672110774809,24.68126788688027,0.0,0.0,0.059871,26.3,0.0,24.68270928654853,0.059871,0.059871,0.0,0.0,0.059871,0.0,0.0,0.0,0.059871,0.0,0.059871,0.0 
 07/21  06:29:00,24.0,29.231900347457557,24.679848833545723,29.231900347457557,0.0,10814.92600659687,24.679848833545723,0.0,0.0,0.059871,26.3,0.0,24.68126788688027,0.059871,0.059871,0.0,0.0,0.059871,0.0,0.0,0.0,0.059871,0.0,0.059871,0.0 
 07/21  06:30:00,24.0,29.234663866828132,24.678448101968314,29.234663866828132,0.0,10825.119824247085,24.678448101968314,0.0,0.0,0.059871,26.3,0.0,24.679848833545723,0.059871,0.059871,0.0,0.0,0.059871,0.0,0.0,0.0,0.059871,0.0,0.059871,0.0 
 07/21  06:31:00,24.0,29.23741286193761,24.677061277234124,29.23741286193761,0.0,10835.260066130562,24.677061277234124,0.0,0.0,0.059871,26.3,0.0,24.678448101968314,0.059871,0.059871,0.0,0.0,0.059871,0.0,0.0,0.0,0.059871,0.0,0.059871,0.0 
 07/21  06:32:00,24.0,29.24014575765269,24.67568530153056,29.24014575765269,0.0,10845.340922039595,24.67568530153056,0.0,0.0,0.059871,26.3,0.0,24.677061277234124,0.059871,0.059871,0.0,0.0,0.059871,0.0,0.0,0.0,0.059871,0.0,0.059871,0.0 
 07/21  06:33:00,24.0,29.24286429651581,24.67431838376739,29.24286429651581,0.0,10855.368819705414,24.67431838376739,0.0,0.0,0.059871,26.3,0.0,24.67568530153056,0.059871,0.059871,0.0,0.0,0.059871,0.0,0.0,0.0,0.059871,0.0,0.059871,0.0 
 07/21  06:34:00,24.0,29.245566921841093,24.67295926792699,29.245566921841093,0.0,10865.338016967475,24.67295926792699,0.0,0.0,0.059871,26.3,0.0,24.67431838376739,0.059871,0.059871,0.0,0.0,0.059871,0.0,0.0,0.0,0.059871,0.0,0.059871,0.0 
 07/21  06:35:00,24.0,29.248255356078655,24.671605725465756,29.248255356078655,0.0,10875.2548674423,24.671605725465756,0.0,0.0,0.059871,26.3,0.0,24.67295926792699,0.059871,0.059871,0.0,0.0,0.059871,0.0,0.0,0.0,0.059871,0.0,0.059871,0.0 
 07/21  06:36:00,24.0,29.2509280607025,24.6702557507891,29.2509280607025,0.0,10885.113695955839,24.6702557507891,0.0,0.0,0.059871,26.3,0.0,24.671605725465756,0.059871,0.059871,0.0,0.0,0.059871,0.0,0.0,0.0,0.059871,0.0,0.059871,0.0 
 07/21  06:37:00,24.0,29.25358673823495,24.668907718603847,29.25358673823495,0.0,10894.920782616819,24.668907718603847,0.0,0.0,0.059871,26.3,0.0,24.6702557507891,0.059871,0.059871,0.0,0.0,0.059871,0.0,0.0,0.0,0.059871,0.0,0.059871,0.0 
 07/21  06:38:00,24.0,29.256229868014866,24.667560429334458,29.256229868014866,0.0,10904.670518149405,24.667560429334458,0.0,0.0,0.059871,26.3,0.0,24.668907718603847,0.059871,0.059871,0.0,0.0,0.059871,0.0,0.0,0.0,0.059871,0.0,0.059871,0.0 
 07/21  06:39:00,24.0,29.258859132818195,24.66621289673387,29.258859132818195,0.0,10914.36910982371,24.66621289673387,0.0,0.0,0.059871,26.3,0.0,24.667560429334458,0.059871,0.059871,0.0,0.0,0.059871,0.0,0.0,0.0,0.059871,0.0,0.059871,0.0 
 07/21  06:40:00,24.0,29.261473029553738,24.664864339027606,29.261473029553738,0.0,10924.011013174317,24.664864339027606,0.0,0.0,0.059871,26.3,0.0,24.66621289673387,0.059871,0.059871,0.0,0.0,0.059871,0.0,0.0,0.0,0.059871,0.0,0.059871,0.0 
 07/21  06:41:00,24.0,29.264073221450293,24.66351408915908,29.264073221450293,0.0,10933.602363367572,24.66351408915908,0.0,0.0,0.059871,26.3,0.0,24.664864339027606,0.059871,0.059871,0.0,0.0,0.059871,0.0,0.0,0.0,0.059871,0.0,0.059871,0.0 
 07/21  06:42:00,24.0,29.266658222696947,24.66216162805274,29.266658222696947,0.0,10943.137679679989,24.66216162805274,0.0,0.0,0.059871,26.3,0.0,24.66351408915908,0.059871,0.059871,0.0,0.0,0.059871,0.0,0.0,0.0,0.059871,0.0,0.059871,0.0 
 07/21  06:43:00,24.0,29.269229677191326,24.660806480207867,29.269229677191326,0.0,10952.623025970894,24.660806480207867,0.0,0.0,0.059871,26.3,0.0,24.66216162805274,0.059871,0.059871,0.0,0.0,0.059871,0.0,0.0,0.0,0.059871,0.0,0.059871,0.0 
 07/21  06:44:00,24.0,29.2717861161217,24.659448310376053,29.2717861161217,0.0,10962.05298422181,24.659448310376053,0.0,0.0,0.059871,26.3,0.0,24.660806480207867,0.059871,0.059871,0.0,0.0,0.059871,0.0,0.0,0.0,0.059871,0.0,0.059871,0.0 
 07/21  06:45:00,24.0,29.274329164284875,24.65808681362003,29.274329164284875,0.0,10971.433547834691,24.65808681362003,0.0,0.0,0.059871,26.3,0.0,24.659448310376053,0.059871,0.059871,0.0,0.0,0.059871,0.0,0.0,0.0,0.059871,0.0,0.059871,0.0 
 07/21  06:46:00,24.0,29.27685736959743,24.656721771944547,29.27685736959743,0.0,10980.759360496944,24.656721771944547,0.0,0.0,0.059871,26.3,0.0,24.65808681362003,0.059871,0.059871,0.0,0.0,0.059871,0.0,0.0,0.0,0.059871,0.0,0.059871,0.0 
 07/21  06:47:00,24.0,29.279372337996854,24.655353001199618,29.279372337996854,0.0,10990.036346043977,24.655353001199618,0.0,0.0,0.059871,26.3,0.0,24.656721771944547,0.059871,0.059871,0.0,0.0,0.059871,0.0,0.0,0.0,0.059871,0.0,0.059871,0.0 
 07/21  06:48:00,24.0,29.28187263386796,24.653980398028523,29.28187263386796,0.0,10999.259208909712,24.653980398028523,0.0,0.0,0.059871,26.3,0.0,24.655353001199618,0.059871,0.059871,0.0,0.0,0.059871,0.0,0.0,0.0,0.059871,0.0,0.059871,0.0 
 07/21  06:49:00,24.0,29.284359844538667,24.652603847008596,29.284359844538667,0.0,11008.43380428429,24.652603847008596,0.0,0.0,0.059871,26.3,0.0,24.653980398028523,0.059871,0.059871,0.0,0.0,0.059871,0.0,0.0,0.0,0.059871,0.0,0.059871,0.0 
 07/21  06:50:00,24.0,29.286832550612864,24.65122332301626,29.286832550612864,0.0,11017.554896429087,24.65122332301626,0.0,0.0,0.059871,26.3,0.0,24.652603847008596,0.059871,0.059871,0.0,0.0,0.059871,0.0,0.0,0.0,0.059871,0.0,0.059871,0.0 
 07/21  06:51:00,24.0,29.289292321063673,24.6498387897861,29.289292321063673,0.0,11026.62827282872,24.6498387897861,0.0,0.0,0.059871,26.3,0.0,24.65122332301626,0.059871,0.059871,0.0,0.0,0.059871,0.0,0.0,0.0,0.059871,0.0,0.059871,0.0 
 07/21  06:52:00,24.0,29.29173775247511,24.648450260007625,29.29173775247511,0.0,11035.64875669061,24.648450260007625,0.0,0.0,0.059871,26.3,0.0,24.6498387897861,0.059871,0.059871,0.0,0.0,0.059871,0.0,0.0,0.0,0.059871,0.0,0.059871,0.0 
 07/21  06:53:00,24.0,29.294170395722837,24.64705774976213,29.294170395722837,0.0,11044.622068743116,24.64705774976213,0.0,0.0,0.059871,26.3,0.0,24.648450260007625,0.059871,0.059871,0.0,0.0,0.059871,0.0,0.0,0.0,0.059871,0.0,0.059871,0.0 
 07/21  06:54:00,24.0,29.296588863141928,24.64566132723173,29.296588863141928,0.0,11053.54309029473,24.64566132723173,0.0,0.0,0.059871,26.3,0.0,24.64705774976213,0.059871,0.059871,0.0,0.0,0.059871,0.0,0.0,0.0,0.059871,0.0,0.059871,0.0 
 07/21  06:55:00,24.0,29.298994687767994,24.644261025456874,29.298994687767994,0.0,11062.417476267055,24.644261025456874,0.0,0.0,0.059871,26.3,0.0,24.64566132723173,0.059871,0.059871,0.0,0.0,0.059871,0.0,0.0,0.0,0.059871,0.0,0.059871,0.0 
 07/21  06:56:00,24.0,29.3013864974668,24.642856945925335,29.3013864974668,0.0,11071.240165256771,24.642856945925335,0.0,0.0,0.059871,26.3,0.0,24.644261025456874,0.059871,0.059871,0.0,0.0,0.059871,0.0,0.0,0.0,0.059871,0.0,0.059871,0.0 
 07/21  06:57:00,24.0,29.30376580768993,24.641449161650268,29.30376580768993,0.0,11080.016747323152,24.641449161650268,0.0,0.0,0.059871,26.3,0.0,24.642856945925335,0.059871,0.059871,0.0,0.0,0.059871,0.0,0.0,0.0,0.059871,0.0,0.059871,0.0 
 07/21  06:58:00,24.0,29.306131261621722,24.640037777304155,29.306131261621722,0.0,11088.742217568593,24.640037777304155,0.0,0.0,0.059871,26.3,0.0,24.641449161650268,0.059871,0.059871,0.0,0.0,0.059871,0.0,0.0,0.0,0.059871,0.0,0.059871,0.0 
 07/21  06:59:00,24.0,29.308484357382664,24.638622888044527,29.308484357382664,0.0,11097.422102123015,24.638622888044527,0.0,0.0,0.059871,26.3,0.0,24.640037777304155,0.059871,0.059871,0.0,0.0,0.059871,0.0,0.0,0.0,0.059871,0.0,0.059871,0.0 
 07/21  07:00:00,24.0,29.310823753270807,24.637204627642017,29.310823753270807,0.0,11106.051451838921,24.637204627642017,0.0,0.0,0.059871,26.3,0.0,24.638622888044527,0.059871,0.059871,0.0,0.0,0.059871,0.0,0.0,0.0,0.059871,0.0,0.059871,0.0,49104000.0 
 07/21  07:01:00,24.0,29.313150930324493,24.635783084709384,29.313150930324493,0.0,11114.635729835169,24.635783084709384,0.0,0.0,0.059871,26.3,0.0,24.637204627642017,0.059871,0.059871,0.0,0.0,0.059871,0.0,0.0,0.0,0.059871,0.0,0.059871,0.0 
 07/21  07:02:00,24.0,29.315464561757288,24.6343584058795,29.315464561757288,0.0,11123.17004198324,24.6343584058795,0.0,0.0,0.059871,26.3,0.0,24.635783084709384,0.059871,0.059871,0.0,0.0,0.059871,0.0,0.0,0.0,0.059871,0.0,0.059871,0.0 
 07/21  07:03:00,24.0,29.31776611176961,24.63293070185938,29.31776611176961,0.0,11131.659789291774,24.63293070185938,0.0,0.0,0.059871,26.3,0.0,24.6343584058795,0.059871,0.059871,0.0,0.0,0.059871,0.0,0.0,0.0,0.059871,0.0,0.059871,0.0 
 07/21  07:04:00,24.0,29.320054268298463,24.631500106511382,29.320054268298463,0.0,11140.100131942749,24.631500106511382,0.0,0.0,0.059871,26.3,0.0,24.63293070185938,0.059871,0.059871,0.0,0.0,0.059871,0.0,0.0,0.0,0.059871,0.0,0.059871,0.0 
 07/21  07:05:00,24.0,29.322330478945233,24.630066738839215,29.322330478945233,0.0,11148.49640971583,24.630066738839215,0.0,0.0,0.059871,26.3,0.0,24.631500106511382,0.059871,0.059871,0.0,0.0,0.059871,0.0,0.0,0.0,0.059871,0.0,0.059871,0.0 
 07/21  07:06:00,24.0,29.324593446183652,24.6286307497783,29.324593446183652,0.0,11156.843836414719,24.6286307497783,0.0,0.0,0.059871,26.3,0.0,24.630066738839215,0.059871,0.059871,0.0,0.0,0.059871,0.0,0.0,0.0,0.059871,0.0,0.059871,0.0 
 07/21  07:07:00,24.0,29.326844601249473,24.627192240971187,29.326844601249473,0.0,11165.147691451042,24.627192240971187,0.0,0.0,0.059871,26.3,0.0,24.6286307497783,0.059871,0.059871,0.0,0.0,0.059871,0.0,0.0,0.0,0.059871,0.0,0.059871,0.0 
 07/21  07:08:00,24.0,29.32908266097157,24.625751366952386,29.32908266097157,0.0,11173.40324158044,24.625751366952386,0.0,0.0,0.059871,26.3,0.0,24.627192240971187,0.059871,0.059871,0.0,0.0,0.059871,0.0,0.0,0.0,0.059871,0.0,0.059871,0.0 
 07/21  07:09:00,24.0,29.33130904044775,24.62430824344921,29.33130904044775,0.0,11181.615706686343,24.62430824344921,0.0,0.0,0.059871,26.3,0.0,24.625751366952386,0.059871,0.059871,0.0,0.0,0.059871,0.0,0.0,0.0,0.059871,0.0,0.059871,0.0 
 07/21  07:10:00,24.0,29.33352247068502,24.62286300502645,29.33352247068502,0.0,11189.7804058234,24.62286300502645,0.0,0.0,0.059871,26.3,0.0,24.62430824344921,0.059871,0.059871,0.0,0.0,0.059871,0.0,0.0,0.0,0.059871,0.0,0.059871,0.0 
 07/21  07:11:00,24.0,29.335724350865114,24.62141576959922,29.335724350865114,0.0,11197.902500165306,24.62141576959922,0.0,0.0,0.059871,26.3,0.0,24.62286300502645,0.059871,0.059871,0.0,0.0,0.059871,0.0,0.0,0.0,0.059871,0.0,0.059871,0.0 
 07/21  07:12:00,24.0,29.337913426000384,24.6199666836281,29.337913426000384,0.0,11205.977360428333,24.6199666836281,0.0,0.0,0.059871,26.3,0.0,24.62141576959922,0.059871,0.059871,0.0,0.0,0.059871,0.0,0.0,0.0,0.059871,0.0,0.059871,0.0 
 07/21  07:13:00,24.0,29.340091079572787,24.618515842944877,29.340091079572787,0.0,11214.010089874255,24.618515842944877,0.0,0.0,0.059871,26.3,0.0,24.6199666836281,0.059871,0.059871,0.0,0.0,0.059871,0.0,0.0,0.0,0.059871,0.0,0.059871,0.0 
 07/21  07:14:00,24.0,29.342256070431148,24.617063393734405,29.342256070431148,0.0,11221.996110258078,24.617063393734405,0.0,0.0,0.059871,26.3,0.0,24.618515842944877,0.059871,0.059871,0.0,0.0,0.059871,0.0,0.0,0.0,0.059871,0.0,0.059871,0.0 
 07/21  07:15:00,24.0,29.344409766568287,24.615609442676135,29.344409766568287,0.0,11229.94046770667,24.615609442676135,0.0,0.0,0.059871,26.3,0.0,24.617063393734405,0.059871,0.059871,0.0,0.0,0.059871,0.0,0.0,0.0,0.059871,0.0,0.059871,0.0 
 07/21  07:16:00,24.0,29.346550940504226,24.614154113036182,29.346550940504226,0.0,11237.838634404092,24.614154113036182,0.0,0.0,0.059871,26.3,0.0,24.615609442676135,0.059871,0.059871,0.0,0.0,0.059871,0.0,0.0,0.0,0.059871,0.0,0.059871,0.0 
 07/21  07:17:00,24.0,29.348680944947972,24.612697511329742,29.348680944947972,0.0,11245.695600099665,24.612697511329742,0.0,0.0,0.059871,26.3,0.0,24.614154113036182,0.059871,0.059871,0.0,0.0,0.059871,0.0,0.0,0.0,0.059871,0.0,0.059871,0.0 
 07/21  07:18:00,24.0,29.350798565928926,24.611239770861427,29.350798565928926,0.0,11253.506886809642,24.611239770861427,0.0,0.0,0.059871,26.3,0.0,24.612697511329742,0.059871,0.059871,0.0,0.0,0.059871,0.0,0.0,0.0,0.059871,0.0,0.059871,0.0 
 07/21  07:19:00,24.0,29.352905141072345,24.609780974303003,29.352905141072345,0.0,11261.277428643762,24.609780974303003,0.0,0.0,0.059871,26.3,0.0,24.611239770861427,0.059871,0.059871,0.0,0.0,0.059871,0.0,0.0,0.0,0.059871,0.0,0.059871,0.0 
 07/21  07:20:00,24.0,29.354999469758273,24.608321253414683,29.354999469758273,0.0,11269.002796864906,24.608321253414683,0.0,0.0,0.059871,26.3,0.0,24.609780974303003,0.059871,0.059871,0.0,0.0,0.059871,0.0,0.0,0.0,0.059871,0.0,0.059871,0.0 
 07/21  07:21:00,24.0,29.35708287472336,24.60686070077855,29.35708287472336,0.0,11276.687870663114,24.60686070077855,0.0,0.0,0.059871,26.3,0.0,24.608321253414683,0.059871,0.059871,0.0,0.0,0.059871,0.0,0.0,0.0,0.059871,0.0,0.059871,0.0 
 07/21  07:22:00,24.0,29.359154168542606,24.60539942433411,29.359154168542606,0.0,11284.328269973572,24.60539942433411,0.0,0.0,0.059871,26.3,0.0,24.60686070077855,0.059871,0.059871,0.0,0.0,0.059871,0.0,0.0,0.0,0.059871,0.0,0.059871,0.0 
 07/21  07:23:00,24.0,29.36121465925435,24.60393751594285,29.36121465925435,0.0,11291.928819768567,24.60393751594285,0.0,0.0,0.059871,26.3,0.0,24.60539942433411,0.059871,0.059871,0.0,0.0,0.059871,0.0,0.0,0.0,0.059871,0.0,0.059871,0.0 
 07/21  07:24:00,24.0,29.363263172475616,24.602475093298008,29.363263172475616,0.0,11299.48518809149,24.602475093298008,0.0,0.0,0.059871,26.3,0.0,24.60393751594285,0.059871,0.059871,0.0,0.0,0.059871,0.0,0.0,0.0,0.059871,0.0,0.059871,0.0 
 07/21  07:25:00,24.0,29.365301001732266,24.60101222406093,29.365301001732266,0.0,11307.002146382338,24.60101222406093,0.0,0.0,0.059871,26.3,0.0,24.602475093298008,0.059871,0.059871,0.0,0.0,0.059871,0.0,0.0,0.0,0.059871,0.0,0.059871,0.0 
 07/21  07:26:00,24.0,29.36732698553311,24.599549024328372,29.36732698553311,0.0,11314.475410238565,24.599549024328372,0.0,0.0,0.059871,26.3,0.0,24.60101222406093,0.059871,0.059871,0.0,0.0,0.059871,0.0,0.0,0.0,0.059871,0.0,0.059871,0.0 
 07/21  07:27:00,24.0,29.369342403073013,24.598085571795444,29.369342403073013,0.0,11321.909698237241,24.598085571795444,0.0,0.0,0.059871,26.3,0.0,24.599549024328372,0.059871,0.059871,0.0,0.0,0.059871,0.0,0.0,0.0,0.059871,0.0,0.059871,0.0 
 07/21  07:28:00,24.0,29.371346105604825,24.5966219587778,29.371346105604825,0.0,11329.300772984912,24.5966219587778,0.0,0.0,0.059871,26.3,0.0,24.598085571795444,0.059871,0.059871,0.0,0.0,0.059871,0.0,0.0,0.0,0.059871,0.0,0.059871,0.0 
 07/21  07:29:00,24.0,29.373339358169794,24.59515826250365,29.373339358169794,0.0,11336.653300850085,24.59515826250365,0.0,0.0,0.059871,26.3,0.0,24.5966219587778,0.059871,0.059871,0.0,0.0,0.059871,0.0,0.0,0.0,0.059871,0.0,0.059871,0.0 
 07/21  07:30:00,24.0,29.375321024619563,24.59369458545154,29.375321024619563,0.0,11343.963090912566,24.59369458545154,0.0,0.0,0.059871,26.3,0.0,24.59515826250365,0.059871,0.059871,0.0,0.0,0.059871,0.0,0.0,0.0,0.059871,0.0,0.059871,0.0 
 07/21  07:31:00,24.0,29.377292356015204,24.592230980912372,29.377292356015204,0.0,11351.234757972066,24.592230980912372,0.0,0.0,0.059871,26.3,0.0,24.59369458545154,0.059871,0.059871,0.0,0.0,0.059871,0.0,0.0,0.0,0.059871,0.0,0.059871,0.0 
 07/21  07:32:00,24.0,29.379252228664075,24.590767550234432,29.379252228664075,0.0,11358.464157053877,24.590767550234432,0.0,0.0,0.059871,26.3,0.0,24.592230980912372,0.059871,0.059871,0.0,0.0,0.059871,0.0,0.0,0.0,0.059871,0.0,0.059871,0.0 
 07/21  07:33:00,24.0,29.381201879816892,24.58930435730423,29.381201879816892,0.0,11365.65585201537,24.58930435730423,0.0,0.0,0.059871,26.3,0.0,24.590767550234432,0.059871,0.059871,0.0,0.0,0.059871,0.0,0.0,0.0,0.059871,0.0,0.059871,0.0 
 07/21  07:34:00,24.0,29.383140198095923,24.587841480115742,29.383140198095923,0.0,11372.805743307936,24.587841480115742,0.0,0.0,0.059871,26.3,0.0,24.58930435730423,0.059871,0.059871,0.0,0.0,0.059871,0.0,0.0,0.0,0.059871,0.0,0.059871,0.0 
 07/21  07:35:00,24.0,29.385068407107838,24.586378982658278,29.385068407107838,0.0,11379.918344460006,24.586378982658278,0.0,0.0,0.059871,26.3,0.0,24.587841480115742,0.059871,0.059871,0.0,0.0,0.059871,0.0,0.0,0.0,0.059871,0.0,0.059871,0.0 
 07/21  07:36:00,24.0,29.386985407651192,24.58491695375255,29.386985407651192,0.0,11386.989600837791,24.58491695375255,0.0,0.0,0.059871,26.3,0.0,24.586378982658278,0.059871,0.059871,0.0,0.0,0.059871,0.0,0.0,0.0,0.059871,0.0,0.059871,0.0 
 07/21  07:37:00,24.0,29.38889240985142,24.58345543394189,29.38889240985142,0.0,11394.02397624137,24.58345543394189,0.0,0.0,0.059871,26.3,0.0,24.58491695375255,0.059871,0.059871,0.0,0.0,0.059871,0.0,0.0,0.0,0.059871,0.0,0.059871,0.0 
 07/21  07:38:00,24.0,29.39078832654661,24.58199451155455,29.39078832654661,0.0,11401.017460447241,24.58199451155455,0.0,0.0,0.059871,26.3,0.0,24.58345543394189,0.059871,0.059871,0.0,0.0,0.059871,0.0,0.0,0.0,0.059871,0.0,0.059871,0.0 
 07/21  07:39:00,24.0,29.392674354540866,24.580534238421965,29.392674354540866,0.0,11407.974468117005,24.580534238421965,0.0,0.0,0.059871,26.3,0.0,24.58199451155455,0.059871,0.059871,0.0,0.0,0.059871,0.0,0.0,0.0,0.059871,0.0,0.059871,0.0 
 07/21  07:40:00,24.0,29.39454941857716,24.579074680059996,29.39454941857716,0.0,11414.891032940828,24.579074680059996,0.0,0.0,0.059871,26.3,0.0,24.580534238421965,0.059871,0.059871,0.0,0.0,0.059871,0.0,0.0,0.0,0.059871,0.0,0.059871,0.0 
 07/21  07:41:00,24.0,29.349349297951726,24.577615660908233,29.349349297951726,0.0,11248.160959568031,24.577615660908233,0.0,0.0,0.059871,26.3,0.0,24.579074680059996,0.059871,0.059871,0.0,0.0,0.059871,0.0,0.0,0.0,0.059871,0.0,0.059871,0.0 
 07/21  07:42:00,24.0,29.272644563765823,24.57615724957338,29.272644563765823,0.0,10965.219547423658,24.57615724957338,0.0,0.0,0.059871,26.3,0.0,24.577615660908233,0.059871,0.059871,0.0,0.0,0.059871,0.0,0.0,0.0,0.059871,0.0,0.059871,0.0 
 07/21  07:43:00,24.0,29.198200407145524,24.574699575815565,29.198200407145524,0.0,10690.61674717153,24.574699575815565,0.0,0.0,0.059871,26.3,0.0,24.57615724957338,0.059871,0.059871,0.0,0.0,0.059871,0.0,0.0,0.0,0.059871,0.0,0.059871,0.0 
 07/21  07:44:00,24.0,29.141226356644875,24.573242790567985,29.141226356644875,0.0,10480.45607749019,24.573242790567985,0.0,0.0,0.059871,26.3,0.0,24.574699575815565,0.059871,0.059871,0.0,0.0,0.059871,0.0,0.0,0.0,0.059871,0.0,0.059871,0.0 
 07/21  07:45:00,24.0,29.099767676974597,24.571786969553894,29.099767676974597,0.0,10327.527089520296,24.571786969553894,0.0,0.0,0.059871,26.3,0.0,24.573242790567985,0.059871,0.059871,0.0,0.0,0.059871,0.0,0.0,0.0,0.059871,0.0,0.059871,0.0 
 07/21  07:46:00,24.0,29.06723162553207,24.57033218116095,29.06723162553207,0.0,10207.511076969637,24.57033218116095,0.0,0.0,0.059871,26.3,0.0,24.571786969553894,0.059871,0.059871,0.0,0.0,0.059871,0.0,0.0,0.0,0.059871,0.0,0.059871,0.0 
 07/21  07:47:00,24.0,29.038478368543018,24.568878474004467,29.038478368543018,0.0,10101.448690826483,24.568878474004467,0.0,0.0,0.059871,26.3,0.0,24.57033218116095,0.059871,0.059871,0.0,0.0,0.059871,0.0,0.0,0.0,0.059871,0.0,0.059871,0.0 
 07/21  07:48:00,24.0,29.01147941579646,24.567425919403963,29.01147941579646,0.0,10001.857421818031,24.567425919403963,0.0,0.0,0.059871,26.3,0.0,24.568878474004467,0.059871,0.059871,0.0,0.0,0.059871,0.0,0.0,0.0,0.059871,0.0,0.059871,0.0 
 07/21  07:49:00,24.0,28.985647293731972,24.56597454076833,28.985647293731972,0.0,9906.57025117354,24.56597454076833,0.0,0.0,0.059871,26.3,0.0,24.567425919403963,0.059871,0.059871,0.0,0.0,0.059871,0.0,0.0,0.0,0.059871,0.0,0.059871,0.0 
 07/21  07:50:00,24.0,28.96100238280015,24.564524409399393,28.96100238280015,0.0,9815.662356436274,24.564524409399393,0.0,0.0,0.059871,26.3,0.0,24.56597454076833,0.059871,0.059871,0.0,0.0,0.059871,0.0,0.0,0.0,0.059871,0.0,0.059871,0.0 
 07/21  07:51:00,24.0,28.937396164221177,24.563075560733726,28.937396164221177,0.0,9728.58589510684,24.563075560733726,0.0,0.0,0.059871,26.3,0.0,24.564524409399393,0.059871,0.059871,0.0,0.0,0.059871,0.0,0.0,0.0,0.059871,0.0,0.059871,0.0 
 07/21  07:52:00,24.0,28.91469810590365,24.56162804281732,28.91469810590365,0.0,9644.859372337974,24.56162804281732,0.0,0.0,0.059871,26.3,0.0,24.563075560733726,0.059871,0.059871,0.0,0.0,0.059871,0.0,0.0,0.0,0.059871,0.0,0.059871,0.0 
 07/21  07:53:00,24.0,28.892679312121142,24.560181892252327,28.892679312121142,0.0,9563.638458496604,24.560181892252327,0.0,0.0,0.059871,26.3,0.0,24.56162804281732,0.059871,0.059871,0.0,0.0,0.059871,0.0,0.0,0.0,0.059871,0.0,0.059871,0.0 
 07/21  07:54:00,24.0,28.871240404761412,24.5587371692904,28.871240404761412,0.0,9484.55657668611,24.5587371692904,0.0,0.0,0.059871,26.3,0.0,24.560181892252327,0.059871,0.059871,0.0,0.0,0.059871,0.0,0.0,0.0,0.059871,0.0,0.059871,0.0 
 07/21  07:55:00,24.0,28.85025747341607,24.55729388757331,28.85025747341607,0.0,9407.156657518271,24.55729388757331,0.0,0.0,0.059871,26.3,0.0,24.5587371692904,0.059871,0.059871,0.0,0.0,0.059871,0.0,0.0,0.0,0.059871,0.0,0.059871,0.0 
 07/21  07:56:00,24.0,28.82970797763422,24.55585210824906,28.82970797763422,0.0,9331.355555838163,24.55585210824906,0.0,0.0,0.059871,26.3,0.0,24.55729388757331,0.059871,0.059871,0.0,0.0,0.059871,0.0,0.0,0.0,0.059871,0.0,0.059871,0.0 
 07/21  07:57:00,24.0,28.809522651786292,24.55441185786523,28.809522651786292,0.0,9256.89777092276,24.55441185786523,0.0,0.0,0.059871,26.3,0.0,24.55585210824906,0.059871,0.059871,0.0,0.0,0.059871,0.0,0.0,0.0,0.059871,0.0,0.059871,0.0 
 07/21  07:58:00,24.0,28.789699630746643,24.552973175533868,28.789699630746643,0.0,9183.776422867071,24.552973175533868,0.0,0.0,0.059871,26.3,0.0,24.55441185786523,0.059871,0.059871,0.0,0.0,0.059871,0.0,0.0,0.0,0.059871,0.0,0.059871,0.0 
 07/21  07:59:00,24.0,28.77018641181055,24.551536090114247,28.77018641181055,0.0,9111.797844493021,24.551536090114247,0.0,0.0,0.059871,26.3,0.0,24.552973175533868,0.059871,0.059871,0.0,0.0,0.059871,0.0,0.0,0.0,0.059871,0.0,0.059871,0.0 
 07/21  08:00:00,24.0,28.750987583310163,24.550100653929206,28.750987583310163,0.0,9040.97896082084,24.550100653929206,0.0,0.0,0.059871,26.3,0.0,24.551536090114247,0.059871,0.059871,0.0,0.0,0.059871,0.0,0.0,0.0,0.059871,0.0,0.059871,0.0,49104000.0 
 07/21  08:01:00,24.0,28.840182697970626,24.57253529365817,28.840182697970626,0.0,9369.9937467563,24.57253529365817,0.0,0.0,0.059871,26.3,0.0,24.550100653929206,0.059871,0.059871,0.0,0.0,0.059871,0.0,0.0,0.0,0.059871,0.0,0.059871,0.0 
 07/21  08:02:00,24.0,28.94715959189485,24.60855677394557,28.94715959189485,0.0,9765.0275340697,24.60855677394557,0.0,0.0,0.059871,26.3,0.0,24.57253529365817,0.059871,0.059871,0.0,0.0,0.059871,0.0,0.0,0.0,0.059871,0.0,0.059871,0.0 
 07/21  08:03:00,24.0,29.01072896018853,24.647108125987582,29.01072896018853,0.0,10000.113545575969,24.647108125987582,0.0,0.0,0.059871,26.3,0.0,24.60855677394557,0.059871,0.059871,0.0,0.0,0.059871,0.0,0.0,0.0,0.059871,0.0,0.059871,0.0 
 07/21  08:04:00,24.0,29.028206612922837,24.683112234418928,29.028206612922837,0.0,10065.088212417628,24.683112234418928,0.0,0.0,0.059871,26.3,0.0,24.647108125987582,0.059871,0.059871,0.0,0.0,0.059871,0.0,0.0,0.0,0.059871,0.0,0.059871,0.0 
 07/21  08:05:00,24.0,29.020404227618748,24.7155020127521,29.020404227618748,0.0,10036.64016100548,24.7155020127521,0.0,0.0,0.059871,26.3,0.0,24.683112234418928,0.059871,0.059871,0.0,0.0,0.059871,0.0,0.0,0.0,0.059871,0.0,0.059871,0.0 
 07/21  08:06:00,24.0,29.005011244872307,24.74466562906952,29.005011244872307,0.0,9980.054532334134,24.74466562906952,0.0,0.0,0.059871,26.3,0.0,24.7155020127521,0.059871,0.059871,0.0,0.0,0.059871,0.0,0.0,0.0,0.059871,0.0,0.059871,0.0 
 07/21  08:07:00,24.0,28.989768744172665,24.77116381365747,28.989768744172665,0.0,9923.940200945508,24.77116381365747,0.0,0.0,0.059871,26.3,0.0,24.74466562906952,0.059871,0.059871,0.0,0.0,0.059871,0.0,0.0,0.0,0.059871,0.0,0.059871,0.0 
 07/21  08:08:00,24.0,28.975866688717524,24.79538584662626,28.975866688717524,0.0,9872.72411424452,24.79538584662626,0.0,0.0,0.059871,26.3,0.0,24.77116381365747,0.059871,0.059871,0.0,0.0,0.059871,0.0,0.0,0.0,0.059871,0.0,0.059871,0.0 
 07/21  08:09:00,24.0,28.962434591971594,24.817569329439443,28.962434591971594,0.0,9823.214992699632,24.817569329439443,0.0,0.0,0.059871,26.3,0.0,24.79538584662626,0.059871,0.059871,0.0,0.0,0.059871,0.0,0.0,0.0,0.059871,0.0,0.059871,0.0 
 07/21  08:10:00,24.0,28.948805860265107,24.837879639826276,28.948805860265107,0.0,9772.963628041958,24.837879639826276,0.0,0.0,0.059871,26.3,0.0,24.817569329439443,0.059871,0.059871,0.0,0.0,0.059871,0.0,0.0,0.0,0.059871,0.0,0.059871,0.0 
 07/21  08:11:00,24.0,28.9348614309871,24.856457526216058,28.9348614309871,0.0,9721.536160600917,24.856457526216058,0.0,0.0,0.059871,26.3,0.0,24.837879639826276,0.059871,0.059871,0.0,0.0,0.059871,0.0,0.0,0.0,0.059871,0.0,0.059871,0.0 
 07/21  08:12:00,24.0,28.92078133460803,24.87343567781702,28.92078133460803,0.0,9669.600240738579,24.87343567781702,0.0,0.0,0.059871,26.3,0.0,24.856457526216058,0.059871,0.059871,0.0,0.0,0.059871,0.0,0.0,0.0,0.059871,0.0,0.059871,0.0 
 07/21  08:13:00,24.0,28.906725994257215,24.888940382847654,28.906725994257215,0.0,9617.750197284571,24.888940382847654,0.0,0.0,0.059871,26.3,0.0,24.87343567781702,0.059871,0.059871,0.0,0.0,0.059871,0.0,0.0,0.0,0.059871,0.0,0.059871,0.0 
 07/21  08:14:00,24.0,28.892793684708227,24.903090328533978,28.892793684708227,0.0,9566.350398768285,24.903090328533978,0.0,0.0,0.059871,26.3,0.0,24.888940382847654,0.059871,0.059871,0.0,0.0,0.059871,0.0,0.0,0.0,0.059871,0.0,0.059871,0.0 
 07/21  08:15:00,24.0,28.878993738610294,24.91599546248147,28.878993738610294,0.0,9515.436531383806,24.91599546248147,0.0,0.0,0.059871,26.3,0.0,24.903090328533978,0.059871,0.059871,0.0,0.0,0.059871,0.0,0.0,0.0,0.059871,0.0,0.059871,0.0 
 07/21  08:16:00,24.0,28.865334202950205,24.927757068227397,28.865334202950205,0.0,9465.03913429788,24.927757068227397,0.0,0.0,0.059871,26.3,0.0,24.91599546248147,0.059871,0.059871,0.0,0.0,0.059871,0.0,0.0,0.0,0.059871,0.0,0.059871,0.0 
 07/21  08:17:00,24.0,28.851797761391506,24.938468306069126,28.851797761391506,0.0,9415.094876645559,24.938468306069126,0.0,0.0,0.059871,26.3,0.0,24.927757068227397,0.059871,0.059871,0.0,0.0,0.059871,0.0,0.0,0.0,0.059871,0.0,0.059871,0.0 
 07/21  08:18:00,24.0,28.838394614305376,24.948214839395547,28.838394614305376,0.0,9365.641758489688,24.948214839395547,0.0,0.0,0.059871,26.3,0.0,24.938468306069126,0.059871,0.059871,0.0,0.0,0.059871,0.0,0.0,0.0,0.059871,0.0,0.059871,0.0 
 07/21  08:19:00,24.0,28.8251139971486,24.95707543236918,28.8251139971486,0.0,9316.640301268566,24.95707543236918,0.0,0.0,0.059871,26.3,0.0,24.948214839395547,0.059871,0.059871,0.0,0.0,0.059871,0.0,0.0,0.0,0.059871,0.0,0.059871,0.0 
 07/21  08:20:00,33.2,28.812644044545966,25.239877573737594,28.812644044545966,0.0,9270.629597666075,25.239877573737594,0.0,0.0,0.059871,26.3,0.0,24.95707543236918,0.059871,0.059871,0.0,0.0,0.059871,0.0,0.0,0.0,0.059871,0.0,0.059871,0.0 
 07/21  08:21:00,33.2,28.5999131747359,25.67735395934118,28.5999131747359,0.0,12950.431877927413,25.67735395934118,0.0,0.0,0.059871,25.1,0.0,25.239877573737594,0.059871,0.059871,0.0,0.0,0.059871,0.0,0.0,0.0,0.059871,0.0,0.059871,0.0 
 07/21  08:22:00,33.3,28.069988759337356,26.144340068734987,28.069988759337356,0.0,17346.22945543659,26.144340068734987,0.0,0.0,0.059871,23.4,0.0,25.67735395934118,0.059871,0.059871,0.0,0.0,0.059871,0.0,0.0,0.0,0.059871,0.0,0.059871,0.0 
 07/21  08:23:00,33.5,27.231282482467176,26.5860830059796,27.231282482467176,0.0,22101.028629031553,26.5860830059796,0.0,0.0,0.059871,21.3,0.0,26.144340068734987,0.059871,0.059871,0.0,0.0,0.059871,0.0,0.0,0.0,0.059871,0.0,0.059871,0.0 
 07/21  08:24:00,33.6,26.421599246807137,26.98894816787111,26.421599246807137,0.0,22110.31071984398,26.98894816787111,0.0,0.0,0.059871,20.5,0.0,26.5860830059796,0.059871,0.059871,0.0,0.0,0.059871,0.0,0.0,0.0,0.059871,0.0,0.059871,0.0 
 07/21  08:25:00,33.7,25.82107920233595,27.35574913921729,25.82107920233595,0.0,22133.769876113314,27.35574913921729,0.0,0.0,0.059871,19.9,0.0,26.98894816787111,0.059871,0.059871,0.0,0.0,0.059871,0.0,0.0,0.0,0.059871,0.0,0.059871,0.0 
 07/21  08:26:00,33.8,25.414556205488445,27.692156523081096,25.414556205488445,0.0,22497.112630983484,27.692156523081096,0.0,0.0,0.059871,19.4,0.0,27.35574913921729,0.059871,0.059871,0.0,0.0,0.059871,0.0,0.0,0.0,0.059871,0.0,0.059871,0.0 
 07/21  08:27:00,33.7,25.140700906885662,27.9966136096459,25.140700906885662,0.0,22604.48857170039,27.9966136096459,0.0,0.0,0.059871,19.1,0.0,27.692156523081096,0.059871,0.059871,0.0,0.0,0.059871,0.0,0.0,0.0,0.059871,0.0,0.059871,0.0 
 07/21  08:28:00,33.7,24.94610783314617,28.271616740292657,24.94610783314617,0.0,22630.59729965563,28.271616740292657,0.0,0.0,0.059871,18.9,0.0,27.9966136096459,0.059871,0.059871,0.0,0.0,0.059871,0.0,0.0,0.0,0.059871,0.0,0.059871,0.0 
 07/21  08:29:00,33.7,24.7888103349544,28.52037590687776,24.7888103349544,0.0,22793.683021992198,28.52037590687776,0.0,0.0,0.059871,18.7,0.0,28.271616740292657,0.059871,0.059871,0.0,0.0,0.059871,0.0,0.0,0.0,0.059871,0.0,0.059871,0.0 
 07/21  08:30:00,33.7,24.628977134607812,28.745666625973275,24.628977134607812,0.0,23323.31181863884,28.745666625973275,0.0,0.0,0.059871,18.4,0.0,28.52037590687776,0.059871,0.059871,0.0,0.0,0.059871,0.0,0.0,0.0,0.059871,0.0,0.059871,0.0 
 07/21  08:31:00,33.8,24.47124680025231,28.952737187011206,24.47124680025231,0.0,23483.760455638796,28.952737187011206,0.0,0.0,0.059871,18.2,0.0,28.745666625973275,0.059871,0.059871,0.0,0.0,0.059871,0.0,0.0,0.0,0.059871,0.0,0.059871,0.0 
 07/21  08:32:00,33.8,24.322397866997832,29.142260859970964,24.322397866997832,0.0,23677.1526070048,29.142260859970964,0.0,0.0,0.059871,18.0,0.0,28.952737187011206,0.059871,0.059871,0.0,0.0,0.059871,0.0,0.0,0.0,0.059871,0.0,0.059871,0.0 
 07/21  08:33:00,33.7,24.213889036525764,29.311667614035308,24.213889036525764,0.0,23272.770628460734,29.311667614035308,0.0,0.0,0.059871,18.0,0.0,29.142260859970964,0.059871,0.059871,0.0,0.0,0.059871,0.0,0.0,0.0,0.059871,0.0,0.059871,0.0 
 07/21  08:34:00,33.7,24.145856019123904,29.463287804875737,24.145856019123904,0.0,23016.615133143707,29.463287804875737,0.0,0.0,0.059871,18.0,0.0,29.311667614035308,0.059871,0.059871,0.0,0.0,0.059871,0.0,0.0,0.0,0.059871,0.0,0.059871,0.0 
 07/21  08:35:00,33.7,24.101196427317312,29.599899939475097,24.101196427317312,0.0,22846.261557241483,29.599899939475097,0.0,0.0,0.059871,18.0,0.0,29.463287804875737,0.059871,0.059871,0.0,0.0,0.059871,0.0,0.0,0.0,0.059871,0.0,0.059871,0.0 
 07/21  08:36:00,33.8,23.985382651240528,29.726531383875038,23.985382651240528,0.0,24282.450052023774,29.726531383875038,0.0,0.0,0.059871,17.5,0.0,29.599899939475097,0.059871,0.059871,0.0,0.0,0.059871,0.0,0.0,0.0,0.059871,0.0,0.059871,0.0 
 07/21  08:37:00,33.8,23.86150250075324,29.843306481754066,23.86150250075324,0.0,23812.49801378679,29.843306481754066,0.0,0.0,0.059871,17.5,0.0,29.726531383875038,0.059871,0.059871,0.0,0.0,0.059871,0.0,0.0,0.0,0.059871,0.0,0.059871,0.0 
 07/21  08:38:00,33.8,23.756713443989383,29.949957045373825,23.756713443989383,0.0,23788.071799104222,29.949957045373825,0.0,0.0,0.059871,17.4,0.0,29.843306481754066,0.059871,0.059871,0.0,0.0,0.059871,0.0,0.0,0.0,0.059871,0.0,0.059871,0.0 
 07/21  08:39:00,33.8,23.70053463736555,30.046832652404625,23.70053463736555,0.0,23198.291475833215,30.046832652404625,0.0,0.0,0.059871,17.5,0.0,29.949957045373825,0.059871,0.059871,0.0,0.0,0.059871,0.0,0.0,0.0,0.059871,0.0,0.059871,0.0 
 07/21  08:40:00,33.9,23.654849604088064,30.13767189627829,23.654849604088064,0.0,23398.63339913563,30.13767189627829,0.0,0.0,0.059871,17.4,0.0,30.046832652404625,0.059871,0.059871,0.0,0.0,0.059871,0.0,0.0,0.0,0.059871,0.0,0.059871,0.0 
 07/21  08:41:00,33.9,23.595434509240288,30.222053451996505,23.595434509240288,0.0,23548.11538289943,30.222053451996505,0.0,0.0,0.059871,17.3,0.0,30.13767189627829,0.059871,0.059871,0.0,0.0,0.059871,0.0,0.0,0.0,0.059871,0.0,0.059871,0.0 
 07/21  08:42:00,33.8,23.537040352409367,30.296446527015867,23.537040352409367,0.0,23326.683962187868,30.296446527015867,0.0,0.0,0.059871,17.3,0.0,30.222053451996505,0.059871,0.059871,0.0,0.0,0.059871,0.0,0.0,0.0,0.059871,0.0,0.059871,0.0 
 07/21  08:43:00,33.8,23.473242563137678,30.362308801559898,23.473242563137678,0.0,23459.117795526683,30.362308801559898,0.0,0.0,0.059871,17.2,0.0,30.296446527015867,0.059871,0.059871,0.0,0.0,0.059871,0.0,0.0,0.0,0.059871,0.0,0.059871,0.0 
 07/21  08:44:00,33.6,23.401198570123345,30.4156518513275,23.401198570123345,0.0,23560.419968863273,30.4156518513275,0.0,0.0,0.059871,17.1,0.0,30.362308801559898,0.059871,0.059871,0.0,0.0,0.059871,0.0,0.0,0.0,0.059871,0.0,0.059871,0.0 
 07/21  08:45:00,33.7,23.323240121626004,30.463396101239784,23.323240121626004,0.0,23639.175788280787,30.463396101239784,0.0,0.0,0.059871,17.0,0.0,30.4156518513275,0.059871,0.059871,0.0,0.0,0.059871,0.0,0.0,0.0,0.059871,0.0,0.059871,0.0 
 07/21  08:46:00,33.7,23.258625056034635,30.50775100601973,23.258625056034635,0.0,23393.713227997814,30.50775100601973,0.0,0.0,0.059871,17.0,0.0,30.463396101239784,0.059871,0.059871,0.0,0.0,0.059871,0.0,0.0,0.0,0.059871,0.0,0.059871,0.0 
 07/21  08:47:00,33.8,23.21128241522215,30.552005874662523,23.21128241522215,0.0,23213.557684835738,30.552005874662523,0.0,0.0,0.059871,17.0,0.0,30.50775100601973,0.059871,0.059871,0.0,0.0,0.059871,0.0,0.0,0.0,0.059871,0.0,0.059871,0.0 
 07/21  08:48:00,33.8,23.15904156528543,30.594800885114527,23.15904156528543,0.0,23389.696302451233,30.594800885114527,0.0,0.0,0.059871,16.9,0.0,30.552005874662523,0.059871,0.059871,0.0,0.0,0.059871,0.0,0.0,0.0,0.059871,0.0,0.059871,0.0 
 07/21  08:49:00,33.8,23.124816442994266,30.63483003021474,23.124816442994266,0.0,22885.57113700429,30.63483003021474,0.0,0.0,0.059871,17.0,0.0,30.594800885114527,0.059871,0.059871,0.0,0.0,0.059871,0.0,0.0,0.0,0.059871,0.0,0.059871,0.0 
 07/21  08:50:00,33.7,23.08426155533193,30.668714052235728,23.08426155533193,0.0,23106.018020754094,30.668714052235728,0.0,0.0,0.059871,16.9,0.0,30.63483003021474,0.059871,0.059871,0.0,0.0,0.059871,0.0,0.0,0.0,0.059871,0.0,0.059871,0.0 
 07/21  08:51:00,33.9,23.025726698295628,30.703882877722933,23.025726698295628,0.0,23258.952744890845,30.703882877722933,0.0,0.0,0.059871,16.8,0.0,30.668714052235728,0.059871,0.059871,0.0,0.0,0.059871,0.0,0.0,0.0,0.059871,0.0,0.059871,0.0 
 07/21  08:52:00,33.8,22.93736943241482,30.736426029056393,22.93736943241482,0.0,23673.12808779618,30.736426029056393,0.0,0.0,0.059871,16.6,0.0,30.703882877722933,0.059871,0.059871,0.0,0.0,0.059871,0.0,0.0,0.0,0.059871,0.0,0.059871,0.0 
 07/21  08:53:00,33.7,22.87272474178368,30.762844284482373,22.87272474178368,0.0,23053.832165706695,30.762844284482373,0.0,0.0,0.059871,16.7,0.0,30.736426029056393,0.059871,0.059871,0.0,0.0,0.059871,0.0,0.0,0.0,0.059871,0.0,0.059871,0.0 
 07/21  08:54:00,33.7,22.849393380236055,30.78500199490444,22.849393380236055,0.0,22590.167909814445,30.78500199490444,0.0,0.0,0.059871,16.8,0.0,30.762844284482373,0.059871,0.059871,0.0,0.0,0.059871,0.0,0.0,0.0,0.059871,0.0,0.059871,0.0 
 07/21  08:55:00,33.8,22.823212931243262,30.807833029701687,22.823212931243262,0.0,22864.720704813386,30.807833029701687,0.0,0.0,0.059871,16.7,0.0,30.78500199490444,0.059871,0.059871,0.0,0.0,0.059871,0.0,0.0,0.0,0.059871,0.0,0.059871,0.0 
 07/21  08:56:00,33.7,22.789140114248077,30.828014229541548,22.789140114248077,0.0,22736.251746111193,30.828014229541548,0.0,0.0,0.059871,16.7,0.0,30.807833029701687,0.059871,0.059871,0.0,0.0,0.059871,0.0,0.0,0.0,0.059871,0.0,0.059871,0.0 
 07/21  08:57:00,33.8,22.769073244231784,30.84878033285882,22.769073244231784,0.0,22286.357736397847,30.84878033285882,0.0,0.0,0.059871,16.8,0.0,30.828014229541548,0.059871,0.059871,0.0,0.0,0.059871,0.0,0.0,0.0,0.059871,0.0,0.059871,0.0 
 07/21  08:58:00,33.8,22.737422615402615,30.86964245372135,22.737422615402615,0.0,22540.61210084023,30.86964245372135,0.0,0.0,0.059871,16.7,0.0,30.84878033285882,0.059871,0.059871,0.0,0.0,0.059871,0.0,0.0,0.0,0.059871,0.0,0.059871,0.0 
 07/21  08:59:00,33.8,22.889628173369832,30.889749447187143,22.889628173369832,0.0,18627.469657343056,30.889749447187143,0.0,0.0,0.059871,17.9,0.0,30.86964245372135,0.059871,0.059871,0.0,0.0,0.059871,0.0,0.0,0.0,0.059871,0.0,0.059871,0.0 
 07/21  09:00:00,33.8,22.987902513922954,30.90870896580974,22.987902513922954,0.0,20867.56386383311,30.90870896580974,0.0,0.0,0.059871,17.4,0.0,30.889749447187143,0.059871,0.059871,0.0,0.0,0.059871,0.0,0.0,0.0,0.059871,0.0,0.059871,0.0,88387200.0 
 07/21  09:01:00,33.7,22.93391127316918,30.92351817116394,22.93391127316918,0.0,22164.258297167056,30.92351817116394,0.0,0.0,0.059871,17.0,0.0,30.90870896580974,0.059871,0.059871,0.0,0.0,0.059871,0.0,0.0,0.0,0.059871,0.0,0.059871,0.0 
 07/21  09:02:00,33.8,22.796219988979434,30.9385919847149,22.796219988979434,0.0,22394.46202651142,30.9385919847149,0.0,0.0,0.059871,16.8,0.0,30.92351817116394,0.059871,0.059871,0.0,0.0,0.059871,0.0,0.0,0.0,0.059871,0.0,0.059871,0.0 
 07/21  09:03:00,33.7,22.677470633472065,30.951171149399197,22.677470633472065,0.0,21944.66899125505,30.951171149399197,0.0,0.0,0.059871,16.8,0.0,30.9385919847149,0.059871,0.059871,0.0,0.0,0.059871,0.0,0.0,0.0,0.059871,0.0,0.059871,0.0 
 07/21  09:04:00,33.7,22.592342280490325,30.961926089200507,22.592342280490325,0.0,21994.794025398896,30.961926089200507,0.0,0.0,0.059871,16.7,0.0,30.951171149399197,0.059871,0.059871,0.0,0.0,0.059871,0.0,0.0,0.0,0.059871,0.0,0.059871,0.0 
 07/21  09:05:00,33.8,22.538985189244272,30.974817506192572,22.538985189244272,0.0,21791.80916000253,30.974817506192572,0.0,0.0,0.059871,16.7,0.0,30.961926089200507,0.059871,0.059871,0.0,0.0,0.059871,0.0,0.0,0.0,0.059871,0.0,0.059871,0.0 
 07/21  09:06:00,33.8,22.504124778290976,30.989018416575213,22.504124778290976,0.0,21659.33836649014,30.989018416575213,0.0,0.0,0.059871,16.7,0.0,30.974817506192572,0.059871,0.059871,0.0,0.0,0.059871,0.0,0.0,0.0,0.059871,0.0,0.059871,0.0 
 07/21  09:07:00,33.8,22.47598889052846,31.00327963895098,22.47598889052846,0.0,21552.807869483244,31.00327963895098,0.0,0.0,0.059871,16.7,0.0,30.989018416575213,0.059871,0.059871,0.0,0.0,0.059871,0.0,0.0,0.0,0.059871,0.0,0.059871,0.0 
 07/21  09:08:00,33.8,22.464842122776364,31.016978829946986,22.464842122776364,0.0,21136.856133263507,31.016978829946986,0.0,0.0,0.059871,16.8,0.0,31.00327963895098,0.059871,0.059871,0.0,0.0,0.059871,0.0,0.0,0.0,0.059871,0.0,0.059871,0.0 
 07/21  09:09:00,33.8,22.43966489220509,31.029987774072943,22.43966489220509,0.0,21415.551006566595,31.029987774072943,0.0,0.0,0.059871,16.7,0.0,31.016978829946986,0.059871,0.059871,0.0,0.0,0.059871,0.0,0.0,0.0,0.059871,0.0,0.059871,0.0 
 07/21  09:10:00,33.9,22.405873915879976,31.04535278941866,22.405873915879976,0.0,21288.380640625688,31.04535278941866,0.0,0.0,0.059871,16.7,0.0,31.029987774072943,0.059871,0.059871,0.0,0.0,0.059871,0.0,0.0,0.0,0.059871,0.0,0.059871,0.0 
 07/21  09:11:00,33.9,22.37274946366067,31.061826928288745,22.37274946366067,0.0,21163.34109237474,31.061826928288745,0.0,0.0,0.059871,16.7,0.0,31.04535278941866,0.059871,0.059871,0.0,0.0,0.059871,0.0,0.0,0.0,0.059871,0.0,0.059871,0.0 
 07/21  09:12:00,33.9,22.327817711165576,31.078067503968448,22.327817711165576,0.0,21367.348375169648,31.078067503968448,0.0,0.0,0.059871,16.6,0.0,31.061826928288745,0.059871,0.059871,0.0,0.0,0.059871,0.0,0.0,0.0,0.059871,0.0,0.059871,0.0 
 07/21  09:13:00,33.9,22.29984894395753,31.09348908991663,22.29984894395753,0.0,20888.06689281224,31.09348908991663,0.0,0.0,0.059871,16.7,0.0,31.078067503968448,0.059871,0.059871,0.0,0.0,0.059871,0.0,0.0,0.0,0.059871,0.0,0.059871,0.0 
 07/21  09:14:00,34.1,22.282109782937983,31.113963503926048,22.282109782937983,0.0,20820.721245221233,31.113963503926048,0.0,0.0,0.059871,16.7,0.0,31.09348908991663,0.059871,0.059871,0.0,0.0,0.059871,0.0,0.0,0.0,0.059871,0.0,0.059871,0.0 
 07/21  09:15:00,34.0,22.264580402295714,31.133943223154187,22.264580402295714,0.0,20754.59542401455,31.133943223154187,0.0,0.0,0.059871,16.7,0.0,31.113963503926048,0.059871,0.059871,0.0,0.0,0.059871,0.0,0.0,0.0,0.059871,0.0,0.059871,0.0 
 07/21  09:16:00,33.8,22.243733665653803,31.146112215522436,22.243733665653803,0.0,20676.11124278948,31.146112215522436,0.0,0.0,0.059871,16.7,0.0,31.133943223154187,0.059871,0.059871,0.0,0.0,0.059871,0.0,0.0,0.0,0.059871,0.0,0.059871,0.0 
 07/21  09:17:00,33.8,22.220420308616013,31.15338845687982,22.220420308616013,0.0,20588.29654925153,31.15338845687982,0.0,0.0,0.059871,16.7,0.0,31.146112215522436,0.059871,0.059871,0.0,0.0,0.059871,0.0,0.0,0.0,0.059871,0.0,0.059871,0.0 
 07/21  09:18:00,33.7,22.1964279918626,31.15608736643994,22.1964279918626,0.0,20497.85645014624,31.15608736643994,0.0,0.0,0.059871,16.7,0.0,31.15338845687982,0.059871,0.059871,0.0,0.0,0.059871,0.0,0.0,0.0,0.059871,0.0,0.059871,0.0 
 07/21  09:19:00,33.7,22.188589854483382,31.157126361937504,22.188589854483382,0.0,20094.726620403642,31.157126361937504,0.0,0.0,0.059871,16.8,0.0,31.15608736643994,0.059871,0.059871,0.0,0.0,0.059871,0.0,0.0,0.0,0.059871,0.0,0.059871,0.0 
 07/21  09:20:00,33.6,22.326096744595908,31.15532389216327,22.326096744595908,0.0,17251.02289849538,31.15532389216327,0.0,0.0,0.059871,17.7,0.0,31.157126361937504,0.059871,0.059871,0.0,0.0,0.059871,0.0,0.0,0.0,0.059871,0.0,0.059871,0.0 
 07/21  09:21:00,33.7,22.63483164632803,31.155568922471897,22.63483164632803,0.0,14677.313899121564,31.155568922471897,0.0,0.0,0.059871,18.7,0.0,31.15532389216327,0.059871,0.059871,0.0,0.0,0.059871,0.0,0.0,0.0,0.059871,0.0,0.059871,0.0 
 07/21  09:22:00,33.8,22.642422464538527,31.160903078458208,22.642422464538527,0.0,20686.805857798117,31.160903078458208,0.0,0.0,0.059871,17.1,0.0,31.155568922471897,0.059871,0.059871,0.0,0.0,0.059871,0.0,0.0,0.0,0.059871,0.0,0.059871,0.0 
 07/21  09:23:00,33.7,22.48308245132402,31.16608110880291,22.48308245132402,0.0,20092.391125245977,31.16608110880291,0.0,0.0,0.059871,17.1,0.0,31.160903078458208,0.059871,0.059871,0.0,0.0,0.059871,0.0,0.0,0.0,0.059871,0.0,0.059871,0.0 
 07/21  09:24:00,33.8,22.316915812593642,31.17336729050402,22.316915812593642,0.0,19838.94828600879,31.17336729050402,0.0,0.0,0.059871,17.0,0.0,31.16608110880291,0.059871,0.059871,0.0,0.0,0.059871,0.0,0.0,0.0,0.059871,0.0,0.059871,0.0 
 07/21  09:25:00,33.8,22.217148358738832,31.181939722386538,22.217148358738832,0.0,19460.121804364553,31.181939722386538,0.0,0.0,0.059871,17.0,0.0,31.17336729050402,0.059871,0.059871,0.0,0.0,0.059871,0.0,0.0,0.0,0.059871,0.0,0.059871,0.0 
 07/21  09:26:00,34.0,22.17389585451419,31.196792094691567,22.17389585451419,0.0,19294.908836898936,31.196792094691567,0.0,0.0,0.059871,17.0,0.0,31.181939722386538,0.059871,0.059871,0.0,0.0,0.059871,0.0,0.0,0.0,0.059871,0.0,0.059871,0.0 
 07/21  09:27:00,34.0,22.138951903640184,31.214790302069918,22.138951903640184,0.0,19535.82483442047,31.214790302069918,0.0,0.0,0.059871,16.9,0.0,31.196792094691567,0.059871,0.059871,0.0,0.0,0.059871,0.0,0.0,0.0,0.059871,0.0,0.059871,0.0 
 07/21  09:28:00,34.1,22.105073485421176,31.23596639859795,22.105073485421176,0.0,19408.135104277848,31.23596639859795,0.0,0.0,0.059871,16.9,0.0,31.214790302069918,0.059871,0.059871,0.0,0.0,0.059871,0.0,0.0,0.0,0.059871,0.0,0.059871,0.0 
 07/21  09:29:00,34.1,22.0748719493699,31.257747549153745,22.0748719493699,0.0,19294.21584063186,31.257747549153745,0.0,0.0,0.059871,16.9,0.0,31.23596639859795,0.059871,0.059871,0.0,0.0,0.059871,0.0,0.0,0.0,0.059871,0.0,0.059871,0.0 
 07/21  09:30:00,34.1,22.033507040657582,31.278530925095684,22.033507040657582,0.0,19511.657283269837,31.278530925095684,0.0,0.0,0.059871,16.8,0.0,31.257747549153745,0.059871,0.059871,0.0,0.0,0.059871,0.0,0.0,0.0,0.059871,0.0,0.059871,0.0 
 07/21  09:31:00,34.1,21.993457287782196,31.29785777975197,21.993457287782196,0.0,19360.747752541633,31.29785777975197,0.0,0.0,0.059871,16.8,0.0,31.278530925095684,0.059871,0.059871,0.0,0.0,0.059871,0.0,0.0,0.0,0.059871,0.0,0.059871,0.0 
 07/21  09:32:00,34.1,21.96191857884394,31.315806577131923,21.96191857884394,0.0,19241.64258433699,31.315806577131923,0.0,0.0,0.059871,16.8,0.0,31.29785777975197,0.059871,0.059871,0.0,0.0,0.059871,0.0,0.0,0.0,0.059871,0.0,0.059871,0.0 
 07/21  09:33:00,34.1,21.93782103217225,31.332571569980825,21.93782103217225,0.0,19150.618107767878,31.332571569980825,0.0,0.0,0.059871,16.8,0.0,31.315806577131923,0.059871,0.059871,0.0,0.0,0.059871,0.0,0.0,0.0,0.059871,0.0,0.059871,0.0 
 07/21  09:34:00,34.1,21.901548793701544,31.348329245325257,21.901548793701544,0.0,19387.230462620388,31.348329245325257,0.0,0.0,0.059871,16.7,0.0,31.332571569980825,0.059871,0.059871,0.0,0.0,0.059871,0.0,0.0,0.0,0.059871,0.0,0.059871,0.0 
 07/21  09:35:00,33.9,21.8800775275796,31.357255614742204,21.8800775275796,0.0,18933.124397222906,31.357255614742204,0.0,0.0,0.059871,16.8,0.0,31.348329245325257,0.059871,0.059871,0.0,0.0,0.059871,0.0,0.0,0.0,0.059871,0.0,0.059871,0.0 
 07/21  09:36:00,34.0,21.86759972449966,31.365111230573252,21.86759972449966,0.0,18885.819882426156,31.365111230573252,0.0,0.0,0.059871,16.8,0.0,31.357255614742204,0.059871,0.059871,0.0,0.0,0.059871,0.0,0.0,0.0,0.059871,0.0,0.059871,0.0 
 07/21  09:37:00,34.0,21.855160819717238,31.373455837367295,21.855160819717238,0.0,18838.999199956306,31.373455837367295,0.0,0.0,0.059871,16.8,0.0,31.365111230573252,0.059871,0.059871,0.0,0.0,0.059871,0.0,0.0,0.0,0.059871,0.0,0.059871,0.0 
 07/21  09:38:00,34.0,21.839607038631165,31.382208594229287,21.839607038631165,0.0,18780.574692107795,31.382208594229287,0.0,0.0,0.059871,16.8,0.0,31.373455837367295,0.059871,0.059871,0.0,0.0,0.059871,0.0,0.0,0.0,0.059871,0.0,0.059871,0.0 
 07/21  09:39:00,34.1,21.821722908044727,31.394002023127346,21.821722908044727,0.0,18713.354504369603,31.394002023127346,0.0,0.0,0.059871,16.8,0.0,31.382208594229287,0.059871,0.059871,0.0,0.0,0.059871,0.0,0.0,0.0,0.059871,0.0,0.059871,0.0 
 07/21  09:40:00,34.2,21.787240125714224,31.41026390121857,21.787240125714224,0.0,18956.836055806554,31.41026390121857,0.0,0.0,0.059871,16.7,0.0,31.394002023127346,0.059871,0.059871,0.0,0.0,0.059871,0.0,0.0,0.0,0.059871,0.0,0.059871,0.0 
 07/21  09:41:00,34.2,21.750834591231538,31.42819377466196,21.750834591231538,0.0,18819.90117500614,31.42819377466196,0.0,0.0,0.059871,16.7,0.0,31.41026390121857,0.059871,0.059871,0.0,0.0,0.059871,0.0,0.0,0.0,0.059871,0.0,0.059871,0.0 
 07/21  09:42:00,34.2,21.721641721509894,31.44575798324198,21.721641721509894,0.0,18709.78991847574,31.44575798324198,0.0,0.0,0.059871,16.7,0.0,31.42819377466196,0.059871,0.059871,0.0,0.0,0.059871,0.0,0.0,0.0,0.059871,0.0,0.059871,0.0 
 07/21  09:43:00,34.2,21.699601557946114,31.46223038293242,21.699601557946114,0.0,18626.607536069227,31.46223038293242,0.0,0.0,0.059871,16.7,0.0,31.44575798324198,0.059871,0.059871,0.0,0.0,0.059871,0.0,0.0,0.0,0.059871,0.0,0.059871,0.0 
 07/21  09:44:00,34.2,21.66536253877435,31.477584185293722,21.66536253877435,0.0,18870.794820459058,31.477584185293722,0.0,0.0,0.059871,16.6,0.0,31.46223038293242,0.059871,0.059871,0.0,0.0,0.059871,0.0,0.0,0.0,0.059871,0.0,0.059871,0.0 
 07/21  09:45:00,34.0,21.629969424099272,31.48603802570601,21.629969424099272,0.0,18737.68707477499,31.48603802570601,0.0,0.0,0.059871,16.6,0.0,31.477584185293722,0.059871,0.059871,0.0,0.0,0.059871,0.0,0.0,0.0,0.059871,0.0,0.059871,0.0 
 07/21  09:46:00,34.0,21.601358738543144,31.490430608482946,21.601358738543144,0.0,18629.82177710402,31.490430608482946,0.0,0.0,0.059871,16.6,0.0,31.48603802570601,0.059871,0.059871,0.0,0.0,0.059871,0.0,0.0,0.0,0.059871,0.0,0.059871,0.0 
 07/21  09:47:00,34.0,21.579543088886933,31.493700633902332,21.579543088886933,0.0,18547.527607825414,31.493700633902332,0.0,0.0,0.059871,16.6,0.0,31.490430608482946,0.059871,0.059871,0.0,0.0,0.059871,0.0,0.0,0.0,0.059871,0.0,0.059871,0.0 
 07/21  09:48:00,34.0,21.561382163292098,31.497192487738396,21.561382163292098,0.0,18479.099914089074,31.497192487738396,0.0,0.0,0.059871,16.6,0.0,31.493700633902332,0.059871,0.059871,0.0,0.0,0.059871,0.0,0.0,0.0,0.059871,0.0,0.059871,0.0 
 07/21  09:49:00,34.0,21.544312065455397,31.501196840329037,21.544312065455397,0.0,18414.872125159196,31.501196840329037,0.0,0.0,0.059871,16.6,0.0,31.497192487738396,0.059871,0.059871,0.0,0.0,0.059871,0.0,0.0,0.0,0.059871,0.0,0.059871,0.0 
 07/21  09:50:00,34.0,21.52733884936838,31.505625036953397,21.52733884936838,0.0,18351.04908142418,31.505625036953397,0.0,0.0,0.059871,16.6,0.0,31.501196840329037,0.059871,0.059871,0.0,0.0,0.059871,0.0,0.0,0.0,0.059871,0.0,0.059871,0.0 
 07/21  09:51:00,34.0,21.510349848276462,31.51034801729633,21.510349848276462,0.0,18287.175429219915,31.51034801729633,0.0,0.0,0.059871,16.6,0.0,31.505625036953397,0.059871,0.059871,0.0,0.0,0.059871,0.0,0.0,0.0,0.059871,0.0,0.059871,0.0 
 07/21  09:52:00,34.0,21.493527714202532,31.51528409532795,21.493527714202532,0.0,18223.927403490638,31.51528409532795,0.0,0.0,0.059871,16.6,0.0,31.51034801729633,0.059871,0.059871,0.0,0.0,0.059871,0.0,0.0,0.0,0.059871,0.0,0.059871,0.0 
 07/21  09:53:00,34.0,21.476949879592603,31.520392938281642,21.476949879592603,0.0,18161.599689288298,31.520392938281642,0.0,0.0,0.059871,16.6,0.0,31.51528409532795,0.059871,0.059871,0.0,0.0,0.059871,0.0,0.0,0.0,0.059871,0.0,0.059871,0.0 
 07/21  09:54:00,34.0,21.46063838861162,31.525652441964578,21.46063838861162,0.0,18100.27690240308,31.525652441964578,0.0,0.0,0.059871,16.6,0.0,31.520392938281642,0.059871,0.059871,0.0,0.0,0.059871,0.0,0.0,0.0,0.059871,0.0,0.059871,0.0 
 07/21  09:55:00,34.0,21.444538415092662,31.53104665934786,21.444538415092662,0.0,18039.755436599295,31.53104665934786,0.0,0.0,0.059871,16.6,0.0,31.525652441964578,0.059871,0.059871,0.0,0.0,0.059871,0.0,0.0,0.0,0.059871,0.0,0.059871,0.0 
 07/21  09:56:00,34.0,21.42863877621835,31.536560225717064,21.42863877621835,0.0,17979.99157035877,31.536560225717064,0.0,0.0,0.059871,16.6,0.0,31.53104665934786,0.059871,0.059871,0.0,0.0,0.059871,0.0,0.0,0.0,0.059871,0.0,0.059871,0.0 
 07/21  09:57:00,34.0,21.41290620547449,31.54217884839399,21.41290620547449,0.0,17920.860873450736,31.54217884839399,0.0,0.0,0.059871,16.6,0.0,31.536560225717064,0.059871,0.059871,0.0,0.0,0.059871,0.0,0.0,0.0,0.059871,0.0,0.059871,0.0 
 07/21  09:58:00,34.0,21.397354345307313,31.547888793063944,21.397354345307313,0.0,17862.412846459643,31.547888793063944,0.0,0.0,0.059871,16.6,0.0,31.54217884839399,0.059871,0.059871,0.0,0.0,0.059871,0.0,0.0,0.0,0.059871,0.0,0.059871,0.0 
 07/21  09:59:00,34.0,21.381963500377676,31.55367805074814,21.381963500377676,0.0,17804.574510131068,31.55367805074814,0.0,0.0,0.059871,16.6,0.0,31.547888793063944,0.059871,0.059871,0.0,0.0,0.059871,0.0,0.0,0.0,0.059871,0.0,0.059871,0.0 
 07/21  10:00:00,34.0,21.366749194719144,31.559535480468465,21.366749194719144,0.0,17747.40281312532,31.559535480468465,0.0,0.0,0.059871,16.6,0.0,31.55367805074814,0.059871,0.059871,0.0,0.0,0.059871,0.0,0.0,0.0,0.059871,0.0,0.059871,0.0,88387200.0 
 07/21  10:01:00,34.0,21.351691199355795,31.565451559752816,21.351691199355795,0.0,17690.82289456228,31.565451559752816,0.0,0.0,0.059871,16.6,0.0,31.559535480468465,0.059871,0.059871,0.0,0.0,0.059871,0.0,0.0,0.0,0.059871,0.0,0.059871,0.0 
 07/21  10:02:00,34.0,21.336803526889263,31.571417400065826,21.336803526889263,0.0,17634.886052810838,31.571417400065826,0.0,0.0,0.059871,16.6,0.0,31.565451559752816,0.059871,0.059871,0.0,0.0,0.059871,0.0,0.0,0.0,0.059871,0.0,0.059871,0.0 
 07/21  10:03:00,34.0,21.322066493607192,31.57742543631504,21.322066493607192,0.0,17579.51943176591,31.57742543631504,0.0,0.0,0.059871,16.6,0.0,31.571417400065826,0.059871,0.059871,0.0,0.0,0.059871,0.0,0.0,0.0,0.059871,0.0,0.059871,0.0 
 07/21  10:04:00,34.0,21.3074940934425,31.583468519636323,21.3074940934425,0.0,17524.77427052308,31.583468519636323,0.0,0.0,0.059871,16.6,0.0,31.57742543631504,0.059871,0.059871,0.0,0.0,0.059871,0.0,0.0,0.0,0.059871,0.0,0.059871,0.0 
 07/21  10:05:00,34.0,21.293067640565578,31.589540621966623,21.293067640565578,0.0,17470.581371008597,31.589540621966623,0.0,0.0,0.059871,16.6,0.0,31.583468519636323,0.059871,0.059871,0.0,0.0,0.059871,0.0,0.0,0.0,0.059871,0.0,0.059871,0.0 
 07/21  10:06:00,34.0,21.27880095852428,31.595635980468572,21.27880095852428,0.0,17416.991506977618,31.595635980468572,0.0,0.0,0.059871,16.6,0.0,31.589540621966623,0.059871,0.059871,0.0,0.0,0.059871,0.0,0.0,0.0,0.059871,0.0,0.059871,0.0 
 07/21  10:07:00,34.0,21.26467601413924,31.601749783939777,21.26467601413924,0.0,17363.937852192365,31.601749783939777,0.0,0.0,0.059871,16.6,0.0,31.595635980468572,0.059871,0.059871,0.0,0.0,0.059871,0.0,0.0,0.0,0.059871,0.0,0.059871,0.0 
 07/21  10:08:00,34.0,21.250706285165545,31.607877381944448,21.250706285165545,0.0,17311.469900724325,31.607877381944448,0.0,0.0,0.059871,16.6,0.0,31.601749783939777,0.059871,0.059871,0.0,0.0,0.059871,0.0,0.0,0.0,0.059871,0.0,0.059871,0.0 
 07/21  10:09:00,34.0,21.236874292690224,31.614014952397596,21.236874292690224,0.0,17259.522927177095,31.614014952397596,0.0,0.0,0.059871,16.6,0.0,31.607877381944448,0.059871,0.059871,0.0,0.0,0.059871,0.0,0.0,0.0,0.059871,0.0,0.059871,0.0 
 07/21  10:10:00,34.0,21.223193168605608,31.62015872296648,21.223193168605608,0.0,17208.14511385982,31.62015872296648,0.0,0.0,0.059871,16.6,0.0,31.614014952397596,0.059871,0.059871,0.0,0.0,0.059871,0.0,0.0,0.0,0.059871,0.0,0.059871,0.0 
 07/21  10:11:00,34.0,21.209645963646967,31.626305662072966,21.209645963646967,0.0,17157.273712457507,31.626305662072966,0.0,0.0,0.059871,16.6,0.0,31.62015872296648,0.059871,0.059871,0.0,0.0,0.059871,0.0,0.0,0.0,0.059871,0.0,0.059871,0.0 
 07/21  10:12:00,34.0,21.19624546489834,31.63245271963246,21.19624546489834,0.0,17106.955691145173,31.63245271963246,0.0,0.0,0.059871,16.6,0.0,31.626305662072966,0.059871,0.059871,0.0,0.0,0.059871,0.0,0.0,0.0,0.059871,0.0,0.059871,0.0 
 07/21  10:13:00,34.0,21.182975219253127,31.638597484199448,21.182975219253127,0.0,17057.13012196785,31.638597484199448,0.0,0.0,0.059871,16.6,0.0,31.63245271963246,0.059871,0.059871,0.0,0.0,0.059871,0.0,0.0,0.0,0.059871,0.0,0.059871,0.0 
 07/21  10:14:00,34.0,21.16984767270679,31.644737483450395,21.16984767270679,0.0,17007.842679006004,31.644737483450395,0.0,0.0,0.059871,16.6,0.0,31.638597484199448,0.059871,0.059871,0.0,0.0,0.059871,0.0,0.0,0.0,0.059871,0.0,0.059871,0.0 
 07/21  10:15:00,34.0,21.15684684517486,31.65087082422183,21.15684684517486,0.0,16959.034230642665,31.65087082422183,0.0,0.0,0.059871,16.6,0.0,31.644737483450395,0.059871,0.059871,0.0,0.0,0.059871,0.0,0.0,0.0,0.059871,0.0,0.059871,0.0 
 07/21  10:16:00,34.0,21.14398484616025,31.656995483361893,21.14398484616025,0.0,16910.749204850043,31.656995483361893,0.0,0.0,0.059871,16.6,0.0,31.65087082422183,0.059871,0.059871,0.0,0.0,0.059871,0.0,0.0,0.0,0.059871,0.0,0.059871,0.0 
 07/21  10:17:00,34.0,21.131246147338693,31.663109978954637,21.131246147338693,0.0,16862.93018604793,31.663109978954637,0.0,0.0,0.059871,16.6,0.0,31.656995483361893,0.059871,0.059871,0.0,0.0,0.059871,0.0,0.0,0.0,0.059871,0.0,0.059871,0.0 
 07/21  10:18:00,34.0,21.118642529820768,31.66921266968961,21.118642529820768,0.0,16815.620355431536,31.66921266968961,0.0,0.0,0.059871,16.6,0.0,31.663109978954637,0.059871,0.059871,0.0,0.0,0.059871,0.0,0.0,0.0,0.059871,0.0,0.059871,0.0 
 07/21  10:19:00,34.0,21.106158904028476,31.675302389674368,21.106158904028476,0.0,16768.76390372437,31.675302389674368,0.0,0.0,0.059871,16.6,0.0,31.66921266968961,0.059871,0.059871,0.0,0.0,0.059871,0.0,0.0,0.0,0.059871,0.0,0.059871,0.0 
 07/21  10:20:00,34.0,21.09380673024269,31.68137780082801,21.09380673024269,0.0,16722.40291504493,31.68137780082801,0.0,0.0,0.059871,16.6,0.0,31.675302389674368,0.059871,0.059871,0.0,0.0,0.059871,0.0,0.0,0.0,0.059871,0.0,0.059871,0.0 
 07/21  10:21:00,34.0,21.08157134028238,31.687438012447483,21.08157134028238,0.0,16676.483091261816,31.687438012447483,0.0,0.0,0.059871,16.6,0.0,31.68137780082801,0.059871,0.059871,0.0,0.0,0.059871,0.0,0.0,0.0,0.059871,0.0,0.059871,0.0 
 07/21  10:22:00,34.0,21.06946388541347,31.69348191617485,21.06946388541347,0.0,16631.045371862478,31.69348191617485,0.0,0.0,0.059871,16.6,0.0,31.687438012447483,0.059871,0.059871,0.0,0.0,0.059871,0.0,0.0,0.0,0.059871,0.0,0.059871,0.0 
 07/21  10:23:00,34.0,21.05747010513682,31.699508836681783,21.05747010513682,0.0,16586.037009498184,31.699508836681783,0.0,0.0,0.059871,16.6,0.0,31.69348191617485,0.059871,0.059871,0.0,0.0,0.059871,0.0,0.0,0.0,0.059871,0.0,0.059871,0.0 
 07/21  10:24:00,34.0,21.04560085085301,31.705517870548814,21.04560085085301,0.0,16541.497802916423,31.705517870548814,0.0,0.0,0.059871,16.6,0.0,31.699508836681783,0.059871,0.059871,0.0,0.0,0.059871,0.0,0.0,0.0,0.059871,0.0,0.059871,0.0 
 07/21  10:25:00,34.0,21.033842257847386,31.711508502583218,21.033842257847386,0.0,16497.376480923613,31.711508502583218,0.0,0.0,0.059871,16.6,0.0,31.705517870548814,0.059871,0.059871,0.0,0.0,0.059871,0.0,0.0,0.0,0.059871,0.0,0.059871,0.0 
 07/21  10:26:00,34.0,21.022204883525923,31.717479990208723,21.022204883525923,0.0,16453.711842176162,31.717479990208723,0.0,0.0,0.059871,16.6,0.0,31.711508502583218,0.059871,0.059871,0.0,0.0,0.059871,0.0,0.0,0.0,0.059871,0.0,0.059871,0.0 
 07/21  10:27:00,34.0,21.01067524677976,31.72343196639628,21.01067524677976,0.0,16410.45392733894,31.72343196639628,0.0,0.0,0.059871,16.6,0.0,31.717479990208723,0.059871,0.059871,0.0,0.0,0.059871,0.0,0.0,0.0,0.059871,0.0,0.059871,0.0 
 07/21  10:28:00,34.0,20.999263625409913,31.7293638058164,20.999263625409913,0.0,16367.640528836364,31.7293638058164,0.0,0.0,0.059871,16.6,0.0,31.72343196639628,0.059871,0.059871,0.0,0.0,0.059871,0.0,0.0,0.0,0.059871,0.0,0.059871,0.0 
 07/21  10:29:00,34.0,20.987956907502205,31.735275254848638,20.987956907502205,0.0,16325.223123299656,31.735275254848638,0.0,0.0,0.059871,16.6,0.0,31.7293638058164,0.059871,0.059871,0.0,0.0,0.059871,0.0,0.0,0.0,0.059871,0.0,0.059871,0.0 
 07/21  10:30:00,34.0,20.976765097149297,31.74116580020311,20.976765097149297,0.0,16283.238459193008,31.74116580020311,0.0,0.0,0.059871,16.6,0.0,31.735275254848638,0.059871,0.059871,0.0,0.0,0.059871,0.0,0.0,0.0,0.059871,0.0,0.059871,0.0 
 07/21  10:31:00,34.0,20.965675441022203,31.747035268696084,20.965675441022203,0.0,16241.63935018968,31.747035268696084,0.0,0.0,0.059871,16.6,0.0,31.74116580020311,0.059871,0.059871,0.0,0.0,0.059871,0.0,0.0,0.0,0.059871,0.0,0.059871,0.0 
 07/21  10:32:00,34.0,20.95469767972597,31.752883233569698,20.95469767972597,0.0,16200.461568398146,31.752883233569698,0.0,0.0,0.059871,16.6,0.0,31.747035268696084,0.059871,0.059871,0.0,0.0,0.059871,0.0,0.0,0.0,0.059871,0.0,0.059871,0.0 
 07/21  10:33:00,34.0,20.943819409118007,31.758709602647965,20.943819409118007,0.0,16159.659200430211,31.758709602647965,0.0,0.0,0.059871,16.6,0.0,31.752883233569698,0.059871,0.059871,0.0,0.0,0.059871,0.0,0.0,0.0,0.059871,0.0,0.059871,0.0 
 07/21  10:34:00,34.0,20.933050115031904,31.764514009153004,20.933050115031904,0.0,16119.267103471415,31.764514009153004,0.0,0.0,0.059871,16.6,0.0,31.758709602647965,0.059871,0.059871,0.0,0.0,0.059871,0.0,0.0,0.0,0.059871,0.0,0.059871,0.0 
 07/21  10:35:00,34.0,20.922377729648467,31.770296420856045,20.922377729648467,0.0,16079.240618064277,31.770296420856045,0.0,0.0,0.059871,16.6,0.0,31.764514009153004,0.059871,0.059871,0.0,0.0,0.059871,0.0,0.0,0.0,0.059871,0.0,0.059871,0.0 
 07/21  10:36:00,34.0,20.911811489031116,31.77605653356697,20.911811489031116,0.0,16039.613733011105,31.77605653356697,0.0,0.0,0.059871,16.6,0.0,31.770296420856045,0.059871,0.059871,0.0,0.0,0.059871,0.0,0.0,0.0,0.059871,0.0,0.059871,0.0 
 07/21  10:37:00,34.0,20.90133965218263,31.781794355181926,20.90133965218263,0.0,16000.342921067859,31.781794355181926,0.0,0.0,0.059871,16.6,0.0,31.77605653356697,0.059871,0.059871,0.0,0.0,0.059871,0.0,0.0,0.0,0.059871,0.0,0.059871,0.0 
 07/21  10:38:00,34.0,20.890971217556583,31.78750962896603,20.890971217556583,0.0,15961.46131894182,31.78750962896603,0.0,0.0,0.059871,16.6,0.0,31.781794355181926,0.059871,0.059871,0.0,0.0,0.059871,0.0,0.0,0.0,0.059871,0.0,0.059871,0.0 
 07/21  10:39:00,34.0,20.880694759443134,31.79320240767123,20.880694759443134,0.0,15922.926603541,31.79320240767123,0.0,0.0,0.059871,16.6,0.0,31.78750962896603,0.059871,0.059871,0.0,0.0,0.059871,0.0,0.0,0.0,0.059871,0.0,0.059871,0.0 
 07/21  10:40:00,34.0,20.87051904636688,31.798872465857205,20.87051904636688,0.0,15884.771002269872,31.798872465857205,0.0,0.0,0.059871,16.6,0.0,31.79320240767123,0.059871,0.059871,0.0,0.0,0.059871,0.0,0.0,0.0,0.059871,0.0,0.059871,0.0 
 07/21  10:41:00,34.0,20.860432957930804,31.804519887896173,20.860432957930804,0.0,15846.953387002623,31.804519887896173,0.0,0.0,0.059871,16.6,0.0,31.798872465857205,0.059871,0.059871,0.0,0.0,0.059871,0.0,0.0,0.0,0.059871,0.0,0.059871,0.0 
 07/21  10:42:00,34.0,20.850445037647088,31.81014448401519,20.850445037647088,0.0,15809.50515100043,31.81014448401519,0.0,0.0,0.059871,16.6,0.0,31.804519887896173,0.059871,0.059871,0.0,0.0,0.059871,0.0,0.0,0.0,0.059871,0.0,0.059871,0.0 
 07/21  10:43:00,34.0,20.840544461455302,31.815746358801075,20.840544461455302,0.0,15772.386242240536,31.815746358801075,0.0,0.0,0.059871,16.6,0.0,31.81014448401519,0.059871,0.059871,0.0,0.0,0.059871,0.0,0.0,0.0,0.059871,0.0,0.059871,0.0 
 07/21  10:44:00,34.0,20.83073955737059,31.82132534913796,20.83073955737059,0.0,15735.62725543573,31.82132534913796,0.0,0.0,0.059871,16.6,0.0,31.815746358801075,0.059871,0.059871,0.0,0.0,0.059871,0.0,0.0,0.0,0.059871,0.0,0.059871,0.0 
 07/21  10:45:00,34.0,20.82101978774253,31.82688158441679,20.82101978774253,0.0,15699.18923390524,31.82688158441679,0.0,0.0,0.059871,16.6,0.0,31.82132534913796,0.059871,0.059871,0.0,0.0,0.059871,0.0,0.0,0.0,0.059871,0.0,0.059871,0.0 
 07/21  10:46:00,34.0,20.811393270187768,31.832414918939506,20.811393270187768,0.0,15663.10199248574,31.832414918939506,0.0,0.0,0.059871,16.6,0.0,31.82688158441679,0.059871,0.059871,0.0,0.0,0.059871,0.0,0.0,0.0,0.059871,0.0,0.059871,0.0 
 07/21  10:47:00,34.0,20.80184974523967,31.837925498448875,20.80184974523967,0.0,15627.327583075261,31.837925498448875,0.0,0.0,0.059871,16.6,0.0,31.832414918939506,0.059871,0.059871,0.0,0.0,0.059871,0.0,0.0,0.0,0.059871,0.0,0.059871,0.0 
 07/21  10:48:00,34.0,20.792397127668803,31.843413197711794,20.792397127668803,0.0,15591.895096565104,31.843413197711794,0.0,0.0,0.059871,16.6,0.0,31.837925498448875,0.059871,0.059871,0.0,0.0,0.059871,0.0,0.0,0.0,0.059871,0.0,0.059871,0.0 
 07/21  10:49:00,34.0,20.783025427551074,31.84887817334929,20.783025427551074,0.0,15556.767561454553,31.84887817334929,0.0,0.0,0.059871,16.6,0.0,31.843413197711794,0.059871,0.059871,0.0,0.0,0.059871,0.0,0.0,0.0,0.059871,0.0,0.059871,0.0 
 07/21  10:50:00,34.0,20.773742363134954,31.85432031549332,20.773742363134954,0.0,15521.973367854298,31.85432031549332,0.0,0.0,0.059871,16.6,0.0,31.84887817334929,0.059871,0.059871,0.0,0.0,0.059871,0.0,0.0,0.0,0.059871,0.0,0.059871,0.0 
 07/21  10:51:00,34.0,20.764538204126968,31.859739793915463,20.764538204126968,0.0,15487.476511581117,31.859739793915463,0.0,0.0,0.059871,16.6,0.0,31.85432031549332,0.059871,0.059871,0.0,0.0,0.059871,0.0,0.0,0.0,0.059871,0.0,0.059871,0.0 
 07/21  10:52:00,34.0,20.755420478251505,31.865136509958393,20.755420478251505,0.0,15453.304676358872,31.865136509958393,0.0,0.0,0.059871,16.6,0.0,31.859739793915463,0.059871,0.059871,0.0,0.0,0.059871,0.0,0.0,0.0,0.059871,0.0,0.059871,0.0 
 07/21  10:53:00,34.0,20.74637970822902,31.8705106412898,20.74637970822902,0.0,15419.422773307564,31.8705106412898,0.0,0.0,0.059871,16.6,0.0,31.865136509958393,0.059871,0.059871,0.0,0.0,0.059871,0.0,0.0,0.0,0.059871,0.0,0.059871,0.0 
 07/21  10:54:00,34.0,20.737423237979044,31.87586210064124,20.737423237979044,0.0,15385.857832138958,31.87586210064124,0.0,0.0,0.059871,16.6,0.0,31.8705106412898,0.059871,0.059871,0.0,0.0,0.059871,0.0,0.0,0.0,0.059871,0.0,0.059871,0.0 
 07/21  10:55:00,34.0,20.728541832673763,31.88119107270128,20.728541832673763,0.0,15352.575694409603,31.88119107270128,0.0,0.0,0.059871,16.6,0.0,31.87586210064124,0.059871,0.059871,0.0,0.0,0.059871,0.0,0.0,0.0,0.059871,0.0,0.059871,0.0 
 07/21  10:56:00,34.0,20.71977308335854,31.88649661266298,20.71977308335854,0.0,15319.715813822462,31.88649661266298,0.0,0.0,0.059871,16.6,0.0,31.88119107270128,0.059871,0.059871,0.0,0.0,0.059871,0.0,0.0,0.0,0.059871,0.0,0.059871,0.0 
 07/21  10:57:00,34.0,20.71106120361136,31.89177980442194,20.71106120361136,0.0,15287.07178847459,31.89177980442194,0.0,0.0,0.059871,16.6,0.0,31.88649661266298,0.059871,0.059871,0.0,0.0,0.059871,0.0,0.0,0.0,0.059871,0.0,0.059871,0.0 
 07/21  10:58:00,34.0,20.70243381862865,31.89704017483207,20.70243381862865,0.0,15254.744744409076,31.89704017483207,0.0,0.0,0.059871,16.6,0.0,31.89177980442194,0.059871,0.059871,0.0,0.0,0.059871,0.0,0.0,0.0,0.059871,0.0,0.059871,0.0 
 07/21  10:59:00,34.0,20.693886263525407,31.90227776745531,20.693886263525407,0.0,15222.718085579523,31.90227776745531,0.0,0.0,0.059871,16.6,0.0,31.89704017483207,0.059871,0.059871,0.0,0.0,0.059871,0.0,0.0,0.0,0.059871,0.0,0.059871,0.0 
 07/21  11:00:00,34.0,20.685418322194636,31.907492709096008,20.685418322194636,0.0,15190.990814248704,31.907492709096008,0.0,0.0,0.059871,16.6,0.0,31.90227776745531,0.059871,0.059871,0.0,0.0,0.059871,0.0,0.0,0.0,0.059871,0.0,0.059871,0.0,88387200.0 
 07/21  11:01:00,34.0,20.677019915422438,31.91268534100362,20.677019915422438,0.0,15159.525447828295,31.91268534100362,0.0,0.0,0.059871,16.6,0.0,31.907492709096008,0.059871,0.059871,0.0,0.0,0.059871,0.0,0.0,0.0,0.059871,0.0,0.059871,0.0 
 07/21  11:02:00,34.0,20.66869579898259,31.917855706698994,20.66869579898259,0.0,15128.339319653642,31.917855706698994,0.0,0.0,0.059871,16.6,0.0,31.91268534100362,0.059871,0.059871,0.0,0.0,0.059871,0.0,0.0,0.0,0.059871,0.0,0.059871,0.0 
 07/21  11:03:00,34.0,20.66043731764759,31.923004062523855,20.66043731764759,0.0,15097.400405992397,31.923004062523855,0.0,0.0,0.059871,16.6,0.0,31.917855706698994,0.059871,0.059871,0.0,0.0,0.059871,0.0,0.0,0.0,0.059871,0.0,0.059871,0.0 
 07/21  11:04:00,34.0,20.65225068864523,31.928130394381103,20.65225068864523,0.0,15066.731503835003,31.928130394381103,0.0,0.0,0.059871,16.6,0.0,31.923004062523855,0.059871,0.059871,0.0,0.0,0.059871,0.0,0.0,0.0,0.059871,0.0,0.059871,0.0 
 07/21  11:05:00,34.0,20.644128568218665,31.93323492244028,20.644128568218665,0.0,15036.305493807604,31.93323492244028,0.0,0.0,0.059871,16.6,0.0,31.928130394381103,0.059871,0.059871,0.0,0.0,0.059871,0.0,0.0,0.0,0.059871,0.0,0.059871,0.0 
 07/21  11:06:00,34.0,20.636077540397217,31.93831761427227,20.636077540397217,0.0,15006.146591462963,31.93831761427227,0.0,0.0,0.059871,16.6,0.0,31.93323492244028,0.059871,0.059871,0.0,0.0,0.059871,0.0,0.0,0.0,0.059871,0.0,0.059871,0.0 
 07/21  11:07:00,34.0,20.62809035862834,31.943378684537738,20.62809035862834,0.0,14976.228039423055,31.943378684537738,0.0,0.0,0.059871,16.6,0.0,31.93831761427227,0.059871,0.059871,0.0,0.0,0.059871,0.0,0.0,0.0,0.059871,0.0,0.059871,0.0 
 07/21  11:08:00,34.0,20.62017323213821,31.948418096216166,20.62017323213821,0.0,14946.572687240165,31.948418096216166,0.0,0.0,0.059871,16.6,0.0,31.943378684537738,0.059871,0.059871,0.0,0.0,0.059871,0.0,0.0,0.0,0.059871,0.0,0.059871,0.0 
 07/21  11:09:00,34.0,20.612318856922148,31.953436057035955,20.612318856922148,0.0,14917.153511990142,31.953436057035955,0.0,0.0,0.059871,16.6,0.0,31.948418096216166,0.059871,0.059871,0.0,0.0,0.059871,0.0,0.0,0.0,0.059871,0.0,0.059871,0.0 
 07/21  11:10:00,34.0,20.60453316970826,31.95843253498862,20.60453316970826,0.0,14887.992377633305,31.95843253498862,0.0,0.0,0.059871,16.6,0.0,31.953436057035955,0.059871,0.059871,0.0,0.0,0.059871,0.0,0.0,0.0,0.059871,0.0,0.059871,0.0 
 07/21  11:11:00,34.0,20.59680895685964,31.963407733329923,20.59680895685964,0.0,14859.062598116674,31.963407733329923,0.0,0.0,0.059871,16.6,0.0,31.95843253498862,0.059871,0.059871,0.0,0.0,0.059871,0.0,0.0,0.0,0.059871,0.0,0.059871,0.0 
 07/21  11:12:00,34.0,20.589151977630763,31.96836161668602,20.589151977630763,0.0,14830.385378695546,31.96836161668602,0.0,0.0,0.059871,16.6,0.0,31.963407733329923,0.059871,0.059871,0.0,0.0,0.059871,0.0,0.0,0.0,0.059871,0.0,0.059871,0.0 
 07/21  11:13:00,34.0,20.581555155535487,31.97329439390947,20.581555155535487,0.0,14801.934518140051,31.97329439390947,0.0,0.0,0.059871,16.6,0.0,31.96836161668602,0.059871,0.059871,0.0,0.0,0.059871,0.0,0.0,0.0,0.059871,0.0,0.059871,0.0 
 07/21  11:14:00,34.0,20.574024097876123,31.97820602991814,20.574024097876123,0.0,14773.730658073955,31.97820602991814,0.0,0.0,0.059871,16.6,0.0,31.97329439390947,0.059871,0.059871,0.0,0.0,0.059871,0.0,0.0,0.0,0.059871,0.0,0.059871,0.0 
 07/21  11:15:00,34.0,20.566551875172912,31.983096727756855,20.566551875172912,0.0,14745.748170735802,31.983096727756855,0.0,0.0,0.059871,16.6,0.0,31.97820602991814,0.059871,0.059871,0.0,0.0,0.059871,0.0,0.0,0.0,0.059871,0.0,0.059871,0.0 
 07/21  11:16:00,34.0,20.55914395558859,31.987966462165023,20.55914395558859,0.0,14718.007181564226,31.987966462165023,0.0,0.0,0.059871,16.6,0.0,31.983096727756855,0.059871,0.059871,0.0,0.0,0.059871,0.0,0.0,0.0,0.059871,0.0,0.059871,0.0 
 07/21  11:17:00,34.0,20.551793563516068,31.99281543267855,20.551793563516068,0.0,14690.482609910418,31.99281543267855,0.0,0.0,0.059871,16.6,0.0,31.987966462165023,0.059871,0.059871,0.0,0.0,0.059871,0.0,0.0,0.0,0.059871,0.0,0.059871,0.0 
 07/21  11:18:00,34.0,20.544506039614216,31.99764360974032,20.544506039614216,0.0,14663.194134098221,31.99764360974032,0.0,0.0,0.059871,16.6,0.0,31.99281543267855,0.059871,0.059871,0.0,0.0,0.059871,0.0,0.0,0.0,0.059871,0.0,0.059871,0.0 
 07/21  11:19:00,34.0,20.537274763221095,32.00245120138254,20.537274763221095,0.0,14636.117224750866,32.00245120138254,0.0,0.0,0.059871,16.6,0.0,31.99764360974032,0.059871,0.059871,0.0,0.0,0.059871,0.0,0.0,0.0,0.059871,0.0,0.059871,0.0 
 07/21  11:20:00,34.0,20.53010495409497,32.007238178189056,20.53010495409497,0.0,14609.271137380034,32.007238178189056,0.0,0.0,0.059871,16.6,0.0,32.00245120138254,0.059871,0.059871,0.0,0.0,0.059871,0.0,0.0,0.0,0.059871,0.0,0.059871,0.0 
 07/21  11:21:00,34.0,20.52299014306347,32.01200474060723,20.52299014306347,0.0,14582.631906675066,32.01200474060723,0.0,0.0,0.059871,16.6,0.0,32.007238178189056,0.059871,0.059871,0.0,0.0,0.059871,0.0,0.0,0.0,0.059871,0.0,0.059871,0.0 
 07/21  11:22:00,34.0,20.515935435828368,32.01675087123203,20.515935435828368,0.0,14556.218314121019,32.01675087123203,0.0,0.0,0.059871,16.6,0.0,32.01200474060723,0.059871,0.059871,0.0,0.0,0.059871,0.0,0.0,0.0,0.059871,0.0,0.059871,0.0 
 07/21  11:23:00,34.0,20.508934511079005,32.02147676640029,20.508934511079005,0.0,14530.00702134399,32.02147676640029,0.0,0.0,0.059871,16.6,0.0,32.01675087123203,0.059871,0.059871,0.0,0.0,0.059871,0.0,0.0,0.0,0.059871,0.0,0.059871,0.0 
 07/21  11:24:00,34.0,20.501992361783028,32.0261824024512,20.501992361783028,0.0,14504.016366293044,32.0261824024512,0.0,0.0,0.059871,16.6,0.0,32.02147676640029,0.059871,0.059871,0.0,0.0,0.059871,0.0,0.0,0.0,0.059871,0.0,0.059871,0.0 
 07/21  11:25:00,34.0,20.495102812350794,32.030867986183104,20.495102812350794,0.0,14478.223527515016,32.030867986183104,0.0,0.0,0.059871,16.6,0.0,32.0261824024512,0.059871,0.059871,0.0,0.0,0.059871,0.0,0.0,0.0,0.059871,0.0,0.059871,0.0 
 07/21  11:26:00,34.0,20.488270749014134,32.03553349337946,20.488270749014134,0.0,14452.646447456878,32.03553349337946,0.0,0.0,0.059871,16.6,0.0,32.030867986183104,0.059871,0.059871,0.0,0.0,0.059871,0.0,0.0,0.0,0.059871,0.0,0.059871,0.0 
 07/21  11:27:00,34.0,20.481490137163636,32.04017912126712,20.481490137163636,0.0,14427.26285457669,32.04017912126712,0.0,0.0,0.059871,16.6,0.0,32.03553349337946,0.059871,0.059871,0.0,0.0,0.059871,0.0,0.0,0.0,0.059871,0.0,0.059871,0.0 
 07/21  11:28:00,34.0,20.47476575540026,32.04480485941675,20.47476575540026,0.0,14402.09034249136,32.04480485941675,0.0,0.0,0.059871,16.6,0.0,32.04017912126712,0.059871,0.059871,0.0,0.0,0.059871,0.0,0.0,0.0,0.059871,0.0,0.059871,0.0 
 07/21  11:29:00,34.0,20.46809170849277,32.049410900223435,20.46809170849277,0.0,14377.107032654752,32.049410900223435,0.0,0.0,0.059871,16.6,0.0,32.04480485941675,0.059871,0.059871,0.0,0.0,0.059871,0.0,0.0,0.0,0.059871,0.0,0.059871,0.0 
 07/21  11:30:00,34.0,20.46147267461789,32.053997225046906,20.46147267461789,0.0,14352.33022166654,32.053997225046906,0.0,0.0,0.059871,16.6,0.0,32.049410900223435,0.059871,0.059871,0.0,0.0,0.059871,0.0,0.0,0.0,0.059871,0.0,0.059871,0.0 
 07/21  11:31:00,34.0,20.454902889125282,32.058564038522775,20.454902889125282,0.0,14327.738567122642,32.058564038522775,0.0,0.0,0.059871,16.6,0.0,32.053997225046906,0.059871,0.059871,0.0,0.0,0.059871,0.0,0.0,0.0,0.059871,0.0,0.059871,0.0 
 07/21  11:32:00,34.0,20.44838693263911,32.06311132074497,20.44838693263911,0.0,14303.348903694496,32.06311132074497,0.0,0.0,0.059871,16.6,0.0,32.058564038522775,0.059871,0.059871,0.0,0.0,0.059871,0.0,0.0,0.0,0.059871,0.0,0.059871,0.0 
 07/21  11:33:00,34.0,20.44191917155598,32.06763926490746,20.44191917155598,0.0,14279.140401871085,32.06763926490746,0.0,0.0,0.059871,16.6,0.0,32.06311132074497,0.059871,0.059871,0.0,0.0,0.059871,0.0,0.0,0.0,0.059871,0.0,0.059871,0.0 
 07/21  11:34:00,34.0,20.435504089773364,32.07214786654386,20.435504089773364,0.0,14255.129587415558,32.07214786654386,0.0,0.0,0.059871,16.6,0.0,32.06763926490746,0.059871,0.059871,0.0,0.0,0.059871,0.0,0.0,0.0,0.059871,0.0,0.059871,0.0 
 07/21  11:35:00,34.0,20.42913617714678,32.07663731335793,20.42913617714678,0.0,14231.296090066367,32.07663731335793,0.0,0.0,0.059871,16.6,0.0,32.07214786654386,0.059871,0.059871,0.0,0.0,0.059871,0.0,0.0,0.0,0.059871,0.0,0.059871,0.0 
 07/21  11:36:00,34.0,20.422819826311663,32.08110759084637,20.422819826311663,0.0,14207.65602288151,32.08110759084637,0.0,0.0,0.059871,16.6,0.0,32.07663731335793,0.059871,0.059871,0.0,0.0,0.059871,0.0,0.0,0.0,0.059871,0.0,0.059871,0.0 
 07/21  11:37:00,34.0,20.41654964988996,32.08555890065579,20.41654964988996,0.0,14184.189521945154,32.08555890065579,0.0,0.0,0.059871,16.6,0.0,32.08110759084637,0.059871,0.059871,0.0,0.0,0.059871,0.0,0.0,0.0,0.059871,0.0,0.059871,0.0 
 07/21  11:38:00,34.0,20.41032994894569,32.089991226367914,20.41032994894569,0.0,14160.912385517073,32.089991226367914,0.0,0.0,0.059871,16.6,0.0,32.08555890065579,0.059871,0.059871,0.0,0.0,0.059871,0.0,0.0,0.0,0.059871,0.0,0.059871,0.0 
 07/21  11:39:00,34.0,20.404155453723778,32.09440475647109,20.404155453723778,0.0,14137.805162436844,32.09440475647109,0.0,0.0,0.059871,16.6,0.0,32.089991226367914,0.059871,0.059871,0.0,0.0,0.059871,0.0,0.0,0.0,0.059871,0.0,0.059871,0.0 
 07/21  11:40:00,34.0,20.398030378687764,32.09879949156264,20.398030378687764,0.0,14114.88330547016,32.09879949156264,0.0,0.0,0.059871,16.6,0.0,32.09440475647109,0.059871,0.059871,0.0,0.0,0.059871,0.0,0.0,0.0,0.059871,0.0,0.059871,0.0 
 07/21  11:41:00,34.0,20.391949569476786,32.10317561406593,20.391949569476786,0.0,14092.12781725137,32.10317561406593,0.0,0.0,0.059871,16.6,0.0,32.09879949156264,0.059871,0.059871,0.0,0.0,0.059871,0.0,0.0,0.0,0.059871,0.0,0.059871,0.0 
 07/21  11:42:00,34.0,20.385917155110395,32.107533112854355,20.385917155110395,0.0,14069.55383391849,32.107533112854355,0.0,0.0,0.059871,16.6,0.0,32.10317561406593,0.059871,0.059871,0.0,0.0,0.059871,0.0,0.0,0.0,0.059871,0.0,0.059871,0.0 
 07/21  11:43:00,34.0,20.3799280924565,32.11187218593519,20.3799280924565,0.0,14047.142771709032,32.11187218593519,0.0,0.0,0.059871,16.6,0.0,32.107533112854355,0.059871,0.059871,0.0,0.0,0.059871,0.0,0.0,0.0,0.059871,0.0,0.059871,0.0 
 07/21  11:44:00,34.0,20.373986426390207,32.116192819685,20.373986426390207,0.0,14024.909479247808,32.116192819685,0.0,0.0,0.059871,16.6,0.0,32.11187218593519,0.059871,0.059871,0.0,0.0,0.059871,0.0,0.0,0.0,0.059871,0.0,0.059871,0.0 
 07/21  11:45:00,34.0,20.368087222956706,32.12049519738453,20.368087222956706,0.0,14002.835730084435,32.12049519738453,0.0,0.0,0.059871,16.6,0.0,32.116192819685,0.059871,0.059871,0.0,0.0,0.059871,0.0,0.0,0.0,0.059871,0.0,0.059871,0.0 
 07/21  11:46:00,34.0,20.362234447054227,32.12477932393256,20.362234447054227,0.0,13980.936100762356,32.12477932393256,0.0,0.0,0.059871,16.6,0.0,32.12049519738453,0.059871,0.059871,0.0,0.0,0.059871,0.0,0.0,0.0,0.059871,0.0,0.059871,0.0 
 07/21  11:47:00,34.0,20.356423270015622,32.12904537604916,20.356423270015622,0.0,13959.192756480552,32.12904537604916,0.0,0.0,0.059871,16.6,0.0,32.12477932393256,0.059871,0.059871,0.0,0.0,0.059871,0.0,0.0,0.0,0.059871,0.0,0.059871,0.0 
 07/21  11:48:00,34.0,20.35065757818424,32.1332933453541,20.35065757818424,0.0,13937.61998254207,32.1332933453541,0.0,0.0,0.059871,16.6,0.0,32.12904537604916,0.059871,0.059871,0.0,0.0,0.059871,0.0,0.0,0.0,0.059871,0.0,0.059871,0.0 
 07/21  11:49:00,34.0,20.34493264391815,32.13752342573069,20.34493264391815,0.0,13916.200343992437,32.13752342573069,0.0,0.0,0.059871,16.6,0.0,32.1332933453541,0.059871,0.059871,0.0,0.0,0.059871,0.0,0.0,0.0,0.059871,0.0,0.059871,0.0 
 07/21  11:50:00,34.0,20.339252277114834,32.14173560578183,20.339252277114834,0.0,13894.947818568144,32.14173560578183,0.0,0.0,0.059871,16.6,0.0,32.13752342573069,0.059871,0.059871,0.0,0.0,0.059871,0.0,0.0,0.0,0.059871,0.0,0.059871,0.0 
 07/21  11:51:00,34.0,20.333611851945417,32.145930063232086,20.333611851945417,0.0,13873.845301945603,32.145930063232086,0.0,0.0,0.059871,16.6,0.0,32.14173560578183,0.059871,0.059871,0.0,0.0,0.059871,0.0,0.0,0.0,0.059871,0.0,0.059871,0.0 
 07/21  11:52:00,34.0,20.328015102866644,32.15010680664279,20.328015102866644,0.0,13852.906588274664,32.15010680664279,0.0,0.0,0.059871,16.6,0.0,32.145930063232086,0.059871,0.059871,0.0,0.0,0.059871,0.0,0.0,0.0,0.059871,0.0,0.059871,0.0 
 07/21  11:53:00,34.0,20.3224574996293,32.154266006750774,20.3224574996293,0.0,13832.114880758596,32.154266006750774,0.0,0.0,0.059871,16.6,0.0,32.15010680664279,0.059871,0.059871,0.0,0.0,0.059871,0.0,0.0,0.0,0.059871,0.0,0.059871,0.0 
 07/21  11:54:00,34.0,20.316942704576704,32.15840765740362,20.316942704576704,0.0,13811.4837059623,32.15840765740362,0.0,0.0,0.059871,16.6,0.0,32.154266006750774,0.059871,0.059871,0.0,0.0,0.059871,0.0,0.0,0.0,0.059871,0.0,0.059871,0.0 
 07/21  11:55:00,34.0,20.311466281645462,32.16253194801408,20.311466281645462,0.0,13790.996617630499,32.16253194801408,0.0,0.0,0.059871,16.6,0.0,32.15840765740362,0.059871,0.059871,0.0,0.0,0.059871,0.0,0.0,0.0,0.059871,0.0,0.059871,0.0 
 07/21  11:56:00,34.0,20.30603182329027,32.166638868945974,20.30603182329027,0.0,13770.666883007234,32.166638868945974,0.0,0.0,0.059871,16.6,0.0,32.16253194801408,0.059871,0.059871,0.0,0.0,0.059871,0.0,0.0,0.0,0.059871,0.0,0.059871,0.0 
 07/21  11:57:00,34.0,20.300634984733275,32.17072859214287,20.300634984733275,0.0,13750.478395571845,32.17072859214287,0.0,0.0,0.059871,16.6,0.0,32.166638868945974,0.059871,0.059871,0.0,0.0,0.059871,0.0,0.0,0.0,0.059871,0.0,0.059871,0.0 
 07/21  11:58:00,34.0,20.295279290099735,32.17480112928955,20.295279290099735,0.0,13730.444169038125,32.17480112928955,0.0,0.0,0.059871,16.6,0.0,32.17072859214287,0.059871,0.059871,0.0,0.0,0.059871,0.0,0.0,0.0,0.059871,0.0,0.059871,0.0 
 07/21  11:59:00,34.0,20.289960482175246,32.178856644972306,20.289960482175246,0.0,13710.548446400608,32.178856644972306,0.0,0.0,0.059871,16.6,0.0,32.17480112928955,0.059871,0.059871,0.0,0.0,0.059871,0.0,0.0,0.0,0.059871,0.0,0.059871,0.0 
 07/21  12:00:00,34.0,20.284682018371782,32.18289513483655,20.284682018371782,0.0,13690.803970123801,32.18289513483655,0.0,0.0,0.059871,16.6,0.0,32.178856644972306,0.059871,0.059871,0.0,0.0,0.059871,0.0,0.0,0.0,0.059871,0.0,0.059871,0.0,88387200.0 
 07/21  12:01:00,34.0,20.279439728035783,32.18691678358608,20.279439728035783,0.0,13671.19530524476,32.18691678358608,0.0,0.0,0.059871,16.6,0.0,32.18289513483655,0.059871,0.059871,0.0,0.0,0.059871,0.0,0.0,0.0,0.059871,0.0,0.059871,0.0 
 07/21  12:02:00,34.0,20.274237004219692,32.19092158296119,20.274237004219692,0.0,13651.734955526663,32.19092158296119,0.0,0.0,0.059871,16.6,0.0,32.18691678358608,0.059871,0.059871,0.0,0.0,0.059871,0.0,0.0,0.0,0.059871,0.0,0.059871,0.0 
 07/21  12:03:00,34.0,20.269069759259768,32.19490969899613,20.269069759259768,0.0,13632.407818232845,32.19490969899613,0.0,0.0,0.059871,16.6,0.0,32.19092158296119,0.059871,0.059871,0.0,0.0,0.059871,0.0,0.0,0.0,0.059871,0.0,0.059871,0.0 
 07/21  12:04:00,34.0,20.263941323005543,32.19888114603965,20.263941323005543,0.0,13613.226139161688,32.19888114603965,0.0,0.0,0.059871,16.6,0.0,32.19490969899613,0.059871,0.059871,0.0,0.0,0.059871,0.0,0.0,0.0,0.059871,0.0,0.059871,0.0 
 07/21  12:05:00,34.0,20.25884769068165,32.2028360824484,20.25884769068165,0.0,13594.175100448232,32.2028360824484,0.0,0.0,0.059871,16.6,0.0,32.19888114603965,0.059871,0.059871,0.0,0.0,0.059871,0.0,0.0,0.0,0.059871,0.0,0.059871,0.0 
 07/21  12:06:00,34.0,20.253792130221832,32.20677450530644,20.253792130221832,0.0,13575.26676517743,32.20677450530644,0.0,0.0,0.059871,16.6,0.0,32.2028360824484,0.059871,0.059871,0.0,0.0,0.059871,0.0,0.0,0.0,0.059871,0.0,0.059871,0.0 
 07/21  12:07:00,34.0,20.24877071474213,32.21069659445664,20.24877071474213,0.0,13556.486605126935,32.21069659445664,0.0,0.0,0.059871,16.6,0.0,32.20677450530644,0.059871,0.059871,0.0,0.0,0.059871,0.0,0.0,0.0,0.059871,0.0,0.059871,0.0 
 07/21  12:08:00,34.0,20.243786652166683,32.214602342696814,20.243786652166683,0.0,13537.846437356302,32.214602342696814,0.0,0.0,0.059871,16.6,0.0,32.21069659445664,0.059871,0.059871,0.0,0.0,0.059871,0.0,0.0,0.0,0.059871,0.0,0.059871,0.0 
 07/21  12:09:00,34.0,20.238836094321066,32.218491910100646,20.238836094321066,0.0,13519.332003180189,32.218491910100646,0.0,0.0,0.059871,16.6,0.0,32.214602342696814,0.059871,0.059871,0.0,0.0,0.059871,0.0,0.0,0.0,0.059871,0.0,0.059871,0.0 
 07/21  12:10:00,34.0,20.233922190492585,32.22236531328806,20.233922190492585,0.0,13500.954948730532,32.22236531328806,0.0,0.0,0.059871,16.6,0.0,32.218491910100646,0.059871,0.059871,0.0,0.0,0.059871,0.0,0.0,0.0,0.059871,0.0,0.059871,0.0 
 07/21  12:11:00,34.0,20.229041165250397,32.22622270437782,20.229041165250397,0.0,13482.701309045142,32.22622270437782,0.0,0.0,0.059871,16.6,0.0,32.22236531328806,0.059871,0.059871,0.0,0.0,0.059871,0.0,0.0,0.0,0.059871,0.0,0.059871,0.0 
 07/21  12:12:00,34.0,20.224196111731548,32.2300640815933,20.224196111731548,0.0,13464.582452271188,32.2300640815933,0.0,0.0,0.059871,16.6,0.0,32.22622270437782,0.059871,0.059871,0.0,0.0,0.059871,0.0,0.0,0.0,0.059871,0.0,0.059871,0.0 
 07/21  12:13:00,34.0,20.21938332967488,32.233889619835594,20.21938332967488,0.0,13446.584693148365,32.233889619835594,0.0,0.0,0.059871,16.6,0.0,32.2300640815933,0.059871,0.059871,0.0,0.0,0.059871,0.0,0.0,0.0,0.059871,0.0,0.059871,0.0 
 07/21  12:14:00,34.0,20.214605855506417,32.23769931269691,20.214605855506417,0.0,13428.71925887408,32.23769931269691,0.0,0.0,0.059871,16.6,0.0,32.233889619835594,0.059871,0.059871,0.0,0.0,0.059871,0.0,0.0,0.0,0.059871,0.0,0.059871,0.0 
 07/21  12:15:00,34.0,20.20986005940478,32.24149331430185,20.20986005940478,0.0,13410.97267992434,32.24149331430185,0.0,0.0,0.059871,16.6,0.0,32.23769931269691,0.059871,0.059871,0.0,0.0,0.059871,0.0,0.0,0.0,0.059871,0.0,0.059871,0.0 
 07/21  12:16:00,34.0,20.20514892401533,32.24527164320554,20.20514892401533,0.0,13393.355983929709,32.24527164320554,0.0,0.0,0.059871,16.6,0.0,32.24149331430185,0.059871,0.059871,0.0,0.0,0.059871,0.0,0.0,0.0,0.059871,0.0,0.059871,0.0 
 07/21  12:17:00,34.0,20.20046888825321,32.24903444533733,20.20046888825321,0.0,13375.855980111846,32.24903444533733,0.0,0.0,0.059871,16.6,0.0,32.24527164320554,0.059871,0.059871,0.0,0.0,0.059871,0.0,0.0,0.0,0.059871,0.0,0.059871,0.0 
 07/21  12:18:00,34.0,20.195822883223627,32.25278171981001,20.195822883223627,0.0,13358.483458925666,32.25278171981001,0.0,0.0,0.059871,16.6,0.0,32.24903444533733,0.059871,0.059871,0.0,0.0,0.059871,0.0,0.0,0.0,0.059871,0.0,0.059871,0.0 
 07/21  12:19:00,34.0,20.191207413929824,32.25651363655843,20.191207413929824,0.0,13341.225544196346,32.25651363655843,0.0,0.0,0.059871,16.6,0.0,32.25278171981001,0.059871,0.059871,0.0,0.0,0.059871,0.0,0.0,0.0,0.059871,0.0,0.059871,0.0 
 07/21  12:20:00,34.0,20.186625359756025,32.26023018975145,20.186625359756025,0.0,13324.092788709731,32.26023018975145,0.0,0.0,0.059871,16.6,0.0,32.25651363655843,0.059871,0.059871,0.0,0.0,0.059871,0.0,0.0,0.0,0.059871,0.0,0.059871,0.0 
 07/21  12:21:00,34.0,20.18207329289551,32.263931527625296,20.18207329289551,0.0,13307.072543217797,32.263931527625296,0.0,0.0,0.059871,16.6,0.0,32.26023018975145,0.059871,0.059871,0.0,0.0,0.059871,0.0,0.0,0.0,0.059871,0.0,0.059871,0.0 
 07/21  12:22:00,34.0,20.17755404140061,32.26761767038367,20.17755404140061,0.0,13290.175238733678,32.26761767038367,0.0,0.0,0.059871,16.6,0.0,32.263931527625296,0.059871,0.059871,0.0,0.0,0.059871,0.0,0.0,0.0,0.059871,0.0,0.059871,0.0 
 07/21  12:23:00,34.0,20.173064241047136,32.271288757863665,20.173064241047136,0.0,13273.388416713948,32.271288757863665,0.0,0.0,0.059871,16.6,0.0,32.26761767038367,0.059871,0.059871,0.0,0.0,0.059871,0.0,0.0,0.0,0.059871,0.0,0.059871,0.0 
 07/21  12:24:00,34.0,20.16860667044211,32.27494478986809,20.16860667044211,0.0,13256.722347479636,32.27494478986809,0.0,0.0,0.059871,16.6,0.0,32.271288757863665,0.059871,0.059871,0.0,0.0,0.059871,0.0,0.0,0.0,0.059871,0.0,0.059871,0.0 
 07/21  12:25:00,34.0,20.164178029068133,32.27858593140136,20.164178029068133,0.0,13240.16476402065,32.27858593140136,0.0,0.0,0.059871,16.6,0.0,32.27494478986809,0.059871,0.059871,0.0,0.0,0.059871,0.0,0.0,0.0,0.059871,0.0,0.059871,0.0 
 07/21  12:26:00,34.0,20.15978104768658,32.28221217705211,20.15978104768658,0.0,13223.725804506652,32.28221217705211,0.0,0.0,0.059871,16.6,0.0,32.27858593140136,0.059871,0.059871,0.0,0.0,0.059871,0.0,0.0,0.0,0.059871,0.0,0.059871,0.0 
 07/21  12:27:00,34.0,20.15541248546078,32.28582366929773,20.15541248546078,0.0,13207.393423962909,32.28582366929773,0.0,0.0,0.059871,16.6,0.0,32.28221217705211,0.059871,0.059871,0.0,0.0,0.059871,0.0,0.0,0.0,0.059871,0.0,0.059871,0.0 
 07/21  12:28:00,34.0,20.15107502753878,32.28942042978186,20.15107502753878,0.0,13191.177545956503,32.28942042978186,0.0,0.0,0.059871,16.6,0.0,32.28582366929773,0.059871,0.059871,0.0,0.0,0.059871,0.0,0.0,0.0,0.059871,0.0,0.059871,0.0 
 07/21  12:29:00,34.0,20.146765491050743,32.29300259242319,20.146765491050743,0.0,13175.066408971616,32.29300259242319,0.0,0.0,0.059871,16.6,0.0,32.28942042978186,0.059871,0.059871,0.0,0.0,0.059871,0.0,0.0,0.0,0.059871,0.0,0.059871,0.0 
 07/21  12:30:00,34.0,20.142486515465166,32.29657015759397,20.142486515465166,0.0,13159.069721894166,32.29657015759397,0.0,0.0,0.059871,16.6,0.0,32.29300259242319,0.059871,0.059871,0.0,0.0,0.059871,0.0,0.0,0.0,0.059871,0.0,0.059871,0.0 
 07/21  12:31:00,34.0,20.13823497620598,32.300123285479785,20.13823497620598,0.0,13143.175939963734,32.300123285479785,0.0,0.0,0.059871,16.6,0.0,32.29657015759397,0.059871,0.059871,0.0,0.0,0.059871,0.0,0.0,0.0,0.059871,0.0,0.059871,0.0 
 07/21  12:32:00,34.0,20.13401346798632,32.30366197099709,20.13401346798632,0.0,13127.394628588958,32.30366197099709,0.0,0.0,0.059871,16.6,0.0,32.300123285479785,0.059871,0.059871,0.0,0.0,0.059871,0.0,0.0,0.0,0.059871,0.0,0.059871,0.0 
 07/21  12:33:00,34.0,20.129818921678428,32.30718635104332,20.129818921678428,0.0,13111.71444908507,32.30718635104332,0.0,0.0,0.059871,16.6,0.0,32.30366197099709,0.059871,0.059871,0.0,0.0,0.059871,0.0,0.0,0.0,0.059871,0.0,0.059871,0.0 
 07/21  12:34:00,34.0,20.12565388893251,32.310696448533,20.12565388893251,0.0,13096.144784696207,32.310696448533,0.0,0.0,0.059871,16.6,0.0,32.30718635104332,0.059871,0.059871,0.0,0.0,0.059871,0.0,0.0,0.0,0.059871,0.0,0.059871,0.0 
 07/21  12:35:00,34.0,20.121515357194326,32.31419239165468,20.121515357194326,0.0,13080.674484736406,32.31419239165468,0.0,0.0,0.059871,16.6,0.0,32.310696448533,0.059871,0.059871,0.0,0.0,0.059871,0.0,0.0,0.0,0.059871,0.0,0.059871,0.0 
 07/21  12:36:00,34.0,20.11740583454548,32.317674181232135,20.11740583454548,0.0,13065.312837964648,32.317674181232135,0.0,0.0,0.059871,16.6,0.0,32.31419239165468,0.059871,0.059871,0.0,0.0,0.059871,0.0,0.0,0.0,0.059871,0.0,0.059871,0.0 
 07/21  12:37:00,34.0,20.113322361450624,32.32114197273067,20.113322361450624,0.0,13050.04884613509,32.32114197273067,0.0,0.0,0.059871,16.6,0.0,32.317674181232135,0.059871,0.059871,0.0,0.0,0.059871,0.0,0.0,0.0,0.059871,0.0,0.059871,0.0 
 07/21  12:38:00,34.0,20.1092674040398,32.324595761279326,20.1092674040398,0.0,13034.891664559673,32.324595761279326,0.0,0.0,0.059871,16.6,0.0,32.32114197273067,0.059871,0.059871,0.0,0.0,0.059871,0.0,0.0,0.0,0.059871,0.0,0.059871,0.0 
 07/21  12:39:00,34.0,20.105238054381733,32.32803567833999,20.105238054381733,0.0,13019.830486945688,32.32803567833999,0.0,0.0,0.059871,16.6,0.0,32.324595761279326,0.059871,0.059871,0.0,0.0,0.059871,0.0,0.0,0.0,0.059871,0.0,0.059871,0.0 
 07/21  12:40:00,34.0,20.101236739706437,32.33146174789929,20.101236739706437,0.0,13004.874279715656,32.33146174789929,0.0,0.0,0.059871,16.6,0.0,32.32803567833999,0.059871,0.059871,0.0,0.0,0.059871,0.0,0.0,0.0,0.059871,0.0,0.059871,0.0 
 07/21  12:41:00,34.0,20.09726060306814,32.33487409256513,20.09726060306814,0.0,12990.012470718102,32.33487409256513,0.0,0.0,0.059871,16.6,0.0,32.33146174789929,0.059871,0.059871,0.0,0.0,0.059871,0.0,0.0,0.0,0.059871,0.0,0.059871,0.0 
 07/21  12:42:00,34.0,20.09331203129853,32.33827271346526,20.09331203129853,0.0,12975.253876418674,32.33827271346526,0.0,0.0,0.059871,16.6,0.0,32.33487409256513,0.059871,0.059871,0.0,0.0,0.059871,0.0,0.0,0.0,0.059871,0.0,0.059871,0.0 
 07/21  12:43:00,34.0,20.089388217169862,32.34165776141569,20.089388217169862,0.0,12960.588087371929,32.34165776141569,0.0,0.0,0.059871,16.6,0.0,32.33827271346526,0.059871,0.059871,0.0,0.0,0.059871,0.0,0.0,0.0,0.059871,0.0,0.059871,0.0 
 07/21  12:44:00,34.0,20.085491508545417,32.3450292316231,20.085491508545417,0.0,12946.02379755635,32.3450292316231,0.0,0.0,0.059871,16.6,0.0,32.34165776141569,0.059871,0.059871,0.0,0.0,0.059871,0.0,0.0,0.0,0.059871,0.0,0.059871,0.0 
 07/21  12:45:00,34.0,20.08161914607425,32.34838725023983,20.08161914607425,0.0,12931.550775541487,32.34838725023983,0.0,0.0,0.059871,16.6,0.0,32.3450292316231,0.059871,0.059871,0.0,0.0,0.059871,0.0,0.0,0.0,0.059871,0.0,0.059871,0.0 
 07/21  12:46:00,34.0,20.077773441315962,32.35173184212334,20.077773441315962,0.0,12917.177536482337,32.35173184212334,0.0,0.0,0.059871,16.6,0.0,32.34838725023983,0.059871,0.059871,0.0,0.0,0.059871,0.0,0.0,0.0,0.059871,0.0,0.059871,0.0 
 07/21  12:47:00,34.0,20.07395168131093,32.35506312444359,20.07395168131093,0.0,12902.894087551904,32.35506312444359,0.0,0.0,0.059871,16.6,0.0,32.35173184212334,0.059871,0.059871,0.0,0.0,0.059871,0.0,0.0,0.0,0.059871,0.0,0.059871,0.0 
 07/21  12:48:00,34.0,20.070156140626878,32.3583810984913,20.070156140626878,0.0,12888.708762671562,32.3583810984913,0.0,0.0,0.059871,16.6,0.0,32.35506312444359,0.059871,0.059871,0.0,0.0,0.059871,0.0,0.0,0.0,0.059871,0.0,0.059871,0.0 
 07/21  12:49:00,34.0,20.066384152138106,32.361685910512094,20.066384152138106,0.0,12874.611761258071,32.361685910512094,0.0,0.0,0.059871,16.6,0.0,32.3583810984913,0.059871,0.059871,0.0,0.0,0.059871,0.0,0.0,0.0,0.059871,0.0,0.059871,0.0 
 07/21  12:50:00,34.0,20.062637954805425,32.36497755567051,20.062637954805425,0.0,12860.611263354003,32.36497755567051,0.0,0.0,0.059871,16.6,0.0,32.361685910512094,0.059871,0.059871,0.0,0.0,0.059871,0.0,0.0,0.0,0.059871,0.0,0.059871,0.0 
 07/21  12:51:00,34.0,20.05891492731207,32.3682561549477,20.05891492731207,0.0,12846.697638539299,32.3682561549477,0.0,0.0,0.059871,16.6,0.0,32.36497755567051,0.059871,0.059871,0.0,0.0,0.059871,0.0,0.0,0.0,0.059871,0.0,0.059871,0.0 
 07/21  12:52:00,34.0,20.05521727194003,32.371521733896394,20.05521727194003,0.0,12832.878974705272,32.371521733896394,0.0,0.0,0.059871,16.6,0.0,32.3682561549477,0.059871,0.059871,0.0,0.0,0.059871,0.0,0.0,0.0,0.059871,0.0,0.059871,0.0 
 07/21  12:53:00,34.0,20.0515424112951,32.37477440440782,20.0515424112951,0.0,12819.14576079379,32.37477440440782,0.0,0.0,0.059871,16.6,0.0,32.371521733896394,0.059871,0.059871,0.0,0.0,0.059871,0.0,0.0,0.0,0.059871,0.0,0.059871,0.0 
 07/21  12:54:00,34.0,20.04789251299314,32.37801416782135,20.04789251299314,0.0,12805.505978011934,32.37801416782135,0.0,0.0,0.059871,16.6,0.0,32.37477440440782,0.059871,0.059871,0.0,0.0,0.059871,0.0,0.0,0.0,0.059871,0.0,0.059871,0.0 
 07/21  12:55:00,34.0,20.044265044205762,32.381241165914254,20.044265044205762,0.0,12791.950237353416,32.381241165914254,0.0,0.0,0.059871,16.6,0.0,32.37801416782135,0.059871,0.059871,0.0,0.0,0.059871,0.0,0.0,0.0,0.059871,0.0,0.059871,0.0 
 07/21  12:56:00,34.0,20.040662137838098,32.38445539371738,20.040662137838098,0.0,12778.486456599949,32.38445539371738,0.0,0.0,0.059871,16.6,0.0,32.381241165914254,0.059871,0.059871,0.0,0.0,0.059871,0.0,0.0,0.0,0.059871,0.0,0.059871,0.0 
 07/21  12:57:00,34.0,20.03708130194579,32.387656967200236,20.03708130194579,0.0,12765.105376953197,32.387656967200236,0.0,0.0,0.059871,16.6,0.0,32.38445539371738,0.059871,0.059871,0.0,0.0,0.059871,0.0,0.0,0.0,0.059871,0.0,0.059871,0.0 
 07/21  12:58:00,34.0,20.033524637734995,32.39084591246762,20.033524637734995,0.0,12751.814755096806,32.39084591246762,0.0,0.0,0.059871,16.6,0.0,32.387656967200236,0.059871,0.059871,0.0,0.0,0.059871,0.0,0.0,0.0,0.059871,0.0,0.059871,0.0 
 07/21  12:59:00,34.0,20.029989693558974,32.394022336311,20.029989693558974,0.0,12738.605547194114,32.394022336311,0.0,0.0,0.059871,16.6,0.0,32.39084591246762,0.059871,0.059871,0.0,0.0,0.059871,0.0,0.0,0.0,0.059871,0.0,0.059871,0.0 
 07/21  13:00:00,34.0,20.02647853834663,32.39718624003252,20.02647853834663,0.0,12725.485346817928,32.39718624003252,0.0,0.0,0.059871,16.6,0.0,32.394022336311,0.059871,0.059871,0.0,0.0,0.059871,0.0,0.0,0.0,0.059871,0.0,0.059871,0.0,88387200.0 
 07/21  13:01:00,34.0,20.022988761224486,32.4003377610651,20.022988761224486,0.0,12712.44526166909,32.4003377610651,0.0,0.0,0.059871,16.6,0.0,32.39718624003252,0.059871,0.059871,0.0,0.0,0.059871,0.0,0.0,0.0,0.059871,0.0,0.059871,0.0 
 07/21  13:02:00,34.0,20.019522398229178,32.40347689424028,20.019522398229178,0.0,12699.492806567505,32.40347689424028,0.0,0.0,0.059871,16.6,0.0,32.4003377610651,0.059871,0.059871,0.0,0.0,0.059871,0.0,0.0,0.0,0.059871,0.0,0.059871,0.0 
 07/21  13:03:00,34.0,20.016077077709287,32.40660375069217,20.016077077709287,0.0,12686.619191742811,32.40660375069217,0.0,0.0,0.059871,16.6,0.0,32.40347689424028,0.059871,0.059871,0.0,0.0,0.059871,0.0,0.0,0.0,0.059871,0.0,0.059871,0.0 
 07/21  13:04:00,34.0,20.012654804623082,32.409718356961996,20.012654804623082,0.0,12673.831838272832,32.409718356961996,0.0,0.0,0.059871,16.6,0.0,32.40660375069217,0.059871,0.059871,0.0,0.0,0.059871,0.0,0.0,0.0,0.059871,0.0,0.059871,0.0 
 07/21  13:05:00,34.0,20.00925324626349,32.4128208149342,20.00925324626349,0.0,12661.122079655424,32.4128208149342,0.0,0.0,0.059871,16.6,0.0,32.409718356961996,0.059871,0.059871,0.0,0.0,0.059871,0.0,0.0,0.0,0.059871,0.0,0.059871,0.0 
 07/21  13:06:00,34.0,20.005874378015175,32.415911125810744,20.005874378015175,0.0,12648.497227245862,32.415911125810744,0.0,0.0,0.059871,16.6,0.0,32.4128208149342,0.059871,0.059871,0.0,0.0,0.059871,0.0,0.0,0.0,0.059871,0.0,0.059871,0.0 
 07/21  13:07:00,34.0,20.002515903267565,32.41898942281921,20.002515903267565,0.0,12635.948791723964,32.41898942281921,0.0,0.0,0.059871,16.6,0.0,32.415911125810744,0.059871,0.059871,0.0,0.0,0.059871,0.0,0.0,0.0,0.059871,0.0,0.059871,0.0 
 07/21  13:08:00,34.0,19.999179766647785,32.4220557005465,19.999179766647785,0.0,12623.483948758945,32.4220557005465,0.0,0.0,0.059871,16.6,0.0,32.41898942281921,0.059871,0.059871,0.0,0.0,0.059871,0.0,0.0,0.0,0.059871,0.0,0.059871,0.0 
 07/21  13:09:00,34.0,19.995863709722098,32.425110065477924,19.995863709722098,0.0,12611.094308097014,32.425110065477924,0.0,0.0,0.059871,16.6,0.0,32.4220557005465,0.059871,0.059871,0.0,0.0,0.059871,0.0,0.0,0.0,0.059871,0.0,0.059871,0.0 
 07/21  13:10:00,34.0,19.992569648364725,32.42815254449707,19.992569648364725,0.0,12598.786981586927,32.42815254449707,0.0,0.0,0.059871,16.6,0.0,32.425110065477924,0.059871,0.059871,0.0,0.0,0.059871,0.0,0.0,0.0,0.059871,0.0,0.059871,0.0 
 07/21  13:11:00,34.0,19.98929535839363,32.431183234781486,19.98929535839363,0.0,12586.553727676568,32.431183234781486,0.0,0.0,0.059871,16.6,0.0,32.42815254449707,0.059871,0.059871,0.0,0.0,0.059871,0.0,0.0,0.0,0.059871,0.0,0.059871,0.0 
 07/21  13:12:00,34.0,19.986042727160886,32.43420213738675,19.986042727160886,0.0,12574.401509568273,32.43420213738675,0.0,0.0,0.059871,16.6,0.0,32.431183234781486,0.059871,0.059871,0.0,0.0,0.059871,0.0,0.0,0.0,0.059871,0.0,0.059871,0.0 
 07/21  13:13:00,34.0,19.982809566498048,32.43720938148247,19.982809566498048,0.0,12562.322219633694,32.43720938148247,0.0,0.0,0.059871,16.6,0.0,32.43420213738675,0.059871,0.059871,0.0,0.0,0.059871,0.0,0.0,0.0,0.059871,0.0,0.059871,0.0 
 07/21  13:14:00,34.0,19.979597735782257,32.440204961379536,19.979597735782257,0.0,12550.322738604791,32.440204961379536,0.0,0.0,0.059871,16.6,0.0,32.43720938148247,0.059871,0.059871,0.0,0.0,0.059871,0.0,0.0,0.0,0.059871,0.0,0.059871,0.0 
 07/21  13:15:00,34.0,19.976405080519424,32.44318897910442,19.976405080519424,0.0,12538.39508401012,32.44318897910442,0.0,0.0,0.059871,16.6,0.0,32.440204961379536,0.059871,0.059871,0.0,0.0,0.059871,0.0,0.0,0.0,0.059871,0.0,0.059871,0.0 
 07/21  13:16:00,34.0,19.973233433030508,32.44616146180396,19.973233433030508,0.0,12526.54601491609,32.44616146180396,0.0,0.0,0.059871,16.6,0.0,32.44318897910442,0.059871,0.059871,0.0,0.0,0.059871,0.0,0.0,0.0,0.059871,0.0,0.059871,0.0 
 07/21  13:17:00,34.0,19.970080671276975,32.449122502149805,19.970080671276975,0.0,12514.76771193937,32.449122502149805,0.0,0.0,0.059871,16.6,0.0,32.44616146180396,0.059871,0.059871,0.0,0.0,0.059871,0.0,0.0,0.0,0.059871,0.0,0.059871,0.0 
 07/21  13:18:00,34.0,19.96694860099517,32.45207210101604,19.96694860099517,0.0,12503.066793084809,32.45207210101604,0.0,0.0,0.059871,16.6,0.0,32.449122502149805,0.059871,0.059871,0.0,0.0,0.059871,0.0,0.0,0.0,0.059871,0.0,0.059871,0.0 
 07/21  13:19:00,34.0,19.96383513398064,32.455010383664586,19.96383513398064,0.0,12491.435564685213,32.455010383664586,0.0,0.0,0.059871,16.6,0.0,32.45207210101604,0.059871,0.059871,0.0,0.0,0.059871,0.0,0.0,0.0,0.059871,0.0,0.059871,0.0 
 07/21  13:20:00,34.0,19.960742049559816,32.45793734410885,19.960742049559816,0.0,12479.880568036888,32.45793734410885,0.0,0.0,0.059871,16.6,0.0,32.455010383664586,0.059871,0.059871,0.0,0.0,0.059871,0.0,0.0,0.0,0.059871,0.0,0.059871,0.0 
 07/21  13:21:00,34.0,19.95766729101352,32.46085308010678,19.95766729101352,0.0,12468.394226391383,32.46085308010678,0.0,0.0,0.059871,16.6,0.0,32.45793734410885,0.059871,0.059871,0.0,0.0,0.059871,0.0,0.0,0.0,0.059871,0.0,0.059871,0.0 
 07/21  13:22:00,34.0,19.95461261217038,32.463757619002166,19.95461261217038,0.0,12456.982965401236,32.463757619002166,0.0,0.0,0.059871,16.6,0.0,32.46085308010678,0.059871,0.059871,0.0,0.0,0.059871,0.0,0.0,0.0,0.059871,0.0,0.059871,0.0 
 07/21  13:23:00,34.0,19.95157598760734,32.46665104916148,19.95157598760734,0.0,12445.639345656306,32.46665104916148,0.0,0.0,0.059871,16.6,0.0,32.463757619002166,0.059871,0.059871,0.0,0.0,0.059871,0.0,0.0,0.0,0.059871,0.0,0.059871,0.0 
 07/21  13:24:00,34.0,19.948559144434725,32.46953337125271,19.948559144434725,0.0,12434.369714791632,32.46953337125271,0.0,0.0,0.059871,16.6,0.0,32.46665104916148,0.059871,0.059871,0.0,0.0,0.059871,0.0,0.0,0.0,0.059871,0.0,0.059871,0.0 
 07/21  13:25:00,34.0,19.945560088377274,32.47240470678259,19.945560088377274,0.0,12423.166706919865,32.47240470678259,0.0,0.0,0.059871,16.6,0.0,32.46953337125271,0.059871,0.059871,0.0,0.0,0.059871,0.0,0.0,0.0,0.059871,0.0,0.059871,0.0 
 07/21  13:26:00,34.0,19.94258052289404,32.475265049455096,19.94258052289404,0.0,12412.03658203574,32.475265049455096,0.0,0.0,0.059871,16.6,0.0,32.47240470678259,0.059871,0.059871,0.0,0.0,0.059871,0.0,0.0,0.0,0.059871,0.0,0.059871,0.0 
 07/21  13:27:00,34.0,19.939618483958228,32.478114492949146,19.939618483958228,0.0,12400.97210764674,32.478114492949146,0.0,0.0,0.059871,16.6,0.0,32.475265049455096,0.059871,0.059871,0.0,0.0,0.059871,0.0,0.0,0.0,0.059871,0.0,0.059871,0.0 
 07/21  13:28:00,34.0,19.936675650077067,32.48095306475029,19.936675650077067,0.0,12389.979451209143,32.48095306475029,0.0,0.0,0.059871,16.6,0.0,32.478114492949146,0.059871,0.059871,0.0,0.0,0.059871,0.0,0.0,0.0,0.059871,0.0,0.059871,0.0 
 07/21  13:29:00,34.0,19.933750087114205,32.48378084911784,19.933750087114205,0.0,12379.051470290842,32.48378084911784,0.0,0.0,0.059871,16.6,0.0,32.48095306475029,0.059871,0.059871,0.0,0.0,0.059871,0.0,0.0,0.0,0.059871,0.0,0.059871,0.0 
 07/21  13:30:00,34.0,19.930843449502643,32.486597846496544,19.930843449502643,0.0,12368.194264034937,32.486597846496544,0.0,0.0,0.059871,16.6,0.0,32.48378084911784,0.059871,0.059871,0.0,0.0,0.059871,0.0,0.0,0.0,0.059871,0.0,0.059871,0.0 
 07/21  13:31:00,34.0,19.927953830677403,32.48940417478892,19.927953830677403,0.0,12357.400813301674,32.48940417478892,0.0,0.0,0.059871,16.6,0.0,32.486597846496544,0.059871,0.059871,0.0,0.0,0.059871,0.0,0.0,0.0,0.059871,0.0,0.059871,0.0 
 07/21  13:32:00,34.0,19.925082861953417,32.4921998273829,19.925082861953417,0.0,12346.677089679673,32.4921998273829,0.0,0.0,0.059871,16.6,0.0,32.48940417478892,0.059871,0.059871,0.0,0.0,0.059871,0.0,0.0,0.0,0.059871,0.0,0.059871,0.0 
 07/21  13:33:00,34.0,19.92222866722589,32.4949848940629,19.92222866722589,0.0,12336.016166350324,32.4949848940629,0.0,0.0,0.059871,16.6,0.0,32.4921998273829,0.059871,0.059871,0.0,0.0,0.059871,0.0,0.0,0.0,0.059871,0.0,0.059871,0.0 
 07/21  13:34:00,34.0,19.919392854107013,32.4977594024079,19.919392854107013,0.0,12325.42398961828,32.4977594024079,0.0,0.0,0.059871,16.6,0.0,32.4949848940629,0.059871,0.059871,0.0,0.0,0.059871,0.0,0.0,0.0,0.059871,0.0,0.059871,0.0 
 07/21  13:35:00,34.0,19.916573572306206,32.50052343276203,19.916573572306206,0.0,12314.893728482348,32.50052343276203,0.0,0.0,0.059871,16.6,0.0,32.4977594024079,0.059871,0.059871,0.0,0.0,0.059871,0.0,0.0,0.0,0.059871,0.0,0.059871,0.0 
 07/21  13:36:00,34.0,19.913772407009045,32.50327698533427,19.913772407009045,0.0,12304.431204388642,32.50327698533427,0.0,0.0,0.059871,16.6,0.0,32.50052343276203,0.059871,0.059871,0.0,0.0,0.059871,0.0,0.0,0.0,0.059871,0.0,0.059871,0.0 
 07/21  13:37:00,34.0,19.910987537354572,32.506020174570494,19.910987537354572,0.0,12294.029674949397,32.506020174570494,0.0,0.0,0.059871,16.6,0.0,32.50327698533427,0.059871,0.059871,0.0,0.0,0.059871,0.0,0.0,0.0,0.059871,0.0,0.059871,0.0 
 07/21  13:38:00,34.0,19.90822052580322,32.50875299354041,19.90822052580322,0.0,12283.694939659445,32.50875299354041,0.0,0.0,0.059871,16.6,0.0,32.506020174570494,0.059871,0.059871,0.0,0.0,0.059871,0.0,0.0,0.0,0.059871,0.0,0.059871,0.0 
 07/21  13:39:00,34.0,19.90546957630225,32.511475528313554,19.90546957630225,0.0,12273.42034825018,32.511475528313554,0.0,0.0,0.059871,16.6,0.0,32.50875299354041,0.059871,0.059871,0.0,0.0,0.059871,0.0,0.0,0.0,0.059871,0.0,0.059871,0.0 
 07/21  13:40:00,34.0,19.902736230620537,32.51418780652092,19.902736230620537,0.0,12263.211561235094,32.51418780652092,0.0,0.0,0.059871,16.6,0.0,32.511475528313554,0.059871,0.059871,0.0,0.0,0.059871,0.0,0.0,0.0,0.059871,0.0,0.059871,0.0 
 07/21  13:41:00,34.0,19.900018719417734,32.516889904777905,19.900018719417734,0.0,12253.062069059033,32.516889904777905,0.0,0.0,0.059871,16.6,0.0,32.51418780652092,0.059871,0.059871,0.0,0.0,0.059871,0.0,0.0,0.0,0.059871,0.0,0.059871,0.0 
 07/21  13:42:00,34.0,19.897318561880102,32.51958182305003,19.897318561880102,0.0,12242.977469141888,32.51958182305003,0.0,0.0,0.059871,16.6,0.0,32.516889904777905,0.059871,0.059871,0.0,0.0,0.059871,0.0,0.0,0.0,0.059871,0.0,0.059871,0.0 
 07/21  13:43:00,34.0,19.8946340154745,32.522263672470345,19.8946340154745,0.0,12232.951289491652,32.522263672470345,0.0,0.0,0.059871,16.6,0.0,32.51958182305003,0.059871,0.059871,0.0,0.0,0.059871,0.0,0.0,0.0,0.059871,0.0,0.059871,0.0 
 07/21  13:44:00,34.0,19.89196657867802,32.5249354457919,19.89196657867802,0.0,12222.989092041622,32.5249354457919,0.0,0.0,0.059871,16.6,0.0,32.522263672470345,0.059871,0.059871,0.0,0.0,0.059871,0.0,0.0,0.0,0.059871,0.0,0.059871,0.0 
 07/21  13:45:00,34.0,19.88931453275856,32.52759722554271,19.88931453275856,0.0,12213.084513862741,32.52759722554271,0.0,0.0,0.059871,16.6,0.0,32.5249354457919,0.059871,0.059871,0.0,0.0,0.059871,0.0,0.0,0.0,0.059871,0.0,0.059871,0.0 
 07/21  13:46:00,34.0,19.886679355713447,32.5302490393697,19.886679355713447,0.0,12203.242999629041,32.5302490393697,0.0,0.0,0.059871,16.6,0.0,32.52759722554271,0.059871,0.059871,0.0,0.0,0.059871,0.0,0.0,0.0,0.059871,0.0,0.059871,0.0 
 07/21  13:47:00,34.0,19.884059353651544,32.53289096033885,19.884059353651544,0.0,12193.458299313115,32.53289096033885,0.0,0.0,0.059871,16.6,0.0,32.5302490393697,0.059871,0.059871,0.0,0.0,0.059871,0.0,0.0,0.0,0.059871,0.0,0.059871,0.0 
 07/21  13:48:00,34.0,19.881455984188005,32.53552298816748,19.881455984188005,0.0,12183.735781974265,32.53552298816748,0.0,0.0,0.059871,16.6,0.0,32.53289096033885,0.059871,0.059871,0.0,0.0,0.059871,0.0,0.0,0.0,0.059871,0.0,0.059871,0.0 
 07/21  13:49:00,34.0,19.87886757835363,32.53814523081434,19.87886757835363,0.0,12174.069269620568,32.53814523081434,0.0,0.0,0.059871,16.6,0.0,32.53552298816748,0.059871,0.059871,0.0,0.0,0.059871,0.0,0.0,0.0,0.059871,0.0,0.059871,0.0 
 07/21  13:50:00,34.0,19.876295573847244,32.54075768071939,19.876295573847244,0.0,12164.464077978413,32.54075768071939,0.0,0.0,0.059871,16.6,0.0,32.53814523081434,0.059871,0.059871,0.0,0.0,0.059871,0.0,0.0,0.0,0.059871,0.0,0.059871,0.0 
 07/21  13:51:00,34.0,19.87373832504033,32.54336041703526,19.87373832504033,0.0,12154.914115769629,32.54336041703526,0.0,0.0,0.059871,16.6,0.0,32.54075768071939,0.059871,0.059871,0.0,0.0,0.059871,0.0,0.0,0.0,0.059871,0.0,0.059871,0.0 
 07/21  13:52:00,34.0,19.871197249657676,32.545953467392366,19.871197249657676,0.0,12145.424624582916,32.545953467392366,0.0,0.0,0.059871,16.6,0.0,32.54336041703526,0.059871,0.059871,0.0,0.0,0.059871,0.0,0.0,0.0,0.059871,0.0,0.059871,0.0 
 07/21  13:53:00,34.0,19.86867072606252,32.54853690147875,19.86867072606252,0.0,12135.989581830872,32.54853690147875,0.0,0.0,0.059871,16.6,0.0,32.545953467392366,0.059871,0.059871,0.0,0.0,0.059871,0.0,0.0,0.0,0.059871,0.0,0.059871,0.0 
 07/21  13:54:00,34.0,19.86616015282445,32.55111071876075,19.86616015282445,0.0,12126.61417848065,32.55111071876075,0.0,0.0,0.059871,16.6,0.0,32.54853690147875,0.059871,0.059871,0.0,0.0,0.059871,0.0,0.0,0.0,0.059871,0.0,0.059871,0.0 
 07/21  13:55:00,34.0,19.863663930830164,32.55367502415568,19.863663930830164,0.0,12117.292475656295,32.55367502415568,0.0,0.0,0.059871,16.6,0.0,32.55111071876075,0.059871,0.059871,0.0,0.0,0.059871,0.0,0.0,0.0,0.059871,0.0,0.059871,0.0 
 07/21  13:56:00,34.0,19.861183439371455,32.55622980979579,19.861183439371455,0.0,12108.029592735853,32.55622980979579,0.0,0.0,0.059871,16.6,0.0,32.55367502415568,0.059871,0.059871,0.0,0.0,0.059871,0.0,0.0,0.0,0.059871,0.0,0.059871,0.0 
 07/21  13:57:00,34.0,19.858717101586283,32.55877515161756,19.858717101586283,0.0,12098.819673541497,32.55877515161756,0.0,0.0,0.059871,16.6,0.0,32.55622980979579,0.059871,0.059871,0.0,0.0,0.059871,0.0,0.0,0.0,0.059871,0.0,0.059871,0.0 
 07/21  13:58:00,34.0,19.856266279001318,32.56131107720666,19.856266279001318,0.0,12089.667751133908,32.56131107720666,0.0,0.0,0.059871,16.6,0.0,32.55877515161756,0.059871,0.059871,0.0,0.0,0.059871,0.0,0.0,0.0,0.059871,0.0,0.059871,0.0 
 07/21  13:59:00,34.0,19.85382941694581,32.56383765303791,19.85382941694581,0.0,12080.568072189832,32.56383765303791,0.0,0.0,0.059871,16.6,0.0,32.56131107720666,0.059871,0.059871,0.0,0.0,0.059871,0.0,0.0,0.0,0.059871,0.0,0.059871,0.0 
 07/21  14:00:00,34.0,19.851407858333662,32.566354878326905,19.851407858333662,0.0,12071.525600687932,32.566354878326905,0.0,0.0,0.059871,16.6,0.0,32.56383765303791,0.059871,0.059871,0.0,0.0,0.059871,0.0,0.0,0.0,0.059871,0.0,0.059871,0.0,88387200.0 
 07/21  14:01:00,34.0,19.849000070644788,32.56886285507814,19.849000070644788,0.0,12062.534645295673,32.56886285507814,0.0,0.0,0.059871,16.6,0.0,32.566354878326905,0.059871,0.059871,0.0,0.0,0.059871,0.0,0.0,0.0,0.059871,0.0,0.059871,0.0 
 07/21  14:02:00,34.0,19.846607377890578,32.57136157512441,19.846607377890578,0.0,12053.600140435916,32.57136157512441,0.0,0.0,0.059871,16.6,0.0,32.56886285507814,0.059871,0.059871,0.0,0.0,0.059871,0.0,0.0,0.0,0.059871,0.0,0.059871,0.0 
 07/21  14:03:00,34.0,19.84422826824234,32.57385111133972,19.84422826824234,0.0,12044.71645136443,32.57385111133972,0.0,0.0,0.059871,16.6,0.0,32.57136157512441,0.059871,0.059871,0.0,0.0,0.059871,0.0,0.0,0.0,0.059871,0.0,0.059871,0.0 
 07/21  14:04:00,34.0,19.84186404978968,32.576331491241454,19.84186404978968,0.0,12035.888412865652,32.576331491241454,0.0,0.0,0.059871,16.6,0.0,32.57385111133972,0.059871,0.059871,0.0,0.0,0.059871,0.0,0.0,0.0,0.059871,0.0,0.059871,0.0 
 07/21  14:05:00,34.0,19.83951323117209,32.578802778249745,19.83951323117209,0.0,12027.110527066361,32.578802778249745,0.0,0.0,0.059871,16.6,0.0,32.576331491241454,0.059871,0.059871,0.0,0.0,0.059871,0.0,0.0,0.0,0.059871,0.0,0.059871,0.0 
 07/21  14:06:00,34.0,19.837177102417254,32.58126497133249,19.837177102417254,0.0,12018.387541458818,32.58126497133249,0.0,0.0,0.059871,16.6,0.0,32.578802778249745,0.059871,0.059871,0.0,0.0,0.059871,0.0,0.0,0.0,0.059871,0.0,0.059871,0.0 
 07/21  14:07:00,34.0,19.834854193204237,32.58371816970495,19.834854193204237,0.0,12009.714016098646,32.58371816970495,0.0,0.0,0.059871,16.6,0.0,32.58126497133249,0.059871,0.059871,0.0,0.0,0.059871,0.0,0.0,0.0,0.059871,0.0,0.059871,0.0 
 07/21  14:08:00,34.0,19.832545775727283,32.586162364910344,19.832545775727283,0.0,12001.094672717012,32.586162364910344,0.0,0.0,0.059871,16.6,0.0,32.58371816970495,0.059871,0.059871,0.0,0.0,0.059871,0.0,0.0,0.0,0.059871,0.0,0.059871,0.0 
 07/21  14:09:00,34.0,19.83025040025976,32.588597626906726,19.83025040025976,0.0,11992.524107507888,32.588597626906726,0.0,0.0,0.059871,16.6,0.0,32.586162364910344,0.059871,0.059871,0.0,0.0,0.059871,0.0,0.0,0.0,0.059871,0.0,0.059871,0.0 
 07/21  14:10:00,34.0,19.82796932325935,32.59102398312208,19.82796932325935,0.0,11984.006983817711,32.59102398312208,0.0,0.0,0.059871,16.6,0.0,32.588597626906726,0.059871,0.059871,0.0,0.0,0.059871,0.0,0.0,0.0,0.059871,0.0,0.059871,0.0 
 07/21  14:11:00,34.0,19.82570111389584,32.593441494072444,19.82570111389584,0.0,11975.538008386584,32.593441494072444,0.0,0.0,0.059871,16.6,0.0,32.59102398312208,0.059871,0.059871,0.0,0.0,0.059871,0.0,0.0,0.0,0.059871,0.0,0.059871,0.0 
 07/21  14:12:00,34.0,19.823447011385742,32.59585015848157,19.823447011385742,0.0,11967.12176038688,32.59585015848157,0.0,0.0,0.059871,16.6,0.0,32.593441494072444,0.059871,0.059871,0.0,0.0,0.059871,0.0,0.0,0.0,0.059871,0.0,0.059871,0.0 
 07/21  14:13:00,34.0,19.821205605038777,32.59825007289269,19.821205605038777,0.0,11958.753001277237,32.59825007289269,0.0,0.0,0.059871,16.6,0.0,32.59585015848157,0.059871,0.059871,0.0,0.0,0.059871,0.0,0.0,0.0,0.059871,0.0,0.059871,0.0 
 07/21  14:14:00,34.0,19.818978118083603,32.600641228569415,19.818978118083603,0.0,11950.436271015245,32.600641228569415,0.0,0.0,0.059871,16.6,0.0,32.59825007289269,0.059871,0.059871,0.0,0.0,0.059871,0.0,0.0,0.0,0.059871,0.0,0.059871,0.0 
 07/21  14:15:00,34.0,19.8167631587242,32.603023692692844,19.8167631587242,0.0,11942.166401270137,32.603023692692844,0.0,0.0,0.059871,16.6,0.0,32.600641228569415,0.059871,0.059871,0.0,0.0,0.059871,0.0,0.0,0.0,0.059871,0.0,0.059871,0.0 
 07/21  14:16:00,34.0,19.814561933904486,32.60539749258234,19.814561933904486,0.0,11933.947871530621,32.60539749258234,0.0,0.0,0.059871,16.6,0.0,32.603023692692844,0.059871,0.059871,0.0,0.0,0.059871,0.0,0.0,0.0,0.059871,0.0,0.059871,0.0 
 07/21  14:17:00,34.0,19.812373070413127,32.60776268599271,19.812373070413127,0.0,11925.775582525308,32.60776268599271,0.0,0.0,0.059871,16.6,0.0,32.60539749258234,0.059871,0.059871,0.0,0.0,0.059871,0.0,0.0,0.0,0.059871,0.0,0.059871,0.0 
 07/21  14:18:00,34.0,19.81019776113849,32.61011927140773,19.81019776113849,0.0,11917.653921541641,32.61011927140773,0.0,0.0,0.059871,16.6,0.0,32.60776268599271,0.059871,0.059871,0.0,0.0,0.059871,0.0,0.0,0.0,0.059871,0.0,0.059871,0.0 
 07/21  14:19:00,34.0,19.80803465073858,32.61246734280975,19.80803465073858,0.0,11909.577915771342,32.61246734280975,0.0,0.0,0.059871,16.6,0.0,32.61011927140773,0.059871,0.059871,0.0,0.0,0.059871,0.0,0.0,0.0,0.059871,0.0,0.059871,0.0 
 07/21  14:20:00,34.0,19.805884914931216,32.61480689119288,19.805884914931216,0.0,11901.551888761755,32.61480689119288,0.0,0.0,0.059871,16.6,0.0,32.61246734280975,0.059871,0.059871,0.0,0.0,0.059871,0.0,0.0,0.0,0.059871,0.0,0.059871,0.0 
 07/21  14:21:00,34.0,19.803747216846283,32.617137981092824,19.803747216846283,0.0,11893.570896283694,32.617137981092824,0.0,0.0,0.059871,16.6,0.0,32.61480689119288,0.059871,0.059871,0.0,0.0,0.059871,0.0,0.0,0.0,0.059871,0.0,0.059871,0.0 
 07/21  14:22:00,34.0,19.80162271743051,32.61946063970254,19.80162271743051,0.0,11885.63922708946,32.61946063970254,0.0,0.0,0.059871,16.6,0.0,32.617137981092824,0.059871,0.059871,0.0,0.0,0.059871,0.0,0.0,0.0,0.059871,0.0,0.059871,0.0 
 07/21  14:23:00,34.0,19.799510098622005,32.62177492215071,19.799510098622005,0.0,11877.751986875377,32.62177492215071,0.0,0.0,0.059871,16.6,0.0,32.61946063970254,0.059871,0.059871,0.0,0.0,0.059871,0.0,0.0,0.0,0.059871,0.0,0.059871,0.0 
 07/21  14:24:00,34.0,19.797410506423248,32.62408082668571,19.797410506423248,0.0,11869.913428892269,32.62408082668571,0.0,0.0,0.059871,16.6,0.0,32.62177492215071,0.059871,0.059871,0.0,0.0,0.059871,0.0,0.0,0.0,0.059871,0.0,0.059871,0.0 
 07/21  14:25:00,34.0,19.79532263983945,32.62637844483435,19.79532263983945,0.0,11862.11872225309,32.62637844483435,0.0,0.0,0.059871,16.6,0.0,32.62408082668571,0.059871,0.059871,0.0,0.0,0.059871,0.0,0.0,0.0,0.059871,0.0,0.059871,0.0 
 07/21  14:26:00,34.0,19.793247629689567,32.62866776733177,19.793247629689567,0.0,11854.372063831164,32.62866776733177,0.0,0.0,0.059871,16.6,0.0,32.62637844483435,0.059871,0.059871,0.0,0.0,0.059871,0.0,0.0,0.0,0.059871,0.0,0.059871,0.0 
 07/21  14:27:00,34.0,19.791184192000138,32.63094885619348,19.791184192000138,0.0,11846.668685984432,32.63094885619348,0.0,0.0,0.059871,16.6,0.0,32.62866776733177,0.059871,0.059871,0.0,0.0,0.059871,0.0,0.0,0.0,0.059871,0.0,0.059871,0.0 
 07/21  14:28:00,34.0,19.789133443877887,32.633221738470624,19.789133443877887,0.0,11839.012714822393,32.633221738470624,0.0,0.0,0.059871,16.6,0.0,32.63094885619348,0.059871,0.059871,0.0,0.0,0.059871,0.0,0.0,0.0,0.059871,0.0,0.059871,0.0 
 07/21  14:29:00,34.0,19.78709411759636,32.63548646679482,19.78709411759636,0.0,11831.399482784955,32.63548646679482,0.0,0.0,0.059871,16.6,0.0,32.633221738470624,0.059871,0.059871,0.0,0.0,0.059871,0.0,0.0,0.0,0.059871,0.0,0.059871,0.0 
 07/21  14:30:00,34.0,19.785067315498022,32.63774303918502,19.785067315498022,0.0,11823.833041327935,32.63774303918502,0.0,0.0,0.059871,16.6,0.0,32.63548646679482,0.059871,0.059871,0.0,0.0,0.059871,0.0,0.0,0.0,0.059871,0.0,0.059871,0.0 
 07/21  14:31:00,34.0,19.78305178823577,32.63999154481341,19.78305178823577,0.0,11816.30875150548,32.63999154481341,0.0,0.0,0.059871,16.6,0.0,32.63774303918502,0.059871,0.059871,0.0,0.0,0.059871,0.0,0.0,0.0,0.059871,0.0,0.059871,0.0 
 07/21  14:32:00,34.0,19.78104862367255,32.64223197416786,19.78104862367255,0.0,11808.83067052875,32.64223197416786,0.0,0.0,0.059871,16.6,0.0,32.63999154481341,0.059871,0.059871,0.0,0.0,0.059871,0.0,0.0,0.0,0.059871,0.0,0.059871,0.0 
 07/21  14:33:00,34.0,19.779056588174743,32.644464386863376,19.779056588174743,0.0,11801.394198016656,32.644464386863376,0.0,0.0,0.059871,16.6,0.0,32.64223197416786,0.059871,0.059871,0.0,0.0,0.059871,0.0,0.0,0.0,0.059871,0.0,0.059871,0.0 
 07/21  14:34:00,34.0,19.777076755423337,32.64668880979646,19.777076755423337,0.0,11794.003338494225,32.64668880979646,0.0,0.0,0.059871,16.6,0.0,32.644464386863376,0.059871,0.059871,0.0,0.0,0.059871,0.0,0.0,0.0,0.059871,0.0,0.059871,0.0 
 07/21  14:35:00,34.0,19.775107907895475,32.648905293225134,19.775107907895475,0.0,11786.653551467216,32.648905293225134,0.0,0.0,0.059871,16.6,0.0,32.64668880979646,0.059871,0.059871,0.0,0.0,0.059871,0.0,0.0,0.0,0.059871,0.0,0.059871,0.0 
 07/21  14:36:00,34.0,19.77315110742165,32.65111383494669,19.77315110742165,0.0,11779.348757967527,32.65111383494669,0.0,0.0,0.059871,16.6,0.0,32.648905293225134,0.059871,0.059871,0.0,0.0,0.059871,0.0,0.0,0.0,0.059871,0.0,0.059871,0.0 
 07/21  14:37:00,34.0,19.771205151844573,32.65331452187596,19.771205151844573,0.0,11772.084533856778,32.65331452187596,0.0,0.0,0.059871,16.6,0.0,32.65111383494669,0.059871,0.059871,0.0,0.0,0.059871,0.0,0.0,0.0,0.059871,0.0,0.059871,0.0 
 07/21  14:38:00,34.0,19.769271087899742,32.655507344267285,19.769271087899742,0.0,11764.864744107244,32.655507344267285,0.0,0.0,0.059871,16.6,0.0,32.65331452187596,0.059871,0.059871,0.0,0.0,0.059871,0.0,0.0,0.0,0.059871,0.0,0.059871,0.0 
 07/21  14:39:00,34.0,19.767347729370243,32.657692359450735,19.767347729370243,0.0,11757.684984324918,32.657692359450735,0.0,0.0,0.059871,16.6,0.0,32.655507344267285,0.059871,0.059871,0.0,0.0,0.059871,0.0,0.0,0.0,0.059871,0.0,0.059871,0.0 
 07/21  14:40:00,34.0,19.765436111060726,32.659869594158955,19.765436111060726,0.0,11750.549075254594,32.659869594158955,0.0,0.0,0.059871,16.6,0.0,32.657692359450735,0.059871,0.059871,0.0,0.0,0.059871,0.0,0.0,0.0,0.059871,0.0,0.059871,0.0 
 07/21  14:41:00,34.0,19.763535062372995,32.66203909639555,19.763535062372995,0.0,11743.452690230824,32.66203909639555,0.0,0.0,0.059871,16.6,0.0,32.659869594158955,0.059871,0.059871,0.0,0.0,0.059871,0.0,0.0,0.0,0.059871,0.0,0.059871,0.0 
 07/21  14:42:00,34.0,19.761645603787922,32.6642008637461,19.761645603787922,0.0,11736.399616491977,32.6642008637461,0.0,0.0,0.059871,16.6,0.0,32.66203909639555,0.059871,0.059871,0.0,0.0,0.059871,0.0,0.0,0.0,0.059871,0.0,0.059871,0.0 
 07/21  14:43:00,34.0,19.75976657920683,32.666354980961636,19.75976657920683,0.0,11729.385561539679,32.666354980961636,0.0,0.0,0.059871,16.6,0.0,32.6642008637461,0.059871,0.059871,0.0,0.0,0.059871,0.0,0.0,0.0,0.059871,0.0,0.059871,0.0 
 07/21  14:44:00,34.0,19.75789899720811,32.668501438077435,19.75789899720811,0.0,11722.414248801011,32.668501438077435,0.0,0.0,0.059871,16.6,0.0,32.666354980961636,0.059871,0.059871,0.0,0.0,0.059871,0.0,0.0,0.0,0.059871,0.0,0.059871,0.0 
 07/21  14:45:00,34.0,19.756041717866374,32.67064029024827,19.756041717866374,0.0,11715.481445900263,32.67064029024827,0.0,0.0,0.059871,16.6,0.0,32.668501438077435,0.059871,0.059871,0.0,0.0,0.059871,0.0,0.0,0.0,0.059871,0.0,0.059871,0.0 
 07/21  14:46:00,34.0,19.75419573627616,32.67277156403415,19.75419573627616,0.0,11708.590865454684,32.67277156403415,0.0,0.0,0.059871,16.6,0.0,32.67064029024827,0.059871,0.059871,0.0,0.0,0.059871,0.0,0.0,0.0,0.059871,0.0,0.059871,0.0 
 07/21  14:47:00,34.0,19.752359926395723,32.67489530529595,19.752359926395723,0.0,11701.738307049609,32.67489530529595,0.0,0.0,0.059871,16.6,0.0,32.67277156403415,0.059871,0.059871,0.0,0.0,0.059871,0.0,0.0,0.0,0.059871,0.0,0.059871,0.0 
 07/21  14:48:00,34.0,19.75053527149843,32.677011511415884,19.75053527149843,0.0,11694.92741982047,32.677011511415884,0.0,0.0,0.059871,16.6,0.0,32.67489530529595,0.059871,0.059871,0.0,0.0,0.059871,0.0,0.0,0.0,0.059871,0.0,0.059871,0.0 
 07/21  14:49:00,34.0,19.748720659350596,32.67912026506784,19.748720659350596,0.0,11688.15409382204,32.67912026506784,0.0,0.0,0.059871,16.6,0.0,32.677011511415884,0.059871,0.059871,0.0,0.0,0.059871,0.0,0.0,0.0,0.059871,0.0,0.059871,0.0 
 07/21  14:50:00,34.0,19.74691706146024,32.68122155608037,19.74691706146024,0.0,11681.421895390591,32.68122155608037,0.0,0.0,0.059871,16.6,0.0,32.67912026506784,0.059871,0.059871,0.0,0.0,0.059871,0.0,0.0,0.0,0.059871,0.0,0.059871,0.0 
 07/21  14:51:00,34.0,19.745123379985543,32.68331543753491,19.745123379985543,0.0,11674.726787583777,32.68331543753491,0.0,0.0,0.059871,16.6,0.0,32.68122155608037,0.059871,0.059871,0.0,0.0,0.059871,0.0,0.0,0.0,0.059871,0.0,0.059871,0.0 
 07/21  14:52:00,34.0,19.743340574188228,32.68540193580957,19.743340574188228,0.0,11668.072291323984,32.68540193580957,0.0,0.0,0.059871,16.6,0.0,32.68331543753491,0.059871,0.059871,0.0,0.0,0.059871,0.0,0.0,0.0,0.059871,0.0,0.059871,0.0 
 07/21  14:53:00,34.0,19.741567559979398,32.68748109472712,19.741567559979398,0.0,11661.454420707345,32.68748109472712,0.0,0.0,0.059871,16.6,0.0,32.68540193580957,0.059871,0.059871,0.0,0.0,0.059871,0.0,0.0,0.0,0.059871,0.0,0.059871,0.0 
 07/21  14:54:00,34.0,19.739805285412242,32.68955291147404,19.739805285412242,0.0,11654.876635607929,32.68955291147404,0.0,0.0,0.059871,16.6,0.0,32.68748109472712,0.059871,0.059871,0.0,0.0,0.059871,0.0,0.0,0.0,0.059871,0.0,0.059871,0.0 
 07/21  14:55:00,34.0,19.738052679407826,32.6916174667285,19.738052679407826,0.0,11648.335037387851,32.6916174667285,0.0,0.0,0.059871,16.6,0.0,32.68955291147404,0.059871,0.059871,0.0,0.0,0.059871,0.0,0.0,0.0,0.059871,0.0,0.059871,0.0 
 07/21  14:56:00,34.0,19.736310677799242,32.69367475012409,19.736310677799242,0.0,11641.833021130551,32.69367475012409,0.0,0.0,0.059871,16.6,0.0,32.6916174667285,0.059871,0.059871,0.0,0.0,0.059871,0.0,0.0,0.0,0.059871,0.0,0.059871,0.0 
 07/21  14:57:00,34.0,19.734578224736968,32.69572481276499,19.734578224736968,0.0,11635.36670576837,32.69572481276499,0.0,0.0,0.059871,16.6,0.0,32.69367475012409,0.059871,0.059871,0.0,0.0,0.059871,0.0,0.0,0.0,0.059871,0.0,0.059871,0.0 
 07/21  14:58:00,34.0,19.7328562432481,32.69776768083854,19.7328562432481,0.0,11628.939516762366,32.69776768083854,0.0,0.0,0.059871,16.6,0.0,32.69572481276499,0.059871,0.059871,0.0,0.0,0.059871,0.0,0.0,0.0,0.059871,0.0,0.059871,0.0 
 07/21  14:59:00,34.0,19.73114369086012,32.69980339622776,19.73114369086012,0.0,11622.547564340934,32.69980339622776,0.0,0.0,0.059871,16.6,0.0,32.69776768083854,0.059871,0.059871,0.0,0.0,0.059871,0.0,0.0,0.0,0.059871,0.0,0.059871,0.0 
 07/21  15:00:00,34.0,19.72944148019926,32.70183195593036,19.72944148019926,0.0,11616.194235388093,32.70183195593036,0.0,0.0,0.059871,16.6,0.0,32.69980339622776,0.059871,0.059871,0.0,0.0,0.059871,0.0,0.0,0.0,0.059871,0.0,0.059871,0.0,88387200.0 
 07/21  15:01:00,34.0,19.727748581235296,32.703853438705224,19.727748581235296,0.0,11609.87572521195,32.703853438705224,0.0,0.0,0.059871,16.6,0.0,32.70183195593036,0.059871,0.059871,0.0,0.0,0.059871,0.0,0.0,0.0,0.059871,0.0,0.059871,0.0 
 07/21  15:02:00,34.0,19.726065894793706,32.705867834002106,19.726065894793706,0.0,11603.595357462622,32.705867834002106,0.0,0.0,0.059871,16.6,0.0,32.703853438705224,0.059871,0.059871,0.0,0.0,0.059871,0.0,0.0,0.0,0.059871,0.0,0.059871,0.0 
 07/21  15:03:00,34.0,19.724392403686384,32.70787519103883,19.724392403686384,0.0,11597.349375127618,32.70787519103883,0.0,0.0,0.059871,16.6,0.0,32.705867834002106,0.059871,0.059871,0.0,0.0,0.059871,0.0,0.0,0.0,0.059871,0.0,0.059871,0.0 
 07/21  15:04:00,34.0,19.72272899862884,32.709875535804294,19.72272899862884,0.0,11591.141044986061,32.709875535804294,0.0,0.0,0.059871,16.6,0.0,32.70787519103883,0.059871,0.059871,0.0,0.0,0.059871,0.0,0.0,0.0,0.059871,0.0,0.059871,0.0 
 07/21  15:05:00,34.0,19.72107467545976,32.71186890833572,19.72107467545976,0.0,11584.966677775232,32.71186890833572,0.0,0.0,0.059871,16.6,0.0,32.709875535804294,0.059871,0.059871,0.0,0.0,0.059871,0.0,0.0,0.0,0.059871,0.0,0.059871,0.0 
 07/21  15:06:00,34.0,19.71943031370753,32.71385530545028,19.71943031370753,0.0,11578.829498790587,32.71385530545028,0.0,0.0,0.059871,16.6,0.0,32.71186890833572,0.059871,0.059871,0.0,0.0,0.059871,0.0,0.0,0.0,0.059871,0.0,0.059871,0.0 
 07/21  15:07:00,34.0,19.71779492142799,32.71583480406138,19.71779492142799,0.0,11572.725864102831,32.71583480406138,0.0,0.0,0.059871,16.6,0.0,32.71385530545028,0.059871,0.059871,0.0,0.0,0.059871,0.0,0.0,0.0,0.059871,0.0,0.059871,0.0 
 07/21  15:08:00,34.0,19.716169367185827,32.717807393447565,19.716169367185827,0.0,11566.658958353073,32.717807393447565,0.0,0.0,0.059871,16.6,0.0,32.71583480406138,0.059871,0.059871,0.0,0.0,0.059871,0.0,0.0,0.0,0.059871,0.0,0.059871,0.0 
 07/21  15:09:00,34.0,19.714552671349747,32.719773121027885,19.714552671349747,0.0,11560.625183300308,32.719773121027885,0.0,0.0,0.059871,16.6,0.0,32.717807393447565,0.059871,0.059871,0.0,0.0,0.059871,0.0,0.0,0.0,0.059871,0.0,0.059871,0.0 
 07/21  15:10:00,34.0,19.71294569271565,32.7217320125874,19.71294569271565,0.0,11554.627668076573,32.7217320125874,0.0,0.0,0.059871,16.6,0.0,32.719773121027885,0.059871,0.059871,0.0,0.0,0.059871,0.0,0.0,0.0,0.059871,0.0,0.059871,0.0 
 07/21  15:11:00,34.0,19.711347464001648,32.72368410640756,19.711347464001648,0.0,11548.662879577678,32.72368410640756,0.0,0.0,0.059871,16.6,0.0,32.7217320125874,0.059871,0.059871,0.0,0.0,0.059871,0.0,0.0,0.0,0.059871,0.0,0.059871,0.0 
 07/21  15:12:00,34.0,19.70975883237965,32.72562939913396,19.70975883237965,0.0,11542.733923119853,32.72562939913396,0.0,0.0,0.059871,16.6,0.0,32.72368410640756,0.059871,0.059871,0.0,0.0,0.059871,0.0,0.0,0.0,0.059871,0.0,0.059871,0.0 
 07/21  15:13:00,34.0,19.708178842083548,32.727567965904626,19.708178842083548,0.0,11536.837289014406,32.727567965904626,0.0,0.0,0.059871,16.6,0.0,32.72562939913396,0.059871,0.059871,0.0,0.0,0.059871,0.0,0.0,0.0,0.059871,0.0,0.059871,0.0 
 07/21  15:14:00,34.0,19.706608330945546,32.729499795839075,19.706608330945546,0.0,11530.976028707264,32.729499795839075,0.0,0.0,0.059871,16.6,0.0,32.727567965904626,0.059871,0.059871,0.0,0.0,0.059871,0.0,0.0,0.0,0.059871,0.0,0.059871,0.0 
 07/21  15:15:00,34.0,19.705046356316725,32.73142493464004,19.705046356316725,0.0,11525.146681216529,32.73142493464004,0.0,0.0,0.059871,16.6,0.0,32.729499795839075,0.059871,0.059871,0.0,0.0,0.059871,0.0,0.0,0.0,0.059871,0.0,0.059871,0.0 
 07/21  15:16:00,34.0,19.703493745032883,32.7333434078832,19.703493745032883,0.0,11519.352295710214,32.7333434078832,0.0,0.0,0.059871,16.6,0.0,32.73142493464004,0.059871,0.059871,0.0,0.0,0.059871,0.0,0.0,0.0,0.059871,0.0,0.059871,0.0 
 07/21  15:17:00,34.0,19.701949565352002,32.73525525217854,19.701949565352002,0.0,11513.589432430414,32.73525525217854,0.0,0.0,0.059871,16.6,0.0,32.7333434078832,0.059871,0.059871,0.0,0.0,0.059871,0.0,0.0,0.0,0.059871,0.0,0.059871,0.0 
 07/21  15:18:00,34.0,19.700414633866867,32.737160464008014,19.700414633866867,0.0,11507.861102542238,32.737160464008014,0.0,0.0,0.059871,16.6,0.0,32.73525525217854,0.059871,0.059871,0.0,0.0,0.059871,0.0,0.0,0.0,0.059871,0.0,0.059871,0.0 
 07/21  15:19:00,34.0,19.69888803125626,32.73905911680005,19.69888803125626,0.0,11502.16389320979,32.73905911680005,0.0,0.0,0.059871,16.6,0.0,32.737160464008014,0.059871,0.059871,0.0,0.0,0.059871,0.0,0.0,0.0,0.059871,0.0,0.059871,0.0 
 07/21  15:20:00,34.0,19.69737056366633,32.74095119952679,19.69737056366633,0.0,11496.500815225132,32.74095119952679,0.0,0.0,0.059871,16.6,0.0,32.73905911680005,0.059871,0.059871,0.0,0.0,0.059871,0.0,0.0,0.0,0.059871,0.0,0.059871,0.0 
 07/21  15:21:00,34.0,19.695861322708915,32.742836756252885,19.695861322708915,0.0,11490.868477162654,32.742836756252885,0.0,0.0,0.059871,16.6,0.0,32.74095119952679,0.059871,0.059871,0.0,0.0,0.059871,0.0,0.0,0.0,0.059871,0.0,0.059871,0.0 
 07/21  15:22:00,34.0,19.694361106440024,32.744715812340466,19.694361106440024,0.0,11485.269821449983,32.744715812340466,0.0,0.0,0.059871,16.6,0.0,32.742836756252885,0.059871,0.059871,0.0,0.0,0.059871,0.0,0.0,0.0,0.059871,0.0,0.059871,0.0 
 07/21  15:23:00,34.0,19.6928690172439,32.746588402809,19.6928690172439,0.0,11479.70155419036,32.746588402809,0.0,0.0,0.059871,16.6,0.0,32.744715812340466,0.059871,0.059871,0.0,0.0,0.059871,0.0,0.0,0.0,0.059871,0.0,0.059871,0.0 
 07/21  15:24:00,34.0,19.691385842888515,32.74845452398607,19.691385842888515,0.0,11474.166560476166,32.74845452398607,0.0,0.0,0.059871,16.6,0.0,32.746588402809,0.059871,0.059871,0.0,0.0,0.059871,0.0,0.0,0.0,0.059871,0.0,0.059871,0.0 
 07/21  15:25:00,34.0,19.689910696442613,32.75031424765404,19.689910696442613,0.0,11468.661586051363,32.75031424765404,0.0,0.0,0.059871,16.6,0.0,32.74845452398607,0.059871,0.059871,0.0,0.0,0.059871,0.0,0.0,0.0,0.059871,0.0,0.059871,0.0 
 07/21  15:26:00,34.0,19.68844435616395,32.75216756265013,19.68844435616395,0.0,11463.18948074719,32.75216756265013,0.0,0.0,0.059871,16.6,0.0,32.75031424765404,0.059871,0.059871,0.0,0.0,0.059871,0.0,0.0,0.0,0.059871,0.0,0.059871,0.0 
 07/21  15:27:00,34.0,19.6869859460474,32.75401451147557,19.6869859460474,0.0,11457.747030844981,32.75401451147557,0.0,0.0,0.059871,16.6,0.0,32.75216756265013,0.059871,0.059871,0.0,0.0,0.059871,0.0,0.0,0.0,0.059871,0.0,0.059871,0.0 
 07/21  15:28:00,34.0,19.685536235885248,32.75585511927525,19.685536235885248,0.0,11452.337035702585,32.75585511927525,0.0,0.0,0.059871,16.6,0.0,32.75401451147557,0.059871,0.059871,0.0,0.0,0.059871,0.0,0.0,0.0,0.059871,0.0,0.059871,0.0 
 07/21  15:29:00,34.0,19.68409436053318,32.75768941955416,19.68409436053318,0.0,11446.95634100672,32.75768941955416,0.0,0.0,0.059871,16.6,0.0,32.75585511927525,0.059871,0.059871,0.0,0.0,0.059871,0.0,0.0,0.0,0.059871,0.0,0.059871,0.0 
 07/21  15:30:00,34.0,19.68266107939684,32.75951740849342,19.68266107939684,0.0,11441.607726690541,32.75951740849342,0.0,0.0,0.059871,16.6,0.0,32.75768941955416,0.059871,0.059871,0.0,0.0,0.059871,0.0,0.0,0.0,0.059871,0.0,0.059871,0.0 
 07/21  15:31:00,34.0,19.681235537378882,32.761339156288145,19.681235537378882,0.0,11436.288056603458,32.761339156288145,0.0,0.0,0.059871,16.6,0.0,32.75951740849342,0.059871,0.059871,0.0,0.0,0.059871,0.0,0.0,0.0,0.059871,0.0,0.059871,0.0 
 07/21  15:32:00,34.0,19.679818485743986,32.76315465165138,19.679818485743986,0.0,11431.000061451108,32.76315465165138,0.0,0.0,0.059871,16.6,0.0,32.761339156288145,0.059871,0.059871,0.0,0.0,0.059871,0.0,0.0,0.0,0.059871,0.0,0.059871,0.0 
 07/21  15:33:00,34.0,19.67840908105974,32.76496393559056,19.67840908105974,0.0,11425.740648392384,32.76496393559056,0.0,0.0,0.059871,16.6,0.0,32.76315465165138,0.059871,0.059871,0.0,0.0,0.059871,0.0,0.0,0.0,0.059871,0.0,0.059871,0.0 
 07/21  15:34:00,34.0,19.677008064793515,32.766767033029545,19.677008064793515,0.0,11420.512549911891,32.766767033029545,0.0,0.0,0.059871,16.6,0.0,32.76496393559056,0.059871,0.059871,0.0,0.0,0.059871,0.0,0.0,0.0,0.059871,0.0,0.059871,0.0 
 07/21  15:35:00,34.0,19.67561460301349,32.76856397603074,19.67561460301349,0.0,11415.312689365222,32.76856397603074,0.0,0.0,0.059871,16.6,0.0,32.766767033029545,0.059871,0.059871,0.0,0.0,0.059871,0.0,0.0,0.0,0.059871,0.0,0.059871,0.0 
 07/21  15:36:00,34.0,19.674229428113488,32.77035476063713,19.674229428113488,0.0,11410.143765575162,32.77035476063713,0.0,0.0,0.059871,16.6,0.0,32.76856397603074,0.059871,0.059871,0.0,0.0,0.059871,0.0,0.0,0.0,0.059871,0.0,0.059871,0.0 
 07/21  15:37:00,34.0,19.672851717184436,32.772139455513106,19.672851717184436,0.0,11405.002723814505,32.772139455513106,0.0,0.0,0.059871,16.6,0.0,32.77035476063713,0.059871,0.059871,0.0,0.0,0.059871,0.0,0.0,0.0,0.059871,0.0,0.059871,0.0 
 07/21  15:38:00,34.0,19.671482193326707,32.77391804925899,19.671482193326707,0.0,11399.89226643302,32.77391804925899,0.0,0.0,0.059871,16.6,0.0,32.772139455513106,0.059871,0.059871,0.0,0.0,0.059871,0.0,0.0,0.0,0.059871,0.0,0.059871,0.0 
 07/21  15:39:00,34.0,19.670120043204793,32.77569058145533,19.670120043204793,0.0,11394.809355251382,32.77569058145533,0.0,0.0,0.059871,16.6,0.0,32.77391804925899,0.059871,0.059871,0.0,0.0,0.059871,0.0,0.0,0.0,0.059871,0.0,0.059871,0.0 
 07/21  15:40:00,34.0,19.668765982940926,32.77745707680243,19.668765982940926,0.0,11389.756628759693,32.77745707680243,0.0,0.0,0.059871,16.6,0.0,32.77569058145533,0.059871,0.059871,0.0,0.0,0.059871,0.0,0.0,0.0,0.059871,0.0,0.059871,0.0 
 07/21  15:41:00,34.0,19.667419208638123,32.77921756598869,19.667419208638123,0.0,11384.73114078458,32.77921756598869,0.0,0.0,0.059871,16.6,0.0,32.77745707680243,0.059871,0.059871,0.0,0.0,0.059871,0.0,0.0,0.0,0.059871,0.0,0.059871,0.0 
 07/21  15:42:00,34.0,19.666080426422326,32.780972044927175,19.666080426422326,0.0,11379.73549269995,32.780972044927175,0.0,0.0,0.059871,16.6,0.0,32.77921756598869,0.059871,0.059871,0.0,0.0,0.059871,0.0,0.0,0.0,0.059871,0.0,0.059871,0.0 
 07/21  15:43:00,34.0,19.66474884245466,32.78272058080498,19.66474884245466,0.0,11374.766737739577,32.78272058080498,0.0,0.0,0.059871,16.6,0.0,32.780972044927175,0.059871,0.059871,0.0,0.0,0.059871,0.0,0.0,0.0,0.059871,0.0,0.059871,0.0 
 07/21  15:44:00,34.0,19.66342515490836,32.784463162120716,19.66342515490836,0.0,11369.827466733741,32.784463162120716,0.0,0.0,0.059871,16.6,0.0,32.78272058080498,0.059871,0.059871,0.0,0.0,0.059871,0.0,0.0,0.0,0.059871,0.0,0.059871,0.0 
 07/21  15:45:00,34.0,19.662108579606105,32.786199827091465,19.662108579606105,0.0,11364.914768796076,32.786199827091465,0.0,0.0,0.059871,16.6,0.0,32.784463162120716,0.059871,0.059871,0.0,0.0,0.059871,0.0,0.0,0.0,0.059871,0.0,0.059871,0.0 
 07/21  15:46:00,34.0,19.660799806340666,32.787930600192105,19.660799806340666,0.0,11360.031203648323,32.787930600192105,0.0,0.0,0.059871,16.6,0.0,32.786199827091465,0.059871,0.059871,0.0,0.0,0.059871,0.0,0.0,0.0,0.059871,0.0,0.059871,0.0 
 07/21  15:47:00,34.0,19.659498061073904,32.78965551080268,19.659498061073904,0.0,11355.173879155791,32.78965551080268,0.0,0.0,0.059871,16.6,0.0,32.787930600192105,0.059871,0.059871,0.0,0.0,0.059871,0.0,0.0,0.0,0.059871,0.0,0.059871,0.0 
 07/21  15:48:00,34.0,19.658204025504723,32.79137455471553,19.658204025504723,0.0,11350.34534391476,32.79137455471553,0.0,0.0,0.059871,16.6,0.0,32.78965551080268,0.059871,0.059871,0.0,0.0,0.059871,0.0,0.0,0.0,0.059871,0.0,0.059871,0.0 
 07/21  15:49:00,34.0,19.656916933733623,32.79308779769255,19.656916933733623,0.0,11345.542754917124,32.79308779769255,0.0,0.0,0.059871,16.6,0.0,32.79137455471553,0.059871,0.059871,0.0,0.0,0.059871,0.0,0.0,0.0,0.059871,0.0,0.059871,0.0 
 07/21  15:50:00,34.0,19.655637458908874,32.79479522814281,19.655637458908874,0.0,11340.768610100422,32.79479522814281,0.0,0.0,0.059871,16.6,0.0,32.79308779769255,0.059871,0.059871,0.0,0.0,0.059871,0.0,0.0,0.0,0.059871,0.0,0.059871,0.0 
 07/21  15:51:00,34.0,19.654364845264137,32.79649688298137,19.654364845264137,0.0,11336.020085221999,32.79649688298137,0.0,0.0,0.059871,16.6,0.0,32.79479522814281,0.059871,0.059871,0.0,0.0,0.059871,0.0,0.0,0.0,0.059871,0.0,0.059871,0.0 
 07/21  15:52:00,34.0,19.653099758422616,32.79819278645723,19.653099758422616,0.0,11331.299669167893,32.79819278645723,0.0,0.0,0.059871,16.6,0.0,32.79649688298137,0.059871,0.059871,0.0,0.0,0.059871,0.0,0.0,0.0,0.059871,0.0,0.059871,0.0 
 07/21  15:53:00,34.0,19.65184145154113,32.799882966704686,19.65184145154113,0.0,11326.604570850595,32.799882966704686,0.0,0.0,0.059871,16.6,0.0,32.79819278645723,0.059871,0.059871,0.0,0.0,0.059871,0.0,0.0,0.0,0.059871,0.0,0.059871,0.0 
 07/21  15:54:00,34.0,19.650590582108336,32.80156741940396,19.650590582108336,0.0,11321.937248942795,32.80156741940396,0.0,0.0,0.059871,16.6,0.0,32.799882966704686,0.059871,0.059871,0.0,0.0,0.059871,0.0,0.0,0.0,0.059871,0.0,0.059871,0.0 
 07/21  15:55:00,34.0,19.649346412018815,32.803246208939946,19.649346412018815,0.0,11317.29494482338,32.803246208939946,0.0,0.0,0.059871,16.6,0.0,32.80156741940396,0.059871,0.059871,0.0,0.0,0.059871,0.0,0.0,0.0,0.059871,0.0,0.059871,0.0 
 07/21  15:56:00,34.0,19.648109590938972,32.804919323642096,19.648109590938972,0.0,11312.680088111225,32.804919323642096,0.0,0.0,0.059871,16.6,0.0,32.803246208939946,0.059871,0.059871,0.0,0.0,0.059871,0.0,0.0,0.0,0.059871,0.0,0.059871,0.0 
 07/21  15:57:00,34.0,19.64687938956761,32.806586799179264,19.64687938956761,0.0,11308.089952897477,32.806586799179264,0.0,0.0,0.059871,16.6,0.0,32.804919323642096,0.059871,0.059871,0.0,0.0,0.059871,0.0,0.0,0.0,0.059871,0.0,0.059871,0.0 
 07/21  15:58:00,34.0,19.645656450749755,32.808248659571596,19.645656450749755,0.0,11303.526924662598,32.808248659571596,0.0,0.0,0.059871,16.6,0.0,32.806586799179264,0.059871,0.059871,0.0,0.0,0.059871,0.0,0.0,0.0,0.059871,0.0,0.059871,0.0 
 07/21  15:59:00,34.0,19.644440054021615,32.80990493176437,19.644440054021615,0.0,11298.988329149834,32.80990493176437,0.0,0.0,0.059871,16.6,0.0,32.808248659571596,0.059871,0.059871,0.0,0.0,0.059871,0.0,0.0,0.0,0.059871,0.0,0.059871,0.0 
 07/21  16:00:00,34.0,19.643230833535608,32.811555611331755,19.643230833535608,0.0,11294.476538356106,32.811555611331755,0.0,0.0,0.059871,16.6,0.0,32.80990493176437,0.059871,0.059871,0.0,0.0,0.059871,0.0,0.0,0.0,0.059871,0.0,0.059871,0.0,88387200.0 
 07/21  16:01:00,34.0,19.64202807691151,32.813200761325795,19.64202807691151,0.0,11289.988889243428,32.813200761325795,0.0,0.0,0.059871,16.6,0.0,32.811555611331755,0.059871,0.059871,0.0,0.0,0.059871,0.0,0.0,0.0,0.059871,0.0,0.059871,0.0 
 07/21  16:02:00,34.0,19.640832411794445,32.8148403700051,19.640832411794445,0.0,11285.52771087183,32.8148403700051,0.0,0.0,0.059871,16.6,0.0,32.813200761325795,0.059871,0.059871,0.0,0.0,0.059871,0.0,0.0,0.0,0.059871,0.0,0.059871,0.0 
 07/21  16:03:00,34.0,19.639643134695838,32.81647447184531,19.639643134695838,0.0,11281.090392019923,32.81647447184531,0.0,0.0,0.059871,16.6,0.0,32.8148403700051,0.059871,0.059871,0.0,0.0,0.059871,0.0,0.0,0.0,0.059871,0.0,0.059871,0.0 
 07/21  16:04:00,34.0,19.63846086577445,32.81810309063601,19.63846086577445,0.0,11276.679233959485,32.81810309063601,0.0,0.0,0.059871,16.6,0.0,32.81647447184531,0.059871,0.059871,0.0,0.0,0.059871,0.0,0.0,0.0,0.059871,0.0,0.059871,0.0 
 07/21  16:05:00,34.0,19.637284909611537,32.819726252188445,19.637284909611537,0.0,11272.29165543541,32.819726252188445,0.0,0.0,0.059871,16.6,0.0,32.81810309063601,0.059871,0.059871,0.0,0.0,0.059871,0.0,0.0,0.0,0.059871,0.0,0.059871,0.0 
 07/21  16:06:00,34.0,19.636115878913717,32.82134395197807,19.636115878913717,0.0,11267.929930058457,32.82134395197807,0.0,0.0,0.059871,16.6,0.0,32.819726252188445,0.059871,0.059871,0.0,0.0,0.059871,0.0,0.0,0.0,0.059871,0.0,0.059871,0.0 
 07/21  16:07:00,34.0,19.63495308642947,32.82295625176716,19.63495308642947,0.0,11263.59150690087,32.82295625176716,0.0,0.0,0.059871,16.6,0.0,32.82134395197807,0.059871,0.059871,0.0,0.0,0.059871,0.0,0.0,0.0,0.059871,0.0,0.059871,0.0 
 07/21  16:08:00,34.0,19.633797137690358,32.82456313975271,19.633797137690358,0.0,11259.278632940946,32.82456313975271,0.0,0.0,0.059871,16.6,0.0,32.82295625176716,0.059871,0.059871,0.0,0.0,0.059871,0.0,0.0,0.0,0.059871,0.0,0.059871,0.0 
 07/21  16:09:00,34.0,19.632647353586073,32.82616464926761,19.632647353586073,0.0,11254.988787481288,32.82616464926761,0.0,0.0,0.059871,16.6,0.0,32.82456313975271,0.059871,0.059871,0.0,0.0,0.059871,0.0,0.0,0.0,0.059871,0.0,0.059871,0.0 
 07/21  16:10:00,34.0,19.63150433339113,32.82776080386907,19.63150433339113,0.0,11250.724175577885,32.82776080386907,0.0,0.0,0.059871,16.6,0.0,32.82616464926761,0.059871,0.059871,0.0,0.0,0.059871,0.0,0.0,0.0,0.059871,0.0,0.059871,0.0 
 07/21  16:11:00,34.0,19.63036740534508,32.82935162828571,19.63036740534508,0.0,11246.482341228684,32.82935162828571,0.0,0.0,0.059871,16.6,0.0,32.82776080386907,0.059871,0.059871,0.0,0.0,0.059871,0.0,0.0,0.0,0.059871,0.0,0.059871,0.0 
 07/21  16:12:00,34.0,19.629237161273043,32.830937117900476,19.629237161273043,0.0,11242.265443150627,32.830937117900476,0.0,0.0,0.059871,16.6,0.0,32.82935162828571,0.059871,0.059871,0.0,0.0,0.059871,0.0,0.0,0.0,0.059871,0.0,0.059871,0.0 
 07/21  16:13:00,34.0,19.62811293893068,32.83251733322591,19.62811293893068,0.0,11238.071023295752,32.83251733322591,0.0,0.0,0.059871,16.6,0.0,32.830937117900476,0.059871,0.059871,0.0,0.0,0.059871,0.0,0.0,0.0,0.059871,0.0,0.059871,0.0 
 07/21  16:14:00,34.0,19.626995322050323,32.83409226240572,19.626995322050323,0.0,11233.901285082284,32.83409226240572,0.0,0.0,0.059871,16.6,0.0,32.83251733322591,0.059871,0.059871,0.0,0.0,0.059871,0.0,0.0,0.0,0.059871,0.0,0.059871,0.0 
 07/21  16:15:00,34.0,19.62588365541501,32.8356619376776,19.62588365541501,0.0,11229.75375919597,32.8356619376776,0.0,0.0,0.059871,16.6,0.0,32.83409226240572,0.059871,0.059871,0.0,0.0,0.059871,0.0,0.0,0.0,0.059871,0.0,0.059871,0.0 
 07/21  16:16:00,34.0,19.62477851757965,32.83722638236491,19.62477851757965,0.0,11225.6305925081,32.83722638236491,0.0,0.0,0.059871,16.6,0.0,32.8356619376776,0.059871,0.059871,0.0,0.0,0.059871,0.0,0.0,0.0,0.059871,0.0,0.059871,0.0 
 07/21  16:17:00,34.0,19.623679260824716,32.83878562016269,19.623679260824716,0.0,11221.529399544983,32.83878562016269,0.0,0.0,0.059871,16.6,0.0,32.83722638236491,0.059871,0.059871,0.0,0.0,0.059871,0.0,0.0,0.0,0.059871,0.0,0.059871,0.0 
 07/21  16:18:00,34.0,19.62258645564945,32.84033964636786,19.62258645564945,0.0,11217.452297254164,32.84033964636786,0.0,0.0,0.059871,16.6,0.0,32.83878562016269,0.059871,0.059871,0.0,0.0,0.059871,0.0,0.0,0.0,0.059871,0.0,0.059871,0.0 
 07/21  16:19:00,34.0,19.621499462359058,32.84188852028174,19.621499462359058,0.0,11213.396892668788,32.84188852028174,0.0,0.0,0.059871,16.6,0.0,32.84033964636786,0.059871,0.059871,0.0,0.0,0.059871,0.0,0.0,0.0,0.059871,0.0,0.059871,0.0 
 07/21  16:20:00,34.0,19.620418846063956,32.843432230003266,19.620418846063956,0.0,11209.36528275783,32.843432230003266,0.0,0.0,0.059871,16.6,0.0,32.84188852028174,0.059871,0.059871,0.0,0.0,0.059871,0.0,0.0,0.0,0.059871,0.0,0.059871,0.0 
 07/21  16:21:00,34.0,19.619343974001474,32.84497080672057,19.619343974001474,0.0,11205.355137551946,32.84497080672057,0.0,0.0,0.059871,16.6,0.0,32.843432230003266,0.059871,0.059871,0.0,0.0,0.059871,0.0,0.0,0.0,0.059871,0.0,0.059871,0.0 
 07/21  16:22:00,34.0,19.61827540416433,32.84650427352248,19.61827540416433,0.0,11201.36850897702,32.84650427352248,0.0,0.0,0.059871,16.6,0.0,32.84497080672057,0.059871,0.059871,0.0,0.0,0.059871,0.0,0.0,0.0,0.059871,0.0,0.059871,0.0 
 07/21  16:23:00,34.0,19.61721251187404,32.84803265311768,19.61721251187404,0.0,11197.403078470015,32.84803265311768,0.0,0.0,0.059871,16.6,0.0,32.84650427352248,0.059871,0.059871,0.0,0.0,0.059871,0.0,0.0,0.0,0.059871,0.0,0.059871,0.0 
 07/21  16:24:00,34.0,19.61615584807311,32.84955594072416,19.61615584807311,0.0,11193.460908999496,32.84955594072416,0.0,0.0,0.059871,16.6,0.0,32.84803265311768,0.059871,0.059871,0.0,0.0,0.059871,0.0,0.0,0.0,0.059871,0.0,0.059871,0.0 
 07/21  16:25:00,34.0,19.615104795064546,32.85107419446963,19.615104795064546,0.0,11189.53968932382,32.85107419446963,0.0,0.0,0.059871,16.6,0.0,32.84955594072416,0.059871,0.059871,0.0,0.0,0.059871,0.0,0.0,0.0,0.059871,0.0,0.059871,0.0 
 07/21  16:26:00,34.0,19.61405989824588,32.85258740241746,19.61405989824588,0.0,11185.641443244218,32.85258740241746,0.0,0.0,0.059871,16.6,0.0,32.85107419446963,0.059871,0.059871,0.0,0.0,0.059871,0.0,0.0,0.0,0.059871,0.0,0.059871,0.0 
 07/21  16:27:00,34.0,19.613020547454816,32.85409559475053,19.613020547454816,0.0,11181.763906095526,32.85409559475053,0.0,0.0,0.059871,16.6,0.0,32.85258740241746,0.059871,0.059871,0.0,0.0,0.059871,0.0,0.0,0.0,0.059871,0.0,0.059871,0.0 
 07/21  16:28:00,34.0,19.611987281585552,32.855598794323484,19.611987281585552,0.0,11177.909077541044,32.855598794323484,0.0,0.0,0.059871,16.6,0.0,32.85409559475053,0.059871,0.059871,0.0,0.0,0.059871,0.0,0.0,0.0,0.059871,0.0,0.059871,0.0 
 07/21  16:29:00,34.0,19.610959496509572,32.857097022903766,19.610959496509572,0.0,11174.074733868696,32.857097022903766,0.0,0.0,0.059871,16.6,0.0,32.855598794323484,0.059871,0.059871,0.0,0.0,0.059871,0.0,0.0,0.0,0.059871,0.0,0.059871,0.0 
 07/21  16:30:00,34.0,19.609937725373946,32.85859027563725,19.609937725373946,0.0,11170.262816306262,32.85859027563725,0.0,0.0,0.059871,16.6,0.0,32.857097022903766,0.059871,0.059871,0.0,0.0,0.059871,0.0,0.0,0.0,0.059871,0.0,0.059871,0.0 
 07/21  16:31:00,34.0,19.6089213714865,32.860078609513224,19.6089213714865,0.0,11166.471147292295,32.860078609513224,0.0,0.0,0.059871,16.6,0.0,32.85859027563725,0.059871,0.059871,0.0,0.0,0.059871,0.0,0.0,0.0,0.059871,0.0,0.059871,0.0 
 07/21  16:32:00,34.0,19.60791096186062,32.861562012567404,19.60791096186062,0.0,11162.701645318306,32.861562012567404,0.0,0.0,0.059871,16.6,0.0,32.860078609513224,0.059871,0.059871,0.0,0.0,0.059871,0.0,0.0,0.0,0.059871,0.0,0.059871,0.0 
 07/21  16:33:00,34.0,19.60690590742078,32.86304051401831,19.60690590742078,0.0,11158.952142552665,32.86304051401831,0.0,0.0,0.059871,16.6,0.0,32.861562012567404,0.059871,0.059871,0.0,0.0,0.059871,0.0,0.0,0.0,0.059871,0.0,0.059871,0.0 
 07/21  16:34:00,34.0,19.605906728305605,32.86451413648571,19.605906728305605,0.0,11155.224569045658,32.86451413648571,0.0,0.0,0.059871,16.6,0.0,32.86304051401831,0.059871,0.059871,0.0,0.0,0.059871,0.0,0.0,0.0,0.059871,0.0,0.059871,0.0 
 07/21  16:35:00,34.0,19.60491284098158,32.865982900837814,19.60491284098158,0.0,11151.516777508095,32.865982900837814,0.0,0.0,0.059871,16.6,0.0,32.86451413648571,0.059871,0.059871,0.0,0.0,0.059871,0.0,0.0,0.0,0.059871,0.0,0.059871,0.0 
 07/21  16:36:00,34.0,19.60392476021519,32.867446802154355,19.60392476021519,0.0,11147.830641034589,32.867446802154355,0.0,0.0,0.059871,16.6,0.0,32.865982900837814,0.059871,0.059871,0.0,0.0,0.059871,0.0,0.0,0.0,0.059871,0.0,0.059871,0.0 
 07/21  16:37:00,34.0,19.602941910672058,32.86890589631958,19.602941910672058,0.0,11144.16404278241,32.86890589631958,0.0,0.0,0.059871,16.6,0.0,32.867446802154355,0.059871,0.059871,0.0,0.0,0.059871,0.0,0.0,0.0,0.059871,0.0,0.059871,0.0 
 07/21  16:38:00,34.0,19.601964801490322,32.87036017134936,19.601964801490322,0.0,11140.51885348933,32.87036017134936,0.0,0.0,0.059871,16.6,0.0,32.86890589631958,0.059871,0.059871,0.0,0.0,0.059871,0.0,0.0,0.0,0.059871,0.0,0.059871,0.0 
 07/21  16:39:00,34.0,19.60099286361725,32.871809655537156,19.60099286361725,0.0,11136.892979621161,32.871809655537156,0.0,0.0,0.059871,16.6,0.0,32.87036017134936,0.059871,0.059871,0.0,0.0,0.059871,0.0,0.0,0.0,0.059871,0.0,0.059871,0.0 
 07/21  16:40:00,34.0,19.600026599064027,32.873254371267805,19.600026599064027,0.0,11133.288283947728,32.873254371267805,0.0,0.0,0.059871,16.6,0.0,32.871809655537156,0.059871,0.059871,0.0,0.0,0.059871,0.0,0.0,0.0,0.059871,0.0,0.059871,0.0 
 07/21  16:41:00,34.0,19.59906544498767,32.87469433855035,19.59906544498767,0.0,11129.702677493206,32.87469433855035,0.0,0.0,0.059871,16.6,0.0,32.873254371267805,0.059871,0.059871,0.0,0.0,0.059871,0.0,0.0,0.0,0.059871,0.0,0.059871,0.0 
 07/21  16:42:00,34.0,19.598109898663086,32.87612955240411,19.598109898663086,0.0,11126.137986992862,32.87612955240411,0.0,0.0,0.059871,16.6,0.0,32.87469433855035,0.059871,0.059871,0.0,0.0,0.059871,0.0,0.0,0.0,0.059871,0.0,0.059871,0.0 
 07/21  16:43:00,34.0,19.597159404259752,32.877560067639656,19.597159404259752,0.0,11122.592167974595,32.877560067639656,0.0,0.0,0.059871,16.6,0.0,32.87612955240411,0.059871,0.059871,0.0,0.0,0.059871,0.0,0.0,0.0,0.059871,0.0,0.059871,0.0 
 07/21  16:44:00,34.0,19.596214452428036,32.878985872259925,19.596214452428036,0.0,11119.067041042694,32.878985872259925,0.0,0.0,0.059871,16.6,0.0,32.877560067639656,0.059871,0.059871,0.0,0.0,0.059871,0.0,0.0,0.0,0.059871,0.0,0.059871,0.0 
 07/21  16:45:00,34.0,19.59527449416745,32.8804069936699,19.59527449416745,0.0,11115.560550177843,32.8804069936699,0.0,0.0,0.059871,16.6,0.0,32.878985872259925,0.059871,0.059871,0.0,0.0,0.059871,0.0,0.0,0.0,0.059871,0.0,0.059871,0.0 
 07/21  16:46:00,34.0,19.594340015551634,32.8818234540191,19.594340015551634,0.0,11112.074499017923,32.8818234540191,0.0,0.0,0.059871,16.6,0.0,32.8804069936699,0.059871,0.059871,0.0,0.0,0.059871,0.0,0.0,0.0,0.059871,0.0,0.059871,0.0 
 07/21  16:47:00,34.0,19.593410473230584,32.88323527249519,19.593410473230584,0.0,11108.60688939971,32.88323527249519,0.0,0.0,0.059871,16.6,0.0,32.8818234540191,0.059871,0.059871,0.0,0.0,0.059871,0.0,0.0,0.0,0.059871,0.0,0.059871,0.0 
 07/21  16:48:00,34.0,19.59248634709239,32.8846424440628,19.59248634709239,0.0,11105.159483568832,32.8846424440628,0.0,0.0,0.059871,16.6,0.0,32.88323527249519,0.059871,0.059871,0.0,0.0,0.059871,0.0,0.0,0.0,0.059871,0.0,0.059871,0.0 
 07/21  16:49:00,34.0,19.59156709991928,32.886045022489434,19.59156709991928,0.0,11101.730306115478,32.886045022489434,0.0,0.0,0.059871,16.6,0.0,32.8846424440628,0.059871,0.059871,0.0,0.0,0.059871,0.0,0.0,0.0,0.059871,0.0,0.059871,0.0 
 07/21  16:50:00,34.0,19.590653205393334,32.88744299577274,19.590653205393334,0.0,11098.321114667324,32.88744299577274,0.0,0.0,0.059871,16.6,0.0,32.886045022489434,0.059871,0.059871,0.0,0.0,0.059871,0.0,0.0,0.0,0.059871,0.0,0.059871,0.0 
 07/21  16:51:00,34.0,19.589744134088825,32.88883639046547,19.589744134088825,0.0,11094.9299075224,32.88883639046547,0.0,0.0,0.059871,16.6,0.0,32.88744299577274,0.059871,0.059871,0.0,0.0,0.059871,0.0,0.0,0.0,0.059871,0.0,0.059871,0.0 
 07/21  16:52:00,34.0,19.588840354905756,32.89022522848299,19.588840354905756,0.0,11091.558461376393,32.89022522848299,0.0,0.0,0.059871,16.6,0.0,32.88883639046547,0.059871,0.059871,0.0,0.0,0.059871,0.0,0.0,0.0,0.059871,0.0,0.059871,0.0 
 07/21  16:53:00,34.0,19.58794134346871,32.89160952822887,19.58794134346871,0.0,11088.204811686683,32.89160952822887,0.0,0.0,0.059871,16.6,0.0,32.89022522848299,0.059871,0.059871,0.0,0.0,0.059871,0.0,0.0,0.0,0.059871,0.0,0.059871,0.0 
 07/21  16:54:00,34.0,19.587047562671334,32.89298928461965,19.587047562671334,0.0,11084.870694435931,32.89298928461965,0.0,0.0,0.059871,16.6,0.0,32.89160952822887,0.059871,0.059871,0.0,0.0,0.059871,0.0,0.0,0.0,0.059871,0.0,0.059871,0.0 
 07/21  16:55:00,34.0,19.58615849497426,32.8943645504096,19.58615849497426,0.0,11081.554152103108,32.8943645504096,0.0,0.0,0.059871,16.6,0.0,32.89298928461965,0.059871,0.059871,0.0,0.0,0.059871,0.0,0.0,0.0,0.059871,0.0,0.059871,0.0 
 07/21  16:56:00,34.0,19.585274598324673,32.89573531359872,19.585274598324673,0.0,11078.256920681642,32.89573531359872,0.0,0.0,0.059871,16.6,0.0,32.8943645504096,0.059871,0.059871,0.0,0.0,0.059871,0.0,0.0,0.0,0.059871,0.0,0.059871,0.0 
 07/21  16:57:00,34.0,19.58439536022357,32.897101599921754,19.58439536022357,0.0,11074.977079746346,32.897101599921754,0.0,0.0,0.059871,16.6,0.0,32.89573531359872,0.059871,0.059871,0.0,0.0,0.059871,0.0,0.0,0.0,0.059871,0.0,0.059871,0.0 
 07/21  16:58:00,34.0,19.58352123377441,32.89846343106063,19.58352123377441,0.0,11071.716310568605,32.89846343106063,0.0,0.0,0.059871,16.6,0.0,32.897101599921754,0.059871,0.059871,0.0,0.0,0.059871,0.0,0.0,0.0,0.059871,0.0,0.059871,0.0 
 07/21  16:59:00,34.0,19.582651711852485,32.89982082466946,19.582651711852485,0.0,11068.472749395469,32.89982082466946,0.0,0.0,0.059871,16.6,0.0,32.89846343106063,0.059871,0.059871,0.0,0.0,0.059871,0.0,0.0,0.0,0.059871,0.0,0.059871,0.0 
 07/21  17:00:00,34.0,19.581787243003273,32.901173775621984,19.581787243003273,0.0,11065.248023887529,32.901173775621984,0.0,0.0,0.059871,16.6,0.0,32.89982082466946,0.059871,0.059871,0.0,0.0,0.059871,0.0,0.0,0.0,0.059871,0.0,0.059871,0.0,88387200.0 
 07/21  17:01:00,34.0,19.580927326225414,32.90252233568648,19.580927326225414,0.0,11062.040311361674,32.90252233568648,0.0,0.0,0.059871,16.6,0.0,32.901173775621984,0.059871,0.059871,0.0,0.0,0.059871,0.0,0.0,0.0,0.059871,0.0,0.059871,0.0 
 07/21  17:02:00,34.0,19.580072404853258,32.903866492871224,19.580072404853258,0.0,11058.851220163133,32.903866492871224,0.0,0.0,0.059871,16.6,0.0,32.90252233568648,0.059871,0.059871,0.0,0.0,0.059871,0.0,0.0,0.0,0.059871,0.0,0.059871,0.0 
 07/21  17:03:00,34.0,19.579221983437456,32.90520627212407,19.579221983437456,0.0,11055.67894819564,32.90520627212407,0.0,0.0,0.059871,16.6,0.0,32.903866492871224,0.059871,0.059871,0.0,0.0,0.059871,0.0,0.0,0.0,0.059871,0.0,0.059871,0.0 
 07/21  17:04:00,34.0,19.578376500118594,32.90654169489283,19.578376500118594,0.0,11052.525084553281,32.90654169489283,0.0,0.0,0.059871,16.6,0.0,32.90520627212407,0.059871,0.059871,0.0,0.0,0.059871,0.0,0.0,0.0,0.059871,0.0,0.059871,0.0 
 07/21  17:05:00,34.0,19.5775354658751,32.90787277811346,19.5775354658751,0.0,11049.3878326695,32.90787277811346,0.0,0.0,0.059871,16.6,0.0,32.90654169489283,0.059871,0.059871,0.0,0.0,0.059871,0.0,0.0,0.0,0.059871,0.0,0.059871,0.0 
 07/21  17:06:00,34.0,19.57669931318844,32.90919951662041,19.57669931318844,0.0,11046.268797280449,32.90919951662041,0.0,0.0,0.059871,16.6,0.0,32.90787277811346,0.059871,0.059871,0.0,0.0,0.059871,0.0,0.0,0.0,0.059871,0.0,0.059871,0.0 
 07/21  17:07:00,34.0,19.575867557409804,32.91052196122062,19.575867557409804,0.0,11043.166198024359,32.91052196122062,0.0,0.0,0.059871,16.6,0.0,32.90919951662041,0.059871,0.059871,0.0,0.0,0.059871,0.0,0.0,0.0,0.059871,0.0,0.059871,0.0 
 07/21  17:08:00,34.0,19.575040627524473,32.91184009993521,19.575040627524473,0.0,11040.081571776245,32.91184009993521,0.0,0.0,0.059871,16.6,0.0,32.91052196122062,0.059871,0.059871,0.0,0.0,0.059871,0.0,0.0,0.0,0.059871,0.0,0.059871,0.0 
 07/21  17:09:00,34.0,19.57421804517135,32.91315395695411,19.57421804517135,0.0,11037.013198105502,32.91315395695411,0.0,0.0,0.059871,16.6,0.0,32.91184009993521,0.059871,0.059871,0.0,0.0,0.059871,0.0,0.0,0.0,0.059871,0.0,0.059871,0.0 
 07/21  17:10:00,34.0,19.57340023271217,32.914463553490386,19.57340023271217,0.0,11033.962625896169,32.914463553490386,0.0,0.0,0.059871,16.6,0.0,32.91315395695411,0.059871,0.059871,0.0,0.0,0.059871,0.0,0.0,0.0,0.059871,0.0,0.059871,0.0 
 07/21  17:11:00,34.0,19.57258671814914,32.9157689057921,19.57258671814914,0.0,11030.928085182331,32.9157689057921,0.0,0.0,0.059871,16.6,0.0,32.914463553490386,0.059871,0.059871,0.0,0.0,0.059871,0.0,0.0,0.0,0.059871,0.0,0.059871,0.0 
 07/21  17:12:00,34.0,19.571777919621876,32.9170700086589,19.571777919621876,0.0,11027.911145756592,32.9170700086589,0.0,0.0,0.059871,16.6,0.0,32.9157689057921,0.059871,0.059871,0.0,0.0,0.059871,0.0,0.0,0.0,0.059871,0.0,0.059871,0.0 
 07/21  17:13:00,34.0,19.57097336967941,32.91836691196155,19.57097336967941,0.0,11024.910072804778,32.91836691196155,0.0,0.0,0.059871,16.6,0.0,32.9170700086589,0.059871,0.059871,0.0,0.0,0.059871,0.0,0.0,0.0,0.059871,0.0,0.059871,0.0 
 07/21  17:14:00,34.0,19.5701734820482,32.91965960374028,19.5701734820482,0.0,11021.926383203776,32.91965960374028,0.0,0.0,0.059871,16.6,0.0,32.91836691196155,0.059871,0.059871,0.0,0.0,0.059871,0.0,0.0,0.0,0.059871,0.0,0.059871,0.0 
 07/21  17:15:00,34.0,19.569377794031634,32.920948107456724,19.569377794031634,0.0,11018.958396303588,32.920948107456724,0.0,0.0,0.059871,16.6,0.0,32.91965960374028,0.059871,0.059871,0.0,0.0,0.059871,0.0,0.0,0.0,0.059871,0.0,0.059871,0.0 
 07/21  17:16:00,34.0,19.568586715234154,32.922232444090746,19.568586715234154,0.0,11016.00757719221,32.922232444090746,0.0,0.0,0.059871,16.6,0.0,32.920948107456724,0.059871,0.059871,0.0,0.0,0.059871,0.0,0.0,0.0,0.059871,0.0,0.059871,0.0 
 07/21  17:17:00,34.0,19.567799788521718,32.92351262923308,19.567799788521718,0.0,11013.072284099948,32.92351262923308,0.0,0.0,0.059871,16.6,0.0,32.922232444090746,0.059871,0.059871,0.0,0.0,0.059871,0.0,0.0,0.0,0.059871,0.0,0.059871,0.0 
 07/21  17:18:00,34.0,19.567017417966483,32.9247886576543,19.567017417966483,0.0,11010.15397984895,32.9247886576543,0.0,0.0,0.059871,16.6,0.0,32.92351262923308,0.059871,0.059871,0.0,0.0,0.059871,0.0,0.0,0.0,0.059871,0.0,0.059871,0.0 
 07/21  17:19:00,34.0,19.566239152901925,32.92606057831394,19.566239152901925,0.0,11007.250991948595,32.92606057831394,0.0,0.0,0.059871,16.6,0.0,32.9247886576543,0.059871,0.059871,0.0,0.0,0.059871,0.0,0.0,0.0,0.059871,0.0,0.059871,0.0 
 07/21  17:20:00,34.0,19.565465392466034,32.92732837927778,19.565465392466034,0.0,11004.364819625971,32.92732837927778,0.0,0.0,0.059871,16.6,0.0,32.92606057831394,0.059871,0.059871,0.0,0.0,0.059871,0.0,0.0,0.0,0.059871,0.0,0.059871,0.0 
 07/21  17:21:00,34.0,19.56469568987411,32.92859208330733,19.56469568987411,0.0,11001.493804785354,32.92859208330733,0.0,0.0,0.059871,16.6,0.0,32.92732837927778,0.059871,0.059871,0.0,0.0,0.059871,0.0,0.0,0.0,0.059871,0.0,0.059871,0.0 
 07/21  17:22:00,34.0,19.563930440206306,32.9298517111503,19.563930440206306,0.0,10998.639395148297,32.9298517111503,0.0,0.0,0.059871,16.6,0.0,32.92859208330733,0.059871,0.059871,0.0,0.0,0.059871,0.0,0.0,0.0,0.059871,0.0,0.059871,0.0 
 07/21  17:23:00,34.0,19.563169203037898,32.931107277768305,19.563169203037898,0.0,10995.799956243205,32.931107277768305,0.0,0.0,0.059871,16.6,0.0,32.9298517111503,0.059871,0.059871,0.0,0.0,0.059871,0.0,0.0,0.0,0.059871,0.0,0.059871,0.0 
 07/21  17:24:00,34.0,19.562412368415703,32.93235877790708,19.562412368415703,0.0,10992.976953535941,32.93235877790708,0.0,0.0,0.059871,16.6,0.0,32.931107277768305,0.059871,0.059871,0.0,0.0,0.059871,0.0,0.0,0.0,0.059871,0.0,0.059871,0.0 
 07/21  17:25:00,34.0,19.56165949960145,32.933606259637536,19.56165949960145,0.0,10990.168766224848,32.933606259637536,0.0,0.0,0.059871,16.6,0.0,32.93235877790708,0.059871,0.059871,0.0,0.0,0.059871,0.0,0.0,0.0,0.059871,0.0,0.059871,0.0 
 07/21  17:26:00,34.0,19.560910983524494,32.93484971105577,19.560910983524494,0.0,10987.376793616613,32.93484971105577,0.0,0.0,0.059871,16.6,0.0,32.933606259637536,0.059871,0.059871,0.0,0.0,0.059871,0.0,0.0,0.0,0.059871,0.0,0.059871,0.0 
 07/21  17:27:00,34.0,19.560166389091368,32.93608915424886,19.560166389091368,0.0,10984.599472259328,32.93608915424886,0.0,0.0,0.059871,16.6,0.0,32.93484971105577,0.059871,0.059871,0.0,0.0,0.059871,0.0,0.0,0.0,0.059871,0.0,0.059871,0.0 
 07/21  17:28:00,34.0,19.559426097103874,32.93732460973271,19.559426097103874,0.0,10981.83821509475,32.93732460973271,0.0,0.0,0.059871,16.6,0.0,32.93608915424886,0.059871,0.059871,0.0,0.0,0.059871,0.0,0.0,0.0,0.059871,0.0,0.059871,0.0 
 07/21  17:29:00,34.0,19.558689682261214,32.938556091866126,19.558689682261214,0.0,10979.091407433676,32.938556091866126,0.0,0.0,0.059871,16.6,0.0,32.93732460973271,0.059871,0.059871,0.0,0.0,0.059871,0.0,0.0,0.0,0.059871,0.0,0.059871,0.0 
 07/21  17:30:00,34.0,19.55795752163817,32.93978359537404,19.55795752163817,0.0,10976.360484750285,32.93978359537404,0.0,0.0,0.059871,16.6,0.0,32.938556091866126,0.059871,0.059871,0.0,0.0,0.059871,0.0,0.0,0.0,0.059871,0.0,0.059871,0.0 
 07/21  17:31:00,34.0,19.55722919392481,32.941007167460604,19.55722919392481,0.0,10973.643865352833,32.941007167460604,0.0,0.0,0.059871,16.6,0.0,32.93978359537404,0.059871,0.059871,0.0,0.0,0.059871,0.0,0.0,0.0,0.059871,0.0,0.059871,0.0 
 07/21  17:32:00,34.0,19.556505071475872,32.94222679625727,19.556505071475872,0.0,10970.942949006352,32.94222679625727,0.0,0.0,0.059871,16.6,0.0,32.941007167460604,0.059871,0.059871,0.0,0.0,0.059871,0.0,0.0,0.0,0.059871,0.0,0.059871,0.0 
 07/21  17:33:00,34.0,19.555784738628812,32.943442503201744,19.555784738628812,0.0,10968.256156841417,32.943442503201744,0.0,0.0,0.059871,16.6,0.0,32.94222679625727,0.059871,0.059871,0.0,0.0,0.059871,0.0,0.0,0.0,0.059871,0.0,0.059871,0.0 
 07/21  17:34:00,34.0,19.55506856388631,32.94465430857904,19.55506856388631,0.0,10965.584892477955,32.94465430857904,0.0,0.0,0.059871,16.6,0.0,32.943442503201744,0.059871,0.059871,0.0,0.0,0.059871,0.0,0.0,0.0,0.059871,0.0,0.059871,0.0 
 07/21  17:35:00,34.0,19.55435613538795,32.94586222617072,19.55435613538795,0.0,10962.927609322174,32.94586222617072,0.0,0.0,0.059871,16.6,0.0,32.94465430857904,0.059871,0.059871,0.0,0.0,0.059871,0.0,0.0,0.0,0.059871,0.0,0.059871,0.0 
 07/21  17:36:00,34.0,19.553647817852028,32.94706625068513,19.553647817852028,0.0,10960.285660643334,32.94706625068513,0.0,0.0,0.059871,16.6,0.0,32.94586222617072,0.059871,0.059871,0.0,0.0,0.059871,0.0,0.0,0.0,0.059871,0.0,0.059871,0.0 
 07/21  17:37:00,34.0,19.552943204362826,32.94826642848091,19.552943204362826,0.0,10957.657536357616,32.94826642848091,0.0,0.0,0.059871,16.6,0.0,32.94706625068513,0.059871,0.059871,0.0,0.0,0.059871,0.0,0.0,0.0,0.059871,0.0,0.059871,0.0 
 07/21  17:38:00,34.0,19.55224265547749,32.949462747729996,19.55224265547749,0.0,10955.044574291778,32.949462747729996,0.0,0.0,0.059871,16.6,0.0,32.94826642848091,0.059871,0.059871,0.0,0.0,0.059871,0.0,0.0,0.0,0.059871,0.0,0.059871,0.0 
 07/21  17:39:00,34.0,19.5515457679568,32.950655229244916,19.5515457679568,0.0,10952.445296130272,32.950655229244916,0.0,0.0,0.059871,16.6,0.0,32.949462747729996,0.059871,0.059871,0.0,0.0,0.059871,0.0,0.0,0.0,0.059871,0.0,0.059871,0.0 
 07/21  17:40:00,34.0,19.550852898819848,32.95184389308126,19.550852898819848,0.0,10949.860990324505,32.95184389308126,0.0,0.0,0.059871,16.6,0.0,32.950655229244916,0.059871,0.059871,0.0,0.0,0.059871,0.0,0.0,0.0,0.059871,0.0,0.059871,0.0 
 07/21  17:41:00,34.0,19.550163649789543,32.9530287524681,19.550163649789543,0.0,10947.29021509274,32.9530287524681,0.0,0.0,0.059871,16.6,0.0,32.95184389308126,0.059871,0.059871,0.0,0.0,0.059871,0.0,0.0,0.0,0.059871,0.0,0.059871,0.0 
 07/21  17:42:00,34.0,19.549478373877857,32.95420980210154,19.549478373877857,0.0,10944.734244035557,32.95420980210154,0.0,0.0,0.059871,16.6,0.0,32.9530287524681,0.059871,0.059871,0.0,0.0,0.059871,0.0,0.0,0.0,0.059871,0.0,0.059871,0.0 
 07/21  17:43:00,34.0,19.548796677964077,32.95538708751522,19.548796677964077,0.0,10942.191636390407,32.95538708751522,0.0,0.0,0.059871,16.6,0.0,32.95420980210154,0.059871,0.059871,0.0,0.0,0.059871,0.0,0.0,0.0,0.059871,0.0,0.059871,0.0 
 07/21  17:44:00,34.0,19.54811890951702,32.95656059692624,19.54811890951702,0.0,10939.663699508019,32.95656059692624,0.0,0.0,0.059871,16.6,0.0,32.95538708751522,0.059871,0.059871,0.0,0.0,0.059871,0.0,0.0,0.0,0.059871,0.0,0.059871,0.0 
 07/21  17:45:00,34.0,19.547444680021105,32.95773035054466,19.547444680021105,0.0,10937.148955408717,32.95773035054466,0.0,0.0,0.059871,16.6,0.0,32.95656059692624,0.059871,0.059871,0.0,0.0,0.059871,0.0,0.0,0.0,0.059871,0.0,0.059871,0.0 
 07/21  17:46:00,34.0,19.54677433421357,32.95889636819732,19.54677433421357,0.0,10934.648701310662,32.95889636819732,0.0,0.0,0.059871,16.6,0.0,32.95773035054466,0.059871,0.059871,0.0,0.0,0.059871,0.0,0.0,0.0,0.059871,0.0,0.059871,0.0 
 07/21  17:47:00,34.0,19.546107487513527,32.960058662583386,19.546107487513527,0.0,10932.161510035581,32.960058662583386,0.0,0.0,0.059871,16.6,0.0,32.95889636819732,0.059871,0.059871,0.0,0.0,0.059871,0.0,0.0,0.0,0.059871,0.0,0.059871,0.0 
 07/21  17:48:00,34.0,19.54544448031414,32.96121722838964,19.54544448031414,0.0,10929.68864458051,32.96121722838964,0.0,0.0,0.059871,16.6,0.0,32.960058662583386,0.059871,0.059871,0.0,0.0,0.059871,0.0,0.0,0.0,0.059871,0.0,0.059871,0.0 
 07/21  17:49:00,34.0,19.544784933077242,32.96237211034327,19.544784933077242,0.0,10927.22867841279,32.96237211034327,0.0,0.0,0.059871,16.6,0.0,32.96121722838964,0.059871,0.059871,0.0,0.0,0.059871,0.0,0.0,0.0,0.059871,0.0,0.059871,0.0 
 07/21  17:50:00,34.0,19.544129181806298,32.96352329670986,19.544129181806298,0.0,10924.78289438709,32.96352329670986,0.0,0.0,0.059871,16.6,0.0,32.96237211034327,0.059871,0.059871,0.0,0.0,0.059871,0.0,0.0,0.0,0.059871,0.0,0.059871,0.0 
 07/21  17:51:00,34.0,19.543476850930617,32.96467080711772,19.543476850930617,0.0,10922.34986263099,32.96467080711772,0.0,0.0,0.059871,16.6,0.0,32.96352329670986,0.059871,0.059871,0.0,0.0,0.059871,0.0,0.0,0.0,0.059871,0.0,0.059871,0.0 
 07/21  17:52:00,34.0,19.542828273480602,32.965814661165105,19.542828273480602,0.0,10919.93083688958,32.965814661165105,0.0,0.0,0.059871,16.6,0.0,32.96467080711772,0.059871,0.059871,0.0,0.0,0.059871,0.0,0.0,0.0,0.059871,0.0,0.059871,0.0 
 07/21  17:53:00,34.0,19.54218307764857,32.96695487104243,19.54218307764857,0.0,10917.524437396947,32.96695487104243,0.0,0.0,0.059871,16.6,0.0,32.965814661165105,0.059871,0.059871,0.0,0.0,0.059871,0.0,0.0,0.0,0.059871,0.0,0.059871,0.0 
 07/21  17:54:00,34.0,19.541541592396992,32.9680914314301,19.541541592396992,0.0,10915.131884730727,32.9680914314301,0.0,0.0,0.059871,16.6,0.0,32.96695487104243,0.059871,0.059871,0.0,0.0,0.059871,0.0,0.0,0.0,0.059871,0.0,0.059871,0.0 
 07/21  17:55:00,34.0,19.540903450931957,32.969224386267015,19.540903450931957,0.0,10912.75179969065,32.969224386267015,0.0,0.0,0.059871,16.6,0.0,32.9680914314301,0.059871,0.059871,0.0,0.0,0.059871,0.0,0.0,0.0,0.059871,0.0,0.059871,0.0 
 07/21  17:56:00,34.0,19.54026897880409,32.97035372387112,19.54026897880409,0.0,10910.385408245756,32.97035372387112,0.0,0.0,0.059871,16.6,0.0,32.969224386267015,0.059871,0.059871,0.0,0.0,0.059871,0.0,0.0,0.0,0.059871,0.0,0.059871,0.0 
 07/21  17:57:00,34.0,19.539637812398983,32.97147946330969,19.539637812398983,0.0,10908.031361042144,32.97147946330969,0.0,0.0,0.059871,16.6,0.0,32.97035372387112,0.059871,0.059871,0.0,0.0,0.059871,0.0,0.0,0.0,0.059871,0.0,0.059871,0.0 
 07/21  17:58:00,34.0,19.53901027397439,32.97260162395365,19.53901027397439,0.0,10905.690835746145,32.97260162395365,0.0,0.0,0.059871,16.6,0.0,32.97147946330969,0.059871,0.059871,0.0,0.0,0.059871,0.0,0.0,0.0,0.059871,0.0,0.059871,0.0 
 07/21  17:59:00,34.0,19.538386004284067,32.97372021750587,19.538386004284067,0.0,10903.362517256237,32.97372021750587,0.0,0.0,0.059871,16.6,0.0,32.97260162395365,0.059871,0.059871,0.0,0.0,0.059871,0.0,0.0,0.0,0.059871,0.0,0.059871,0.0 
 07/21  18:00:00,34.0,19.537765321929378,32.97483523864401,19.537765321929378,0.0,10901.04756967899,32.97483523864401,0.0,0.0,0.059871,16.6,0.0,32.97372021750587,0.059871,0.059871,0.0,0.0,0.059871,0.0,0.0,0.0,0.059871,0.0,0.059871,0.0,88387200.0 
 07/21  18:01:00,34.0,19.40949373940756,32.95657282161234,19.40949373940756,0.0,10425.064150528096,32.95657282161234,0.0,0.0,0.059871,16.6,0.0,32.97483523864401,0.059871,0.059871,0.0,0.0,0.059871,0.0,0.0,0.0,0.059871,0.0,0.059871,0.0 
 07/21  18:02:00,34.0,19.25902678003694,32.92755652551136,19.25902678003694,0.0,9864.547307357421,32.92755652551136,0.0,0.0,0.059871,16.6,0.0,32.95657282161234,0.059871,0.059871,0.0,0.0,0.059871,0.0,0.0,0.0,0.059871,0.0,0.059871,0.0 
 07/21  18:03:00,34.0,19.159301609037662,32.89693077729719,19.159301609037662,0.0,9492.135383223931,32.89693077729719,0.0,0.0,0.059871,16.6,0.0,32.92755652551136,0.059871,0.059871,0.0,0.0,0.059871,0.0,0.0,0.0,0.059871,0.0,0.059871,0.0 
 07/21  18:04:00,34.0,19.114681835154606,32.868820495734816,19.114681835154606,0.0,9325.063292591349,32.868820495734816,0.0,0.0,0.059871,16.6,0.0,32.89693077729719,0.059871,0.059871,0.0,0.0,0.059871,0.0,0.0,0.0,0.059871,0.0,0.059871,0.0 
 07/21  18:05:00,34.0,19.101019050537328,32.844006470318014,19.101019050537328,0.0,9273.69687689576,32.844006470318014,0.0,0.0,0.059871,16.6,0.0,32.868820495734816,0.059871,0.059871,0.0,0.0,0.059871,0.0,0.0,0.0,0.059871,0.0,0.059871,0.0 
 07/21  18:06:00,34.0,19.097300770622258,32.82207040708362,19.097300770622258,0.0,9259.695521682916,32.82207040708362,0.0,0.0,0.059871,16.6,0.0,32.844006470318014,0.059871,0.059871,0.0,0.0,0.059871,0.0,0.0,0.0,0.059871,0.0,0.059871,0.0 
 07/21  18:07:00,34.0,19.094042783283435,32.80247156214054,19.094042783283435,0.0,9247.557126990396,32.80247156214054,0.0,0.0,0.059871,16.6,0.0,32.82207040708362,0.059871,0.059871,0.0,0.0,0.059871,0.0,0.0,0.0,0.059871,0.0,0.059871,0.0 
 07/21  18:08:00,34.0,19.08962385850472,32.78483006357929,19.08962385850472,0.0,9231.121522476373,32.78483006357929,0.0,0.0,0.059871,16.6,0.0,32.80247156214054,0.059871,0.059871,0.0,0.0,0.059871,0.0,0.0,0.0,0.059871,0.0,0.059871,0.0 
 07/21  18:09:00,34.0,19.084934271848773,32.76890634596643,19.084934271848773,0.0,9213.664449340416,32.76890634596643,0.0,0.0,0.059871,16.6,0.0,32.78483006357929,0.059871,0.059871,0.0,0.0,0.059871,0.0,0.0,0.0,0.059871,0.0,0.059871,0.0 
 07/21  18:10:00,34.0,19.080746954528205,32.754530530563734,19.080746954528205,0.0,9198.06576320831,32.754530530563734,0.0,0.0,0.059871,16.6,0.0,32.76890634596643,0.059871,0.059871,0.0,0.0,0.059871,0.0,0.0,0.0,0.059871,0.0,0.059871,0.0 
 07/21  18:11:00,34.0,19.077174380905397,32.741560008855195,19.077174380905397,0.0,9184.754444812803,32.741560008855195,0.0,0.0,0.059871,16.6,0.0,32.754530530563734,0.059871,0.059871,0.0,0.0,0.059871,0.0,0.0,0.0,0.059871,0.0,0.059871,0.0 
 07/21  18:12:00,34.0,19.074018733149977,32.72986418577092,19.074018733149977,0.0,9172.998709683121,32.72986418577092,0.0,0.0,0.059871,16.6,0.0,32.741560008855195,0.059871,0.059871,0.0,0.0,0.059871,0.0,0.0,0.0,0.059871,0.0,0.059871,0.0 
 07/21  18:13:00,34.0,19.071061851941096,32.71932233317632,19.071061851941096,0.0,9161.986545306672,32.71932233317632,0.0,0.0,0.059871,16.6,0.0,32.72986418577092,0.059871,0.059871,0.0,0.0,0.059871,0.0,0.0,0.0,0.059871,0.0,0.059871,0.0 
 07/21  18:14:00,34.0,19.068196216291355,32.709823749164244,19.068196216291355,0.0,9151.315882873496,32.709823749164244,0.0,0.0,0.059871,16.6,0.0,32.71932233317632,0.059871,0.059871,0.0,0.0,0.059871,0.0,0.0,0.0,0.059871,0.0,0.059871,0.0 
 07/21  18:15:00,34.0,19.065382782928676,32.70126815811006,19.065382782928676,0.0,9140.840296587616,32.70126815811006,0.0,0.0,0.059871,16.6,0.0,32.709823749164244,0.059871,0.059871,0.0,0.0,0.059871,0.0,0.0,0.0,0.059871,0.0,0.059871,0.0 
 07/21  18:16:00,34.0,19.06262253814712,32.69356521516625,19.06262253814712,0.0,9130.562832175488,32.69356521516625,0.0,0.0,0.059871,16.6,0.0,32.70126815811006,0.059871,0.059871,0.0,0.0,0.059871,0.0,0.0,0.0,0.059871,0.0,0.059871,0.0 
 07/21  18:17:00,34.0,19.059912194468218,32.686633422318586,19.059912194468218,0.0,9120.471309582344,32.686633422318586,0.0,0.0,0.059871,16.6,0.0,32.69356521516625,0.059871,0.059871,0.0,0.0,0.059871,0.0,0.0,0.0,0.059871,0.0,0.059871,0.0 
 07/21  18:18:00,34.0,19.057251695259254,32.68039934994394,19.057251695259254,0.0,9110.565454458523,32.68039934994394,0.0,0.0,0.059871,16.6,0.0,32.686633422318586,0.059871,0.059871,0.0,0.0,0.059871,0.0,0.0,0.0,0.059871,0.0,0.059871,0.0 
 07/21  18:19:00,34.0,19.054632230189753,32.67479670935735,19.054632230189753,0.0,9100.812596164884,32.67479670935735,0.0,0.0,0.059871,16.6,0.0,32.68039934994394,0.059871,0.059871,0.0,0.0,0.059871,0.0,0.0,0.0,0.059871,0.0,0.059871,0.0 
 07/21  18:20:00,34.0,19.052051708607316,32.669765689193696,19.052051708607316,0.0,9091.204861527494,32.669765689193696,0.0,0.0,0.059871,16.6,0.0,32.67479670935735,0.059871,0.059871,0.0,0.0,0.059871,0.0,0.0,0.0,0.059871,0.0,0.059871,0.0 
 07/21  18:21:00,34.0,19.049503591759542,32.66525217666126,19.049503591759542,0.0,9081.717944928587,32.66525217666126,0.0,0.0,0.059871,16.6,0.0,32.669765689193696,0.059871,0.059871,0.0,0.0,0.059871,0.0,0.0,0.0,0.059871,0.0,0.059871,0.0 
 07/21  18:22:00,34.0,19.046988210985003,32.66120740149332,19.046988210985003,0.0,9072.35298358638,32.66120740149332,0.0,0.0,0.059871,16.6,0.0,32.66525217666126,0.059871,0.059871,0.0,0.0,0.059871,0.0,0.0,0.0,0.059871,0.0,0.059871,0.0 
 07/21  18:23:00,34.0,19.044501197787547,32.65758716982476,19.044501197787547,0.0,9063.093777780132,32.65758716982476,0.0,0.0,0.059871,16.6,0.0,32.66120740149332,0.059871,0.059871,0.0,0.0,0.059871,0.0,0.0,0.0,0.059871,0.0,0.059871,0.0 
 07/21  18:24:00,34.0,19.042043708582156,32.65435164814643,19.042043708582156,0.0,9053.944553622929,32.65435164814643,0.0,0.0,0.059871,16.6,0.0,32.65758716982476,0.059871,0.059871,0.0,0.0,0.059871,0.0,0.0,0.0,0.059871,0.0,0.059871,0.0 
 07/21  18:25:00,34.0,19.039612066699487,32.651464722085294,19.039612066699487,0.0,9044.89170600491,32.651464722085294,0.0,0.0,0.059871,16.6,0.0,32.65435164814643,0.059871,0.059871,0.0,0.0,0.059871,0.0,0.0,0.0,0.059871,0.0,0.059871,0.0 
 07/21  18:26:00,34.0,19.037207581513613,32.64889384705766,19.037207581513613,0.0,9035.939999463726,32.64889384705766,0.0,0.0,0.059871,16.6,0.0,32.651464722085294,0.059871,0.059871,0.0,0.0,0.059871,0.0,0.0,0.0,0.059871,0.0,0.059871,0.0 
 07/21  18:27:00,34.0,19.034826987828552,32.646609469364506,19.034826987828552,0.0,9027.077354835565,32.646609469364506,0.0,0.0,0.059871,16.6,0.0,32.64889384705766,0.059871,0.059871,0.0,0.0,0.059871,0.0,0.0,0.0,0.059871,0.0,0.059871,0.0 
 07/21  18:28:00,34.0,19.032471696996154,32.64458498141614,19.032471696996154,0.0,9018.308973216404,32.64458498141614,0.0,0.0,0.059871,16.6,0.0,32.646609469364506,0.059871,0.059871,0.0,0.0,0.059871,0.0,0.0,0.0,0.059871,0.0,0.059871,0.0 
 07/21  18:29:00,34.0,19.030138768271883,32.64279618578012,19.030138768271883,0.0,9009.623964021142,32.64279618578012,0.0,0.0,0.059871,16.6,0.0,32.64458498141614,0.059871,0.059871,0.0,0.0,0.059871,0.0,0.0,0.0,0.059871,0.0,0.059871,0.0 
 07/21  18:30:00,34.0,19.02782966421923,32.641221308357714,19.02782966421923,0.0,9001.02767500698,32.641221308357714,0.0,0.0,0.059871,16.6,0.0,32.64279618578012,0.059871,0.059871,0.0,0.0,0.059871,0.0,0.0,0.0,0.059871,0.0,0.059871,0.0 
 07/21  18:31:00,34.0,19.025541681049265,32.639840518677254,19.025541681049265,0.0,8992.510137784207,32.639840518677254,0.0,0.0,0.059871,16.6,0.0,32.641221308357714,0.059871,0.059871,0.0,0.0,0.059871,0.0,0.0,0.0,0.059871,0.0,0.059871,0.0 
 07/21  18:32:00,34.0,19.02327628703225,32.63863598828908,19.02327628703225,0.0,8984.076735959094,32.63863598828908,0.0,0.0,0.059871,16.6,0.0,32.639840518677254,0.059871,0.059871,0.0,0.0,0.059871,0.0,0.0,0.0,0.059871,0.0,0.059871,0.0 
 07/21  18:33:00,34.0,19.021030960766332,32.63759145204885,19.021030960766332,0.0,8975.718134118782,32.63759145204885,0.0,0.0,0.059871,16.6,0.0,32.63863598828908,0.059871,0.059871,0.0,0.0,0.059871,0.0,0.0,0.0,0.059871,0.0,0.059871,0.0 
 07/21  18:34:00,34.0,19.018807158486958,32.63669229835989,19.018807158486958,0.0,8967.439714762862,32.63669229835989,0.0,0.0,0.059871,16.6,0.0,32.63759145204885,0.059871,0.059871,0.0,0.0,0.059871,0.0,0.0,0.0,0.059871,0.0,0.059871,0.0 
 07/21  18:35:00,34.0,19.016602507660842,32.63592517528878,19.016602507660842,0.0,8959.232680124729,32.63592517528878,0.0,0.0,0.059871,16.6,0.0,32.63669229835989,0.059871,0.059871,0.0,0.0,0.059871,0.0,0.0,0.0,0.059871,0.0,0.059871,0.0 
 07/21  18:36:00,34.0,19.014418444652804,32.63527810207263,19.014418444652804,0.0,8951.102324772695,32.63527810207263,0.0,0.0,0.059871,16.6,0.0,32.63592517528878,0.059871,0.059871,0.0,0.0,0.059871,0.0,0.0,0.0,0.059871,0.0,0.059871,0.0 
 07/21  18:37:00,34.0,19.012252722736903,32.63474010413576,19.012252722736903,0.0,8943.040346294787,32.63474010413576,0.0,0.0,0.059871,16.6,0.0,32.63527810207263,0.059871,0.059871,0.0,0.0,0.059871,0.0,0.0,0.0,0.059871,0.0,0.059871,0.0 
 07/21  18:38:00,34.0,19.01010675263404,32.6343013491867,19.01010675263404,0.0,8935.051929931324,32.6343013491867,0.0,0.0,0.059871,16.6,0.0,32.63474010413576,0.059871,0.059871,0.0,0.0,0.059871,0.0,0.0,0.0,0.059871,0.0,0.059871,0.0 
 07/21  18:39:00,34.0,19.0079783967893,32.63395281164671,19.0079783967893,0.0,8927.129178113395,32.63395281164671,0.0,0.0,0.059871,16.6,0.0,32.6343013491867,0.059871,0.059871,0.0,0.0,0.059871,0.0,0.0,0.0,0.059871,0.0,0.059871,0.0 
 07/21  18:40:00,34.0,19.005869038121634,32.63368641365728,19.005869038121634,0.0,8919.277173163355,32.63368641365728,0.0,0.0,0.059871,16.6,0.0,32.63395281164671,0.059871,0.059871,0.0,0.0,0.059871,0.0,0.0,0.0,0.059871,0.0,0.059871,0.0 
 07/21  18:41:00,34.0,19.003776634630693,32.633494723904775,19.003776634630693,0.0,8911.48838616261,32.633494723904775,0.0,0.0,0.059871,16.6,0.0,32.63368641365728,0.059871,0.059871,0.0,0.0,0.059871,0.0,0.0,0.0,0.059871,0.0,0.059871,0.0 
 07/21  18:42:00,34.0,19.001702540083926,32.63337110394178,19.001702540083926,0.0,8903.767777177723,32.63337110394178,0.0,0.0,0.059871,16.6,0.0,32.633494723904775,0.059871,0.059871,0.0,0.0,0.059871,0.0,0.0,0.0,0.059871,0.0,0.059871,0.0 
 07/21  18:43:00,34.0,18.999644799083125,32.63330942680086,18.999644799083125,0.0,8896.10812413934,32.63330942680086,0.0,0.0,0.059871,16.6,0.0,32.63337110394178,0.059871,0.059871,0.0,0.0,0.059871,0.0,0.0,0.0,0.059871,0.0,0.059871,0.0 
 07/21  18:44:00,34.0,18.997604735682962,32.6333042305622,18.997604735682962,0.0,8888.51430568879,32.6333042305622,0.0,0.0,0.059871,16.6,0.0,32.63330942680086,0.059871,0.059871,0.0,0.0,0.059871,0.0,0.0,0.0,0.059871,0.0,0.059871,0.0 
 07/21  18:45:00,34.0,18.995580470985193,32.63335045971092,18.995580470985193,0.0,8880.979383403746,32.63335045971092,0.0,0.0,0.059871,16.6,0.0,32.6333042305622,0.059871,0.059871,0.0,0.0,0.059871,0.0,0.0,0.0,0.059871,0.0,0.059871,0.0 
 07/21  18:46:00,34.0,18.99357329962337,32.633443616588984,18.99357329962337,0.0,8873.508112690248,32.633443616588984,0.0,0.0,0.059871,16.6,0.0,32.63335045971092,0.059871,0.059871,0.0,0.0,0.059871,0.0,0.0,0.0,0.059871,0.0,0.059871,0.0 
 07/21  18:47:00,34.0,18.991581412816103,32.63357952357963,18.991581412816103,0.0,8866.093829361034,32.63357952357963,0.0,0.0,0.059871,16.6,0.0,32.633443616588984,0.059871,0.059871,0.0,0.0,0.059871,0.0,0.0,0.0,0.059871,0.0,0.059871,0.0 
 07/21  18:48:00,34.0,18.989606076541307,32.63375447380281,18.989606076541307,0.0,8858.741168476394,32.63375447380281,0.0,0.0,0.059871,16.6,0.0,32.63357952357963,0.059871,0.059871,0.0,0.0,0.059871,0.0,0.0,0.0,0.059871,0.0,0.059871,0.0 
 07/21  18:49:00,34.0,18.987645546980236,32.63396501186644,18.987645546980236,0.0,8851.443706724407,32.63396501186644,0.0,0.0,0.059871,16.6,0.0,32.63375447380281,0.059871,0.059871,0.0,0.0,0.059871,0.0,0.0,0.0,0.059871,0.0,0.059871,0.0 
 07/21  18:50:00,34.0,18.98570106154746,32.63420807824442,18.98570106154746,0.0,8844.205987608308,32.63420807824442,0.0,0.0,0.059871,16.6,0.0,32.63396501186644,0.059871,0.059871,0.0,0.0,0.059871,0.0,0.0,0.0,0.059871,0.0,0.059871,0.0 
 07/21  18:51:00,34.0,18.983770936015173,32.63448080892316,18.983770936015173,0.0,8837.021794566563,32.63448080892316,0.0,0.0,0.059871,16.6,0.0,32.63420807824442,0.059871,0.059871,0.0,0.0,0.059871,0.0,0.0,0.0,0.059871,0.0,0.059871,0.0 
 07/21  18:52:00,34.0,18.981856379980965,32.6347806791622,18.981856379980965,0.0,8829.895582256799,32.6347806791622,0.0,0.0,0.059871,16.6,0.0,32.63448080892316,0.059871,0.059871,0.0,0.0,0.059871,0.0,0.0,0.0,0.059871,0.0,0.059871,0.0 
 07/21  18:53:00,34.0,18.97995576401762,32.635105311006264,18.97995576401762,0.0,8822.821337295654,32.635105311006264,0.0,0.0,0.059871,16.6,0.0,32.6347806791622,0.059871,0.059871,0.0,0.0,0.059871,0.0,0.0,0.0,0.059871,0.0,0.059871,0.0 
 07/21  18:54:00,34.0,18.97807027139059,32.635452614869436,18.97807027139059,0.0,8815.803402654332,32.635452614869436,0.0,0.0,0.059871,16.6,0.0,32.635105311006264,0.059871,0.059871,0.0,0.0,0.059871,0.0,0.0,0.0,0.059871,0.0,0.059871,0.0 
 07/21  18:55:00,34.0,18.97619832473426,32.635820617503285,18.97619832473426,0.0,8808.835958007636,32.635820617503285,0.0,0.0,0.059871,16.6,0.0,32.635452614869436,0.059871,0.059871,0.0,0.0,0.059871,0.0,0.0,0.0,0.059871,0.0,0.059871,0.0 
 07/21  18:56:00,34.0,18.97434108141473,32.63620758688578,18.97434108141473,0.0,8801.923264534398,32.63620758688578,0.0,0.0,0.059871,16.6,0.0,32.635820617503285,0.059871,0.059871,0.0,0.0,0.059871,0.0,0.0,0.0,0.059871,0.0,0.059871,0.0 
 07/21  18:57:00,34.0,18.972497012347095,32.63661187676603,18.972497012347095,0.0,8795.059666819521,32.63661187676603,0.0,0.0,0.059871,16.6,0.0,32.63620758688578,0.059871,0.059871,0.0,0.0,0.059871,0.0,0.0,0.0,0.059871,0.0,0.059871,0.0 
 07/21  18:58:00,34.0,18.970667249194126,32.637032055574956,18.970667249194126,0.0,8788.249359000556,32.637032055574956,0.0,0.0,0.059871,16.6,0.0,32.63661187676603,0.059871,0.059871,0.0,0.0,0.059871,0.0,0.0,0.0,0.059871,0.0,0.059871,0.0 
 07/21  18:59:00,34.0,18.968850308162448,32.63746674760785,18.968850308162448,0.0,8781.486825435946,32.63746674760785,0.0,0.0,0.059871,16.6,0.0,32.637032055574956,0.059871,0.059871,0.0,0.0,0.059871,0.0,0.0,0.0,0.059871,0.0,0.059871,0.0 
 07/21  19:00:00,34.0,18.96704729769123,32.63791476037406,18.96704729769123,0.0,8774.776174210907,32.63791476037406,0.0,0.0,0.059871,16.6,0.0,32.63746674760785,0.059871,0.059871,0.0,0.0,0.059871,0.0,0.0,0.0,0.059871,0.0,0.059871,0.0,49104000.0 
 07/21  19:01:00,34.0,18.96525677652809,32.638374949091464,18.96525677652809,0.0,8768.11206154805,32.638374949091464,0.0,0.0,0.059871,16.6,0.0,32.63791476037406,0.059871,0.059871,0.0,0.0,0.059871,0.0,0.0,0.0,0.059871,0.0,0.059871,0.0 
 07/21  19:02:00,34.0,18.963479829749737,32.63884631943453,18.963479829749737,0.0,8761.498508928053,32.63884631943453,0.0,0.0,0.059871,16.6,0.0,32.638374949091464,0.059871,0.059871,0.0,0.0,0.059871,0.0,0.0,0.0,0.059871,0.0,0.059871,0.0 
 07/21  19:03:00,34.0,18.96171505649569,32.63932790714869,18.96171505649569,0.0,8754.93030834999,32.63932790714869,0.0,0.0,0.059871,16.6,0.0,32.63884631943453,0.059871,0.059871,0.0,0.0,0.059871,0.0,0.0,0.0,0.059871,0.0,0.059871,0.0 
 07/21  19:04:00,34.0,18.959963519660352,32.639818890220724,18.959963519660352,0.0,8748.411413104877,32.639818890220724,0.0,0.0,0.059871,16.6,0.0,32.63932790714869,0.059871,0.059871,0.0,0.0,0.059871,0.0,0.0,0.0,0.059871,0.0,0.059871,0.0 
 07/21  19:05:00,34.0,18.95822385602946,32.64031845581434,18.95822385602946,0.0,8741.936754825947,32.64031845581434,0.0,0.0,0.059871,16.6,0.0,32.639818890220724,0.059871,0.059871,0.0,0.0,0.059871,0.0,0.0,0.0,0.059871,0.0,0.059871,0.0 
 07/21  19:06:00,34.0,18.95649710757725,32.64082591228575,18.95649710757725,0.0,8735.510195248866,32.64082591228575,0.0,0.0,0.059871,16.6,0.0,32.64031845581434,0.059871,0.059871,0.0,0.0,0.059871,0.0,0.0,0.0,0.059871,0.0,0.059871,0.0 
 07/21  19:07:00,34.0,18.954781946975825,32.64134058236377,18.954781946975825,0.0,8729.126813117837,32.64134058236377,0.0,0.0,0.059871,16.6,0.0,32.64082591228575,0.059871,0.059871,0.0,0.0,0.059871,0.0,0.0,0.0,0.059871,0.0,0.059871,0.0 
 07/21  19:08:00,34.0,18.953079395439204,32.64186188451534,18.953079395439204,0.0,8722.790393210376,32.64186188451534,0.0,0.0,0.059871,16.6,0.0,32.64134058236377,0.059871,0.059871,0.0,0.0,0.059871,0.0,0.0,0.0,0.059871,0.0,0.059871,0.0 
 07/21  19:09:00,34.0,18.951388159435805,32.64238924029781,18.951388159435805,0.0,8716.496139603069,32.64238924029781,0.0,0.0,0.059871,16.6,0.0,32.64186188451534,0.059871,0.059871,0.0,0.0,0.059871,0.0,0.0,0.0,0.059871,0.0,0.059871,0.0 
 07/21  19:10:00,34.0,18.949709241522246,32.64292217031885,18.949709241522246,0.0,8710.247740040464,32.64292217031885,0.0,0.0,0.059871,16.6,0.0,32.64238924029781,0.059871,0.059871,0.0,0.0,0.059871,0.0,0.0,0.0,0.059871,0.0,0.059871,0.0 
 07/21  19:11:00,34.0,18.948041380065284,32.64346018132495,18.948041380065284,0.0,8704.040558732131,32.64346018132495,0.0,0.0,0.059871,16.6,0.0,32.64292217031885,0.059871,0.059871,0.0,0.0,0.059871,0.0,0.0,0.0,0.059871,0.0,0.059871,0.0 
 07/21  19:12:00,34.0,18.946385558020026,32.64400286361988,18.946385558020026,0.0,8697.878196858543,32.64400286361988,0.0,0.0,0.059871,16.6,0.0,32.64346018132495,0.059871,0.059871,0.0,0.0,0.059871,0.0,0.0,0.0,0.059871,0.0,0.059871,0.0 
 07/21  19:13:00,34.0,18.944740544832328,32.644549807069154,18.944740544832328,0.0,8691.756119914307,32.644549807069154,0.0,0.0,0.059871,16.6,0.0,32.64400286361988,0.059871,0.059871,0.0,0.0,0.059871,0.0,0.0,0.0,0.059871,0.0,0.059871,0.0 
 07/21  19:14:00,34.0,18.943107305184995,32.64510066319886,18.943107305184995,0.0,8685.67787533539,32.64510066319886,0.0,0.0,0.059871,16.6,0.0,32.644549807069154,0.059871,0.059871,0.0,0.0,0.059871,0.0,0.0,0.0,0.059871,0.0,0.059871,0.0 
 07/21  19:15:00,34.0,18.941484638214078,32.645655074735664,18.941484638214078,0.0,8679.639024795157,32.645655074735664,0.0,0.0,0.059871,16.6,0.0,32.64510066319886,0.059871,0.059871,0.0,0.0,0.059871,0.0,0.0,0.0,0.059871,0.0,0.059871,0.0 
 07/21  19:16:00,34.0,18.939873490174154,32.646212756884445,18.939873490174154,0.0,8673.64307523062,32.646212756884445,0.0,0.0,0.059871,16.6,0.0,32.645655074735664,0.059871,0.059871,0.0,0.0,0.059871,0.0,0.0,0.0,0.059871,0.0,0.059871,0.0 
 07/21  19:17:00,34.0,18.93827268823348,32.646773400472874,18.93827268823348,0.0,8667.685664498844,32.646773400472874,0.0,0.0,0.059871,16.6,0.0,32.646212756884445,0.059871,0.059871,0.0,0.0,0.059871,0.0,0.0,0.0,0.059871,0.0,0.059871,0.0 
 07/21  19:18:00,34.0,18.936683161569313,32.647336756245764,18.936683161569313,0.0,8661.770250111203,32.647336756245764,0.0,0.0,0.059871,16.6,0.0,32.646773400472874,0.059871,0.059871,0.0,0.0,0.059871,0.0,0.0,0.0,0.059871,0.0,0.059871,0.0 
 07/21  19:19:00,34.0,18.935103763847664,32.6479025692367,18.935103763847664,0.0,8655.892568210278,32.6479025692367,0.0,0.0,0.059871,16.6,0.0,32.647336756245764,0.059871,0.059871,0.0,0.0,0.059871,0.0,0.0,0.0,0.059871,0.0,0.059871,0.0 
 07/21  19:20:00,34.0,18.93353540814386,32.64847062409677,18.93353540814386,0.0,8650.056002770176,32.64847062409677,0.0,0.0,0.059871,16.6,0.0,32.6479025692367,0.059871,0.059871,0.0,0.0,0.059871,0.0,0.0,0.0,0.059871,0.0,0.059871,0.0 
 07/21  19:21:00,34.0,18.931976973569103,32.649040692560305,18.931976973569103,0.0,8644.256398162233,32.649040692560305,0.0,0.0,0.059871,16.6,0.0,32.64847062409677,0.059871,0.059871,0.0,0.0,0.059871,0.0,0.0,0.0,0.059871,0.0,0.059871,0.0 
 07/21  19:22:00,34.0,18.930429356909702,32.6496126018689,18.930429356909702,0.0,8638.497077977308,32.6496126018689,0.0,0.0,0.059871,16.6,0.0,32.649040692560305,0.059871,0.059871,0.0,0.0,0.059871,0.0,0.0,0.0,0.059871,0.0,0.059871,0.0 
 07/21  19:23:00,34.0,18.928891461345472,32.650186150890185,18.928891461345472,0.0,8632.773975842101,32.650186150890185,0.0,0.0,0.059871,16.6,0.0,32.6496126018689,0.059871,0.059871,0.0,0.0,0.059871,0.0,0.0,0.0,0.059871,0.0,0.059871,0.0 
 07/21  19:24:00,34.0,18.927364168014407,32.65076118295718,18.927364168014407,0.0,8627.090357339552,32.65076118295718,0.0,0.0,0.059871,16.6,0.0,32.650186150890185,0.059871,0.059871,0.0,0.0,0.059871,0.0,0.0,0.0,0.059871,0.0,0.059871,0.0 
 07/21  19:25:00,34.0,18.925846403950416,32.6513375351637,18.925846403950416,0.0,8621.442230780252,32.6513375351637,0.0,0.0,0.059871,16.6,0.0,32.65076118295718,0.059871,0.059871,0.0,0.0,0.059871,0.0,0.0,0.0,0.059871,0.0,0.059871,0.0 
 07/21  19:26:00,34.0,18.924339035363776,32.65191506935962,18.924339035363776,0.0,8615.832820205484,32.65191506935962,0.0,0.0,0.059871,16.6,0.0,32.6513375351637,0.059871,0.059871,0.0,0.0,0.059871,0.0,0.0,0.0,0.059871,0.0,0.059871,0.0 
 07/21  19:27:00,34.0,18.922841011391494,32.65249363422467,18.922841011391494,0.0,8610.258215912017,32.65249363422467,0.0,0.0,0.059871,16.6,0.0,32.65191506935962,0.059871,0.059871,0.0,0.0,0.059871,0.0,0.0,0.0,0.059871,0.0,0.059871,0.0 
 07/21  19:28:00,34.0,18.921353184011984,32.653073122642375,18.921353184011984,0.0,8604.721575419344,32.653073122642375,0.0,0.0,0.059871,16.6,0.0,32.65249363422467,0.059871,0.059871,0.0,0.0,0.059871,0.0,0.0,0.0,0.059871,0.0,0.059871,0.0 
 07/21  19:29:00,34.0,18.919874523153265,32.6536533984215,18.919874523153265,0.0,8599.219093643624,32.6536533984215,0.0,0.0,0.059871,16.6,0.0,32.653073122642375,0.059871,0.059871,0.0,0.0,0.059871,0.0,0.0,0.0,0.059871,0.0,0.059871,0.0 
 07/21  19:30:00,34.0,18.918405866265,32.65423435929516,18.918405866265,0.0,8593.753860492507,32.65423435929516,0.0,0.0,0.059871,16.6,0.0,32.6536533984215,0.059871,0.059871,0.0,0.0,0.059871,0.0,0.0,0.0,0.059871,0.0,0.059871,0.0 
 07/21  19:31:00,34.0,18.916946204433835,32.65481589844176,18.916946204433835,0.0,8588.322135609436,32.65481589844176,0.0,0.0,0.059871,16.6,0.0,32.65423435929516,0.059871,0.059871,0.0,0.0,0.059871,0.0,0.0,0.0,0.059871,0.0,0.059871,0.0 
 07/21  19:32:00,34.0,18.91549636218919,32.655397923346875,18.91549636218919,0.0,8582.926961056379,32.655397923346875,0.0,0.0,0.059871,16.6,0.0,32.65481589844176,0.059871,0.059871,0.0,0.0,0.059871,0.0,0.0,0.0,0.059871,0.0,0.059871,0.0 
 07/21  19:33:00,34.0,18.914055349782917,32.65598032986915,18.914055349782917,0.0,8577.564694967341,32.65598032986915,0.0,0.0,0.059871,16.6,0.0,32.655397923346875,0.059871,0.059871,0.0,0.0,0.059871,0.0,0.0,0.0,0.059871,0.0,0.059871,0.0 
 07/21  19:34:00,34.0,18.91262397784871,32.656563050206024,18.91262397784871,0.0,8572.238314198266,32.656563050206024,0.0,0.0,0.059871,16.6,0.0,32.65598032986915,0.059871,0.059871,0.0,0.0,0.059871,0.0,0.0,0.0,0.059871,0.0,0.059871,0.0 
 07/21  19:35:00,34.0,18.91120127612407,32.65714598835972,18.91120127612407,0.0,8566.94423542582,32.65714598835972,0.0,0.0,0.059871,16.6,0.0,32.656563050206024,0.059871,0.059871,0.0,0.0,0.059871,0.0,0.0,0.0,0.059871,0.0,0.059871,0.0 
 07/21  19:36:00,34.0,18.90978804242804,32.657729074753,18.90978804242804,0.0,8561.685401736468,32.657729074753,0.0,0.0,0.059871,16.6,0.0,32.65714598835972,0.059871,0.059871,0.0,0.0,0.059871,0.0,0.0,0.0,0.059871,0.0,0.059871,0.0 
 07/21  19:37:00,34.0,18.908383324706616,32.6583122378342,18.908383324706616,0.0,8556.458297309637,32.6583122378342,0.0,0.0,0.059871,16.6,0.0,32.657729074753,0.059871,0.059871,0.0,0.0,0.059871,0.0,0.0,0.0,0.059871,0.0,0.059871,0.0 
 07/21  19:38:00,34.0,18.90698790794916,32.65889541271756,18.90698790794916,0.0,8551.265817691925,32.65889541271756,0.0,0.0,0.059871,16.6,0.0,32.6583122378342,0.059871,0.059871,0.0,0.0,0.059871,0.0,0.0,0.0,0.059871,0.0,0.059871,0.0 
 07/21  19:39:00,34.0,18.9056008576647,32.65947852515433,18.9056008576647,0.0,8546.104512172074,32.65947852515433,0.0,0.0,0.059871,16.6,0.0,32.65889541271756,0.059871,0.059871,0.0,0.0,0.059871,0.0,0.0,0.0,0.059871,0.0,0.059871,0.0 
 07/21  19:40:00,34.0,18.904222946503555,32.660061531525436,18.904222946503555,0.0,8540.97723057554,32.660061531525436,0.0,0.0,0.059871,16.6,0.0,32.65947852515433,0.059871,0.059871,0.0,0.0,0.059871,0.0,0.0,0.0,0.059871,0.0,0.059871,0.0 
 07/21  19:41:00,34.0,18.90285325763718,32.660644361574995,18.90285325763718,0.0,8535.880574047766,32.660644361574995,0.0,0.0,0.059871,16.6,0.0,32.660061531525436,0.059871,0.059871,0.0,0.0,0.059871,0.0,0.0,0.0,0.059871,0.0,0.059871,0.0 
 07/21  19:42:00,34.0,18.90149255185193,32.66122696591074,18.90149255185193,0.0,8530.81736209249,32.66122696591074,0.0,0.0,0.059871,16.6,0.0,32.660644361574995,0.059871,0.059871,0.0,0.0,0.059871,0.0,0.0,0.0,0.059871,0.0,0.059871,0.0 
 07/21  19:43:00,34.0,18.90013992858313,32.661809295974734,18.90013992858313,0.0,8525.784256165143,32.661809295974734,0.0,0.0,0.059871,16.6,0.0,32.66122696591074,0.059871,0.059871,0.0,0.0,0.059871,0.0,0.0,0.0,0.059871,0.0,0.059871,0.0 
 07/21  19:44:00,34.0,18.898796136699634,32.662391304091315,18.898796136699634,0.0,8520.78403159242,32.662391304091315,0.0,0.0,0.059871,16.6,0.0,32.661809295974734,0.059871,0.059871,0.0,0.0,0.059871,0.0,0.0,0.0,0.059871,0.0,0.059871,0.0 
 07/21  19:45:00,34.0,18.897460291438783,32.662972935661365,18.897460291438783,0.0,8515.813408426839,32.662972935661365,0.0,0.0,0.059871,16.6,0.0,32.662391304091315,0.059871,0.059871,0.0,0.0,0.059871,0.0,0.0,0.0,0.059871,0.0,0.059871,0.0 
 07/21  19:46:00,34.0,18.89613313084079,32.66355416241011,18.89613313084079,0.0,8510.875108279151,32.66355416241011,0.0,0.0,0.059871,16.6,0.0,32.662972935661365,0.059871,0.059871,0.0,0.0,0.059871,0.0,0.0,0.0,0.059871,0.0,0.059871,0.0 
 07/21  19:47:00,34.0,18.894813785670216,32.66413493120055,18.894813785670216,0.0,8505.965922372243,32.66413493120055,0.0,0.0,0.059871,16.6,0.0,32.66355416241011,0.059871,0.059871,0.0,0.0,0.059871,0.0,0.0,0.0,0.059871,0.0,0.059871,0.0 
 07/21  19:48:00,34.0,18.893502982059193,32.66471520550136,18.893502982059193,0.0,8501.08854175026,32.66471520550136,0.0,0.0,0.059871,16.6,0.0,32.66413493120055,0.059871,0.059871,0.0,0.0,0.059871,0.0,0.0,0.0,0.059871,0.0,0.059871,0.0 
 07/21  19:49:00,34.0,18.892199865947415,32.66529495233034,18.892199865947415,0.0,8496.2397867659,32.66529495233034,0.0,0.0,0.059871,16.6,0.0,32.66471520550136,0.059871,0.059871,0.0,0.0,0.059871,0.0,0.0,0.0,0.059871,0.0,0.059871,0.0 
 07/21  19:50:00,34.0,18.890905152833124,32.66587413508538,18.890905152833124,0.0,8491.422322611073,32.66587413508538,0.0,0.0,0.059871,16.6,0.0,32.66529495233034,0.059871,0.059871,0.0,0.0,0.059871,0.0,0.0,0.0,0.059871,0.0,0.059871,0.0 
 07/21  19:51:00,34.0,18.889618003104992,32.666452712592985,18.889618003104992,0.0,8486.63302323475,32.666452712592985,0.0,0.0,0.059871,16.6,0.0,32.66587413508538,0.059871,0.059871,0.0,0.0,0.059871,0.0,0.0,0.0,0.059871,0.0,0.059871,0.0 
 07/21  19:52:00,34.0,18.888339121579836,32.6670306666505,18.888339121579836,0.0,8481.874514216837,32.6670306666505,0.0,0.0,0.059871,16.6,0.0,32.666452712592985,0.059871,0.059871,0.0,0.0,0.059871,0.0,0.0,0.0,0.059871,0.0,0.059871,0.0 
 07/21  19:53:00,34.0,18.887067682593322,32.667607955955845,18.887067682593322,0.0,8477.14372124085,32.667607955955845,0.0,0.0,0.059871,16.6,0.0,32.6670306666505,0.059871,0.059871,0.0,0.0,0.059871,0.0,0.0,0.0,0.059871,0.0,0.059871,0.0 
 07/21  19:54:00,34.0,18.885804381771447,32.668184552457895,18.885804381771447,0.0,8472.443208788369,32.668184552457895,0.0,0.0,0.059871,16.6,0.0,32.667607955955845,0.059871,0.059871,0.0,0.0,0.059871,0.0,0.0,0.0,0.059871,0.0,0.059871,0.0 
 07/21  19:55:00,34.0,18.884548406091866,32.66876043413415,18.884548406091866,0.0,8467.770003479936,32.66876043413415,0.0,0.0,0.059871,16.6,0.0,32.668184552457895,0.059871,0.059871,0.0,0.0,0.059871,0.0,0.0,0.0,0.059871,0.0,0.059871,0.0 
 07/21  19:56:00,34.0,18.883300440431203,32.66933557176118,18.883300440431203,0.0,8463.126602938964,32.66933557176118,0.0,0.0,0.059871,16.6,0.0,32.66876043413415,0.059871,0.059871,0.0,0.0,0.059871,0.0,0.0,0.0,0.059871,0.0,0.059871,0.0 
 07/21  19:57:00,34.0,18.88205968612787,32.66990993369436,18.88205968612787,0.0,8458.510060023142,32.66990993369436,0.0,0.0,0.059871,16.6,0.0,32.66933557176118,0.059871,0.059871,0.0,0.0,0.059871,0.0,0.0,0.0,0.059871,0.0,0.059871,0.0 
 07/21  19:58:00,34.0,18.880826818033906,32.670483508579046,18.880826818033906,0.0,8453.922875714201,32.670483508579046,0.0,0.0,0.059871,16.6,0.0,32.66990993369436,0.059871,0.059871,0.0,0.0,0.059871,0.0,0.0,0.0,0.059871,0.0,0.059871,0.0 
 07/21  19:59:00,34.0,18.87960104996974,32.67105626360864,18.87960104996974,0.0,8449.362135648535,32.67105626360864,0.0,0.0,0.059871,16.6,0.0,32.670483508579046,0.059871,0.059871,0.0,0.0,0.059871,0.0,0.0,0.0,0.059871,0.0,0.059871,0.0 
 07/21  20:00:00,34.0,18.87838304696115,32.67162817652647,18.87838304696115,0.0,8444.830304383731,32.67162817652647,0.0,0.0,0.059871,16.6,0.0,32.67105626360864,0.059871,0.059871,0.0,0.0,0.059871,0.0,0.0,0.0,0.059871,0.0,0.059871,0.0,49104000.0 
 07/21  20:01:00,34.0,18.877172035310327,32.67219923329984,18.877172035310327,0.0,8440.324513839169,32.67219923329984,0.0,0.0,0.059871,16.6,0.0,32.67162817652647,0.059871,0.059871,0.0,0.0,0.059871,0.0,0.0,0.0,0.059871,0.0,0.059871,0.0 
 07/21  20:02:00,34.0,18.875968671236937,32.67276940980138,18.875968671236937,0.0,8435.847182489515,32.67276940980138,0.0,0.0,0.059871,16.6,0.0,32.67219923329984,0.059871,0.059871,0.0,0.0,0.059871,0.0,0.0,0.0,0.059871,0.0,0.059871,0.0 
 07/21  20:03:00,34.0,18.87477219333725,32.6733386813916,18.87477219333725,0.0,8431.39550129699,32.6733386813916,0.0,0.0,0.059871,16.6,0.0,32.67276940980138,0.059871,0.059871,0.0,0.0,0.059871,0.0,0.0,0.0,0.059871,0.0,0.059871,0.0 
 07/21  20:04:00,34.0,18.873583247799072,32.67390704153346,18.873583247799072,0.0,8426.971864990574,32.67390704153346,0.0,0.0,0.059871,16.6,0.0,32.6733386813916,0.059871,0.059871,0.0,0.0,0.059871,0.0,0.0,0.0,0.059871,0.0,0.059871,0.0 
 07/21  20:05:00,34.0,18.8724010852861,32.674474463730284,18.8724010852861,0.0,8422.573482405765,32.674474463730284,0.0,0.0,0.059871,16.6,0.0,32.67390704153346,0.059871,0.059871,0.0,0.0,0.059871,0.0,0.0,0.0,0.059871,0.0,0.059871,0.0 
 07/21  20:06:00,34.0,18.87122634371891,32.67504092982445,18.87122634371891,0.0,8418.20271765011,32.67504092982445,0.0,0.0,0.059871,16.6,0.0,32.674474463730284,0.059871,0.059871,0.0,0.0,0.059871,0.0,0.0,0.0,0.059871,0.0,0.059871,0.0 
 07/21  20:07:00,34.0,18.870058284198883,32.67560643179013,18.870058284198883,0.0,8413.85685850479,32.67560643179013,0.0,0.0,0.059871,16.6,0.0,32.67504092982445,0.059871,0.059871,0.0,0.0,0.059871,0.0,0.0,0.0,0.059871,0.0,0.059871,0.0 
 07/21  20:08:00,34.0,18.86889753583818,32.67617094914298,18.86889753583818,0.0,8409.538196200923,32.67617094914298,0.0,0.0,0.059871,16.6,0.0,32.67560643179013,0.059871,0.059871,0.0,0.0,0.059871,0.0,0.0,0.0,0.059871,0.0,0.059871,0.0 
 07/21  20:09:00,34.0,18.867743371775223,32.67673446255312,18.867743371775223,0.0,8405.244063143597,32.67673446255312,0.0,0.0,0.059871,16.6,0.0,32.67617094914298,0.059871,0.059871,0.0,0.0,0.059871,0.0,0.0,0.0,0.059871,0.0,0.059871,0.0 
 07/21  20:10:00,34.0,18.866596412641307,32.67729696897987,18.866596412641307,0.0,8400.976732574372,32.67729696897987,0.0,0.0,0.059871,16.6,0.0,32.67673446255312,0.059871,0.059871,0.0,0.0,0.059871,0.0,0.0,0.0,0.059871,0.0,0.059871,0.0 
 07/21  20:11:00,34.0,18.865455941696055,32.677858446752694,18.865455941696055,0.0,8396.733587767354,32.677858446752694,0.0,0.0,0.059871,16.6,0.0,32.67729696897987,0.059871,0.059871,0.0,0.0,0.059871,0.0,0.0,0.0,0.059871,0.0,0.059871,0.0 
 07/21  20:12:00,34.0,18.86432257067812,32.67841888070846,18.86432257067812,0.0,8392.516855646818,32.67841888070846,0.0,0.0,0.059871,16.6,0.0,32.677858446752694,0.059871,0.059871,0.0,0.0,0.059871,0.0,0.0,0.0,0.059871,0.0,0.059871,0.0 
 07/21  20:13:00,34.0,18.86319559474942,32.67897826745391,18.86319559474942,0.0,8388.323936862644,32.67897826745391,0.0,0.0,0.059871,16.6,0.0,32.67841888070846,0.059871,0.059871,0.0,0.0,0.059871,0.0,0.0,0.0,0.059871,0.0,0.059871,0.0 
 07/21  20:14:00,34.0,18.86207561655549,32.67953658919283,18.86207561655549,0.0,8384.157078113363,32.67953658919283,0.0,0.0,0.059871,16.6,0.0,32.67897826745391,0.059871,0.059871,0.0,0.0,0.059871,0.0,0.0,0.0,0.059871,0.0,0.059871,0.0 
 07/21  20:15:00,34.0,18.86096194174735,32.68009383072308,18.86096194174735,0.0,8380.013678861578,32.68009383072308,0.0,0.0,0.059871,16.6,0.0,32.67953658919283,0.059871,0.059871,0.0,0.0,0.059871,0.0,0.0,0.0,0.059871,0.0,0.059871,0.0 
 07/21  20:16:00,34.0,18.859855164922443,32.680649991610125,18.859855164922443,0.0,8375.895969313651,32.680649991610125,0.0,0.0,0.059871,16.6,0.0,32.68009383072308,0.059871,0.059871,0.0,0.0,0.059871,0.0,0.0,0.0,0.059871,0.0,0.059871,0.0 
 07/21  20:17:00,34.0,18.858754601909222,32.681205053964554,18.858754601909222,0.0,8371.801386698648,32.681205053964554,0.0,0.0,0.059871,16.6,0.0,32.680649991610125,0.059871,0.059871,0.0,0.0,0.059871,0.0,0.0,0.0,0.059871,0.0,0.059871,0.0 
 07/21  20:18:00,34.0,18.857660839813683,32.681759004872845,18.857660839813683,0.0,8367.732120106612,32.681759004872845,0.0,0.0,0.059871,16.6,0.0,32.681205053964554,0.059871,0.059871,0.0,0.0,0.059871,0.0,0.0,0.0,0.059871,0.0,0.059871,0.0 
 07/21  20:19:00,34.0,18.856573203874518,32.68231184458542,18.856573203874518,0.0,8363.685668331713,32.68231184458542,0.0,0.0,0.059871,16.6,0.0,32.681759004872845,0.059871,0.059871,0.0,0.0,0.059871,0.0,0.0,0.0,0.059871,0.0,0.059871,0.0 
 07/21  20:20:00,34.0,18.855492272989167,32.682863557344255,18.855492272989167,0.0,8359.664176697584,32.682863557344255,0.0,0.0,0.059871,16.6,0.0,32.68231184458542,0.059871,0.059871,0.0,0.0,0.059871,0.0,0.0,0.0,0.059871,0.0,0.059871,0.0 
 07/21  20:21:00,34.0,18.85441738266674,32.68341413122001,18.85441738266674,0.0,8355.66516878247,32.68341413122001,0.0,0.0,0.059871,16.6,0.0,32.682863557344255,0.059871,0.059871,0.0,0.0,0.059871,0.0,0.0,0.0,0.059871,0.0,0.059871,0.0 
 07/21  20:22:00,34.0,18.853349104308798,32.683963567761765,18.853349104308798,0.0,8351.690775435573,32.683963567761765,0.0,0.0,0.059871,16.6,0.0,32.68341413122001,0.059871,0.059871,0.0,0.0,0.059871,0.0,0.0,0.0,0.059871,0.0,0.059871,0.0 
 07/21  20:23:00,34.0,18.852286782220016,32.68451185209829,18.852286782220016,0.0,8347.738566144872,32.68451185209829,0.0,0.0,0.059871,16.6,0.0,32.683963567761765,0.059871,0.059871,0.0,0.0,0.059871,0.0,0.0,0.0,0.059871,0.0,0.059871,0.0 
 07/21  20:24:00,34.0,18.851230980514547,32.685058973045635,18.851230980514547,0.0,8343.810618161864,32.685058973045635,0.0,0.0,0.059871,16.6,0.0,32.68451185209829,0.059871,0.059871,0.0,0.0,0.059871,0.0,0.0,0.0,0.059871,0.0,0.059871,0.0 
 07/21  20:25:00,34.0,18.85018105298788,32.68560493376239,18.85018105298788,0.0,8339.904549453477,32.68560493376239,0.0,0.0,0.059871,16.6,0.0,32.685058973045635,0.059871,0.059871,0.0,0.0,0.059871,0.0,0.0,0.0,0.059871,0.0,0.059871,0.0 
 07/21  20:26:00,34.0,18.849137556302527,32.6861497200724,18.849137556302527,0.0,8336.022409664416,32.6861497200724,0.0,0.0,0.059871,16.6,0.0,32.68560493376239,0.059871,0.059871,0.0,0.0,0.059871,0.0,0.0,0.0,0.059871,0.0,0.059871,0.0 
 07/21  20:27:00,34.0,18.848099853235375,32.68669332268257,18.848099853235375,0.0,8332.161850048811,32.68669332268257,0.0,0.0,0.059871,16.6,0.0,32.6861497200724,0.059871,0.059871,0.0,0.0,0.059871,0.0,0.0,0.0,0.059871,0.0,0.059871,0.0 
 07/21  20:28:00,34.0,18.847068493072324,32.68723574467825,18.847068493072324,0.0,8328.324892922752,32.68723574467825,0.0,0.0,0.059871,16.6,0.0,32.68669332268257,0.059871,0.059871,0.0,0.0,0.059871,0.0,0.0,0.0,0.059871,0.0,0.059871,0.0 
 07/21  20:29:00,34.0,18.84604284802753,32.68777697363541,18.84604284802753,0.0,8324.509211276385,32.68777697363541,0.0,0.0,0.059871,16.6,0.0,32.68723574467825,0.059871,0.059871,0.0,0.0,0.059871,0.0,0.0,0.0,0.059871,0.0,0.059871,0.0 
 07/21  20:30:00,34.0,18.845023459745683,32.688316999728585,18.845023459745683,0.0,8320.716825604213,32.688316999728585,0.0,0.0,0.059871,16.6,0.0,32.68777697363541,0.059871,0.059871,0.0,0.0,0.059871,0.0,0.0,0.0,0.059871,0.0,0.059871,0.0 
 07/21  20:31:00,34.0,18.84400970883247,32.688855828465016,18.84400970883247,0.0,8316.945426763095,32.688855828465016,0.0,0.0,0.059871,16.6,0.0,32.688316999728585,0.059871,0.059871,0.0,0.0,0.059871,0.0,0.0,0.0,0.059871,0.0,0.059871,0.0 
 07/21  20:32:00,34.0,18.843002130459727,32.689393446923155,18.843002130459727,0.0,8313.196998021089,32.689393446923155,0.0,0.0,0.059871,16.6,0.0,32.688855828465016,0.059871,0.059871,0.0,0.0,0.059871,0.0,0.0,0.0,0.059871,0.0,0.059871,0.0 
 07/21  20:33:00,34.0,18.84200011397671,32.68992984796102,18.84200011397671,0.0,8309.469275900592,32.68992984796102,0.0,0.0,0.059871,16.6,0.0,32.689393446923155,0.059871,0.059871,0.0,0.0,0.059871,0.0,0.0,0.0,0.059871,0.0,0.059871,0.0 
 07/21  20:34:00,34.0,18.841004186941156,32.69046503587024,18.841004186941156,0.0,8305.76422865413,32.69046503587024,0.0,0.0,0.059871,16.6,0.0,32.68992984796102,0.059871,0.059871,0.0,0.0,0.059871,0.0,0.0,0.0,0.059871,0.0,0.059871,0.0 
 07/21  20:35:00,34.0,18.840013747335007,32.690999000235635,18.840013747335007,0.0,8302.079598390534,32.690999000235635,0.0,0.0,0.059871,16.6,0.0,32.69046503587024,0.059871,0.059871,0.0,0.0,0.059871,0.0,0.0,0.0,0.059871,0.0,0.059871,0.0 
 07/21  20:36:00,34.0,18.839029316123227,32.6915317323172,18.839029316123227,0.0,8298.417342125762,32.6915317323172,0.0,0.0,0.059871,16.6,0.0,32.690999000235635,0.059871,0.059871,0.0,0.0,0.059871,0.0,0.0,0.0,0.059871,0.0,0.059871,0.0 
 07/21  20:37:00,34.0,18.83805029888282,32.69206323953366,18.83805029888282,0.0,8294.775243343029,32.69206323953366,0.0,0.0,0.059871,16.6,0.0,32.6915317323172,0.059871,0.059871,0.0,0.0,0.059871,0.0,0.0,0.0,0.059871,0.0,0.059871,0.0 
 07/21  20:38:00,34.0,18.837077210842114,32.69259350997599,18.837077210842114,0.0,8291.155198206616,32.69259350997599,0.0,0.0,0.059871,16.6,0.0,32.69206323953366,0.059871,0.059871,0.0,0.0,0.059871,0.0,0.0,0.0,0.059871,0.0,0.059871,0.0 
 07/21  20:39:00,34.0,18.836134643392292,32.69312111451598,18.836134643392292,0.0,8287.64837442085,32.69312111451598,0.0,0.0,0.059871,16.6,0.0,32.69259350997599,0.059871,0.059871,0.0,0.0,0.059871,0.0,0.0,0.0,0.059871,0.0,0.059871,0.0 
 07/21  20:40:00,34.0,18.835191202243,32.693647382285114,18.835191202243,0.0,8284.138732797273,32.693647382285114,0.0,0.0,0.059871,16.6,0.0,32.69312111451598,0.059871,0.059871,0.0,0.0,0.059871,0.0,0.0,0.0,0.059871,0.0,0.059871,0.0 
 07/21  20:41:00,34.0,18.834264614987216,32.6941714876028,18.834264614987216,0.0,8280.691567228983,32.6941714876028,0.0,0.0,0.059871,16.6,0.0,32.693647382285114,0.059871,0.059871,0.0,0.0,0.059871,0.0,0.0,0.0,0.059871,0.0,0.059871,0.0 
 07/21  20:42:00,34.0,18.833331100702647,32.69469462239909,18.833331100702647,0.0,8277.218963714171,32.69469462239909,0.0,0.0,0.059871,16.6,0.0,32.6941714876028,0.059871,0.059871,0.0,0.0,0.059871,0.0,0.0,0.0,0.059871,0.0,0.059871,0.0 
 07/21  20:43:00,34.0,18.83241171578813,32.69521585435648,18.83241171578813,0.0,8273.798646014406,32.69521585435648,0.0,0.0,0.059871,16.6,0.0,32.69469462239909,0.059871,0.059871,0.0,0.0,0.059871,0.0,0.0,0.0,0.059871,0.0,0.059871,0.0 
 07/21  20:44:00,34.0,18.83148490540706,32.695736247262104,18.83148490540706,0.0,8270.35101642843,32.695736247262104,0.0,0.0,0.059871,16.6,0.0,32.69521585435648,0.059871,0.059871,0.0,0.0,0.059871,0.0,0.0,0.0,0.059871,0.0,0.059871,0.0 
 07/21  20:45:00,34.0,18.830572572419996,32.69625478632279,18.830572572419996,0.0,8266.956962252785,32.69625478632279,0.0,0.0,0.059871,16.6,0.0,32.695736247262104,0.059871,0.059871,0.0,0.0,0.059871,0.0,0.0,0.0,0.059871,0.0,0.059871,0.0 
 07/21  20:46:00,34.0,18.829653693087884,32.696772524612015,18.829653693087884,0.0,8263.538840979476,32.696772524612015,0.0,0.0,0.059871,16.6,0.0,32.69625478632279,0.059871,0.059871,0.0,0.0,0.059871,0.0,0.0,0.0,0.059871,0.0,0.059871,0.0 
 07/21  20:47:00,34.0,18.82874980891543,32.69728847422144,18.82874980891543,0.0,8260.176213799565,32.69728847422144,0.0,0.0,0.059871,16.6,0.0,32.696772524612015,0.059871,0.059871,0.0,0.0,0.059871,0.0,0.0,0.0,0.059871,0.0,0.059871,0.0 
 07/21  20:48:00,34.0,18.827839921194105,32.69780369341688,18.827839921194105,0.0,8256.79157030625,32.69780369341688,0.0,0.0,0.059871,16.6,0.0,32.69728847422144,0.059871,0.059871,0.0,0.0,0.059871,0.0,0.0,0.0,0.059871,0.0,0.059871,0.0 
 07/21  20:49:00,34.0,18.82694517417617,32.698317192115816,18.82694517417617,0.0,8253.462960010029,32.698317192115816,0.0,0.0,0.059871,16.6,0.0,32.69780369341688,0.059871,0.059871,0.0,0.0,0.059871,0.0,0.0,0.0,0.059871,0.0,0.059871,0.0 
 07/21  20:50:00,34.0,18.826044707486666,32.698829965161686,18.826044707486666,0.0,8250.113358924227,32.698829965161686,0.0,0.0,0.059871,16.6,0.0,32.698317192115816,0.059871,0.059871,0.0,0.0,0.059871,0.0,0.0,0.0,0.059871,0.0,0.059871,0.0 
 07/21  20:51:00,34.0,18.825159372653818,32.699340979055435,18.825159372653818,0.0,8246.819784163572,32.699340979055435,0.0,0.0,0.059871,16.6,0.0,32.698829965161686,0.059871,0.059871,0.0,0.0,0.059871,0.0,0.0,0.0,0.059871,0.0,0.059871,0.0 
 07/21  20:52:00,34.0,18.82429407726782,32.69984979873711,18.82429407726782,0.0,8243.600698910814,32.69984979873711,0.0,0.0,0.059871,16.6,0.0,32.699340979055435,0.059871,0.059871,0.0,0.0,0.059871,0.0,0.0,0.0,0.059871,0.0,0.059871,0.0 
 07/21  20:53:00,34.0,18.823408275933982,32.700358297443046,18.823408275933982,0.0,8240.305887217251,32.700358297443046,0.0,0.0,0.059871,16.6,0.0,32.69984979873711,0.059871,0.059871,0.0,0.0,0.059871,0.0,0.0,0.0,0.059871,0.0,0.059871,0.0 
 07/21  20:54:00,34.0,18.822524897911652,32.700865589619,18.822524897911652,0.0,8237.019805074506,32.700865589619,0.0,0.0,0.059871,16.6,0.0,32.700358297443046,0.059871,0.059871,0.0,0.0,0.059871,0.0,0.0,0.0,0.059871,0.0,0.059871,0.0 
 07/21  20:55:00,34.0,18.821628026704825,32.70137262924376,18.821628026704825,0.0,8233.683738533797,32.70137262924376,0.0,0.0,0.059871,16.6,0.0,32.700865589619,0.059871,0.059871,0.0,0.0,0.059871,0.0,0.0,0.0,0.059871,0.0,0.059871,0.0 
 07/21  20:56:00,34.0,18.820745277417046,32.70187828659654,18.820745277417046,0.0,8230.399850315953,32.70187828659654,0.0,0.0,0.059871,16.6,0.0,32.70137262924376,0.059871,0.059871,0.0,0.0,0.059871,0.0,0.0,0.0,0.059871,0.0,0.059871,0.0 
 07/21  20:57:00,34.0,18.819883775397848,32.70238203997153,18.819883775397848,0.0,8227.194900732557,32.70238203997153,0.0,0.0,0.059871,16.6,0.0,32.70187828659654,0.059871,0.059871,0.0,0.0,0.059871,0.0,0.0,0.0,0.059871,0.0,0.059871,0.0 
 07/21  20:58:00,34.0,18.819035339352595,32.70288409245729,18.819035339352595,0.0,8224.038685780903,32.70288409245729,0.0,0.0,0.059871,16.6,0.0,32.70238203997153,0.059871,0.059871,0.0,0.0,0.059871,0.0,0.0,0.0,0.059871,0.0,0.059871,0.0 
 07/21  20:59:00,34.0,18.818193722344724,32.70338461732975,18.818193722344724,0.0,8220.907922369524,32.70338461732975,0.0,0.0,0.059871,16.6,0.0,32.70288409245729,0.059871,0.059871,0.0,0.0,0.059871,0.0,0.0,0.0,0.059871,0.0,0.059871,0.0 
 07/21  21:00:00,34.0,18.817356012536653,32.70388373417961,18.817356012536653,0.0,8217.791753299234,32.70388373417961,0.0,0.0,0.059871,16.6,0.0,32.70338461732975,0.059871,0.059871,0.0,0.0,0.059871,0.0,0.0,0.0,0.059871,0.0,0.059871,0.0,49104000.0 
 07/21  21:01:00,34.0,18.816520873090845,32.70438152489162,18.816520873090845,0.0,8214.685158678698,32.70438152489162,0.0,0.0,0.059871,16.6,0.0,32.70388373417961,0.059871,0.059871,0.0,0.0,0.059871,0.0,0.0,0.0,0.059871,0.0,0.059871,0.0 
 07/21  21:02:00,34.0,18.81568878479102,32.704878030433186,18.81568878479102,0.0,8211.589933294108,32.704878030433186,0.0,0.0,0.059871,16.6,0.0,32.70438152489162,0.059871,0.059871,0.0,0.0,0.059871,0.0,0.0,0.0,0.059871,0.0,0.059871,0.0 
 07/21  21:03:00,34.0,18.814859913263287,32.705373277645094,18.814859913263287,0.0,8208.506664793353,32.705373277645094,0.0,0.0,0.059871,16.6,0.0,32.704878030433186,0.059871,0.059871,0.0,0.0,0.059871,0.0,0.0,0.0,0.059871,0.0,0.059871,0.0 
 07/21  21:04:00,34.0,18.814034986145543,32.70586729242544,18.814034986145543,0.0,8205.438075848051,32.70586729242544,0.0,0.0,0.059871,16.6,0.0,32.705373277645094,0.059871,0.059871,0.0,0.0,0.059871,0.0,0.0,0.0,0.059871,0.0,0.059871,0.0 
 07/21  21:05:00,34.0,18.813213894175778,32.70636008393416,18.813213894175778,0.0,8202.383761395868,32.70636008393416,0.0,0.0,0.059871,16.6,0.0,32.70586729242544,0.059871,0.059871,0.0,0.0,0.059871,0.0,0.0,0.0,0.059871,0.0,0.059871,0.0 
 07/21  21:06:00,34.0,18.81239709511146,32.70685165606369,18.81239709511146,0.0,8199.345417803133,32.70685165606369,0.0,0.0,0.059871,16.6,0.0,32.70636008393416,0.059871,0.059871,0.0,0.0,0.059871,0.0,0.0,0.0,0.059871,0.0,0.059871,0.0 
 07/21  21:07:00,34.0,18.811584318040474,32.70734202456427,18.811584318040474,0.0,8196.322053926539,32.70734202456427,0.0,0.0,0.059871,16.6,0.0,32.70685165606369,0.059871,0.059871,0.0,0.0,0.059871,0.0,0.0,0.0,0.059871,0.0,0.059871,0.0 
 07/21  21:08:00,34.0,18.810775951591154,32.707831186257785,18.810775951591154,0.0,8193.315083900143,32.707831186257785,0.0,0.0,0.059871,16.6,0.0,32.70734202456427,0.059871,0.059871,0.0,0.0,0.059871,0.0,0.0,0.0,0.059871,0.0,0.059871,0.0 
 07/21  21:09:00,34.0,18.809971688947172,32.70831914194458,18.809971688947172,0.0,8190.323409525699,32.70831914194458,0.0,0.0,0.059871,16.6,0.0,32.707831186257785,0.059871,0.059871,0.0,0.0,0.059871,0.0,0.0,0.0,0.059871,0.0,0.059871,0.0 
 07/21  21:10:00,34.0,18.80917188926496,32.70880589931046,18.80917188926496,0.0,8187.348322718726,32.70880589931046,0.0,0.0,0.059871,16.6,0.0,32.70831914194458,0.059871,0.059871,0.0,0.0,0.059871,0.0,0.0,0.0,0.059871,0.0,0.059871,0.0 
 07/21  21:11:00,34.0,18.808376221953733,32.70929145598784,18.808376221953733,0.0,8184.388637143024,32.70929145598784,0.0,0.0,0.059871,16.6,0.0,32.70880589931046,0.059871,0.059871,0.0,0.0,0.059871,0.0,0.0,0.0,0.059871,0.0,0.059871,0.0 
 07/21  21:12:00,34.0,18.80758502225797,32.70977580690554,18.80758502225797,0.0,8181.445556124286,32.70977580690554,0.0,0.0,0.059871,16.6,0.0,32.70929145598784,0.059871,0.059871,0.0,0.0,0.059871,0.0,0.0,0.0,0.059871,0.0,0.059871,0.0 
 07/21  21:13:00,34.0,18.806797946404494,32.71025896247993,18.806797946404494,0.0,8178.517844444605,32.71025896247993,0.0,0.0,0.059871,16.6,0.0,32.70977580690554,0.059871,0.059871,0.0,0.0,0.059871,0.0,0.0,0.0,0.059871,0.0,0.059871,0.0 
 07/21  21:14:00,34.0,18.80601531579526,32.710740915052355,18.80601531579526,0.0,8175.606654158387,32.710740915052355,0.0,0.0,0.059871,16.6,0.0,32.71025896247993,0.059871,0.059871,0.0,0.0,0.059871,0.0,0.0,0.0,0.059871,0.0,0.059871,0.0 
 07/21  21:15:00,34.0,18.80523678256615,32.711221662812214,18.80523678256615,0.0,8172.710734860411,32.711221662812214,0.0,0.0,0.059871,16.6,0.0,32.710740915052355,0.059871,0.059871,0.0,0.0,0.059871,0.0,0.0,0.0,0.059871,0.0,0.059871,0.0 
 07/21  21:16:00,34.0,18.80446265992792,32.711701211292265,18.80446265992792,0.0,8169.83120827801,32.711701211292265,0.0,0.0,0.059871,16.6,0.0,32.711221662812214,0.059871,0.059871,0.0,0.0,0.059871,0.0,0.0,0.0,0.059871,0.0,0.059871,0.0 
 07/21  21:17:00,34.0,18.803692599891885,32.71217955705125,18.803692599891885,0.0,8166.966823518628,32.71217955705125,0.0,0.0,0.059871,16.6,0.0,32.711701211292265,0.059871,0.059871,0.0,0.0,0.059871,0.0,0.0,0.0,0.059871,0.0,0.059871,0.0 
 07/21  21:18:00,34.0,18.80292690974871,32.71265669395114,18.80292690974871,0.0,8164.118680399379,32.71265669395114,0.0,0.0,0.059871,16.6,0.0,32.71217955705125,0.059871,0.059871,0.0,0.0,0.059871,0.0,0.0,0.0,0.059871,0.0,0.059871,0.0 
 07/21  21:19:00,34.0,18.802165243717265,32.71313263216573,18.802165243717265,0.0,8161.285523234878,32.71313263216573,0.0,0.0,0.059871,16.6,0.0,32.71265669395114,0.059871,0.059871,0.0,0.0,0.059871,0.0,0.0,0.0,0.059871,0.0,0.059871,0.0 
 07/21  21:20:00,34.0,18.80140790328956,32.71360736363467,18.80140790328956,0.0,8158.46846922821,32.71360736363467,0.0,0.0,0.059871,16.6,0.0,32.71313263216573,0.059871,0.059871,0.0,0.0,0.059871,0.0,0.0,0.0,0.059871,0.0,0.059871,0.0 
 07/21  21:21:00,34.0,18.80065454542716,32.71408088671351,18.80065454542716,0.0,8155.666233997158,32.71408088671351,0.0,0.0,0.059871,16.6,0.0,32.71360736363467,0.059871,0.059871,0.0,0.0,0.059871,0.0,0.0,0.0,0.059871,0.0,0.059871,0.0 
 07/21  21:22:00,34.0,18.799905468352488,32.71455320689824,18.799905468352488,0.0,8152.879922641919,32.71455320689824,0.0,0.0,0.059871,16.6,0.0,32.71408088671351,0.059871,0.059871,0.0,0.0,0.059871,0.0,0.0,0.0,0.059871,0.0,0.059871,0.0 
 07/21  21:23:00,34.0,18.799160332346027,32.71502432118254,18.799160332346027,0.0,8150.108276039136,32.71502432118254,0.0,0.0,0.059871,16.6,0.0,32.71455320689824,0.059871,0.059871,0.0,0.0,0.059871,0.0,0.0,0.0,0.059871,0.0,0.059871,0.0 
 07/21  21:24:00,34.0,18.79841943104998,32.71549422361403,18.79841943104998,0.0,8147.352395237767,32.71549422361403,0.0,0.0,0.059871,16.6,0.0,32.71502432118254,0.059871,0.059871,0.0,0.0,0.059871,0.0,0.0,0.0,0.059871,0.0,0.059871,0.0 
 07/21  21:25:00,34.0,18.79768242770572,32.715962924905725,18.79768242770572,0.0,8144.611019158801,32.715962924905725,0.0,0.0,0.059871,16.6,0.0,32.71549422361403,0.059871,0.059871,0.0,0.0,0.059871,0.0,0.0,0.0,0.059871,0.0,0.059871,0.0 
 07/21  21:26:00,34.0,18.796949612988783,32.71643041732427,18.796949612988783,0.0,8141.885224931966,32.71643041732427,0.0,0.0,0.059871,16.6,0.0,32.715962924905725,0.059871,0.059871,0.0,0.0,0.059871,0.0,0.0,0.0,0.059871,0.0,0.059871,0.0 
 07/21  21:27:00,34.0,18.796220653344673,32.71689669986297,18.796220653344673,0.0,8139.173789200895,32.71689669986297,0.0,0.0,0.059871,16.6,0.0,32.71643041732427,0.059871,0.059871,0.0,0.0,0.059871,0.0,0.0,0.0,0.059871,0.0,0.059871,0.0 
 07/21  21:28:00,34.0,18.795495836377903,32.71736177836267,18.795495836377903,0.0,8136.477751889747,32.71736177836267,0.0,0.0,0.059871,16.6,0.0,32.71689669986297,0.059871,0.059871,0.0,0.0,0.059871,0.0,0.0,0.0,0.059871,0.0,0.059871,0.0 
 07/21  21:29:00,34.0,18.794774832210827,32.71782565049944,18.794774832210827,0.0,8133.795916177987,32.71782565049944,0.0,0.0,0.059871,16.6,0.0,32.71736177836267,0.059871,0.059871,0.0,0.0,0.059871,0.0,0.0,0.0,0.059871,0.0,0.059871,0.0 
 07/21  21:30:00,34.0,18.79405792442233,32.718288310745606,18.79405792442233,0.0,8131.129319984366,32.718288310745606,0.0,0.0,0.059871,16.6,0.0,32.71782565049944,0.059871,0.059871,0.0,0.0,0.059871,0.0,0.0,0.0,0.059871,0.0,0.059871,0.0 
 07/21  21:31:00,34.0,18.793344786455943,32.71874977043202,18.793344786455943,0.0,8128.476765877726,32.71874977043202,0.0,0.0,0.059871,16.6,0.0,32.718288310745606,0.059871,0.059871,0.0,0.0,0.059871,0.0,0.0,0.0,0.059871,0.0,0.059871,0.0 
 07/21  21:32:00,34.0,18.792635699291452,32.71921002227732,18.792635699291452,0.0,8125.839269267876,32.71921002227732,0.0,0.0,0.059871,16.6,0.0,32.71874977043202,0.059871,0.059871,0.0,0.0,0.059871,0.0,0.0,0.0,0.059871,0.0,0.059871,0.0 
 07/21  21:33:00,34.0,18.79193034081293,32.719669065937495,18.79193034081293,0.0,8123.215649189583,32.719669065937495,0.0,0.0,0.059871,16.6,0.0,32.71921002227732,0.059871,0.059871,0.0,0.0,0.059871,0.0,0.0,0.0,0.059871,0.0,0.059871,0.0 
 07/21  21:34:00,34.0,18.791228987665125,32.72012690762501,18.791228987665125,0.0,8120.606943648145,32.72012690762501,0.0,0.0,0.059871,16.6,0.0,32.719669065937495,0.059871,0.059871,0.0,0.0,0.059871,0.0,0.0,0.0,0.059871,0.0,0.059871,0.0 
 07/21  21:35:00,34.0,18.79053132125208,32.72058354566996,18.79053132125208,0.0,8118.011946075421,32.72058354566996,0.0,0.0,0.059871,16.6,0.0,32.72012690762501,0.059871,0.059871,0.0,0.0,0.059871,0.0,0.0,0.0,0.059871,0.0,0.059871,0.0 
 07/21  21:36:00,34.0,18.789837615214935,32.721038974972586,18.789837615214935,0.0,8115.43169621661,32.721038974972586,0.0,0.0,0.059871,16.6,0.0,32.72058354566996,0.059871,0.059871,0.0,0.0,0.059871,0.0,0.0,0.0,0.059871,0.0,0.059871,0.0 
 07/21  21:37:00,34.0,18.78914755458204,32.721493207400734,18.78914755458204,0.0,8112.865000958,32.721493207400734,0.0,0.0,0.059871,16.6,0.0,32.721038974972586,0.059871,0.059871,0.0,0.0,0.059871,0.0,0.0,0.0,0.059871,0.0,0.059871,0.0 
 07/21  21:38:00,34.0,18.788461409853408,32.72194623610077,18.788461409853408,0.0,8110.312888384924,32.72194623610077,0.0,0.0,0.059871,16.6,0.0,32.721493207400734,0.059871,0.059871,0.0,0.0,0.059871,0.0,0.0,0.0,0.059871,0.0,0.059871,0.0 
 07/21  21:39:00,34.0,18.7877788695384,32.72239806131047,18.7877788695384,0.0,8107.774178306822,32.72239806131047,0.0,0.0,0.059871,16.6,0.0,32.72194623610077,0.059871,0.059871,0.0,0.0,0.059871,0.0,0.0,0.0,0.059871,0.0,0.059871,0.0 
 07/21  21:40:00,34.0,18.787100201028327,32.72284868955596,18.787100201028327,0.0,8105.249887269547,32.72284868955596,0.0,0.0,0.059871,16.6,0.0,32.72239806131047,0.059871,0.059871,0.0,0.0,0.059871,0.0,0.0,0.0,0.059871,0.0,0.059871,0.0 
 07/21  21:41:00,34.0,18.7864250963175,32.72329811973086,18.7864250963175,0.0,8102.738848019944,32.72329811973086,0.0,0.0,0.059871,16.6,0.0,32.72284868955596,0.059871,0.059871,0.0,0.0,0.059871,0.0,0.0,0.0,0.059871,0.0,0.059871,0.0 
 07/21  21:42:00,34.0,18.785753820317694,32.723746347110186,18.785753820317694,0.0,8100.242055056228,32.723746347110186,0.0,0.0,0.059871,16.6,0.0,32.72329811973086,0.059871,0.059871,0.0,0.0,0.059871,0.0,0.0,0.0,0.059871,0.0,0.059871,0.0 
 07/21  21:43:00,34.0,18.785086068028402,32.724193383989814,18.785086068028402,0.0,8097.758377968921,32.724193383989814,0.0,0.0,0.059871,16.6,0.0,32.723746347110186,0.059871,0.059871,0.0,0.0,0.059871,0.0,0.0,0.0,0.059871,0.0,0.059871,0.0 
 07/21  21:44:00,34.0,18.784422101049177,32.72463922388639,18.784422101049177,0.0,8095.288786127376,32.72463922388639,0.0,0.0,0.059871,16.6,0.0,32.724193383989814,0.059871,0.059871,0.0,0.0,0.059871,0.0,0.0,0.0,0.059871,0.0,0.059871,0.0 
 07/21  21:45:00,34.0,18.783761617791036,32.72508386752196,18.783761617791036,0.0,8092.832161769074,32.72508386752196,0.0,0.0,0.059871,16.6,0.0,32.72463922388639,0.059871,0.059871,0.0,0.0,0.059871,0.0,0.0,0.0,0.059871,0.0,0.059871,0.0 
 07/21  21:46:00,34.0,18.783104877557122,32.72552732166443,18.783104877557122,0.0,8090.389452930021,32.72552732166443,0.0,0.0,0.059871,16.6,0.0,32.72508386752196,0.059871,0.059871,0.0,0.0,0.059871,0.0,0.0,0.0,0.059871,0.0,0.059871,0.0 
 07/21  21:47:00,34.0,18.782451582343718,32.72596958567434,18.782451582343718,0.0,8087.959567969647,32.72596958567434,0.0,0.0,0.059871,16.6,0.0,32.72552732166443,0.059871,0.059871,0.0,0.0,0.059871,0.0,0.0,0.0,0.059871,0.0,0.059871,0.0 
 07/21  21:48:00,34.0,18.781801987798385,32.726410655139,18.781801987798385,0.0,8085.543454198614,32.726410655139,0.0,0.0,0.059871,16.6,0.0,32.72596958567434,0.059871,0.059871,0.0,0.0,0.059871,0.0,0.0,0.0,0.059871,0.0,0.059871,0.0 
 07/21  21:49:00,34.0,18.781155798950003,32.7268505426775,18.781155798950003,0.0,8083.140018387639,32.7268505426775,0.0,0.0,0.059871,16.6,0.0,32.726410655139,0.059871,0.059871,0.0,0.0,0.059871,0.0,0.0,0.0,0.059871,0.0,0.059871,0.0 
 07/21  21:50:00,34.0,18.780513268643947,32.727289242115866,18.780513268643947,0.0,8080.750197462312,32.727289242115866,0.0,0.0,0.059871,16.6,0.0,32.7268505426775,0.059871,0.059871,0.0,0.0,0.059871,0.0,0.0,0.0,0.059871,0.0,0.059871,0.0 
 07/21  21:51:00,34.0,18.779874105983524,32.727726754568124,18.779874105983524,0.0,8078.372900495465,32.727726754568124,0.0,0.0,0.059871,16.6,0.0,32.727289242115866,0.059871,0.059871,0.0,0.0,0.059871,0.0,0.0,0.0,0.059871,0.0,0.059871,0.0 
 07/21  21:52:00,34.0,18.77923856119529,32.72816308697632,18.77923856119529,0.0,8076.009067516761,32.72816308697632,0.0,0.0,0.059871,16.6,0.0,32.727726754568124,0.059871,0.059871,0.0,0.0,0.059871,0.0,0.0,0.0,0.059871,0.0,0.059871,0.0 
 07/21  21:53:00,34.0,18.778606346501924,32.72859823908064,18.778606346501924,0.0,8073.657619171258,32.72859823908064,0.0,0.0,0.059871,16.6,0.0,32.72816308697632,0.059871,0.059871,0.0,0.0,0.059871,0.0,0.0,0.0,0.059871,0.0,0.059871,0.0 
 07/21  21:54:00,34.0,18.777977709084478,32.72903220672417,18.777977709084478,0.0,8071.319484193309,32.72903220672417,0.0,0.0,0.059871,16.6,0.0,32.72859823908064,0.059871,0.059871,0.0,0.0,0.059871,0.0,0.0,0.0,0.059871,0.0,0.059871,0.0 
 07/21  21:55:00,34.0,18.777352363718684,32.729465002759675,18.777352363718684,0.0,8068.9936054857435,32.729465002759675,0.0,0.0,0.059871,16.6,0.0,32.72903220672417,0.059871,0.059871,0.0,0.0,0.059871,0.0,0.0,0.0,0.059871,0.0,0.059871,0.0 
 07/21  21:56:00,34.0,18.77673055466459,32.72989662127096,18.77673055466459,0.0,8066.680888156507,32.72989662127096,0.0,0.0,0.059871,16.6,0.0,32.729465002759675,0.059871,0.059871,0.0,0.0,0.059871,0.0,0.0,0.0,0.059871,0.0,0.059871,0.0 
 07/21  21:57:00,34.0,18.77611200068464,32.73032706368738,18.77611200068464,0.0,8064.380277110099,32.73032706368738,0.0,0.0,0.059871,16.6,0.0,32.72989662127096,0.059871,0.059871,0.0,0.0,0.059871,0.0,0.0,0.0,0.059871,0.0,0.059871,0.0 
 07/21  21:58:00,34.0,18.775496944192863,32.73075633707106,18.775496944192863,0.0,8062.092670625125,32.73075633707106,0.0,0.0,0.059871,16.6,0.0,32.73032706368738,0.059871,0.059871,0.0,0.0,0.059871,0.0,0.0,0.0,0.059871,0.0,0.059871,0.0 
 07/21  21:59:00,34.0,18.774885106589963,32.73118444147123,18.774885106589963,0.0,8059.817048943269,32.73118444147123,0.0,0.0,0.059871,16.6,0.0,32.73075633707106,0.059871,0.059871,0.0,0.0,0.059871,0.0,0.0,0.0,0.059871,0.0,0.059871,0.0 
 07/21  22:00:00,34.0,18.774276727070106,32.73161137294282,18.774276727070106,0.0,8057.554285633928,32.73161137294282,0.0,0.0,0.059871,16.6,0.0,32.73118444147123,0.059871,0.059871,0.0,0.0,0.059871,0.0,0.0,0.0,0.059871,0.0,0.059871,0.0,49104000.0 
 07/21  22:01:00,34.0,18.773671530018934,32.73203714450074,18.773671530018934,0.0,8055.303371995888,32.73203714450074,0.0,0.0,0.059871,16.6,0.0,32.73161137294282,0.059871,0.059871,0.0,0.0,0.059871,0.0,0.0,0.0,0.059871,0.0,0.059871,0.0 
 07/21  22:02:00,34.0,18.773069751452287,32.73246175044692,18.773069751452287,0.0,8053.065182583841,32.73246175044692,0.0,0.0,0.059871,16.6,0.0,32.73203714450074,0.059871,0.059871,0.0,0.0,0.059871,0.0,0.0,0.0,0.059871,0.0,0.059871,0.0 
 07/21  22:03:00,34.0,18.77247111940401,32.73288519246493,18.77247111940401,0.0,8050.838696695323,32.73288519246493,0.0,0.0,0.059871,16.6,0.0,32.73246175044692,0.059871,0.059871,0.0,0.0,0.059871,0.0,0.0,0.0,0.059871,0.0,0.059871,0.0 
 07/21  22:04:00,34.0,18.77187586816306,32.73330747769499,18.77187586816306,0.0,8048.624782496977,32.73330747769499,0.0,0.0,0.059871,16.6,0.0,32.73288519246493,0.059871,0.059871,0.0,0.0,0.059871,0.0,0.0,0.0,0.059871,0.0,0.059871,0.0 
 07/21  22:05:00,34.0,18.771283728404995,32.73372860643872,18.771283728404995,0.0,8046.422454587764,32.73372860643872,0.0,0.0,0.059871,16.6,0.0,32.73330747769499,0.059871,0.059871,0.0,0.0,0.059871,0.0,0.0,0.0,0.059871,0.0,0.059871,0.0 
 07/21  22:06:00,34.0,18.770694931385442,32.73414857492849,18.770694931385442,0.0,8044.232557140531,32.73414857492849,0.0,0.0,0.059871,16.6,0.0,32.73372860643872,0.059871,0.059871,0.0,0.0,0.059871,0.0,0.0,0.0,0.059871,0.0,0.059871,0.0 
 07/21  22:07:00,34.0,18.770109210694727,32.73456739628355,18.770109210694727,0.0,8042.054115551341,32.73456739628355,0.0,0.0,0.059871,16.6,0.0,32.73414857492849,0.059871,0.059871,0.0,0.0,0.059871,0.0,0.0,0.0,0.059871,0.0,0.059871,0.0 
 07/21  22:08:00,34.0,18.769526795068103,32.73498506499273,18.769526795068103,0.0,8039.887964660315,32.73498506499273,0.0,0.0,0.059871,16.6,0.0,32.73456739628355,0.059871,0.059871,0.0,0.0,0.059871,0.0,0.0,0.0,0.059871,0.0,0.059871,0.0 
 07/21  22:09:00,34.0,18.768947421727894,32.73540158294383,18.768947421727894,0.0,8037.73313058954,32.73540158294383,0.0,0.0,0.059871,16.6,0.0,32.73498506499273,0.059871,0.059871,0.0,0.0,0.059871,0.0,0.0,0.0,0.059871,0.0,0.059871,0.0 
 07/21  22:10:00,34.0,18.768371317001442,32.735816957321916,18.768371317001442,0.0,8035.59045199971,32.735816957321916,0.0,0.0,0.059871,16.6,0.0,32.73540158294383,0.059871,0.059871,0.0,0.0,0.059871,0.0,0.0,0.0,0.059871,0.0,0.059871,0.0 
 07/21  22:11:00,34.0,18.767798220310546,32.736231188634605,18.767798220310546,0.0,8033.458975888052,32.736231188634605,0.0,0.0,0.059871,16.6,0.0,32.735816957321916,0.059871,0.059871,0.0,0.0,0.059871,0.0,0.0,0.0,0.059871,0.0,0.059871,0.0 
 07/21  22:12:00,34.0,18.76722835512762,32.73664427326445,18.76722835512762,0.0,8031.3395176060385,32.73664427326445,0.0,0.0,0.059871,16.6,0.0,32.736231188634605,0.059871,0.059871,0.0,0.0,0.059871,0.0,0.0,0.0,0.059871,0.0,0.059871,0.0 
 07/21  22:13:00,34.0,18.7666614638774,32.73705622438784,18.7666614638774,0.0,8029.231135274763,32.73705622438784,0.0,0.0,0.059871,16.6,0.0,32.73664427326445,0.059871,0.059871,0.0,0.0,0.059871,0.0,0.0,0.0,0.059871,0.0,0.059871,0.0 
 07/21  22:14:00,34.0,18.76609776828851,32.737467036655644,18.76609776828851,0.0,8027.134625080498,32.737467036655644,0.0,0.0,0.059871,16.6,0.0,32.73705622438784,0.059871,0.059871,0.0,0.0,0.059871,0.0,0.0,0.0,0.059871,0.0,0.059871,0.0 
 07/21  22:15:00,34.0,18.76553701390383,32.73787671211921,18.76553701390383,0.0,8025.049069412676,32.73787671211921,0.0,0.0,0.059871,16.6,0.0,32.737467036655644,0.059871,0.059871,0.0,0.0,0.059871,0.0,0.0,0.0,0.059871,0.0,0.059871,0.0 
 07/21  22:16:00,34.0,18.764979419272862,32.738285257982,18.764979419272862,0.0,8022.975265393466,32.738285257982,0.0,0.0,0.059871,16.6,0.0,32.73787671211921,0.059871,0.059871,0.0,0.0,0.059871,0.0,0.0,0.0,0.059871,0.0,0.059871,0.0 
 07/21  22:17:00,34.0,18.764424732464178,32.73869267491967,18.764424732464178,0.0,8020.912292049948,32.73869267491967,0.0,0.0,0.059871,16.6,0.0,32.738285257982,0.059871,0.059871,0.0,0.0,0.059871,0.0,0.0,0.0,0.059871,0.0,0.059871,0.0 
 07/21  22:18:00,34.0,18.763873170226802,32.73909895944324,18.763873170226802,0.0,8018.860927143733,32.73909895944324,0.0,0.0,0.059871,16.6,0.0,32.73869267491967,0.059871,0.059871,0.0,0.0,0.059871,0.0,0.0,0.0,0.059871,0.0,0.059871,0.0 
 07/21  22:19:00,34.0,18.763324483736096,32.739504124747455,18.763324483736096,0.0,8016.820273913199,32.739504124747455,0.0,0.0,0.059871,16.6,0.0,32.73909895944324,0.059871,0.059871,0.0,0.0,0.059871,0.0,0.0,0.0,0.059871,0.0,0.059871,0.0 
 07/21  22:20:00,34.0,18.762778887254676,32.739908165625366,18.762778887254676,0.0,8014.791100920002,32.739908165625366,0.0,0.0,0.059871,16.6,0.0,32.739504124747455,0.059871,0.059871,0.0,0.0,0.059871,0.0,0.0,0.0,0.059871,0.0,0.059871,0.0 
 07/21  22:21:00,34.0,18.762236134557803,32.740311084258096,18.762236134557803,0.0,8012.77252102539,32.740311084258096,0.0,0.0,0.059871,16.6,0.0,32.739908165625366,0.059871,0.059871,0.0,0.0,0.059871,0.0,0.0,0.0,0.059871,0.0,0.059871,0.0 
 07/21  22:22:00,34.0,18.761696436856113,32.74071288784619,18.761696436856113,0.0,8010.76530417608,32.74071288784619,0.0,0.0,0.059871,16.6,0.0,32.740311084258096,0.059871,0.059871,0.0,0.0,0.059871,0.0,0.0,0.0,0.059871,0.0,0.059871,0.0 
 07/21  22:23:00,34.0,18.761159551083455,32.74111357720186,18.761159551083455,0.0,8008.768549561037,32.74111357720186,0.0,0.0,0.059871,16.6,0.0,32.74071288784619,0.059871,0.059871,0.0,0.0,0.059871,0.0,0.0,0.0,0.059871,0.0,0.059871,0.0 
 07/21  22:24:00,34.0,18.760625686413164,32.74151314894701,18.760625686413164,0.0,8006.783032268559,32.74151314894701,0.0,0.0,0.059871,16.6,0.0,32.74111357720186,0.059871,0.059871,0.0,0.0,0.059871,0.0,0.0,0.0,0.059871,0.0,0.059871,0.0 
 07/21  22:25:00,34.0,18.76009460252527,32.74191161626264,18.76009460252527,0.0,8004.807861666973,32.74191161626264,0.0,0.0,0.059871,16.6,0.0,32.74151314894701,0.059871,0.059871,0.0,0.0,0.059871,0.0,0.0,0.0,0.059871,0.0,0.059871,0.0 
 07/21  22:26:00,34.0,18.75956650617773,32.74230897406782,18.75956650617773,0.0,8002.843803893334,32.74230897406782,0.0,0.0,0.059871,16.6,0.0,32.74191161626264,0.059871,0.059871,0.0,0.0,0.059871,0.0,0.0,0.0,0.059871,0.0,0.059871,0.0 
 07/21  22:27:00,34.0,18.75904115909701,32.74270522464531,18.75904115909701,0.0,8000.889988565618,32.74270522464531,0.0,0.0,0.059871,16.6,0.0,32.74230897406782,0.059871,0.059871,0.0,0.0,0.059871,0.0,0.0,0.0,0.059871,0.0,0.059871,0.0 
 07/21  22:28:00,34.0,18.758518766164883,32.74310037517538,18.758518766164883,0.0,7998.9471495373755,32.74310037517538,0.0,0.0,0.059871,16.6,0.0,32.74270522464531,0.059871,0.059871,0.0,0.0,0.059871,0.0,0.0,0.0,0.059871,0.0,0.059871,0.0 
 07/21  22:29:00,34.0,18.757999092617958,32.74349442658038,18.757999092617958,0.0,7997.014429440305,32.74349442658038,0.0,0.0,0.059871,16.6,0.0,32.74310037517538,0.059871,0.059871,0.0,0.0,0.059871,0.0,0.0,0.0,0.059871,0.0,0.059871,0.0 
 07/21  22:30:00,34.0,18.75748234064417,32.74388737557876,18.75748234064417,0.0,7995.092577475311,32.74388737557876,0.0,0.0,0.059871,16.6,0.0,32.74349442658038,0.059871,0.059871,0.0,0.0,0.059871,0.0,0.0,0.0,0.059871,0.0,0.059871,0.0 
 07/21  22:31:00,34.0,18.756968277692014,32.74427923531133,18.756968277692014,0.0,7993.180731806283,32.74427923531133,0.0,0.0,0.059871,16.6,0.0,32.74388737557876,0.059871,0.059871,0.0,0.0,0.059871,0.0,0.0,0.0,0.059871,0.0,0.059871,0.0 
 07/21  22:32:00,34.0,18.756457103605655,32.7446700008105,18.756457103605655,0.0,7991.279632948363,32.7446700008105,0.0,0.0,0.059871,16.6,0.0,32.74427923531133,0.059871,0.059871,0.0,0.0,0.059871,0.0,0.0,0.0,0.059871,0.0,0.059871,0.0 
 07/21  22:33:00,34.0,18.755948588486696,32.7450596744382,18.755948588486696,0.0,7989.388428899606,32.7450596744382,0.0,0.0,0.059871,16.6,0.0,32.7446700008105,0.059871,0.059871,0.0,0.0,0.059871,0.0,0.0,0.0,0.059871,0.0,0.059871,0.0 
 07/21  22:34:00,34.0,18.755442930051977,32.745448263341764,18.755442930051977,0.0,7987.507852291487,32.745448263341764,0.0,0.0,0.059871,16.6,0.0,32.7450596744382,0.059871,0.059871,0.0,0.0,0.059871,0.0,0.0,0.0,0.059871,0.0,0.059871,0.0 
 07/21  22:35:00,34.0,18.75493990100926,32.74583576853364,18.75493990100926,0.0,7985.637060782165,32.74583576853364,0.0,0.0,0.059871,16.6,0.0,32.745448263341764,0.059871,0.059871,0.0,0.0,0.059871,0.0,0.0,0.0,0.059871,0.0,0.059871,0.0 
 07/21  22:36:00,34.0,18.754439697453194,32.74622218681943,18.754439697453194,0.0,7983.776768358248,32.74622218681943,0.0,0.0,0.059871,16.6,0.0,32.74583576853364,0.059871,0.059871,0.0,0.0,0.059871,0.0,0.0,0.0,0.059871,0.0,0.059871,0.0 
 07/21  22:37:00,34.0,18.75394209416645,32.746607531280155,18.75394209416645,0.0,7981.926165638856,32.746607531280155,0.0,0.0,0.059871,16.6,0.0,32.74622218681943,0.059871,0.059871,0.0,0.0,0.059871,0.0,0.0,0.0,0.059871,0.0,0.059871,0.0 
 07/21  22:38:00,34.0,18.75344728477105,32.74699179705356,18.75344728477105,0.0,7980.085944817461,32.74699179705356,0.0,0.0,0.059871,16.6,0.0,32.746607531280155,0.059871,0.059871,0.0,0.0,0.059871,0.0,0.0,0.0,0.059871,0.0,0.059871,0.0 
 07/21  22:39:00,34.0,18.752955047078107,32.74737498656393,18.752955047078107,0.0,7978.255295101585,32.74737498656393,0.0,0.0,0.059871,16.6,0.0,32.74699179705356,0.059871,0.059871,0.0,0.0,0.059871,0.0,0.0,0.0,0.059871,0.0,0.059871,0.0 
 07/21  22:40:00,34.0,18.752465572226868,32.74775710691685,18.752465572226868,0.0,7976.434924746918,32.74775710691685,0.0,0.0,0.059871,16.6,0.0,32.74737498656393,0.059871,0.059871,0.0,0.0,0.059871,0.0,0.0,0.0,0.059871,0.0,0.059871,0.0 
 07/21  22:41:00,34.0,18.751978640278928,32.748138159198454,18.751978640278928,0.0,7974.624018669706,32.748138159198454,0.0,0.0,0.059871,16.6,0.0,32.74775710691685,0.059871,0.059871,0.0,0.0,0.059871,0.0,0.0,0.0,0.059871,0.0,0.059871,0.0 
 07/21  22:42:00,34.0,18.751494440837174,32.74851814029332,18.751494440837174,0.0,7972.823266818341,32.74851814029332,0.0,0.0,0.059871,16.6,0.0,32.748138159198454,0.059871,0.059871,0.0,0.0,0.059871,0.0,0.0,0.0,0.059871,0.0,0.059871,0.0 
 07/21  22:43:00,34.0,18.751012756062778,32.74889706320491,18.751012756062778,0.0,7971.031887122322,32.74889706320491,0.0,0.0,0.059871,16.6,0.0,32.74851814029332,0.059871,0.059871,0.0,0.0,0.059871,0.0,0.0,0.0,0.059871,0.0,0.059871,0.0 
 07/21  22:44:00,34.0,18.750533773799784,32.74927492316743,18.750533773799784,0.0,7969.2505377939915,32.74927492316743,0.0,0.0,0.059871,16.6,0.0,32.74889706320491,0.059871,0.059871,0.0,0.0,0.059871,0.0,0.0,0.0,0.059871,0.0,0.059871,0.0 
 07/21  22:45:00,34.0,18.75005727873562,32.74965172265047,18.75005727873562,0.0,7967.478458727569,32.74965172265047,0.0,0.0,0.059871,16.6,0.0,32.74927492316743,0.059871,0.059871,0.0,0.0,0.059871,0.0,0.0,0.0,0.059871,0.0,0.059871,0.0 
 07/21  22:46:00,34.0,18.7495834554535,32.75002746870763,18.7495834554535,0.0,7965.716321272557,32.75002746870763,0.0,0.0,0.059871,16.6,0.0,32.74965172265047,0.059871,0.059871,0.0,0.0,0.059871,0.0,0.0,0.0,0.059871,0.0,0.059871,0.0 
 07/21  22:47:00,34.0,18.7491120917817,32.75040216248224,18.7491120917817,0.0,7963.963326534649,32.75040216248224,0.0,0.0,0.059871,16.6,0.0,32.75002746870763,0.059871,0.059871,0.0,0.0,0.059871,0.0,0.0,0.0,0.059871,0.0,0.059871,0.0 
 07/21  22:48:00,34.0,18.748643371344457,32.750775800929055,18.748643371344457,0.0,7962.220154929269,32.750775800929055,0.0,0.0,0.059871,16.6,0.0,32.75040216248224,0.059871,0.059871,0.0,0.0,0.059871,0.0,0.0,0.0,0.059871,0.0,0.059871,0.0 
 07/21  22:49:00,34.0,18.748177083330898,32.75114839695814,18.748177083330898,0.0,7960.486050397944,32.75114839695814,0.0,0.0,0.059871,16.6,0.0,32.750775800929055,0.059871,0.059871,0.0,0.0,0.059871,0.0,0.0,0.0,0.059871,0.0,0.059871,0.0 
 07/21  22:50:00,34.0,18.747713408739685,32.75151994589284,18.747713408739685,0.0,7958.76165843018,32.75151994589284,0.0,0.0,0.059871,16.6,0.0,32.75114839695814,0.059871,0.059871,0.0,0.0,0.059871,0.0,0.0,0.0,0.059871,0.0,0.059871,0.0 
 07/21  22:51:00,34.0,18.747252139653785,32.75189045023478,18.747252139653785,0.0,7957.046221095152,32.75189045023478,0.0,0.0,0.059871,16.6,0.0,32.75151994589284,0.059871,0.059871,0.0,0.0,0.059871,0.0,0.0,0.0,0.059871,0.0,0.059871,0.0 
 07/21  22:52:00,34.0,18.746793455436464,32.752259916979156,18.746793455436464,0.0,7955.340390425881,32.752259916979156,0.0,0.0,0.059871,16.6,0.0,32.75189045023478,0.059871,0.059871,0.0,0.0,0.059871,0.0,0.0,0.0,0.059871,0.0,0.059871,0.0 
 07/21  22:53:00,34.0,18.746337150463596,32.75262834731486,18.746337150463596,0.0,7953.643416984182,32.75262834731486,0.0,0.0,0.059871,16.6,0.0,32.752259916979156,0.059871,0.059871,0.0,0.0,0.059871,0.0,0.0,0.0,0.059871,0.0,0.059871,0.0 
 07/21  22:54:00,34.0,18.745883401442516,32.75299573826203,18.745883401442516,0.0,7951.955955543485,32.75299573826203,0.0,0.0,0.059871,16.6,0.0,32.75262834731486,0.059871,0.059871,0.0,0.0,0.059871,0.0,0.0,0.0,0.059871,0.0,0.059871,0.0 
 07/21  22:55:00,34.0,18.745432005356946,32.753362102626355,18.745432005356946,0.0,7950.277241168851,32.753362102626355,0.0,0.0,0.059871,16.6,0.0,32.75299573826203,0.059871,0.059871,0.0,0.0,0.059871,0.0,0.0,0.0,0.059871,0.0,0.059871,0.0 
 07/21  22:56:00,34.0,18.744983137231912,32.75372743581596,18.744983137231912,0.0,7948.607934979127,32.75372743581596,0.0,0.0,0.059871,16.6,0.0,32.753362102626355,0.059871,0.059871,0.0,0.0,0.059871,0.0,0.0,0.0,0.059871,0.0,0.059871,0.0 
 07/21  22:57:00,34.0,18.744536596309324,32.7540917403545,18.744536596309324,0.0,7946.94728041522,32.7540917403545,0.0,0.0,0.059871,16.6,0.0,32.75372743581596,0.059871,0.059871,0.0,0.0,0.059871,0.0,0.0,0.0,0.059871,0.0,0.059871,0.0 
 07/21  22:58:00,34.0,18.744092555597984,32.75445502317403,18.744092555597984,0.0,7945.295931118308,32.75445502317403,0.0,0.0,0.059871,16.6,0.0,32.7540917403545,0.059871,0.059871,0.0,0.0,0.059871,0.0,0.0,0.0,0.059871,0.0,0.059871,0.0 
 07/21  22:59:00,34.0,18.743650816474112,32.754817285499065,18.743650816474112,0.0,7943.65313844602,32.754817285499065,0.0,0.0,0.059871,16.6,0.0,32.75445502317403,0.059871,0.059871,0.0,0.0,0.059871,0.0,0.0,0.0,0.059871,0.0,0.059871,0.0 
 07/21  23:00:00,34.0,18.74321155000935,32.755178524410404,18.74321155000935,0.0,7942.0195488549325,32.755178524410404,0.0,0.0,0.059871,16.6,0.0,32.754817285499065,0.059871,0.059871,0.0,0.0,0.059871,0.0,0.0,0.0,0.059871,0.0,0.059871,0.0,49104000.0 
 07/21  23:01:00,34.0,18.742774559765156,32.75553875259913,18.742774559765156,0.0,7940.394421808046,32.75553875259913,0.0,0.0,0.059871,16.6,0.0,32.755178524410404,0.059871,0.059871,0.0,0.0,0.059871,0.0,0.0,0.0,0.059871,0.0,0.059871,0.0 
 07/21  23:02:00,34.0,18.742340014940577,32.75589796555322,18.742340014940577,0.0,7938.7783968166195,32.75589796555322,0.0,0.0,0.059871,16.6,0.0,32.75553875259913,0.059871,0.059871,0.0,0.0,0.059871,0.0,0.0,0.0,0.059871,0.0,0.059871,0.0 
 07/21  23:03:00,34.0,18.74190772126839,32.75625616580847,18.74190772126839,0.0,7937.170741397322,32.75625616580847,0.0,0.0,0.059871,16.6,0.0,32.75589796555322,0.059871,0.059871,0.0,0.0,0.059871,0.0,0.0,0.0,0.059871,0.0,0.059871,0.0 
 07/21  23:04:00,34.0,18.741477846094845,32.75661336022887,18.741477846094845,0.0,7935.572088189615,32.75661336022887,0.0,0.0,0.059871,16.6,0.0,32.75625616580847,0.059871,0.059871,0.0,0.0,0.059871,0.0,0.0,0.0,0.059871,0.0,0.059871,0.0 
 07/21  23:05:00,34.0,18.741050197295408,32.75696955006511,18.741050197295408,0.0,7933.981712657587,32.75696955006511,0.0,0.0,0.059871,16.6,0.0,32.75661336022887,0.059871,0.059871,0.0,0.0,0.059871,0.0,0.0,0.0,0.059871,0.0,0.059871,0.0 
 07/21  23:06:00,34.0,18.74062494038355,32.75732473245416,18.74062494038355,0.0,7932.400240643174,32.75732473245416,0.0,0.0,0.059871,16.6,0.0,32.75696955006511,0.059871,0.059871,0.0,0.0,0.059871,0.0,0.0,0.0,0.059871,0.0,0.059871,0.0 
 07/21  23:07:00,34.0,18.74020188535279,32.75767891996384,18.74020188535279,0.0,7930.826955466505,32.75767891996384,0.0,0.0,0.059871,16.6,0.0,32.75732473245416,0.059871,0.059871,0.0,0.0,0.059871,0.0,0.0,0.0,0.059871,0.0,0.059871,0.0 
 07/21  23:08:00,34.0,18.739781196450835,32.758032108157906,18.739781196450835,0.0,7929.262465736683,32.758032108157906,0.0,0.0,0.059871,16.6,0.0,32.75767891996384,0.059871,0.059871,0.0,0.0,0.059871,0.0,0.0,0.0,0.059871,0.0,0.059871,0.0 
 07/21  23:09:00,34.0,18.73936268531476,32.758384299576264,18.73936268531476,0.0,7927.706085947261,32.758384299576264,0.0,0.0,0.059871,16.6,0.0,32.758032108157906,0.059871,0.059871,0.0,0.0,0.059871,0.0,0.0,0.0,0.059871,0.0,0.059871,0.0 
 07/21  23:10:00,34.0,18.73894651409253,32.75873550101111,18.73894651409253,0.0,7926.158404386874,32.75873550101111,0.0,0.0,0.059871,16.6,0.0,32.758384299576264,0.059871,0.059871,0.0,0.0,0.059871,0.0,0.0,0.0,0.059871,0.0,0.059871,0.0 
 07/21  23:11:00,34.0,18.738532496469972,32.759085713731565,18.738532496469972,0.0,7924.618743137125,32.759085713731565,0.0,0.0,0.059871,16.6,0.0,32.75873550101111,0.059871,0.059871,0.0,0.0,0.059871,0.0,0.0,0.0,0.059871,0.0,0.059871,0.0 
 07/21  23:12:00,34.0,18.7381207929264,32.759434934926944,18.7381207929264,0.0,7923.087684308489,32.759434934926944,0.0,0.0,0.059871,16.6,0.0,32.759085713731565,0.059871,0.059871,0.0,0.0,0.059871,0.0,0.0,0.0,0.059871,0.0,0.059871,0.0 
 07/21  23:13:00,34.0,18.73771121982743,32.75978317703432,18.73771121982743,0.0,7921.564547386101,32.75978317703432,0.0,0.0,0.059871,16.6,0.0,32.759434934926944,0.059871,0.059871,0.0,0.0,0.059871,0.0,0.0,0.0,0.059871,0.0,0.059871,0.0 
 07/21  23:14:00,34.0,18.73730393549363,32.76013043568925,18.73730393549363,0.0,7920.049931534622,32.76013043568925,0.0,0.0,0.059871,16.6,0.0,32.75978317703432,0.059871,0.059871,0.0,0.0,0.059871,0.0,0.0,0.0,0.059871,0.0,0.059871,0.0 
 07/21  23:15:00,34.0,18.736898758010753,32.7604767134282,18.736898758010753,0.0,7918.543150089213,32.7604767134282,0.0,0.0,0.059871,16.6,0.0,32.76013043568925,0.059871,0.059871,0.0,0.0,0.059871,0.0,0.0,0.0,0.059871,0.0,0.059871,0.0 
 07/21  23:16:00,34.0,18.73649584449105,32.76082201696784,18.73649584449105,0.0,7917.044785216526,32.76082201696784,0.0,0.0,0.059871,16.6,0.0,32.7604767134282,0.059871,0.059871,0.0,0.0,0.059871,0.0,0.0,0.0,0.059871,0.0,0.059871,0.0 
 07/21  23:17:00,34.0,18.73609501521152,32.7611663475884,18.73609501521152,0.0,7915.554170898736,32.7611663475884,0.0,0.0,0.059871,16.6,0.0,32.76082201696784,0.059871,0.059871,0.0,0.0,0.059871,0.0,0.0,0.0,0.059871,0.0,0.059871,0.0 
 07/21  23:18:00,34.0,18.735696424904464,32.76150970252775,18.735696424904464,0.0,7914.071892992606,32.76150970252775,0.0,0.0,0.059871,16.6,0.0,32.7611663475884,0.059871,0.059871,0.0,0.0,0.059871,0.0,0.0,0.0,0.059871,0.0,0.059871,0.0 
 07/21  23:19:00,34.0,18.735299895533558,32.761852094085796,18.735299895533558,0.0,7912.5972792170205,32.761852094085796,0.0,0.0,0.059871,16.6,0.0,32.76150970252775,0.059871,0.059871,0.0,0.0,0.059871,0.0,0.0,0.0,0.059871,0.0,0.059871,0.0 
 07/21  23:20:00,34.0,18.73490558077462,32.762193517966416,18.73490558077462,0.0,7911.130899003992,32.762193517966416,0.0,0.0,0.059871,16.6,0.0,32.761852094085796,0.059871,0.059871,0.0,0.0,0.059871,0.0,0.0,0.0,0.059871,0.0,0.059871,0.0 
 07/21  23:21:00,34.0,18.73451330428214,32.76253397669654,18.73451330428214,0.0,7909.672111356017,32.76253397669654,0.0,0.0,0.059871,16.6,0.0,32.762193517966416,0.059871,0.059871,0.0,0.0,0.059871,0.0,0.0,0.0,0.059871,0.0,0.059871,0.0 
 07/21  23:22:00,34.0,18.734123217878555,32.76287347691477,18.734123217878555,0.0,7908.221466329951,32.76287347691477,0.0,0.0,0.059871,16.6,0.0,32.76253397669654,0.059871,0.059871,0.0,0.0,0.059871,0.0,0.0,0.0,0.059871,0.0,0.059871,0.0 
 07/21  23:23:00,34.0,18.733735148263378,32.76321201990673,18.733735148263378,0.0,7906.778309214724,32.76321201990673,0.0,0.0,0.059871,16.6,0.0,32.76287347691477,0.059871,0.059871,0.0,0.0,0.059871,0.0,0.0,0.0,0.059871,0.0,0.059871,0.0 
 07/21  23:24:00,34.0,18.733349244815237,32.763549602956125,18.733349244815237,0.0,7905.34323100841,32.763549602956125,0.0,0.0,0.059871,16.6,0.0,32.76321201990673,0.059871,0.059871,0.0,0.0,0.059871,0.0,0.0,0.0,0.059871,0.0,0.059871,0.0 
 07/21  23:25:00,34.0,18.73296533560691,32.76388623822064,18.73296533560691,0.0,7903.915557096575,32.76388623822064,0.0,0.0,0.059871,16.6,0.0,32.763549602956125,0.059871,0.059871,0.0,0.0,0.059871,0.0,0.0,0.0,0.059871,0.0,0.059871,0.0 
 07/21  23:26:00,34.0,18.732583569468193,32.7642219214694,18.732583569468193,0.0,7902.495851449803,32.7642219214694,0.0,0.0,0.059871,16.6,0.0,32.76388623822064,0.059871,0.059871,0.0,0.0,0.059871,0.0,0.0,0.0,0.059871,0.0,0.059871,0.0 
 07/21  23:27:00,34.0,18.732203775670605,32.76455665521401,18.732203775670605,0.0,7901.083493873848,32.76455665521401,0.0,0.0,0.059871,16.6,0.0,32.7642219214694,0.059871,0.059871,0.0,0.0,0.059871,0.0,0.0,0.0,0.059871,0.0,0.059871,0.0 
 07/21  23:28:00,34.0,18.731826100987956,32.764890446012046,18.731826100987956,0.0,7899.679015732081,32.764890446012046,0.0,0.0,0.059871,16.6,0.0,32.76455665521401,0.059871,0.059871,0.0,0.0,0.059871,0.0,0.0,0.0,0.059871,0.0,0.059871,0.0 
 07/21  23:29:00,34.0,18.731450377137328,32.76522329514843,18.731450377137328,0.0,7898.281793407168,32.76522329514843,0.0,0.0,0.059871,16.6,0.0,32.764890446012046,0.059871,0.059871,0.0,0.0,0.059871,0.0,0.0,0.0,0.059871,0.0,0.059871,0.0 
 07/21  23:30:00,34.0,18.731076749607695,32.76555519994907,18.731076749607695,0.0,7896.892365992821,32.76555519994907,0.0,0.0,0.059871,16.6,0.0,32.76522329514843,0.059871,0.059871,0.0,0.0,0.059871,0.0,0.0,0.0,0.059871,0.0,0.059871,0.0 
 07/21  23:31:00,34.0,18.73070505191759,32.76588617242439,18.73070505191759,0.0,7895.510116548389,32.76588617242439,0.0,0.0,0.059871,16.6,0.0,32.76555519994907,0.059871,0.059871,0.0,0.0,0.059871,0.0,0.0,0.0,0.059871,0.0,0.059871,0.0 
 07/21  23:32:00,34.0,18.73033542781992,32.766216208405545,18.73033542781992,0.0,7894.135577734269,32.766216208405545,0.0,0.0,0.059871,16.6,0.0,32.76588617242439,0.059871,0.059871,0.0,0.0,0.059871,0.0,0.0,0.0,0.059871,0.0,0.059871,0.0 
 07/21  23:33:00,34.0,18.729967711993655,32.76654531038429,18.729967711993655,0.0,7892.7681493830005,32.76654531038429,0.0,0.0,0.059871,16.6,0.0,32.766216208405545,0.059871,0.059871,0.0,0.0,0.059871,0.0,0.0,0.0,0.059871,0.0,0.059871,0.0 
 07/21  23:34:00,34.0,18.7296020470299,32.76687348483597,18.7296020470299,0.0,7891.4083349033535,32.76687348483597,0.0,0.0,0.059871,16.6,0.0,32.76654531038429,0.059871,0.059871,0.0,0.0,0.059871,0.0,0.0,0.0,0.059871,0.0,0.059871,0.0 
 07/21  23:35:00,34.0,18.729238269708507,32.767200733041626,18.729238269708507,0.0,7890.05555438363,32.767200733041626,0.0,0.0,0.059871,16.6,0.0,32.76687348483597,0.059871,0.059871,0.0,0.0,0.059871,0.0,0.0,0.0,0.059871,0.0,0.059871,0.0 
 07/21  23:36:00,34.0,18.728876521101363,32.76752705236882,18.728876521101363,0.0,7888.710305612412,32.76752705236882,0.0,0.0,0.059871,16.6,0.0,32.767200733041626,0.059871,0.059871,0.0,0.0,0.059871,0.0,0.0,0.0,0.059871,0.0,0.059871,0.0 
 07/21  23:37:00,34.0,18.728516639670627,32.76785245467961,18.728516639670627,0.0,7887.372014903558,32.76785245467961,0.0,0.0,0.059871,16.6,0.0,32.76752705236882,0.059871,0.059871,0.0,0.0,0.059871,0.0,0.0,0.0,0.059871,0.0,0.059871,0.0 
 07/21  23:38:00,34.0,18.72815876433137,32.76817693586749,18.72815876433137,0.0,7886.041184522737,32.76817693586749,0.0,0.0,0.059871,16.6,0.0,32.76785245467961,0.059871,0.059871,0.0,0.0,0.059871,0.0,0.0,0.0,0.059871,0.0,0.059871,0.0 
 07/21  23:39:00,34.0,18.727802736252556,32.7685004984032,18.727802736252556,0.0,7884.717213425652,32.7685004984032,0.0,0.0,0.059871,16.6,0.0,32.76817693586749,0.059871,0.059871,0.0,0.0,0.059871,0.0,0.0,0.0,0.059871,0.0,0.059871,0.0 
 07/21  23:40:00,34.0,18.72744869269152,32.768823148681186,18.72744869269152,0.0,7883.40063511981,32.768823148681186,0.0,0.0,0.059871,16.6,0.0,32.7685004984032,0.059871,0.059871,0.0,0.0,0.059871,0.0,0.0,0.0,0.059871,0.0,0.059871,0.0 
 07/21  23:41:00,34.0,18.727096475729912,32.76914488797735,18.727096475729912,0.0,7882.090851941657,32.76914488797735,0.0,0.0,0.059871,16.6,0.0,32.768823148681186,0.059871,0.059871,0.0,0.0,0.059871,0.0,0.0,0.0,0.059871,0.0,0.059871,0.0 
 07/21  23:42:00,34.0,18.7267462220047,32.76946571370114,18.7267462220047,0.0,7880.78835773129,32.76946571370114,0.0,0.0,0.059871,16.6,0.0,32.76914488797735,0.059871,0.059871,0.0,0.0,0.059871,0.0,0.0,0.0,0.059871,0.0,0.059871,0.0 
 07/21  23:43:00,34.0,18.726397775190055,32.769785637565505,18.726397775190055,0.0,7879.492598091324,32.769785637565505,0.0,0.0,0.059871,16.6,0.0,32.76946571370114,0.059871,0.059871,0.0,0.0,0.059871,0.0,0.0,0.0,0.059871,0.0,0.059871,0.0 
 07/21  23:44:00,34.0,18.726051269665646,32.77010465552575,18.726051269665646,0.0,7878.20405849473,32.77010465552575,0.0,0.0,0.059871,16.6,0.0,32.769785637565505,0.059871,0.059871,0.0,0.0,0.059871,0.0,0.0,0.0,0.059871,0.0,0.059871,0.0 
 07/21  23:45:00,34.0,18.725706551704683,32.770422770029604,18.725706551704683,0.0,7876.9221568284,32.770422770029604,0.0,0.0,0.059871,16.6,0.0,32.77010465552575,0.059871,0.059871,0.0,0.0,0.059871,0.0,0.0,0.0,0.059871,0.0,0.059871,0.0 
 07/21  23:46:00,34.0,18.72536375411133,32.77073998739046,18.72536375411133,0.0,7875.647410070237,32.77073998739046,0.0,0.0,0.059871,16.6,0.0,32.770422770029604,0.059871,0.059871,0.0,0.0,0.059871,0.0,0.0,0.0,0.059871,0.0,0.059871,0.0 
 07/21  23:47:00,34.0,18.72502272405888,32.771056308876524,18.72502272405888,0.0,7874.379239441191,32.771056308876524,0.0,0.0,0.059871,16.6,0.0,32.77073998739046,0.059871,0.059871,0.0,0.0,0.059871,0.0,0.0,0.0,0.059871,0.0,0.059871,0.0 
 07/21  23:48:00,34.0,18.724683593807054,32.77137173193779,18.724683593807054,0.0,7873.118122574247,32.77137173193779,0.0,0.0,0.059871,16.6,0.0,32.771056308876524,0.059871,0.059871,0.0,0.0,0.059871,0.0,0.0,0.0,0.059871,0.0,0.059871,0.0 
 07/21  23:49:00,34.0,18.724346212614456,32.771686268136186,18.724346212614456,0.0,7871.863513306475,32.771686268136186,0.0,0.0,0.059871,16.6,0.0,32.77137173193779,0.059871,0.059871,0.0,0.0,0.059871,0.0,0.0,0.0,0.059871,0.0,0.059871,0.0 
 07/21  23:50:00,34.0,18.724010710087402,32.771999913486965,18.724010710087402,0.0,7870.615904308274,32.771999913486965,0.0,0.0,0.059871,16.6,0.0,32.771686268136186,0.059871,0.059871,0.0,0.0,0.059871,0.0,0.0,0.0,0.059871,0.0,0.059871,0.0 
 07/21  23:51:00,34.0,18.723676937175505,32.77231267041179,18.723676937175505,0.0,7869.374718374479,32.77231267041179,0.0,0.0,0.059871,16.6,0.0,32.771999913486965,0.059871,0.059871,0.0,0.0,0.059871,0.0,0.0,0.0,0.059871,0.0,0.059871,0.0 
 07/21  23:52:00,34.0,18.723345022924963,32.77262454514182,18.723345022924963,0.0,7868.140446102029,32.77262454514182,0.0,0.0,0.059871,16.6,0.0,32.77231267041179,0.059871,0.059871,0.0,0.0,0.059871,0.0,0.0,0.0,0.059871,0.0,0.059871,0.0 
 07/21  23:53:00,34.0,18.723014819632247,32.77293553893415,18.723014819632247,0.0,7866.912540145308,32.77293553893415,0.0,0.0,0.059871,16.6,0.0,32.77262454514182,0.059871,0.059871,0.0,0.0,0.059871,0.0,0.0,0.0,0.059871,0.0,0.059871,0.0 
 07/21  23:54:00,34.0,18.72268645520145,32.77324564927698,18.72268645520145,0.0,7865.691462009968,32.77324564927698,0.0,0.0,0.059871,16.6,0.0,32.77293553893415,0.059871,0.059871,0.0,0.0,0.059871,0.0,0.0,0.0,0.059871,0.0,0.059871,0.0 
 07/21  23:55:00,34.0,18.722359783030136,32.773554887578776,18.722359783030136,0.0,7864.476693281763,32.773554887578776,0.0,0.0,0.059871,16.6,0.0,32.77324564927698,0.059871,0.059871,0.0,0.0,0.059871,0.0,0.0,0.0,0.059871,0.0,0.059871,0.0 
 07/21  23:56:00,34.0,18.722034928863724,32.77386324991213,18.722034928863724,0.0,7863.268687465065,32.77386324991213,0.0,0.0,0.059871,16.6,0.0,32.773554887578776,0.059871,0.059871,0.0,0.0,0.059871,0.0,0.0,0.0,0.059871,0.0,0.059871,0.0 
 07/21  23:57:00,34.0,18.721711748728314,32.774170738669376,18.721711748728314,0.0,7862.0668986188,32.774170738669376,0.0,0.0,0.059871,16.6,0.0,32.77386324991213,0.059871,0.059871,0.0,0.0,0.059871,0.0,0.0,0.0,0.059871,0.0,0.059871,0.0 
 07/21  23:58:00,34.0,18.721390367546675,32.774477359998066,18.721390367546675,0.0,7860.871802046918,32.774477359998066,0.0,0.0,0.059871,16.6,0.0,32.774170738669376,0.059871,0.059871,0.0,0.0,0.059871,0.0,0.0,0.0,0.059871,0.0,0.059871,0.0 
 07/21  23:59:00,34.0,18.721070642281756,32.774783115141155,18.721070642281756,0.0,7859.682867698461,32.774783115141155,0.0,0.0,0.059871,16.6,0.0,32.774477359998066,0.059871,0.059871,0.0,0.0,0.059871,0.0,0.0,0.0,0.059871,0.0,0.059871,0.0 
 07/21  24:00:00,34.0,18.720752696120414,32.77508800162311,18.720752696120414,0.0,7858.500552022861,32.77508800162311,0.0,0.0,0.059871,16.6,0.0,32.774783115141155,0.059871,0.059871,0.0,0.0,0.059871,0.0,0.0,0.0,0.059871,0.0,0.059871,0.0,49104000.0 
 07/21  00:01:00,24.0,20.285463433288115,32.442837627173034,20.285463433288115,22285.50813249439,0.0,32.442837627173034,0.0,0.0,0.059871,26.3,0.0,32.75278871196899,0.059871,0.059871,0.0,0.0,0.059871,0.0,0.0,0.0,0.059871,0.0,0.059871,0.0 
 07/21  00:02:00,24.0,22.25968724328471,31.96076062008715,22.25968724328471,14958.372523634898,0.0,31.96076062008715,0.0,0.0,0.059871,26.3,0.0,32.442837627173034,0.059871,0.059871,0.0,0.0,0.059871,0.0,0.0,0.0,0.059871,0.0,0.059871,0.0 
 07/21  00:03:00,24.0,23.73767365437182,31.45237253330522,23.73767365437182,9476.142399109598,0.0,31.45237253330522,0.0,0.0,0.059871,26.3,0.0,31.96076062008715,0.059871,0.059871,0.0,0.0,0.059871,0.0,0.0,0.0,0.059871,0.0,0.059871,0.0 
 07/21  00:04:00,24.0,24.502887412230123,30.98274177237719,24.502887412230123,6640.095569430032,0.0,30.98274177237719,0.0,0.0,0.059871,26.3,0.0,31.45237253330522,0.059871,0.059871,0.0,0.0,0.059871,0.0,0.0,0.0,0.059871,0.0,0.059871,0.0 
 07/21  00:05:00,24.0,24.78970335153977,30.563465539063206,24.78970335153977,5576.891566589115,0.0,30.563465539063206,0.0,0.0,0.059871,26.3,0.0,30.98274177237719,0.059871,0.059871,0.0,0.0,0.059871,0.0,0.0,0.0,0.059871,0.0,0.059871,0.0 
 07/21  00:06:00,24.0,24.880719014005937,30.187170913504065,24.880719014005937,5238.83097358882,0.0,30.187170913504065,0.0,0.0,0.059871,26.3,0.0,30.563465539063206,0.059871,0.059871,0.0,0.0,0.059871,0.0,0.0,0.0,0.059871,0.0,0.059871,0.0 
 07/21  00:07:00,24.0,24.93416637686873,29.844593538458536,24.93416637686873,5040.403488947509,0.0,29.844593538458536,0.0,0.0,0.059871,26.3,0.0,30.187170913504065,0.059871,0.059871,0.0,0.0,0.059871,0.0,0.0,0.0,0.059871,0.0,0.059871,0.0 
 07/21  00:08:00,24.0,24.995301354205193,29.528998304870495,24.995301354205193,4814.105433256491,0.0,29.528998304870495,0.0,0.0,0.059871,26.3,0.0,29.844593538458536,0.059871,0.059871,0.0,0.0,0.059871,0.0,0.0,0.0,0.059871,0.0,0.059871,0.0 
 07/21  00:09:00,24.0,25.061286396352333,29.237461217736456,25.061286396352333,4570.194724593148,0.0,29.237461217736456,0.0,0.0,0.059871,26.3,0.0,29.528998304870495,0.059871,0.059871,0.0,0.0,0.059871,0.0,0.0,0.0,0.059871,0.0,0.059871,0.0 
 07/21  00:10:00,24.0,25.122322058664686,28.967873290370814,25.122322058664686,4344.718164008887,0.0,28.967873290370814,0.0,0.0,0.059871,26.3,0.0,29.237461217736456,0.059871,0.059871,0.0,0.0,0.059871,0.0,0.0,0.0,0.059871,0.0,0.059871,0.0 
 07/21  00:11:00,24.0,25.175386100978674,28.719064142243646,25.175386100978674,4148.763396683025,0.0,28.719064142243646,0.0,0.0,0.059871,26.3,0.0,28.967873290370814,0.059871,0.059871,0.0,0.0,0.059871,0.0,0.0,0.0,0.059871,0.0,0.059871,0.0 
 07/21  00:12:00,24.0,25.222160297427276,28.489893722268413,25.222160297427276,3976.087021685962,0.0,28.489893722268413,0.0,0.0,0.059871,26.3,0.0,28.719064142243646,0.059871,0.059871,0.0,0.0,0.059871,0.0,0.0,0.0,0.059871,0.0,0.059871,0.0 
 07/21  00:13:00,24.0,25.265476597717527,28.27909451442414,25.265476597717527,3816.215989635998,0.0,28.27909451442414,0.0,0.0,0.059871,26.3,0.0,28.489893722268413,0.059871,0.059871,0.0,0.0,0.059871,0.0,0.0,0.0,0.059871,0.0,0.059871,0.0 
 07/21  00:14:00,24.0,25.307004215749345,28.085336155186166,25.307004215749345,3662.975228013952,0.0,28.085336155186166,0.0,0.0,0.059871,26.3,0.0,28.27909451442414,0.059871,0.059871,0.0,0.0,0.059871,0.0,0.0,0.0,0.059871,0.0,0.059871,0.0 
 07/21  00:15:00,24.0,25.347505123197433,27.907307202329484,25.347505123197433,3513.542357704887,0.0,27.907307202329484,0.0,0.0,0.059871,26.3,0.0,28.085336155186166,0.059871,0.059871,0.0,0.0,0.059871,0.0,0.0,0.0,0.059871,0.0,0.059871,0.0 
 07/21  00:16:00,24.0,25.387064029913848,27.743760354330202,25.387064029913848,3367.5974248744023,0.0,27.743760354330202,0.0,0.0,0.059871,26.3,0.0,27.907307202329484,0.059871,0.059871,0.0,0.0,0.059871,0.0,0.0,0.0,0.059871,0.0,0.059871,0.0 
 07/21  00:17:00,24.0,25.42576271967454,27.593527647893396,25.42576271967454,3224.83400269904,0.0,27.593527647893396,0.0,0.0,0.059871,26.3,0.0,27.743760354330202,0.059871,0.059871,0.0,0.0,0.059871,0.0,0.0,0.0,0.059871,0.0,0.059871,0.0 
 07/21  00:18:00,24.0,25.46359359762771,27.45552260631297,25.46359359762771,3085.2771013162283,0.0,27.45552260631297,0.0,0.0,0.059871,26.3,0.0,27.593527647893396,0.059871,0.059871,0.0,0.0,0.059871,0.0,0.0,0.0,0.059871,0.0,0.059871,0.0 
 07/21  00:19:00,24.0,25.50068280177045,27.32873761658401,25.50068280177045,2948.4595125613123,0.0,27.32873761658401,0.0,0.0,0.059871,26.3,0.0,27.45552260631297,0.059871,0.059871,0.0,0.0,0.059871,0.0,0.0,0.0,0.059871,0.0,0.059871,0.0 
 07/21  00:20:00,24.0,25.53705755152316,27.21224028065838,25.53705755152316,2814.279595444559,0.0,27.21224028065838,0.0,0.0,0.059871,26.3,0.0,27.32873761658401,0.059871,0.059871,0.0,0.0,0.059871,0.0,0.0,0.0,0.059871,0.0,0.059871,0.0 
 07/21  00:21:00,24.0,25.572820364585436,27.105169376976722,25.572820364585436,2682.3583902886003,0.0,27.105169376976722,0.0,0.0,0.059871,26.3,0.0,27.21224028065838,0.059871,0.059871,0.0,0.0,0.059871,0.0,0.0,0.0,0.059871,0.0,0.059871,0.0 
 07/21  00:22:00,24.0,25.607969019194158,27.006731232284178,25.607969019194158,2552.7035740073507,0.0,27.006731232284178,0.0,0.0,0.059871,26.3,0.0,27.105169376976722,0.059871,0.059871,0.0,0.0,0.059871,0.0,0.0,0.0,0.059871,0.0,0.059871,0.0 
 07/21  00:23:00,24.0,25.642573361589445,26.91619537707252,25.642573361589445,2425.0571687714864,0.0,26.91619537707252,0.0,0.0,0.059871,26.3,0.0,27.006731232284178,0.059871,0.059871,0.0,0.0,0.059871,0.0,0.0,0.0,0.059871,0.0,0.059871,0.0 
 07/21  00:24:00,24.0,25.676617547042383,26.832890727327246,25.676617547042383,2299.4774054573145,0.0,26.832890727327246,0.0,0.0,0.059871,26.3,0.0,26.91619537707252,0.059871,0.059871,0.0,0.0,0.059871,0.0,0.0,0.0,0.059871,0.0,0.059871,0.0 
 07/21  00:25:00,24.0,25.71015872113934,26.756200930682795,25.71015872113934,2175.7533518387436,0.0,26.756200930682795,0.0,0.0,0.059871,26.3,0.0,26.832890727327246,0.059871,0.059871,0.0,0.0,0.059871,0.0,0.0,0.0,0.059871,0.0,0.059871,0.0 
 07/21  00:26:00,24.0,25.743178013398687,26.68556109195866,25.743178013398687,2053.954526641178,0.0,26.68556109195866,0.0,0.0,0.059871,26.3,0.0,26.756200930682795,0.059871,0.059871,0.0,0.0,0.059871,0.0,0.0,0.0,0.059871,0.0,0.059871,0.0 
 07/21  00:27:00,24.0,25.77572537402502,26.6204531855581,25.77572537402502,1933.8966209540922,0.0,26.6204531855581,0.0,0.0,0.059871,26.3,0.0,26.68556109195866,0.059871,0.059871,0.0,0.0,0.059871,0.0,0.0,0.0,0.059871,0.0,0.059871,0.0 
 07/21  00:28:00,24.0,25.80778020180997,26.56040296875264,25.80778020180997,1815.6555900375088,0.0,26.56040296875264,0.0,0.0,0.059871,26.3,0.0,26.6204531855581,0.059871,0.059871,0.0,0.0,0.059871,0.0,0.0,0.0,0.059871,0.0,0.059871,0.0 
 07/21  00:29:00,24.0,25.839386810930243,26.504976111313525,25.839386810930243,1699.0679483389795,0.0,26.504976111313525,0.0,0.0,0.059871,26.3,0.0,26.56040296875264,0.059871,0.059871,0.0,0.0,0.059871,0.0,0.0,0.0,0.059871,0.0,0.059871,0.0 
 07/21  00:30:00,24.0,25.870523610171766,26.453775479926406,25.870523610171766,1584.2133245698824,0.0,26.453775479926406,0.0,0.0,0.059871,26.3,0.0,26.504976111313525,0.059871,0.059871,0.0,0.0,0.059871,0.0,0.0,0.0,0.059871,0.0,0.059871,0.0 
 07/21  00:31:00,24.0,25.90123069824512,26.406437403260586,25.90123069824512,1470.9437966920996,0.0,26.406437403260586,0.0,0.0,0.059871,26.3,0.0,26.453775479926406,0.059871,0.059871,0.0,0.0,0.059871,0.0,0.0,0.0,0.059871,0.0,0.059871,0.0 
 07/21  00:32:00,24.0,25.931486156222277,26.36262976329976,25.931486156222277,1359.340211149547,0.0,26.36262976329976,0.0,0.0,0.059871,26.3,0.0,26.406437403260586,0.059871,0.059871,0.0,0.0,0.059871,0.0,0.0,0.0,0.059871,0.0,0.059871,0.0 
 07/21  00:33:00,24.0,25.961326827254503,26.322048589917593,25.961326827254503,1249.2666604128044,0.0,26.322048589917593,0.0,0.0,0.059871,26.3,0.0,26.36262976329976,0.059871,0.059871,0.0,0.0,0.059871,0.0,0.0,0.0,0.059871,0.0,0.059871,0.0 
 07/21  00:34:00,24.0,25.99073081130157,26.28441630066475,25.99073081130157,1140.8039248902242,0.0,26.28441630066475,0.0,0.0,0.059871,26.3,0.0,26.322048589917593,0.059871,0.059871,0.0,0.0,0.059871,0.0,0.0,0.0,0.059871,0.0,0.059871,0.0 
 07/21  00:35:00,24.0,26.019732297395787,26.249478998682747,26.019732297395787,1033.825889646164,0.0,26.249478998682747,0.0,0.0,0.059871,26.3,0.0,26.28441630066475,0.059871,0.059871,0.0,0.0,0.059871,0.0,0.0,0.0,0.059871,0.0,0.059871,0.0 
 07/21  00:36:00,24.0,26.048309601883535,26.217004986799864,26.048309601883535,928.4125383779474,0.0,26.217004986799864,0.0,0.0,0.059871,26.3,0.0,26.249478998682747,0.059871,0.059871,0.0,0.0,0.059871,0.0,0.0,0.0,0.059871,0.0,0.059871,0.0 
 07/21  00:37:00,24.0,26.076494679775543,26.18678220738747,26.076494679775543,824.4459977435918,0.0,26.18678220738747,0.0,0.0,0.059871,26.3,0.0,26.217004986799864,0.059871,0.059871,0.0,0.0,0.059871,0.0,0.0,0.0,0.059871,0.0,0.059871,0.0 
 07/21  00:38:00,24.0,26.10426619653669,26.15861730841205,26.10426619653669,722.0049642383992,0.0,26.15861730841205,0.0,0.0,0.059871,26.3,0.0,26.18678220738747,0.059871,0.059871,0.0,0.0,0.059871,0.0,0.0,0.0,0.059871,0.0,0.059871,0.0 
 07/21  00:39:00,24.0,26.13165417583208,26.1323333550491,26.13165417583208,620.9786890680425,0.0,26.1323333550491,0.0,0.0,0.059871,26.3,0.0,26.15861730841205,0.059871,0.059871,0.0,0.0,0.059871,0.0,0.0,0.0,0.059871,0.0,0.059871,0.0 
 07/21  00:40:00,24.0,26.158637721086485,26.107768957811672,26.158637721086485,521.4442534583304,0.0,26.107768957811672,0.0,0.0,0.059871,26.3,0.0,26.1323333550491,0.059871,0.059871,0.0,0.0,0.059871,0.0,0.0,0.0,0.059871,0.0,0.059871,0.0 
 07/21  00:41:00,24.0,26.1852451408237,26.08477647700611,26.1852451408237,423.29723542064585,0.0,26.08477647700611,0.0,0.0,0.059871,26.3,0.0,26.107768957811672,0.059871,0.059871,0.0,0.0,0.059871,0.0,0.0,0.0,0.059871,0.0,0.059871,0.0 
 07/21  00:42:00,24.0,26.211456033446524,26.063221301003775,26.211456033446524,326.6128904443485,0.0,26.063221301003775,0.0,0.0,0.059871,26.3,0.0,26.08477647700611,0.059871,0.059871,0.0,0.0,0.059871,0.0,0.0,0.0,0.059871,0.0,0.059871,0.0 
 07/21  00:43:00,24.0,26.23729714437417,26.04298016243763,26.23729714437417,231.29256243651525,0.0,26.04298016243763,0.0,0.0,0.059871,26.3,0.0,26.063221301003775,0.059871,0.059871,0.0,0.0,0.059871,0.0,0.0,0.0,0.059871,0.0,0.059871,0.0 
 07/21  00:44:00,24.0,26.262748599889612,26.02394073127718,26.262748599889612,137.40955972651136,0.0,26.02394073127718,0.0,0.0,0.059871,26.3,0.0,26.04298016243763,0.059871,0.059871,0.0,0.0,0.059871,0.0,0.0,0.0,0.059871,0.0,0.059871,0.0 
 07/21  00:45:00,24.0,26.287835684904305,26.00600011178752,26.287835684904305,44.8706136312876,0.0,26.00600011178752,0.0,0.0,0.059871,26.3,0.0,26.02394073127718,0.059871,0.059871,0.0,0.0,0.059871,0.0,0.0,0.0,0.059871,0.0,0.059871,0.0 
 07/21  00:46:00,24.0,26.31253906624777,25.989064443694517,26.31253906624777,0.0,46.25296142470688,25.989064443694517,0.0,0.0,0.059871,26.3,0.0,26.00600011178752,0.059871,0.059871,0.0,0.0,0.059871,0.0,0.0,0.0,0.059871,0.0,0.059871,0.0 
 07/21  00:47:00,24.0,26.33688263097941,25.973047667505277,26.33688263097941,0.0,136.0492778472917,25.973047667505277,0.0,0.0,0.059871,26.3,0.0,25.989064443694517,0.059871,0.059871,0.0,0.0,0.059871,0.0,0.0,0.0,0.059871,0.0,0.059871,0.0 
 07/21  00:48:00,24.0,26.36084758063437,25.95787108186139,26.36084758063437,0.0,224.4489935801903,25.95787108186139,0.0,0.0,0.059871,26.3,0.0,25.973047667505277,0.059871,0.059871,0.0,0.0,0.059871,0.0,0.0,0.0,0.059871,0.0,0.059871,0.0 
 07/21  00:49:00,24.0,26.38445643311502,25.94346170374327,26.38445643311502,0.0,311.53517060482955,25.94346170374327,0.0,0.0,0.059871,26.3,0.0,25.95787108186139,0.059871,0.059871,0.0,0.0,0.059871,0.0,0.0,0.0,0.059871,0.0,0.059871,0.0 
 07/21  00:50:00,24.0,26.407690900501073,25.92976060317485,26.407690900501073,0.0,397.2403501132703,25.92976060317485,0.0,0.0,0.059871,26.3,0.0,25.94346170374327,0.059871,0.059871,0.0,0.0,0.059871,0.0,0.0,0.0,0.059871,0.0,0.059871,0.0 
 07/21  00:51:00,24.0,26.430572129318854,25.916713334298223,26.430572129318854,0.0,481.6425354792909,25.916713334298223,0.0,0.0,0.059871,26.3,0.0,25.92976060317485,0.059871,0.059871,0.0,0.0,0.059871,0.0,0.0,0.0,0.059871,0.0,0.059871,0.0 
 07/21  00:52:00,24.0,26.453082298297396,25.904268132555767,26.453082298297396,0.0,564.6759892277578,25.904268132555767,0.0,0.0,0.059871,26.3,0.0,25.916713334298223,0.059871,0.059871,0.0,0.0,0.059871,0.0,0.0,0.0,0.059871,0.0,0.059871,0.0 
 07/21  00:53:00,24.0,26.475241149603043,25.89237596612543,26.475241149603043,0.0,646.4135344573833,25.89237596612543,0.0,0.0,0.059871,26.3,0.0,25.904268132555767,0.059871,0.059871,0.0,0.0,0.059871,0.0,0.0,0.0,0.059871,0.0,0.059871,0.0 
 07/21  00:54:00,24.0,26.49703126154007,25.88099137668727,26.49703126154007,0.0,726.7909076094111,25.88099137668727,0.0,0.0,0.059871,26.3,0.0,25.89237596612543,0.059871,0.059871,0.0,0.0,0.059871,0.0,0.0,0.0,0.059871,0.0,0.059871,0.0 
 07/21  00:55:00,24.0,26.518470904988686,25.870072280786097,26.518470904988686,0.0,805.875504636715,25.870072280786097,0.0,0.0,0.059871,26.3,0.0,25.88099137668727,0.059871,0.059871,0.0,0.0,0.059871,0.0,0.0,0.0,0.059871,0.0,0.059871,0.0 
 07/21  00:56:00,24.0,26.53954296120442,25.859580213276452,26.53954296120442,0.0,883.6041794793891,25.859580213276452,0.0,0.0,0.059871,26.3,0.0,25.870072280786097,0.059871,0.059871,0.0,0.0,0.059871,0.0,0.0,0.0,0.059871,0.0,0.059871,0.0 
 07/21  00:57:00,24.0,26.56026412131651,25.849479767021773,26.56026412131651,0.0,960.0385008493004,25.849479767021773,0.0,0.0,0.059871,26.3,0.0,25.859580213276452,0.059871,0.059871,0.0,0.0,0.059871,0.0,0.0,0.0,0.059871,0.0,0.059871,0.0 
 07/21  00:58:00,24.0,26.58061743238488,25.83973862341362,26.58061743238488,0.0,1035.1159342906612,25.83973862341362,0.0,0.0,0.059871,26.3,0.0,25.849479767021773,0.059871,0.059871,0.0,0.0,0.059871,0.0,0.0,0.0,0.059871,0.0,0.059871,0.0 
 07/21  00:59:00,24.0,26.600617841553245,25.83032706798824,26.600617841553245,0.0,1108.8916154609024,25.83032706798824,0.0,0.0,0.059871,26.3,0.0,25.83973862341362,0.059871,0.059871,0.0,0.0,0.059871,0.0,0.0,0.0,0.059871,0.0,0.059871,0.0 
 07/21  01:00:00,24.0,26.62024836530155,25.821218025429292,26.62024836530155,0.0,1181.3028971036692,25.821218025429292,0.0,0.0,0.059871,26.3,0.0,25.83032706798824,0.059871,0.059871,0.0,0.0,0.059871,0.0,0.0,0.0,0.059871,0.0,0.059871,0.0,49104000.0 
 07/21  01:01:00,24.0,26.639521961542545,25.812386587368266,26.639521961542545,0.0,1252.397577183051,25.812386587368266,0.0,0.0,0.059871,26.3,0.0,25.821218025429292,0.059871,0.059871,0.0,0.0,0.059871,0.0,0.0,0.0,0.059871,0.0,0.059871,0.0 
 07/21  01:02:00,24.0,26.658421327955107,25.80381010457215,26.658421327955107,0.0,1322.1118324784038,25.80381010457215,0.0,0.0,0.059871,26.3,0.0,25.812386587368266,0.059871,0.059871,0.0,0.0,0.059871,0.0,0.0,0.0,0.059871,0.0,0.059871,0.0 
 07/21  01:03:00,24.0,26.676957061812836,25.795467756546614,26.676957061812836,0.0,1390.4847532439271,25.795467756546614,0.0,0.0,0.059871,26.3,0.0,25.80381010457215,0.059871,0.059871,0.0,0.0,0.059871,0.0,0.0,0.0,0.059871,0.0,0.059871,0.0 
 07/21  01:04:00,24.0,26.695111102676133,25.787340615608944,26.695111102676133,0.0,1457.4497197808978,25.787340615608944,0.0,0.0,0.059871,26.3,0.0,25.795467756546614,0.059871,0.059871,0.0,0.0,0.059871,0.0,0.0,0.0,0.059871,0.0,0.059871,0.0 
 07/21  01:05:00,24.0,26.71289110531089,25.779411294286,26.71289110531089,0.0,1523.0349682899941,25.779411294286,0.0,0.0,0.059871,26.3,0.0,25.787340615608944,0.059871,0.059871,0.0,0.0,0.059871,0.0,0.0,0.0,0.059871,0.0,0.059871,0.0 
 07/21  01:06:00,24.0,26.73027754607628,25.771664012969623,26.73027754607628,0.0,1587.1684817495452,25.771664012969623,0.0,0.0,0.059871,26.3,0.0,25.779411294286,0.059871,0.059871,0.0,0.0,0.059871,0.0,0.0,0.0,0.059871,0.0,0.059871,0.0 
 07/21  01:07:00,24.0,26.747274176156374,25.764084256540883,26.747274176156374,0.0,1649.8640971844452,25.764084256540883,0.0,0.0,0.059871,26.3,0.0,25.771664012969623,0.059871,0.059871,0.0,0.0,0.059871,0.0,0.0,0.0,0.059871,0.0,0.059871,0.0 
 07/21  01:08:00,24.0,26.76385879612061,25.75665887745686,26.76385879612061,0.0,1711.0399273644452,25.75665887745686,0.0,0.0,0.059871,26.3,0.0,25.764084256540883,0.059871,0.059871,0.0,0.0,0.059871,0.0,0.0,0.0,0.059871,0.0,0.059871,0.0 
 07/21  01:09:00,24.0,26.78002954020375,25.74937578229665,26.78002954020375,0.0,1770.6890900252483,25.74937578229665,0.0,0.0,0.059871,26.3,0.0,25.75665887745686,0.059871,0.059871,0.0,0.0,0.059871,0.0,0.0,0.0,0.059871,0.0,0.059871,0.0 
 07/21  01:10:00,24.0,26.795759239387607,25.74222402151203,26.795759239387607,0.0,1828.7113665759944,25.74222402151203,0.0,0.0,0.059871,26.3,0.0,25.74937578229665,0.059871,0.059871,0.0,0.0,0.059871,0.0,0.0,0.0,0.059871,0.0,0.059871,0.0 
 07/21  01:11:00,24.0,26.81103699481343,25.7351935226857,26.81103699481343,0.0,1885.0665543027617,25.7351935226857,0.0,0.0,0.059871,26.3,0.0,25.74222402151203,0.059871,0.059871,0.0,0.0,0.059871,0.0,0.0,0.0,0.059871,0.0,0.059871,0.0 
 07/21  01:12:00,24.0,26.825825675242207,25.728275184583254,26.825825675242207,0.0,1939.617686885117,25.728275184583254,0.0,0.0,0.059871,26.3,0.0,25.7351935226857,0.059871,0.059871,0.0,0.0,0.059871,0.0,0.0,0.0,0.059871,0.0,0.059871,0.0 
 07/21  01:13:00,24.0,26.840097224937786,25.72146061999364,26.840097224937786,0.0,1992.2612748880329,25.72146061999364,0.0,0.0,0.059871,26.3,0.0,25.728275184583254,0.059871,0.059871,0.0,0.0,0.059871,0.0,0.0,0.0,0.059871,0.0,0.059871,0.0 
 07/21  01:14:00,24.0,26.853790829816862,25.7147422671148,26.853790829816862,0.0,2042.7729928798135,25.7147422671148,0.0,0.0,0.059871,26.3,0.0,25.72146061999364,0.059871,0.059871,0.0,0.0,0.059871,0.0,0.0,0.0,0.059871,0.0,0.059871,0.0 
 07/21  01:15:00,24.0,26.866834507614993,25.708113152096736,26.866834507614993,0.0,2090.8873192630426,25.708113152096736,0.0,0.0,0.059871,26.3,0.0,25.7147422671148,0.059871,0.059871,0.0,0.0,0.059871,0.0,0.0,0.0,0.059871,0.0,0.059871,0.0 
 07/21  01:16:00,24.0,26.87908108025509,25.70156699720773,26.87908108025509,0.0,2136.061357000008,25.70156699720773,0.0,0.0,0.059871,26.3,0.0,25.708113152096736,0.059871,0.059871,0.0,0.0,0.059871,0.0,0.0,0.0,0.059871,0.0,0.059871,0.0 
 07/21  01:17:00,24.0,26.890153042874026,25.69509800520547,26.890153042874026,0.0,2176.9026006580407,25.69509800520547,0.0,0.0,0.059871,26.3,0.0,25.70156699720773,0.059871,0.059871,0.0,0.0,0.059871,0.0,0.0,0.0,0.059871,0.0,0.059871,0.0 
 07/21  01:18:00,24.0,26.900496112789277,25.68870097222702,26.900496112789277,0.0,2215.0551715363463,25.68870097222702,0.0,0.0,0.059871,26.3,0.0,25.69509800520547,0.059871,0.059871,0.0,0.0,0.059871,0.0,0.0,0.0,0.059871,0.0,0.059871,0.0 
 07/21  01:19:00,24.0,26.910859286718985,25.682371082493,26.910859286718985,0.0,2253.281900265538,25.682371082493,0.0,0.0,0.059871,26.3,0.0,25.68870097222702,0.059871,0.059871,0.0,0.0,0.059871,0.0,0.0,0.0,0.059871,0.0,0.059871,0.0 
 07/21  01:20:00,24.0,26.921625265257553,25.676104025198782,26.921625265257553,0.0,2292.9944578168943,25.676104025198782,0.0,0.0,0.059871,26.3,0.0,25.682371082493,0.059871,0.059871,0.0,0.0,0.059871,0.0,0.0,0.0,0.059871,0.0,0.059871,0.0 
 07/21  01:21:00,24.0,26.93285146511642,25.66989580205903,26.93285146511642,0.0,2334.404637707289,25.66989580205903,0.0,0.0,0.059871,26.3,0.0,25.676104025198782,0.059871,0.059871,0.0,0.0,0.059871,0.0,0.0,0.0,0.059871,0.0,0.059871,0.0 
 07/21  01:22:00,24.0,26.94442717461928,25.663742848782103,26.94442717461928,0.0,2377.104056824928,25.663742848782103,0.0,0.0,0.059871,26.3,0.0,25.66989580205903,0.059871,0.059871,0.0,0.0,0.059871,0.0,0.0,0.0,0.059871,0.0,0.059871,0.0 
 07/21  01:23:00,24.0,26.95623260280822,25.657641847187474,26.95623260280822,0.0,2420.650841234001,25.657641847187474,0.0,0.0,0.059871,26.3,0.0,25.663742848782103,0.059871,0.059871,0.0,0.0,0.059871,0.0,0.0,0.0,0.059871,0.0,0.059871,0.0 
 07/21  01:24:00,24.0,26.968156456583753,25.651589852010652,26.968156456583753,0.0,2464.634463121997,25.651589852010652,0.0,0.0,0.059871,26.3,0.0,25.657641847187474,0.059871,0.059871,0.0,0.0,0.059871,0.0,0.0,0.0,0.059871,0.0,0.059871,0.0 
 07/21  01:25:00,24.0,26.980121355465485,25.645584114411182,26.980121355465485,0.0,2508.769488445946,25.645584114411182,0.0,0.0,0.059871,26.3,0.0,25.651589852010652,0.059871,0.059871,0.0,0.0,0.059871,0.0,0.0,0.0,0.059871,0.0,0.059871,0.0 
 07/21  01:26:00,24.0,26.99202308964377,25.63962220395415,26.99202308964377,0.0,2552.6715175854906,25.63962220395415,0.0,0.0,0.059871,26.3,0.0,25.645584114411182,0.059871,0.059871,0.0,0.0,0.059871,0.0,0.0,0.0,0.059871,0.0,0.059871,0.0 
 07/21  01:27:00,24.0,27.003730412083474,25.633701840615476,27.003730412083474,0.0,2595.8564184742863,25.633701840615476,0.0,0.0,0.059871,26.3,0.0,25.63962220395415,0.059871,0.059871,0.0,0.0,0.059871,0.0,0.0,0.0,0.059871,0.0,0.059871,0.0 
 07/21  01:28:00,24.0,27.015337399600796,25.62782102676881,27.015337399600796,0.0,2638.671213072671,25.62782102676881,0.0,0.0,0.059871,26.3,0.0,25.633701840615476,0.059871,0.059871,0.0,0.0,0.059871,0.0,0.0,0.0,0.059871,0.0,0.059871,0.0 
 07/21  01:29:00,24.0,27.0269526439378,25.621977872804027,27.0269526439378,0.0,2681.516464672777,25.621977872804027,0.0,0.0,0.059871,26.3,0.0,25.62782102676881,0.059871,0.059871,0.0,0.0,0.059871,0.0,0.0,0.0,0.059871,0.0,0.059871,0.0 
 07/21  01:30:00,24.0,27.038586908546904,25.616170734862443,27.038586908546904,0.0,2724.431876514027,25.616170734862443,0.0,0.0,0.059871,26.3,0.0,25.621977872804027,0.059871,0.059871,0.0,0.0,0.059871,0.0,0.0,0.0,0.059871,0.0,0.059871,0.0 
 07/21  01:31:00,24.0,27.050370108079086,25.61039805262706,27.050370108079086,0.0,2767.8966658858735,25.61039805262706,0.0,0.0,0.059871,26.3,0.0,25.616170734862443,0.059871,0.059871,0.0,0.0,0.059871,0.0,0.0,0.0,0.059871,0.0,0.059871,0.0 
 07/21  01:32:00,24.0,27.062455697573878,25.60465847697493,27.062455697573878,0.0,2812.4768837113697,25.60465847697493,0.0,0.0,0.059871,26.3,0.0,25.61039805262706,0.059871,0.059871,0.0,0.0,0.059871,0.0,0.0,0.0,0.059871,0.0,0.059871,0.0 
 07/21  01:33:00,24.0,27.07488892763149,25.598950713554885,27.07488892763149,0.0,2858.3394462683327,25.598950713554885,0.0,0.0,0.059871,26.3,0.0,25.60465847697493,0.059871,0.059871,0.0,0.0,0.059871,0.0,0.0,0.0,0.059871,0.0,0.059871,0.0 
 07/21  01:34:00,24.0,27.08761146072789,25.5932736636062,27.08761146072789,0.0,2905.2691634305575,25.5932736636062,0.0,0.0,0.059871,26.3,0.0,25.598950713554885,0.059871,0.059871,0.0,0.0,0.059871,0.0,0.0,0.0,0.059871,0.0,0.059871,0.0 
 07/21  01:35:00,24.0,27.100560790246853,25.587626254975998,27.100560790246853,0.0,2953.035466505662,25.587626254975998,0.0,0.0,0.059871,26.3,0.0,25.5932736636062,0.059871,0.059871,0.0,0.0,0.059871,0.0,0.0,0.0,0.059871,0.0,0.059871,0.0 
 07/21  01:36:00,24.0,27.113668475016965,25.5820075887283,27.113668475016965,0.0,3001.3858959564686,25.5820075887283,0.0,0.0,0.059871,26.3,0.0,25.587626254975998,0.059871,0.059871,0.0,0.0,0.059871,0.0,0.0,0.0,0.059871,0.0,0.059871,0.0 
 07/21  01:37:00,24.0,27.126902819426345,25.576416782532913,27.126902819426345,0.0,3050.2035359070896,25.576416782532913,0.0,0.0,0.059871,26.3,0.0,25.5820075887283,0.059871,0.059871,0.0,0.0,0.059871,0.0,0.0,0.0,0.059871,0.0,0.059871,0.0 
 07/21  01:38:00,24.0,27.140226564456004,25.570853104608943,27.140226564456004,0.0,3099.350948693973,25.570853104608943,0.0,0.0,0.059871,26.3,0.0,25.576416782532913,0.059871,0.059871,0.0,0.0,0.059871,0.0,0.0,0.0,0.059871,0.0,0.059871,0.0 
 07/21  01:39:00,24.0,27.153628472121163,25.565315821195288,27.153628472121163,0.0,3148.7866806661123,25.565315821195288,0.0,0.0,0.059871,26.3,0.0,25.570853104608943,0.059871,0.059871,0.0,0.0,0.059871,0.0,0.0,0.0,0.059871,0.0,0.059871,0.0 
 07/21  01:40:00,24.0,27.16708194341625,25.559804344887834,27.16708194341625,0.0,3198.4126158430854,25.559804344887834,0.0,0.0,0.059871,26.3,0.0,25.565315821195288,0.059871,0.059871,0.0,0.0,0.059871,0.0,0.0,0.0,0.059871,0.0,0.059871,0.0 
 07/21  01:41:00,24.0,27.180582075271982,25.554318066870838,27.180582075271982,0.0,3248.2106682310587,25.554318066870838,0.0,0.0,0.059871,26.3,0.0,25.559804344887834,0.059871,0.059871,0.0,0.0,0.059871,0.0,0.0,0.0,0.059871,0.0,0.059871,0.0 
 07/21  01:42:00,24.0,27.19410657633518,25.5488565106887,27.19410657633518,0.0,3298.098611524051,25.5488565106887,0.0,0.0,0.059871,26.3,0.0,25.554318066870838,0.059871,0.059871,0.0,0.0,0.059871,0.0,0.0,0.0,0.059871,0.0,0.059871,0.0 
 07/21  01:43:00,24.0,27.2076544743778,25.543419176391165,27.2076544743778,0.0,3348.072859456074,25.543419176391165,0.0,0.0,0.059871,26.3,0.0,25.5488565106887,0.059871,0.059871,0.0,0.0,0.059871,0.0,0.0,0.0,0.059871,0.0,0.059871,0.0 
 07/21  01:44:00,24.0,27.22120669407121,25.538005681014678,27.22120669407121,0.0,3398.0630486985137,25.538005681014678,0.0,0.0,0.059871,26.3,0.0,25.543419176391165,0.059871,0.059871,0.0,0.0,0.059871,0.0,0.0,0.0,0.059871,0.0,0.059871,0.0 
 07/21  01:45:00,24.0,27.234765119981112,25.53261560570017,27.234765119981112,0.0,3448.0761308650563,25.53261560570017,0.0,0.0,0.059871,26.3,0.0,25.538005681014678,0.059871,0.059871,0.0,0.0,0.059871,0.0,0.0,0.0,0.059871,0.0,0.059871,0.0 
 07/21  01:46:00,24.0,27.248312867794315,25.52724865026635,27.248312867794315,0.0,3498.0498246445495,25.52724865026635,0.0,0.0,0.059871,26.3,0.0,25.53261560570017,0.059871,0.059871,0.0,0.0,0.059871,0.0,0.0,0.0,0.059871,0.0,0.059871,0.0 
 07/21  01:47:00,24.0,27.26185370428975,25.52190446488479,27.26185370428975,0.0,3547.998024586791,25.52190446488479,0.0,0.0,0.059871,26.3,0.0,25.52724865026635,0.059871,0.059871,0.0,0.0,0.059871,0.0,0.0,0.0,0.059871,0.0,0.059871,0.0 
 07/21  01:48:00,24.0,27.27537222165869,25.51658280939503,27.27537222165869,0.0,3597.8638957753355,25.51658280939503,0.0,0.0,0.059871,26.3,0.0,25.52190446488479,0.059871,0.059871,0.0,0.0,0.059871,0.0,0.0,0.0,0.059871,0.0,0.059871,0.0 
 07/21  01:49:00,24.0,27.288873488027225,25.511283395829935,27.288873488027225,0.0,3647.6661330504567,25.511283395829935,0.0,0.0,0.059871,26.3,0.0,25.51658280939503,0.059871,0.059871,0.0,0.0,0.059871,0.0,0.0,0.0,0.059871,0.0,0.059871,0.0 
 07/21  01:50:00,24.0,27.30234317988433,25.506006035217045,27.30234317988433,0.0,3697.3519011539156,25.506006035217045,0.0,0.0,0.059871,26.3,0.0,25.511283395829935,0.059871,0.059871,0.0,0.0,0.059871,0.0,0.0,0.0,0.059871,0.0,0.059871,0.0 
 07/21  01:51:00,24.0,27.315787319588114,25.50075048231024,27.315787319588114,0.0,3746.9434148098526,25.50075048231024,0.0,0.0,0.059871,26.3,0.0,25.506006035217045,0.059871,0.059871,0.0,0.0,0.059871,0.0,0.0,0.0,0.059871,0.0,0.059871,0.0 
 07/21  01:52:00,24.0,27.32919242395701,25.495516595047512,27.32919242395701,0.0,3796.390938490549,25.495516595047512,0.0,0.0,0.059871,26.3,0.0,25.50075048231024,0.059871,0.059871,0.0,0.0,0.059871,0.0,0.0,0.0,0.059871,0.0,0.059871,0.0 
 07/21  01:53:00,24.0,27.34256523131511,25.490304165333747,27.34256523131511,0.0,3845.7193279099647,25.490304165333747,0.0,0.0,0.059871,26.3,0.0,25.495516595047512,0.059871,0.059871,0.0,0.0,0.059871,0.0,0.0,0.0,0.059871,0.0,0.059871,0.0 
 07/21  01:54:00,24.0,27.35589293131343,25.485113082300437,27.35589293131343,0.0,3894.881329423738,25.485113082300437,0.0,0.0,0.059871,26.3,0.0,25.490304165333747,0.059871,0.059871,0.0,0.0,0.059871,0.0,0.0,0.0,0.059871,0.0,0.059871,0.0 
 07/21  01:55:00,24.0,27.369182806592633,25.479943172377652,27.369182806592633,0.0,3943.9038065710747,25.479943172377652,0.0,0.0,0.059871,26.3,0.0,25.485113082300437,0.059871,0.059871,0.0,0.0,0.059871,0.0,0.0,0.0,0.059871,0.0,0.059871,0.0 
 07/21  01:56:00,24.0,27.382422601661336,25.474794351791825,27.382422601661336,0.0,3992.741552415573,25.474794351791825,0.0,0.0,0.059871,26.3,0.0,25.479943172377652,0.059871,0.059871,0.0,0.0,0.059871,0.0,0.0,0.0,0.059871,0.0,0.059871,0.0 
 07/21  01:57:00,24.0,27.39562001662331,25.4696664682669,27.39562001662331,0.0,4041.4229703961973,25.4696664682669,0.0,0.0,0.059871,26.3,0.0,25.474794351791825,0.059871,0.059871,0.0,0.0,0.059871,0.0,0.0,0.0,0.059871,0.0,0.059871,0.0 
 07/21  01:58:00,24.0,27.408763265260113,25.464559463956295,27.408763265260113,0.0,4089.90458458768,25.464559463956295,0.0,0.0,0.059871,26.3,0.0,25.4696664682669,0.059871,0.059871,0.0,0.0,0.059871,0.0,0.0,0.0,0.059871,0.0,0.059871,0.0 
 07/21  01:59:00,24.0,27.421860368500084,25.45947320580208,27.421860368500084,0.0,4138.215981857329,25.45947320580208,0.0,0.0,0.059871,26.3,0.0,25.464559463956295,0.059871,0.059871,0.0,0.0,0.059871,0.0,0.0,0.0,0.059871,0.0,0.059871,0.0 
 07/21  02:00:00,24.0,27.434899945347738,25.454407651172033,27.434899945347738,0.0,4186.315181029295,25.454407651172033,0.0,0.0,0.059871,26.3,0.0,25.45947320580208,0.059871,0.059871,0.0,0.0,0.059871,0.0,0.0,0.0,0.059871,0.0,0.059871,0.0,49104000.0 
 07/21  02:01:00,24.0,27.4478902621174,25.44936268557536,27.4478902621174,0.0,4234.232674128257,25.44936268557536,0.0,0.0,0.059871,26.3,0.0,25.454407651172033,0.059871,0.059871,0.0,0.0,0.059871,0.0,0.0,0.0,0.059871,0.0,0.059871,0.0 
 07/21  02:02:00,24.0,27.46082029393781,25.444338279938645,27.46082029393781,0.0,4281.92779361686,25.444338279938645,0.0,0.0,0.059871,26.3,0.0,25.44936268557536,0.059871,0.059871,0.0,0.0,0.059871,0.0,0.0,0.0,0.059871,0.0,0.059871,0.0 
 07/21  02:03:00,24.0,27.473698492548404,25.43933432947254,27.473698492548404,0.0,4329.431715499004,25.43933432947254,0.0,0.0,0.059871,26.3,0.0,25.444338279938645,0.059871,0.059871,0.0,0.0,0.059871,0.0,0.0,0.0,0.059871,0.0,0.059871,0.0 
 07/21  02:04:00,24.0,27.486514150810805,25.434350818659965,27.486514150810805,0.0,4376.704944261323,25.434350818659965,0.0,0.0,0.059871,26.3,0.0,25.43933432947254,0.059871,0.059871,0.0,0.0,0.059871,0.0,0.0,0.0,0.059871,0.0,0.059871,0.0 
 07/21  02:05:00,24.0,27.49927585753329,25.429387652065802,27.49927585753329,0.0,4423.779161514744,25.429387652065802,0.0,0.0,0.059871,26.3,0.0,25.434350818659965,0.059871,0.059871,0.0,0.0,0.059871,0.0,0.0,0.0,0.059871,0.0,0.059871,0.0 
 07/21  02:06:00,24.0,27.51197319275551,25.424444820854944,27.51197319275551,0.0,4470.615931061943,25.424444820854944,0.0,0.0,0.059871,26.3,0.0,25.429387652065802,0.059871,0.059871,0.0,0.0,0.059871,0.0,0.0,0.0,0.059871,0.0,0.059871,0.0 
 07/21  02:07:00,24.0,27.52461484289099,25.419522238778224,27.52461484289099,0.0,4517.2472945511845,25.419522238778224,0.0,0.0,0.059871,26.3,0.0,25.424444820854944,0.059871,0.059871,0.0,0.0,0.059871,0.0,0.0,0.0,0.059871,0.0,0.059871,0.0 
 07/21  02:08:00,24.0,27.53719065045002,25.41461990312736,27.53719065045002,0.0,4563.635783962859,25.41461990312736,0.0,0.0,0.059871,26.3,0.0,25.419522238778224,0.059871,0.059871,0.0,0.0,0.059871,0.0,0.0,0.0,0.059871,0.0,0.059871,0.0 
 07/21  02:09:00,24.0,27.549709366934305,25.40973773144252,27.549709366934305,0.0,4609.813681036512,25.40973773144252,0.0,0.0,0.059871,26.3,0.0,25.41461990312736,0.059871,0.059871,0.0,0.0,0.059871,0.0,0.0,0.0,0.059871,0.0,0.059871,0.0 
 07/21  02:10:00,24.0,27.562161077055183,25.404875727186756,27.562161077055183,0.0,4655.744411161654,25.404875727186756,0.0,0.0,0.059871,26.3,0.0,25.40973773144252,0.059871,0.059871,0.0,0.0,0.059871,0.0,0.0,0.0,0.059871,0.0,0.059871,0.0 
 07/21  02:11:00,24.0,27.574554570401013,25.40003381203666,27.574554570401013,0.0,4701.460396568391,25.40003381203666,0.0,0.0,0.059871,26.3,0.0,25.404875727186756,0.059871,0.059871,0.0,0.0,0.059871,0.0,0.0,0.0,0.059871,0.0,0.059871,0.0 
 07/21  02:12:00,24.0,27.586880157032134,25.395211991896154,27.586880157032134,0.0,4746.925893893049,25.395211991896154,0.0,0.0,0.059871,26.3,0.0,25.40003381203666,0.059871,0.059871,0.0,0.0,0.059871,0.0,0.0,0.0,0.059871,0.0,0.059871,0.0 
 07/21  02:13:00,24.0,27.59914664206283,25.390410192048293,27.59914664206283,0.0,4792.173382636329,25.390410192048293,0.0,0.0,0.059871,26.3,0.0,25.395211991896154,0.059871,0.059871,0.0,0.0,0.059871,0.0,0.0,0.0,0.059871,0.0,0.059871,0.0 
 07/21  02:14:00,24.0,27.611344546715937,25.385628420605567,27.611344546715937,0.0,4837.167898351463,25.385628420605567,0.0,0.0,0.059871,26.3,0.0,25.390410192048293,0.059871,0.059871,0.0,0.0,0.059871,0.0,0.0,0.0,0.059871,0.0,0.059871,0.0 
 07/21  02:15:00,24.0,27.623482672689796,25.380866603978024,27.623482672689796,0.0,4881.94190793874,25.380866603978024,0.0,0.0,0.059871,26.3,0.0,25.385628420605567,0.059871,0.059871,0.0,0.0,0.059871,0.0,0.0,0.0,0.059871,0.0,0.059871,0.0 
 07/21  02:16:00,24.0,27.635551740286434,25.376124751958457,27.635551740286434,0.0,4926.461181296531,25.376124751958457,0.0,0.0,0.059871,26.3,0.0,25.380866603978024,0.059871,0.059871,0.0,0.0,0.059871,0.0,0.0,0.0,0.059871,0.0,0.059871,0.0 
 07/21  02:17:00,24.0,27.647560531826684,25.3714027925296,27.647560531826684,0.0,4970.7581138471505,25.3714027925296,0.0,0.0,0.059871,26.3,0.0,25.376124751958457,0.059871,0.059871,0.0,0.0,0.059871,0.0,0.0,0.0,0.059871,0.0,0.059871,0.0 
 07/21  02:18:00,24.0,27.65949995628537,25.366700736131037,27.65949995628537,0.0,5014.7991714478985,25.366700736131037,0.0,0.0,0.059871,26.3,0.0,25.3714027925296,0.059871,0.059871,0.0,0.0,0.059871,0.0,0.0,0.0,0.059871,0.0,0.059871,0.0 
 07/21  02:19:00,24.0,27.67137876312121,25.36201851097634,27.67137876312121,0.0,5058.616628302357,25.36201851097634,0.0,0.0,0.059871,26.3,0.0,25.366700736131037,0.059871,0.059871,0.0,0.0,0.059871,0.0,0.0,0.0,0.059871,0.0,0.059871,0.0 
 07/21  02:20:00,24.0,27.683188040925224,25.357356127804234,27.683188040925224,0.0,5102.177612819605,25.357356127804234,0.0,0.0,0.059871,26.3,0.0,25.36201851097634,0.059871,0.059871,0.0,0.0,0.059871,0.0,0.0,0.0,0.059871,0.0,0.059871,0.0 
 07/21  02:21:00,24.0,27.694936494884626,25.352713515121327,27.694936494884626,0.0,5145.514235898568,25.352713515121327,0.0,0.0,0.059871,26.3,0.0,25.357356127804234,0.059871,0.059871,0.0,0.0,0.059871,0.0,0.0,0.0,0.059871,0.0,0.059871,0.0 
 07/21  02:22:00,24.0,27.70661538524625,25.348090682549064,27.70661538524625,0.0,5188.594259136621,25.348090682549064,0.0,0.0,0.059871,26.3,0.0,25.352713515121327,0.059871,0.059871,0.0,0.0,0.059871,0.0,0.0,0.0,0.059871,0.0,0.059871,0.0 
 07/21  02:23:00,24.0,27.718233363267494,25.343487559100033,27.718233363267494,0.0,5231.449594501273,25.343487559100033,0.0,0.0,0.059871,26.3,0.0,25.348090682549064,0.059871,0.059871,0.0,0.0,0.059871,0.0,0.0,0.0,0.059871,0.0,0.059871,0.0 
 07/21  02:24:00,24.0,27.72978185378854,25.338904154617367,27.72978185378854,0.0,5274.048610726809,25.338904154617367,0.0,0.0,0.059871,26.3,0.0,25.343487559100033,0.059871,0.059871,0.0,0.0,0.059871,0.0,0.0,0.0,0.059871,0.0,0.059871,0.0 
 07/21  02:25:00,24.0,27.741269445965067,25.33434039625902,27.741269445965067,0.0,5316.422990705587,25.33434039625902,0.0,0.0,0.059871,26.3,0.0,25.338904154617367,0.059871,0.059871,0.0,0.0,0.059871,0.0,0.0,0.0,0.059871,0.0,0.059871,0.0 
 07/21  02:26:00,24.0,27.752687722909272,25.32979629339519,27.752687722909272,0.0,5358.541686991257,25.32979629339519,0.0,0.0,0.059871,26.3,0.0,25.33434039625902,0.059871,0.059871,0.0,0.0,0.059871,0.0,0.0,0.0,0.059871,0.0,0.059871,0.0 
 07/21  02:27:00,24.0,27.76404520477215,25.32527177364197,27.76404520477215,0.0,5400.436127937996,25.32527177364197,0.0,0.0,0.059871,26.3,0.0,25.32979629339519,0.059871,0.059871,0.0,0.0,0.059871,0.0,0.0,0.0,0.059871,0.0,0.059871,0.0 
 07/21  02:28:00,24.0,27.77533362723324,25.32076684346653,27.77533362723324,0.0,5442.075828875918,25.32076684346653,0.0,0.0,0.059871,26.3,0.0,25.32527177364197,0.059871,0.059871,0.0,0.0,0.059871,0.0,0.0,0.0,0.059871,0.0,0.059871,0.0 
 07/21  02:29:00,24.0,27.786561435623952,25.31628143075434,27.786561435623952,0.0,5483.491942171545,25.31628143075434,0.0,0.0,0.059871,26.3,0.0,25.32076684346653,0.059871,0.059871,0.0,0.0,0.059871,0.0,0.0,0.0,0.059871,0.0,0.059871,0.0 
 07/21  02:30:00,24.0,27.797720513003124,25.311815542511,27.797720513003124,0.0,5524.654526794275,25.311815542511,0.0,0.0,0.059871,26.3,0.0,25.31628143075434,0.059871,0.059871,0.0,0.0,0.059871,0.0,0.0,0.0,0.059871,0.0,0.059871,0.0 
 07/21  02:31:00,24.0,27.808819225004775,25.30736910345822,27.808819225004775,0.0,5565.594441130206,25.30736910345822,0.0,0.0,0.059871,26.3,0.0,25.311815542511,0.059871,0.059871,0.0,0.0,0.059871,0.0,0.0,0.0,0.059871,0.0,0.059871,0.0 
 07/21  02:32:00,24.0,27.81984959731526,25.302942119994054,27.81984959731526,0.0,5606.282270260062,25.302942119994054,0.0,0.0,0.059871,26.3,0.0,25.30736910345822,0.059871,0.059871,0.0,0.0,0.059871,0.0,0.0,0.0,0.059871,0.0,0.059871,0.0 
 07/21  02:33:00,24.0,27.830819911803165,25.298534517982176,27.830819911803165,0.0,5646.74856358366,25.298534517982176,0.0,0.0,0.059871,26.3,0.0,25.302942119994054,0.059871,0.059871,0.0,0.0,0.059871,0.0,0.0,0.0,0.059871,0.0,0.059871,0.0 
 07/21  02:34:00,24.0,27.841722332401307,25.29414629976494,27.841722332401307,0.0,5686.964416132646,25.29414629976494,0.0,0.0,0.059871,26.3,0.0,25.298534517982176,0.059871,0.059871,0.0,0.0,0.059871,0.0,0.0,0.0,0.059871,0.0,0.059871,0.0 
 07/21  02:35:00,24.0,27.852565053846718,25.28977739169019,27.852565053846718,0.0,5726.960055903946,25.28977739169019,0.0,0.0,0.059871,26.3,0.0,25.29414629976494,0.059871,0.059871,0.0,0.0,0.059871,0.0,0.0,0.0,0.059871,0.0,0.059871,0.0 
 07/21  02:36:00,24.0,27.863340374255134,25.285427797336464,27.863340374255134,0.0,5766.70707289089,25.285427797336464,0.0,0.0,0.059871,26.3,0.0,25.28977739169019,0.059871,0.059871,0.0,0.0,0.059871,0.0,0.0,0.0,0.059871,0.0,0.059871,0.0 
 07/21  02:37:00,24.0,27.874056398475954,25.281097439076824,27.874056398475954,0.0,5806.235363521073,25.281097439076824,0.0,0.0,0.059871,26.3,0.0,25.285427797336464,0.059871,0.059871,0.0,0.0,0.059871,0.0,0.0,0.0,0.059871,0.0,0.059871,0.0 
 07/21  02:38:00,24.0,27.88470555501789,25.276786320105657,27.88470555501789,0.0,5845.516998769558,25.276786320105657,0.0,0.0,0.059871,26.3,0.0,25.281097439076824,0.059871,0.059871,0.0,0.0,0.059871,0.0,0.0,0.0,0.059871,0.0,0.059871,0.0 
 07/21  02:39:00,24.0,27.895295856618,25.27249436486946,27.895295856618,0.0,5884.581535288353,25.27249436486946,0.0,0.0,0.059871,26.3,0.0,25.276786320105657,0.059871,0.059871,0.0,0.0,0.059871,0.0,0.0,0.0,0.059871,0.0,0.059871,0.0 
 07/21  02:40:00,24.0,27.905819858625595,25.268221571790257,27.905819858625595,0.0,5923.401511930506,25.268221571790257,0.0,0.0,0.059871,26.3,0.0,25.27249436486946,0.059871,0.059871,0.0,0.0,0.059871,0.0,0.0,0.0,0.059871,0.0,0.059871,0.0 
 07/21  02:41:00,24.0,27.91628547990419,25.263967866261037,27.91628547990419,0.0,5962.006139075902,25.263967866261037,0.0,0.0,0.059871,26.3,0.0,25.268221571790257,0.059871,0.059871,0.0,0.0,0.059871,0.0,0.0,0.0,0.059871,0.0,0.059871,0.0 
 07/21  02:42:00,24.0,27.926685399298915,25.2597332488208,27.926685399298915,0.0,6000.36841111767,25.2597332488208,0.0,0.0,0.059871,26.3,0.0,25.263967866261037,0.059871,0.059871,0.0,0.0,0.059871,0.0,0.0,0.0,0.059871,0.0,0.059871,0.0 
 07/21  02:43:00,24.0,27.937027440443604,25.255517640442417,27.937027440443604,0.0,6038.517187161169,25.255517640442417,0.0,0.0,0.059871,26.3,0.0,25.2597332488208,0.059871,0.059871,0.0,0.0,0.059871,0.0,0.0,0.0,0.059871,0.0,0.059871,0.0 
 07/21  02:44:00,24.0,27.947304402517034,25.251321041720583,27.947304402517034,0.0,6076.425905475257,25.251321041720583,0.0,0.0,0.059871,26.3,0.0,25.255517640442417,0.059871,0.059871,0.0,0.0,0.059871,0.0,0.0,0.0,0.059871,0.0,0.059871,0.0 
 07/21  02:45:00,24.0,27.95752401292146,25.247143376741942,27.95752401292146,0.0,6114.123070195051,25.247143376741942,0.0,0.0,0.059871,26.3,0.0,25.251321041720583,0.059871,0.059871,0.0,0.0,0.059871,0.0,0.0,0.0,0.059871,0.0,0.059871,0.0 
 07/21  02:46:00,24.0,27.96767918816891,25.242984640969794,27.96767918816891,0.0,6151.582552397572,25.242984640969794,0.0,0.0,0.059871,26.3,0.0,25.247143376741942,0.059871,0.059871,0.0,0.0,0.059871,0.0,0.0,0.0,0.059871,0.0,0.059871,0.0 
 07/21  02:47:00,24.0,27.977777558738172,25.238844760058704,27.977777558738172,0.0,6188.832498695538,25.238844760058704,0.0,0.0,0.059871,26.3,0.0,25.242984640969794,0.059871,0.059871,0.0,0.0,0.059871,0.0,0.0,0.0,0.059871,0.0,0.059871,0.0 
 07/21  02:48:00,24.0,27.9878121556184,25.23472373256458,27.9878121556184,0.0,6225.847202438722,25.23472373256458,0.0,0.0,0.059871,26.3,0.0,25.238844760058704,0.059871,0.059871,0.0,0.0,0.059871,0.0,0.0,0.0,0.059871,0.0,0.059871,0.0 
 07/21  02:49:00,24.0,27.997790511944405,25.23062147961466,27.997790511944405,0.0,6262.654451166259,25.23062147961466,0.0,0.0,0.059871,26.3,0.0,25.23472373256458,0.059871,0.059871,0.0,0.0,0.059871,0.0,0.0,0.0,0.059871,0.0,0.059871,0.0 
 07/21  02:50:00,24.0,28.007705770455676,25.226538000436594,28.007705770455676,0.0,6299.228950442348,25.226538000436594,0.0,0.0,0.059871,26.3,0.0,25.23062147961466,0.059871,0.059871,0.0,0.0,0.059871,0.0,0.0,0.0,0.059871,0.0,0.059871,0.0 
 07/21  02:51:00,24.0,28.017565366760103,25.222473220382618,28.017565366760103,0.0,6335.598128057732,25.222473220382618,0.0,0.0,0.059871,26.3,0.0,25.226538000436594,0.059871,0.059871,0.0,0.0,0.059871,0.0,0.0,0.0,0.059871,0.0,0.059871,0.0 
 07/21  02:52:00,24.0,28.02736255273762,25.21842713356952,28.02736255273762,0.0,6371.737092163935,25.21842713356952,0.0,0.0,0.059871,26.3,0.0,25.222473220382618,0.059871,0.059871,0.0,0.0,0.059871,0.0,0.0,0.0,0.059871,0.0,0.059871,0.0 
 07/21  02:53:00,24.0,28.037104666494116,25.21439966771038,28.037104666494116,0.0,6407.672910895203,25.21439966771038,0.0,0.0,0.059871,26.3,0.0,25.21842713356952,0.059871,0.059871,0.0,0.0,0.059871,0.0,0.0,0.0,0.059871,0.0,0.059871,0.0 
 07/21  02:54:00,24.0,28.046785066546278,25.21039082109857,28.046785066546278,0.0,6443.381085754945,25.21039082109857,0.0,0.0,0.059871,26.3,0.0,25.21439966771038,0.059871,0.059871,0.0,0.0,0.059871,0.0,0.0,0.0,0.059871,0.0,0.059871,0.0 
 07/21  02:55:00,24.0,28.05641099370457,25.20640051723517,28.05641099370457,0.0,6478.888325982989,25.20640051723517,0.0,0.0,0.059871,26.3,0.0,25.21039082109857,0.059871,0.059871,0.0,0.0,0.059871,0.0,0.0,0.0,0.059871,0.0,0.059871,0.0 
 07/21  02:56:00,24.0,28.065975910715675,25.20242875595144,28.065975910715675,0.0,6514.170517556795,25.20242875595144,0.0,0.0,0.059871,26.3,0.0,25.20640051723517,0.059871,0.059871,0.0,0.0,0.059871,0.0,0.0,0.0,0.059871,0.0,0.059871,0.0 
 07/21  02:57:00,24.0,28.075486961459895,25.198475466239422,28.075486961459895,0.0,6549.254012169058,25.198475466239422,0.0,0.0,0.059871,26.3,0.0,25.20242875595144,0.059871,0.059871,0.0,0.0,0.059871,0.0,0.0,0.0,0.059871,0.0,0.059871,0.0 
 07/21  02:58:00,24.0,28.08493771059633,25.194540643385842,28.08493771059633,0.0,6584.115071722499,25.194540643385842,0.0,0.0,0.059871,26.3,0.0,25.198475466239422,0.059871,0.059871,0.0,0.0,0.059871,0.0,0.0,0.0,0.059871,0.0,0.059871,0.0 
 07/21  02:59:00,24.0,28.094335205578616,25.190624219875037,28.094335205578616,0.0,6618.779692219891,25.190624219875037,0.0,0.0,0.059871,26.3,0.0,25.194540643385842,0.059871,0.059871,0.0,0.0,0.059871,0.0,0.0,0.0,0.059871,0.0,0.059871,0.0 
 07/21  03:00:00,24.0,28.103673110742992,25.186726196548012,28.103673110742992,0.0,6653.224503243887,25.186726196548012,0.0,0.0,0.059871,26.3,0.0,25.190624219875037,0.059871,0.059871,0.0,0.0,0.059871,0.0,0.0,0.0,0.059871,0.0,0.059871,0.0,49104000.0 
 07/21  03:01:00,24.0,28.11295837774028,25.182846502717908,28.11295837774028,0.0,6687.475147408595,25.182846502717908,0.0,0.0,0.059871,26.3,0.0,25.186726196548012,0.059871,0.059871,0.0,0.0,0.059871,0.0,0.0,0.0,0.059871,0.0,0.059871,0.0 
 07/21  03:02:00,24.0,28.122184768424937,25.178985142198616,28.122184768424937,0.0,6721.50861401296,25.178985142198616,0.0,0.0,0.059871,26.3,0.0,25.182846502717908,0.059871,0.059871,0.0,0.0,0.059871,0.0,0.0,0.0,0.059871,0.0,0.059871,0.0 
 07/21  03:03:00,24.0,28.131359139373,25.175142051586107,28.131359139373,0.0,6755.350194967923,25.175142051586107,0.0,0.0,0.059871,26.3,0.0,25.178985142198616,0.059871,0.059871,0.0,0.0,0.059871,0.0,0.0,0.0,0.059871,0.0,0.059871,0.0 
 07/21  03:04:00,24.0,28.14047534786959,25.171317231806054,28.14047534786959,0.0,6788.977231588324,25.171317231806054,0.0,0.0,0.059871,26.3,0.0,25.175142051586107,0.059871,0.059871,0.0,0.0,0.059871,0.0,0.0,0.0,0.059871,0.0,0.059871,0.0 
 07/21  03:05:00,24.0,28.149540156234117,25.167510625029134,28.149540156234117,0.0,6822.4146680998865,25.167510625029134,0.0,0.0,0.059871,26.3,0.0,25.171317231806054,0.059871,0.059871,0.0,0.0,0.059871,0.0,0.0,0.0,0.059871,0.0,0.059871,0.0 
 07/21  03:06:00,24.0,28.15854751516147,25.163722240137425,28.15854751516147,0.0,6855.640190378854,25.163722240137425,0.0,0.0,0.059871,26.3,0.0,25.167510625029134,0.059871,0.059871,0.0,0.0,0.059871,0.0,0.0,0.0,0.059871,0.0,0.059871,0.0 
 07/21  03:07:00,24.0,28.16750409361009,25.159952018940192,28.16750409361009,0.0,6888.678398269558,25.159952018940192,0.0,0.0,0.059871,26.3,0.0,25.163722240137425,0.059871,0.059871,0.0,0.0,0.059871,0.0,0.0,0.0,0.059871,0.0,0.059871,0.0 
 07/21  03:08:00,24.0,28.176403933726487,25.156199976531614,28.176403933726487,0.0,6921.507314986611,25.156199976531614,0.0,0.0,0.059871,26.3,0.0,25.159952018940192,0.059871,0.059871,0.0,0.0,0.059871,0.0,0.0,0.0,0.059871,0.0,0.059871,0.0 
 07/21  03:09:00,24.0,28.18525361207021,25.152466065872527,28.18525361207021,0.0,6954.1511995417295,25.152466065872527,0.0,0.0,0.059871,26.3,0.0,25.156199976531614,0.059871,0.059871,0.0,0.0,0.059871,0.0,0.0,0.0,0.059871,0.0,0.059871,0.0 
 07/21  03:10:00,24.0,28.194047260340533,25.148750304106514,28.194047260340533,0.0,6986.588405483631,25.148750304106514,0.0,0.0,0.059871,26.3,0.0,25.152466065872527,0.059871,0.059871,0.0,0.0,0.059871,0.0,0.0,0.0,0.059871,0.0,0.059871,0.0 
 07/21  03:11:00,24.0,28.202791363716486,25.145052655585225,28.202791363716486,0.0,7018.842854747895,25.145052655585225,0.0,0.0,0.059871,26.3,0.0,25.148750304106514,0.059871,0.059871,0.0,0.0,0.059871,0.0,0.0,0.0,0.059871,0.0,0.059871,0.0 
 07/21  03:12:00,24.0,28.21148014160735,25.141373152534925,28.21148014160735,0.0,7050.893224419888,25.141373152534925,0.0,0.0,0.059871,26.3,0.0,25.145052655585225,0.059871,0.059871,0.0,0.0,0.059871,0.0,0.0,0.0,0.059871,0.0,0.059871,0.0 
 07/21  03:13:00,24.0,28.220119988877507,25.137711768936438,28.220119988877507,0.0,7082.763103290799,25.137711768936438,0.0,0.0,0.059871,26.3,0.0,25.141373152534925,0.059871,0.059871,0.0,0.0,0.059871,0.0,0.0,0.0,0.059871,0.0,0.059871,0.0 
 07/21  03:14:00,24.0,28.228705210856756,25.13406855578884,28.228705210856756,0.0,7114.431485381715,25.13406855578884,0.0,0.0,0.059871,26.3,0.0,25.137711768936438,0.059871,0.059871,0.0,0.0,0.059871,0.0,0.0,0.0,0.059871,0.0,0.059871,0.0 
 07/21  03:15:00,24.0,28.23724211320047,25.130443515213745,28.23724211320047,0.0,7145.921630417811,25.130443515213745,0.0,0.0,0.059871,26.3,0.0,25.13406855578884,0.059871,0.059871,0.0,0.0,0.059871,0.0,0.0,0.0,0.059871,0.0,0.059871,0.0 
 07/21  03:16:00,24.0,28.24572508542026,25.126836726150948,28.24572508542026,0.0,7177.212842942345,25.126836726150948,0.0,0.0,0.059871,26.3,0.0,25.130443515213745,0.059871,0.059871,0.0,0.0,0.059871,0.0,0.0,0.0,0.059871,0.0,0.059871,0.0 
 07/21  03:17:00,24.0,28.254160345100694,25.12324824069747,28.254160345100694,0.0,7208.3280578129325,25.12324824069747,0.0,0.0,0.059871,26.3,0.0,25.126836726150948,0.059871,0.059871,0.0,0.0,0.059871,0.0,0.0,0.0,0.059871,0.0,0.059871,0.0 
 07/21  03:18:00,24.0,28.2625423642449,25.119678218149076,28.2625423642449,0.0,7239.246883860037,25.119678218149076,0.0,0.0,0.059871,26.3,0.0,25.12324824069747,0.059871,0.059871,0.0,0.0,0.059871,0.0,0.0,0.0,0.059871,0.0,0.059871,0.0 
 07/21  03:19:00,24.0,28.2708772735313,25.116126859371533,28.2708772735313,0.0,7269.9919353698215,25.116126859371533,0.0,0.0,0.059871,26.3,0.0,25.119678218149076,0.059871,0.059871,0.0,0.0,0.059871,0.0,0.0,0.0,0.059871,0.0,0.059871,0.0 
 07/21  03:20:00,24.0,28.27915962581071,25.112594699155803,28.27915962581071,0.0,7300.543119396266,25.112594699155803,0.0,0.0,0.059871,26.3,0.0,25.116126859371533,0.059871,0.059871,0.0,0.0,0.059871,0.0,0.0,0.0,0.059871,0.0,0.059871,0.0 
 07/21  03:21:00,24.0,28.28739546604085,25.109081829289998,28.28739546604085,0.0,7330.922734026872,25.109081829289998,0.0,0.0,0.059871,26.3,0.0,25.112594699155803,0.059871,0.059871,0.0,0.0,0.059871,0.0,0.0,0.0,0.059871,0.0,0.059871,0.0 
 07/21  03:22:00,24.0,28.295579426320856,25.105587928485438,28.295579426320856,0.0,7361.110978639608,25.105587928485438,0.0,0.0,0.059871,26.3,0.0,25.109081829289998,0.059871,0.059871,0.0,0.0,0.059871,0.0,0.0,0.0,0.059871,0.0,0.059871,0.0 
 07/21  03:23:00,24.0,28.30371746708911,25.102112499884573,28.30371746708911,0.0,7391.129839554728,25.102112499884573,0.0,0.0,0.059871,26.3,0.0,25.105587928485438,0.059871,0.059871,0.0,0.0,0.059871,0.0,0.0,0.0,0.059871,0.0,0.059871,0.0 
 07/21  03:24:00,24.0,28.311777338758084,25.098655546565837,28.311777338758084,0.0,7420.860357441597,25.098655546565837,0.0,0.0,0.059871,26.3,0.0,25.102112499884573,0.059871,0.059871,0.0,0.0,0.059871,0.0,0.0,0.0,0.059871,0.0,0.059871,0.0 
 07/21  03:25:00,24.0,28.319805678069194,25.09521639191382,28.319805678069194,0.0,7450.474561649062,25.09521639191382,0.0,0.0,0.059871,26.3,0.0,25.098655546565837,0.059871,0.059871,0.0,0.0,0.059871,0.0,0.0,0.0,0.059871,0.0,0.059871,0.0 
 07/21  03:26:00,24.0,28.32777948751792,25.091794983029192,28.32777948751792,0.0,7479.8876210845265,25.091794983029192,0.0,0.0,0.059871,26.3,0.0,25.09521639191382,0.059871,0.059871,0.0,0.0,0.059871,0.0,0.0,0.0,0.059871,0.0,0.059871,0.0 
 07/21  03:27:00,24.0,28.33570089715596,25.088391148420623,28.33570089715596,0.0,7509.10739288805,25.088391148420623,0.0,0.0,0.059871,26.3,0.0,25.091794983029192,0.059871,0.059871,0.0,0.0,0.059871,0.0,0.0,0.0,0.059871,0.0,0.059871,0.0 
 07/21  03:28:00,24.0,28.343570878435475,25.085004636866977,28.343570878435475,0.0,7538.137460463522,25.085004636866977,0.0,0.0,0.059871,26.3,0.0,25.088391148420623,0.059871,0.059871,0.0,0.0,0.059871,0.0,0.0,0.0,0.059871,0.0,0.059871,0.0 
 07/21  03:29:00,24.0,28.35139658196623,25.08163517645596,28.35139658196623,0.0,7567.004200326664,25.08163517645596,0.0,0.0,0.059871,26.3,0.0,25.085004636866977,0.059871,0.059871,0.0,0.0,0.059871,0.0,0.0,0.0,0.059871,0.0,0.059871,0.0 
 07/21  03:30:00,24.0,28.359174708940245,25.07828258413799,28.359174708940245,0.0,7595.695444136095,25.07828258413799,0.0,0.0,0.059871,26.3,0.0,25.08163517645596,0.059871,0.059871,0.0,0.0,0.059871,0.0,0.0,0.0,0.059871,0.0,0.059871,0.0 
 07/21  03:31:00,24.0,28.366911348264555,25.074946651866,28.366911348264555,0.0,7624.233652095554,25.074946651866,0.0,0.0,0.059871,26.3,0.0,25.07828258413799,0.059871,0.059871,0.0,0.0,0.059871,0.0,0.0,0.0,0.059871,0.0,0.059871,0.0 
 07/21  03:32:00,24.0,28.374601815427642,25.071627246370262,28.374601815427642,0.0,7652.60154440713,25.071627246370262,0.0,0.0,0.059871,26.3,0.0,25.074946651866,0.059871,0.059871,0.0,0.0,0.059871,0.0,0.0,0.0,0.059871,0.0,0.059871,0.0 
 07/21  03:33:00,24.0,28.382251045758704,25.068324196651712,28.382251045758704,0.0,7680.817326062047,25.068324196651712,0.0,0.0,0.059871,26.3,0.0,25.071627246370262,0.059871,0.059871,0.0,0.0,0.059871,0.0,0.0,0.0,0.059871,0.0,0.059871,0.0 
 07/21  03:34:00,24.0,28.389853877682107,25.065037390039496,28.389853877682107,0.0,7708.861957511917,25.065037390039496,0.0,0.0,0.059871,26.3,0.0,25.068324196651712,0.059871,0.059871,0.0,0.0,0.059871,0.0,0.0,0.0,0.059871,0.0,0.059871,0.0 
 07/21  03:35:00,24.0,28.39741520489984,25.061766676816095,28.39741520489984,0.0,7736.753490197325,25.061766676816095,0.0,0.0,0.059871,26.3,0.0,25.065037390039496,0.059871,0.059871,0.0,0.0,0.059871,0.0,0.0,0.0,0.059871,0.0,0.059871,0.0 
 07/21  03:36:00,24.0,28.40493012018985,25.058511964302284,28.40493012018985,0.0,7764.473822806085,25.058511964302284,0.0,0.0,0.059871,26.3,0.0,25.061766676816095,0.059871,0.059871,0.0,0.0,0.059871,0.0,0.0,0.0,0.059871,0.0,0.059871,0.0 
 07/21  03:37:00,24.0,28.412403665970558,25.055273113544217,28.412403665970558,0.0,7792.041555350402,25.055273113544217,0.0,0.0,0.059871,26.3,0.0,25.058511964302284,0.059871,0.059871,0.0,0.0,0.059871,0.0,0.0,0.0,0.059871,0.0,0.059871,0.0 
 07/21  03:38:00,24.0,28.419831130376277,25.052050045383204,28.419831130376277,0.0,7819.439307130797,25.052050045383204,0.0,0.0,0.059871,26.3,0.0,25.055273113544217,0.059871,0.059871,0.0,0.0,0.059871,0.0,0.0,0.0,0.059871,0.0,0.059871,0.0 
 07/21  03:39:00,24.0,28.42721757424412,25.04884263667365,28.42721757424412,0.0,7846.685746100611,25.04884263667365,0.0,0.0,0.059871,26.3,0.0,25.052050045383204,0.059871,0.059871,0.0,0.0,0.059871,0.0,0.0,0.0,0.059871,0.0,0.059871,0.0 
 07/21  03:40:00,24.0,28.434558394408416,25.04565081339771,28.434558394408416,0.0,7873.763892523098,25.04565081339771,0.0,0.0,0.059871,26.3,0.0,25.04884263667365,0.059871,0.059871,0.0,0.0,0.059871,0.0,0.0,0.0,0.059871,0.0,0.059871,0.0 
 07/21  03:41:00,24.0,28.44185862024736,25.042474463342177,28.44185862024736,0.0,7900.692298308813,25.042474463342177,0.0,0.0,0.059871,26.3,0.0,25.04565081339771,0.059871,0.059871,0.0,0.0,0.059871,0.0,0.0,0.0,0.059871,0.0,0.059871,0.0 
 07/21  03:42:00,24.0,28.44911373484769,25.039313524499285,28.44911373484769,0.0,7927.454301881003,25.039313524499285,0.0,0.0,0.059871,26.3,0.0,25.042474463342177,0.059871,0.059871,0.0,0.0,0.059871,0.0,0.0,0.0,0.059871,0.0,0.059871,0.0 
 07/21  03:43:00,24.0,28.456328720900327,25.036167887286762,28.456328720900327,0.0,7954.068282934472,25.036167887286762,0.0,0.0,0.059871,26.3,0.0,25.039313524499285,0.059871,0.059871,0.0,0.0,0.059871,0.0,0.0,0.0,0.059871,0.0,0.059871,0.0 
 07/21  03:44:00,24.0,28.463499136023287,25.033037497004095,28.463499136023287,0.0,7980.517854816626,25.033037497004095,0.0,0.0,0.059871,26.3,0.0,25.036167887286762,0.059871,0.059871,0.0,0.0,0.059871,0.0,0.0,0.0,0.059871,0.0,0.059871,0.0 
 07/21  03:45:00,24.0,28.470629906638056,25.029922255056878,28.470629906638056,0.0,8006.821189660741,25.029922255056878,0.0,0.0,0.059871,26.3,0.0,25.033037497004095,0.059871,0.059871,0.0,0.0,0.059871,0.0,0.0,0.0,0.059871,0.0,0.059871,0.0 
 07/21  03:46:00,24.0,28.477716656974223,25.026822106395112,28.477716656974223,0.0,8032.9621465248965,25.026822106395112,0.0,0.0,0.059871,26.3,0.0,25.029922255056878,0.059871,0.059871,0.0,0.0,0.059871,0.0,0.0,0.0,0.059871,0.0,0.059871,0.0 
 07/21  03:47:00,24.0,28.48476425252193,25.023736959398637,28.48476425252193,0.0,8058.958672784379,25.023736959398637,0.0,0.0,0.059871,26.3,0.0,25.026822106395112,0.059871,0.059871,0.0,0.0,0.059871,0.0,0.0,0.0,0.059871,0.0,0.059871,0.0 
 07/21  03:48:00,24.0,28.49176837990937,25.020666768012873,28.49176837990937,0.0,8084.794857667548,25.020666768012873,0.0,0.0,0.059871,26.3,0.0,25.023736959398637,0.059871,0.059871,0.0,0.0,0.059871,0.0,0.0,0.0,0.059871,0.0,0.059871,0.0 
 07/21  03:49:00,24.0,28.49873384209059,25.0176114393615,28.49873384209059,0.0,8110.488417872266,25.0176114393615,0.0,0.0,0.059871,26.3,0.0,25.020666768012873,0.059871,0.059871,0.0,0.0,0.059871,0.0,0.0,0.0,0.059871,0.0,0.059871,0.0 
 07/21  03:50:00,24.0,28.505656385612195,25.014570932041437,28.505656385612195,0.0,8136.023663648443,25.014570932041437,0.0,0.0,0.059871,26.3,0.0,25.0176114393615,0.059871,0.059871,0.0,0.0,0.059871,0.0,0.0,0.0,0.059871,0.0,0.059871,0.0 
 07/21  03:51:00,24.0,28.512540750556127,25.01154516224427,28.512540750556127,0.0,8161.4180797770905,25.01154516224427,0.0,0.0,0.059871,26.3,0.0,25.014570932041437,0.059871,0.059871,0.0,0.0,0.059871,0.0,0.0,0.0,0.059871,0.0,0.059871,0.0 
 07/21  03:52:00,24.0,28.519382741620166,25.00853408535363,28.519382741620166,0.0,8186.656191010829,25.00853408535363,0.0,0.0,0.059871,26.3,0.0,25.01154516224427,0.059871,0.059871,0.0,0.0,0.059871,0.0,0.0,0.0,0.059871,0.0,0.059871,0.0 
 07/21  03:53:00,24.0,28.526187036273306,25.005537622728962,28.526187036273306,0.0,8211.755251169743,25.005537622728962,0.0,0.0,0.059871,26.3,0.0,25.00853408535363,0.059871,0.059871,0.0,0.0,0.059871,0.0,0.0,0.0,0.059871,0.0,0.059871,0.0 
 07/21  03:54:00,24.0,28.532949495970016,25.002555737561604,28.532949495970016,0.0,8236.699994365372,25.002555737561604,0.0,0.0,0.059871,26.3,0.0,25.005537622728962,0.059871,0.059871,0.0,0.0,0.059871,0.0,0.0,0.0,0.059871,0.0,0.059871,0.0 
 07/21  03:55:00,24.0,28.539674736142018,24.999588347761694,28.539674736142018,0.0,8261.507445580382,24.999588347761694,0.0,0.0,0.059871,26.3,0.0,25.002555737561604,0.059871,0.059871,0.0,0.0,0.059871,0.0,0.0,0.0,0.059871,0.0,0.059871,0.0 
 07/21  03:56:00,24.0,28.546358673809905,24.996635419948923,28.546358673809905,0.0,8286.162543893519,24.996635419948923,0.0,0.0,0.059871,26.3,0.0,24.999588347761694,0.059871,0.059871,0.0,0.0,0.059871,0.0,0.0,0.0,0.059871,0.0,0.059871,0.0 
 07/21  03:57:00,24.0,28.553005863106762,24.993696880400528,28.553005863106762,0.0,8310.682088174644,24.993696880400528,0.0,0.0,0.059871,26.3,0.0,24.996635419948923,0.059871,0.059871,0.0,0.0,0.059871,0.0,0.0,0.0,0.059871,0.0,0.059871,0.0 
 07/21  03:58:00,24.0,28.559612275542154,24.990772690836536,28.559612275542154,0.0,8335.051218496486,24.990772690836536,0.0,0.0,0.059871,26.3,0.0,24.993696880400528,0.059871,0.059871,0.0,0.0,0.059871,0.0,0.0,0.0,0.059871,0.0,0.059871,0.0 
 07/21  03:59:00,24.0,28.56618240477254,24.987862781883997,28.56618240477254,0.0,8359.286510648226,24.987862781883997,0.0,0.0,0.059871,26.3,0.0,24.990772690836536,0.059871,0.059871,0.0,0.0,0.059871,0.0,0.0,0.0,0.059871,0.0,0.059871,0.0 
 07/21  04:00:00,24.0,28.57271227578914,24.984967122738862,28.57271227578914,0.0,8383.373301980806,24.984967122738862,0.0,0.0,0.059871,26.3,0.0,24.987862781883997,0.059871,0.059871,0.0,0.0,0.059871,0.0,0.0,0.0,0.059871,0.0,0.059871,0.0,49104000.0 
 07/21  04:01:00,24.0,28.579206322636892,24.9820856392333,28.579206322636892,0.0,8407.327948393913,24.9820856392333,0.0,0.0,0.059871,26.3,0.0,24.984967122738862,0.059871,0.059871,0.0,0.0,0.059871,0.0,0.0,0.0,0.059871,0.0,0.059871,0.0 
 07/21  04:02:00,24.0,28.585660622829394,24.979218303482796,28.585660622829394,0.0,8431.135980978248,24.979218303482796,0.0,0.0,0.059871,26.3,0.0,24.9820856392333,0.059871,0.059871,0.0,0.0,0.059871,0.0,0.0,0.0,0.059871,0.0,0.059871,0.0 
 07/21  04:03:00,24.0,28.59207955168612,24.976365049599856,28.59207955168612,0.0,8454.813539012335,24.976365049599856,0.0,0.0,0.059871,26.3,0.0,24.979218303482796,0.059871,0.059871,0.0,0.0,0.059871,0.0,0.0,0.0,0.059871,0.0,0.059871,0.0 
 07/21  04:04:00,24.0,28.598459238320014,24.97352584374158,28.598459238320014,0.0,8478.346343921843,24.97352584374158,0.0,0.0,0.059871,26.3,0.0,24.976365049599856,0.059871,0.059871,0.0,0.0,0.059871,0.0,0.0,0.0,0.059871,0.0,0.059871,0.0 
 07/21  04:05:00,24.0,28.60480400021923,24.970700624074194,28.60480400021923,0.0,8501.750321662417,24.970700624074194,0.0,0.0,0.059871,26.3,0.0,24.97352584374158,0.059871,0.059871,0.0,0.0,0.059871,0.0,0.0,0.0,0.059871,0.0,0.059871,0.0 
 07/21  04:06:00,24.0,28.611110017202535,24.967889364349972,28.611110017202535,0.0,8525.011380698725,24.967889364349972,0.0,0.0,0.059871,26.3,0.0,24.970700624074194,0.059871,0.059871,0.0,0.0,0.059871,0.0,0.0,0.0,0.059871,0.0,0.059871,0.0 
 07/21  04:07:00,24.0,28.617381549821292,24.965091997074992,28.617381549821292,0.0,8548.1452369632,24.965091997074992,0.0,0.0,0.059871,26.3,0.0,24.967889364349972,0.059871,0.059871,0.0,0.0,0.059871,0.0,0.0,0.0,0.059871,0.0,0.059871,0.0 
 07/21  04:08:00,24.0,28.62361482773215,24.962308498808838,28.62361482773215,0.0,8571.137982757904,24.962308498808838,0.0,0.0,0.059871,26.3,0.0,24.965091997074992,0.059871,0.059871,0.0,0.0,0.059871,0.0,0.0,0.0,0.059871,0.0,0.059871,0.0 
 07/21  04:09:00,24.0,28.629814055439656,24.959538810592182,28.629814055439656,0.0,8594.00512727489,24.959538810592182,0.0,0.0,0.059871,26.3,0.0,24.962308498808838,0.059871,0.059871,0.0,0.0,0.059871,0.0,0.0,0.0,0.059871,0.0,0.059871,0.0 
 07/21  04:10:00,24.0,28.635975511593504,24.956782902343143,28.635975511593504,0.0,8616.732943537309,24.956782902343143,0.0,0.0,0.059871,26.3,0.0,24.959538810592182,0.059871,0.059871,0.0,0.0,0.059871,0.0,0.0,0.0,0.059871,0.0,0.059871,0.0 
 07/21  04:11:00,24.0,28.642103345533805,24.954040719167757,28.642103345533805,0.0,8639.336737251697,24.954040719167757,0.0,0.0,0.059871,26.3,0.0,24.956782902343143,0.059871,0.059871,0.0,0.0,0.059871,0.0,0.0,0.0,0.059871,0.0,0.059871,0.0 
 07/21  04:12:00,24.0,28.64819388407973,24.95131223896275,28.64819388407973,0.0,8661.802959124361,24.95131223896275,0.0,0.0,0.059871,26.3,0.0,24.954040719167757,0.059871,0.059871,0.0,0.0,0.059871,0.0,0.0,0.0,0.059871,0.0,0.059871,0.0 
 07/21  04:13:00,24.0,28.65425122227956,24.94859740061931,28.65425122227956,0.0,8684.146714595063,24.94859740061931,0.0,0.0,0.059871,26.3,0.0,24.95131223896275,0.059871,0.059871,0.0,0.0,0.059871,0.0,0.0,0.0,0.059871,0.0,0.059871,0.0 
 07/21  04:14:00,24.0,28.66027173431852,24.94589618498036,28.66027173431852,0.0,8706.35462908972,24.94589618498036,0.0,0.0,0.059871,26.3,0.0,24.94859740061931,0.059871,0.059871,0.0,0.0,0.059871,0.0,0.0,0.0,0.059871,0.0,0.059871,0.0 
 07/21  04:15:00,24.0,28.666259461814406,24.943208539944973,28.666259461814406,0.0,8728.441610958607,24.943208539944973,0.0,0.0,0.059871,26.3,0.0,24.94589618498036,0.059871,0.059871,0.0,0.0,0.059871,0.0,0.0,0.0,0.059871,0.0,0.059871,0.0 
 07/21  04:16:00,24.0,28.672210825534105,24.94053443929553,28.672210825534105,0.0,8750.394457453782,24.94053443929553,0.0,0.0,0.059871,26.3,0.0,24.943208539944973,0.059871,0.059871,0.0,0.0,0.059871,0.0,0.0,0.0,0.059871,0.0,0.059871,0.0 
 07/21  04:17:00,24.0,28.678129814514023,24.937873835225943,28.678129814514023,0.0,8772.227882968113,24.937873835225943,0.0,0.0,0.059871,26.3,0.0,24.94053443929553,0.059871,0.059871,0.0,0.0,0.059871,0.0,0.0,0.0,0.059871,0.0,0.059871,0.0 
 07/21  04:18:00,24.0,28.684012895336686,24.935226710070427,28.684012895336686,0.0,8793.92885375422,24.935226710070427,0.0,0.0,0.059871,26.3,0.0,24.937873835225943,0.059871,0.059871,0.0,0.0,0.059871,0.0,0.0,0.0,0.059871,0.0,0.059871,0.0 
 07/21  04:19:00,24.0,28.689864005293153,24.932593009501904,28.689864005293153,0.0,8815.511893331437,24.932593009501904,0.0,0.0,0.059871,26.3,0.0,24.935226710070427,0.059871,0.059871,0.0,0.0,0.059871,0.0,0.0,0.0,0.059871,0.0,0.059871,0.0 
 07/21  04:20:00,24.0,28.69567965603314,24.929972719143517,28.69567965603314,0.0,8836.964134192121,24.929972719143517,0.0,0.0,0.059871,26.3,0.0,24.932593009501904,0.059871,0.059871,0.0,0.0,0.059871,0.0,0.0,0.0,0.059871,0.0,0.059871,0.0 
 07/21  04:21:00,24.0,28.701463733925088,24.927365794337682,28.701463733925088,0.0,8858.299912016919,24.927365794337682,0.0,0.0,0.059871,26.3,0.0,24.929972719143517,0.059871,0.059871,0.0,0.0,0.059871,0.0,0.0,0.0,0.059871,0.0,0.059871,0.0 
 07/21  04:22:00,24.0,28.70721279495453,24.924772213469662,28.70721279495453,0.0,8879.506522840084,24.924772213469662,0.0,0.0,0.059871,26.3,0.0,24.927365794337682,0.059871,0.059871,0.0,0.0,0.059871,0.0,0.0,0.0,0.059871,0.0,0.059871,0.0 
 07/21  04:23:00,24.0,28.712930675376104,24.922191936618468,28.712930675376104,0.0,8900.598117487052,24.922191936618468,0.0,0.0,0.059871,26.3,0.0,24.924772213469662,0.059871,0.059871,0.0,0.0,0.059871,0.0,0.0,0.0,0.059871,0.0,0.059871,0.0 
 07/21  04:24:00,24.0,28.718613974796167,24.919624951490263,28.718613974796167,0.0,8921.562152896586,24.919624951490263,0.0,0.0,0.059871,26.3,0.0,24.922191936618468,0.059871,0.059871,0.0,0.0,0.059871,0.0,0.0,0.0,0.059871,0.0,0.059871,0.0 
 07/21  04:25:00,24.0,28.724266480150483,24.91707121160471,28.724266480150483,0.0,8942.412597971175,24.91707121160471,0.0,0.0,0.059871,26.3,0.0,24.919624951490263,0.059871,0.059871,0.0,0.0,0.059871,0.0,0.0,0.0,0.059871,0.0,0.059871,0.0 
 07/21  04:26:00,24.0,28.72988483396732,24.9145307085351,28.72988483396732,0.0,8963.137067975982,24.9145307085351,0.0,0.0,0.059871,26.3,0.0,24.91707121160471,0.059871,0.059871,0.0,0.0,0.059871,0.0,0.0,0.0,0.059871,0.0,0.059871,0.0 
 07/21  04:27:00,24.0,28.735472774644318,24.91200340636932,28.735472774644318,0.0,8983.74935277052,24.91200340636932,0.0,0.0,0.059871,26.3,0.0,24.9145307085351,0.059871,0.059871,0.0,0.0,0.059871,0.0,0.0,0.0,0.059871,0.0,0.059871,0.0 
 07/21  04:28:00,24.0,28.741026986948068,24.9094892895672,28.741026986948068,0.0,9004.23722342481,24.9094892895672,0.0,0.0,0.059871,26.3,0.0,24.91200340636932,0.059871,0.059871,0.0,0.0,0.059871,0.0,0.0,0.0,0.059871,0.0,0.059871,0.0 
 07/21  04:29:00,24.0,28.74655116150484,24.906988327687095,28.74655116150484,0.0,9024.6142935837,24.906988327687095,0.0,0.0,0.059871,26.3,0.0,24.9094892895672,0.059871,0.059871,0.0,0.0,0.059871,0.0,0.0,0.0,0.059871,0.0,0.059871,0.0 
 07/21  04:30:00,24.0,28.752042024651082,24.90450051556979,28.752042024651082,0.0,9044.86848765631,24.90450051556979,0.0,0.0,0.059871,26.3,0.0,24.906988327687095,0.059871,0.059871,0.0,0.0,0.059871,0.0,0.0,0.0,0.059871,0.0,0.059871,0.0 
 07/21  04:31:00,24.0,28.75750321999421,24.902025816561636,28.75750321999421,0.0,9065.013245848619,24.902025816561636,0.0,0.0,0.059871,26.3,0.0,24.90450051556979,0.059871,0.059871,0.0,0.0,0.059871,0.0,0.0,0.0,0.059871,0.0,0.059871,0.0 
 07/21  04:32:00,24.0,28.762931514786565,24.899564230321364,28.762931514786565,0.0,9085.036643496573,24.899564230321364,0.0,0.0,0.059871,26.3,0.0,24.902025816561636,0.059871,0.059871,0.0,0.0,0.059871,0.0,0.0,0.0,0.059871,0.0,0.059871,0.0 
 07/21  04:33:00,24.0,28.768330506355376,24.89711573206598,28.768330506355376,0.0,9104.951950092027,24.89711573206598,0.0,0.0,0.059871,26.3,0.0,24.899564230321364,0.059871,0.059871,0.0,0.0,0.059871,0.0,0.0,0.0,0.059871,0.0,0.059871,0.0 
 07/21  04:34:00,24.0,28.77369700222924,24.894680314959622,28.77369700222924,0.0,9124.747389538288,24.894680314959622,0.0,0.0,0.059871,26.3,0.0,24.89711573206598,0.059871,0.059871,0.0,0.0,0.059871,0.0,0.0,0.0,0.059871,0.0,0.059871,0.0 
 07/21  04:35:00,24.0,28.77903455417981,24.892257960946765,28.77903455417981,0.0,9144.436063285957,24.892257960946765,0.0,0.0,0.059871,26.3,0.0,24.894680314959622,0.059871,0.059871,0.0,0.0,0.059871,0.0,0.0,0.0,0.059871,0.0,0.059871,0.0 
 07/21  04:36:00,24.0,28.784340009385957,24.88984867519013,28.784340009385957,0.0,9164.00634149666,24.88984867519013,0.0,0.0,0.059871,26.3,0.0,24.892257960946765,0.059871,0.059871,0.0,0.0,0.059871,0.0,0.0,0.0,0.059871,0.0,0.059871,0.0 
 07/21  04:37:00,24.0,28.78961687477475,24.887452434476877,28.78961687477475,0.0,9183.471160202407,24.887452434476877,0.0,0.0,0.059871,26.3,0.0,24.88984867519013,0.059871,0.059871,0.0,0.0,0.059871,0.0,0.0,0.0,0.059871,0.0,0.059871,0.0 
 07/21  04:38:00,24.0,28.79486203656292,24.88506925048262,28.79486203656292,0.0,9202.819033564092,24.88506925048262,0.0,0.0,0.059871,26.3,0.0,24.887452434476877,0.059871,0.059871,0.0,0.0,0.059871,0.0,0.0,0.0,0.059871,0.0,0.059871,0.0 
 07/21  04:39:00,24.0,28.800078957530225,24.882699114016695,28.800078957530225,0.0,9222.062734767165,24.882699114016695,0.0,0.0,0.059871,26.3,0.0,24.88506925048262,0.059871,0.059871,0.0,0.0,0.059871,0.0,0.0,0.0,0.059871,0.0,0.059871,0.0 
 07/21  04:40:00,24.0,28.80526456233183,24.88034203189583,28.80526456233183,0.0,9241.190919760706,24.88034203189583,0.0,0.0,0.059871,26.3,0.0,24.882699114016695,0.059871,0.059871,0.0,0.0,0.059871,0.0,0.0,0.0,0.059871,0.0,0.059871,0.0 
 07/21  04:41:00,24.0,28.810422270284075,24.877998004064825,28.810422270284075,0.0,9260.216201406296,24.877998004064825,0.0,0.0,0.059871,26.3,0.0,24.88034203189583,0.059871,0.059871,0.0,0.0,0.059871,0.0,0.0,0.0,0.059871,0.0,0.059871,0.0 
 07/21  04:42:00,24.0,28.815549043893895,24.87566705225377,28.815549043893895,0.0,9279.127375277149,24.87566705225377,0.0,0.0,0.059871,26.3,0.0,24.877998004064825,0.059871,0.059871,0.0,0.0,0.059871,0.0,0.0,0.0,0.059871,0.0,0.059871,0.0 
 07/21  04:43:00,24.0,28.82064825968493,24.873349173916566,28.82064825968493,0.0,9297.936896385021,24.873349173916566,0.0,0.0,0.059871,26.3,0.0,24.87566705225377,0.059871,0.059871,0.0,0.0,0.059871,0.0,0.0,0.0,0.059871,0.0,0.059871,0.0 
 07/21  04:44:00,24.0,28.825716917441508,24.871044400812448,28.825716917441508,0.0,9316.633697808607,24.871044400812448,0.0,0.0,0.059871,26.3,0.0,24.873349173916566,0.059871,0.059871,0.0,0.0,0.059871,0.0,0.0,0.0,0.059871,0.0,0.059871,0.0 
 07/21  04:45:00,24.0,28.830758351552248,24.86875274874271,28.830758351552248,0.0,9335.23007913585,24.86875274874271,0.0,0.0,0.059871,26.3,0.0,24.871044400812448,0.059871,0.059871,0.0,0.0,0.059871,0.0,0.0,0.0,0.059871,0.0,0.059871,0.0 
 07/21  04:46:00,24.0,28.8357695985166,24.86647424887564,28.8357695985166,0.0,9353.71510887679,24.86647424887564,0.0,0.0,0.059871,26.3,0.0,24.86875274874271,0.059871,0.059871,0.0,0.0,0.059871,0.0,0.0,0.0,0.059871,0.0,0.059871,0.0 
 07/21  04:47:00,24.0,28.84075395123299,24.864208931720814,28.84075395123299,0.0,9372.100933574175,24.864208931720814,0.0,0.0,0.059871,26.3,0.0,24.86647424887564,0.059871,0.059871,0.0,0.0,0.059871,0.0,0.0,0.0,0.059871,0.0,0.059871,0.0 
 07/21  04:48:00,24.0,28.84570848236541,24.861956850066456,28.84570848236541,0.0,9390.376755138499,24.861956850066456,0.0,0.0,0.059871,26.3,0.0,24.864208931720814,0.059871,0.059871,0.0,0.0,0.059871,0.0,0.0,0.0,0.059871,0.0,0.059871,0.0 
 07/21  04:49:00,24.0,28.850636443954393,24.85971803940164,28.850636443954393,0.0,9408.554569399617,24.85971803940164,0.0,0.0,0.059871,26.3,0.0,24.861956850066456,0.059871,0.059871,0.0,0.0,0.059871,0.0,0.0,0.0,0.059871,0.0,0.059871,0.0 
 07/21  04:50:00,24.0,28.85553494428931,24.85749257192902,28.85553494428931,0.0,9426.623709679701,24.85749257192902,0.0,0.0,0.059871,26.3,0.0,24.85971803940164,0.059871,0.059871,0.0,0.0,0.059871,0.0,0.0,0.0,0.059871,0.0,0.059871,0.0 
 07/21  04:51:00,24.0,28.860407195172748,24.85528051327468,28.860407195172748,0.0,9444.596023382524,24.85528051327468,0.0,0.0,0.059871,26.3,0.0,24.85749257192902,0.059871,0.059871,0.0,0.0,0.059871,0.0,0.0,0.0,0.059871,0.0,0.059871,0.0 
 07/21  04:52:00,24.0,28.865250339991412,24.853081948905107,28.865250339991412,0.0,9462.460973294114,24.853081948905107,0.0,0.0,0.059871,26.3,0.0,24.85528051327468,0.059871,0.059871,0.0,0.0,0.059871,0.0,0.0,0.0,0.059871,0.0,0.059871,0.0 
 07/21  04:53:00,24.0,28.870067550917778,24.85089697728864,28.870067550917778,0.0,9480.230260634316,24.85089697728864,0.0,0.0,0.059871,26.3,0.0,24.853081948905107,0.059871,0.059871,0.0,0.0,0.059871,0.0,0.0,0.0,0.059871,0.0,0.059871,0.0 
 07/21  04:54:00,24.0,28.874856005918673,24.848725728866714,28.874856005918673,0.0,9497.893475745128,24.848725728866714,0.0,0.0,0.059871,26.3,0.0,24.85089697728864,0.059871,0.059871,0.0,0.0,0.059871,0.0,0.0,0.0,0.059871,0.0,0.059871,0.0 
 07/21  04:55:00,24.0,28.879618838132362,24.846568337646413,28.879618838132362,0.0,9515.462175860584,24.846568337646413,0.0,0.0,0.059871,26.3,0.0,24.848725728866714,0.059871,0.059871,0.0,0.0,0.059871,0.0,0.0,0.0,0.059871,0.0,0.059871,0.0 
 07/21  04:56:00,24.0,28.884353259599067,24.844424995324108,28.884353259599067,0.0,9532.926077009488,24.844424995324108,0.0,0.0,0.059871,26.3,0.0,24.846568337646413,0.059871,0.059871,0.0,0.0,0.059871,0.0,0.0,0.0,0.059871,0.0,0.059871,0.0 
 07/21  04:57:00,24.0,28.889062365007128,24.842295925963402,28.889062365007128,0.0,9550.29659459533,24.842295925963402,0.0,0.0,0.059871,26.3,0.0,24.844424995324108,0.059871,0.059871,0.0,0.0,0.059871,0.0,0.0,0.0,0.059871,0.0,0.059871,0.0 
 07/21  04:58:00,24.0,28.893743399973715,24.840181423508778,28.893743399973715,0.0,9567.563568502486,24.840181423508778,0.0,0.0,0.059871,26.3,0.0,24.842295925963402,0.059871,0.059871,0.0,0.0,0.059871,0.0,0.0,0.0,0.059871,0.0,0.059871,0.0 
 07/21  04:59:00,24.0,28.89839942131008,24.83808189085847,28.89839942131008,0.0,9584.7382744169,24.83808189085847,0.0,0.0,0.059871,26.3,0.0,24.840181423508778,0.059871,0.059871,0.0,0.0,0.059871,0.0,0.0,0.0,0.059871,0.0,0.059871,0.0 
 07/21  05:00:00,24.0,28.90302770772381,24.83599793999879,28.90302770772381,0.0,9601.810674283839,24.83599793999879,0.0,0.0,0.059871,26.3,0.0,24.83808189085847,0.059871,0.059871,0.0,0.0,0.059871,0.0,0.0,0.0,0.059871,0.0,0.059871,0.0,49104000.0 
 07/21  05:01:00,24.0,28.907631278710745,24.833930732900576,28.907631278710745,0.0,9618.791906143575,24.833930732900576,0.0,0.0,0.059871,26.3,0.0,24.83599793999879,0.059871,0.059871,0.0,0.0,0.059871,0.0,0.0,0.0,0.059871,0.0,0.059871,0.0 
 07/21  05:02:00,24.0,28.91220744559212,24.83187772252535,28.91220744559212,0.0,9635.67205224364,24.83187772252535,0.0,0.0,0.059871,26.3,0.0,24.833930732900576,0.059871,0.059871,0.0,0.0,0.059871,0.0,0.0,0.0,0.059871,0.0,0.059871,0.0 
 07/21  05:03:00,24.0,28.916759191099107,24.82983482403677,28.916759191099107,0.0,9652.462115010134,24.82983482403677,0.0,0.0,0.059871,26.3,0.0,24.83187772252535,0.059871,0.059871,0.0,0.0,0.059871,0.0,0.0,0.0,0.059871,0.0,0.059871,0.0 
 07/21  05:04:00,24.0,28.921283858699226,24.82779913126677,28.921283858699226,0.0,9669.152295268872,24.82779913126677,0.0,0.0,0.059871,26.3,0.0,24.82983482403677,0.059871,0.059871,0.0,0.0,0.059871,0.0,0.0,0.0,0.059871,0.0,0.059871,0.0 
 07/21  05:05:00,24.0,28.925784394899008,24.825768947601453,28.925784394899008,0.0,9685.75346182382,24.825768947601453,0.0,0.0,0.059871,26.3,0.0,24.82779913126677,0.059871,0.059871,0.0,0.0,0.059871,0.0,0.0,0.0,0.059871,0.0,0.059871,0.0 
 07/21  05:06:00,24.0,28.930258174854114,24.82374331870779,28.930258174854114,0.0,9702.255932389116,24.82374331870779,0.0,0.0,0.059871,26.3,0.0,24.825768947601453,0.059871,0.059871,0.0,0.0,0.059871,0.0,0.0,0.0,0.059871,0.0,0.059871,0.0 
 07/21  05:07:00,24.0,28.93470810937598,24.82172160738619,28.93470810937598,0.0,9718.67044409989,24.82172160738619,0.0,0.0,0.059871,26.3,0.0,24.82374331870779,0.059871,0.059871,0.0,0.0,0.059871,0.0,0.0,0.0,0.059871,0.0,0.059871,0.0 
 07/21  05:08:00,24.0,28.93913160485931,24.819703392772826,28.93913160485931,0.0,9734.987429902021,24.819703392772826,0.0,0.0,0.059871,26.3,0.0,24.82172160738619,0.059871,0.059871,0.0,0.0,0.059871,0.0,0.0,0.0,0.059871,0.0,0.059871,0.0 
 07/21  05:09:00,24.0,28.9435315369397,24.81768833715898,28.9435315369397,0.0,9751.21749717725,24.81768833715898,0.0,0.0,0.059871,26.3,0.0,24.819703392772826,0.059871,0.059871,0.0,0.0,0.059871,0.0,0.0,0.0,0.059871,0.0,0.059871,0.0 
 07/21  05:10:00,24.0,28.94790534281044,24.815676215022677,28.94790534281044,0.0,9767.351192478414,24.815676215022677,0.0,0.0,0.059871,26.3,0.0,24.81768833715898,0.059871,0.059871,0.0,0.0,0.059871,0.0,0.0,0.0,0.059871,0.0,0.059871,0.0 
 07/21  05:11:00,24.0,28.952255863440588,24.813666861287906,28.952255863440588,0.0,9783.398995312506,24.813666861287906,0.0,0.0,0.059871,26.3,0.0,24.815676215022677,0.059871,0.059871,0.0,0.0,0.059871,0.0,0.0,0.0,0.059871,0.0,0.059871,0.0 
 07/21  05:12:00,24.0,28.956580566390087,24.811660207234524,28.956580566390087,0.0,9799.351564246132,24.811660207234524,0.0,0.0,0.059871,26.3,0.0,24.813666861287906,0.059871,0.059871,0.0,0.0,0.059871,0.0,0.0,0.0,0.059871,0.0,0.059871,0.0 
 07/21  05:13:00,24.0,28.96088225846096,24.809656194330273,28.96088225846096,0.0,9815.219252754028,24.809656194330273,0.0,0.0,0.059871,26.3,0.0,24.811660207234524,0.059871,0.059871,0.0,0.0,0.059871,0.0,0.0,0.0,0.059871,0.0,0.059871,0.0 
 07/21  05:14:00,24.0,28.965158437156152,24.80765485540786,28.965158437156152,0.0,9830.992829853818,24.80765485540786,0.0,0.0,0.059871,26.3,0.0,24.809656194330273,0.059871,0.059871,0.0,0.0,0.059871,0.0,0.0,0.0,0.059871,0.0,0.059871,0.0 
 07/21  05:15:00,24.0,28.96941187560057,24.805656220281705,28.96941187560057,0.0,9846.682524795151,24.805656220281705,0.0,0.0,0.059871,26.3,0.0,24.80765485540786,0.059871,0.059871,0.0,0.0,0.059871,0.0,0.0,0.0,0.059871,0.0,0.059871,0.0 
 07/21  05:16:00,24.0,28.973640100824625,24.80366037275668,28.973640100824625,0.0,9862.27921551386,24.80366037275668,0.0,0.0,0.059871,26.3,0.0,24.805656220281705,0.059871,0.059871,0.0,0.0,0.059871,0.0,0.0,0.0,0.059871,0.0,0.059871,0.0 
 07/21  05:17:00,24.0,28.977845852756655,24.801667395628265,28.977845852756655,0.0,9877.793008807148,24.801667395628265,0.0,0.0,0.059871,26.3,0.0,24.80366037275668,0.059871,0.059871,0.0,0.0,0.059871,0.0,0.0,0.0,0.059871,0.0,0.059871,0.0 
 07/21  05:18:00,24.0,28.982026687546877,24.799677424629476,28.982026687546877,0.0,9893.214890025347,24.799677424629476,0.0,0.0,0.059871,26.3,0.0,24.801667395628265,0.059871,0.059871,0.0,0.0,0.059871,0.0,0.0,0.0,0.059871,0.0,0.059871,0.0 
 07/21  05:19:00,24.0,28.986185312398472,24.797690560441232,28.986185312398472,0.0,9908.554845252056,24.797690560441232,0.0,0.0,0.059871,26.3,0.0,24.799677424629476,0.059871,0.059871,0.0,0.0,0.059871,0.0,0.0,0.0,0.059871,0.0,0.059871,0.0 
 07/21  05:20:00,24.0,28.990319312181487,24.795706967219715,28.990319312181487,0.0,9923.8039657767,24.795706967219715,0.0,0.0,0.059871,26.3,0.0,24.797690560441232,0.059871,0.059871,0.0,0.0,0.059871,0.0,0.0,0.0,0.059871,0.0,0.059871,0.0 
 07/21  05:21:00,24.0,28.994431361836433,24.793726775404366,28.994431361836433,0.0,9938.972118675301,24.793726775404366,0.0,0.0,0.059871,26.3,0.0,24.795706967219715,0.059871,0.059871,0.0,0.0,0.059871,0.0,0.0,0.0,0.059871,0.0,0.059871,0.0 
 07/21  05:22:00,24.0,28.99851907456059,24.791750150758283,28.99851907456059,0.0,9954.050499728155,24.791750150758283,0.0,0.0,0.059871,26.3,0.0,24.793726775404366,0.059871,0.059871,0.0,0.0,0.059871,0.0,0.0,0.0,0.059871,0.0,0.059871,0.0 
 07/21  05:23:00,24.0,29.00258509348558,24.789777237137223,29.00258509348558,0.0,9969.048858677597,24.789777237137223,0.0,0.0,0.059871,26.3,0.0,24.791750150758283,0.059871,0.059871,0.0,0.0,0.059871,0.0,0.0,0.0,0.059871,0.0,0.059871,0.0 
 07/21  05:24:00,24.0,29.00662705975064,24.787808219218988,29.00662705975064,0.0,9983.958494373683,24.787808219218988,0.0,0.0,0.059871,26.3,0.0,24.789777237137223,0.059871,0.059871,0.0,0.0,0.059871,0.0,0.0,0.0,0.059871,0.0,0.059871,0.0 
 07/21  05:25:00,24.0,29.01064758512378,24.78584323095877,29.01064758512378,0.0,9998.789040867487,24.78584323095877,0.0,0.0,0.059871,26.3,0.0,24.787808219218988,0.059871,0.059871,0.0,0.0,0.059871,0.0,0.0,0.0,0.059871,0.0,0.059871,0.0 
 07/21  05:26:00,24.0,29.014644338307985,24.783882462387925,29.014644338307985,0.0,10013.531898683665,24.783882462387925,0.0,0.0,0.059871,26.3,0.0,24.78584323095877,0.059871,0.059871,0.0,0.0,0.059871,0.0,0.0,0.0,0.059871,0.0,0.059871,0.0 
 07/21  05:27:00,24.0,29.018619900144515,24.78192605873138,29.018619900144515,0.0,10028.196587793582,24.78192605873138,0.0,0.0,0.059871,26.3,0.0,24.783882462387925,0.059871,0.059871,0.0,0.0,0.059871,0.0,0.0,0.0,0.059871,0.0,0.059871,0.0 
 07/21  05:28:00,24.0,29.022571966528826,24.77997419516796,29.022571966528826,0.0,10042.774609027001,24.77997419516796,0.0,0.0,0.059871,26.3,0.0,24.78192605873138,0.059871,0.059871,0.0,0.0,0.059871,0.0,0.0,0.0,0.059871,0.0,0.059871,0.0 
 07/21  05:29:00,24.0,29.026503087804258,24.7780270175343,29.026503087804258,0.0,10057.275369857298,24.7780270175343,0.0,0.0,0.059871,26.3,0.0,24.77997419516796,0.059871,0.059871,0.0,0.0,0.059871,0.0,0.0,0.0,0.059871,0.0,0.059871,0.0 
 07/21  05:30:00,24.0,29.03041098669423,24.776084709308492,29.03041098669423,0.0,10071.690470074782,24.776084709308492,0.0,0.0,0.059871,26.3,0.0,24.7780270175343,0.059871,0.059871,0.0,0.0,0.059871,0.0,0.0,0.0,0.059871,0.0,0.059871,0.0 
 07/21  05:31:00,24.0,29.03429818346499,24.77414739732221,29.03429818346499,0.0,10086.02920620725,24.77414739732221,0.0,0.0,0.059871,26.3,0.0,24.776084709308492,0.059871,0.059871,0.0,0.0,0.059871,0.0,0.0,0.0,0.059871,0.0,0.059871,0.0 
 07/21  05:32:00,24.0,29.03816242730991,24.772215263177262,29.03816242730991,0.0,10100.28327568492,24.772215263177262,0.0,0.0,0.059871,26.3,0.0,24.77414739732221,0.059871,0.059871,0.0,0.0,0.059871,0.0,0.0,0.0,0.059871,0.0,0.059871,0.0 
 07/21  05:33:00,24.0,29.042006208831346,24.77028843970607,29.042006208831346,0.0,10114.461865614112,24.77028843970607,0.0,0.0,0.059871,26.3,0.0,24.772215263177262,0.059871,0.059871,0.0,0.0,0.059871,0.0,0.0,0.0,0.059871,0.0,0.059871,0.0 
 07/21  05:34:00,24.0,29.045827303341138,24.768367088618167,29.045827303341138,0.0,10128.55676976849,24.768367088618167,0.0,0.0,0.059871,26.3,0.0,24.77028843970607,0.059871,0.059871,0.0,0.0,0.059871,0.0,0.0,0.0,0.059871,0.0,0.059871,0.0 
 07/21  05:35:00,24.0,29.049628172183215,24.766451340100257,29.049628172183215,0.0,10142.577067328566,24.766451340100257,0.0,0.0,0.059871,26.3,0.0,24.768367088618167,0.059871,0.059871,0.0,0.0,0.059871,0.0,0.0,0.0,0.059871,0.0,0.059871,0.0 
 07/21  05:36:00,24.0,29.05340661644247,24.764541361768742,29.05340661644247,0.0,10156.514647137274,24.764541361768742,0.0,0.0,0.059871,26.3,0.0,24.766451340100257,0.059871,0.059871,0.0,0.0,0.059871,0.0,0.0,0.0,0.059871,0.0,0.059871,0.0 
 07/21  05:37:00,24.0,29.05716506860266,24.76263726270383,29.05716506860266,0.0,10170.378481918382,24.76263726270383,0.0,0.0,0.059871,26.3,0.0,24.764541361768742,0.059871,0.059871,0.0,0.0,0.059871,0.0,0.0,0.0,0.059871,0.0,0.059871,0.0 
 07/21  05:38:00,24.0,29.060901355182587,24.760739207456115,29.060901355182587,0.0,10184.16055433308,24.760739207456115,0.0,0.0,0.059871,26.3,0.0,24.76263726270383,0.059871,0.059871,0.0,0.0,0.059871,0.0,0.0,0.0,0.059871,0.0,0.059871,0.0 
 07/21  05:39:00,24.0,29.064617880196753,24.758847310906223,29.064617880196753,0.0,10197.86973209034,24.758847310906223,0.0,0.0,0.059871,26.3,0.0,24.760739207456115,0.059871,0.059871,0.0,0.0,0.059871,0.0,0.0,0.0,0.059871,0.0,0.059871,0.0 
 07/21  05:40:00,24.0,29.068312495264536,24.756961717168856,29.068312495264536,0.0,10211.498090440095,24.756961717168856,0.0,0.0,0.059871,26.3,0.0,24.758847310906223,0.059871,0.059871,0.0,0.0,0.059871,0.0,0.0,0.0,0.059871,0.0,0.059871,0.0 
 07/21  05:41:00,24.0,29.071987576315117,24.75508253897346,29.071987576315117,0.0,10225.054393492746,24.75508253897346,0.0,0.0,0.059871,26.3,0.0,24.756961717168856,0.059871,0.059871,0.0,0.0,0.059871,0.0,0.0,0.0,0.059871,0.0,0.059871,0.0 
 07/21  05:42:00,24.0,29.075640999741037,24.753209927225274,29.075640999741037,0.0,10238.530807879182,24.753209927225274,0.0,0.0,0.059871,26.3,0.0,24.75508253897346,0.059871,0.059871,0.0,0.0,0.059871,0.0,0.0,0.0,0.059871,0.0,0.059871,0.0 
 07/21  05:43:00,24.0,29.07927511376315,24.751343974279976,29.07927511376315,0.0,10251.935995501866,24.751343974279976,0.0,0.0,0.059871,26.3,0.0,24.753209927225274,0.059871,0.059871,0.0,0.0,0.059871,0.0,0.0,0.0,0.059871,0.0,0.059871,0.0 
 07/21  05:44:00,24.0,29.082887819225267,24.74948482925676,29.082887819225267,0.0,10265.262213185333,24.74948482925676,0.0,0.0,0.059871,26.3,0.0,24.751343974279976,0.059871,0.059871,0.0,0.0,0.059871,0.0,0.0,0.0,0.059871,0.0,0.059871,0.0 
 07/21  05:45:00,24.0,29.08648143701029,24.747632592181322,29.08648143701029,0.0,10278.518021990258,24.747632592181322,0.0,0.0,0.059871,26.3,0.0,24.74948482925676,0.059871,0.059871,0.0,0.0,0.059871,0.0,0.0,0.0,0.059871,0.0,0.059871,0.0 
 07/21  05:46:00,24.0,29.090053892096993,24.74578739311806,29.090053892096993,0.0,10291.695767768037,24.74578739311806,0.0,0.0,0.059871,26.3,0.0,24.747632592181322,0.059871,0.059871,0.0,0.0,0.059871,0.0,0.0,0.0,0.059871,0.0,0.059871,0.0 
 07/21  05:47:00,24.0,29.09360747839411,24.743949332051372,29.09360747839411,0.0,10304.80391207953,24.743949332051372,0.0,0.0,0.059871,26.3,0.0,24.74578739311806,0.059871,0.059871,0.0,0.0,0.059871,0.0,0.0,0.0,0.059871,0.0,0.059871,0.0 
 07/21  05:48:00,24.0,29.09714014470444,24.742118548193464,29.09714014470444,0.0,10317.834888655989,24.742118548193464,0.0,0.0,0.059871,26.3,0.0,24.743949332051372,0.059871,0.059871,0.0,0.0,0.059871,0.0,0.0,0.0,0.059871,0.0,0.059871,0.0 
 07/21  05:49:00,24.0,29.10065415831988,24.740295123263195,29.10065415831988,0.0,10330.797060876503,24.740295123263195,0.0,0.0,0.059871,26.3,0.0,24.742118548193464,0.059871,0.059871,0.0,0.0,0.059871,0.0,0.0,0.0,0.059871,0.0,0.059871,0.0 
 07/21  05:50:00,24.0,29.104147491561584,24.738479197253135,29.104147491561584,0.0,10343.682949224713,24.738479197253135,0.0,0.0,0.059871,26.3,0.0,24.740295123263195,0.059871,0.059871,0.0,0.0,0.059871,0.0,0.0,0.0,0.059871,0.0,0.059871,0.0 
 07/21  05:51:00,24.0,29.1076223854558,24.736670862601326,29.1076223854558,0.0,10356.5008201934,24.736670862601326,0.0,0.0,0.059871,26.3,0.0,24.738479197253135,0.059871,0.059871,0.0,0.0,0.059871,0.0,0.0,0.0,0.059871,0.0,0.059871,0.0 
 07/21  05:52:00,24.0,29.111076835541542,24.734870242891876,29.111076835541542,0.0,10369.243279910064,24.734870242891876,0.0,0.0,0.059871,26.3,0.0,24.736670862601326,0.059871,0.059871,0.0,0.0,0.059871,0.0,0.0,0.0,0.059871,0.0,0.059871,0.0 
 07/21  05:53:00,24.0,29.114513056924388,24.73307743383514,29.114513056924388,0.0,10381.918499253725,24.73307743383514,0.0,0.0,0.059871,26.3,0.0,24.734870242891876,0.059871,0.059871,0.0,0.0,0.059871,0.0,0.0,0.0,0.059871,0.0,0.059871,0.0 
 07/21  05:54:00,24.0,29.117929068065656,24.731292571781037,29.117929068065656,0.0,10394.519168905594,24.731292571781037,0.0,0.0,0.059871,26.3,0.0,24.73307743383514,0.059871,0.059871,0.0,0.0,0.059871,0.0,0.0,0.0,0.059871,0.0,0.059871,0.0 
 07/21  05:55:00,24.0,29.12132705848932,24.72951573766223,29.12132705848932,0.0,10407.053365381584,24.72951573766223,0.0,0.0,0.059871,26.3,0.0,24.731292571781037,0.059871,0.059871,0.0,0.0,0.059871,0.0,0.0,0.0,0.059871,0.0,0.059871,0.0 
 07/21  05:56:00,24.0,29.12470506928837,24.727747072662613,29.12470506928837,0.0,10419.513862844564,24.727747072662613,0.0,0.0,0.059871,26.3,0.0,24.72951573766223,0.059871,0.059871,0.0,0.0,0.059871,0.0,0.0,0.0,0.059871,0.0,0.059871,0.0 
 07/21  05:57:00,24.0,29.12806526473848,24.72598667310925,29.12806526473848,0.0,10431.90864467682,24.72598667310925,0.0,0.0,0.059871,26.3,0.0,24.727747072662613,0.059871,0.059871,0.0,0.0,0.059871,0.0,0.0,0.0,0.059871,0.0,0.059871,0.0 
 07/21  05:58:00,24.0,29.131405708278457,24.72423466842294,29.131405708278457,0.0,10444.230567468421,24.72423466842294,0.0,0.0,0.059871,26.3,0.0,24.72598667310925,0.059871,0.059871,0.0,0.0,0.059871,0.0,0.0,0.0,0.059871,0.0,0.059871,0.0 
 07/21  05:59:00,24.0,29.13472853926314,24.72249116390107,29.13472853926314,0.0,10456.48752267597,24.72249116390107,0.0,0.0,0.059871,26.3,0.0,24.72423466842294,0.059871,0.059871,0.0,0.0,0.059871,0.0,0.0,0.0,0.059871,0.0,0.059871,0.0 
 07/21  06:00:00,24.0,29.138031843195893,24.7207563084793,29.138031843195893,0.0,10468.672448279267,24.7207563084793,0.0,0.0,0.059871,26.3,0.0,24.72249116390107,0.059871,0.059871,0.0,0.0,0.059871,0.0,0.0,0.0,0.059871,0.0,0.059871,0.0,49104000.0 
 07/21  06:01:00,24.0,29.14131773483282,24.71903020070879,29.14131773483282,0.0,10480.793144997315,24.71903020070879,0.0,0.0,0.059871,26.3,0.0,24.7207563084793,0.059871,0.059871,0.0,0.0,0.059871,0.0,0.0,0.0,0.059871,0.0,0.059871,0.0 
 07/21  06:02:00,24.0,29.144584321465217,24.71731300582379,29.144584321465217,0.0,10492.842631179243,24.71731300582379,0.0,0.0,0.059871,26.3,0.0,24.71903020070879,0.059871,0.059871,0.0,0.0,0.059871,0.0,0.0,0.0,0.059871,0.0,0.059871,0.0 
 07/21  06:03:00,24.0,29.147833693566962,24.715604858443943,29.147833693566962,0.0,10504.828617974032,24.715604858443943,0.0,0.0,0.059871,26.3,0.0,24.71731300582379,0.059871,0.059871,0.0,0.0,0.059871,0.0,0.0,0.0,0.059871,0.0,0.059871,0.0 
 07/21  06:04:00,24.0,29.15106397994505,24.7139059286122,29.15106397994505,0.0,10516.74420309596,24.7139059286122,0.0,0.0,0.059871,26.3,0.0,24.715604858443943,0.059871,0.059871,0.0,0.0,0.059871,0.0,0.0,0.0,0.059871,0.0,0.059871,0.0 
 07/21  06:05:00,24.0,29.15427724710242,24.71221628419676,29.15427724710242,0.0,10528.597009272176,24.71221628419676,0.0,0.0,0.059871,26.3,0.0,24.7139059286122,0.059871,0.059871,0.0,0.0,0.059871,0.0,0.0,0.0,0.059871,0.0,0.059871,0.0 
 07/21  06:06:00,24.0,29.157471645093835,24.71053603489515,29.157471645093835,0.0,10540.380212593782,24.71053603489515,0.0,0.0,0.059871,26.3,0.0,24.71221628419676,0.059871,0.059871,0.0,0.0,0.059871,0.0,0.0,0.0,0.059871,0.0,0.059871,0.0 
 07/21  06:07:00,24.0,29.160649216757427,24.708865257165844,29.160649216757427,0.0,10552.101348495344,24.708865257165844,0.0,0.0,0.059871,26.3,0.0,24.71053603489515,0.059871,0.059871,0.0,0.0,0.059871,0.0,0.0,0.0,0.059871,0.0,0.059871,0.0 
 07/21  06:08:00,24.0,29.163808133132115,24.707204106886678,29.163808133132115,0.0,10563.753670472424,24.707204106886678,0.0,0.0,0.059871,26.3,0.0,24.708865257165844,0.059871,0.059871,0.0,0.0,0.059871,0.0,0.0,0.0,0.059871,0.0,0.059871,0.0 
 07/21  06:09:00,24.0,29.16695041369232,24.70555271123705,29.16695041369232,0.0,10575.344627777664,24.70555271123705,0.0,0.0,0.059871,26.3,0.0,24.707204106886678,0.059871,0.059871,0.0,0.0,0.059871,0.0,0.0,0.0,0.059871,0.0,0.059871,0.0 
 07/21  06:10:00,24.0,29.17007425020197,24.70391124123651,29.17007425020197,0.0,10586.867550355119,24.70391124123651,0.0,0.0,0.059871,26.3,0.0,24.70555271123705,0.059871,0.059871,0.0,0.0,0.059871,0.0,0.0,0.0,0.059871,0.0,0.059871,0.0 
 07/21  06:11:00,24.0,29.17318163906795,24.702279856768456,29.17318163906795,0.0,10598.329802368016,24.702279856768456,0.0,0.0,0.059871,26.3,0.0,24.70391124123651,0.059871,0.059871,0.0,0.0,0.059871,0.0,0.0,0.0,0.059871,0.0,0.059871,0.0 
 07/21  06:12:00,24.0,29.176270792526793,24.70065877182647,29.176270792526793,0.0,10609.724789277925,24.70065877182647,0.0,0.0,0.059871,26.3,0.0,24.702279856768456,0.059871,0.059871,0.0,0.0,0.059871,0.0,0.0,0.0,0.059871,0.0,0.059871,0.0 
 07/21  06:13:00,24.0,29.179343684210593,24.6990481630974,29.179343684210593,0.0,10621.05979123848,24.6990481630974,0.0,0.0,0.059871,26.3,0.0,24.70065877182647,0.059871,0.059871,0.0,0.0,0.059871,0.0,0.0,0.0,0.059871,0.0,0.059871,0.0 
 07/21  06:14:00,24.0,29.18239854659206,24.69744828533413,29.18239854659206,0.0,10632.328288356588,24.69744828533413,0.0,0.0,0.059871,26.3,0.0,24.6990481630974,0.059871,0.059871,0.0,0.0,0.059871,0.0,0.0,0.0,0.059871,0.0,0.059871,0.0 
 07/21  06:15:00,24.0,29.185437330820907,24.69585937158145,29.185437330820907,0.0,10643.537477854961,24.69585937158145,0.0,0.0,0.059871,26.3,0.0,24.69744828533413,0.059871,0.059871,0.0,0.0,0.059871,0.0,0.0,0.0,0.059871,0.0,0.059871,0.0 
 07/21  06:16:00,24.0,29.188458289402163,24.69428171070448,29.188458289402163,0.0,10654.680913733882,24.69428171070448,0.0,0.0,0.059871,26.3,0.0,24.69585937158145,0.059871,0.059871,0.0,0.0,0.059871,0.0,0.0,0.0,0.059871,0.0,0.059871,0.0 
 07/21  06:17:00,24.0,29.191463351299934,24.69271559908985,29.191463351299934,0.0,10665.765711379823,24.69271559908985,0.0,0.0,0.059871,26.3,0.0,24.69428171070448,0.059871,0.059871,0.0,0.0,0.059871,0.0,0.0,0.0,0.059871,0.0,0.059871,0.0 
 07/21  06:18:00,24.0,29.194450788895615,24.69116140994925,29.194450788895615,0.0,10676.7854981112,24.69116140994925,0.0,0.0,0.059871,26.3,0.0,24.69271559908985,0.059871,0.059871,0.0,0.0,0.059871,0.0,0.0,0.0,0.059871,0.0,0.059871,0.0 
 07/21  06:19:00,24.0,29.197422509267728,24.689619510304336,29.197422509267728,0.0,10687.747308584927,24.689619510304336,0.0,0.0,0.059871,26.3,0.0,24.69116140994925,0.059871,0.059871,0.0,0.0,0.059871,0.0,0.0,0.0,0.059871,0.0,0.059871,0.0 
 07/21  06:20:00,24.0,29.200376804564858,24.688090385602283,29.200376804564858,0.0,10698.644843034832,24.688090385602283,0.0,0.0,0.059871,26.3,0.0,24.689619510304336,0.059871,0.059871,0.0,0.0,0.059871,0.0,0.0,0.0,0.059871,0.0,0.059871,0.0 
 07/21  06:21:00,24.0,29.203315560273374,24.68657455651348,29.203315560273374,0.0,10709.485056470676,24.68657455651348,0.0,0.0,0.059871,26.3,0.0,24.688090385602283,0.059871,0.059871,0.0,0.0,0.059871,0.0,0.0,0.0,0.059871,0.0,0.059871,0.0 
 07/21  06:22:00,24.0,29.20623708822645,24.685072679536766,29.20623708822645,0.0,10720.261721736992,24.685072679536766,0.0,0.0,0.059871,26.3,0.0,24.68657455651348,0.059871,0.059871,0.0,0.0,0.059871,0.0,0.0,0.0,0.059871,0.0,0.059871,0.0 
 07/21  06:23:00,24.0,29.209143252589712,24.683585542047794,29.209143252589712,0.0,10730.981715197513,24.683585542047794,0.0,0.0,0.059871,26.3,0.0,24.685072679536766,0.059871,0.059871,0.0,0.0,0.059871,0.0,0.0,0.0,0.059871,0.0,0.059871,0.0 
 07/21  06:24:00,24.0,29.212032384794863,24.682114209819066,29.212032384794863,0.0,10741.638881990071,24.682114209819066,0.0,0.0,0.059871,26.3,0.0,24.683585542047794,0.059871,0.059871,0.0,0.0,0.059871,0.0,0.0,0.0,0.059871,0.0,0.059871,0.0 
 07/21  06:25:00,24.0,29.21490632792467,24.680660129464638,29.21490632792467,0.0,10752.24002070986,24.680660129464638,0.0,0.0,0.059871,26.3,0.0,24.682114209819066,0.059871,0.059871,0.0,0.0,0.059871,0.0,0.0,0.0,0.059871,0.0,0.059871,0.0 
 07/21  06:26:00,24.0,29.217763432894323,24.679225901833586,29.217763432894323,0.0,10762.779048363613,24.679225901833586,0.0,0.0,0.059871,26.3,0.0,24.680660129464638,0.059871,0.059871,0.0,0.0,0.059871,0.0,0.0,0.0,0.059871,0.0,0.059871,0.0 
 07/21  06:27:00,24.0,29.22060552190493,24.677813234799007,29.22060552190493,0.0,10773.262686520178,24.677813234799007,0.0,0.0,0.059871,26.3,0.0,24.679225901833586,0.059871,0.059871,0.0,0.0,0.059871,0.0,0.0,0.0,0.059871,0.0,0.059871,0.0 
 07/21  06:28:00,24.0,29.223430965196513,24.676417986998345,29.223430965196513,0.0,10783.684923469955,24.676417986998345,0.0,0.0,0.059871,26.3,0.0,24.677813234799007,0.059871,0.059871,0.0,0.0,0.059871,0.0,0.0,0.0,0.059871,0.0,0.059871,0.0 
 07/21  06:29:00,24.0,29.226241564259798,24.675035929155573,29.226241564259798,0.0,10794.052404387236,24.675035929155573,0.0,0.0,0.059871,26.3,0.0,24.676417986998345,0.059871,0.059871,0.0,0.0,0.059871,0.0,0.0,0.0,0.059871,0.0,0.059871,0.0 
 07/21  06:30:00,24.0,29.229035708455694,24.67366421374079,29.229035708455694,0.0,10804.359188093771,24.67366421374079,0.0,0.0,0.059871,26.3,0.0,24.675035929155573,0.059871,0.059871,0.0,0.0,0.059871,0.0,0.0,0.0,0.059871,0.0,0.059871,0.0 
 07/21  06:31:00,24.0,29.231815178717248,24.672301283216314,29.231815178717248,0.0,10814.611843932602,24.672301283216314,0.0,0.0,0.059871,26.3,0.0,24.67366421374079,0.059871,0.059871,0.0,0.0,0.059871,0.0,0.0,0.0,0.059871,0.0,0.059871,0.0 
 07/21  06:32:00,24.0,29.234578383283182,24.670945633428722,29.234578383283182,0.0,10824.804500360227,24.670945633428722,0.0,0.0,0.059871,26.3,0.0,24.672301283216314,0.059871,0.059871,0.0,0.0,0.059871,0.0,0.0,0.0,0.059871,0.0,0.059871,0.0 
 07/21  06:33:00,24.0,29.237327082676142,24.669595064446128,29.237327082676142,0.0,10834.943651431655,24.669595064446128,0.0,0.0,0.059871,26.3,0.0,24.670945633428722,0.059871,0.059871,0.0,0.0,0.059871,0.0,0.0,0.0,0.059871,0.0,0.059871,0.0 
 07/21  06:34:00,24.0,29.240059703741295,24.668247655767622,29.240059703741295,0.0,10845.02349423713,24.668247655767622,0.0,0.0,0.059871,26.3,0.0,24.669595064446128,0.059871,0.059871,0.0,0.0,0.059871,0.0,0.0,0.0,0.059871,0.0,0.059871,0.0 
 07/21  06:35:00,24.0,29.24277798674343,24.66690188801335,29.24277798674343,0.0,10855.05044810634,24.66690188801335,0.0,0.0,0.059871,26.3,0.0,24.668247655767622,0.059871,0.059871,0.0,0.0,0.059871,0.0,0.0,0.0,0.059871,0.0,0.059871,0.0 
 07/21  06:36:00,24.0,29.24548037684551,24.665556621955883,29.24548037684551,0.0,10865.018777698548,24.665556621955883,0.0,0.0,0.059871,26.3,0.0,24.66690188801335,0.059871,0.059871,0.0,0.0,0.059871,0.0,0.0,0.0,0.059871,0.0,0.059871,0.0 
 07/21  06:37:00,24.0,29.24816859422002,24.664210902719145,29.24816859422002,0.0,10874.934828228776,24.664210902719145,0.0,0.0,0.059871,26.3,0.0,24.665556621955883,0.059871,0.059871,0.0,0.0,0.059871,0.0,0.0,0.0,0.059871,0.0,0.059871,0.0 
 07/21  06:38:00,24.0,29.250841102051616,24.66286400042974,29.250841102051616,0.0,10884.79293083306,24.66286400042974,0.0,0.0,0.059871,26.3,0.0,24.664210902719145,0.059871,0.059871,0.0,0.0,0.059871,0.0,0.0,0.0,0.059871,0.0,0.059871,0.0 
 07/21  06:39:00,24.0,29.253499600602833,24.661515272367794,29.253499600602833,0.0,10894.59935728442,24.661515272367794,0.0,0.0,0.059871,26.3,0.0,24.66286400042974,0.059871,0.059871,0.0,0.0,0.059871,0.0,0.0,0.0,0.059871,0.0,0.059871,0.0 
 07/21  06:40:00,24.0,29.256142570784036,24.660164209950658,29.256142570784036,0.0,10904.348504103858,24.660164209950658,0.0,0.0,0.059871,26.3,0.0,24.661515272367794,0.059871,0.059871,0.0,0.0,0.059871,0.0,0.0,0.0,0.059871,0.0,0.059871,0.0 
 07/21  06:41:00,24.0,29.258771693148,24.658810376739808,29.258771693148,0.0,10914.046570360857,24.658810376739808,0.0,0.0,0.059871,26.3,0.0,24.660164209950658,0.059871,0.059871,0.0,0.0,0.059871,0.0,0.0,0.0,0.059871,0.0,0.059871,0.0 
 07/21  06:42:00,24.0,29.261385466040004,24.657453452485285,29.261385466040004,0.0,10923.688016888736,24.657453452485285,0.0,0.0,0.059871,26.3,0.0,24.658810376739808,0.059871,0.059871,0.0,0.0,0.059871,0.0,0.0,0.0,0.059871,0.0,0.059871,0.0 
 07/21  06:43:00,24.0,29.263985550520033,24.656093134101518,29.263985550520033,0.0,10933.278970853726,24.656093134101518,0.0,0.0,0.059871,26.3,0.0,24.657453452485285,0.059871,0.059871,0.0,0.0,0.059871,0.0,0.0,0.0,0.059871,0.0,0.059871,0.0 
 07/21  06:44:00,24.0,29.266570462086047,24.654729234983204,29.266570462086047,0.0,10942.813956360405,24.654729234983204,0.0,0.0,0.059871,26.3,0.0,24.656093134101518,0.059871,0.059871,0.0,0.0,0.059871,0.0,0.0,0.0,0.059871,0.0,0.059871,0.0 
 07/21  06:45:00,24.0,29.26914184253653,24.653361578728184,29.26914184253653,0.0,10952.299029524947,24.653361578728184,0.0,0.0,0.059871,26.3,0.0,24.654729234983204,0.059871,0.059871,0.0,0.0,0.059871,0.0,0.0,0.0,0.059871,0.0,0.059871,0.0 
 07/21  06:46:00,24.0,29.27169822425011,24.65199005819896,29.27169822425011,0.0,10961.728776719789,24.65199005819896,0.0,0.0,0.059871,26.3,0.0,24.653361578728184,0.059871,0.059871,0.0,0.0,0.059871,0.0,0.0,0.0,0.059871,0.0,0.059871,0.0 
 07/21  06:47:00,24.0,29.274241230006275,24.65061458509928,29.274241230006275,0.0,10971.109183905564,24.65061458509928,0.0,0.0,0.059871,26.3,0.0,24.65199005819896,0.059871,0.059871,0.0,0.0,0.059871,0.0,0.0,0.0,0.059871,0.0,0.059871,0.0 
 07/21  06:48:00,24.0,29.27676940880313,24.649235138691406,29.27676940880313,0.0,10980.434898759126,24.649235138691406,0.0,0.0,0.059871,26.3,0.0,24.65061458509928,0.059871,0.059871,0.0,0.0,0.059871,0.0,0.0,0.0,0.059871,0.0,0.059871,0.0 
 07/21  06:49:00,24.0,29.27928436465195,24.647851675249594,29.27928436465195,0.0,10989.71183801063,24.647851675249594,0.0,0.0,0.059871,26.3,0.0,24.649235138691406,0.059871,0.059871,0.0,0.0,0.059871,0.0,0.0,0.0,0.059871,0.0,0.059871,0.0 
 07/21  06:50:00,24.0,29.28178466292,24.646464231122053,29.28178466292,0.0,10998.934709718005,24.646464231122053,0.0,0.0,0.059871,26.3,0.0,24.647851675249594,0.059871,0.059871,0.0,0.0,0.059871,0.0,0.0,0.0,0.059871,0.0,0.059871,0.0 
 07/21  06:51:00,24.0,29.284271889106076,24.645072823197285,29.284271889106076,0.0,11008.109362324258,24.645072823197285,0.0,0.0,0.059871,26.3,0.0,24.646464231122053,0.059871,0.059871,0.0,0.0,0.059871,0.0,0.0,0.0,0.059871,0.0,0.059871,0.0 
 07/21  06:52:00,24.0,29.28674462470667,24.643677509684256,29.28674462470667,0.0,11017.230563383331,24.643677509684256,0.0,0.0,0.059871,26.3,0.0,24.645072823197285,0.059871,0.059871,0.0,0.0,0.059871,0.0,0.0,0.0,0.059871,0.0,0.059871,0.0 
 07/21  06:53:00,24.0,29.289204436966397,24.642278345665506,29.289204436966397,0.0,11026.304094003872,24.642278345665506,0.0,0.0,0.059871,26.3,0.0,24.643677509684256,0.059871,0.059871,0.0,0.0,0.059871,0.0,0.0,0.0,0.059871,0.0,0.059871,0.0 
 07/21  06:54:00,24.0,29.291649923280595,24.640875432324535,29.291649923280595,0.0,11035.32478038605,24.640875432324535,0.0,0.0,0.059871,26.3,0.0,24.642278345665506,0.059871,0.059871,0.0,0.0,0.059871,0.0,0.0,0.0,0.059871,0.0,0.059871,0.0 
 07/21  06:55:00,24.0,29.29408263289829,24.6394688309857,29.29408263289829,0.0,11044.298337258038,24.6394688309857,0.0,0.0,0.059871,26.3,0.0,24.640875432324535,0.059871,0.059871,0.0,0.0,0.059871,0.0,0.0,0.0,0.059871,0.0,0.059871,0.0 
 07/21  06:56:00,24.0,29.29650117889233,24.63805866654537,29.29650117889233,0.0,11053.219648649738,24.63805866654537,0.0,0.0,0.059871,26.3,0.0,24.6394688309857,0.059871,0.059871,0.0,0.0,0.059871,0.0,0.0,0.0,0.059871,0.0,0.059871,0.0 
 07/21  06:57:00,24.0,29.298907092773003,24.6366450317535,29.298907092773003,0.0,11062.094363856304,24.6366450317535,0.0,0.0,0.059871,26.3,0.0,24.63805866654537,0.059871,0.059871,0.0,0.0,0.059871,0.0,0.0,0.0,0.059871,0.0,0.059871,0.0 
 07/21  06:58:00,24.0,29.301299003077244,24.635228047460966,29.301299003077244,0.0,11070.917423950144,24.635228047460966,0.0,0.0,0.059871,26.3,0.0,24.6366450317535,0.059871,0.059871,0.0,0.0,0.059871,0.0,0.0,0.0,0.059871,0.0,0.059871,0.0 
 07/21  06:59:00,24.0,29.303678423830707,24.63380782202049,29.303678423830707,0.0,11079.694413730713,24.63380782202049,0.0,0.0,0.059871,26.3,0.0,24.635228047460966,0.059871,0.059871,0.0,0.0,0.059871,0.0,0.0,0.0,0.059871,0.0,0.059871,0.0 
 07/21  07:00:00,24.0,29.306043998828443,24.632384499531415,29.306043998828443,0.0,11088.420330553135,24.632384499531415,0.0,0.0,0.059871,26.3,0.0,24.63380782202049,0.059871,0.059871,0.0,0.0,0.059871,0.0,0.0,0.0,0.059871,0.0,0.059871,0.0,49104000.0 
 07/21  07:01:00,24.0,29.3083972248614,24.63095817695673,29.3083972248614,0.0,11097.100695643076,24.63095817695673,0.0,0.0,0.059871,26.3,0.0,24.632384499531415,0.059871,0.059871,0.0,0.0,0.059871,0.0,0.0,0.0,0.059871,0.0,0.059871,0.0 
 07/21  07:02:00,24.0,29.310736760783403,24.62952900683104,29.310736760783403,0.0,11105.730561903083,24.62952900683104,0.0,0.0,0.059871,26.3,0.0,24.63095817695673,0.059871,0.059871,0.0,0.0,0.059871,0.0,0.0,0.0,0.059871,0.0,0.059871,0.0 
 07/21  07:03:00,24.0,29.313064086395986,24.628097104217147,29.313064086395986,0.0,11114.31538788981,24.628097104217147,0.0,0.0,0.059871,26.3,0.0,24.62952900683104,0.059871,0.059871,0.0,0.0,0.059871,0.0,0.0,0.0,0.059871,0.0,0.059871,0.0 
 07/21  07:04:00,24.0,29.315377875418463,24.62666260568357,29.315377875418463,0.0,11122.850281340274,24.62666260568357,0.0,0.0,0.059871,26.3,0.0,24.628097104217147,0.059871,0.059871,0.0,0.0,0.059871,0.0,0.0,0.0,0.059871,0.0,0.059871,0.0 
 07/21  07:05:00,24.0,29.3176795909029,24.625225631611276,29.3176795909029,0.0,11131.34063902724,24.625225631611276,0.0,0.0,0.059871,26.3,0.0,24.62666260568357,0.059871,0.059871,0.0,0.0,0.059871,0.0,0.0,0.0,0.059871,0.0,0.059871,0.0 
 07/21  07:06:00,24.0,29.31996792124633,24.623786332944956,29.31996792124633,0.0,11139.781622829538,24.623786332944956,0.0,0.0,0.059871,26.3,0.0,24.625225631611276,0.059871,0.059871,0.0,0.0,0.059871,0.0,0.0,0.0,0.059871,0.0,0.059871,0.0 
 07/21  07:07:00,24.0,29.32224431298583,24.622344810662966,29.32224431298583,0.0,11148.178568600928,24.622344810662966,0.0,0.0,0.059871,26.3,0.0,24.623786332944956,0.059871,0.059871,0.0,0.0,0.059871,0.0,0.0,0.0,0.059871,0.0,0.059871,0.0 
 07/21  07:08:00,24.0,29.324507469013348,24.620901217362967,29.324507469013348,0.0,11156.526691687786,24.620901217362967,0.0,0.0,0.059871,26.3,0.0,24.622344810662966,0.059871,0.059871,0.0,0.0,0.059871,0.0,0.0,0.0,0.059871,0.0,0.059871,0.0 
 07/21  07:09:00,24.0,29.326758819579783,24.619455666311897,29.326758819579783,0.0,11164.831267868913,24.619455666311897,0.0,0.0,0.059871,26.3,0.0,24.620901217362967,0.059871,0.059871,0.0,0.0,0.059871,0.0,0.0,0.0,0.059871,0.0,0.059871,0.0 
 07/21  07:10:00,24.0,29.32899708189391,24.618008288900157,29.32899708189391,0.0,11173.087565301266,24.618008288900157,0.0,0.0,0.059871,26.3,0.0,24.619455666311897,0.059871,0.059871,0.0,0.0,0.059871,0.0,0.0,0.0,0.059871,0.0,0.059871,0.0 
 07/21  07:11:00,24.0,29.331223670143387,24.616559199336848,29.331223670143387,0.0,11181.300800511031,24.616559199336848,0.0,0.0,0.059871,26.3,0.0,24.618008288900157,0.059871,0.059871,0.0,0.0,0.059871,0.0,0.0,0.0,0.059871,0.0,0.059871,0.0 
 07/21  07:12:00,24.0,29.333437315679863,24.6151085397459,29.333437315679863,0.0,11189.46629382412,24.6151085397459,0.0,0.0,0.059871,26.3,0.0,24.616559199336848,0.059871,0.059871,0.0,0.0,0.059871,0.0,0.0,0.0,0.059871,0.0,0.059871,0.0 
 07/21  07:13:00,24.0,29.335639416845144,24.61365640158003,29.335639416845144,0.0,11197.589203315974,24.61365640158003,0.0,0.0,0.059871,26.3,0.0,24.6151085397459,0.059871,0.059871,0.0,0.0,0.059871,0.0,0.0,0.0,0.059871,0.0,0.059871,0.0 
 07/21  07:14:00,24.0,29.33782871896378,24.612202925949358,29.33782871896378,0.0,11205.6649008545,24.612202925949358,0.0,0.0,0.059871,26.3,0.0,24.61365640158003,0.059871,0.059871,0.0,0.0,0.059871,0.0,0.0,0.0,0.059871,0.0,0.059871,0.0 
 07/21  07:15:00,24.0,29.34000660474351,24.61074821442664,29.34000660474351,0.0,11213.698486845591,24.61074821442664,0.0,0.0,0.059871,26.3,0.0,24.612202925949358,0.059871,0.059871,0.0,0.0,0.059871,0.0,0.0,0.0,0.059871,0.0,0.059871,0.0 
 07/21  07:16:00,24.0,29.34217183331542,24.609292384917254,29.34217183331542,0.0,11221.68538408541,24.609292384917254,0.0,0.0,0.059871,26.3,0.0,24.61074821442664,0.059871,0.059871,0.0,0.0,0.059871,0.0,0.0,0.0,0.059871,0.0,0.059871,0.0 
 07/21  07:17:00,24.0,29.34432577195952,24.60783553842209,29.34432577195952,0.0,11229.630636071524,24.60783553842209,0.0,0.0,0.059871,26.3,0.0,24.609292384917254,0.059871,0.059871,0.0,0.0,0.059871,0.0,0.0,0.0,0.059871,0.0,0.059871,0.0 
 07/21  07:18:00,24.0,29.34646719345046,24.60637780246058,29.34646719345046,0.0,11237.529715927203,24.60637780246058,0.0,0.0,0.059871,26.3,0.0,24.60783553842209,0.059871,0.059871,0.0,0.0,0.059871,0.0,0.0,0.0,0.059871,0.0,0.059871,0.0 
 07/21  07:19:00,24.0,29.348597449841723,24.604919254174554,29.348597449841723,0.0,11245.38761098374,24.604919254174554,0.0,0.0,0.059871,26.3,0.0,24.60637780246058,0.059871,0.059871,0.0,0.0,0.059871,0.0,0.0,0.0,0.059871,0.0,0.059871,0.0 
 07/21  07:20:00,24.0,29.35071532739169,24.603460019375525,29.35071532739169,0.0,11253.199844102028,24.603460019375525,0.0,0.0,0.059871,26.3,0.0,24.604919254174554,0.059871,0.059871,0.0,0.0,0.059871,0.0,0.0,0.0,0.059871,0.0,0.059871,0.0 
 07/21  07:21:00,24.0,29.35282216312352,24.60200018489207,29.35282216312352,0.0,11260.971347170867,24.60200018489207,0.0,0.0,0.059871,26.3,0.0,24.603460019375525,0.059871,0.059871,0.0,0.0,0.059871,0.0,0.0,0.0,0.059871,0.0,0.059871,0.0 
 07/21  07:22:00,24.0,29.354916756622465,24.600539852875993,29.354916756622465,0.0,11268.697692210071,24.600539852875993,0.0,0.0,0.059871,26.3,0.0,24.60200018489207,0.059871,0.059871,0.0,0.0,0.059871,0.0,0.0,0.0,0.059871,0.0,0.059871,0.0 
 07/21  07:23:00,24.0,29.357000430072844,24.59907910941595,29.357000430072844,0.0,11276.38375637228,24.59907910941595,0.0,0.0,0.059871,26.3,0.0,24.600539852875993,0.059871,0.059871,0.0,0.0,0.059871,0.0,0.0,0.0,0.059871,0.0,0.059871,0.0 
 07/21  07:24:00,24.0,29.35907199623278,24.597618066329744,29.35907199623278,0.0,11284.025160268184,24.597618066329744,0.0,0.0,0.059871,26.3,0.0,24.59907910941595,0.059871,0.059871,0.0,0.0,0.059871,0.0,0.0,0.0,0.059871,0.0,0.059871,0.0 
 07/21  07:25:00,24.0,29.361132762634558,24.59615678578894,29.361132762634558,0.0,11291.626727003368,24.59615678578894,0.0,0.0,0.059871,26.3,0.0,24.597618066329744,0.059871,0.059871,0.0,0.0,0.059871,0.0,0.0,0.0,0.059871,0.0,0.059871,0.0 
 07/21  07:26:00,24.0,29.363181555057793,24.59469537810608,29.363181555057793,0.0,11299.184125221003,24.59469537810608,0.0,0.0,0.059871,26.3,0.0,24.59615678578894,0.059871,0.059871,0.0,0.0,0.059871,0.0,0.0,0.0,0.059871,0.0,0.059871,0.0 
 07/21  07:27:00,24.0,29.365219666565384,24.593233915481783,29.365219666565384,0.0,11306.702124653311,24.593233915481783,0.0,0.0,0.059871,26.3,0.0,24.59469537810608,0.059871,0.059871,0.0,0.0,0.059871,0.0,0.0,0.0,0.059871,0.0,0.059871,0.0 
 07/21  07:28:00,24.0,29.367245935809606,24.59177248480055,29.367245935809606,0.0,11314.176441426986,24.59177248480055,0.0,0.0,0.059871,26.3,0.0,24.593233915481783,0.059871,0.059871,0.0,0.0,0.059871,0.0,0.0,0.0,0.059871,0.0,0.059871,0.0 
 07/21  07:29:00,24.0,29.369261641562385,24.590311157937926,29.369261641562385,0.0,11321.611792558975,24.590311157937926,0.0,0.0,0.059871,26.3,0.0,24.59177248480055,0.059871,0.059871,0.0,0.0,0.059871,0.0,0.0,0.0,0.059871,0.0,0.059871,0.0 
 07/21  07:30:00,24.0,29.37126563520224,24.588850031987942,29.37126563520224,0.0,11329.003941119381,24.588850031987942,0.0,0.0,0.059871,26.3,0.0,24.590311157937926,0.059871,0.059871,0.0,0.0,0.059871,0.0,0.0,0.0,0.059871,0.0,0.059871,0.0 
 07/21  07:31:00,24.0,29.37325918138473,24.587389155289788,29.37325918138473,0.0,11336.357552054029,24.587389155289788,0.0,0.0,0.059871,26.3,0.0,24.588850031987942,0.059871,0.059871,0.0,0.0,0.059871,0.0,0.0,0.0,0.059871,0.0,0.059871,0.0 
 07/21  07:32:00,24.0,29.37524114407049,24.58592862399293,29.37524114407049,0.0,11343.668434844749,24.58592862399293,0.0,0.0,0.059871,26.3,0.0,24.587389155289788,0.059871,0.059871,0.0,0.0,0.059871,0.0,0.0,0.0,0.059871,0.0,0.059871,0.0 
 07/21  07:33:00,24.0,29.377212773969568,24.584468497103938,29.377212773969568,0.0,11350.941202996451,24.584468497103938,0.0,0.0,0.059871,26.3,0.0,24.58592862399293,0.059871,0.059871,0.0,0.0,0.059871,0.0,0.0,0.0,0.059871,0.0,0.059871,0.0 
 07/21  07:34:00,24.0,29.379172947482814,24.583008847836545,29.379172947482814,0.0,11358.171711879268,24.583008847836545,0.0,0.0,0.059871,26.3,0.0,24.584468497103938,0.059871,0.059871,0.0,0.0,0.059871,0.0,0.0,0.0,0.059871,0.0,0.059871,0.0 
 07/21  07:35:00,24.0,29.381122901542163,24.58154973549153,29.381122901542163,0.0,11365.364524174689,24.58154973549153,0.0,0.0,0.059871,26.3,0.0,24.583008847836545,0.059871,0.059871,0.0,0.0,0.059871,0.0,0.0,0.0,0.059871,0.0,0.059871,0.0 
 07/21  07:36:00,24.0,29.383061524848884,24.580091244192218,29.383061524848884,0.0,11372.515540625503,24.580091244192218,0.0,0.0,0.059871,26.3,0.0,24.58154973549153,0.059871,0.059871,0.0,0.0,0.059871,0.0,0.0,0.0,0.059871,0.0,0.059871,0.0 
 07/21  07:37:00,24.0,29.384990040720787,24.578633410225414,29.384990040720787,0.0,11379.629273694663,24.578633410225414,0.0,0.0,0.059871,26.3,0.0,24.580091244192218,0.059871,0.059871,0.0,0.0,0.059871,0.0,0.0,0.0,0.059871,0.0,0.059871,0.0 
 07/21  07:38:00,24.0,29.386907350021787,24.57717631742623,29.386907350021787,0.0,11386.701668989435,24.57717631742623,0.0,0.0,0.059871,26.3,0.0,24.578633410225414,0.059871,0.059871,0.0,0.0,0.059871,0.0,0.0,0.0,0.059871,0.0,0.059871,0.0 
 07/21  07:39:00,24.0,29.388814662616447,24.57572001345129,29.388814662616447,0.0,11393.737189347616,24.57572001345129,0.0,0.0,0.059871,26.3,0.0,24.57717631742623,0.059871,0.059871,0.0,0.0,0.059871,0.0,0.0,0.0,0.059871,0.0,0.059871,0.0 
 07/21  07:40:00,24.0,29.39071089139552,24.574264559748723,29.39071089139552,0.0,11400.731824739993,24.574264559748723,0.0,0.0,0.059871,26.3,0.0,24.57572001345129,0.059871,0.059871,0.0,0.0,0.059871,0.0,0.0,0.0,0.059871,0.0,0.059871,0.0 
 07/21  07:41:00,24.0,29.34554733507481,24.572809777383426,29.34554733507481,0.0,11234.136626432242,24.572809777383426,0.0,0.0,0.059871,26.3,0.0,24.574264559748723,0.059871,0.059871,0.0,0.0,0.059871,0.0,0.0,0.0,0.059871,0.0,0.059871,0.0 
 07/21  07:42:00,24.0,29.26888691405803,24.571355731100546,29.26888691405803,0.0,10951.35867265561,24.571355731100546,0.0,0.0,0.059871,26.3,0.0,24.572809777383426,0.059871,0.059871,0.0,0.0,0.059871,0.0,0.0,0.0,0.059871,0.0,0.059871,0.0 
 07/21  07:43:00,24.0,29.194481749264593,24.569902546899815,29.194481749264593,0.0,10676.899701890297,24.569902546899815,0.0,0.0,0.059871,26.3,0.0,24.571355731100546,0.059871,0.059871,0.0,0.0,0.059871,0.0,0.0,0.0,0.059871,0.0,0.059871,0.0 
 07/21  07:44:00,24.0,29.137538053074593,24.568450371718775,29.137538053074593,0.0,10466.85100041549,24.568450371718775,0.0,0.0,0.059871,26.3,0.0,24.569902546899815,0.059871,0.059871,0.0,0.0,0.059871,0.0,0.0,0.0,0.059871,0.0,0.059871,0.0 
 07/21  07:45:00,24.0,29.09610456384789,24.56699927767333,29.09610456384789,0.0,10314.014932651295,24.56699927767333,0.0,0.0,0.059871,26.3,0.0,24.568450371718775,0.059871,0.059871,0.0,0.0,0.059871,0.0,0.0,0.0,0.059871,0.0,0.059871,0.0 
 07/21  07:46:00,24.0,29.063592325449807,24.56554932969638,29.063592325449807,0.0,10194.086759482303,24.56554932969638,0.0,0.0,0.059871,26.3,0.0,24.56699927767333,0.059871,0.059871,0.0,0.0,0.059871,0.0,0.0,0.0,0.059871,0.0,0.059871,0.0 
 07/21  07:47:00,24.0,29.034863328326793,24.564100573035994,29.034863328326793,0.0,10088.113860915488,24.564100573035994,0.0,0.0,0.059871,26.3,0.0,24.56554932969638,0.059871,0.059871,0.0,0.0,0.059871,0.0,0.0,0.0,0.059871,0.0,0.059871,0.0 
 07/21  07:48:00,24.0,29.007889075450272,24.562653075633936,29.007889075450272,0.0,9988.613702529892,24.562653075633936,0.0,0.0,0.059871,26.3,0.0,24.564100573035994,0.059871,0.059871,0.0,0.0,0.059871,0.0,0.0,0.0,0.059871,0.0,0.059871,0.0 
 07/21  07:49:00,24.0,28.98208168772583,24.561206857943613,28.98208168772583,0.0,9893.417769658085,24.561206857943613,0.0,0.0,0.059871,26.3,0.0,24.562653075633936,0.059871,0.059871,0.0,0.0,0.059871,0.0,0.0,0.0,0.059871,0.0,0.059871,0.0 
 07/21  07:50:00,24.0,28.957461199928122,24.559761988051083,28.957461199928122,0.0,9802.59996474551,24.559761988051083,0.0,0.0,0.059871,26.3,0.0,24.561206857943613,0.059871,0.059871,0.0,0.0,0.059871,0.0,0.0,0.0,0.059871,0.0,0.059871,0.0 
 07/21  07:51:00,24.0,28.933879076892197,24.558318498469365,28.933879076892197,0.0,9715.612384852766,24.558318498469365,0.0,0.0,0.059871,26.3,0.0,24.559761988051083,0.059871,0.059871,0.0,0.0,0.059871,0.0,0.0,0.0,0.059871,0.0,0.059871,0.0 
 07/21  07:52:00,24.0,28.91120481517257,24.556876434411762,28.91120481517257,0.0,9631.97364079906,24.556876434411762,0.0,0.0,0.059871,26.3,0.0,24.558318498469365,0.059871,0.059871,0.0,0.0,0.059871,0.0,0.0,0.0,0.059871,0.0,0.059871,0.0 
 07/21  07:53:00,24.0,28.889209614685505,24.555435829691515,28.889209614685505,0.0,9550.839755749334,24.555435829691515,0.0,0.0,0.059871,26.3,0.0,24.556876434411762,0.059871,0.059871,0.0,0.0,0.059871,0.0,0.0,0.0,0.059871,0.0,0.059871,0.0 
 07/21  07:54:00,24.0,28.86779409532195,24.553996741742495,28.86779409532195,0.0,9471.844145441333,24.553996741742495,0.0,0.0,0.059871,26.3,0.0,24.555435829691515,0.059871,0.059871,0.0,0.0,0.059871,0.0,0.0,0.0,0.059871,0.0,0.059871,0.0 
 07/21  07:55:00,24.0,28.84683437846175,24.5525591817911,28.84683437846175,0.0,9394.529857744325,24.5525591817911,0.0,0.0,0.059871,26.3,0.0,24.553996741742495,0.059871,0.059871,0.0,0.0,0.059871,0.0,0.0,0.0,0.059871,0.0,0.059871,0.0 
 07/21  07:56:00,24.0,28.826307893522195,24.551123208295085,28.826307893522195,0.0,9318.81363635592,24.551123208295085,0.0,0.0,0.059871,26.3,0.0,24.5525591817911,0.059871,0.059871,0.0,0.0,0.059871,0.0,0.0,0.0,0.059871,0.0,0.059871,0.0 
 07/21  07:57:00,24.0,28.806145400429912,24.54968884538529,28.806145400429912,0.0,9244.440074822473,24.54968884538529,0.0,0.0,0.059871,26.3,0.0,24.551123208295085,0.059871,0.059871,0.0,0.0,0.059871,0.0,0.0,0.0,0.059871,0.0,0.059871,0.0 
 07/21  07:58:00,24.0,28.786345012165143,24.548256129835657,28.786345012165143,0.0,9171.402212477988,24.548256129835657,0.0,0.0,0.059871,26.3,0.0,24.54968884538529,0.059871,0.059871,0.0,0.0,0.059871,0.0,0.0,0.0,0.059871,0.0,0.059871,0.0 
 07/21  07:59:00,24.0,28.766854254769253,24.54682508819124,28.766854254769253,0.0,9099.506488180305,24.54682508819124,0.0,0.0,0.059871,26.3,0.0,24.548256129835657,0.059871,0.059871,0.0,0.0,0.059871,0.0,0.0,0.0,0.059871,0.0,0.059871,0.0 
 07/21  08:00:00,24.0,28.747677697265303,24.545395770419425,28.747677697265303,0.0,9028.769755724064,24.545395770419425,0.0,0.0,0.059871,26.3,0.0,24.54682508819124,0.059871,0.059871,0.0,0.0,0.059871,0.0,0.0,0.0,0.059871,0.0,0.059871,0.0,49104000.0 
 07/21  08:01:00,24.0,28.728773305358743,24.54396818128381,28.728773305358743,0.0,8959.03696284574,24.54396818128381,0.0,0.0,0.059871,26.3,0.0,24.545395770419425,0.059871,0.059871,0.0,0.0,0.059871,0.0,0.0,0.0,0.059871,0.0,0.059871,0.0 
 07/21  08:02:00,24.0,28.710149993905617,24.542542372503604,28.710149993905617,0.0,8890.34099385142,24.542542372503604,0.0,0.0,0.059871,26.3,0.0,24.54396818128381,0.059871,0.059871,0.0,0.0,0.059871,0.0,0.0,0.0,0.059871,0.0,0.059871,0.0 
 07/21  08:03:00,24.0,28.691772839932707,24.541118362359914,28.691772839932707,0.0,8822.55302806971,24.541118362359914,0.0,0.0,0.059871,26.3,0.0,24.542542372503604,0.059871,0.059871,0.0,0.0,0.059871,0.0,0.0,0.0,0.059871,0.0,0.059871,0.0 
 07/21  08:04:00,24.0,28.673652822776887,24.539696181430497,28.673652822776887,0.0,8755.71356507486,24.539696181430497,0.0,0.0,0.059871,26.3,0.0,24.541118362359914,0.059871,0.059871,0.0,0.0,0.059871,0.0,0.0,0.0,0.059871,0.0,0.059871,0.0 
 07/21  08:05:00,24.0,28.655759521646246,24.538275850918776,28.655759521646246,0.0,8689.710391430353,24.538275850918776,0.0,0.0,0.059871,26.3,0.0,24.539696181430497,0.059871,0.059871,0.0,0.0,0.059871,0.0,0.0,0.0,0.059871,0.0,0.059871,0.0 
 07/21  08:06:00,24.0,28.638104683082254,24.53685741507901,28.638104683082254,0.0,8624.586836704639,24.53685741507901,0.0,0.0,0.059871,26.3,0.0,24.538275850918776,0.059871,0.059871,0.0,0.0,0.059871,0.0,0.0,0.0,0.059871,0.0,0.059871,0.0 
 07/21  08:07:00,24.0,28.620661048233256,24.535440873734412,28.620661048233256,0.0,8560.242350937373,24.535440873734412,0.0,0.0,0.059871,26.3,0.0,24.53685741507901,0.059871,0.059871,0.0,0.0,0.059871,0.0,0.0,0.0,0.059871,0.0,0.059871,0.0 
 07/21  08:08:00,24.0,28.60344059684798,24.534026273307692,28.60344059684798,0.0,8496.721123930656,24.534026273307692,0.0,0.0,0.059871,26.3,0.0,24.535440873734412,0.059871,0.059871,0.0,0.0,0.059871,0.0,0.0,0.0,0.059871,0.0,0.059871,0.0 
 07/21  08:09:00,24.0,28.586418487164725,24.53261362752902,28.586418487164725,0.0,8433.931521664585,24.53261362752902,0.0,0.0,0.059871,26.3,0.0,24.534026273307692,0.059871,0.059871,0.0,0.0,0.059871,0.0,0.0,0.0,0.059871,0.0,0.059871,0.0 
 07/21  08:10:00,24.0,28.569606660697147,24.53120296201235,28.569606660697147,0.0,8371.917592903243,24.53120296201235,0.0,0.0,0.059871,26.3,0.0,24.53261362752902,0.059871,0.059871,0.0,0.0,0.059871,0.0,0.0,0.0,0.059871,0.0,0.059871,0.0 
 07/21  08:11:00,24.0,28.552982203032418,24.52979429374745,28.552982203032418,0.0,8310.5948130551,24.52979429374745,0.0,0.0,0.059871,26.3,0.0,24.53120296201235,0.059871,0.059871,0.0,0.0,0.059871,0.0,0.0,0.0,0.059871,0.0,0.059871,0.0 
 07/21  08:12:00,24.0,28.536556868408105,24.52838766236265,28.536556868408105,0.0,8250.006540077275,24.52838766236265,0.0,0.0,0.059871,26.3,0.0,24.52979429374745,0.059871,0.059871,0.0,0.0,0.059871,0.0,0.0,0.0,0.059871,0.0,0.059871,0.0 
 07/21  08:13:00,24.0,28.520309335240373,24.52698306373713,28.520309335240373,0.0,8190.074124860253,24.52698306373713,0.0,0.0,0.059871,26.3,0.0,24.52838766236265,0.059871,0.059871,0.0,0.0,0.059871,0.0,0.0,0.0,0.059871,0.0,0.059871,0.0 
 07/21  08:14:00,24.0,28.50425109437411,24.52558053996381,28.50425109437411,0.0,8130.839953782311,24.52558053996381,0.0,0.0,0.059871,26.3,0.0,24.52698306373713,0.059871,0.059871,0.0,0.0,0.059871,0.0,0.0,0.0,0.059871,0.0,0.059871,0.0 
 07/21  08:15:00,24.0,28.48836217888004,24.52418010111482,28.48836217888004,0.0,8072.230374659875,24.52418010111482,0.0,0.0,0.059871,26.3,0.0,24.52558053996381,0.059871,0.059871,0.0,0.0,0.059871,0.0,0.0,0.0,0.059871,0.0,0.059871,0.0 
 07/21  08:16:00,24.0,28.47265377900668,24.522781768712115,28.47265377900668,0.0,8014.286665058789,24.522781768712115,0.0,0.0,0.059871,26.3,0.0,24.52418010111482,0.059871,0.059871,0.0,0.0,0.059871,0.0,0.0,0.0,0.059871,0.0,0.059871,0.0 
 07/21  08:17:00,24.0,28.45710710387371,24.521385556336043,28.45710710387371,0.0,7956.939510897337,24.521385556336043,0.0,0.0,0.059871,26.3,0.0,24.522781768712115,0.059871,0.059871,0.0,0.0,0.059871,0.0,0.0,0.0,0.059871,0.0,0.059871,0.0 
 07/21  08:18:00,24.0,28.44173302679304,24.519991499777984,28.44173302679304,0.0,7900.229020654597,24.519991499777984,0.0,0.0,0.059871,26.3,0.0,24.521385556336043,0.059871,0.059871,0.0,0.0,0.059871,0.0,0.0,0.0,0.059871,0.0,0.059871,0.0 
 07/21  08:19:00,24.0,28.426513793804368,24.518599591706955,28.426513793804368,0.0,7844.089705144652,24.518599591706955,0.0,0.0,0.059871,26.3,0.0,24.519991499777984,0.059871,0.059871,0.0,0.0,0.059871,0.0,0.0,0.0,0.059871,0.0,0.059871,0.0 
 07/21  08:20:00,33.2,28.412131354522256,24.791546629756315,28.412131354522256,0.0,7791.037077770975,24.791546629756315,0.0,0.0,0.059871,26.3,0.0,24.518599591706955,0.059871,0.059871,0.0,0.0,0.059871,0.0,0.0,0.0,0.059871,0.0,0.059871,0.0 
 07/21  08:21:00,33.2,28.198922562171365,25.22031814601292,28.198922562171365,0.0,11463.90594527762,25.22031814601292,0.0,0.0,0.059871,25.1,0.0,24.791546629756315,0.059871,0.059871,0.0,0.0,0.059871,0.0,0.0,0.0,0.059871,0.0,0.059871,0.0 
 07/21  08:22:00,33.3,27.671230753072365,25.680214720789994,27.671230753072365,0.0,15861.201156955725,25.680214720789994,0.0,0.0,0.059871,23.4,0.0,25.22031814601292,0.059871,0.059871,0.0,0.0,0.059871,0.0,0.0,0.0,0.059871,0.0,0.059871,0.0 
 07/21  08:23:00,33.5,26.83697901950298,26.11687280629075,26.83697901950298,0.0,20626.737557497167,26.11687280629075,0.0,0.0,0.059871,21.3,0.0,25.680214720789994,0.059871,0.059871,0.0,0.0,0.059871,0.0,0.0,0.0,0.059871,0.0,0.059871,0.0 
 07/21  08:24:00,33.6,26.030788408747775,26.51643649684843,26.030788408747775,0.0,20646.110514670578,26.51643649684843,0.0,0.0,0.059871,20.5,0.0,26.11687280629075,0.059871,0.059871,0.0,0.0,0.059871,0.0,0.0,0.0,0.059871,0.0,0.059871,0.0 
 07/21  08:25:00,33.7,25.43081929891771,26.88135109978304,25.43081929891771,0.0,20670.101603141335,26.88135109978304,0.0,0.0,0.059871,19.9,0.0,26.51643649684843,0.059871,0.059871,0.0,0.0,0.059871,0.0,0.0,0.0,0.059871,0.0,0.059871,0.0 
 07/21  08:26:00,33.8,25.022222851254508,27.21696282577306,25.022222851254508,0.0,21024.917444395924,27.21696282577306,0.0,0.0,0.059871,19.4,0.0,26.88135109978304,0.059871,0.059871,0.0,0.0,0.059871,0.0,0.0,0.0,0.059871,0.0,0.059871,0.0 
 07/21  08:27:00,33.7,24.745018780839295,27.52148574916178,24.745018780839295,0.0,21119.349972136657,27.52148574916178,0.0,0.0,0.059871,19.1,0.0,27.21696282577306,0.059871,0.059871,0.0,0.0,0.059871,0.0,0.0,0.0,0.059871,0.0,0.059871,0.0 
 07/21  08:28:00,33.7,24.546881974566052,27.797228500740875,24.546881974566052,0.0,21132.02378224815,27.797228500740875,0.0,0.0,0.059871,18.9,0.0,27.52148574916178,0.059871,0.059871,0.0,0.0,0.059871,0.0,0.0,0.0,0.059871,0.0,0.059871,0.0 
 07/21  08:29:00,33.7,24.38632142225206,28.047248600663945,24.38632142225206,0.0,21282.835965234342,28.047248600663945,0.0,0.0,0.059871,18.7,0.0,27.797228500740875,0.059871,0.059871,0.0,0.0,0.059871,0.0,0.0,0.0,0.059871,0.0,0.059871,0.0 
 07/21  08:30:00,33.7,24.223620967335833,28.274194148856196,24.223620967335833,0.0,21801.460552845307,28.274194148856196,0.0,0.0,0.059871,18.4,0.0,28.047248600663945,0.059871,0.059871,0.0,0.0,0.059871,0.0,0.0,0.0,0.059871,0.0,0.059871,0.0 
 07/21  08:31:00,33.8,24.063247238115675,28.483203322940675,24.063247238115675,0.0,21951.96202787311,28.483203322940675,0.0,0.0,0.059871,18.2,0.0,28.274194148856196,0.059871,0.059871,0.0,0.0,0.059871,0.0,0.0,0.0,0.059871,0.0,0.059871,0.0 
 07/21  08:32:00,33.8,23.91192523101862,28.674872790972387,23.91192523101862,0.0,22133.45292849322,28.674872790972387,0.0,0.0,0.059871,18.0,0.0,28.483203322940675,0.059871,0.059871,0.0,0.0,0.059871,0.0,0.0,0.0,0.059871,0.0,0.059871,0.0 
 07/21  08:33:00,33.7,23.801241278584726,28.84657562258072,23.801241278584726,0.0,21711.79511059499,28.84657562258072,0.0,0.0,0.059871,18.0,0.0,28.674872790972387,0.059871,0.059871,0.0,0.0,0.059871,0.0,0.0,0.0,0.059871,0.0,0.059871,0.0 
 07/21  08:34:00,33.7,23.731093723728783,29.00058084460136,23.731093723728783,0.0,21444.043951758358,29.00058084460136,0.0,0.0,0.059871,18.0,0.0,28.84657562258072,0.059871,0.059871,0.0,0.0,0.059871,0.0,0.0,0.0,0.059871,0.0,0.059871,0.0 
 07/21  08:35:00,33.7,23.68413542765333,29.139612262862922,23.68413542765333,0.0,21265.07798020801,29.139612262862922,0.0,0.0,0.059871,18.0,0.0,29.00058084460136,0.059871,0.059871,0.0,0.0,0.059871,0.0,0.0,0.0,0.059871,0.0,0.059871,0.0 
 07/21  08:36:00,33.8,23.56616416044526,29.268649053746675,23.56616416044526,0.0,22691.973564563254,29.268649053746675,0.0,0.0,0.059871,17.5,0.0,29.139612262862922,0.059871,0.059871,0.0,0.0,0.059871,0.0,0.0,0.0,0.059871,0.0,0.059871,0.0 
 07/21  08:37:00,33.8,23.44008419035465,29.38779123513895,23.44008419035465,0.0,22214.652994810658,29.38779123513895,0.0,0.0,0.059871,17.5,0.0,29.268649053746675,0.059871,0.059871,0.0,0.0,0.059871,0.0,0.0,0.0,0.059871,0.0,0.059871,0.0 
 07/21  08:38:00,33.8,23.332935724508168,29.496755159236884,23.332935724508168,0.0,22181.88966441758,29.496755159236884,0.0,0.0,0.059871,17.4,0.0,29.38779123513895,0.059871,0.059871,0.0,0.0,0.059871,0.0,0.0,0.0,0.059871,0.0,0.059871,0.0 
 07/21  08:39:00,33.8,23.27416579644925,29.595874986748168,23.27416579644925,0.0,21583.33087932763,29.595874986748168,0.0,0.0,0.059871,17.5,0.0,29.496755159236884,0.059871,0.059871,0.0,0.0,0.059871,0.0,0.0,0.0,0.059871,0.0,0.059871,0.0 
 07/21  08:40:00,33.9,23.22588546614126,29.688868630208272,23.22588546614126,0.0,21773.92556449009,29.688868630208272,0.0,0.0,0.059871,17.4,0.0,29.595874986748168,0.059871,0.059871,0.0,0.0,0.059871,0.0,0.0,0.0,0.059871,0.0,0.059871,0.0 
 07/21  08:41:00,33.9,23.16403297726285,29.775311902023187,23.16403297726285,0.0,21914.250075959564,29.775311902023187,0.0,0.0,0.059871,17.3,0.0,29.688868630208272,0.059871,0.059871,0.0,0.0,0.059871,0.0,0.0,0.0,0.059871,0.0,0.059871,0.0 
 07/21  08:42:00,33.8,23.103297923317264,29.851678733381817,23.103297923317264,0.0,21684.436013341983,29.851678733381817,0.0,0.0,0.059871,17.3,0.0,29.775311902023187,0.059871,0.059871,0.0,0.0,0.059871,0.0,0.0,0.0,0.059871,0.0,0.059871,0.0 
 07/21  08:43:00,33.8,23.03722452850486,29.919417878577523,23.03722452850486,0.0,21808.40646524561,29.919417878577523,0.0,0.0,0.059871,17.2,0.0,29.851678733381817,0.059871,0.059871,0.0,0.0,0.059871,0.0,0.0,0.0,0.059871,0.0,0.059871,0.0 
 07/21  08:44:00,33.6,22.96295299462977,29.9745438379448,22.96295299462977,0.0,21901.4832048802,29.9745438379448,0.0,0.0,0.059871,17.1,0.0,29.919417878577523,0.059871,0.059871,0.0,0.0,0.059871,0.0,0.0,0.0,0.059871,0.0,0.059871,0.0 
 07/21  08:45:00,33.7,22.882788685425076,30.02395017972228,22.882788685425076,0.0,21972.157638191944,30.02395017972228,0.0,0.0,0.059871,17.0,0.0,29.9745438379448,0.059871,0.059871,0.0,0.0,0.059871,0.0,0.0,0.0,0.059871,0.0,0.059871,0.0 
 07/21  08:46:00,33.7,22.815911970983677,30.069839680619108,22.815911970983677,0.0,21718.736868229396,30.069839680619108,0.0,0.0,0.059871,17.0,0.0,30.02395017972228,0.059871,0.059871,0.0,0.0,0.059871,0.0,0.0,0.0,0.059871,0.0,0.059871,0.0 
 07/21  08:47:00,33.8,22.766246038458068,30.115498766436886,22.766246038458068,0.0,21530.27044189373,30.115498766436886,0.0,0.0,0.059871,17.0,0.0,30.069839680619108,0.059871,0.059871,0.0,0.0,0.059871,0.0,0.0,0.0,0.059871,0.0,0.059871,0.0 
 07/21  08:48:00,33.8,22.711736481883403,30.159582254065548,22.711736481883403,0.0,21697.889825515347,30.159582254065548,0.0,0.0,0.059871,16.9,0.0,30.115498766436886,0.059871,0.059871,0.0,0.0,0.059871,0.0,0.0,0.0,0.059871,0.0,0.059871,0.0 
 07/21  08:49:00,33.8,22.67522783542772,30.200798513290255,22.67522783542772,0.0,21185.851924491875,30.200798513290255,0.0,0.0,0.059871,17.0,0.0,30.159582254065548,0.059871,0.059871,0.0,0.0,0.059871,0.0,0.0,0.0,0.059871,0.0,0.059871,0.0 
 07/21  08:50:00,33.7,22.63246320202516,30.235783526451048,22.63246320202516,0.0,21397.902320300098,30.235783526451048,0.0,0.0,0.059871,16.9,0.0,30.200798513290255,0.059871,0.059871,0.0,0.0,0.059871,0.0,0.0,0.0,0.059871,0.0,0.059871,0.0 
 07/21  08:51:00,33.9,22.57183286534311,30.27195183107918,22.57183286534311,0.0,21542.963413140755,30.27195183107918,0.0,0.0,0.059871,16.8,0.0,30.235783526451048,0.059871,0.059871,0.0,0.0,0.059871,0.0,0.0,0.0,0.059871,0.0,0.059871,0.0 
 07/21  08:52:00,33.8,22.48151230766231,30.3054095931264,22.48151230766231,0.0,21949.602616487482,30.3054095931264,0.0,0.0,0.059871,16.6,0.0,30.27195183107918,0.059871,0.059871,0.0,0.0,0.059871,0.0,0.0,0.0,0.059871,0.0,0.059871,0.0 
 07/21  08:53:00,33.7,22.414790295065323,30.332671821451328,22.414790295065323,0.0,21323.464621333,30.332671821451328,0.0,0.0,0.059871,16.7,0.0,30.3054095931264,0.059871,0.059871,0.0,0.0,0.059871,0.0,0.0,0.0,0.059871,0.0,0.059871,0.0 
 07/21  08:54:00,33.7,22.38918999685041,30.35559904954183,22.38918999685041,0.0,20851.983225628035,30.35559904954183,0.0,0.0,0.059871,16.8,0.0,30.332671821451328,0.059871,0.059871,0.0,0.0,0.059871,0.0,0.0,0.0,0.059871,0.0,0.059871,0.0 
 07/21  08:55:00,33.8,22.36077875607475,30.37911347305264,22.36077875607475,0.0,21117.966818091696,30.37911347305264,0.0,0.0,0.059871,16.7,0.0,30.35559904954183,0.059871,0.059871,0.0,0.0,0.059871,0.0,0.0,0.0,0.059871,0.0,0.059871,0.0 
 07/21  08:56:00,33.7,22.324593453449804,30.399906000928016,22.324593453449804,0.0,20981.766272161192,30.399906000928016,0.0,0.0,0.059871,16.7,0.0,30.37911347305264,0.059871,0.059871,0.0,0.0,0.059871,0.0,0.0,0.0,0.059871,0.0,0.059871,0.0 
 07/21  08:57:00,33.8,22.302429813215106,30.421210010054093,22.302429813215106,0.0,20524.54876827034,30.421210010054093,0.0,0.0,0.059871,16.8,0.0,30.399906000928016,0.059871,0.059871,0.0,0.0,0.059871,0.0,0.0,0.0,0.059871,0.0,0.059871,0.0 
 07/21  08:58:00,33.8,22.268766299195647,30.442544529239996,22.268766299195647,0.0,20771.059586901807,30.442544529239996,0.0,0.0,0.059871,16.7,0.0,30.421210010054093,0.059871,0.059871,0.0,0.0,0.059871,0.0,0.0,0.0,0.059871,0.0,0.059871,0.0 
 07/21  08:59:00,33.8,22.418304140617924,30.463068383677232,22.418304140617924,0.0,16851.774037987954,30.463068383677232,0.0,0.0,0.059871,17.9,0.0,30.442544529239996,0.059871,0.059871,0.0,0.0,0.059871,0.0,0.0,0.0,0.059871,0.0,0.059871,0.0 
 07/21  09:00:00,33.8,22.514232470450903,30.482396293286783,22.514232470450903,0.0,19080.16206402347,30.482396293286783,0.0,0.0,0.059871,17.4,0.0,30.463068383677232,0.059871,0.059871,0.0,0.0,0.059871,0.0,0.0,0.0,0.059871,0.0,0.059871,0.0,49104000.0 
 07/21  09:01:00,33.7,22.458728407863173,30.497535679429415,22.458728407863173,0.0,20369.386980562886,30.497535679429415,0.0,0.0,0.059871,17.0,0.0,30.482396293286783,0.059871,0.059871,0.0,0.0,0.059871,0.0,0.0,0.0,0.059871,0.0,0.059871,0.0 
 07/21  09:02:00,33.8,22.319931730118284,30.512889130187364,22.319931730118284,0.0,20595.437123369815,30.512889130187364,0.0,0.0,0.059871,16.8,0.0,30.497535679429415,0.059871,0.059871,0.0,0.0,0.059871,0.0,0.0,0.0,0.059871,0.0,0.059871,0.0 
 07/21  09:03:00,33.7,22.1998030987631,30.525707968213364,22.1998030987631,0.0,20141.552277508432,30.525707968213364,0.0,0.0,0.059871,16.8,0.0,30.512889130187364,0.059871,0.059871,0.0,0.0,0.059871,0.0,0.0,0.0,0.059871,0.0,0.059871,0.0 
 07/21  09:04:00,33.7,22.112880077325578,30.536662628732735,22.112880077325578,0.0,20185.444681602523,30.536662628732735,0.0,0.0,0.059871,16.7,0.0,30.525707968213364,0.059871,0.059871,0.0,0.0,0.059871,0.0,0.0,0.0,0.059871,0.0,0.059871,0.0 
 07/21  09:05:00,33.8,22.057464064446087,30.549706912124595,22.057464064446087,0.0,19975.311718452194,30.549706912124595,0.0,0.0,0.059871,16.7,0.0,30.536662628732735,0.059871,0.059871,0.0,0.0,0.059871,0.0,0.0,0.0,0.059871,0.0,0.059871,0.0 
 07/21  09:06:00,33.8,22.02049626080643,30.5640208989494,22.02049626080643,0.0,19835.28385602821,30.5640208989494,0.0,0.0,0.059871,16.7,0.0,30.549706912124595,0.059871,0.059871,0.0,0.0,0.059871,0.0,0.0,0.0,0.059871,0.0,0.059871,0.0 
 07/21  09:07:00,33.8,21.990330109820565,30.57836540659357,21.990330109820565,0.0,19721.370670045748,30.57836540659357,0.0,0.0,0.059871,16.7,0.0,30.5640208989494,0.059871,0.059871,0.0,0.0,0.059871,0.0,0.0,0.0,0.059871,0.0,0.059871,0.0 
 07/21  09:08:00,33.8,21.977194990481042,30.59212410415845,21.977194990481042,0.0,19298.467357838002,30.59212410415845,0.0,0.0,0.059871,16.8,0.0,30.57836540659357,0.059871,0.059871,0.0,0.0,0.059871,0.0,0.0,0.0,0.059871,0.0,0.059871,0.0 
 07/21  09:09:00,33.8,21.950160556201727,30.60517166576141,21.950160556201727,0.0,19569.94310989556,30.60517166576141,0.0,0.0,0.059871,16.7,0.0,30.59212410415845,0.059871,0.059871,0.0,0.0,0.059871,0.0,0.0,0.0,0.059871,0.0,0.059871,0.0 
 07/21  09:10:00,33.9,21.914599073592218,30.620550297793276,21.914599073592218,0.0,19436.346366058002,30.620550297793276,0.0,0.0,0.059871,16.7,0.0,30.60517166576141,0.059871,0.059871,0.0,0.0,0.059871,0.0,0.0,0.0,0.059871,0.0,0.059871,0.0 
 07/21  09:11:00,33.9,21.879714285133907,30.637020329244304,21.879714285133907,0.0,19304.962047627723,30.637020329244304,0.0,0.0,0.059871,16.7,0.0,30.620550297793276,0.059871,0.059871,0.0,0.0,0.059871,0.0,0.0,0.0,0.059871,0.0,0.059871,0.0 
 07/21  09:12:00,33.9,21.83306298276558,30.65324624471026,21.83306298276558,0.0,19502.450755487545,30.65324624471026,0.0,0.0,0.059871,16.6,0.0,30.637020329244304,0.059871,0.059871,0.0,0.0,0.059871,0.0,0.0,0.0,0.059871,0.0,0.059871,0.0 
 07/21  09:13:00,33.9,21.803302757667606,30.66864558337038,21.803302757667606,0.0,19017.115301204016,30.66864558337038,0.0,0.0,0.059871,16.7,0.0,30.65324624471026,0.059871,0.059871,0.0,0.0,0.059871,0.0,0.0,0.0,0.059871,0.0,0.059871,0.0 
 07/21  09:14:00,34.1,21.783735781833506,30.689078164679582,21.783735781833506,0.0,18943.091724934126,30.689078164679582,0.0,0.0,0.059871,16.7,0.0,30.66864558337038,0.059871,0.059871,0.0,0.0,0.059871,0.0,0.0,0.0,0.059871,0.0,0.059871,0.0 
 07/21  09:15:00,34.0,21.76440899535859,30.70901570260514,21.76440899535859,0.0,18870.350913716327,30.70901570260514,0.0,0.0,0.059871,16.7,0.0,30.689078164679582,0.059871,0.059871,0.0,0.0,0.059871,0.0,0.0,0.0,0.059871,0.0,0.059871,0.0 
 07/21  09:16:00,33.8,21.74182384740697,30.721160988976575,21.74182384740697,0.0,18785.484832703787,30.721160988976575,0.0,0.0,0.059871,16.7,0.0,30.70901570260514,0.059871,0.059871,0.0,0.0,0.059871,0.0,0.0,0.0,0.059871,0.0,0.059871,0.0 
 07/21  09:17:00,33.8,21.71681496409675,30.72841667700259,21.71681496409675,0.0,18691.476339541277,30.72841667700259,0.0,0.0,0.059871,16.7,0.0,30.721160988976575,0.059871,0.059871,0.0,0.0,0.059871,0.0,0.0,0.0,0.059871,0.0,0.059871,0.0 
 07/21  09:18:00,33.7,21.691148106530118,30.731087527870002,21.691148106530118,0.0,18594.937646103397,30.731087527870002,0.0,0.0,0.059871,16.7,0.0,30.72841667700259,0.059871,0.059871,0.0,0.0,0.059871,0.0,0.0,0.0,0.059871,0.0,0.059871,0.0 
 07/21  09:19:00,33.7,21.681582127189287,30.732076446417846,21.681582127189287,0.0,18185.82837901635,30.732076446417846,0.0,0.0,0.059871,16.8,0.0,30.731087527870002,0.059871,0.059871,0.0,0.0,0.059871,0.0,0.0,0.0,0.059871,0.0,0.059871,0.0 
 07/21  09:20:00,33.6,21.81682797590206,30.73020228132813,21.81682797590206,0.0,15336.529623221659,30.73020228132813,0.0,0.0,0.059871,17.7,0.0,30.732076446417846,0.059871,0.059871,0.0,0.0,0.059871,0.0,0.0,0.0,0.059871,0.0,0.059871,0.0 
 07/21  09:21:00,33.7,22.122761541537827,30.730340484352624,22.122761541537827,0.0,12754.283920674034,30.730340484352624,0.0,0.0,0.059871,18.7,0.0,30.73020228132813,0.059871,0.059871,0.0,0.0,0.059871,0.0,0.0,0.0,0.059871,0.0,0.059871,0.0 
 07/21  09:22:00,33.8,22.12908077861938,30.73553059149458,22.12908077861938,0.0,18751.30456452176,30.73553059149458,0.0,0.0,0.059871,17.1,0.0,30.730340484352624,0.059871,0.059871,0.0,0.0,0.059871,0.0,0.0,0.0,0.059871,0.0,0.059871,0.0 
 07/21  09:23:00,33.7,21.969419885085532,30.740549113103278,21.969419885085532,0.0,18156.226424828354,30.740549113103278,0.0,0.0,0.059871,17.1,0.0,30.73553059149458,0.059871,0.059871,0.0,0.0,0.059871,0.0,0.0,0.0,0.059871,0.0,0.059871,0.0 
 07/21  09:24:00,33.8,21.802738357039715,30.747660297134892,21.802738357039715,0.0,17901.9034117692,30.747660297134892,0.0,0.0,0.059871,17.0,0.0,30.740549113103278,0.059871,0.059871,0.0,0.0,0.059871,0.0,0.0,0.0,0.059871,0.0,0.059871,0.0 
 07/21  09:25:00,33.8,21.701729998816944,30.756048787590206,21.701729998816944,0.0,17519.636706172372,30.756048787590206,0.0,0.0,0.059871,17.0,0.0,30.747660297134892,0.059871,0.059871,0.0,0.0,0.059871,0.0,0.0,0.0,0.059871,0.0,0.059871,0.0 
 07/21  09:26:00,34.0,21.656701567779077,30.77070138519394,21.656701567779077,0.0,17348.41772808652,30.77070138519394,0.0,0.0,0.059871,17.0,0.0,30.756048787590206,0.059871,0.059871,0.0,0.0,0.059871,0.0,0.0,0.0,0.059871,0.0,0.059871,0.0 
 07/21  09:27:00,34.0,21.61992262145451,30.788501011442857,21.61992262145451,0.0,17582.40107941187,30.788501011442857,0.0,0.0,0.059871,16.9,0.0,30.77070138519394,0.059871,0.059871,0.0,0.0,0.059871,0.0,0.0,0.0,0.059871,0.0,0.059871,0.0 
 07/21  09:28:00,34.1,21.584337259086542,30.809485518505358,21.584337259086542,0.0,17448.590876236976,30.809485518505358,0.0,0.0,0.059871,16.9,0.0,30.788501011442857,0.059871,0.059871,0.0,0.0,0.059871,0.0,0.0,0.0,0.059871,0.0,0.059871,0.0 
 07/21  09:29:00,34.1,21.552536976272535,30.831094615441867,21.552536976272535,0.0,17328.94040251293,30.831094615441867,0.0,0.0,0.059871,16.9,0.0,30.809485518505358,0.059871,0.059871,0.0,0.0,0.059871,0.0,0.0,0.0,0.059871,0.0,0.059871,0.0 
 07/21  09:30:00,34.1,21.50968167719258,30.851729665257285,21.50968167719258,0.0,17540.700890225948,30.851729665257285,0.0,0.0,0.059871,16.8,0.0,30.831094615441867,0.059871,0.059871,0.0,0.0,0.059871,0.0,0.0,0.0,0.059871,0.0,0.059871,0.0 
 07/21  09:31:00,34.1,21.468153081603102,30.870931256046447,21.468153081603102,0.0,17384.58998955319,30.870931256046447,0.0,0.0,0.059871,16.8,0.0,30.851729665257285,0.059871,0.059871,0.0,0.0,0.059871,0.0,0.0,0.0,0.059871,0.0,0.059871,0.0 
 07/21  09:32:00,34.1,21.435095778441966,30.888773616064114,21.435095778441966,0.0,17260.09764235152,30.888773616064114,0.0,0.0,0.059871,16.8,0.0,30.870931256046447,0.059871,0.059871,0.0,0.0,0.059871,0.0,0.0,0.0,0.059871,0.0,0.059871,0.0 
 07/21  09:33:00,34.1,21.409452342679838,30.905444778690082,21.409452342679838,0.0,17163.513539555002,30.905444778690082,0.0,0.0,0.059871,16.8,0.0,30.888773616064114,0.059871,0.059871,0.0,0.0,0.059871,0.0,0.0,0.0,0.059871,0.0,0.059871,0.0 
 07/21  09:34:00,34.1,21.371705102927383,30.92111761553279,21.371705102927383,0.0,17394.456399914627,30.92111761553279,0.0,0.0,0.059871,16.7,0.0,30.905444778690082,0.059871,0.059871,0.0,0.0,0.059871,0.0,0.0,0.0,0.059871,0.0,0.059871,0.0 
 07/21  09:35:00,33.9,21.348724470317705,30.92997886245931,21.348724470317705,0.0,16935.326971409042,30.92997886245931,0.0,0.0,0.059871,16.8,0.0,30.92111761553279,0.059871,0.059871,0.0,0.0,0.059871,0.0,0.0,0.0,0.059871,0.0,0.059871,0.0 
 07/21  09:36:00,34.0,21.334719521979196,30.937767851328598,21.334719521979196,0.0,16882.441304712724,30.937767851328598,0.0,0.0,0.059871,16.8,0.0,30.92997886245931,0.059871,0.059871,0.0,0.0,0.059871,0.0,0.0,0.0,0.059871,0.0,0.059871,0.0 
 07/21  09:37:00,34.0,21.320783785678536,30.946035258950086,21.320783785678536,0.0,16830.108016786657,30.946035258950086,0.0,0.0,0.059871,16.8,0.0,30.937767851328598,0.059871,0.059871,0.0,0.0,0.059871,0.0,0.0,0.0,0.059871,0.0,0.059871,0.0 
 07/21  09:38:00,34.0,21.303783981556425,30.954700071526908,21.303783981556425,0.0,16766.373438590126,30.954700071526908,0.0,0.0,0.059871,16.8,0.0,30.946035258950086,0.059871,0.059871,0.0,0.0,0.059871,0.0,0.0,0.0,0.059871,0.0,0.059871,0.0 
 07/21  09:39:00,34.1,21.284489881476865,30.966390432451302,21.284489881476865,0.0,16694.003953661762,30.966390432451302,0.0,0.0,0.059871,16.8,0.0,30.954700071526908,0.059871,0.059871,0.0,0.0,0.059871,0.0,0.0,0.0,0.059871,0.0,0.059871,0.0 
 07/21  09:40:00,34.2,21.24867566729495,30.98253534736883,21.24867566729495,0.0,16932.318411025997,30.98253534736883,0.0,0.0,0.059871,16.7,0.0,30.966390432451302,0.059871,0.059871,0.0,0.0,0.059871,0.0,0.0,0.0,0.059871,0.0,0.059871,0.0 
 07/21  09:41:00,34.2,21.210940245020975,31.000350288020726,21.210940245020975,0.0,16790.70218400647,31.000350288020726,0.0,0.0,0.059871,16.7,0.0,30.98253534736883,0.059871,0.059871,0.0,0.0,0.059871,0.0,0.0,0.0,0.059871,0.0,0.059871,0.0 
 07/21  09:42:00,34.2,21.180368460017892,31.01781186865864,21.180368460017892,0.0,16675.70932397531,31.01781186865864,0.0,0.0,0.059871,16.7,0.0,31.000350288020726,0.059871,0.059871,0.0,0.0,0.059871,0.0,0.0,0.0,0.059871,0.0,0.059871,0.0 
 07/21  09:43:00,34.2,21.156910847317704,31.034196001118485,21.156910847317704,0.0,16587.4376626505,31.034196001118485,0.0,0.0,0.059871,16.7,0.0,31.01781186865864,0.059871,0.059871,0.0,0.0,0.059871,0.0,0.0,0.0,0.059871,0.0,0.059871,0.0 
 07/21  09:44:00,34.2,21.121315006356614,31.04947349369835,21.121315006356614,0.0,16826.383890017292,31.04947349369835,0.0,0.0,0.059871,16.6,0.0,31.034196001118485,0.059871,0.059871,0.0,0.0,0.059871,0.0,0.0,0.0,0.059871,0.0,0.059871,0.0 
 07/21  09:45:00,34.0,21.08458456083126,31.057873057592708,21.08458456083126,0.0,16688.56374059951,31.057873057592708,0.0,0.0,0.059871,16.6,0.0,31.04947349369835,0.059871,0.059871,0.0,0.0,0.059871,0.0,0.0,0.0,0.059871,0.0,0.059871,0.0 
 07/21  09:46:00,34.0,21.05461104349002,31.06221617376841,21.05461104349002,0.0,16575.871713140095,31.06221617376841,0.0,0.0,0.059871,16.6,0.0,31.057873057592708,0.059871,0.059871,0.0,0.0,0.059871,0.0,0.0,0.0,0.059871,0.0,0.059871,0.0 
 07/21  09:47:00,34.0,21.03140761909156,31.06542587560421,21.03140761909156,0.0,16488.597756206647,31.06542587560421,0.0,0.0,0.059871,16.6,0.0,31.06221617376841,0.059871,0.059871,0.0,0.0,0.059871,0.0,0.0,0.0,0.059871,0.0,0.059871,0.0 
 07/21  09:48:00,34.0,21.011861583380462,31.068840128618728,21.011861583380462,0.0,16415.152228738243,31.068840128618728,0.0,0.0,0.059871,16.6,0.0,31.06542587560421,0.059871,0.059871,0.0,0.0,0.059871,0.0,0.0,0.0,0.059871,0.0,0.059871,0.0 
 07/21  09:49:00,34.0,20.99342853744002,31.07274983096934,20.99342853744002,0.0,16345.967320981808,31.07274983096934,0.0,0.0,0.059871,16.6,0.0,31.068840128618728,0.059871,0.059871,0.0,0.0,0.059871,0.0,0.0,0.0,0.059871,0.0,0.059871,0.0 
 07/21  09:50:00,34.0,20.975119866929955,31.077069228025533,20.975119866929955,0.0,16277.28492333792,31.077069228025533,0.0,0.0,0.059871,16.6,0.0,31.07274983096934,0.059871,0.059871,0.0,0.0,0.059871,0.0,0.0,0.0,0.059871,0.0,0.059871,0.0 
 07/21  09:51:00,34.0,20.95681599189403,31.081672253921347,20.95681599189403,0.0,16208.62944995546,31.081672253921347,0.0,0.0,0.059871,16.6,0.0,31.077069228025533,0.059871,0.059871,0.0,0.0,0.059871,0.0,0.0,0.0,0.059871,0.0,0.059871,0.0 
 07/21  09:52:00,34.0,20.93869379060408,31.08647957398436,20.93869379060408,0.0,16140.65523980416,31.08647957398436,0.0,0.0,0.059871,16.6,0.0,31.081672253921347,0.059871,0.059871,0.0,0.0,0.059871,0.0,0.0,0.0,0.059871,0.0,0.059871,0.0 
 07/21  09:53:00,34.0,20.920825989287035,31.091452547466666,20.920825989287035,0.0,16073.638070205334,31.091452547466666,0.0,0.0,0.059871,16.6,0.0,31.08647957398436,0.059871,0.059871,0.0,0.0,0.059871,0.0,0.0,0.0,0.059871,0.0,0.059871,0.0 
 07/21  09:54:00,34.0,20.903234775013026,31.096570387232394,20.903234775013026,0.0,16007.662515045622,31.096570387232394,0.0,0.0,0.059871,16.6,0.0,31.091452547466666,0.059871,0.059871,0.0,0.0,0.059871,0.0,0.0,0.0,0.059871,0.0,0.059871,0.0 
 07/21  09:55:00,34.0,20.885864623596362,31.101818192528466,20.885864623596362,0.0,15942.522405013257,31.101818192528466,0.0,0.0,0.059871,16.6,0.0,31.096570387232394,0.059871,0.059871,0.0,0.0,0.059871,0.0,0.0,0.0,0.059871,0.0,0.059871,0.0 
 07/21  09:56:00,34.0,20.868705553371324,31.107181536849204,20.868705553371324,0.0,15878.178786467679,31.107181536849204,0.0,0.0,0.059871,16.6,0.0,31.101818192528466,0.059871,0.059871,0.0,0.0,0.059871,0.0,0.0,0.0,0.059871,0.0,0.059871,0.0 
 07/21  09:57:00,34.0,20.85172325681194,31.112646916003875,20.85172325681194,0.0,15814.503559354176,31.112646916003875,0.0,0.0,0.059871,16.6,0.0,31.107181536849204,0.059871,0.059871,0.0,0.0,0.059871,0.0,0.0,0.0,0.059871,0.0,0.059871,0.0 
 07/21  09:58:00,34.0,20.83493203039137,31.118201297833487,20.83493203039137,0.0,15751.54875570694,31.118201297833487,0.0,0.0,0.059871,16.6,0.0,31.112646916003875,0.059871,0.059871,0.0,0.0,0.059871,0.0,0.0,0.0,0.059871,0.0,0.059871,0.0 
 07/21  09:59:00,34.0,20.81831098176924,31.123833259085597,20.81831098176924,0.0,15689.236909572637,31.123833259085597,0.0,0.0,0.059871,16.6,0.0,31.118201297833487,0.059871,0.059871,0.0,0.0,0.059871,0.0,0.0,0.0,0.059871,0.0,0.059871,0.0 
 07/21  10:00:00,34.0,20.801876341614076,31.129532181928603,20.801876341614076,0.0,15627.627656245219,31.129532181928603,0.0,0.0,0.059871,16.6,0.0,31.123833259085597,0.059871,0.059871,0.0,0.0,0.059871,0.0,0.0,0.0,0.059871,0.0,0.059871,0.0,49104000.0 
 07/21  10:01:00,34.0,20.785606845973582,31.13528895687113,20.785606845973582,0.0,15566.642212249331,31.13528895687113,0.0,0.0,0.059871,16.6,0.0,31.129532181928603,0.059871,0.059871,0.0,0.0,0.059871,0.0,0.0,0.0,0.059871,0.0,0.059871,0.0 
 07/21  10:02:00,34.0,20.769517284507486,31.141095076975635,20.769517284507486,0.0,15506.33483570537,31.141095076975635,0.0,0.0,0.059871,16.6,0.0,31.13528895687113,0.059871,0.059871,0.0,0.0,0.059871,0.0,0.0,0.0,0.059871,0.0,0.059871,0.0 
 07/21  10:03:00,34.0,20.75358699382027,31.146943274739478,20.75358699382027,0.0,15446.628985255638,31.146943274739478,0.0,0.0,0.059871,16.6,0.0,31.141095076975635,0.059871,0.059871,0.0,0.0,0.059871,0.0,0.0,0.0,0.059871,0.0,0.059871,0.0 
 07/21  10:04:00,34.0,20.737830729602873,31.152826668223195,20.737830729602873,0.0,15387.578802941716,31.152826668223195,0.0,0.0,0.059871,16.6,0.0,31.146943274739478,0.059871,0.059871,0.0,0.0,0.059871,0.0,0.0,0.0,0.059871,0.0,0.059871,0.0 
 07/21  10:05:00,34.0,20.722228844900904,31.15873943824675,20.722228844900904,0.0,15329.111508148917,31.15873943824675,0.0,0.0,0.059871,16.6,0.0,31.152826668223195,0.059871,0.059871,0.0,0.0,0.059871,0.0,0.0,0.0,0.059871,0.0,0.059871,0.0 
 07/21  10:06:00,34.0,20.70679591269091,31.164676016745794,20.70679591269091,0.0,15271.280627312193,31.164676016745794,0.0,0.0,0.059871,16.6,0.0,31.15873943824675,0.059871,0.059871,0.0,0.0,0.059871,0.0,0.0,0.0,0.059871,0.0,0.059871,0.0 
 07/21  10:07:00,34.0,20.69151296472497,31.170631725913253,20.69151296472497,0.0,15214.015937474778,31.170631725913253,0.0,0.0,0.059871,16.6,0.0,31.164676016745794,0.059871,0.059871,0.0,0.0,0.059871,0.0,0.0,0.0,0.059871,0.0,0.059871,0.0 
 07/21  10:08:00,34.0,20.676394217613453,31.17660205314455,20.676394217613453,0.0,15157.369594362339,31.17660205314455,0.0,0.0,0.059871,16.6,0.0,31.170631725913253,0.059871,0.059871,0.0,0.0,0.059871,0.0,0.0,0.0,0.059871,0.0,0.059871,0.0 
 07/21  10:09:00,34.0,20.6614212824353,31.182583266664277,20.6614212824353,0.0,15101.273562376231,31.182583266664277,0.0,0.0,0.059871,16.6,0.0,31.17660205314455,0.059871,0.059871,0.0,0.0,0.059871,0.0,0.0,0.0,0.059871,0.0,0.059871,0.0 
 07/21  10:10:00,34.0,20.64660801413909,31.188571681015183,20.64660801413909,0.0,15045.778713844335,31.188571681015183,0.0,0.0,0.059871,16.6,0.0,31.182583266664277,0.059871,0.059871,0.0,0.0,0.059871,0.0,0.0,0.0,0.059871,0.0,0.059871,0.0 
 07/21  10:11:00,34.0,20.631936574279976,31.194564320566084,20.631936574279976,0.0,14990.818985721122,31.194564320566084,0.0,0.0,0.059871,16.6,0.0,31.188571681015183,0.059871,0.059871,0.0,0.0,0.059871,0.0,0.0,0.0,0.059871,0.0,0.059871,0.0 
 07/21  10:12:00,34.0,20.61742046110762,31.200558196865646,20.61742046110762,0.0,14936.443984591227,31.200558196865646,0.0,0.0,0.059871,16.6,0.0,31.194564320566084,0.059871,0.059871,0.0,0.0,0.059871,0.0,0.0,0.0,0.059871,0.0,0.059871,0.0 
 07/21  10:13:00,34.0,20.603042352707156,31.206550920352573,20.603042352707156,0.0,14882.58957339029,31.206550920352573,0.0,0.0,0.059871,16.6,0.0,31.200558196865646,0.059871,0.059871,0.0,0.0,0.059871,0.0,0.0,0.0,0.059871,0.0,0.059871,0.0 
 07/21  10:14:00,34.0,20.588815391974773,31.212540058981983,20.588815391974773,0.0,14829.304018130682,31.212540058981983,0.0,0.0,0.059871,16.6,0.0,31.206550920352573,0.059871,0.059871,0.0,0.0,0.059871,0.0,0.0,0.0,0.059871,0.0,0.059871,0.0 
 07/21  10:15:00,34.0,20.57472274829389,31.218523728776365,20.57472274829389,0.0,14776.5250397012,31.218523728776365,0.0,0.0,0.059871,16.6,0.0,31.212540058981983,0.059871,0.059871,0.0,0.0,0.059871,0.0,0.0,0.0,0.059871,0.0,0.059871,0.0 
 07/21  10:16:00,34.0,20.560777213334127,31.224499923065853,20.560777213334127,0.0,14724.299630759237,31.224499923065853,0.0,0.0,0.059871,16.6,0.0,31.218523728776365,0.059871,0.059871,0.0,0.0,0.059871,0.0,0.0,0.0,0.059871,0.0,0.059871,0.0 
 07/21  10:17:00,34.0,20.546962428622642,31.230467157706162,20.546962428622642,0.0,14672.56722037082,31.230467157706162,0.0,0.0,0.059871,16.6,0.0,31.224499923065853,0.059871,0.059871,0.0,0.0,0.059871,0.0,0.0,0.0,0.059871,0.0,0.059871,0.0 
 07/21  10:18:00,34.0,20.533290845179838,31.236423802292613,20.533290845179838,0.0,14621.373566918755,31.236423802292613,0.0,0.0,0.059871,16.6,0.0,31.230467157706162,0.059871,0.059871,0.0,0.0,0.059871,0.0,0.0,0.0,0.059871,0.0,0.059871,0.0 
 07/21  10:19:00,34.0,20.519746558931022,31.242368672186405,20.519746558931022,0.0,14570.65979340507,31.242368672186405,0.0,0.0,0.059871,16.6,0.0,31.236423802292613,0.059871,0.059871,0.0,0.0,0.059871,0.0,0.0,0.0,0.059871,0.0,0.059871,0.0 
 07/21  10:20:00,34.0,20.506341687790613,31.24830043367802,20.506341687790613,0.0,14520.470451087986,31.24830043367802,0.0,0.0,0.059871,16.6,0.0,31.242368672186405,0.059871,0.059871,0.0,0.0,0.059871,0.0,0.0,0.0,0.059871,0.0,0.059871,0.0 
 07/21  10:21:00,34.0,20.493060766234777,31.254218177054994,20.493060766234777,0.0,14470.748272059755,31.254218177054994,0.0,0.0,0.059871,16.6,0.0,31.24830043367802,0.059871,0.059871,0.0,0.0,0.059871,0.0,0.0,0.0,0.059871,0.0,0.059871,0.0 
 07/21  10:22:00,34.0,20.479915590422376,31.260120785881917,20.479915590422376,0.0,14421.536616977097,31.260120785881917,0.0,0.0,0.059871,16.6,0.0,31.254218177054994,0.059871,0.059871,0.0,0.0,0.059871,0.0,0.0,0.0,0.059871,0.0,0.059871,0.0 
 07/21  10:23:00,34.0,20.466891119767297,31.266007563706122,20.466891119767297,0.0,14372.779801842908,31.266007563706122,0.0,0.0,0.059871,16.6,0.0,31.260120785881917,0.059871,0.059871,0.0,0.0,0.059871,0.0,0.0,0.0,0.059871,0.0,0.059871,0.0 
 07/21  10:24:00,34.0,20.453998837250893,31.27187760127259,20.453998837250893,0.0,14324.520053425313,31.27187760127259,0.0,0.0,0.059871,16.6,0.0,31.266007563706122,0.059871,0.059871,0.0,0.0,0.059871,0.0,0.0,0.0,0.059871,0.0,0.059871,0.0 
 07/21  10:25:00,34.0,20.4412241120595,31.27773035292158,20.4412241120595,0.0,14276.703214625686,31.27773035292158,0.0,0.0,0.059871,16.6,0.0,31.27187760127259,0.059871,0.059871,0.0,0.0,0.059871,0.0,0.0,0.0,0.059871,0.0,0.059871,0.0 
 07/21  10:26:00,34.0,20.42857812485165,31.2835650695475,20.42857812485165,0.0,14229.370368402502,31.2835650695475,0.0,0.0,0.059871,16.6,0.0,31.27773035292158,0.059871,0.059871,0.0,0.0,0.059871,0.0,0.0,0.0,0.059871,0.0,0.059871,0.0 
 07/21  10:27:00,34.0,20.416046644731935,31.289381358093333,20.416046644731935,0.0,14182.46882328847,31.289381358093333,0.0,0.0,0.059871,16.6,0.0,31.2835650695475,0.059871,0.059871,0.0,0.0,0.059871,0.0,0.0,0.0,0.059871,0.0,0.059871,0.0 
 07/21  10:28:00,34.0,20.403640558048412,31.295178578801043,20.403640558048412,0.0,14136.03864725757,31.295178578801043,0.0,0.0,0.059871,16.6,0.0,31.289381358093333,0.059871,0.059871,0.0,0.0,0.059871,0.0,0.0,0.0,0.059871,0.0,0.059871,0.0 
 07/21  10:29:00,34.0,20.391346017932154,31.300956453375164,20.391346017932154,0.0,14090.028554909895,31.300956453375164,0.0,0.0,0.059871,16.6,0.0,31.295178578801043,0.059871,0.059871,0.0,0.0,0.059871,0.0,0.0,0.0,0.059871,0.0,0.059871,0.0 
 07/21  10:30:00,34.0,20.379173626361798,31.306714459122563,20.379173626361798,0.0,14044.477561314425,31.306714459122563,0.0,0.0,0.059871,16.6,0.0,31.300956453375164,0.059871,0.059871,0.0,0.0,0.059871,0.0,0.0,0.0,0.059871,0.0,0.059871,0.0 
 07/21  10:31:00,34.0,20.367109910899163,31.312452391617455,20.367109910899163,0.0,13999.335751881335,31.312452391617455,0.0,0.0,0.059871,16.6,0.0,31.306714459122563,0.059871,0.059871,0.0,0.0,0.059871,0.0,0.0,0.0,0.059871,0.0,0.059871,0.0 
 07/21  10:32:00,34.0,20.355165200232445,31.318169816069222,20.355165200232445,0.0,13954.641130163754,31.318169816069222,0.0,0.0,0.059871,16.6,0.0,31.312452391617455,0.059871,0.059871,0.0,0.0,0.059871,0.0,0.0,0.0,0.059871,0.0,0.059871,0.0 
 07/21  10:33:00,34.0,20.34332638250557,31.323866614978314,20.34332638250557,0.0,13910.345173488968,31.323866614978314,0.0,0.0,0.059871,16.6,0.0,31.318169816069222,0.059871,0.059871,0.0,0.0,0.059871,0.0,0.0,0.0,0.059871,0.0,0.059871,0.0 
 07/21  10:34:00,34.0,20.331603519648194,31.329542407349766,20.331603519648194,0.0,13866.484873565169,31.329542407349766,0.0,0.0,0.059871,16.6,0.0,31.323866614978314,0.059871,0.059871,0.0,0.0,0.059871,0.0,0.0,0.0,0.059871,0.0,0.059871,0.0 
 07/21  10:35:00,34.0,20.319983850069168,31.335197138055367,20.319983850069168,0.0,13823.013012266993,31.335197138055367,0.0,0.0,0.059871,16.6,0.0,31.329542407349766,0.059871,0.059871,0.0,0.0,0.059871,0.0,0.0,0.0,0.059871,0.0,0.059871,0.0 
 07/21  10:36:00,34.0,20.308477178637894,31.340830494450127,20.308477178637894,0.0,13779.965629871085,31.340830494450127,0.0,0.0,0.059871,16.6,0.0,31.335197138055367,0.059871,0.059871,0.0,0.0,0.059871,0.0,0.0,0.0,0.059871,0.0,0.059871,0.0 
 07/21  10:37:00,34.0,20.297071084500402,31.34644245594777,20.297071084500402,0.0,13737.296753457234,31.34644245594777,0.0,0.0,0.059871,16.6,0.0,31.340830494450127,0.059871,0.059871,0.0,0.0,0.059871,0.0,0.0,0.0,0.059871,0.0,0.059871,0.0 
 07/21  10:38:00,34.0,20.285775122811273,31.35203275928304,20.285775122811273,0.0,13695.041546593993,31.35203275928304,0.0,0.0,0.059871,16.6,0.0,31.34644245594777,0.059871,0.059871,0.0,0.0,0.059871,0.0,0.0,0.0,0.059871,0.0,0.059871,0.0 
 07/21  10:39:00,34.0,20.27457720104923,31.35760143485953,20.27457720104923,0.0,13653.155235337417,31.35760143485953,0.0,0.0,0.059871,16.6,0.0,31.35203275928304,0.059871,0.059871,0.0,0.0,0.059871,0.0,0.0,0.0,0.059871,0.0,0.059871,0.0 
 07/21  10:40:00,34.0,20.26348663241056,31.3631482451145,20.26348663241056,0.0,13611.672110903346,31.3631482451145,0.0,0.0,0.059871,16.6,0.0,31.35760143485953,0.059871,0.059871,0.0,0.0,0.059871,0.0,0.0,0.0,0.059871,0.0,0.059871,0.0 
 07/21  10:41:00,34.0,20.252491643988677,31.368673254648016,20.252491643988677,0.0,13570.548542716142,31.368673254648016,0.0,0.0,0.059871,16.6,0.0,31.3631482451145,0.059871,0.059871,0.0,0.0,0.059871,0.0,0.0,0.0,0.059871,0.0,0.059871,0.0 
 07/21  10:42:00,34.0,20.241601316495945,31.374176267297372,20.241601316495945,0.0,13529.817984703226,31.374176267297372,0.0,0.0,0.059871,16.6,0.0,31.368673254648016,0.059871,0.059871,0.0,0.0,0.059871,0.0,0.0,0.0,0.059871,0.0,0.059871,0.0 
 07/21  10:43:00,34.0,20.230804183651273,31.379657362598206,20.230804183651273,0.0,13489.43799487732,31.379657362598206,0.0,0.0,0.059871,16.6,0.0,31.374176267297372,0.059871,0.059871,0.0,0.0,0.059871,0.0,0.0,0.0,0.059871,0.0,0.059871,0.0 
 07/21  10:44:00,34.0,20.220109100912953,31.385116372973556,20.220109100912953,0.0,13449.44112317486,31.385116372973556,0.0,0.0,0.059871,16.6,0.0,31.379657362598206,0.059871,0.059871,0.0,0.0,0.059871,0.0,0.0,0.0,0.059871,0.0,0.059871,0.0 
 07/21  10:45:00,34.0,20.20950490063522,31.3905534086746,20.20950490063522,0.0,13409.786085900887,31.3905534086746,0.0,0.0,0.059871,16.6,0.0,31.385116372973556,0.059871,0.059871,0.0,0.0,0.059871,0.0,0.0,0.0,0.059871,0.0,0.059871,0.0 
 07/21  10:46:00,34.0,20.19900021991849,31.3959683141377,20.19900021991849,0.0,13370.504601705376,31.3959683141377,0.0,0.0,0.059871,16.6,0.0,31.3905534086746,0.059871,0.059871,0.0,0.0,0.059871,0.0,0.0,0.0,0.059871,0.0,0.059871,0.0 
 07/21  10:47:00,34.0,20.188584180946922,31.4013612183894,20.188584180946922,0.0,13331.55646566354,31.4013612183894,0.0,0.0,0.059871,16.6,0.0,31.3959683141377,0.059871,0.059871,0.0,0.0,0.059871,0.0,0.0,0.0,0.059871,0.0,0.059871,0.0 
 07/21  10:48:00,34.0,20.17826520755705,31.40673199179503,20.17826520755705,0.0,13292.972652930912,31.40673199179503,0.0,0.0,0.059871,16.6,0.0,31.4013612183894,0.059871,0.059871,0.0,0.0,0.059871,0.0,0.0,0.0,0.059871,0.0,0.059871,0.0 
 07/21  10:49:00,34.0,20.1680327020826,31.412080769059244,20.1680327020826,0.0,13254.713955336929,31.412080769059244,0.0,0.0,0.059871,16.6,0.0,31.40673199179503,0.059871,0.059871,0.0,0.0,0.059871,0.0,0.0,0.0,0.059871,0.0,0.059871,0.0 
 07/21  10:50:00,34.0,20.15789488331136,31.417407437683327,20.15789488331136,0.0,13216.81061175686,31.417407437683327,0.0,0.0,0.059871,16.6,0.0,31.412080769059244,0.059871,0.059871,0.0,0.0,0.059871,0.0,0.0,0.0,0.059871,0.0,0.059871,0.0 
 07/21  10:51:00,34.0,20.147841426677726,31.42271215110182,20.147841426677726,0.0,13179.224385299867,31.42271215110182,0.0,0.0,0.059871,16.6,0.0,31.417407437683327,0.059871,0.059871,0.0,0.0,0.059871,0.0,0.0,0.0,0.059871,0.0,0.059871,0.0 
 07/21  10:52:00,34.0,20.13788035250335,31.42799480268908,20.13788035250335,0.0,13141.984825363492,31.42799480268908,0.0,0.0,0.059871,16.6,0.0,31.42271215110182,0.059871,0.059871,0.0,0.0,0.059871,0.0,0.0,0.0,0.059871,0.0,0.059871,0.0 
 07/21  10:53:00,34.0,20.128001596204747,31.433255555980125,20.128001596204747,0.0,13105.054707657064,31.433255555980125,0.0,0.0,0.059871,16.6,0.0,31.42799480268908,0.059871,0.059871,0.0,0.0,0.059871,0.0,0.0,0.0,0.059871,0.0,0.059871,0.0 
 07/21  10:54:00,34.0,20.118212986594425,31.438494320895696,20.118212986594425,0.0,13068.462782445276,31.438494320895696,0.0,0.0,0.059871,16.6,0.0,31.433255555980125,0.059871,0.059871,0.0,0.0,0.059871,0.0,0.0,0.0,0.059871,0.0,0.059871,0.0 
 07/21  10:55:00,34.0,20.108504715269564,31.44371126281742,20.108504715269564,0.0,13032.17280137561,31.44371126281742,0.0,0.0,0.059871,16.6,0.0,31.438494320895696,0.059871,0.059871,0.0,0.0,0.059871,0.0,0.0,0.0,0.059871,0.0,0.059871,0.0 
 07/21  10:56:00,34.0,20.09888442388049,31.44890630229747,20.09888442388049,0.0,12996.212866619095,31.44890630229747,0.0,0.0,0.059871,16.6,0.0,31.44371126281742,0.059871,0.059871,0.0,0.0,0.059871,0.0,0.0,0.0,0.059871,0.0,0.059871,0.0 
 07/21  10:57:00,34.0,20.08934255063617,31.45407961588779,20.08934255063617,0.0,12960.547602803936,31.45407961588779,0.0,0.0,0.059871,16.6,0.0,31.44890630229747,0.059871,0.059871,0.0,0.0,0.059871,0.0,0.0,0.0,0.059871,0.0,0.059871,0.0 
 07/21  10:58:00,34.0,20.079886555625844,31.459231127816643,20.079886555625844,0.0,12925.204484189238,31.459231127816643,0.0,0.0,0.059871,16.6,0.0,31.45407961588779,0.059871,0.059871,0.0,0.0,0.059871,0.0,0.0,0.0,0.059871,0.0,0.059871,0.0 
 07/21  10:59:00,34.0,20.070507115423695,31.464361019655463,20.070507115423695,0.0,12890.14900017386,31.464361019655463,0.0,0.0,0.059871,16.6,0.0,31.459231127816643,0.059871,0.059871,0.0,0.0,0.059871,0.0,0.0,0.0,0.059871,0.0,0.059871,0.0 
 07/21  11:00:00,34.0,20.061211516331845,31.46946922605876,20.061211516331845,0.0,12855.40795949113,31.46946922605876,0.0,0.0,0.059871,16.6,0.0,31.464361019655463,0.059871,0.059871,0.0,0.0,0.059871,0.0,0.0,0.0,0.059871,0.0,0.059871,0.0,49104000.0 
 07/21  11:01:00,34.0,20.051990667607136,31.47455592944815,20.051990667607136,0.0,12820.947717613995,31.47455592944815,0.0,0.0,0.059871,16.6,0.0,31.46946922605876,0.059871,0.059871,0.0,0.0,0.059871,0.0,0.0,0.0,0.059871,0.0,0.059871,0.0 
 07/21  11:02:00,34.0,20.042851684142416,31.479621071240143,20.042851684142416,0.0,12786.79451404569,31.479621071240143,0.0,0.0,0.059871,16.6,0.0,31.47455592944815,0.059871,0.059871,0.0,0.0,0.059871,0.0,0.0,0.0,0.059871,0.0,0.059871,0.0 
 07/21  11:03:00,34.0,20.033785698277615,31.484664839869097,20.033785698277615,0.0,12752.915490567288,31.484664839869097,0.0,0.0,0.059871,16.6,0.0,31.479621071240143,0.059871,0.059871,0.0,0.0,0.059871,0.0,0.0,0.0,0.059871,0.0,0.059871,0.0 
 07/21  11:04:00,34.0,20.024799662680945,31.48968718027446,20.024799662680945,0.0,12719.336242435907,31.48968718027446,0.0,0.0,0.059871,16.6,0.0,31.484664839869097,0.059871,0.059871,0.0,0.0,0.059871,0.0,0.0,0.0,0.059871,0.0,0.059871,0.0 
 07/21  11:05:00,34.0,20.015884925738767,31.494688282767555,20.015884925738767,0.0,12686.024802146643,31.494688282767555,0.0,0.0,0.059871,16.6,0.0,31.48968718027446,0.059871,0.059871,0.0,0.0,0.059871,0.0,0.0,0.0,0.059871,0.0,0.059871,0.0 
 07/21  11:06:00,34.0,20.007078639562067,31.499667300096785,20.007078639562067,0.0,12653.118877184606,31.499667300096785,0.0,0.0,0.059871,16.6,0.0,31.494688282767555,0.059871,0.059871,0.0,0.0,0.059871,0.0,0.0,0.0,0.059871,0.0,0.059871,0.0 
 07/21  11:07:00,34.0,19.99832574925448,31.504625245686256,19.99832574925448,0.0,12620.414831135891,31.504625245686256,0.0,0.0,0.059871,16.6,0.0,31.499667300096785,0.059871,0.059871,0.0,0.0,0.059871,0.0,0.0,0.0,0.059871,0.0,0.059871,0.0 
 07/21  11:08:00,34.0,19.989653478117006,31.509561702537972,19.989653478117006,0.0,12588.012491058158,31.509561702537972,0.0,0.0,0.059871,16.6,0.0,31.504625245686256,0.059871,0.059871,0.0,0.0,0.059871,0.0,0.0,0.0,0.059871,0.0,0.059871,0.0 
 07/21  11:09:00,34.0,19.981057646307388,31.51447673793378,19.981057646307388,0.0,12555.89690489005,31.51447673793378,0.0,0.0,0.059871,16.6,0.0,31.509561702537972,0.059871,0.059871,0.0,0.0,0.059871,0.0,0.0,0.0,0.059871,0.0,0.059871,0.0 
 07/21  11:10:00,34.0,19.97253772888569,31.51937049729433,19.97253772888569,0.0,12524.066029362933,31.51937049729433,0.0,0.0,0.059871,16.6,0.0,31.51447673793378,0.059871,0.059871,0.0,0.0,0.059871,0.0,0.0,0.0,0.059871,0.0,0.059871,0.0 
 07/21  11:11:00,34.0,19.964084143676004,31.5242432951586,19.964084143676004,0.0,12492.484209622457,31.5242432951586,0.0,0.0,0.059871,16.6,0.0,31.51937049729433,0.059871,0.059871,0.0,0.0,0.059871,0.0,0.0,0.0,0.059871,0.0,0.059871,0.0 
 07/21  11:12:00,34.0,19.95570133099076,31.529095173019073,19.95570133099076,0.0,12461.167717642675,31.529095173019073,0.0,0.0,0.059871,16.6,0.0,31.5242432951586,0.059871,0.059871,0.0,0.0,0.059871,0.0,0.0,0.0,0.059871,0.0,0.059871,0.0 
 07/21  11:13:00,34.0,19.947381095040967,31.533926370280604,19.947381095040967,0.0,12430.086177729081,31.533926370280604,0.0,0.0,0.059871,16.6,0.0,31.529095173019073,0.059871,0.059871,0.0,0.0,0.059871,0.0,0.0,0.0,0.059871,0.0,0.059871,0.0 
 07/21  11:14:00,34.0,19.939129347256173,31.53873688551375,19.939129347256173,0.0,12399.26134823595,31.53873688551375,0.0,0.0,0.059871,16.6,0.0,31.533926370280604,0.059871,0.059871,0.0,0.0,0.059871,0.0,0.0,0.0,0.059871,0.0,0.059871,0.0 
 07/21  11:15:00,34.0,19.93093918640938,31.543526933774434,19.93093918640938,0.0,12368.667683413469,31.543526933774434,0.0,0.0,0.059871,16.6,0.0,31.53873688551375,0.059871,0.059871,0.0,0.0,0.059871,0.0,0.0,0.0,0.059871,0.0,0.059871,0.0 
 07/21  11:16:00,34.0,19.922816914843132,31.54829650151464,19.922816914843132,0.0,12338.328436349624,31.54829650151464,0.0,0.0,0.059871,16.6,0.0,31.543526933774434,0.059871,0.059871,0.0,0.0,0.059871,0.0,0.0,0.0,0.059871,0.0,0.059871,0.0 
 07/21  11:17:00,34.0,19.914755715928045,31.55304579160739,19.914755715928045,0.0,12308.218397052133,31.55304579160739,0.0,0.0,0.059871,16.6,0.0,31.54829650151464,0.059871,0.059871,0.0,0.0,0.059871,0.0,0.0,0.0,0.059871,0.0,0.059871,0.0 
 07/21  11:18:00,34.0,19.906761537433333,31.557774783602454,19.906761537433333,0.0,12278.359481870688,31.557774783602454,0.0,0.0,0.059871,16.6,0.0,31.55304579160739,0.059871,0.059871,0.0,0.0,0.059871,0.0,0.0,0.0,0.059871,0.0,0.059871,0.0 
 07/21  11:19:00,34.0,19.89882748546998,31.562483678463035,19.89882748546998,0.0,12248.72621535561,31.562483678463035,0.0,0.0,0.059871,16.6,0.0,31.557774783602454,0.059871,0.059871,0.0,0.0,0.059871,0.0,0.0,0.0,0.059871,0.0,0.059871,0.0 
 07/21  11:20:00,34.0,19.890959248920023,31.567172453155077,19.890959248920023,0.0,12219.33951215874,31.567172453155077,0.0,0.0,0.059871,16.6,0.0,31.562483678463035,0.059871,0.059871,0.0,0.0,0.059871,0.0,0.0,0.0,0.059871,0.0,0.059871,0.0 
 07/21  11:21:00,34.0,19.883150004776002,31.571841303097887,19.883150004776002,0.0,12190.174181405846,31.571841303097887,0.0,0.0,0.059871,16.6,0.0,31.567172453155077,0.059871,0.059871,0.0,0.0,0.059871,0.0,0.0,0.0,0.059871,0.0,0.059871,0.0 
 07/21  11:22:00,34.0,19.875405276957416,31.576490209974274,19.875405276957416,0.0,12161.250526472482,31.576490209974274,0.0,0.0,0.059871,16.6,0.0,31.571841303097887,0.059871,0.059871,0.0,0.0,0.059871,0.0,0.0,0.0,0.059871,0.0,0.059871,0.0 
 07/21  11:23:00,34.0,19.86771836042487,31.581119365070936,19.86771836042487,0.0,12132.543774583919,31.581119365070936,0.0,0.0,0.059871,16.6,0.0,31.576490209974274,0.059871,0.059871,0.0,0.0,0.059871,0.0,0.0,0.0,0.059871,0.0,0.059871,0.0 
 07/21  11:24:00,34.0,19.86009463725051,31.58572874696511,19.86009463725051,0.0,12104.073744603047,31.58572874696511,0.0,0.0,0.059871,16.6,0.0,31.581119365070936,0.059871,0.059871,0.0,0.0,0.059871,0.0,0.0,0.0,0.059871,0.0,0.059871,0.0 
 07/21  11:25:00,34.0,19.852527532069026,31.590318551485876,19.852527532069026,0.0,12075.816105011127,31.590318551485876,0.0,0.0,0.059871,16.6,0.0,31.58572874696511,0.059871,0.059871,0.0,0.0,0.059871,0.0,0.0,0.0,0.059871,0.0,0.059871,0.0 
 07/21  11:26:00,34.0,19.84502230152935,31.594888757017962,19.84502230152935,0.0,12047.7902101478,31.594888757017962,0.0,0.0,0.059871,16.6,0.0,31.590318551485876,0.059871,0.059871,0.0,0.0,0.059871,0.0,0.0,0.0,0.059871,0.0,0.059871,0.0 
 07/21  11:27:00,34.0,19.837572505620297,31.599439553640103,19.837572505620297,0.0,12019.97227242634,31.599439553640103,0.0,0.0,0.059871,16.6,0.0,31.594888757017962,0.059871,0.059871,0.0,0.0,0.059871,0.0,0.0,0.0,0.059871,0.0,0.059871,0.0 
 07/21  11:28:00,34.0,19.830183285130584,31.60397092808814,19.830183285130584,0.0,11992.381176511763,31.60397092808814,0.0,0.0,0.059871,16.6,0.0,31.599439553640103,0.059871,0.059871,0.0,0.0,0.059871,0.0,0.0,0.0,0.059871,0.0,0.059871,0.0 
 07/21  11:29:00,34.0,19.82284833874992,31.60848306667503,19.82284833874992,0.0,11964.993650474386,31.60848306667503,0.0,0.0,0.059871,16.6,0.0,31.60397092808814,0.059871,0.059871,0.0,0.0,0.059871,0.0,0.0,0.0,0.059871,0.0,0.059871,0.0 
 07/21  11:30:00,34.0,19.815572696588855,31.6129759517535,19.815572696588855,0.0,11937.828209499243,31.6129759517535,0.0,0.0,0.059871,16.6,0.0,31.60848306667503,0.059871,0.059871,0.0,0.0,0.059871,0.0,0.0,0.0,0.059871,0.0,0.059871,0.0 
 07/21  11:31:00,34.0,19.80835019469248,31.617449776798157,19.80835019469248,0.0,11910.862031952725,31.617449776798157,0.0,0.0,0.059871,16.6,0.0,31.6129759517535,0.059871,0.059871,0.0,0.0,0.059871,0.0,0.0,0.0,0.059871,0.0,0.059871,0.0 
 07/21  11:32:00,34.0,19.801185757187046,31.621904523762886,19.801185757187046,0.0,11884.113300627432,31.621904523762886,0.0,0.0,0.059871,16.6,0.0,31.617449776798157,0.059871,0.059871,0.0,0.0,0.059871,0.0,0.0,0.0,0.059871,0.0,0.059871,0.0 
 07/21  11:33:00,34.0,19.79407335224473,31.626340378716513,19.79407335224473,0.0,11857.559685040696,31.626340378716513,0.0,0.0,0.059871,16.6,0.0,31.621904523762886,0.059871,0.059871,0.0,0.0,0.059871,0.0,0.0,0.0,0.059871,0.0,0.059871,0.0 
 07/21  11:34:00,34.0,19.787017803764567,31.630757334101492,19.787017803764567,0.0,11831.218936815276,31.630757334101492,0.0,0.0,0.059871,16.6,0.0,31.626340378716513,0.059871,0.059871,0.0,0.0,0.059871,0.0,0.0,0.0,0.059871,0.0,0.059871,0.0 
 07/21  11:35:00,34.0,19.78001321196455,31.635155571763526,19.78001321196455,0.0,11805.069236528525,31.635155571763526,0.0,0.0,0.059871,16.6,0.0,31.630757334101492,0.059871,0.059871,0.0,0.0,0.059871,0.0,0.0,0.0,0.059871,0.0,0.059871,0.0 
 07/21  11:36:00,34.0,19.77306430058189,31.63953507800235,19.77306430058189,0.0,11779.128024219623,31.63953507800235,0.0,0.0,0.059871,16.6,0.0,31.635155571763526,0.059871,0.059871,0.0,0.0,0.059871,0.0,0.0,0.0,0.059871,0.0,0.059871,0.0 
 07/21  11:37:00,34.0,19.766165296761713,31.643896043814816,19.766165296761713,0.0,11753.373892906757,31.643896043814816,0.0,0.0,0.059871,16.6,0.0,31.63953507800235,0.059871,0.059871,0.0,0.0,0.059871,0.0,0.0,0.0,0.059871,0.0,0.059871,0.0 
 07/21  11:38:00,34.0,19.75932082981618,31.648238454560502,19.75932082981618,0.0,11727.823932817746,31.648238454560502,0.0,0.0,0.059871,16.6,0.0,31.643896043814816,0.059871,0.059871,0.0,0.0,0.059871,0.0,0.0,0.0,0.059871,0.0,0.059871,0.0 
 07/21  11:39:00,34.0,19.752525249989848,31.652562492082428,19.752525249989848,0.0,11702.457234148209,31.652562492082428,0.0,0.0,0.059871,16.6,0.0,31.648238454560502,0.059871,0.059871,0.0,0.0,0.059871,0.0,0.0,0.0,0.059871,0.0,0.059871,0.0 
 07/21  11:40:00,34.0,19.74578309425731,31.656868154013626,19.74578309425731,0.0,11677.290505684132,31.656868154013626,0.0,0.0,0.059871,16.6,0.0,31.652562492082428,0.059871,0.059871,0.0,0.0,0.059871,0.0,0.0,0.0,0.059871,0.0,0.059871,0.0 
 07/21  11:41:00,34.0,19.739088832421796,31.661155617421798,19.739088832421796,0.0,11652.303321209047,31.661155617421798,0.0,0.0,0.059871,16.6,0.0,31.656868154013626,0.059871,0.059871,0.0,0.0,0.059871,0.0,0.0,0.0,0.059871,0.0,0.059871,0.0 
 07/21  11:42:00,34.0,19.732446911892843,31.66542487205681,19.732446911892843,0.0,11627.512018751891,31.66542487205681,0.0,0.0,0.059871,16.6,0.0,31.661155617421798,0.059871,0.059871,0.0,0.0,0.059871,0.0,0.0,0.0,0.059871,0.0,0.059871,0.0 
 07/21  11:43:00,34.0,19.72585191971898,31.669676105923042,19.72585191971898,0.0,11602.896627272721,31.669676105923042,0.0,0.0,0.059871,16.6,0.0,31.66542487205681,0.059871,0.059871,0.0,0.0,0.059871,0.0,0.0,0.0,0.059871,0.0,0.059871,0.0 
 07/21  11:44:00,34.0,19.71930821563163,31.673909307259624,19.71930821563163,0.0,11578.473160258354,31.673909307259624,0.0,0.0,0.059871,16.6,0.0,31.669676105923042,0.059871,0.059871,0.0,0.0,0.059871,0.0,0.0,0.0,0.059871,0.0,0.059871,0.0 
 07/21  11:45:00,34.0,19.712810500212978,31.678124653263044,19.712810500212978,0.0,11554.222068397936,31.678124653263044,0.0,0.0,0.059871,16.6,0.0,31.673909307259624,0.059871,0.059871,0.0,0.0,0.059871,0.0,0.0,0.0,0.059871,0.0,0.059871,0.0 
 07/21  11:46:00,34.0,19.706363047898286,31.682322146076917,19.706363047898286,0.0,11530.15904946818,31.682322146076917,0.0,0.0,0.059871,16.6,0.0,31.678124653263044,0.059871,0.059871,0.0,0.0,0.059871,0.0,0.0,0.0,0.059871,0.0,0.059871,0.0 
 07/21  11:47:00,34.0,19.699960669787078,31.686501957601084,19.699960669787078,0.0,11506.264964658054,31.686501957601084,0.0,0.0,0.059871,16.6,0.0,31.682322146076917,0.059871,0.059871,0.0,0.0,0.059871,0.0,0.0,0.0,0.059871,0.0,0.059871,0.0 
 07/21  11:48:00,34.0,19.693607557466418,31.690664080459317,19.693607557466418,0.0,11482.555205111103,31.690664080459317,0.0,0.0,0.059871,16.6,0.0,31.686501957601084,0.059871,0.059871,0.0,0.0,0.059871,0.0,0.0,0.0,0.059871,0.0,0.059871,0.0 
 07/21  11:49:00,34.0,19.687298629528822,31.694808699162287,19.687298629528822,0.0,11459.011031258797,31.694808699162287,0.0,0.0,0.059871,16.6,0.0,31.690664080459317,0.059871,0.059871,0.0,0.0,0.059871,0.0,0.0,0.0,0.059871,0.0,0.059871,0.0 
 07/21  11:50:00,34.0,19.681037996951947,31.698935804285878,19.681037996951947,0.0,11435.647535911889,31.698935804285878,0.0,0.0,0.059871,16.6,0.0,31.694808699162287,0.059871,0.059871,0.0,0.0,0.059871,0.0,0.0,0.0,0.059871,0.0,0.059871,0.0 
 07/21  11:51:00,34.0,19.67482068282358,31.703045568004562,19.67482068282358,0.0,11412.446367587621,31.703045568004562,0.0,0.0,0.059871,16.6,0.0,31.698935804285878,0.059871,0.059871,0.0,0.0,0.059871,0.0,0.0,0.0,0.059871,0.0,0.059871,0.0 
 07/21  11:52:00,34.0,19.66865071965916,31.707137996326846,19.66865071965916,0.0,11389.422328724158,31.707137996326846,0.0,0.0,0.059871,16.6,0.0,31.703045568004562,0.059871,0.059871,0.0,0.0,0.059871,0.0,0.0,0.0,0.059871,0.0,0.059871,0.0 
 07/21  11:53:00,34.0,19.66252323214257,31.711213255665285,19.66252323214257,0.0,11366.557445135213,31.711213255665285,0.0,0.0,0.059871,16.6,0.0,31.707137996326846,0.059871,0.059871,0.0,0.0,0.059871,0.0,0.0,0.0,0.059871,0.0,0.059871,0.0 
 07/21  11:54:00,34.0,19.656442176407356,31.71527134098929,19.656442176407356,0.0,11343.866236598406,31.71527134098929,0.0,0.0,0.059871,16.6,0.0,31.711213255665285,0.059871,0.059871,0.0,0.0,0.059871,0.0,0.0,0.0,0.059871,0.0,0.059871,0.0 
 07/21  11:55:00,34.0,19.65040277592781,31.71931243291057,19.65040277592781,0.0,11321.331095783065,31.71931243291057,0.0,0.0,0.059871,16.6,0.0,31.71527134098929,0.059871,0.059871,0.0,0.0,0.059871,0.0,0.0,0.0,0.059871,0.0,0.059871,0.0 
 07/21  11:56:00,34.0,19.644408911657106,31.72333652386004,19.644408911657106,0.0,11298.96628305249,31.72333652386004,0.0,0.0,0.059871,16.6,0.0,31.71931243291057,0.059871,0.059871,0.0,0.0,0.059871,0.0,0.0,0.0,0.059871,0.0,0.059871,0.0 
 07/21  11:57:00,34.0,19.638455903826205,31.727343780710935,19.638455903826205,0.0,11276.754512722555,31.727343780710935,0.0,0.0,0.059871,16.6,0.0,31.72333652386004,0.059871,0.059871,0.0,0.0,0.059871,0.0,0.0,0.0,0.059871,0.0,0.059871,0.0 
 07/21  11:58:00,34.0,19.632547560612903,31.7313342127685,19.632547560612903,0.0,11254.709813326412,31.7313342127685,0.0,0.0,0.059871,16.6,0.0,31.727343780710935,0.059871,0.059871,0.0,0.0,0.059871,0.0,0.0,0.0,0.059871,0.0,0.059871,0.0 
 07/21  11:59:00,34.0,19.62667929558384,31.73530798073649,19.62667929558384,0.0,11232.815227117822,31.73530798073649,0.0,0.0,0.059871,16.6,0.0,31.7313342127685,0.059871,0.059871,0.0,0.0,0.059871,0.0,0.0,0.0,0.059871,0.0,0.059871,0.0 
 07/21  12:00:00,34.0,19.62085484734208,31.739265081476344,19.62085484734208,0.0,11211.084506326079,31.739265081476344,0.0,0.0,0.059871,16.6,0.0,31.73530798073649,0.059871,0.059871,0.0,0.0,0.059871,0.0,0.0,0.0,0.059871,0.0,0.059871,0.0,49104000.0 
 07/21  12:01:00,34.0,19.615069719889352,31.743205691400753,19.615069719889352,0.0,11189.501066525236,31.743205691400753,0.0,0.0,0.059871,16.6,0.0,31.739265081476344,0.059871,0.059871,0.0,0.0,0.059871,0.0,0.0,0.0,0.059871,0.0,0.059871,0.0 
 07/21  12:02:00,34.0,19.60932758197358,31.747129804388194,19.60932758197358,0.0,11168.078401177982,31.747129804388194,0.0,0.0,0.059871,16.6,0.0,31.743205691400753,0.059871,0.059871,0.0,0.0,0.059871,0.0,0.0,0.0,0.059871,0.0,0.059871,0.0 
 07/21  12:03:00,34.0,19.603624026736963,31.751037581827855,19.603624026736963,0.0,11146.800219763649,31.751037581827855,0.0,0.0,0.059871,16.6,0.0,31.747129804388194,0.059871,0.059871,0.0,0.0,0.059871,0.0,0.0,0.0,0.059871,0.0,0.059871,0.0 
 07/21  12:04:00,34.0,19.597962656565855,31.75492903583295,19.597962656565855,0.0,11125.67978864819,31.75492903583295,0.0,0.0,0.059871,16.6,0.0,31.751037581827855,0.059871,0.059871,0.0,0.0,0.059871,0.0,0.0,0.0,0.059871,0.0,0.059871,0.0 
 07/21  12:05:00,34.0,19.592339150008467,31.758804321267583,19.592339150008467,0.0,11104.701153042228,31.758804321267583,0.0,0.0,0.059871,16.6,0.0,31.75492903583295,0.059871,0.059871,0.0,0.0,0.059871,0.0,0.0,0.0,0.059871,0.0,0.059871,0.0 
 07/21  12:06:00,34.0,19.586757043949255,31.7626634365027,19.586757043949255,0.0,11083.87731823378,31.7626634365027,0.0,0.0,0.059871,16.6,0.0,31.758804321267583,0.059871,0.059871,0.0,0.0,0.059871,0.0,0.0,0.0,0.059871,0.0,0.059871,0.0 
 07/21  12:07:00,34.0,19.581212100890664,31.7665065535438,19.581212100890664,0.0,11063.192641254624,31.7665065535438,0.0,0.0,0.059871,16.6,0.0,31.7626634365027,0.059871,0.059871,0.0,0.0,0.059871,0.0,0.0,0.0,0.059871,0.0,0.059871,0.0 
 07/21  12:08:00,34.0,19.57570779357774,31.77033366737615,19.57570779357774,0.0,11042.659908246942,31.77033366737615,0.0,0.0,0.059871,16.6,0.0,31.7665065535438,0.059871,0.059871,0.0,0.0,0.059871,0.0,0.0,0.0,0.059871,0.0,0.059871,0.0 
 07/21  12:09:00,34.0,19.57023996687313,31.77414493380384,19.57023996687313,0.0,11022.263745488945,31.77414493380384,0.0,0.0,0.059871,16.6,0.0,31.77033366737615,0.059871,0.059871,0.0,0.0,0.059871,0.0,0.0,0.0,0.059871,0.0,0.059871,0.0 
 07/21  12:10:00,34.0,19.564812031988303,31.77794036732874,19.564812031988303,0.0,11002.016729602143,31.77794036732874,0.0,0.0,0.059871,16.6,0.0,31.77414493380384,0.059871,0.059871,0.0,0.0,0.059871,0.0,0.0,0.0,0.059871,0.0,0.059871,0.0 
 07/21  12:11:00,34.0,19.55941991160419,31.78172011692014,19.55941991160419,0.0,10981.90381239292,31.78172011692014,0.0,0.0,0.059871,16.6,0.0,31.77794036732874,0.059871,0.059871,0.0,0.0,0.059871,0.0,0.0,0.0,0.059871,0.0,0.059871,0.0 
 07/21  12:12:00,34.0,19.554066956029253,31.785484182138006,19.554066956029253,0.0,10961.93730836267,31.785484182138006,0.0,0.0,0.059871,16.6,0.0,31.78172011692014,0.059871,0.059871,0.0,0.0,0.059871,0.0,0.0,0.0,0.059871,0.0,0.059871,0.0 
 07/21  12:13:00,34.0,19.54874916651394,31.789232730449925,19.54874916651394,0.0,10942.10244299145,31.789232730449925,0.0,0.0,0.059871,16.6,0.0,31.785484182138006,0.059871,0.059871,0.0,0.0,0.059871,0.0,0.0,0.0,0.059871,0.0,0.059871,0.0 
 07/21  12:14:00,34.0,19.543469834322092,31.792965757665804,19.543469834322092,0.0,10922.411348475234,31.792965757665804,0.0,0.0,0.059871,16.6,0.0,31.789232730449925,0.059871,0.059871,0.0,0.0,0.059871,0.0,0.0,0.0,0.059871,0.0,0.059871,0.0 
 07/21  12:15:00,34.0,19.538225035882807,31.79668341397259,19.538225035882807,0.0,10902.84951140256,31.79668341397259,0.0,0.0,0.059871,16.6,0.0,31.792965757665804,0.059871,0.059871,0.0,0.0,0.059871,0.0,0.0,0.0,0.059871,0.0,0.059871,0.0 
 07/21  12:16:00,34.0,19.533018004996727,31.800385715903108,19.533018004996727,0.0,10883.428851126964,31.800385715903108,0.0,0.0,0.059871,16.6,0.0,31.79668341397259,0.059871,0.059871,0.0,0.0,0.059871,0.0,0.0,0.0,0.059871,0.0,0.059871,0.0 
 07/21  12:17:00,34.0,19.527844890778496,31.804072806540177,19.527844890778496,0.0,10864.135142248451,31.804072806540177,0.0,0.0,0.059871,16.6,0.0,31.800385715903108,0.059871,0.059871,0.0,0.0,0.059871,0.0,0.0,0.0,0.059871,0.0,0.059871,0.0 
 07/21  12:18:00,34.0,19.522708870084145,31.80774468636641,19.522708870084145,0.0,10844.980093088412,31.80774468636641,0.0,0.0,0.059871,16.6,0.0,31.804072806540177,0.059871,0.059871,0.0,0.0,0.059871,0.0,0.0,0.0,0.059871,0.0,0.059871,0.0 
 07/21  12:19:00,34.0,19.517606164459067,31.811401518244956,19.517606164459067,0.0,10825.949711393154,31.811401518244956,0.0,0.0,0.059871,16.6,0.0,31.80774468636641,0.059871,0.059871,0.0,0.0,0.059871,0.0,0.0,0.0,0.059871,0.0,0.059871,0.0 
 07/21  12:20:00,34.0,19.512539895964156,31.815043298578207,19.512539895964156,0.0,10807.05553833689,31.815043298578207,0.0,0.0,0.059871,16.6,0.0,31.811401518244956,0.059871,0.059871,0.0,0.0,0.059871,0.0,0.0,0.0,0.059871,0.0,0.059871,0.0 
 07/21  12:21:00,34.0,19.50750635503865,31.818670171959923,19.50750635503865,0.0,10788.283837580399,31.818670171959923,0.0,0.0,0.059871,16.6,0.0,31.815043298578207,0.059871,0.059871,0.0,0.0,0.059871,0.0,0.0,0.0,0.059871,0.0,0.059871,0.0 
 07/21  12:22:00,34.0,19.502508611876713,31.82228215665008,19.502508611876713,0.0,10769.645904641697,31.82228215665008,0.0,0.0,0.059871,16.6,0.0,31.818670171959923,0.059871,0.059871,0.0,0.0,0.059871,0.0,0.0,0.0,0.059871,0.0,0.059871,0.0 
 07/21  12:23:00,34.0,19.497543023959,31.825879389907808,19.497543023959,0.0,10751.128323478224,31.825879389907808,0.0,0.0,0.059871,16.6,0.0,31.82228215665008,0.059871,0.059871,0.0,0.0,0.059871,0.0,0.0,0.0,0.059871,0.0,0.059871,0.0 
 07/21  12:24:00,34.0,19.492612608071813,31.829461872925577,19.492612608071813,0.0,10732.742173958053,31.829461872925577,0.0,0.0,0.059871,16.6,0.0,31.825879389907808,0.059871,0.059871,0.0,0.0,0.059871,0.0,0.0,0.0,0.059871,0.0,0.059871,0.0 
 07/21  12:25:00,34.0,19.487713788626746,31.83302976396121,19.487713788626746,0.0,10714.474253018347,31.83302976396121,0.0,0.0,0.059871,16.6,0.0,31.829461872925577,0.059871,0.059871,0.0,0.0,0.059871,0.0,0.0,0.0,0.059871,0.0,0.059871,0.0 
 07/21  12:26:00,34.0,19.482849531450203,31.836583059840184,19.482849531450203,0.0,10696.335487314558,31.836583059840184,0.0,0.0,0.059871,16.6,0.0,31.83302976396121,0.059871,0.059871,0.0,0.0,0.059871,0.0,0.0,0.0,0.059871,0.0,0.059871,0.0 
 07/21  12:27:00,34.0,19.47801632478442,31.84012189965951,19.47801632478442,0.0,10678.312910722652,31.84012189965951,0.0,0.0,0.059871,16.6,0.0,31.836583059840184,0.059871,0.059871,0.0,0.0,0.059871,0.0,0.0,0.0,0.059871,0.0,0.059871,0.0 
 07/21  12:28:00,34.0,19.473217084801625,31.843646303182304,19.473217084801625,0.0,10660.417248348904,31.843646303182304,0.0,0.0,0.059871,16.6,0.0,31.84012189965951,0.059871,0.059871,0.0,0.0,0.059871,0.0,0.0,0.0,0.059871,0.0,0.059871,0.0 
 07/21  12:29:00,34.0,19.468448363105466,31.847156401986478,19.468448363105466,0.0,10642.635769357921,31.847156401986478,0.0,0.0,0.059871,16.6,0.0,31.843646303182304,0.059871,0.059871,0.0,0.0,0.059871,0.0,0.0,0.0,0.059871,0.0,0.059871,0.0 
 07/21  12:30:00,34.0,19.463713027670746,31.85065219784158,19.463713027670746,0.0,10624.979020444895,31.85065219784158,0.0,0.0,0.059871,16.6,0.0,31.847156401986478,0.059871,0.059871,0.0,0.0,0.059871,0.0,0.0,0.0,0.059871,0.0,0.059871,0.0 
 07/21  12:31:00,34.0,19.45900769084265,31.85413384447867,19.45900769084265,0.0,10607.434513790467,31.85413384447867,0.0,0.0,0.059871,16.6,0.0,31.85065219784158,0.059871,0.059871,0.0,0.0,0.059871,0.0,0.0,0.0,0.059871,0.0,0.059871,0.0 
 07/21  12:32:00,34.0,19.45433517227115,31.857601339043615,19.45433517227115,0.0,10590.012617101671,31.857601339043615,0.0,0.0,0.059871,16.6,0.0,31.85413384447867,0.059871,0.059871,0.0,0.0,0.059871,0.0,0.0,0.0,0.059871,0.0,0.059871,0.0 
 07/21  12:33:00,34.0,19.44969214500975,31.861054815286778,19.44969214500975,0.0,10572.701033016889,31.861054815286778,0.0,0.0,0.059871,16.6,0.0,31.857601339043615,0.059871,0.059871,0.0,0.0,0.059871,0.0,0.0,0.0,0.059871,0.0,0.059871,0.0 
 07/21  12:34:00,34.0,19.445081381532454,31.864494294293234,19.445081381532454,0.0,10555.510006805522,31.864494294293234,0.0,0.0,0.059871,16.6,0.0,31.861054815286778,0.059871,0.059871,0.0,0.0,0.059871,0.0,0.0,0.0,0.059871,0.0,0.059871,0.0 
 07/21  12:35:00,34.0,19.440499613161936,31.86791990212182,19.440499613161936,0.0,10538.427422667664,31.86791990212182,0.0,0.0,0.059871,16.6,0.0,31.864494294293234,0.059871,0.059871,0.0,0.0,0.059871,0.0,0.0,0.0,0.059871,0.0,0.059871,0.0 
 07/21  12:36:00,34.0,19.435949567538678,31.871331640992917,19.435949567538678,0.0,10521.463359736126,31.871331640992917,0.0,0.0,0.059871,16.6,0.0,31.86791990212182,0.059871,0.059871,0.0,0.0,0.059871,0.0,0.0,0.0,0.059871,0.0,0.059871,0.0 
 07/21  12:37:00,34.0,19.43142803266301,31.874729660182624,19.43142803266301,0.0,10504.605930111524,31.874729660182624,0.0,0.0,0.059871,16.6,0.0,31.871331640992917,0.059871,0.059871,0.0,0.0,0.059871,0.0,0.0,0.0,0.059871,0.0,0.059871,0.0 
 07/21  12:38:00,34.0,19.42693769202434,31.878113957035563,19.42693769202434,0.0,10487.86503198959,31.878113957035563,0.0,0.0,0.059871,16.6,0.0,31.874729660182624,0.059871,0.059871,0.0,0.0,0.059871,0.0,0.0,0.0,0.059871,0.0,0.059871,0.0 
 07/21  12:39:00,34.0,19.422475389548616,31.88148466007711,19.422475389548616,0.0,10471.2289852361,31.88148466007711,0.0,0.0,0.059871,16.6,0.0,31.878113957035563,0.059871,0.059871,0.0,0.0,0.059871,0.0,0.0,0.0,0.059871,0.0,0.059871,0.0 
 07/21  12:40:00,34.0,19.418043764987715,31.884841791507974,19.418043764987715,0.0,10454.707543209839,31.884841791507974,0.0,0.0,0.059871,16.6,0.0,31.88148466007711,0.059871,0.059871,0.0,0.0,0.059871,0.0,0.0,0.0,0.059871,0.0,0.059871,0.0 
 07/21  12:41:00,34.0,19.413639715773794,31.88818547199668,19.413639715773794,0.0,10438.289224458018,31.88818547199668,0.0,0.0,0.059871,16.6,0.0,31.884841791507974,0.059871,0.059871,0.0,0.0,0.059871,0.0,0.0,0.0,0.059871,0.0,0.059871,0.0 
 07/21  12:42:00,34.0,19.409265839544222,31.891515704062094,19.409265839544222,0.0,10421.98360908516,31.891515704062094,0.0,0.0,0.059871,16.6,0.0,31.88818547199668,0.059871,0.059871,0.0,0.0,0.059871,0.0,0.0,0.0,0.059871,0.0,0.059871,0.0 
 07/21  12:43:00,34.0,19.40491908652976,31.894832632574293,19.40491908652976,0.0,10405.779428856382,31.894832632574293,0.0,0.0,0.059871,16.6,0.0,31.891515704062094,0.059871,0.059871,0.0,0.0,0.059871,0.0,0.0,0.0,0.059871,0.0,0.059871,0.0 
 07/21  12:44:00,34.0,19.40060201333279,31.89813625493743,19.40060201333279,0.0,10389.686094750847,31.89813625493743,0.0,0.0,0.059871,16.6,0.0,31.894832632574293,0.059871,0.059871,0.0,0.0,0.059871,0.0,0.0,0.0,0.059871,0.0,0.059871,0.0 
 07/21  12:45:00,34.0,19.39631162237275,31.90142669455819,19.39631162237275,0.0,10373.692532336368,31.90142669455819,0.0,0.0,0.059871,16.6,0.0,31.89813625493743,0.059871,0.059871,0.0,0.0,0.059871,0.0,0.0,0.0,0.059871,0.0,0.059871,0.0 
 07/21  12:46:00,34.0,19.392050429398093,31.90470397454522,19.392050429398093,0.0,10357.80801832615,31.90470397454522,0.0,0.0,0.059871,16.6,0.0,31.90142669455819,0.059871,0.059871,0.0,0.0,0.059871,0.0,0.0,0.0,0.059871,0.0,0.059871,0.0 
 07/21  12:47:00,34.0,19.387815486594587,31.907968210300627,19.387815486594587,0.0,10342.02166300267,31.907968210300627,0.0,0.0,0.059871,16.6,0.0,31.90470397454522,0.059871,0.059871,0.0,0.0,0.059871,0.0,0.0,0.0,0.059871,0.0,0.059871,0.0 
 07/21  12:48:00,34.0,19.383609269603443,31.911219404496133,19.383609269603443,0.0,10326.342594443744,31.911219404496133,0.0,0.0,0.059871,16.6,0.0,31.907968210300627,0.059871,0.059871,0.0,0.0,0.059871,0.0,0.0,0.0,0.059871,0.0,0.059871,0.0 
 07/21  12:49:00,34.0,19.379428881109057,31.91445769765457,19.379428881109057,0.0,10310.760076557759,31.91445769765457,0.0,0.0,0.059871,16.6,0.0,31.911219404496133,0.059871,0.059871,0.0,0.0,0.059871,0.0,0.0,0.0,0.059871,0.0,0.059871,0.0 
 07/21  12:50:00,34.0,19.37527675818132,31.91768308711605,19.37527675818132,0.0,10295.283128400828,31.91768308711605,0.0,0.0,0.059871,16.6,0.0,31.91445769765457,0.059871,0.059871,0.0,0.0,0.059871,0.0,0.0,0.0,0.059871,0.0,0.059871,0.0 
 07/21  12:51:00,34.0,19.37115005103375,31.920895691289275,19.37115005103375,0.0,10279.901190397017,31.920895691289275,0.0,0.0,0.059871,16.6,0.0,31.91768308711605,0.059871,0.059871,0.0,0.0,0.059871,0.0,0.0,0.0,0.059871,0.0,0.059871,0.0 
 07/21  12:52:00,34.0,19.367051158926685,31.924095534010057,19.367051158926685,0.0,10264.623124561636,31.924095534010057,0.0,0.0,0.059871,16.6,0.0,31.920895691289275,0.059871,0.059871,0.0,0.0,0.059871,0.0,0.0,0.0,0.059871,0.0,0.059871,0.0 
 07/21  12:53:00,34.0,19.36297727885175,31.927282725556797,19.36297727885175,0.0,10249.438561908704,31.927282725556797,0.0,0.0,0.059871,16.6,0.0,31.924095534010057,0.059871,0.059871,0.0,0.0,0.059871,0.0,0.0,0.0,0.059871,0.0,0.059871,0.0 
 07/21  12:54:00,34.0,19.35893077328334,31.930457268636303,19.35893077328334,0.0,10234.356211326221,31.930457268636303,0.0,0.0,0.059871,16.6,0.0,31.927282725556797,0.059871,0.059871,0.0,0.0,0.059871,0.0,0.0,0.0,0.059871,0.0,0.059871,0.0 
 07/21  12:55:00,34.0,19.354908884945466,31.93361929950839,19.354908884945466,0.0,10219.36589041405,31.93361929950839,0.0,0.0,0.059871,16.6,0.0,31.930457268636303,0.059871,0.059871,0.0,0.0,0.059871,0.0,0.0,0.0,0.059871,0.0,0.059871,0.0 
 07/21  12:56:00,34.0,19.350913940263528,31.936768815354295,19.350913940263528,0.0,10204.476157780591,31.936768815354295,0.0,0.0,0.059871,16.6,0.0,31.93361929950839,0.059871,0.059871,0.0,0.0,0.059871,0.0,0.0,0.0,0.059871,0.0,0.059871,0.0 
 07/21  12:57:00,34.0,19.346943226608026,31.939905929728162,19.346943226608026,0.0,10189.677013461092,31.939905929728162,0.0,0.0,0.059871,16.6,0.0,31.936768815354295,0.059871,0.059871,0.0,0.0,0.059871,0.0,0.0,0.0,0.059871,0.0,0.059871,0.0 
 07/21  12:58:00,34.0,19.342999033663176,31.94303066704503,19.342999033663176,0.0,10174.976896612716,31.94303066704503,0.0,0.0,0.059871,16.6,0.0,31.939905929728162,0.059871,0.059871,0.0,0.0,0.059871,0.0,0.0,0.0,0.059871,0.0,0.059871,0.0 
 07/21  12:59:00,34.0,19.339078693638964,31.946143132623355,19.339078693638964,0.0,10160.365923678488,31.946143132623355,0.0,0.0,0.059871,16.6,0.0,31.94303066704503,0.059871,0.059871,0.0,0.0,0.059871,0.0,0.0,0.0,0.059871,0.0,0.059871,0.0 
 07/21  13:00:00,34.0,19.335184462473237,31.949243329116033,19.335184462473237,0.0,10145.85242552842,31.949243329116033,0.0,0.0,0.059871,16.6,0.0,31.946143132623355,0.059871,0.059871,0.0,0.0,0.059871,0.0,0.0,0.0,0.059871,0.0,0.059871,0.0,49104000.0 
 07/21  13:01:00,34.0,19.33131371435205,31.952331388627684,19.33131371435205,0.0,10131.426707678911,31.952331388627684,0.0,0.0,0.059871,16.6,0.0,31.949243329116033,0.059871,0.059871,0.0,0.0,0.059871,0.0,0.0,0.0,0.059871,0.0,0.059871,0.0 
 07/21  13:02:00,34.0,19.3274686709794,31.955407308112424,19.3274686709794,0.0,10117.096940948435,31.955407308112424,0.0,0.0,0.059871,16.6,0.0,31.952331388627684,0.059871,0.059871,0.0,0.0,0.059871,0.0,0.0,0.0,0.059871,0.0,0.059871,0.0 
 07/21  13:03:00,34.0,19.323646749009097,31.958471196431713,19.323646749009097,0.0,10102.853588513484,31.958471196431713,0.0,0.0,0.059871,16.6,0.0,31.955407308112424,0.059871,0.059871,0.0,0.0,0.059871,0.0,0.0,0.0,0.059871,0.0,0.059871,0.0 
 07/21  13:04:00,34.0,19.319850135897667,31.96152307846009,19.319850135897667,0.0,10088.70472738639,31.96152307846009,0.0,0.0,0.059871,16.6,0.0,31.958471196431713,0.059871,0.059871,0.0,0.0,0.059871,0.0,0.0,0.0,0.059871,0.0,0.059871,0.0 
 07/21  13:05:00,34.0,19.31607628942247,31.964563054734995,19.31607628942247,0.0,10074.640940343697,31.964563054734995,0.0,0.0,0.059871,16.6,0.0,31.96152307846009,0.059871,0.059871,0.0,0.0,0.059871,0.0,0.0,0.0,0.059871,0.0,0.059871,0.0 
 07/21  13:06:00,34.0,19.312327365024654,31.967591127789333,19.312327365024654,0.0,10060.670185804165,31.967591127789333,0.0,0.0,0.059871,16.6,0.0,31.964563054734995,0.059871,0.059871,0.0,0.0,0.059871,0.0,0.0,0.0,0.059871,0.0,0.059871,0.0 
 07/21  13:07:00,34.0,19.308600861235544,31.970607425696567,19.308600861235544,0.0,10046.783197938115,31.970607425696567,0.0,0.0,0.059871,16.6,0.0,31.967591127789333,0.059871,0.059871,0.0,0.0,0.059871,0.0,0.0,0.0,0.059871,0.0,0.059871,0.0 
 07/21  13:08:00,34.0,19.304898900363344,31.973611945135488,19.304898900363344,0.0,10032.987845173184,31.973611945135488,0.0,0.0,0.059871,16.6,0.0,31.970607425696567,0.059871,0.059871,0.0,0.0,0.059871,0.0,0.0,0.0,0.059871,0.0,0.059871,0.0 
 07/21  13:09:00,34.0,19.301219019361536,31.976604790447958,19.301219019361536,0.0,10019.27498791114,31.976604790447958,0.0,0.0,0.059871,16.6,0.0,31.973611945135488,0.059871,0.059871,0.0,0.0,0.059871,0.0,0.0,0.0,0.059871,0.0,0.059871,0.0 
 07/21  13:10:00,34.0,19.297563309603447,31.97958598687022,19.297563309603447,0.0,10005.652363488167,31.97958598687022,0.0,0.0,0.059871,16.6,0.0,31.976604790447958,0.059871,0.059871,0.0,0.0,0.059871,0.0,0.0,0.0,0.059871,0.0,0.059871,0.0 
 07/21  13:11:00,34.0,19.29392934734246,31.98255563034651,19.29392934734246,0.0,9992.110978342143,31.98255563034651,0.0,0.0,0.059871,16.6,0.0,31.97958598687022,0.059871,0.059871,0.0,0.0,0.059871,0.0,0.0,0.0,0.059871,0.0,0.059871,0.0 
 07/21  13:12:00,34.0,19.290319193108765,31.98551372324169,19.290319193108765,0.0,9978.658471782883,31.98551372324169,0.0,0.0,0.059871,16.6,0.0,31.98255563034651,0.059871,0.059871,0.0,0.0,0.059871,0.0,0.0,0.0,0.059871,0.0,0.059871,0.0 
 07/21  13:13:00,34.0,19.28673046020689,31.988460389733056,19.28673046020689,0.0,9965.285987858475,31.988460389733056,0.0,0.0,0.059871,16.6,0.0,31.98551372324169,0.059871,0.059871,0.0,0.0,0.059871,0.0,0.0,0.0,0.059871,0.0,0.059871,0.0 
 07/21  13:14:00,34.0,19.283165179226195,31.991395626191874,19.283165179226195,0.0,9952.001038577919,31.991395626191874,0.0,0.0,0.059871,16.6,0.0,31.988460389733056,0.059871,0.059871,0.0,0.0,0.059871,0.0,0.0,0.0,0.059871,0.0,0.059871,0.0 
 07/21  13:15:00,34.0,19.279620999442482,31.994319532620064,19.279620999442482,0.0,9938.794934058438,31.994319532620064,0.0,0.0,0.059871,16.6,0.0,31.991395626191874,0.059871,0.059871,0.0,0.0,0.059871,0.0,0.0,0.0,0.059871,0.0,0.059871,0.0 
 07/21  13:16:00,34.0,19.27609992279569,31.99723213453503,19.27609992279569,0.0,9925.675031477804,31.99723213453503,0.0,0.0,0.059871,16.6,0.0,31.994319532620064,0.059871,0.059871,0.0,0.0,0.059871,0.0,0.0,0.0,0.059871,0.0,0.059871,0.0 
 07/21  13:17:00,34.0,19.27259963478691,32.0001335234793,19.27259963478691,0.0,9912.632807833616,32.0001335234793,0.0,0.0,0.059871,16.6,0.0,31.99723213453503,0.059871,0.059871,0.0,0.0,0.059871,0.0,0.0,0.0,0.059871,0.0,0.059871,0.0 
 07/21  13:18:00,34.0,19.269122107220173,32.00302370161409,19.269122107220173,0.0,9899.675524826594,32.00302370161409,0.0,0.0,0.059871,16.6,0.0,32.0001335234793,0.059871,0.059871,0.0,0.0,0.059871,0.0,0.0,0.0,0.059871,0.0,0.059871,0.0 
 07/21  13:19:00,34.0,19.265665061650907,32.00590278936018,19.265665061650907,0.0,9886.79474477679,32.00590278936018,0.0,0.0,0.059871,16.6,0.0,32.00302370161409,0.059871,0.059871,0.0,0.0,0.059871,0.0,0.0,0.0,0.059871,0.0,0.059871,0.0 
 07/21  13:20:00,34.0,19.26223044095249,32.008770782759086,19.26223044095249,0.0,9873.997670579734,32.008770782759086,0.0,0.0,0.059871,16.6,0.0,32.00590278936018,0.059871,0.059871,0.0,0.0,0.059871,0.0,0.0,0.0,0.059871,0.0,0.059871,0.0 
 07/21  13:21:00,34.0,19.25881600143211,32.01162777765299,19.25881600143211,0.0,9861.27596138433,32.01162777765299,0.0,0.0,0.059871,16.6,0.0,32.008770782759086,0.059871,0.059871,0.0,0.0,0.059871,0.0,0.0,0.0,0.059871,0.0,0.059871,0.0 
 07/21  13:22:00,34.0,19.25542365869424,32.014473799771736,19.25542365869424,0.0,9848.636718996582,32.014473799771736,0.0,0.0,0.059871,16.6,0.0,32.01162777765299,0.059871,0.059871,0.0,0.0,0.059871,0.0,0.0,0.0,0.059871,0.0,0.059871,0.0 
 07/21  13:23:00,34.0,19.25205120203605,32.017308936446575,19.25205120203605,0.0,9836.071757209947,32.017308936446575,0.0,0.0,0.059871,16.6,0.0,32.014473799771736,0.059871,0.059871,0.0,0.0,0.059871,0.0,0.0,0.0,0.059871,0.0,0.059871,0.0 
 07/21  13:24:00,34.0,19.248700520436483,32.020133189608316,19.248700520436483,0.0,9823.58803103868,32.020133189608316,0.0,0.0,0.059871,16.6,0.0,32.017308936446575,0.059871,0.059871,0.0,0.0,0.059871,0.0,0.0,0.0,0.059871,0.0,0.059871,0.0 
 07/21  13:25:00,34.0,19.24536943571395,32.022946676062254,19.24536943571395,0.0,9811.177523017486,32.022946676062254,0.0,0.0,0.059871,16.6,0.0,32.020133189608316,0.059871,0.059871,0.0,0.0,0.059871,0.0,0.0,0.0,0.059871,0.0,0.059871,0.0 
 07/21  13:26:00,34.0,19.24205980939974,32.02574939150594,19.24205980939974,0.0,9798.847070473212,32.02574939150594,0.0,0.0,0.059871,16.6,0.0,32.022946676062254,0.059871,0.059871,0.0,0.0,0.059871,0.0,0.0,0.0,0.059871,0.0,0.059871,0.0 
 07/21  13:27:00,34.0,19.23876949625662,32.02854142780088,19.23876949625662,0.0,9786.58876217558,32.02854142780088,0.0,0.0,0.059871,16.6,0.0,32.02574939150594,0.059871,0.059871,0.0,0.0,0.059871,0.0,0.0,0.0,0.059871,0.0,0.059871,0.0 
 07/21  13:28:00,34.0,19.235500332269226,32.03132281083136,19.235500332269226,0.0,9774.409340935408,32.03132281083136,0.0,0.0,0.059871,16.6,0.0,32.02854142780088,0.059871,0.059871,0.0,0.0,0.059871,0.0,0.0,0.0,0.059871,0.0,0.059871,0.0 
 07/21  13:29:00,34.0,19.23225020391749,32.034093623906024,19.23225020391749,0.0,9762.301029097747,32.034093623906024,0.0,0.0,0.059871,16.6,0.0,32.03132281083136,0.059871,0.059871,0.0,0.0,0.059871,0.0,0.0,0.0,0.059871,0.0,0.059871,0.0 
 07/21  13:30:00,34.0,19.229020920091372,32.036853868706956,19.229020920091372,0.0,9750.270484991448,32.036853868706956,0.0,0.0,0.059871,16.6,0.0,32.034093623906024,0.059871,0.059871,0.0,0.0,0.059871,0.0,0.0,0.0,0.059871,0.0,0.059871,0.0 
 07/21  13:31:00,34.0,19.225810398570452,32.03960365856591,19.225810398570452,0.0,9738.310015289502,32.03960365856591,0.0,0.0,0.059871,16.6,0.0,32.036853868706956,0.059871,0.059871,0.0,0.0,0.059871,0.0,0.0,0.0,0.059871,0.0,0.059871,0.0 
 07/21  13:32:00,34.0,19.222620423015314,32.04234298882981,19.222620423015314,0.0,9726.426200734531,32.04234298882981,0.0,0.0,0.059871,16.6,0.0,32.03960365856591,0.059871,0.059871,0.0,0.0,0.059871,0.0,0.0,0.0,0.059871,0.0,0.059871,0.0 
 07/21  13:33:00,34.0,19.219448942413138,32.04507194755684,19.219448942413138,0.0,9714.61144800719,32.04507194755684,0.0,0.0,0.059871,16.6,0.0,32.04234298882981,0.059871,0.059871,0.0,0.0,0.059871,0.0,0.0,0.0,0.059871,0.0,0.059871,0.0 
 07/21  13:34:00,34.0,19.2162977161542,32.0477905607372,19.2162977161542,0.0,9702.872247973432,32.0477905607372,0.0,0.0,0.059871,16.6,0.0,32.04507194755684,0.059871,0.059871,0.0,0.0,0.059871,0.0,0.0,0.0,0.059871,0.0,0.059871,0.0 
 07/21  13:35:00,34.0,19.21316472223875,32.05049890784246,19.21316472223875,0.0,9691.20114653861,32.05049890784246,0.0,0.0,0.059871,16.6,0.0,32.0477905607372,0.059871,0.059871,0.0,0.0,0.059871,0.0,0.0,0.0,0.059871,0.0,0.059871,0.0 
 07/21  13:36:00,34.0,19.21005169484732,32.053196990294204,19.21005169484732,0.0,9679.60452536248,32.053196990294204,0.0,0.0,0.059871,16.6,0.0,32.05049890784246,0.059871,0.059871,0.0,0.0,0.059871,0.0,0.0,0.0,0.059871,0.0,0.059871,0.0 
 07/21  13:37:00,34.0,19.20695664184368,32.0558849180912,19.20695664184368,0.0,9668.075025409016,32.0558849180912,0.0,0.0,0.059871,16.6,0.0,32.053196990294204,0.059871,0.059871,0.0,0.0,0.059871,0.0,0.0,0.0,0.059871,0.0,0.059871,0.0 
 07/21  13:38:00,34.0,19.203881274238643,32.058562686228456,19.203881274238643,0.0,9656.618942584955,32.058562686228456,0.0,0.0,0.059871,16.6,0.0,32.0558849180912,0.059871,0.059871,0.0,0.0,0.059871,0.0,0.0,0.0,0.059871,0.0,0.059871,0.0 
 07/21  13:39:00,34.0,19.20082362798132,32.06123037913412,19.20082362798132,0.0,9645.229053414505,32.06123037913412,0.0,0.0,0.059871,16.6,0.0,32.058562686228456,0.059871,0.059871,0.0,0.0,0.059871,0.0,0.0,0.0,0.059871,0.0,0.059871,0.0 
 07/21  13:40:00,34.0,19.19778539052948,32.063888022863,19.19778539052948,0.0,9633.911535242718,32.063888022863,0.0,0.0,0.059871,16.6,0.0,32.06123037913412,0.059871,0.059871,0.0,0.0,0.059871,0.0,0.0,0.0,0.059871,0.0,0.059871,0.0 
 07/21  13:41:00,34.0,19.194764626030462,32.066535693230136,19.194764626030462,0.0,9622.65928479203,32.066535693230136,0.0,0.0,0.059871,16.6,0.0,32.063888022863,0.059871,0.059871,0.0,0.0,0.059871,0.0,0.0,0.0,0.059871,0.0,0.059871,0.0 
 07/21  13:42:00,34.0,19.191762998551592,32.06917339138956,19.191762998551592,0.0,9611.478392854588,32.06917339138956,0.0,0.0,0.059871,16.6,0.0,32.066535693230136,0.059871,0.059871,0.0,0.0,0.059871,0.0,0.0,0.0,0.059871,0.0,0.059871,0.0 
 07/21  13:43:00,34.0,19.188778600448135,32.07180122414437,19.188778600448135,0.0,9600.36184510453,32.07180122414437,0.0,0.0,0.059871,16.6,0.0,32.06917339138956,0.059871,0.059871,0.0,0.0,0.059871,0.0,0.0,0.0,0.059871,0.0,0.059871,0.0 
 07/21  13:44:00,34.0,19.185813073010436,32.07441918613984,19.185813073010436,0.0,9589.315663663165,32.07441918613984,0.0,0.0,0.059871,16.6,0.0,32.07180122414437,0.059871,0.059871,0.0,0.0,0.059871,0.0,0.0,0.0,0.059871,0.0,0.059871,0.0 
 07/21  13:45:00,34.0,19.18286453548122,32.07702735834158,19.18286453548122,0.0,9578.332933865528,32.07702735834158,0.0,0.0,0.059871,16.6,0.0,32.07441918613984,0.059871,0.059871,0.0,0.0,0.059871,0.0,0.0,0.0,0.059871,0.0,0.059871,0.0 
 07/21  13:46:00,34.0,19.179934606475005,32.07962576683265,19.179934606475005,0.0,9567.419593886389,32.07962576683265,0.0,0.0,0.059871,16.6,0.0,32.07702735834158,0.059871,0.059871,0.0,0.0,0.059871,0.0,0.0,0.0,0.059871,0.0,0.059871,0.0 
 07/21  13:47:00,34.0,19.177021432432785,32.0822144839452,19.177021432432785,0.0,9556.568814386992,32.0822144839452,0.0,0.0,0.059871,16.6,0.0,32.07962576683265,0.059871,0.059871,0.0,0.0,0.059871,0.0,0.0,0.0,0.059871,0.0,0.059871,0.0 
 07/21  13:48:00,34.0,19.17412661004007,32.08479351056125,19.17412661004007,0.0,9545.786467890306,32.08479351056125,0.0,0.0,0.059871,16.6,0.0,32.0822144839452,0.059871,0.059871,0.0,0.0,0.059871,0.0,0.0,0.0,0.059871,0.0,0.059871,0.0 
 07/21  13:49:00,34.0,19.171248312323794,32.087362950420584,19.171248312323794,0.0,9535.065808190651,32.087362950420584,0.0,0.0,0.059871,16.6,0.0,32.08479351056125,0.059871,0.059871,0.0,0.0,0.059871,0.0,0.0,0.0,0.059871,0.0,0.059871,0.0 
 07/21  13:50:00,34.0,19.168388113521335,32.089922797822844,19.168388113521335,0.0,9524.412655578548,32.089922797822844,0.0,0.0,0.059871,16.6,0.0,32.087362950420584,0.059871,0.059871,0.0,0.0,0.059871,0.0,0.0,0.0,0.059871,0.0,0.059871,0.0 
 07/21  13:51:00,34.0,19.165544211826948,32.09247313043191,19.165544211826948,0.0,9513.820341738214,32.09247313043191,0.0,0.0,0.059871,16.6,0.0,32.089922797822844,0.059871,0.059871,0.0,0.0,0.059871,0.0,0.0,0.0,0.059871,0.0,0.059871,0.0 
 07/21  13:52:00,34.0,19.162718160839606,32.09501397432679,19.162718160839606,0.0,9503.29459506147,32.09501397432679,0.0,0.0,0.059871,16.6,0.0,32.09247313043191,0.059871,0.059871,0.0,0.0,0.059871,0.0,0.0,0.0,0.059871,0.0,0.059871,0.0 
 07/21  13:53:00,34.0,19.159908184221926,32.09754539852321,19.159908184221926,0.0,9492.828857167347,32.09754539852321,0.0,0.0,0.059871,16.6,0.0,32.09501397432679,0.059871,0.059871,0.0,0.0,0.059871,0.0,0.0,0.0,0.059871,0.0,0.059871,0.0 
 07/21  13:54:00,34.0,19.157115815211913,32.100067403628856,19.157115815211913,0.0,9482.428765655528,32.100067403628856,0.0,0.0,0.059871,16.6,0.0,32.09754539852321,0.059871,0.059871,0.0,0.0,0.059871,0.0,0.0,0.0,0.059871,0.0,0.059871,0.0 
 07/21  13:55:00,34.0,19.154339302117883,32.10258009044737,19.154339302117883,0.0,9472.087868947801,32.10258009044737,0.0,0.0,0.059871,16.6,0.0,32.100067403628856,0.059871,0.059871,0.0,0.0,0.059871,0.0,0.0,0.0,0.059871,0.0,0.059871,0.0 
 07/21  13:56:00,34.0,19.151580156578042,32.10508345293827,19.151580156578042,0.0,9461.811739954592,32.10508345293827,0.0,0.0,0.059871,16.6,0.0,32.10258009044737,0.059871,0.059871,0.0,0.0,0.059871,0.0,0.0,0.0,0.059871,0.0,0.059871,0.0 
 07/21  13:57:00,34.0,19.148836651435257,32.107577565617255,19.148836651435257,0.0,9451.59398742106,32.107577565617255,0.0,0.0,0.059871,16.6,0.0,32.10508345293827,0.059871,0.059871,0.0,0.0,0.059871,0.0,0.0,0.0,0.059871,0.0,0.059871,0.0 
 07/21  13:58:00,34.0,19.14611027902929,32.11006245453004,19.14611027902929,0.0,9441.440112811142,32.11006245453004,0.0,0.0,0.059871,16.6,0.0,32.107577565617255,0.059871,0.059871,0.0,0.0,0.059871,0.0,0.0,0.0,0.059871,0.0,0.059871,0.0 
 07/21  13:59:00,34.0,19.143399336175836,32.112538185534696,19.143399336175836,0.0,9431.34382913337,32.112538185534696,0.0,0.0,0.059871,16.6,0.0,32.11006245453004,0.059871,0.059871,0.0,0.0,0.059871,0.0,0.0,0.0,0.059871,0.0,0.059871,0.0 
 07/21  14:00:00,34.0,19.14070529433287,32.11500475896398,19.14070529433287,0.0,9421.310575711914,32.11500475896398,0.0,0.0,0.059871,16.6,0.0,32.112538185534696,0.059871,0.059871,0.0,0.0,0.059871,0.0,0.0,0.0,0.059871,0.0,0.059871,0.0,49104000.0 
 07/21  14:01:00,34.0,19.138026473938847,32.11746227280738,19.138026473938847,0.0,9411.334122680964,32.11746227280738,0.0,0.0,0.059871,16.6,0.0,32.11500475896398,0.059871,0.059871,0.0,0.0,0.059871,0.0,0.0,0.0,0.059871,0.0,0.059871,0.0 
 07/21  14:02:00,34.0,19.135364327777253,32.119910720691784,19.135364327777253,0.0,9401.419840193445,32.119910720691784,0.0,0.0,0.059871,16.6,0.0,32.11746227280738,0.059871,0.059871,0.0,0.0,0.059871,0.0,0.0,0.0,0.059871,0.0,0.059871,0.0 
 07/21  14:03:00,34.0,19.132717199398538,32.1223501741326,19.132717199398538,0.0,9391.561599411125,32.1223501741326,0.0,0.0,0.059871,16.6,0.0,32.119910720691784,0.059871,0.059871,0.0,0.0,0.059871,0.0,0.0,0.0,0.059871,0.0,0.059871,0.0 
 07/21  14:04:00,34.0,19.130086521362827,32.12478065911764,19.130086521362827,0.0,9381.764710679105,32.12478065911764,0.0,0.0,0.059871,16.6,0.0,32.1223501741326,0.059871,0.059871,0.0,0.0,0.059871,0.0,0.0,0.0,0.059871,0.0,0.059871,0.0 
 07/21  14:05:00,34.0,19.12747066002297,32.12720223850081,19.12747066002297,0.0,9372.023099421061,32.12720223850081,0.0,0.0,0.059871,16.6,0.0,32.12478065911764,0.059871,0.059871,0.0,0.0,0.059871,0.0,0.0,0.0,0.059871,0.0,0.059871,0.0 
 07/21  14:06:00,34.0,19.124871029902668,32.12961491234271,19.124871029902668,0.0,9362.342009140239,32.12961491234271,0.0,0.0,0.059871,16.6,0.0,32.12720223850081,0.059871,0.059871,0.0,0.0,0.059871,0.0,0.0,0.0,0.059871,0.0,0.059871,0.0 
 07/21  14:07:00,34.0,19.122286019010758,32.132018775937155,19.122286019010758,0.0,9352.715475954286,32.132018775937155,0.0,0.0,0.059871,16.6,0.0,32.12961491234271,0.059871,0.059871,0.0,0.0,0.059871,0.0,0.0,0.0,0.059871,0.0,0.059871,0.0 
 07/21  14:08:00,34.0,19.119717022823227,32.13441382258838,19.119717022823227,0.0,9343.148657576849,32.13441382258838,0.0,0.0,0.059871,16.6,0.0,32.132018775937155,0.059871,0.059871,0.0,0.0,0.059871,0.0,0.0,0.0,0.059871,0.0,0.059871,0.0 
 07/21  14:09:00,34.0,19.11716245173893,32.13680012095357,19.11716245173893,0.0,9333.63565812284,32.13680012095357,0.0,0.0,0.059871,16.6,0.0,32.13441382258838,0.059871,0.059871,0.0,0.0,0.059871,0.0,0.0,0.0,0.059871,0.0,0.059871,0.0 
 07/21  14:10:00,34.0,19.114623683822362,32.13917769694129,19.114623683822362,0.0,9324.181570816869,32.13917769694129,0.0,0.0,0.059871,16.6,0.0,32.13680012095357,0.059871,0.059871,0.0,0.0,0.059871,0.0,0.0,0.0,0.059871,0.0,0.059871,0.0 
 07/21  14:11:00,34.0,19.112099150242397,32.1415466105476,19.112099150242397,0.0,9314.78060699973,32.1415466105476,0.0,0.0,0.059871,16.6,0.0,32.13917769694129,0.059871,0.059871,0.0,0.0,0.059871,0.0,0.0,0.0,0.059871,0.0,0.059871,0.0 
 07/21  14:12:00,34.0,19.109590210507626,32.14390686156473,19.109590210507626,0.0,9305.437776037383,32.14390686156473,0.0,0.0,0.059871,16.6,0.0,32.1415466105476,0.059871,0.059871,0.0,0.0,0.059871,0.0,0.0,0.0,0.059871,0.0,0.059871,0.0 
 07/21  14:13:00,34.0,19.107095317380917,32.14625854270346,19.107095317380917,0.0,9296.14735434564,32.14625854270346,0.0,0.0,0.059871,16.6,0.0,32.14390686156473,0.059871,0.059871,0.0,0.0,0.059871,0.0,0.0,0.0,0.059871,0.0,0.059871,0.0 
 07/21  14:14:00,34.0,19.104615812882987,32.14860164695574,19.104615812882987,0.0,9286.914301539713,32.14860164695574,0.0,0.0,0.059871,16.6,0.0,32.14625854270346,0.059871,0.059871,0.0,0.0,0.059871,0.0,0.0,0.0,0.059871,0.0,0.059871,0.0 
 07/21  14:15:00,34.0,19.10215017036773,32.150936240255724,19.10215017036773,0.0,9277.732970428033,32.150936240255724,0.0,0.0,0.059871,16.6,0.0,32.14860164695574,0.059871,0.059871,0.0,0.0,0.059871,0.0,0.0,0.0,0.059871,0.0,0.059871,0.0 
 07/21  14:16:00,34.0,19.099699714245936,32.153262348413655,19.099699714245936,0.0,9268.608255349518,32.153262348413655,0.0,0.0,0.059871,16.6,0.0,32.150936240255724,0.059871,0.059871,0.0,0.0,0.059871,0.0,0.0,0.0,0.059871,0.0,0.059871,0.0 
 07/21  14:17:00,34.0,19.097262938772193,32.15558002870729,19.097262938772193,0.0,9259.534571714212,32.15558002870729,0.0,0.0,0.059871,16.6,0.0,32.153262348413655,0.059871,0.059871,0.0,0.0,0.059871,0.0,0.0,0.0,0.059871,0.0,0.059871,0.0 
 07/21  14:18:00,34.0,19.09484115130308,32.157889280665565,19.09484115130308,0.0,9250.516765616307,32.157889280665565,0.0,0.0,0.059871,16.6,0.0,32.15558002870729,0.059871,0.059871,0.0,0.0,0.059871,0.0,0.0,0.0,0.059871,0.0,0.059871,0.0 
 07/21  14:19:00,34.0,19.092432865236297,32.1601901945239,19.092432865236297,0.0,9241.54933842292,32.1601901945239,0.0,0.0,0.059871,16.6,0.0,32.157889280665565,0.059871,0.059871,0.0,0.0,0.059871,0.0,0.0,0.0,0.059871,0.0,0.059871,0.0 
 07/21  14:20:00,34.0,19.090039372001492,32.16248276297323,19.090039372001492,0.0,9232.637032447155,32.16248276297323,0.0,0.0,0.059871,16.6,0.0,32.1601901945239,0.059871,0.059871,0.0,0.0,0.059871,0.0,0.0,0.0,0.059871,0.0,0.059871,0.0 
 07/21  14:21:00,34.0,19.087659204393375,32.16476704935329,19.087659204393375,0.0,9223.774465728035,32.16476704935329,0.0,0.0,0.059871,16.6,0.0,32.16248276297323,0.059871,0.059871,0.0,0.0,0.059871,0.0,0.0,0.0,0.059871,0.0,0.059871,0.0 
 07/21  14:22:00,34.0,19.085293636873423,32.16704307935898,19.085293636873423,0.0,9214.96630284426,32.16704307935898,0.0,0.0,0.059871,16.6,0.0,32.16476704935329,0.059871,0.059871,0.0,0.0,0.059871,0.0,0.0,0.0,0.059871,0.0,0.059871,0.0 
 07/21  14:23:00,34.0,19.082941222768923,32.16931090768213,19.082941222768923,0.0,9206.207208226324,32.16931090768213,0.0,0.0,0.059871,16.6,0.0,32.16704307935898,0.059871,0.059871,0.0,0.0,0.059871,0.0,0.0,0.0,0.059871,0.0,0.059871,0.0 
 07/21  14:24:00,34.0,19.080603219179714,32.17157053359384,19.080603219179714,0.0,9197.50184158533,32.17157053359384,0.0,0.0,0.059871,16.6,0.0,32.16931090768213,0.059871,0.059871,0.0,0.0,0.059871,0.0,0.0,0.0,0.059871,0.0,0.059871,0.0 
 07/21  14:25:00,34.0,19.078278198478127,32.173822044956324,19.078278198478127,0.0,9188.844893451387,32.173822044956324,0.0,0.0,0.059871,16.6,0.0,32.17157053359384,0.059871,0.059871,0.0,0.0,0.059871,0.0,0.0,0.0,0.059871,0.0,0.059871,0.0 
 07/21  14:26:00,34.0,19.075967402452264,32.17606543417098,19.075967402452264,0.0,9180.240966798432,32.17606543417098,0.0,0.0,0.059871,16.6,0.0,32.173822044956324,0.059871,0.059871,0.0,0.0,0.059871,0.0,0.0,0.0,0.059871,0.0,0.059871,0.0 
 07/21  14:27:00,34.0,19.073669421697932,32.17830076210556,19.073669421697932,0.0,9171.684849421057,32.17830076210556,0.0,0.0,0.059871,16.6,0.0,32.17606543417098,0.059871,0.059871,0.0,0.0,0.059871,0.0,0.0,0.0,0.059871,0.0,0.059871,0.0 
 07/21  14:28:00,34.0,19.071385482402118,32.18052805432491,19.071385482402118,0.0,9163.18105686803,32.18052805432491,0.0,0.0,0.059871,16.6,0.0,32.17830076210556,0.059871,0.059871,0.0,0.0,0.059871,0.0,0.0,0.0,0.059871,0.0,0.059871,0.0 
 07/21  14:29:00,34.0,19.06911419299764,32.18274736306162,19.06911419299764,0.0,9154.724472637685,32.18274736306162,0.0,0.0,0.059871,16.6,0.0,32.18052805432491,0.059871,0.059871,0.0,0.0,0.059871,0.0,0.0,0.0,0.059871,0.0,0.059871,0.0 
 07/21  14:30:00,34.0,19.06685676446826,32.18495868733631,19.06685676446826,0.0,9146.319526454503,32.18495868733631,0.0,0.0,0.059871,16.6,0.0,32.18274736306162,0.059871,0.059871,0.0,0.0,0.059871,0.0,0.0,0.0,0.059871,0.0,0.059871,0.0 
 07/21  14:31:00,34.0,19.06461182422006,32.18716211273656,19.06461182422006,0.0,9137.96117217964,32.18716211273656,0.0,0.0,0.059871,16.6,0.0,32.18495868733631,0.059871,0.059871,0.0,0.0,0.059871,0.0,0.0,0.0,0.059871,0.0,0.059871,0.0 
 07/21  14:32:00,34.0,19.062380567288688,32.18935763138757,19.062380567288688,0.0,9129.653809961768,32.18935763138757,0.0,0.0,0.059871,16.6,0.0,32.18716211273656,0.059871,0.059871,0.0,0.0,0.059871,0.0,0.0,0.0,0.059871,0.0,0.059871,0.0 
 07/21  14:33:00,34.0,19.060161639054915,32.191545301802996,19.060161639054915,0.0,9121.392430861684,32.191545301802996,0.0,0.0,0.059871,16.6,0.0,32.18935763138757,0.059871,0.059871,0.0,0.0,0.059871,0.0,0.0,0.0,0.059871,0.0,0.059871,0.0 
 07/21  14:34:00,34.0,19.057956218800488,32.193725149405836,19.057956218800488,0.0,9113.181406049962,32.193725149405836,0.0,0.0,0.059871,16.6,0.0,32.191545301802996,0.059871,0.059871,0.0,0.0,0.059871,0.0,0.0,0.0,0.059871,0.0,0.059871,0.0 
 07/21  14:35:00,34.0,19.055762969831115,32.1958972240908,19.055762969831115,0.0,9105.01576372288,32.1958972240908,0.0,0.0,0.059871,16.6,0.0,32.193725149405836,0.059871,0.059871,0.0,0.0,0.059871,0.0,0.0,0.0,0.059871,0.0,0.059871,0.0 
 07/21  14:36:00,34.0,19.053583057380816,32.19806152463658,19.053583057380816,0.0,9096.899823000807,32.19806152463658,0.0,0.0,0.059871,16.6,0.0,32.1958972240908,0.059871,0.059871,0.0,0.0,0.059871,0.0,0.0,0.0,0.059871,0.0,0.059871,0.0 
 07/21  14:37:00,34.0,19.05141516143779,32.200218134450054,19.05141516143779,0.0,9088.828703312302,32.200218134450054,0.0,0.0,0.059871,16.6,0.0,32.19806152463658,0.059871,0.059871,0.0,0.0,0.059871,0.0,0.0,0.0,0.059871,0.0,0.059871,0.0 
 07/21  14:38:00,34.0,19.049260432076487,32.202367045393856,19.049260432076487,0.0,9080.806652906827,32.202367045393856,0.0,0.0,0.059871,16.6,0.0,32.200218134450054,0.059871,0.059871,0.0,0.0,0.059871,0.0,0.0,0.0,0.059871,0.0,0.059871,0.0 
 07/21  14:39:00,34.0,19.04711756617367,32.20450831373923,19.04711756617367,0.0,9072.828853855593,32.20450831373923,0.0,0.0,0.059871,16.6,0.0,32.202367045393856,0.059871,0.059871,0.0,0.0,0.059871,0.0,0.0,0.0,0.059871,0.0,0.059871,0.0 
 07/21  14:40:00,34.0,19.044987700088946,32.20664196475682,19.044987700088946,0.0,9064.899488997507,32.20664196475682,0.0,0.0,0.059871,16.6,0.0,32.20450831373923,0.059871,0.059871,0.0,0.0,0.059871,0.0,0.0,0.0,0.059871,0.0,0.059871,0.0 
 07/21  14:41:00,34.0,19.04286954765341,32.20876804611837,19.04286954765341,0.0,9057.01381789806,32.20876804611837,0.0,0.0,0.059871,16.6,0.0,32.20664196475682,0.059871,0.059871,0.0,0.0,0.059871,0.0,0.0,0.0,0.059871,0.0,0.059871,0.0 
 07/21  14:42:00,34.0,19.040764231446147,32.210886556369246,19.040764231446147,0.0,9049.175957799656,32.210886556369246,0.0,0.0,0.059871,16.6,0.0,32.20876804611837,0.059871,0.059871,0.0,0.0,0.059871,0.0,0.0,0.0,0.059871,0.0,0.059871,0.0 
 07/21  14:43:00,34.0,19.038670481000356,32.21299757682466,19.038670481000356,0.0,9041.381255596993,32.21299757682466,0.0,0.0,0.059871,16.6,0.0,32.210886556369246,0.059871,0.059871,0.0,0.0,0.059871,0.0,0.0,0.0,0.059871,0.0,0.059871,0.0 
 07/21  14:44:00,34.0,19.036589404384976,32.2151010990982,19.036589404384976,0.0,9033.633760245106,32.2151010990982,0.0,0.0,0.059871,16.6,0.0,32.21299757682466,0.059871,0.059871,0.0,0.0,0.059871,0.0,0.0,0.0,0.059871,0.0,0.059871,0.0 
 07/21  14:45:00,34.0,19.034519747921056,32.21719717732467,19.034519747921056,0.0,9025.928866308814,32.21719717732467,0.0,0.0,0.059871,16.6,0.0,32.2151010990982,0.059871,0.059871,0.0,0.0,0.059871,0.0,0.0,0.0,0.059871,0.0,0.059871,0.0 
 07/21  14:46:00,34.0,19.032462605481317,32.21928583661297,19.032462605481317,0.0,9018.270599246185,32.21928583661297,0.0,0.0,0.059871,16.6,0.0,32.21719717732467,0.059871,0.059871,0.0,0.0,0.059871,0.0,0.0,0.0,0.059871,0.0,0.059871,0.0 
 07/21  14:47:00,34.0,19.03041673974928,32.22136712252076,19.03041673974928,0.0,9010.654385247512,32.22136712252076,0.0,0.0,0.059871,16.6,0.0,32.21928583661297,0.059871,0.059871,0.0,0.0,0.059871,0.0,0.0,0.0,0.059871,0.0,0.059871,0.0 
 07/21  14:48:00,34.0,19.028383231146094,32.22344103336871,19.028383231146094,0.0,9003.084214454611,32.22344103336871,0.0,0.0,0.059871,16.6,0.0,32.22136712252076,0.059871,0.059871,0.0,0.0,0.059871,0.0,0.0,0.0,0.059871,0.0,0.059871,0.0 
 07/21  14:49:00,34.0,19.02636085859048,32.22550764846428,19.02636085859048,0.0,8995.555558816992,32.22550764846428,0.0,0.0,0.059871,16.6,0.0,32.22344103336871,0.059871,0.059871,0.0,0.0,0.059871,0.0,0.0,0.0,0.059871,0.0,0.059871,0.0 
 07/21  14:50:00,34.0,19.02435068842182,32.22756695918484,19.02435068842182,0.0,8988.072385207843,32.22756695918484,0.0,0.0,0.059871,16.6,0.0,32.22550764846428,0.059871,0.059871,0.0,0.0,0.059871,0.0,0.0,0.0,0.059871,0.0,0.059871,0.0 
 07/21  14:51:00,34.0,19.022351514584116,32.2296190176284,19.022351514584116,0.0,8980.630206862501,32.2296190176284,0.0,0.0,0.059871,16.6,0.0,32.22756695918484,0.059871,0.059871,0.0,0.0,0.059871,0.0,0.0,0.0,0.059871,0.0,0.059871,0.0 
 07/21  14:52:00,34.0,19.020364390790423,32.23166384873284,19.020364390790423,0.0,8973.232929393376,32.23166384873284,0.0,0.0,0.059871,16.6,0.0,32.2296190176284,0.059871,0.059871,0.0,0.0,0.059871,0.0,0.0,0.0,0.059871,0.0,0.059871,0.0 
 07/21  14:53:00,34.0,19.01838812645811,32.23370149604414,19.01838812645811,0.0,8965.87613791602,32.23370149604414,0.0,0.0,0.059871,16.6,0.0,32.23166384873284,0.059871,0.059871,0.0,0.0,0.059871,0.0,0.0,0.0,0.059871,0.0,0.059871,0.0 
 07/21  14:54:00,34.0,19.01642376215672,32.23573195766627,19.01642376215672,0.0,8958.563689304929,32.23573195766627,0.0,0.0,0.059871,16.6,0.0,32.23370149604414,0.059871,0.059871,0.0,0.0,0.059871,0.0,0.0,0.0,0.059871,0.0,0.059871,0.0 
 07/21  14:55:00,34.0,19.01447012210504,32.23775531097812,19.01447012210504,0.0,8951.291223595977,32.23775531097812,0.0,0.0,0.059871,16.6,0.0,32.23573195766627,0.059871,0.059871,0.0,0.0,0.059871,0.0,0.0,0.0,0.059871,0.0,0.059871,0.0 
 07/21  14:56:00,34.0,19.012528233917987,32.239771547133586,19.012528233917987,0.0,8944.06254962677,32.239771547133586,0.0,0.0,0.059871,16.6,0.0,32.23775531097812,0.059871,0.059871,0.0,0.0,0.059871,0.0,0.0,0.0,0.059871,0.0,0.059871,0.0 
 07/21  14:57:00,34.0,19.010596937178672,32.24178071628859,19.010596937178672,0.0,8936.873350092255,32.24178071628859,0.0,0.0,0.059871,16.6,0.0,32.239771547133586,0.059871,0.059871,0.0,0.0,0.059871,0.0,0.0,0.0,0.059871,0.0,0.059871,0.0 
 07/21  14:58:00,34.0,19.008677246971843,32.24378284320243,19.008677246971843,0.0,8929.727401740147,32.24378284320243,0.0,0.0,0.059871,16.6,0.0,32.24178071628859,0.059871,0.059871,0.0,0.0,0.059871,0.0,0.0,0.0,0.059871,0.0,0.059871,0.0 
 07/21  14:59:00,34.0,19.00676801658983,32.245777969507095,19.00676801658983,0.0,8922.620452480214,32.245777969507095,0.0,0.0,0.059871,16.6,0.0,32.24378284320243,0.059871,0.059871,0.0,0.0,0.059871,0.0,0.0,0.0,0.059871,0.0,0.059871,0.0 
 07/21  15:00:00,34.0,19.004870248922362,32.24776609309883,19.004870248922362,0.0,8915.556205159886,32.24776609309883,0.0,0.0,0.059871,16.6,0.0,32.245777969507095,0.059871,0.059871,0.0,0.0,0.059871,0.0,0.0,0.0,0.059871,0.0,0.059871,0.0,49104000.0 
 07/21  15:01:00,34.0,19.002982811818892,32.249747289503574,19.002982811818892,0.0,8908.530476033015,32.249747289503574,0.0,0.0,0.059871,16.6,0.0,32.24776609309883,0.059871,0.059871,0.0,0.0,0.059871,0.0,0.0,0.0,0.059871,0.0,0.059871,0.0 
 07/21  15:02:00,34.0,19.001106695869318,32.25172154966468,19.001106695869318,0.0,8901.546922364796,32.25172154966468,0.0,0.0,0.059871,16.6,0.0,32.249747289503574,0.059871,0.059871,0.0,0.0,0.059871,0.0,0.0,0.0,0.059871,0.0,0.059871,0.0 
 07/21  15:03:00,34.0,18.99924078294467,32.25368892188598,18.99924078294467,0.0,8894.601412406933,32.25368892188598,0.0,0.0,0.059871,16.6,0.0,32.25172154966468,0.059871,0.059871,0.0,0.0,0.059871,0.0,0.0,0.0,0.059871,0.0,0.059871,0.0 
 07/21  15:04:00,34.0,18.997386052061287,32.25564943074139,18.997386052061287,0.0,8887.697546278105,32.25564943074139,0.0,0.0,0.059871,16.6,0.0,32.25368892188598,0.059871,0.059871,0.0,0.0,0.059871,0.0,0.0,0.0,0.059871,0.0,0.059871,0.0 
 07/21  15:05:00,34.0,18.995541398465846,32.25760311604121,18.995541398465846,0.0,8880.831270359095,32.25760311604121,0.0,0.0,0.059871,16.6,0.0,32.25564943074139,0.059871,0.059871,0.0,0.0,0.059871,0.0,0.0,0.0,0.059871,0.0,0.059871,0.0 
 07/21  15:06:00,34.0,18.99370778950654,32.259549975482344,18.99370778950654,0.0,8874.006113051782,32.259549975482344,0.0,0.0,0.059871,16.6,0.0,32.25760311604121,0.059871,0.059871,0.0,0.0,0.059871,0.0,0.0,0.0,0.059871,0.0,0.059871,0.0 
 07/21  15:07:00,34.0,18.991884134243747,32.26149008280876,18.991884134243747,0.0,8867.218086169272,32.26149008280876,0.0,0.0,0.059871,16.6,0.0,32.259549975482344,0.059871,0.059871,0.0,0.0,0.059871,0.0,0.0,0.0,0.059871,0.0,0.059871,0.0 
 07/21  15:08:00,34.0,18.99007138814093,32.26342342876551,18.99007138814093,0.0,8860.470674145032,32.26342342876551,0.0,0.0,0.059871,16.6,0.0,32.26149008280876,0.059871,0.059871,0.0,0.0,0.059871,0.0,0.0,0.0,0.059871,0.0,0.059871,0.0 
 07/21  15:09:00,34.0,18.988268473620728,32.26535005988915,18.988268473620728,0.0,8853.759938268704,32.26535005988915,0.0,0.0,0.059871,16.6,0.0,32.26342342876551,0.059871,0.059871,0.0,0.0,0.059871,0.0,0.0,0.0,0.059871,0.0,0.059871,0.0 
 07/21  15:10:00,34.0,18.9864763344501,32.26727000056209,18.9864763344501,0.0,8847.089319702482,32.26727000056209,0.0,0.0,0.059871,16.6,0.0,32.26535005988915,0.059871,0.059871,0.0,0.0,0.059871,0.0,0.0,0.0,0.059871,0.0,0.059871,0.0 
 07/21  15:11:00,34.0,18.98469390695519,32.269183288860724,18.98469390695519,0.0,8840.4549170478,32.269183288860724,0.0,0.0,0.059871,16.6,0.0,32.26727000056209,0.059871,0.059871,0.0,0.0,0.059871,0.0,0.0,0.0,0.059871,0.0,0.059871,0.0 
 07/21  15:12:00,34.0,18.982922122955113,32.27108992229188,18.982922122955113,0.0,8833.860155617685,32.27108992229188,0.0,0.0,0.059871,16.6,0.0,32.269183288860724,0.059871,0.059871,0.0,0.0,0.059871,0.0,0.0,0.0,0.059871,0.0,0.059871,0.0 
 07/21  15:13:00,34.0,18.9811599321781,32.27298997288605,18.9811599321781,0.0,8827.301155331083,32.27298997288605,0.0,0.0,0.059871,16.6,0.0,32.27108992229188,0.059871,0.059871,0.0,0.0,0.059871,0.0,0.0,0.0,0.059871,0.0,0.059871,0.0 
 07/21  15:14:00,34.0,18.979408255257322,32.274883431203435,18.979408255257322,0.0,8820.78131424435,32.274883431203435,0.0,0.0,0.059871,16.6,0.0,32.27298997288605,0.059871,0.059871,0.0,0.0,0.059871,0.0,0.0,0.0,0.059871,0.0,0.059871,0.0 
 07/21  15:15:00,34.0,18.977666054736016,32.27677034209506,18.977666054736016,0.0,8814.296799795356,32.27677034209506,0.0,0.0,0.059871,16.6,0.0,32.274883431203435,0.059871,0.059871,0.0,0.0,0.059871,0.0,0.0,0.0,0.059871,0.0,0.059871,0.0 
 07/21  15:16:00,34.0,18.975934239356476,32.27865072974762,18.975934239356476,0.0,8807.850980087433,32.27865072974762,0.0,0.0,0.059871,16.6,0.0,32.27677034209506,0.059871,0.059871,0.0,0.0,0.059871,0.0,0.0,0.0,0.059871,0.0,0.059871,0.0 
 07/21  15:17:00,34.0,18.974211784823893,32.280524630587436,18.974211784823893,0.0,8801.440043127128,32.280524630587436,0.0,0.0,0.059871,16.6,0.0,32.27865072974762,0.059871,0.059871,0.0,0.0,0.059871,0.0,0.0,0.0,0.059871,0.0,0.059871,0.0 
 07/21  15:18:00,34.0,18.97249958983819,32.28239204194054,18.97249958983819,0.0,8795.067319817263,32.28239204194054,0.0,0.0,0.059871,16.6,0.0,32.280524630587436,0.059871,0.059871,0.0,0.0,0.059871,0.0,0.0,0.0,0.059871,0.0,0.059871,0.0 
 07/21  15:19:00,34.0,18.970796642796145,32.28425303418837,18.970796642796145,0.0,8788.729059382595,32.28425303418837,0.0,0.0,0.059871,16.6,0.0,32.28239204194054,0.059871,0.059871,0.0,0.0,0.059871,0.0,0.0,0.0,0.059871,0.0,0.059871,0.0 
 07/21  15:20:00,34.0,18.969103830620938,32.286107597718555,18.969103830620938,0.0,8782.428563126778,32.286107597718555,0.0,0.0,0.059871,16.6,0.0,32.28425303418837,0.059871,0.059871,0.0,0.0,0.059871,0.0,0.0,0.0,0.059871,0.0,0.059871,0.0 
 07/21  15:21:00,34.0,18.967420153637402,32.28795577577316,18.967420153637402,0.0,8776.162110437263,32.28795577577316,0.0,0.0,0.059871,16.6,0.0,32.286107597718555,0.059871,0.059871,0.0,0.0,0.059871,0.0,0.0,0.0,0.059871,0.0,0.059871,0.0 
 07/21  15:22:00,34.0,18.965746489375434,32.28979759233872,18.965746489375434,0.0,8769.93293968002,32.28979759233872,0.0,0.0,0.059871,16.6,0.0,32.28795577577316,0.059871,0.059871,0.0,0.0,0.059871,0.0,0.0,0.0,0.059871,0.0,0.059871,0.0 
 07/21  15:23:00,34.0,18.96408185018191,32.291633082270614,18.96408185018191,0.0,8763.737417027602,32.291633082270614,0.0,0.0,0.059871,16.6,0.0,32.28979759233872,0.059871,0.059871,0.0,0.0,0.059871,0.0,0.0,0.0,0.059871,0.0,0.059871,0.0 
 07/21  15:24:00,34.0,18.962427102022264,32.29346224272342,18.962427102022264,0.0,8757.578737957643,32.29346224272342,0.0,0.0,0.059871,16.6,0.0,32.291633082270614,0.059871,0.059871,0.0,0.0,0.059871,0.0,0.0,0.0,0.059871,0.0,0.059871,0.0 
 07/21  15:25:00,34.0,18.960781270174447,32.29528514249141,18.960781270174447,0.0,8751.453274503001,32.29528514249141,0.0,0.0,0.059871,16.6,0.0,32.29346224272342,0.059871,0.059871,0.0,0.0,0.059871,0.0,0.0,0.0,0.059871,0.0,0.059871,0.0 
 07/21  15:26:00,34.0,18.959145210043612,32.297101771803135,18.959145210043612,0.0,8745.364225072131,32.297101771803135,0.0,0.0,0.059871,16.6,0.0,32.29528514249141,0.059871,0.059871,0.0,0.0,0.059871,0.0,0.0,0.0,0.059871,0.0,0.059871,0.0 
 07/21  15:27:00,34.0,18.9575179585027,32.29891217236593,18.9575179585027,0.0,8739.307990712954,32.29891217236593,0.0,0.0,0.059871,16.6,0.0,32.297101771803135,0.059871,0.059871,0.0,0.0,0.059871,0.0,0.0,0.0,0.059871,0.0,0.059871,0.0 
 07/21  15:28:00,34.0,18.955900361234658,32.30071636796411,18.955900361234658,0.0,8733.287719766136,32.30071636796411,0.0,0.0,0.059871,16.6,0.0,32.29891217236593,0.059871,0.059871,0.0,0.0,0.059871,0.0,0.0,0.0,0.059871,0.0,0.059871,0.0 
 07/21  15:29:00,34.0,18.954291466346156,32.302514391958404,18.954291466346156,0.0,8727.299882961575,32.302514391958404,0.0,0.0,0.059871,16.6,0.0,32.30071636796411,0.059871,0.059871,0.0,0.0,0.059871,0.0,0.0,0.0,0.059871,0.0,0.059871,0.0 
 07/21  15:30:00,34.0,18.95269210974165,32.30430624134201,18.95269210974165,0.0,8721.347564420012,32.30430624134201,0.0,0.0,0.059871,16.6,0.0,32.302514391958404,0.059871,0.059871,0.0,0.0,0.059871,0.0,0.0,0.0,0.059871,0.0,0.059871,0.0 
 07/21  15:31:00,34.0,18.951101351187578,32.30609198338057,18.951101351187578,0.0,8715.427292100117,32.30609198338057,0.0,0.0,0.059871,16.6,0.0,32.30430624134201,0.059871,0.059871,0.0,0.0,0.059871,0.0,0.0,0.0,0.059871,0.0,0.059871,0.0 
 07/21  15:32:00,34.0,18.94952001651282,32.30787160815567,18.94952001651282,0.0,8709.54211278788,32.30787160815567,0.0,0.0,0.059871,16.6,0.0,32.30609198338057,0.059871,0.059871,0.0,0.0,0.059871,0.0,0.0,0.0,0.059871,0.0,0.059871,0.0 
 07/21  15:33:00,34.0,18.94794717730895,32.30964515590855,18.94794717730895,0.0,8703.688584361316,32.30964515590855,0.0,0.0,0.059871,16.6,0.0,32.30787160815567,0.059871,0.059871,0.0,0.0,0.059871,0.0,0.0,0.0,0.059871,0.0,0.059871,0.0 
 07/21  15:34:00,34.0,18.946383648974745,32.311412650217314,18.946383648974745,0.0,8697.869742814415,32.311412650217314,0.0,0.0,0.059871,16.6,0.0,32.30964515590855,0.059871,0.059871,0.0,0.0,0.059871,0.0,0.0,0.0,0.059871,0.0,0.059871,0.0 
 07/21  15:35:00,34.0,18.94482851334109,32.313174123018044,18.94482851334109,0.0,8692.082183978046,32.313174123018044,0.0,0.0,0.059871,16.6,0.0,32.311412650217314,0.059871,0.059871,0.0,0.0,0.059871,0.0,0.0,0.0,0.059871,0.0,0.059871,0.0 
 07/21  15:36:00,34.0,18.94328257719149,32.314929571150095,18.94328257719149,0.0,8686.328870176407,32.314929571150095,0.0,0.0,0.059871,16.6,0.0,32.313174123018044,0.059871,0.059871,0.0,0.0,0.059871,0.0,0.0,0.0,0.059871,0.0,0.059871,0.0 
 07/21  15:37:00,34.0,18.941744933989124,32.316679060404205,18.941744933989124,0.0,8680.6064682131,32.316679060404205,0.0,0.0,0.059871,16.6,0.0,32.314929571150095,0.059871,0.059871,0.0,0.0,0.059871,0.0,0.0,0.0,0.059871,0.0,0.059871,0.0 
 07/21  15:38:00,34.0,18.940216380230915,32.31842258072587,18.940216380230915,0.0,8674.91791618742,32.31842258072587,0.0,0.0,0.059871,16.6,0.0,32.316679060404205,0.059871,0.059871,0.0,0.0,0.059871,0.0,0.0,0.0,0.059871,0.0,0.059871,0.0 
 07/21  15:39:00,34.0,18.938696020467553,32.320160170955035,18.938696020467553,0.0,8669.259894235947,32.320160170955035,0.0,0.0,0.059871,16.6,0.0,32.31842258072587,0.059871,0.059871,0.0,0.0,0.059871,0.0,0.0,0.0,0.059871,0.0,0.059871,0.0 
 07/21  15:40:00,34.0,18.937184641862423,32.32189185446082,18.937184641862423,0.0,8663.635319755758,32.32189185446082,0.0,0.0,0.059871,16.6,0.0,32.320160170955035,0.059871,0.059871,0.0,0.0,0.059871,0.0,0.0,0.0,0.059871,0.0,0.059871,0.0 
 07/21  15:41:00,34.0,18.935681359658002,32.32361766182196,18.935681359658002,0.0,8658.040912542647,32.32361766182196,0.0,0.0,0.059871,16.6,0.0,32.32189185446082,0.059871,0.059871,0.0,0.0,0.059871,0.0,0.0,0.0,0.059871,0.0,0.059871,0.0 
 07/21  15:42:00,34.0,18.934186951578052,32.32533758973295,18.934186951578052,0.0,8652.479554996404,32.32533758973295,0.0,0.0,0.059871,16.6,0.0,32.32361766182196,0.059871,0.059871,0.0,0.0,0.059871,0.0,0.0,0.0,0.059871,0.0,0.059871,0.0 
 07/21  15:43:00,34.0,18.93270054339584,32.327051702562045,18.93270054339584,0.0,8646.948005974442,32.327051702562045,0.0,0.0,0.059871,16.6,0.0,32.32533758973295,0.059871,0.059871,0.0,0.0,0.059871,0.0,0.0,0.0,0.059871,0.0,0.059871,0.0 
 07/21  15:44:00,34.0,18.93122290420682,32.32875999013043,18.93122290420682,0.0,8641.449102076516,32.32875999013043,0.0,0.0,0.059871,16.6,0.0,32.327051702562045,0.059871,0.059871,0.0,0.0,0.059871,0.0,0.0,0.0,0.059871,0.0,0.059871,0.0 
 07/21  15:45:00,34.0,18.92975317035365,32.33046248993902,18.92975317035365,0.0,8635.97965519437,32.33046248993902,0.0,0.0,0.059871,16.6,0.0,32.32875999013043,0.059871,0.059871,0.0,0.0,0.059871,0.0,0.0,0.0,0.059871,0.0,0.059871,0.0 
 07/21  15:46:00,34.0,18.928292101027985,32.33215922514581,18.928292101027985,0.0,8630.542479021064,32.33215922514581,0.0,0.0,0.059871,16.6,0.0,32.33046248993902,0.059871,0.059871,0.0,0.0,0.059871,0.0,0.0,0.0,0.059871,0.0,0.059871,0.0 
 07/21  15:47:00,34.0,18.9268388425469,32.333850225035846,18.9268388425469,0.0,8625.134408615653,32.333850225035846,0.0,0.0,0.059871,16.6,0.0,32.33215922514581,0.059871,0.059871,0.0,0.0,0.059871,0.0,0.0,0.0,0.059871,0.0,0.059871,0.0 
 07/21  15:48:00,34.0,18.925394145843345,32.33553548616684,18.925394145843345,0.0,8619.75821328106,32.33553548616684,0.0,0.0,0.059871,16.6,0.0,32.333850225035846,0.059871,0.059871,0.0,0.0,0.059871,0.0,0.0,0.0,0.059871,0.0,0.059871,0.0 
 07/21  15:49:00,34.0,18.923957167143747,32.33721507153338,18.923957167143747,0.0,8614.410792384824,32.33721507153338,0.0,0.0,0.059871,16.6,0.0,32.33553548616684,0.059871,0.059871,0.0,0.0,0.059871,0.0,0.0,0.0,0.059871,0.0,0.059871,0.0 
 07/21  15:50:00,34.0,18.922528648947676,32.33888897084288,18.922528648947676,0.0,8609.094856449929,32.33888897084288,0.0,0.0,0.059871,16.6,0.0,32.33721507153338,0.059871,0.059871,0.0,0.0,0.059871,0.0,0.0,0.0,0.059871,0.0,0.059871,0.0 
 07/21  15:51:00,34.0,18.921107758268537,32.340557220315574,18.921107758268537,0.0,8603.807344842411,32.340557220315574,0.0,0.0,0.059871,16.6,0.0,32.33888897084288,0.059871,0.059871,0.0,0.0,0.059871,0.0,0.0,0.0,0.059871,0.0,0.059871,0.0 
 07/21  15:52:00,34.0,18.919695228272538,32.34221984289609,18.919695228272538,0.0,8598.55096103562,32.34221984289609,0.0,0.0,0.059871,16.6,0.0,32.340557220315574,0.059871,0.059871,0.0,0.0,0.059871,0.0,0.0,0.0,0.059871,0.0,0.059871,0.0 
 07/21  15:53:00,34.0,18.91829023538923,32.34387686663613,18.91829023538923,0.0,8593.32266553121,32.34387686663613,0.0,0.0,0.059871,16.6,0.0,32.34221984289609,0.059871,0.059871,0.0,0.0,0.059871,0.0,0.0,0.0,0.059871,0.0,0.059871,0.0 
 07/21  15:54:00,34.0,18.91689350405753,32.345528287964804,18.91689350405753,0.0,8588.125129466494,32.345528287964804,0.0,0.0,0.059871,16.6,0.0,32.34387686663613,0.059871,0.059871,0.0,0.0,0.059871,0.0,0.0,0.0,0.059871,0.0,0.059871,0.0 
 07/21  15:55:00,34.0,18.915504221164444,32.34717416854987,18.915504221164444,0.0,8582.955338404636,32.34717416854987,0.0,0.0,0.059871,16.6,0.0,32.345528287964804,0.059871,0.059871,0.0,0.0,0.059871,0.0,0.0,0.0,0.059871,0.0,0.059871,0.0 
 07/21  15:56:00,34.0,18.91412310285066,32.34881449799584,18.91412310285066,0.0,8577.815946460938,32.34881449799584,0.0,0.0,0.059871,16.6,0.0,32.34717416854987,0.059871,0.059871,0.0,0.0,0.059871,0.0,0.0,0.0,0.059871,0.0,0.059871,0.0 
 07/21  15:57:00,34.0,18.91274934487838,32.350449311298135,18.91274934487838,0.0,8572.703985804465,32.350449311298135,0.0,0.0,0.059871,16.6,0.0,32.34881449799584,0.059871,0.059871,0.0,0.0,0.059871,0.0,0.0,0.0,0.059871,0.0,0.059871,0.0 
 07/21  15:58:00,34.0,18.91138365465927,32.352078631186615,18.91138365465927,0.0,8567.622064484567,32.352078631186615,0.0,0.0,0.059871,16.6,0.0,32.350449311298135,0.059871,0.059871,0.0,0.0,0.059871,0.0,0.0,0.0,0.059871,0.0,0.059871,0.0 
 07/21  15:59:00,34.0,18.91002523816522,32.35370248453687,18.91002523816522,0.0,8562.567238849333,32.35370248453687,0.0,0.0,0.059871,16.6,0.0,32.352078631186615,0.059871,0.059871,0.0,0.0,0.059871,0.0,0.0,0.0,0.059871,0.0,0.059871,0.0 
 07/21  16:00:00,34.0,18.908674795431068,32.35532086765724,18.908674795431068,0.0,8557.542089645412,32.35532086765724,0.0,0.0,0.059871,16.6,0.0,32.35370248453687,0.059871,0.059871,0.0,0.0,0.059871,0.0,0.0,0.0,0.059871,0.0,0.059871,0.0,49104000.0 
 07/21  16:01:00,34.0,18.90733154124501,32.356933840932605,18.90733154124501,0.0,8552.543733248049,32.356933840932605,0.0,0.0,0.059871,16.6,0.0,32.35532086765724,0.059871,0.059871,0.0,0.0,0.059871,0.0,0.0,0.0,0.059871,0.0,0.059871,0.0 
 07/21  16:02:00,34.0,18.905996166343115,32.35854139387435,18.905996166343115,0.0,8547.57471592247,32.35854139387435,0.0,0.0,0.059871,16.6,0.0,32.356933840932605,0.059871,0.059871,0.0,0.0,0.059871,0.0,0.0,0.0,0.059871,0.0,0.059871,0.0 
 07/21  16:03:00,34.0,18.904667895714915,32.36014356030525,18.904667895714915,0.0,8542.632150917525,32.36014356030525,0.0,0.0,0.059871,16.6,0.0,32.35854139387435,0.059871,0.059871,0.0,0.0,0.059871,0.0,0.0,0.0,0.059871,0.0,0.059871,0.0 
 07/21  16:04:00,34.0,18.903347411936867,32.36174036273847,18.903347411936867,0.0,8537.718595190527,32.36174036273847,0.0,0.0,0.059871,16.6,0.0,32.36014356030525,0.059871,0.059871,0.0,0.0,0.059871,0.0,0.0,0.0,0.059871,0.0,0.059871,0.0 
 07/21  16:05:00,34.0,18.902033948930395,32.363331826927194,18.902033948930395,0.0,8532.831181494048,32.363331826927194,0.0,0.0,0.059871,16.6,0.0,32.36174036273847,0.059871,0.059871,0.0,0.0,0.059871,0.0,0.0,0.0,0.059871,0.0,0.059871,0.0 
 07/21  16:06:00,34.0,18.90072818182195,32.3649179490661,18.90072818182195,0.0,8527.972425525099,32.3649179490661,0.0,0.0,0.059871,16.6,0.0,32.363331826927194,0.059871,0.059871,0.0,0.0,0.059871,0.0,0.0,0.0,0.059871,0.0,0.059871,0.0 
 07/21  16:07:00,34.0,18.899429353695005,32.36649878829865,18.899429353695005,0.0,8523.139507674481,32.36649878829865,0.0,0.0,0.059871,16.6,0.0,32.3649179490661,0.059871,0.059871,0.0,0.0,0.059871,0.0,0.0,0.0,0.059871,0.0,0.059871,0.0 
 07/21  16:08:00,34.0,18.898138131042458,32.3680743340526,18.898138131042458,0.0,8518.334925204177,32.3680743340526,0.0,0.0,0.059871,16.6,0.0,32.36649878829865,0.059871,0.059871,0.0,0.0,0.059871,0.0,0.0,0.0,0.059871,0.0,0.059871,0.0 
 07/21  16:09:00,34.0,18.89685376553995,32.36964461902777,18.89685376553995,0.0,8513.555876783372,32.36964461902777,0.0,0.0,0.059871,16.6,0.0,32.3680743340526,0.059871,0.059871,0.0,0.0,0.059871,0.0,0.0,0.0,0.059871,0.0,0.059871,0.0 
 07/21  16:10:00,34.0,18.895576917201907,32.37120966551933,18.895576917201907,0.0,8508.80480847928,32.37120966551933,0.0,0.0,0.059871,16.6,0.0,32.36964461902777,0.059871,0.059871,0.0,0.0,0.059871,0.0,0.0,0.0,0.059871,0.0,0.059871,0.0 
 07/21  16:11:00,34.0,18.894306846325563,32.37276949820935,18.894306846325563,0.0,8504.07899171053,32.37276949820935,0.0,0.0,0.059871,16.6,0.0,32.37120966551933,0.059871,0.059871,0.0,0.0,0.059871,0.0,0.0,0.0,0.059871,0.0,0.059871,0.0 
 07/21  16:12:00,34.0,18.893044204835792,32.37432411318631,18.893044204835792,0.0,8499.3808289753,32.37432411318631,0.0,0.0,0.059871,16.6,0.0,32.37276949820935,0.059871,0.059871,0.0,0.0,0.059871,0.0,0.0,0.0,0.059871,0.0,0.059871,0.0 
 07/21  16:13:00,34.0,18.891788261492444,32.375873568392265,18.891788261492444,0.0,8494.707623060503,32.375873568392265,0.0,0.0,0.059871,16.6,0.0,32.37432411318631,0.059871,0.059871,0.0,0.0,0.059871,0.0,0.0,0.0,0.059871,0.0,0.059871,0.0 
 07/21  16:14:00,34.0,18.89053966062987,32.377417853181264,18.89053966062987,0.0,8490.061748342177,32.377417853181264,0.0,0.0,0.059871,16.6,0.0,32.375873568392265,0.059871,0.059871,0.0,0.0,0.059871,0.0,0.0,0.0,0.059871,0.0,0.059871,0.0 
 07/21  16:15:00,34.0,18.889297679625543,32.378956999178286,18.889297679625543,0.0,8485.440539549858,32.378956999178286,0.0,0.0,0.059871,16.6,0.0,32.377417853181264,0.059871,0.059871,0.0,0.0,0.059871,0.0,0.0,0.0,0.059871,0.0,0.059871,0.0 
 07/21  16:16:00,34.0,18.888062955383862,32.38049102846063,18.888062955383862,0.0,8480.84634353263,32.38049102846063,0.0,0.0,0.059871,16.6,0.0,32.378956999178286,0.059871,0.059871,0.0,0.0,0.059871,0.0,0.0,0.0,0.059871,0.0,0.059871,0.0 
 07/21  16:17:00,34.0,18.886834774346337,32.38201996468923,18.886834774346337,0.0,8476.276515104237,32.38201996468923,0.0,0.0,0.059871,16.6,0.0,32.38049102846063,0.059871,0.059871,0.0,0.0,0.059871,0.0,0.0,0.0,0.059871,0.0,0.059871,0.0 
 07/21  16:18:00,34.0,18.88561376614356,32.383543803855,18.88561376614356,0.0,8471.733387694721,32.383543803855,0.0,0.0,0.059871,16.6,0.0,32.38201996468923,0.059871,0.059871,0.0,0.0,0.059871,0.0,0.0,0.0,0.059871,0.0,0.059871,0.0 
 07/21  16:19:00,34.0,18.884399224748048,32.38506260273787,18.884399224748048,0.0,8467.214357544948,32.38506260273787,0.0,0.0,0.059871,16.6,0.0,32.383543803855,0.059871,0.059871,0.0,0.0,0.059871,0.0,0.0,0.0,0.059871,0.0,0.059871,0.0 
 07/21  16:20:00,34.0,18.88319177274094,32.38657635062877,18.88319177274094,0.0,8462.721704950749,32.38657635062877,0.0,0.0,0.059871,16.6,0.0,32.38506260273787,0.059871,0.059871,0.0,0.0,0.059871,0.0,0.0,0.0,0.059871,0.0,0.059871,0.0 
 07/21  16:21:00,34.0,18.881990712530136,32.38808507812408,18.881990712530136,0.0,8458.252870923743,32.38808507812408,0.0,0.0,0.059871,16.6,0.0,32.38657635062877,0.059871,0.059871,0.0,0.0,0.059871,0.0,0.0,0.0,0.059871,0.0,0.059871,0.0 
 07/21  16:22:00,34.0,18.88079665889638,32.38958880708356,18.88079665889638,0.0,8453.810120348217,32.38958880708356,0.0,0.0,0.059871,16.6,0.0,32.38808507812408,0.059871,0.059871,0.0,0.0,0.059871,0.0,0.0,0.0,0.059871,0.0,0.059871,0.0 
 07/21  16:23:00,34.0,18.879608922760173,32.39108756019392,18.879608922760173,0.0,8449.390898818907,32.39108756019392,0.0,0.0,0.059871,16.6,0.0,32.38958880708356,0.059871,0.059871,0.0,0.0,0.059871,0.0,0.0,0.0,0.059871,0.0,0.059871,0.0 
 07/21  16:24:00,34.0,18.87842811262867,32.39258133335569,18.87842811262867,0.0,8444.997448003101,32.39258133335569,0.0,0.0,0.059871,16.6,0.0,32.39108756019392,0.059871,0.059871,0.0,0.0,0.059871,0.0,0.0,0.0,0.059871,0.0,0.059871,0.0 
 07/21  16:25:00,34.0,18.87725354695328,32.39407018222239,18.87725354695328,0.0,8440.627268345448,32.39407018222239,0.0,0.0,0.059871,16.6,0.0,32.39258133335569,0.059871,0.059871,0.0,0.0,0.059871,0.0,0.0,0.0,0.059871,0.0,0.059871,0.0 
 07/21  16:26:00,34.0,18.876085826196128,32.3955540960301,18.876085826196128,0.0,8436.282571682814,32.3955540960301,0.0,0.0,0.059871,16.6,0.0,32.39407018222239,0.059871,0.059871,0.0,0.0,0.059871,0.0,0.0,0.0,0.059871,0.0,0.059871,0.0 
 07/21  16:27:00,34.0,18.87492427769317,32.397033104388406,18.87492427769317,0.0,8431.960851051372,32.397033104388406,0.0,0.0,0.059871,16.6,0.0,32.3955540960301,0.059871,0.059871,0.0,0.0,0.059871,0.0,0.0,0.0,0.059871,0.0,0.059871,0.0 
 07/21  16:28:00,34.0,18.873769495481923,32.39850722893804,18.873769495481923,0.0,8427.664321384858,32.39850722893804,0.0,0.0,0.059871,16.6,0.0,32.397033104388406,0.059871,0.059871,0.0,0.0,0.059871,0.0,0.0,0.0,0.059871,0.0,0.059871,0.0 
 07/21  16:29:00,34.0,18.872620814025023,32.399976491434124,18.872620814025023,0.0,8423.390515582247,32.399976491434124,0.0,0.0,0.059871,16.6,0.0,32.39850722893804,0.059871,0.059871,0.0,0.0,0.059871,0.0,0.0,0.0,0.059871,0.0,0.059871,0.0 
 07/21  16:30:00,34.0,18.871478820109598,32.401440887692225,18.871478820109598,0.0,8419.14160825183,32.401440887692225,0.0,0.0,0.059871,16.6,0.0,32.399976491434124,0.059871,0.059871,0.0,0.0,0.059871,0.0,0.0,0.0,0.059871,0.0,0.059871,0.0 
 07/21  16:31:00,34.0,18.87034285651626,32.4029004722722,18.87034285651626,0.0,8414.91514973488,32.4029004722722,0.0,0.0,0.059871,16.6,0.0,32.401440887692225,0.059871,0.059871,0.0,0.0,0.059871,0.0,0.0,0.0,0.059871,0.0,0.059871,0.0 
 07/21  16:32:00,34.0,18.86921350353704,32.404355234362484,18.86921350353704,0.0,8410.713303980283,32.404355234362484,0.0,0.0,0.059871,16.6,0.0,32.4029004722722,0.059871,0.059871,0.0,0.0,0.059871,0.0,0.0,0.0,0.059871,0.0,0.059871,0.0 
 07/21  16:33:00,34.0,18.868090110901708,32.40580520262526,18.868090110901708,0.0,8406.533660502715,32.40580520262526,0.0,0.0,0.059871,16.6,0.0,32.404355234362484,0.059871,0.059871,0.0,0.0,0.059871,0.0,0.0,0.0,0.059871,0.0,0.059871,0.0 
 07/21  16:34:00,34.0,18.866973252518697,32.407250398480876,18.866973252518697,0.0,8402.378332789658,32.407250398480876,0.0,0.0,0.059871,16.6,0.0,32.40580520262526,0.059871,0.059871,0.0,0.0,0.059871,0.0,0.0,0.0,0.059871,0.0,0.059871,0.0 
 07/21  16:35:00,34.0,18.86586228585229,32.408690842793625,18.86586228585229,0.0,8398.244952432178,32.408690842793625,0.0,0.0,0.059871,16.6,0.0,32.407250398480876,0.059871,0.059871,0.0,0.0,0.059871,0.0,0.0,0.0,0.059871,0.0,0.059871,0.0 
 07/21  16:36:00,34.0,18.864757778192573,32.41012653129978,18.864757778192573,0.0,8394.135608398892,32.41012653129978,0.0,0.0,0.059871,16.6,0.0,32.408690842793625,0.059871,0.059871,0.0,0.0,0.059871,0.0,0.0,0.0,0.059871,0.0,0.059871,0.0 
 07/21  16:37:00,34.0,18.863659094330757,32.41155751749735,18.863659094330757,0.0,8390.047959436266,32.41155751749735,0.0,0.0,0.059871,16.6,0.0,32.41012653129978,0.059871,0.059871,0.0,0.0,0.059871,0.0,0.0,0.0,0.059871,0.0,0.059871,0.0 
 07/21  16:38:00,34.0,18.86256679496156,32.41298379053463,18.86256679496156,0.0,8385.98407007923,32.41298379053463,0.0,0.0,0.059871,16.6,0.0,32.41155751749735,0.059871,0.059871,0.0,0.0,0.059871,0.0,0.0,0.0,0.059871,0.0,0.059871,0.0 
 07/21  16:39:00,34.0,18.86148025276456,32.41440537816458,18.86148025276456,0.0,8381.941614966978,32.41440537816458,0.0,0.0,0.059871,16.6,0.0,32.41298379053463,0.059871,0.059871,0.0,0.0,0.059871,0.0,0.0,0.0,0.059871,0.0,0.059871,0.0 
 07/21  16:40:00,34.0,18.860400021520928,32.41582230158695,18.860400021520928,0.0,8377.922659715477,32.41582230158695,0.0,0.0,0.059871,16.6,0.0,32.41440537816458,0.059871,0.059871,0.0,0.0,0.059871,0.0,0.0,0.0,0.059871,0.0,0.059871,0.0 
 07/21  16:41:00,34.0,18.85932548083986,32.417234580815,18.85932548083986,0.0,8373.924891309998,32.417234580815,0.0,0.0,0.059871,16.6,0.0,32.41582230158695,0.059871,0.059871,0.0,0.0,0.059871,0.0,0.0,0.0,0.059871,0.0,0.059871,0.0 
 07/21  16:42:00,34.0,18.858257178138974,32.418642211512505,18.858257178138974,0.0,8369.950351763364,32.418642211512505,0.0,0.0,0.059871,16.6,0.0,32.417234580815,0.059871,0.059871,0.0,0.0,0.059871,0.0,0.0,0.0,0.059871,0.0,0.059871,0.0 
 07/21  16:43:00,34.0,18.857194500880276,32.42004524614738,18.857194500880276,0.0,8365.996743878572,32.42004524614738,0.0,0.0,0.059871,16.6,0.0,32.418642211512505,0.059871,0.059871,0.0,0.0,0.059871,0.0,0.0,0.0,0.059871,0.0,0.059871,0.0 
 07/21  16:44:00,34.0,18.85613799040598,32.42144367383671,18.85613799040598,0.0,8362.066100462449,32.42144367383671,0.0,0.0,0.059871,16.6,0.0,32.42004524614738,0.059871,0.059871,0.0,0.0,0.059871,0.0,0.0,0.0,0.059871,0.0,0.059871,0.0 
 07/21  16:45:00,34.0,18.855087040489845,32.42283752146203,18.855087040489845,0.0,8358.156161052906,32.42283752146203,0.0,0.0,0.059871,16.6,0.0,32.42144367383671,0.059871,0.059871,0.0,0.0,0.059871,0.0,0.0,0.0,0.059871,0.0,0.059871,0.0 
 07/21  16:46:00,34.0,18.85404218652015,32.42422681000383,18.85404218652015,0.0,8354.268909749731,32.42422681000383,0.0,0.0,0.059871,16.6,0.0,32.42283752146203,0.059871,0.059871,0.0,0.0,0.059871,0.0,0.0,0.0,0.059871,0.0,0.059871,0.0 
 07/21  16:47:00,34.0,18.85300282886465,32.425611558663086,18.85300282886465,0.0,8350.402137151155,32.425611558663086,0.0,0.0,0.059871,16.6,0.0,32.42422681000383,0.059871,0.059871,0.0,0.0,0.059871,0.0,0.0,0.0,0.059871,0.0,0.059871,0.0 
 07/21  16:48:00,34.0,18.851969497244095,32.42699176303807,18.851969497244095,0.0,8346.557779767667,32.42699176303807,0.0,0.0,0.059871,16.6,0.0,32.425611558663086,0.059871,0.059871,0.0,0.0,0.059871,0.0,0.0,0.0,0.059871,0.0,0.059871,0.0 
 07/21  16:49:00,34.0,18.850941599720375,32.42836747459666,18.850941599720375,0.0,8342.73365673322,32.42836747459666,0.0,0.0,0.059871,16.6,0.0,32.42699176303807,0.059871,0.059871,0.0,0.0,0.059871,0.0,0.0,0.0,0.059871,0.0,0.059871,0.0 
 07/21  16:50:00,34.0,18.84991965942666,32.42973868243247,18.84991965942666,0.0,8338.931706720177,32.42973868243247,0.0,0.0,0.059871,16.6,0.0,32.42836747459666,0.059871,0.059871,0.0,0.0,0.059871,0.0,0.0,0.0,0.059871,0.0,0.059871,0.0 
 07/21  16:51:00,34.0,18.84890309018819,32.431105412590185,18.84890309018819,0.0,8335.149770200609,32.431105412590185,0.0,0.0,0.059871,16.6,0.0,32.42973868243247,0.059871,0.059871,0.0,0.0,0.059871,0.0,0.0,0.0,0.059871,0.0,0.059871,0.0 
 07/21  16:52:00,34.0,18.84789240952366,32.432467685830616,18.84789240952366,0.0,8331.389738509333,32.432467685830616,0.0,0.0,0.059871,16.6,0.0,32.431105412590185,0.059871,0.059871,0.0,0.0,0.059871,0.0,0.0,0.0,0.059871,0.0,0.059871,0.0 
 07/21  16:53:00,34.0,18.84688703895846,32.43382552057713,18.84688703895846,0.0,8327.649480675664,32.43382552057713,0.0,0.0,0.059871,16.6,0.0,32.432467685830616,0.059871,0.059871,0.0,0.0,0.059871,0.0,0.0,0.0,0.059871,0.0,0.059871,0.0 
 07/21  16:54:00,34.0,18.845887489746914,32.435178912366865,18.845887489746914,0.0,8323.930891339796,32.435178912366865,0.0,0.0,0.059871,16.6,0.0,32.43382552057713,0.059871,0.059871,0.0,0.0,0.059871,0.0,0.0,0.0,0.059871,0.0,0.059871,0.0 
 07/21  16:55:00,34.0,18.844893189674508,32.436527911694014,18.844893189674508,0.0,8320.231849477532,32.436527911694014,0.0,0.0,0.059871,16.6,0.0,32.435178912366865,0.059871,0.059871,0.0,0.0,0.059871,0.0,0.0,0.0,0.059871,0.0,0.059871,0.0 
 07/21  16:56:00,34.0,18.84390464464246,32.43787250763399,18.84390464464246,0.0,8316.554216660137,32.43787250763399,0.0,0.0,0.059871,16.6,0.0,32.436527911694014,0.059871,0.059871,0.0,0.0,0.059871,0.0,0.0,0.0,0.059871,0.0,0.059871,0.0 
 07/21  16:57:00,34.0,18.842921288587544,32.439212725426025,18.842921288587544,0.0,8312.895921131625,32.439212725426025,0.0,0.0,0.059871,16.6,0.0,32.43787250763399,0.059871,0.059871,0.0,0.0,0.059871,0.0,0.0,0.0,0.059871,0.0,0.059871,0.0 
 07/21  16:58:00,34.0,18.84194362141275,32.44054858561005,18.84194362141275,0.0,8309.258789009873,32.44054858561005,0.0,0.0,0.059871,16.6,0.0,32.439212725426025,0.059871,0.059871,0.0,0.0,0.059871,0.0,0.0,0.0,0.059871,0.0,0.059871,0.0 
 07/21  16:59:00,34.0,18.840971084711704,32.441880105864605,18.840971084711704,0.0,8305.64075048846,32.441880105864605,0.0,0.0,0.059871,16.6,0.0,32.44054858561005,0.059871,0.059871,0.0,0.0,0.059871,0.0,0.0,0.0,0.059871,0.0,0.059871,0.0 
 07/21  17:00:00,34.0,18.84000417187253,32.44320728167062,18.84000417187253,0.0,8302.04366040249,32.44320728167062,0.0,0.0,0.059871,16.6,0.0,32.441880105864605,0.059871,0.059871,0.0,0.0,0.059871,0.0,0.0,0.0,0.059871,0.0,0.059871,0.0,49104000.0 
 07/21  17:01:00,34.0,18.839042330334404,32.4445301625752,18.839042330334404,0.0,8298.465444194604,32.4445301625752,0.0,0.0,0.059871,16.6,0.0,32.44320728167062,0.059871,0.059871,0.0,0.0,0.059871,0.0,0.0,0.0,0.059871,0.0,0.059871,0.0 
 07/21  17:02:00,34.0,18.838086049015438,32.44584873764268,18.838086049015438,0.0,8294.907913729903,32.44584873764268,0.0,0.0,0.059871,16.6,0.0,32.4445301625752,0.059871,0.059871,0.0,0.0,0.059871,0.0,0.0,0.0,0.059871,0.0,0.059871,0.0 
 07/21  17:03:00,34.0,18.837134781527574,32.447163031338874,18.837134781527574,0.0,8291.369056945987,32.447163031338874,0.0,0.0,0.059871,16.6,0.0,32.44584873764268,0.059871,0.059871,0.0,0.0,0.059871,0.0,0.0,0.0,0.059871,0.0,0.059871,0.0 
 07/21  17:04:00,34.0,18.83618901030145,32.448473063984146,18.83618901030145,0.0,8287.850661642187,32.448473063984146,0.0,0.0,0.059871,16.6,0.0,32.447163031338874,0.059871,0.059871,0.0,0.0,0.059871,0.0,0.0,0.0,0.059871,0.0,0.059871,0.0 
 07/21  17:05:00,34.0,18.835248195486532,32.44977885254549,18.835248195486532,0.0,8284.350713626969,32.44977885254549,0.0,0.0,0.059871,16.6,0.0,32.448473063984146,0.059871,0.059871,0.0,0.0,0.059871,0.0,0.0,0.0,0.059871,0.0,0.059871,0.0 
 07/21  17:06:00,34.0,18.83431281434092,32.451080392453996,18.83431281434092,0.0,8280.870994707857,32.451080392453996,0.0,0.0,0.059871,16.6,0.0,32.44977885254549,0.059871,0.059871,0.0,0.0,0.059871,0.0,0.0,0.0,0.059871,0.0,0.059871,0.0 
 07/21  17:07:00,34.0,18.833382333249833,32.45237773233614,18.833382333249833,0.0,8277.409513826524,32.45237773233614,0.0,0.0,0.059871,16.6,0.0,32.451080392453996,0.059871,0.059871,0.0,0.0,0.059871,0.0,0.0,0.0,0.059871,0.0,0.059871,0.0 
 07/21  17:08:00,34.0,18.832457224554663,32.45367086125252,18.832457224554663,0.0,8273.96802140331,32.45367086125252,0.0,0.0,0.059871,16.6,0.0,32.45237773233614,0.059871,0.059871,0.0,0.0,0.059871,0.0,0.0,0.0,0.059871,0.0,0.059871,0.0 
 07/21  17:09:00,34.0,18.83153696018404,32.45495980292627,18.83153696018404,0.0,8270.544573252831,32.45495980292627,0.0,0.0,0.059871,16.6,0.0,32.45367086125252,0.059871,0.059871,0.0,0.0,0.059871,0.0,0.0,0.0,0.059871,0.0,0.059871,0.0 
 07/21  17:10:00,34.0,18.83062200676205,32.45624457745936,18.83062200676205,0.0,8267.140885447443,32.45624457745936,0.0,0.0,0.059871,16.6,0.0,32.45495980292627,0.059871,0.059871,0.0,0.0,0.059871,0.0,0.0,0.0,0.059871,0.0,0.059871,0.0 
 07/21  17:11:00,34.0,18.829711842208305,32.457525201138566,18.829711842208305,0.0,8263.755036002462,32.457525201138566,0.0,0.0,0.059871,16.6,0.0,32.45624457745936,0.059871,0.059871,0.0,0.0,0.059871,0.0,0.0,0.0,0.059871,0.0,0.059871,0.0 
 07/21  17:12:00,34.0,18.828806928538988,32.45880166935085,18.828806928538988,0.0,8260.388710796733,32.45880166935085,0.0,0.0,0.059871,16.6,0.0,32.457525201138566,0.059871,0.059871,0.0,0.0,0.059871,0.0,0.0,0.0,0.059871,0.0,0.059871,0.0 
 07/21  17:13:00,34.0,18.82790674924922,32.46007402982701,18.82790674924922,0.0,8257.04003476385,32.46007402982701,0.0,0.0,0.059871,16.6,0.0,32.45880166935085,0.059871,0.059871,0.0,0.0,0.059871,0.0,0.0,0.0,0.059871,0.0,0.059871,0.0 
 07/21  17:14:00,34.0,18.827011760851583,32.46134227163064,18.827011760851583,0.0,8253.710660275396,32.46134227163064,0.0,0.0,0.059871,16.6,0.0,32.46007402982701,0.059871,0.059871,0.0,0.0,0.059871,0.0,0.0,0.0,0.059871,0.0,0.059871,0.0 
 07/21  17:15:00,34.0,18.82612145384546,32.46260641777094,18.82612145384546,0.0,8250.398711981274,32.46260641777094,0.0,0.0,0.059871,16.6,0.0,32.46134227163064,0.059871,0.059871,0.0,0.0,0.059871,0.0,0.0,0.0,0.059871,0.0,0.059871,0.0 
 07/21  17:16:00,34.0,18.825236278741993,32.46386648813221,18.825236278741993,0.0,8247.105872487482,32.46386648813221,0.0,0.0,0.059871,16.6,0.0,32.46260641777094,0.059871,0.059871,0.0,0.0,0.059871,0.0,0.0,0.0,0.059871,0.0,0.059871,0.0 
 07/21  17:17:00,34.0,18.824355731859082,32.46512249834998,18.824355731859082,0.0,8243.830248681366,32.46512249834998,0.0,0.0,0.059871,16.6,0.0,32.46386648813221,0.059871,0.059871,0.0,0.0,0.059871,0.0,0.0,0.0,0.059871,0.0,0.059871,0.0 
 07/21  17:18:00,34.0,18.823480258708774,32.46637444377152,18.823480258708774,0.0,8240.573517735433,32.46637444377152,0.0,0.0,0.059871,16.6,0.0,32.46512249834998,0.059871,0.059871,0.0,0.0,0.059871,0.0,0.0,0.0,0.059871,0.0,0.059871,0.0 
 07/21  17:19:00,34.0,18.822609360773253,32.46762237125449,18.822609360773253,0.0,8237.333818792913,32.46762237125449,0.0,0.0,0.059871,16.6,0.0,32.46637444377152,0.059871,0.059871,0.0,0.0,0.059871,0.0,0.0,0.0,0.059871,0.0,0.059871,0.0 
 07/21  17:20:00,34.0,18.821743478935232,32.46886626987047,18.821743478935232,0.0,8234.112785669171,32.46886626987047,0.0,0.0,0.059871,16.6,0.0,32.46762237125449,0.059871,0.059871,0.0,0.0,0.059871,0.0,0.0,0.0,0.059871,0.0,0.059871,0.0 
 07/21  17:21:00,34.0,18.820882120610143,32.47010616194099,18.820882120610143,0.0,8230.908592607011,32.47010616194099,0.0,0.0,0.059871,16.6,0.0,32.46886626987047,0.059871,0.059871,0.0,0.0,0.059871,0.0,0.0,0.0,0.059871,0.0,0.059871,0.0 
 07/21  17:22:00,34.0,18.820025721691955,32.47134206713266,18.820025721691955,0.0,8227.72285493078,32.47134206713266,0.0,0.0,0.059871,16.6,0.0,32.47010616194099,0.059871,0.059871,0.0,0.0,0.059871,0.0,0.0,0.0,0.059871,0.0,0.059871,0.0 
 07/21  17:23:00,34.0,18.819173795079454,32.47257400045711,18.819173795079454,0.0,8224.55376721335,32.47257400045711,0.0,0.0,0.059871,16.6,0.0,32.47134206713266,0.059871,0.059871,0.0,0.0,0.059871,0.0,0.0,0.0,0.059871,0.0,0.059871,0.0 
 07/21  17:24:00,34.0,18.818326772220786,32.47380195722657,18.818326772220786,0.0,8221.402915244176,32.47380195722657,0.0,0.0,0.059871,16.6,0.0,32.47257400045711,0.059871,0.059871,0.0,0.0,0.059871,0.0,0.0,0.0,0.059871,0.0,0.059871,0.0 
 07/21  17:25:00,34.0,18.81748417103527,32.47502598344805,18.81748417103527,0.0,8218.268538328393,32.47502598344805,0.0,0.0,0.059871,16.6,0.0,32.47380195722657,0.059871,0.059871,0.0,0.0,0.059871,0.0,0.0,0.0,0.059871,0.0,0.059871,0.0 
 07/21  17:26:00,34.0,18.816646417212958,32.47624606820725,18.816646417212958,0.0,8215.152200907769,32.47624606820725,0.0,0.0,0.059871,16.6,0.0,32.47502598344805,0.059871,0.059871,0.0,0.0,0.059871,0.0,0.0,0.0,0.059871,0.0,0.059871,0.0 
 07/21  17:27:00,34.0,18.815813035155625,32.477462233164474,18.815813035155625,0.0,8212.052127162773,32.477462233164474,0.0,0.0,0.059871,16.6,0.0,32.47624606820725,0.059871,0.059871,0.0,0.0,0.059871,0.0,0.0,0.0,0.059871,0.0,0.059871,0.0 
 07/21  17:28:00,34.0,18.814984446277126,32.47867449776999,18.814984446277126,0.0,8208.969891797287,32.47867449776999,0.0,0.0,0.059871,16.6,0.0,32.477462233164474,0.059871,0.059871,0.0,0.0,0.059871,0.0,0.0,0.0,0.059871,0.0,0.059871,0.0 
 07/21  17:29:00,34.0,18.81416017913676,32.47988287643843,18.81416017913676,0.0,8205.903760475176,32.47988287643843,0.0,0.0,0.059871,16.6,0.0,32.47867449776999,0.059871,0.059871,0.0,0.0,0.059871,0.0,0.0,0.0,0.059871,0.0,0.059871,0.0 
 07/21  17:30:00,34.0,18.813340651029858,32.48108736445183,18.813340651029858,0.0,8202.85524049927,32.48108736445183,0.0,0.0,0.059871,16.6,0.0,32.47988287643843,0.059871,0.059871,0.0,0.0,0.059871,0.0,0.0,0.0,0.059871,0.0,0.059871,0.0 
 07/21  17:31:00,34.0,18.812525396269308,32.482288006988064,18.812525396269308,0.0,8199.822644920932,32.482288006988064,0.0,0.0,0.059871,16.6,0.0,32.48108736445183,0.059871,0.059871,0.0,0.0,0.059871,0.0,0.0,0.0,0.059871,0.0,0.059871,0.0 
 07/21  17:32:00,34.0,18.811714826841843,32.483484793152414,18.811714826841843,0.0,8196.807474411711,32.483484793152414,0.0,0.0,0.059871,16.6,0.0,32.482288006988064,0.059871,0.059871,0.0,0.0,0.059871,0.0,0.0,0.0,0.059871,0.0,0.059871,0.0 
 07/21  17:33:00,34.0,18.81090848257286,32.48467774396853,18.81090848257286,0.0,8193.80803639775,32.48467774396853,0.0,0.0,0.059871,16.6,0.0,32.483484793152414,0.059871,0.059871,0.0,0.0,0.059871,0.0,0.0,0.0,0.059871,0.0,0.059871,0.0 
 07/21  17:34:00,34.0,18.810106770392004,32.48586687867106,18.810106770392004,0.0,8190.825838847381,32.48586687867106,0.0,0.0,0.059871,16.6,0.0,32.48467774396853,0.059871,0.059871,0.0,0.0,0.059871,0.0,0.0,0.0,0.059871,0.0,0.059871,0.0 
 07/21  17:35:00,34.0,18.809309235741456,32.48705221110256,18.809309235741456,0.0,8187.859183990922,32.48705221110256,0.0,0.0,0.059871,16.6,0.0,32.48586687867106,0.059871,0.059871,0.0,0.0,0.059871,0.0,0.0,0.0,0.059871,0.0,0.059871,0.0 
 07/21  17:36:00,34.0,18.808516281168544,32.4882337365188,18.808516281168544,0.0,8184.909576560631,32.4882337365188,0.0,0.0,0.059871,16.6,0.0,32.48705221110256,0.059871,0.059871,0.0,0.0,0.059871,0.0,0.0,0.0,0.059871,0.0,0.059871,0.0 
 07/21  17:37:00,34.0,18.807727457193497,32.48941149928847,18.807727457193497,0.0,8181.975337623758,32.48941149928847,0.0,0.0,0.059871,16.6,0.0,32.4882337365188,0.059871,0.059871,0.0,0.0,0.059871,0.0,0.0,0.0,0.059871,0.0,0.059871,0.0 
 07/21  17:38:00,34.0,18.806943161693173,32.490585488540916,18.806943161693173,0.0,8179.057954591244,32.490585488540916,0.0,0.0,0.059871,16.6,0.0,32.48941149928847,0.059871,0.059871,0.0,0.0,0.059871,0.0,0.0,0.0,0.059871,0.0,0.059871,0.0 
 07/21  17:39:00,34.0,18.80616294960728,32.49175572468595,18.80616294960728,0.0,8176.155777901586,32.49175572468595,0.0,0.0,0.059871,16.6,0.0,32.490585488540916,0.059871,0.059871,0.0,0.0,0.059871,0.0,0.0,0.0,0.059871,0.0,0.059871,0.0 
 07/21  17:40:00,34.0,18.805387214764306,32.49292222674278,18.805387214764306,0.0,8173.27025399441,32.49292222674278,0.0,0.0,0.059871,16.6,0.0,32.49175572468595,0.059871,0.059871,0.0,0.0,0.059871,0.0,0.0,0.0,0.059871,0.0,0.059871,0.0 
 07/21  17:41:00,34.0,18.804615518005352,32.49408500800516,18.804615518005352,0.0,8170.399755201079,32.49408500800516,0.0,0.0,0.059871,16.6,0.0,32.49292222674278,0.059871,0.059871,0.0,0.0,0.059871,0.0,0.0,0.0,0.059871,0.0,0.059871,0.0 
 07/21  17:42:00,34.0,18.803848248294383,32.49524406370609,18.803848248294383,0.0,8167.545735876906,32.49524406370609,0.0,0.0,0.059871,16.6,0.0,32.49408500800516,0.059871,0.059871,0.0,0.0,0.059871,0.0,0.0,0.0,0.059871,0.0,0.059871,0.0 
 07/21  17:43:00,34.0,18.80308497101366,32.496399437423996,18.80308497101366,0.0,8164.706572219147,32.496399437423996,0.0,0.0,0.059871,16.6,0.0,32.49524406370609,0.059871,0.059871,0.0,0.0,0.059871,0.0,0.0,0.0,0.059871,0.0,0.059871,0.0 
 07/21  17:44:00,34.0,18.802326070645197,32.497551118316636,18.802326070645197,0.0,8161.883701961042,32.497551118316636,0.0,0.0,0.059871,16.6,0.0,32.496399437423996,0.059871,0.059871,0.0,0.0,0.059871,0.0,0.0,0.0,0.059871,0.0,0.059871,0.0 
 07/21  17:45:00,34.0,18.801571117538177,32.498699126201906,18.801571117538177,0.0,8159.075519723783,32.498699126201906,0.0,0.0,0.059871,16.6,0.0,32.497551118316636,0.059871,0.059871,0.0,0.0,0.059871,0.0,0.0,0.0,0.059871,0.0,0.059871,0.0 
 07/21  17:46:00,34.0,18.80082049193906,32.49984347988414,18.80082049193906,0.0,8156.283447531978,32.49984347988414,0.0,0.0,0.059871,16.6,0.0,32.498699126201906,0.059871,0.059871,0.0,0.0,0.059871,0.0,0.0,0.0,0.059871,0.0,0.059871,0.0 
 07/21  17:47:00,34.0,18.800073769089796,32.500984192130744,18.800073769089796,0.0,8153.505898155631,32.500984192130744,0.0,0.0,0.059871,16.6,0.0,32.49984347988414,0.059871,0.059871,0.0,0.0,0.059871,0.0,0.0,0.0,0.059871,0.0,0.059871,0.0 
 07/21  17:48:00,34.0,18.79933132554172,32.50212125815551,18.79933132554172,0.0,8150.744266983738,32.50212125815551,0.0,0.0,0.059871,16.6,0.0,32.500984192130744,0.059871,0.059871,0.0,0.0,0.059871,0.0,0.0,0.0,0.059871,0.0,0.059871,0.0 
 07/21  17:49:00,34.0,18.798592741421643,32.50325472076513,18.798592741421643,0.0,8147.996997845335,32.50325472076513,0.0,0.0,0.059871,16.6,0.0,32.50212125815551,0.059871,0.059871,0.0,0.0,0.059871,0.0,0.0,0.0,0.059871,0.0,0.059871,0.0 
 07/21  17:50:00,34.0,18.797858388275397,32.50438456915017,18.797858388275397,0.0,8145.265480497633,32.50438456915017,0.0,0.0,0.059871,16.6,0.0,32.50325472076513,0.059871,0.059871,0.0,0.0,0.059871,0.0,0.0,0.0,0.059871,0.0,0.059871,0.0 
 07/21  17:51:00,34.0,18.79712785062159,32.50551082255788,18.79712785062159,0.0,8142.548162121448,32.50551082255788,0.0,0.0,0.059871,16.6,0.0,32.50438456915017,0.059871,0.059871,0.0,0.0,0.059871,0.0,0.0,0.0,0.059871,0.0,0.059871,0.0 
 07/21  17:52:00,34.0,18.796401496483206,32.506633499578754,18.796401496483206,0.0,8139.846406496681,32.506633499578754,0.0,0.0,0.059871,16.6,0.0,32.50551082255788,0.059871,0.059871,0.0,0.0,0.059871,0.0,0.0,0.0,0.059871,0.0,0.059871,0.0 
 07/21  17:53:00,34.0,18.795678915351676,32.50775261247573,18.795678915351676,0.0,8137.158692168973,32.50775261247573,0.0,0.0,0.059871,16.6,0.0,32.506633499578754,0.059871,0.059871,0.0,0.0,0.059871,0.0,0.0,0.0,0.059871,0.0,0.059871,0.0 
 07/21  17:54:00,34.0,18.794960471042298,32.5088681564474,18.794960471042298,0.0,8134.4863673230975,32.5088681564474,0.0,0.0,0.059871,16.6,0.0,32.50775261247573,0.059871,0.059871,0.0,0.0,0.059871,0.0,0.0,0.0,0.059871,0.0,0.059871,0.0 
 07/21  17:55:00,34.0,18.79424575691657,32.50998017354707,18.79424575691657,0.0,8131.827937748922,32.50998017354707,0.0,0.0,0.059871,16.6,0.0,32.5088681564474,0.059871,0.059871,0.0,0.0,0.059871,0.0,0.0,0.0,0.059871,0.0,0.059871,0.0 
 07/21  17:56:00,34.0,18.793535132488156,32.51108865300287,18.793535132488156,0.0,8129.184722782247,32.51108865300287,0.0,0.0,0.059871,16.6,0.0,32.50998017354707,0.059871,0.059871,0.0,0.0,0.059871,0.0,0.0,0.0,0.059871,0.0,0.059871,0.0 
 07/21  17:57:00,34.0,18.792828196976444,32.51219361351225,18.792828196976444,0.0,8126.5552241444175,32.51219361351225,0.0,0.0,0.059871,16.6,0.0,32.51108865300287,0.059871,0.059871,0.0,0.0,0.059871,0.0,0.0,0.0,0.059871,0.0,0.059871,0.0 
 07/21  17:58:00,34.0,18.792125305737844,32.51329507345341,18.792125305737844,0.0,8123.9407844474545,32.51329507345341,0.0,0.0,0.059871,16.6,0.0,32.51219361351225,0.059871,0.059871,0.0,0.0,0.059871,0.0,0.0,0.0,0.059871,0.0,0.059871,0.0 
 07/21  17:59:00,34.0,18.791426061549785,32.51439304460606,18.791426061549785,0.0,8121.339918599233,32.51439304460606,0.0,0.0,0.059871,16.6,0.0,32.51329507345341,0.059871,0.059871,0.0,0.0,0.059871,0.0,0.0,0.0,0.059871,0.0,0.059871,0.0 
 07/21  18:00:00,34.0,18.790730816040526,32.51548752215757,18.790730816040526,0.0,8118.753929615605,32.51548752215757,0.0,0.0,0.059871,16.6,0.0,32.51439304460606,0.059871,0.059871,0.0,0.0,0.059871,0.0,0.0,0.0,0.059871,0.0,0.059871,0.0,49104000.0 
 07/21  18:01:00,34.0,18.790039176736855,32.51657854742557,18.790039176736855,0.0,8116.181362902103,32.51657854742557,0.0,0.0,0.059871,16.6,0.0,32.51548752215757,0.059871,0.059871,0.0,0.0,0.059871,0.0,0.0,0.0,0.059871,0.0,0.059871,0.0 
 07/21  18:02:00,34.0,18.78935149139455,32.51766610968029,18.78935149139455,0.0,8113.62350712207,32.51766610968029,0.0,0.0,0.059871,16.6,0.0,32.51657854742557,0.059871,0.059871,0.0,0.0,0.059871,0.0,0.0,0.0,0.059871,0.0,0.059871,0.0 
 07/21  18:03:00,34.0,18.78866737188145,32.51875022708932,18.78866737188145,0.0,8111.078923773789,32.51875022708932,0.0,0.0,0.059871,16.6,0.0,32.51766610968029,0.059871,0.059871,0.0,0.0,0.059871,0.0,0.0,0.0,0.059871,0.0,0.059871,0.0 
 07/21  18:04:00,34.0,18.787987162548056,32.5198309178201,18.787987162548056,0.0,8108.54887604472,32.5198309178201,0.0,0.0,0.059871,16.6,0.0,32.51875022708932,0.059871,0.059871,0.0,0.0,0.059871,0.0,0.0,0.0,0.059871,0.0,0.059871,0.0 
 07/21  18:05:00,34.0,18.787310479116357,32.520908193189385,18.787310479116357,0.0,8106.031965435573,32.520908193189385,0.0,0.0,0.059871,16.6,0.0,32.5198309178201,0.059871,0.059871,0.0,0.0,0.059871,0.0,0.0,0.0,0.059871,0.0,0.059871,0.0 
 07/21  18:06:00,34.0,18.786637661766715,32.52198204837729,18.786637661766715,0.0,8103.529426827818,32.52198204837729,0.0,0.0,0.059871,16.6,0.0,32.520908193189385,0.059871,0.059871,0.0,0.0,0.059871,0.0,0.0,0.0,0.059871,0.0,0.059871,0.0 
 07/21  18:07:00,34.0,18.785968330507885,32.523052523982905,18.785968330507885,0.0,8101.039877595654,32.523052523982905,0.0,0.0,0.059871,16.6,0.0,32.52198204837729,0.059871,0.059871,0.0,0.0,0.059871,0.0,0.0,0.0,0.059871,0.0,0.059871,0.0 
 07/21  18:08:00,34.0,18.78530282182937,32.52411960932288,18.78530282182937,0.0,8098.564538959113,32.52411960932288,0.0,0.0,0.059871,16.6,0.0,32.523052523982905,0.059871,0.059871,0.0,0.0,0.059871,0.0,0.0,0.0,0.059871,0.0,0.059871,0.0 
 07/21  18:09:00,34.0,18.784640760647076,32.52518332205378,18.784640760647076,0.0,8096.102033632296,32.52518332205378,0.0,0.0,0.059871,16.6,0.0,32.52411960932288,0.059871,0.059871,0.0,0.0,0.059871,0.0,0.0,0.0,0.059871,0.0,0.059871,0.0 
 07/21  18:10:00,34.0,18.78398247927731,32.526243680133526,18.78398247927731,0.0,8093.653593055878,32.526243680133526,0.0,0.0,0.059871,16.6,0.0,32.52518332205378,0.059871,0.059871,0.0,0.0,0.059871,0.0,0.0,0.0,0.059871,0.0,0.059871,0.0 
 07/21  18:11:00,34.0,18.78332760653325,32.52730069443449,18.78332760653325,0.0,8091.217841545745,32.52730069443449,0.0,0.0,0.059871,16.6,0.0,32.526243680133526,0.059871,0.059871,0.0,0.0,0.059871,0.0,0.0,0.0,0.059871,0.0,0.059871,0.0 
 07/21  18:12:00,34.0,18.782676471554662,32.52835436013223,18.782676471554662,0.0,8088.79598594976,32.52835436013223,0.0,0.0,0.059871,16.6,0.0,32.52730069443449,0.059871,0.059871,0.0,0.0,0.059871,0.0,0.0,0.0,0.059871,0.0,0.059871,0.0 
 07/21  18:13:00,34.0,18.782028707509802,32.529404717122496,18.782028707509802,0.0,8086.386679556163,32.529404717122496,0.0,0.0,0.059871,16.6,0.0,32.52835436013223,0.059871,0.059871,0.0,0.0,0.059871,0.0,0.0,0.0,0.059871,0.0,0.059871,0.0 
 07/21  18:14:00,34.0,18.781384639185166,32.53045175477104,18.781384639185166,0.0,8083.99112589861,32.53045175477104,0.0,0.0,0.059871,16.6,0.0,32.529404717122496,0.059871,0.059871,0.0,0.0,0.059871,0.0,0.0,0.0,0.059871,0.0,0.059871,0.0 
 07/21  18:15:00,34.0,18.78074390356332,32.53149549024009,18.78074390356332,0.0,8081.607979576925,32.53149549024009,0.0,0.0,0.059871,16.6,0.0,32.53045175477104,0.059871,0.059871,0.0,0.0,0.059871,0.0,0.0,0.0,0.059871,0.0,0.059871,0.0 
 07/21  18:16:00,34.0,18.78010682245498,32.53253594127812,18.78010682245498,0.0,8079.238420293091,32.53253594127812,0.0,0.0,0.059871,16.6,0.0,32.53149549024009,0.059871,0.059871,0.0,0.0,0.059871,0.0,0.0,0.0,0.059871,0.0,0.059871,0.0 
 07/21  18:17:00,34.0,18.779473037193334,32.53357311833008,18.779473037193334,0.0,8076.881131585437,32.53357311833008,0.0,0.0,0.059871,16.6,0.0,32.53253594127812,0.059871,0.059871,0.0,0.0,0.059871,0.0,0.0,0.0,0.059871,0.0,0.059871,0.0 
 07/21  18:18:00,34.0,18.778842865916243,32.53460701656913,18.778842865916243,0.0,8074.53727955196,32.53460701656913,0.0,0.0,0.059871,16.6,0.0,32.53357311833008,0.059871,0.059871,0.0,0.0,0.059871,0.0,0.0,0.0,0.059871,0.0,0.059871,0.0 
 07/21  18:19:00,34.0,18.778215953780123,32.53563767520241,18.778215953780123,0.0,8072.205561895244,32.53563767520241,0.0,0.0,0.059871,16.6,0.0,32.53460701656913,0.059871,0.059871,0.0,0.0,0.059871,0.0,0.0,0.0,0.059871,0.0,0.059871,0.0 
 07/21  18:20:00,34.0,18.77759261469484,32.53666508364792,18.77759261469484,0.0,8069.887141838171,32.53666508364792,0.0,0.0,0.059871,16.6,0.0,32.53563767520241,0.059871,0.059871,0.0,0.0,0.059871,0.0,0.0,0.0,0.059871,0.0,0.059871,0.0 
 07/21  18:21:00,34.0,18.77697249819232,32.537689258590476,18.77697249819232,0.0,8067.580707717971,32.537689258590476,0.0,0.0,0.059871,16.6,0.0,32.53666508364792,0.059871,0.059871,0.0,0.0,0.059871,0.0,0.0,0.0,0.059871,0.0,0.059871,0.0 
 07/21  18:22:00,34.0,18.776355914990344,32.538710217570866,18.776355914990344,0.0,8065.287423717282,32.538710217570866,0.0,0.0,0.059871,16.6,0.0,32.537689258590476,0.059871,0.059871,0.0,0.0,0.059871,0.0,0.0,0.0,0.059871,0.0,0.059871,0.0 
 07/21  18:23:00,34.0,18.775742518013043,32.53972797062462,18.775742518013043,0.0,8063.006003530486,32.53972797062462,0.0,0.0,0.059871,16.6,0.0,32.538710217570866,0.059871,0.059871,0.0,0.0,0.059871,0.0,0.0,0.0,0.059871,0.0,0.059871,0.0 
 07/21  18:24:00,34.0,18.775132615431147,32.540742512927096,18.775132615431147,0.0,8060.737563570442,32.540742512927096,0.0,0.0,0.059871,16.6,0.0,32.53972797062462,0.059871,0.059871,0.0,0.0,0.059871,0.0,0.0,0.0,0.059871,0.0,0.059871,0.0 
 07/21  18:25:00,34.0,18.774525863810414,32.5417538830134,18.774525863810414,0.0,8058.480869352443,32.5417538830134,0.0,0.0,0.059871,16.6,0.0,32.540742512927096,0.059871,0.059871,0.0,0.0,0.059871,0.0,0.0,0.0,0.059871,0.0,0.059871,0.0 
 07/21  18:26:00,34.0,18.773922567007137,32.54276207036002,18.773922567007137,0.0,8056.2370213036775,32.54276207036002,0.0,0.0,0.059871,16.6,0.0,32.5417538830134,0.059871,0.059871,0.0,0.0,0.059871,0.0,0.0,0.0,0.059871,0.0,0.059871,0.0 
 07/21  18:27:00,34.0,18.77332238629743,32.54376709119308,18.77332238629743,0.0,8054.004764089714,32.54376709119308,0.0,0.0,0.059871,16.6,0.0,32.54276207036002,0.059871,0.059871,0.0,0.0,0.059871,0.0,0.0,0.0,0.059871,0.0,0.059871,0.0 
 07/21  18:28:00,34.0,18.772725622027483,32.54476896284913,18.772725622027483,0.0,8051.785223430297,32.54476896284913,0.0,0.0,0.059871,16.6,0.0,32.54376709119308,0.059871,0.059871,0.0,0.0,0.059871,0.0,0.0,0.0,0.059871,0.0,0.059871,0.0 
 07/21  18:29:00,34.0,18.77213193901842,32.545767694959906,18.77213193901842,0.0,8049.577144370201,32.545767694959906,0.0,0.0,0.059871,16.6,0.0,32.54476896284913,0.059871,0.059871,0.0,0.0,0.059871,0.0,0.0,0.0,0.059871,0.0,0.059871,0.0 
 07/21  18:30:00,34.0,18.771541634184455,32.54676328265481,18.771541634184455,0.0,8047.381639901951,32.54676328265481,0.0,0.0,0.059871,16.6,0.0,32.545767694959906,0.059871,0.059871,0.0,0.0,0.059871,0.0,0.0,0.0,0.059871,0.0,0.059871,0.0 
 07/21  18:31:00,34.0,18.770954376112396,32.5477557636544,18.770954376112396,0.0,8045.197469036912,32.5477557636544,0.0,0.0,0.059871,16.6,0.0,32.54676328265481,0.059871,0.059871,0.0,0.0,0.059871,0.0,0.0,0.0,0.059871,0.0,0.059871,0.0 
 07/21  18:32:00,34.0,18.770370459013222,32.54874512714243,18.770370459013222,0.0,8043.025722002803,32.54874512714243,0.0,0.0,0.059871,16.6,0.0,32.5477557636544,0.059871,0.059871,0.0,0.0,0.059871,0.0,0.0,0.0,0.059871,0.0,0.059871,0.0 
 07/21  18:33:00,34.0,18.769789555300285,32.549731388236125,18.769789555300285,0.0,8040.865184748959,32.549731388236125,0.0,0.0,0.059871,16.6,0.0,32.54874512714243,0.059871,0.059871,0.0,0.0,0.059871,0.0,0.0,0.0,0.059871,0.0,0.059871,0.0 
 07/21  18:34:00,34.0,18.769211955153022,32.55071456298394,18.769211955153022,0.0,8038.716945292549,32.55071456298394,0.0,0.0,0.059871,16.6,0.0,32.549731388236125,0.059871,0.059871,0.0,0.0,0.059871,0.0,0.0,0.0,0.059871,0.0,0.059871,0.0 
 07/21  18:35:00,34.0,18.768637333750842,32.55169465906449,18.768637333750842,0.0,8036.579799825486,32.55169465906449,0.0,0.0,0.059871,16.6,0.0,32.55071456298394,0.059871,0.059871,0.0,0.0,0.059871,0.0,0.0,0.0,0.059871,0.0,0.059871,0.0 
 07/21  18:36:00,34.0,18.76806597911846,32.55267166952006,18.76806597911846,0.0,8034.454790190816,32.55267166952006,0.0,0.0,0.059871,16.6,0.0,32.55169465906449,0.059871,0.059871,0.0,0.0,0.059871,0.0,0.0,0.0,0.059871,0.0,0.059871,0.0 
 07/21  18:37:00,34.0,18.767497570647183,32.55364562890092,18.767497570647183,0.0,8032.340753653812,32.55364562890092,0.0,0.0,0.059871,16.6,0.0,32.55267166952006,0.059871,0.059871,0.0,0.0,0.059871,0.0,0.0,0.0,0.059871,0.0,0.059871,0.0 
 07/21  18:38:00,34.0,18.766932392495317,32.55461652356958,18.766932392495317,0.0,8030.238730459105,32.55461652356958,0.0,0.0,0.059871,16.6,0.0,32.55364562890092,0.059871,0.059871,0.0,0.0,0.059871,0.0,0.0,0.0,0.059871,0.0,0.059871,0.0 
 07/21  18:39:00,34.0,18.766370127771513,32.55558436522358,18.766370127771513,0.0,8028.147546201135,32.55558436522358,0.0,0.0,0.059871,16.6,0.0,32.55461652356958,0.059871,0.059871,0.0,0.0,0.059871,0.0,0.0,0.0,0.059871,0.0,0.059871,0.0 
 07/21  18:40:00,34.0,18.765811056886605,32.5565491667444,18.765811056886605,0.0,8026.068252671248,32.5565491667444,0.0,0.0,0.059871,16.6,0.0,32.55558436522358,0.059871,0.059871,0.0,0.0,0.059871,0.0,0.0,0.0,0.059871,0.0,0.059871,0.0 
 07/21  18:41:00,34.0,18.76525486626987,32.55751093274359,18.76525486626987,0.0,8023.999675057162,32.55751093274359,0.0,0.0,0.059871,16.6,0.0,32.5565491667444,0.059871,0.059871,0.0,0.0,0.059871,0.0,0.0,0.0,0.059871,0.0,0.059871,0.0 
 07/21  18:42:00,34.0,18.764701834169834,32.55846965390557,18.764701834169834,0.0,8021.942831727247,32.55846965390557,0.0,0.0,0.059871,16.6,0.0,32.55751093274359,0.059871,0.059871,0.0,0.0,0.059871,0.0,0.0,0.0,0.059871,0.0,0.059871,0.0 
 07/21  18:43:00,34.0,18.764151650239558,32.559425362351746,18.764151650239558,0.0,8019.896597940124,32.559425362351746,0.0,0.0,0.059871,16.6,0.0,32.55846965390557,0.059871,0.059871,0.0,0.0,0.059871,0.0,0.0,0.0,0.059871,0.0,0.059871,0.0 
 07/21  18:44:00,34.0,18.76360458772813,32.560378043149385,18.76360458772813,0.0,8017.86198622638,32.560378043149385,0.0,0.0,0.059871,16.6,0.0,32.559425362351746,0.059871,0.059871,0.0,0.0,0.059871,0.0,0.0,0.0,0.059871,0.0,0.059871,0.0 
 07/21  18:45:00,34.0,18.76306034035839,32.561327706851934,18.76306034035839,0.0,8015.8378361332825,32.561327706851934,0.0,0.0,0.059871,16.6,0.0,32.560378043149385,0.059871,0.059871,0.0,0.0,0.059871,0.0,0.0,0.0,0.059871,0.0,0.059871,0.0 
 07/21  18:46:00,34.0,18.76251917897583,32.56227436590464,18.76251917897583,0.0,8013.825163991487,32.56227436590464,0.0,0.0,0.059871,16.6,0.0,32.561327706851934,0.059871,0.059871,0.0,0.0,0.059871,0.0,0.0,0.0,0.059871,0.0,0.059871,0.0 
 07/21  18:47:00,34.0,18.76198079974188,32.563218024856255,18.76198079974188,0.0,8011.822856462045,32.563218024856255,0.0,0.0,0.059871,16.6,0.0,32.56227436590464,0.059871,0.059871,0.0,0.0,0.059871,0.0,0.0,0.0,0.059871,0.0,0.059871,0.0 
 07/21  18:48:00,34.0,18.761445469864686,32.56415867506082,18.761445469864686,0.0,8009.831878328996,32.56415867506082,0.0,0.0,0.059871,16.6,0.0,32.563218024856255,0.059871,0.059871,0.0,0.0,0.059871,0.0,0.0,0.0,0.059871,0.0,0.059871,0.0 
 07/21  18:49:00,34.0,18.760912889002125,32.5650963491558,18.760912889002125,0.0,8007.851141892888,32.5650963491558,0.0,0.0,0.059871,16.6,0.0,32.56415867506082,0.059871,0.059871,0.0,0.0,0.059871,0.0,0.0,0.0,0.059871,0.0,0.059871,0.0 
 07/21  18:50:00,34.0,18.760383320776636,32.566031033599494,18.760383320776636,0.0,8005.881598663345,32.566031033599494,0.0,0.0,0.059871,16.6,0.0,32.5650963491558,0.059871,0.059871,0.0,0.0,0.059871,0.0,0.0,0.0,0.059871,0.0,0.059871,0.0 
 07/21  18:51:00,34.0,18.759856468220608,32.5669627401815,18.759856468220608,0.0,8003.922173434944,32.5669627401815,0.0,0.0,0.059871,16.6,0.0,32.566031033599494,0.059871,0.059871,0.0,0.0,0.059871,0.0,0.0,0.0,0.059871,0.0,0.059871,0.0 
 07/21  18:52:00,34.0,18.759332590767603,32.567891482930946,18.759332590767603,0.0,8001.973814873054,32.567891482930946,0.0,0.0,0.059871,16.6,0.0,32.5669627401815,0.059871,0.059871,0.0,0.0,0.059871,0.0,0.0,0.0,0.059871,0.0,0.059871,0.0 
 07/21  18:53:00,34.0,18.758811395882297,32.568817267988415,18.758811395882297,0.0,8000.035426189984,32.568817267988415,0.0,0.0,0.059871,16.6,0.0,32.567891482930946,0.059871,0.059871,0.0,0.0,0.059871,0.0,0.0,0.0,0.059871,0.0,0.059871,0.0 
 07/21  18:54:00,34.0,18.758293139321626,32.569740088672056,18.758293139321626,0.0,7998.107980428949,32.569740088672056,0.0,0.0,0.059871,16.6,0.0,32.568817267988415,0.059871,0.059871,0.0,0.0,0.059871,0.0,0.0,0.0,0.059871,0.0,0.059871,0.0 
 07/21  18:55:00,34.0,18.757777531761917,32.57065997907963,18.757777531761917,0.0,7996.190380048133,32.57065997907963,0.0,0.0,0.059871,16.6,0.0,32.569740088672056,0.059871,0.059871,0.0,0.0,0.059871,0.0,0.0,0.0,0.059871,0.0,0.059871,0.0 
 07/21  18:56:00,34.0,18.757264825410978,32.57157692771758,18.757264825410978,0.0,7994.283584924178,32.57157692771758,0.0,0.0,0.059871,16.6,0.0,32.57065997907963,0.059871,0.059871,0.0,0.0,0.059871,0.0,0.0,0.0,0.059871,0.0,0.059871,0.0 
 07/21  18:57:00,34.0,18.756754734503737,32.572490947982665,18.756754734503737,0.0,7992.3865107190295,32.572490947982665,0.0,0.0,0.059871,16.6,0.0,32.57157692771758,0.059871,0.059871,0.0,0.0,0.059871,0.0,0.0,0.0,0.059871,0.0,0.059871,0.0 
 07/21  18:58:00,34.0,18.756247508531285,32.57340205563132,18.756247508531285,0.0,7990.500094582599,32.57340205563132,0.0,0.0,0.059871,16.6,0.0,32.572490947982665,0.059871,0.059871,0.0,0.0,0.059871,0.0,0.0,0.0,0.059871,0.0,0.059871,0.0 
 07/21  18:59:00,34.0,18.755742864880975,32.5743102583405,18.755742864880975,0.0,7988.623289168609,32.5743102583405,0.0,0.0,0.059871,16.6,0.0,32.57340205563132,0.059871,0.059871,0.0,0.0,0.059871,0.0,0.0,0.0,0.059871,0.0,0.059871,0.0 
 07/21  19:00:00,34.0,18.755241049547813,32.57521555118985,18.755241049547813,0.0,7986.757006015591,32.57521555118985,0.0,0.0,0.059871,16.6,0.0,32.5743102583405,0.059871,0.059871,0.0,0.0,0.059871,0.0,0.0,0.0,0.059871,0.0,0.059871,0.0,49104000.0 
 07/21  19:01:00,34.0,18.754741783479748,32.57611796937701,18.754741783479748,0.0,7984.900210974606,32.57611796937701,0.0,0.0,0.059871,16.6,0.0,32.57521555118985,0.059871,0.059871,0.0,0.0,0.059871,0.0,0.0,0.0,0.059871,0.0,0.059871,0.0 
 07/21  19:02:00,34.0,18.75424530969603,32.57701750302828,18.75424530969603,0.0,7983.0538045562525,32.57701750302828,0.0,0.0,0.059871,16.6,0.0,32.57611796937701,0.059871,0.059871,0.0,0.0,0.059871,0.0,0.0,0.0,0.059871,0.0,0.059871,0.0 
 07/21  19:03:00,34.0,18.753751353354247,32.57791416662214,18.753751353354247,0.0,7981.216755585392,32.57791416662214,0.0,0.0,0.059871,16.6,0.0,32.57701750302828,0.059871,0.059871,0.0,0.0,0.059871,0.0,0.0,0.0,0.059871,0.0,0.059871,0.0 
 07/21  19:04:00,34.0,18.753260154650672,32.57880797707189,18.753260154650672,0.0,7979.389966745998,32.57880797707189,0.0,0.0,0.059871,16.6,0.0,32.57791416662214,0.059871,0.059871,0.0,0.0,0.059871,0.0,0.0,0.0,0.059871,0.0,0.059871,0.0 
 07/21  19:05:00,34.0,18.752771441528747,32.57969894297998,18.752771441528747,0.0,7977.572429817628,32.57969894297998,0.0,0.0,0.059871,16.6,0.0,32.57880797707189,0.059871,0.059871,0.0,0.0,0.059871,0.0,0.0,0.0,0.059871,0.0,0.059871,0.0 
 07/21  19:06:00,34.0,18.752285450998265,32.58058706057275,18.752285450998265,0.0,7975.765023040381,32.58058706057275,0.0,0.0,0.059871,16.6,0.0,32.57969894297998,0.059871,0.059871,0.0,0.0,0.059871,0.0,0.0,0.0,0.059871,0.0,0.059871,0.0 
 07/21  19:07:00,34.0,18.751801915127324,32.58147236549737,18.751801915127324,0.0,7973.966740865435,32.58147236549737,0.0,0.0,0.059871,16.6,0.0,32.58058706057275,0.059871,0.059871,0.0,0.0,0.059871,0.0,0.0,0.0,0.059871,0.0,0.059871,0.0 
 07/21  19:08:00,34.0,18.751321068459173,32.58235484888233,18.751321068459173,0.0,7972.178465014081,32.58235484888233,0.0,0.0,0.059871,16.6,0.0,32.58147236549737,0.059871,0.059871,0.0,0.0,0.059871,0.0,0.0,0.0,0.059871,0.0,0.059871,0.0 
 07/21  19:09:00,34.0,18.75084264587083,32.58323452566233,18.75084264587083,0.0,7970.399212964758,32.58323452566233,0.0,0.0,0.059871,16.6,0.0,32.58235484888233,0.059871,0.059871,0.0,0.0,0.059871,0.0,0.0,0.0,0.059871,0.0,0.059871,0.0 
 07/21  19:10:00,34.0,18.750366879509205,32.58411141330582,18.750366879509205,0.0,7968.629832329648,32.58411141330582,0.0,0.0,0.059871,16.6,0.0,32.58323452566233,0.059871,0.059871,0.0,0.0,0.059871,0.0,0.0,0.0,0.059871,0.0,0.059871,0.0 
 07/21  19:11:00,34.0,18.74989350780783,32.58498552075756,18.74989350780783,0.0,7966.86936638157,32.58498552075756,0.0,0.0,0.059871,16.6,0.0,32.58411141330582,0.059871,0.059871,0.0,0.0,0.059871,0.0,0.0,0.0,0.059871,0.0,0.059871,0.0 
 07/21  19:12:00,34.0,18.74942275975235,32.58585684484459,18.74942275975235,0.0,7965.1186636236935,32.58585684484459,0.0,0.0,0.059871,16.6,0.0,32.58498552075756,0.059871,0.059871,0.0,0.0,0.059871,0.0,0.0,0.0,0.059871,0.0,0.059871,0.0 
 07/21  19:13:00,34.0,18.748954377420674,32.586725421124996,18.748954377420674,0.0,7963.376755626614,32.586725421124996,0.0,0.0,0.059871,16.6,0.0,32.58585684484459,0.059871,0.059871,0.0,0.0,0.059871,0.0,0.0,0.0,0.059871,0.0,0.059871,0.0 
 07/21  19:14:00,34.0,18.748488587514608,32.587591241241405,18.748488587514608,0.0,7961.644495032938,32.587591241241405,0.0,0.0,0.059871,16.6,0.0,32.586725421124996,0.059871,0.059871,0.0,0.0,0.059871,0.0,0.0,0.0,0.059871,0.0,0.059871,0.0 
 07/21  19:15:00,34.0,18.748025134770963,32.58845432011537,18.748025134770963,0.0,7959.920935865589,32.58845432011537,0.0,0.0,0.059871,16.6,0.0,32.587591241241405,0.059871,0.059871,0.0,0.0,0.059871,0.0,0.0,0.0,0.059871,0.0,0.059871,0.0 
 07/21  19:16:00,34.0,18.747564243788243,32.589314675333995,18.747564243788243,0.0,7958.206897781492,32.589314675333995,0.0,0.0,0.059871,16.6,0.0,32.58845432011537,0.059871,0.059871,0.0,0.0,0.059871,0.0,0.0,0.0,0.059871,0.0,0.059871,0.0 
 07/21  19:17:00,34.0,18.747105663218022,32.590172315778524,18.747105663218022,0.0,7956.501449321809,32.590172315778524,0.0,0.0,0.059871,16.6,0.0,32.589314675333995,0.059871,0.059871,0.0,0.0,0.059871,0.0,0.0,0.0,0.059871,0.0,0.059871,0.0 
 07/21  19:18:00,34.0,18.746649614253315,32.59102723850578,18.746649614253315,0.0,7954.805435283661,32.59102723850578,0.0,0.0,0.059871,16.6,0.0,32.590172315778524,0.059871,0.059871,0.0,0.0,0.059871,0.0,0.0,0.0,0.059871,0.0,0.059871,0.0 
 07/21  19:19:00,34.0,18.7461958486408,32.59187947863122,18.7461958486408,0.0,7953.117897925417,32.59187947863122,0.0,0.0,0.059871,16.6,0.0,32.59102723850578,0.059871,0.059871,0.0,0.0,0.059871,0.0,0.0,0.0,0.059871,0.0,0.059871,0.0 
 07/21  19:20:00,34.0,18.745744585442218,32.59272902799661,18.745744585442218,0.0,7951.439686718641,32.59272902799661,0.0,0.0,0.059871,16.6,0.0,32.59187947863122,0.059871,0.059871,0.0,0.0,0.059871,0.0,0.0,0.0,0.059871,0.0,0.059871,0.0 
 07/21  19:21:00,34.0,18.74529557947349,32.59357590121755,18.74529557947349,0.0,7949.769855315317,32.59357590121755,0.0,0.0,0.059871,16.6,0.0,32.59272902799661,0.059871,0.059871,0.0,0.0,0.059871,0.0,0.0,0.0,0.059871,0.0,0.059871,0.0 
 07/21  19:22:00,34.0,18.74484904748896,32.59442011572954,18.74484904748896,0.0,7948.109244618163,32.59442011572954,0.0,0.0,0.059871,16.6,0.0,32.59357590121755,0.059871,0.059871,0.0,0.0,0.059871,0.0,0.0,0.0,0.059871,0.0,0.059871,0.0 
 07/21  19:23:00,34.0,18.744404747167255,32.5952616801087,18.744404747167255,0.0,7946.4569189072245,32.5952616801087,0.0,0.0,0.059871,16.6,0.0,32.59442011572954,0.059871,0.059871,0.0,0.0,0.059871,0.0,0.0,0.0,0.059871,0.0,0.059871,0.0 
 07/21  19:24:00,34.0,18.74396289353388,32.59610059142195,18.74396289353388,0.0,7944.813700096402,32.59610059142195,0.0,0.0,0.059871,16.6,0.0,32.5952616801087,0.059871,0.059871,0.0,0.0,0.059871,0.0,0.0,0.0,0.059871,0.0,0.059871,0.0 
 07/21  19:25:00,34.0,18.743523246093808,32.59693688414121,18.743523246093808,0.0,7943.17869694542,32.59693688414121,0.0,0.0,0.059871,16.6,0.0,32.59610059142195,0.059871,0.059871,0.0,0.0,0.059871,0.0,0.0,0.0,0.059871,0.0,0.059871,0.0 
 07/21  19:26:00,34.0,18.743086017807126,32.597770550129354,18.743086017807126,0.0,7941.552686009941,32.597770550129354,0.0,0.0,0.059871,16.6,0.0,32.59693688414121,0.059871,0.059871,0.0,0.0,0.059871,0.0,0.0,0.0,0.059871,0.0,0.059871,0.0 
 07/21  19:27:00,34.0,18.74265097123411,32.598601603539386,18.74265097123411,0.0,7939.934799937691,32.598601603539386,0.0,0.0,0.059871,16.6,0.0,32.597770550129354,0.059871,0.059871,0.0,0.0,0.059871,0.0,0.0,0.0,0.059871,0.0,0.059871,0.0 
 07/21  19:28:00,34.0,18.742218317833228,32.599430061509636,18.742218317833228,0.0,7938.325797172561,32.599430061509636,0.0,0.0,0.059871,16.6,0.0,32.598601603539386,0.059871,0.059871,0.0,0.0,0.059871,0.0,0.0,0.0,0.059871,0.0,0.059871,0.0 
 07/21  19:29:00,34.0,18.741787822399687,32.600255932190194,18.741787822399687,0.0,7936.724843748307,32.600255932190194,0.0,0.0,0.059871,16.6,0.0,32.599430061509636,0.059871,0.059871,0.0,0.0,0.059871,0.0,0.0,0.0,0.059871,0.0,0.059871,0.0 
 07/21  19:30:00,34.0,18.741359693896783,32.60107921254673,18.741359693896783,0.0,7935.132676317999,32.60107921254673,0.0,0.0,0.059871,16.6,0.0,32.600255932190194,0.059871,0.059871,0.0,0.0,0.059871,0.0,0.0,0.0,0.059871,0.0,0.059871,0.0 
 07/21  19:31:00,34.0,18.74093370024406,32.60189993631396,18.74093370024406,0.0,7933.54845993385,32.60189993631396,0.0,0.0,0.059871,16.6,0.0,32.60107921254673,0.059871,0.059871,0.0,0.0,0.059871,0.0,0.0,0.0,0.059871,0.0,0.059871,0.0 
 07/21  19:32:00,34.0,18.74051004739257,32.602718095291195,18.74051004739257,0.0,7931.972957735416,32.602718095291195,0.0,0.0,0.059871,16.6,0.0,32.60189993631396,0.059871,0.059871,0.0,0.0,0.059871,0.0,0.0,0.0,0.059871,0.0,0.059871,0.0 
 07/21  19:33:00,34.0,18.740088506064136,32.603533703103004,18.740088506064136,0.0,7930.405307517381,32.603533703103004,0.0,0.0,0.059871,16.6,0.0,32.602718095291195,0.059871,0.059871,0.0,0.0,0.059871,0.0,0.0,0.0,0.059871,0.0,0.059871,0.0 
 07/21  19:34:00,34.0,18.739669281010475,32.604346776525645,18.739669281010475,0.0,7928.846267982881,32.604346776525645,0.0,0.0,0.059871,16.6,0.0,32.603533703103004,0.059871,0.059871,0.0,0.0,0.059871,0.0,0.0,0.0,0.059871,0.0,0.059871,0.0 
 07/21  19:35:00,34.0,18.73925214569681,32.60515732323862,18.73925214569681,0.0,7927.294999641299,32.60515732323862,0.0,0.0,0.059871,16.6,0.0,32.604346776525645,0.059871,0.059871,0.0,0.0,0.059871,0.0,0.0,0.0,0.059871,0.0,0.059871,0.0 
 07/21  19:36:00,34.0,18.73883730204974,32.60596534006114,18.73883730204974,0.0,7925.752263256663,32.60596534006114,0.0,0.0,0.059871,16.6,0.0,32.60515732323862,0.059871,0.059871,0.0,0.0,0.059871,0.0,0.0,0.0,0.059871,0.0,0.059871,0.0 
 07/21  19:37:00,34.0,18.7384245256142,32.606770859961536,18.7384245256142,0.0,7924.217214510973,32.606770859961536,0.0,0.0,0.059871,16.6,0.0,32.60596534006114,0.059871,0.059871,0.0,0.0,0.059871,0.0,0.0,0.0,0.059871,0.0,0.059871,0.0 
 07/21  19:38:00,34.0,18.738014016883376,32.607573874644935,18.738014016883376,0.0,7922.690596325729,32.607573874644935,0.0,0.0,0.059871,16.6,0.0,32.606770859961536,0.059871,0.059871,0.0,0.0,0.059871,0.0,0.0,0.0,0.059871,0.0,0.059871,0.0 
 07/21  19:39:00,34.0,18.737605554089868,32.60837439719344,18.737605554089868,0.0,7921.171586879827,32.60837439719344,0.0,0.0,0.059871,16.6,0.0,32.607573874644935,0.059871,0.059871,0.0,0.0,0.059871,0.0,0.0,0.0,0.059871,0.0,0.059871,0.0 
 07/21  19:40:00,34.0,18.737199335097674,32.60917244400122,18.737199335097674,0.0,7919.660931871031,32.60917244400122,0.0,0.0,0.059871,16.6,0.0,32.60837439719344,0.059871,0.059871,0.0,0.0,0.059871,0.0,0.0,0.0,0.059871,0.0,0.059871,0.0 
 07/21  19:41:00,34.0,18.73679514022642,32.60996802227428,18.73679514022642,0.0,7918.157804688735,32.60996802227428,0.0,0.0,0.059871,16.6,0.0,32.60917244400122,0.059871,0.059871,0.0,0.0,0.059871,0.0,0.0,0.0,0.059871,0.0,0.059871,0.0 
 07/21  19:42:00,34.0,18.73639316599281,32.61076112867565,18.73639316599281,0.0,7916.662933518119,32.61076112867565,0.0,0.0,0.059871,16.6,0.0,32.60996802227428,0.059871,0.059871,0.0,0.0,0.059871,0.0,0.0,0.0,0.059871,0.0,0.059871,0.0 
 07/21  19:43:00,34.0,18.735993194773297,32.61155179541278,18.735993194773297,0.0,7915.175524408505,32.61155179541278,0.0,0.0,0.059871,16.6,0.0,32.61076112867565,0.059871,0.059871,0.0,0.0,0.059871,0.0,0.0,0.0,0.059871,0.0,0.059871,0.0 
 07/21  19:44:00,34.0,18.735595421488473,32.61234001409435,18.735595421488473,0.0,7913.696274604158,32.61234001409435,0.0,0.0,0.059871,16.6,0.0,32.61155179541278,0.059871,0.059871,0.0,0.0,0.059871,0.0,0.0,0.0,0.059871,0.0,0.059871,0.0 
 07/21  19:45:00,34.0,18.735199630918643,32.613125797273156,18.735199630918643,0.0,7912.224411572715,32.613125797273156,0.0,0.0,0.059871,16.6,0.0,32.61234001409435,0.059871,0.059871,0.0,0.0,0.059871,0.0,0.0,0.0,0.059871,0.0,0.059871,0.0 
 07/21  19:46:00,34.0,18.734806015397442,32.61390916096466,18.734806015397442,0.0,7910.760635485967,32.61390916096466,0.0,0.0,0.059871,16.6,0.0,32.613125797273156,0.059871,0.059871,0.0,0.0,0.059871,0.0,0.0,0.0,0.059871,0.0,0.059871,0.0 
 07/21  19:47:00,34.0,18.73441436224466,32.61469011191998,18.73441436224466,0.0,7909.304158202835,32.61469011191998,0.0,0.0,0.059871,16.6,0.0,32.61390916096466,0.059871,0.059871,0.0,0.0,0.059871,0.0,0.0,0.0,0.059871,0.0,0.059871,0.0 
 07/21  19:48:00,34.0,18.734024861547407,32.61546864665407,18.734024861547407,0.0,7907.855696580145,32.61546864665407,0.0,0.0,0.059871,16.6,0.0,32.61469011191998,0.059871,0.059871,0.0,0.0,0.059871,0.0,0.0,0.0,0.059871,0.0,0.059871,0.0 
 07/21  19:49:00,34.0,18.733637303263734,32.616244796636394,18.733637303263734,0.0,7906.414447254851,32.616244796636394,0.0,0.0,0.059871,16.6,0.0,32.61546864665407,0.059871,0.059871,0.0,0.0,0.059871,0.0,0.0,0.0,0.059871,0.0,0.059871,0.0 
 07/21  19:50:00,34.0,18.733251875786703,32.61701855339044,18.733251875786703,0.0,7904.98113330194,32.61701855339044,0.0,0.0,0.059871,16.6,0.0,32.616244796636394,0.059871,0.059871,0.0,0.0,0.059871,0.0,0.0,0.0,0.059871,0.0,0.059871,0.0 
 07/21  19:51:00,34.0,18.732868370636,32.61778992896554,18.732868370636,0.0,7903.554969647871,32.61778992896554,0.0,0.0,0.059871,16.6,0.0,32.61701855339044,0.059871,0.059871,0.0,0.0,0.059871,0.0,0.0,0.0,0.059871,0.0,0.059871,0.0 
 07/21  19:52:00,34.0,18.73248697463474,32.618558939012516,18.73248697463474,0.0,7902.136648554888,32.618558939012516,0.0,0.0,0.059871,16.6,0.0,32.61778992896554,0.059871,0.059871,0.0,0.0,0.059871,0.0,0.0,0.0,0.059871,0.0,0.059871,0.0 
 07/21  19:53:00,34.0,18.73210748165141,32.61932558985544,18.73210748165141,0.0,7900.72540615321,32.61932558985544,0.0,0.0,0.059871,16.6,0.0,32.618558939012516,0.059871,0.059871,0.0,0.0,0.059871,0.0,0.0,0.0,0.059871,0.0,0.059871,0.0 
 07/21  19:54:00,34.0,18.731730076630143,32.6200898778769,18.731730076630143,0.0,7899.321927741935,32.6200898778769,0.0,0.0,0.059871,16.6,0.0,32.61932558985544,0.059871,0.059871,0.0,0.0,0.059871,0.0,0.0,0.0,0.059871,0.0,0.059871,0.0 
 07/21  19:55:00,34.0,18.731354555440074,32.62085183383877,18.731354555440074,0.0,7897.9254568662645,32.62085183383877,0.0,0.0,0.059871,16.6,0.0,32.6200898778769,0.059871,0.059871,0.0,0.0,0.059871,0.0,0.0,0.0,0.059871,0.0,0.059871,0.0 
 07/21  19:56:00,34.0,18.730981101097615,32.62161144919673,18.730981101097615,0.0,7896.536671681511,32.62161144919673,0.0,0.0,0.059871,16.6,0.0,32.62085183383877,0.059871,0.059871,0.0,0.0,0.059871,0.0,0.0,0.0,0.059871,0.0,0.059871,0.0 
 07/21  19:57:00,34.0,18.73060951096858,32.62236873552844,18.73060951096858,0.0,7895.154833756533,32.62236873552844,0.0,0.0,0.059871,16.6,0.0,32.62161144919673,0.059871,0.059871,0.0,0.0,0.059871,0.0,0.0,0.0,0.059871,0.0,0.059871,0.0 
 07/21  19:58:00,34.0,18.73023996668358,32.62312370814,18.73023996668358,0.0,7893.780591156237,32.62312370814,0.0,0.0,0.059871,16.6,0.0,32.62236873552844,0.059871,0.059871,0.0,0.0,0.059871,0.0,0.0,0.0,0.059871,0.0,0.059871,0.0 
 07/21  19:59:00,34.0,18.729872267969917,32.623876372961476,18.729872267969917,0.0,7892.4132266752895,32.623876372961476,0.0,0.0,0.059871,16.6,0.0,32.62312370814,0.059871,0.059871,0.0,0.0,0.059871,0.0,0.0,0.0,0.059871,0.0,0.059871,0.0 
 07/21  20:00:00,34.0,18.72950659467186,32.62462672626353,18.72950659467186,0.0,7891.053381768543,32.62462672626353,0.0,0.0,0.059871,16.6,0.0,32.623876372961476,0.059871,0.059871,0.0,0.0,0.059871,0.0,0.0,0.0,0.059871,0.0,0.059871,0.0,49104000.0 
 07/21  20:01:00,34.0,18.729142748441372,32.62537479813529,18.729142748441372,0.0,7889.700346354271,32.62537479813529,0.0,0.0,0.059871,16.6,0.0,32.62462672626353,0.059871,0.059871,0.0,0.0,0.059871,0.0,0.0,0.0,0.059871,0.0,0.059871,0.0 
 07/21  20:02:00,34.0,18.728780907241337,32.62612057998526,18.728780907241337,0.0,7888.354754924917,32.62612057998526,0.0,0.0,0.059871,16.6,0.0,32.62537479813529,0.059871,0.059871,0.0,0.0,0.059871,0.0,0.0,0.0,0.059871,0.0,0.059871,0.0 
 07/21  20:03:00,34.0,18.728420874681913,32.626864082953574,18.728420874681913,0.0,7887.015904646755,32.626864082953574,0.0,0.0,0.059871,16.6,0.0,32.62612057998526,0.059871,0.059871,0.0,0.0,0.059871,0.0,0.0,0.0,0.059871,0.0,0.059871,0.0 
 07/21  20:04:00,34.0,18.728062826941777,32.627605322023356,18.728062826941777,0.0,7885.684423409884,32.627605322023356,0.0,0.0,0.059871,16.6,0.0,32.626864082953574,0.059871,0.059871,0.0,0.0,0.059871,0.0,0.0,0.0,0.059871,0.0,0.059871,0.0 
 07/21  20:05:00,34.0,18.727706569610252,32.62834430276412,18.727706569610252,0.0,7884.359615706298,32.62834430276412,0.0,0.0,0.059871,16.6,0.0,32.627605322023356,0.059871,0.059871,0.0,0.0,0.059871,0.0,0.0,0.0,0.059871,0.0,0.059871,0.0 
 07/21  20:06:00,34.0,18.727352277109187,32.629081021355255,18.727352277109187,0.0,7883.042102925101,32.629081021355255,0.0,0.0,0.059871,16.6,0.0,32.62834430276412,0.059871,0.059871,0.0,0.0,0.059871,0.0,0.0,0.0,0.059871,0.0,0.059871,0.0 
 07/21  20:07:00,34.0,18.72699975698185,32.62981550724766,18.72699975698185,0.0,7881.731196790679,32.62981550724766,0.0,0.0,0.059871,16.6,0.0,32.629081021355255,0.059871,0.059871,0.0,0.0,0.059871,0.0,0.0,0.0,0.059871,0.0,0.059871,0.0 
 07/21  20:08:00,34.0,18.726649181905128,32.63054775182296,18.726649181905128,0.0,7880.427512235015,32.63054775182296,0.0,0.0,0.059871,16.6,0.0,32.62981550724766,0.059871,0.059871,0.0,0.0,0.059871,0.0,0.0,0.0,0.059871,0.0,0.059871,0.0 
 07/21  20:09:00,34.0,18.726300361894566,32.631277765816954,18.726300361894566,0.0,7879.130357687809,32.631277765816954,0.0,0.0,0.059871,16.6,0.0,32.63054775182296,0.059871,0.059871,0.0,0.0,0.059871,0.0,0.0,0.0,0.059871,0.0,0.059871,0.0 
 07/21  20:10:00,34.0,18.725953466909704,32.632005563911264,18.725953466909704,0.0,7877.840375364126,32.632005563911264,0.0,0.0,0.059871,16.6,0.0,32.631277765816954,0.059871,0.059871,0.0,0.0,0.059871,0.0,0.0,0.0,0.059871,0.0,0.059871,0.0 
 07/21  20:11:00,34.0,18.725608309014813,32.63273115134714,18.725608309014813,0.0,7876.556843938456,32.63273115134714,0.0,0.0,0.059871,16.6,0.0,32.632005563911264,0.059871,0.059871,0.0,0.0,0.059871,0.0,0.0,0.0,0.059871,0.0,0.059871,0.0 
 07/21  20:12:00,34.0,18.725265057284542,32.63345452423265,18.725265057284542,0.0,7875.280402348749,32.63345452423265,0.0,0.0,0.059871,16.6,0.0,32.63273115134714,0.059871,0.059871,0.0,0.0,0.059871,0.0,0.0,0.0,0.059871,0.0,0.059871,0.0 
 07/21  20:13:00,34.0,18.72492352534821,32.63417571141352,18.72492352534821,0.0,7874.010359963454,32.63417571141352,0.0,0.0,0.059871,16.6,0.0,32.63345452423265,0.059871,0.059871,0.0,0.0,0.059871,0.0,0.0,0.0,0.059871,0.0,0.059871,0.0 
 07/21  20:14:00,34.0,18.724583880263268,32.63489470426337,18.724583880263268,0.0,7872.7473357975805,32.63489470426337,0.0,0.0,0.059871,16.6,0.0,32.63417571141352,0.059871,0.059871,0.0,0.0,0.059871,0.0,0.0,0.0,0.059871,0.0,0.059871,0.0 
 07/21  20:15:00,34.0,18.724245937460086,32.63561151314457,18.724245937460086,0.0,7871.490645894555,32.63561151314457,0.0,0.0,0.059871,16.6,0.0,32.63489470426337,0.059871,0.059871,0.0,0.0,0.059871,0.0,0.0,0.0,0.059871,0.0,0.059871,0.0 
 07/21  20:16:00,34.0,18.72390986292115,32.63632615245684,18.72390986292115,0.0,7870.240892853653,32.63632615245684,0.0,0.0,0.059871,16.6,0.0,32.63561151314457,0.059871,0.059871,0.0,0.0,0.059871,0.0,0.0,0.0,0.059871,0.0,0.059871,0.0 
 07/21  20:17:00,34.0,18.723575473559485,32.63703862714247,18.723575473559485,0.0,7868.997423079945,32.63703862714247,0.0,0.0,0.059871,16.6,0.0,32.63632615245684,0.059871,0.059871,0.0,0.0,0.059871,0.0,0.0,0.0,0.059871,0.0,0.059871,0.0 
 07/21  20:18:00,34.0,18.72324293342286,32.63774893325551,18.72324293342286,0.0,7867.760819573268,32.63774893325551,0.0,0.0,0.059871,16.6,0.0,32.63703862714247,0.059871,0.059871,0.0,0.0,0.059871,0.0,0.0,0.0,0.059871,0.0,0.059871,0.0 
 07/21  20:19:00,34.0,18.722912061246415,32.63845709906609,18.722912061246415,0.0,7866.530435482946,32.63845709906609,0.0,0.0,0.059871,16.6,0.0,32.63774893325551,0.059871,0.059871,0.0,0.0,0.059871,0.0,0.0,0.0,0.059871,0.0,0.059871,0.0 
 07/21  20:20:00,34.0,18.722583019522023,32.63916311595559,18.722583019522023,0.0,7865.306848051837,32.63916311595559,0.0,0.0,0.059871,16.6,0.0,32.63845709906609,0.059871,0.059871,0.0,0.0,0.059871,0.0,0.0,0.0,0.059871,0.0,0.059871,0.0 
 07/21  20:21:00,34.0,18.722255629425902,32.6398669939398,18.722255629425902,0.0,7864.089407045958,32.6398669939398,0.0,0.0,0.059871,16.6,0.0,32.63916311595559,0.059871,0.059871,0.0,0.0,0.059871,0.0,0.0,0.0,0.059871,0.0,0.059871,0.0 
 07/21  20:22:00,34.0,18.721930051944806,32.64056874715283,18.721930051944806,0.0,7862.878696564767,32.64056874715283,0.0,0.0,0.059871,16.6,0.0,32.6398669939398,0.059871,0.059871,0.0,0.0,0.059871,0.0,0.0,0.0,0.059871,0.0,0.059871,0.0 
 07/21  20:23:00,34.0,18.72160610930793,32.64126838026306,18.72160610930793,0.0,7861.674082689824,32.64126838026306,0.0,0.0,0.059871,16.6,0.0,32.64056874715283,0.059871,0.059871,0.0,0.0,0.059871,0.0,0.0,0.0,0.059871,0.0,0.059871,0.0 
 07/21  20:24:00,34.0,18.721283960547762,32.64196588928439,18.721283960547762,0.0,7860.476129861681,32.64196588928439,0.0,0.0,0.059871,16.6,0.0,32.64126838026306,0.059871,0.059871,0.0,0.0,0.059871,0.0,0.0,0.0,0.059871,0.0,0.059871,0.0 
 07/21  20:25:00,34.0,18.72096342974945,32.64266130193716,18.72096342974945,0.0,7859.284211031745,32.64266130193716,0.0,0.0,0.059871,16.6,0.0,32.64196588928439,0.059871,0.059871,0.0,0.0,0.059871,0.0,0.0,0.0,0.059871,0.0,0.059871,0.0 
 07/21  20:26:00,34.0,18.720644675062218,32.64335460962328,18.720644675062218,0.0,7858.098874965249,32.64335460962328,0.0,0.0,0.059871,16.6,0.0,32.64266130193716,0.059871,0.059871,0.0,0.0,0.059871,0.0,0.0,0.0,0.059871,0.0,0.059871,0.0 
 07/21  20:27:00,34.0,18.720327522559437,32.64404582203545,18.720327522559437,0.0,7856.919514388383,32.64404582203545,0.0,0.0,0.059871,16.6,0.0,32.64335460962328,0.059871,0.059871,0.0,0.0,0.059871,0.0,0.0,0.0,0.059871,0.0,0.059871,0.0 
 07/21  20:28:00,34.0,18.72001212755155,32.64473495305612,18.72001212755155,0.0,7855.746692372395,32.64473495305612,0.0,0.0,0.059871,16.6,0.0,32.64404582203545,0.059871,0.059871,0.0,0.0,0.059871,0.0,0.0,0.0,0.059871,0.0,0.059871,0.0 
 07/21  20:29:00,34.0,18.719698318520727,32.64542200710198,18.719698318520727,0.0,7854.579760927809,32.64542200710198,0.0,0.0,0.059871,16.6,0.0,32.64473495305612,0.059871,0.059871,0.0,0.0,0.059871,0.0,0.0,0.0,0.059871,0.0,0.059871,0.0 
 07/21  20:30:00,34.0,18.71938624966943,32.64610698015869,18.71938624966943,0.0,7853.419303841179,32.64610698015869,0.0,0.0,0.059871,16.6,0.0,32.64542200710198,0.059871,0.059871,0.0,0.0,0.059871,0.0,0.0,0.0,0.059871,0.0,0.059871,0.0 
 07/21  20:31:00,34.0,18.719075750664572,32.646789899419964,18.719075750664572,0.0,7852.264689918525,32.646789899419964,0.0,0.0,0.059871,16.6,0.0,32.64610698015869,0.059871,0.059871,0.0,0.0,0.059871,0.0,0.0,0.0,0.059871,0.0,0.059871,0.0 
 07/21  20:32:00,34.0,18.718766974382323,32.64747075631911,18.718766974382323,0.0,7851.116473224711,32.64747075631911,0.0,0.0,0.059871,16.6,0.0,32.646789899419964,0.059871,0.059871,0.0,0.0,0.059871,0.0,0.0,0.0,0.059871,0.0,0.059871,0.0 
 07/21  20:33:00,34.0,18.718459752339307,32.64814956024647,18.718459752339307,0.0,7849.97404182322,32.64814956024647,0.0,0.0,0.059871,16.6,0.0,32.64747075631911,0.059871,0.059871,0.0,0.0,0.059871,0.0,0.0,0.0,0.059871,0.0,0.059871,0.0 
 07/21  20:34:00,34.0,18.718154235259522,32.64882632484472,18.718154235259522,0.0,7848.837954202077,32.64882632484472,0.0,0.0,0.059871,16.6,0.0,32.64814956024647,0.059871,0.059871,0.0,0.0,0.059871,0.0,0.0,0.0,0.059871,0.0,0.059871,0.0 
 07/21  20:35:00,34.0,18.71785025614593,32.64950105429802,18.71785025614593,0.0,7847.7075915309615,32.64950105429802,0.0,0.0,0.059871,16.6,0.0,32.64882632484472,0.059871,0.059871,0.0,0.0,0.059871,0.0,0.0,0.0,0.059871,0.0,0.059871,0.0 
 07/21  20:36:00,34.0,18.71754796484872,32.650173744573394,18.71754796484872,0.0,7846.583496669496,32.650173744573394,0.0,0.0,0.059871,16.6,0.0,32.64950105429802,0.059871,0.059871,0.0,0.0,0.059871,0.0,0.0,0.0,0.059871,0.0,0.059871,0.0 
 07/21  20:37:00,34.0,18.717247196345387,32.650844422358084,18.717247196345387,0.0,7845.465070499213,32.650844422358084,0.0,0.0,0.059871,16.6,0.0,32.650173744573394,0.059871,0.059871,0.0,0.0,0.059871,0.0,0.0,0.0,0.059871,0.0,0.059871,0.0 
 07/21  20:38:00,34.0,18.71694809833312,32.65151307912537,18.71694809833312,0.0,7844.352860291842,32.65151307912537,0.0,0.0,0.059871,16.6,0.0,32.650844422358084,0.059871,0.059871,0.0,0.0,0.059871,0.0,0.0,0.0,0.059871,0.0,0.059871,0.0 
 07/21  20:39:00,34.0,18.716650507714636,32.65217972398145,18.716650507714636,0.0,7843.246249285066,32.65217972398145,0.0,0.0,0.059871,16.6,0.0,32.65151307912537,0.059871,0.059871,0.0,0.0,0.059871,0.0,0.0,0.0,0.059871,0.0,0.059871,0.0 
 07/21  20:40:00,34.0,18.716354570852605,32.65284437033967,18.716354570852605,0.0,7842.145792193633,32.65284437033967,0.0,0.0,0.059871,16.6,0.0,32.65217972398145,0.059871,0.059871,0.0,0.0,0.059871,0.0,0.0,0.0,0.059871,0.0,0.059871,0.0 
 07/21  20:41:00,34.0,18.71606012573541,32.65350702216935,18.71606012573541,0.0,7841.050888663481,32.65350702216935,0.0,0.0,0.059871,16.6,0.0,32.65284437033967,0.059871,0.059871,0.0,0.0,0.059871,0.0,0.0,0.0,0.059871,0.0,0.059871,0.0 
 07/21  20:42:00,34.0,18.715767317564723,32.654167675428084,18.715767317564723,0.0,7839.962064340116,32.654167675428084,0.0,0.0,0.059871,16.6,0.0,32.65350702216935,0.059871,0.059871,0.0,0.0,0.059871,0.0,0.0,0.0,0.059871,0.0,0.059871,0.0 
 07/21  20:43:00,34.0,18.71547598618972,32.65482635631651,18.71547598618972,0.0,7838.878738148005,32.65482635631651,0.0,0.0,0.059871,16.6,0.0,32.654167675428084,0.059871,0.059871,0.0,0.0,0.059871,0.0,0.0,0.0,0.059871,0.0,0.059871,0.0 
 07/21  20:44:00,34.0,18.71518627530865,32.65548305635699,18.71518627530865,0.0,7837.801430165305,32.65548305635699,0.0,0.0,0.059871,16.6,0.0,32.65482635631651,0.059871,0.059871,0.0,0.0,0.059871,0.0,0.0,0.0,0.059871,0.0,0.059871,0.0 
 07/21  20:45:00,34.0,18.71489802574701,32.65613778438959,18.71489802574701,0.0,7836.7295753041435,32.65613778438959,0.0,0.0,0.059871,16.6,0.0,32.65548305635699,0.059871,0.059871,0.0,0.0,0.059871,0.0,0.0,0.0,0.059871,0.0,0.059871,0.0 
 07/21  20:46:00,34.0,18.71461138008783,32.656790553609234,18.71461138008783,0.0,7835.663664766107,32.656790553609234,0.0,0.0,0.059871,16.6,0.0,32.65613778438959,0.059871,0.059871,0.0,0.0,0.059871,0.0,0.0,0.0,0.059871,0.0,0.059871,0.0 
 07/21  20:47:00,34.0,18.71432618103217,32.657441367787264,18.71432618103217,0.0,7834.603152781251,32.657441367787264,0.0,0.0,0.059871,16.6,0.0,32.656790553609234,0.059871,0.059871,0.0,0.0,0.059871,0.0,0.0,0.0,0.059871,0.0,0.059871,0.0 
 07/21  20:48:00,34.0,18.714042569177465,32.65809022288054,18.714042569177465,0.0,7833.54853557194,32.65809022288054,0.0,0.0,0.059871,16.6,0.0,32.657441367787264,0.059871,0.059871,0.0,0.0,0.059871,0.0,0.0,0.0,0.059871,0.0,0.059871,0.0 
 07/21  20:49:00,34.0,18.71376038970321,32.658737144621135,18.71376038970321,0.0,7832.4992394397805,32.658737144621135,0.0,0.0,0.059871,16.6,0.0,32.65809022288054,0.059871,0.059871,0.0,0.0,0.059871,0.0,0.0,0.0,0.059871,0.0,0.059871,0.0 
 07/21  20:50:00,34.0,18.713479780998785,32.659382124588014,18.713479780998785,0.0,7831.455801897791,32.659382124588014,0.0,0.0,0.059871,16.6,0.0,32.658737144621135,0.059871,0.059871,0.0,0.0,0.059871,0.0,0.0,0.0,0.059871,0.0,0.059871,0.0 
 07/21  20:51:00,34.0,18.71320058994149,32.66002517137079,18.71320058994149,0.0,7830.417618443321,32.66002517137079,0.0,0.0,0.059871,16.6,0.0,32.659382124588014,0.059871,0.059871,0.0,0.0,0.059871,0.0,0.0,0.0,0.059871,0.0,0.059871,0.0 
 07/21  20:52:00,34.0,18.71292295366471,32.66066629795485,18.71292295366471,0.0,7829.385234293168,32.66066629795485,0.0,0.0,0.059871,16.6,0.0,32.66002517137079,0.059871,0.059871,0.0,0.0,0.059871,0.0,0.0,0.0,0.059871,0.0,0.059871,0.0 
 07/21  20:53:00,34.0,18.712646720645722,32.66130550792798,18.712646720645722,0.0,7828.358050885095,32.66130550792798,0.0,0.0,0.059871,16.6,0.0,32.66066629795485,0.059871,0.059871,0.0,0.0,0.059871,0.0,0.0,0.0,0.059871,0.0,0.059871,0.0 
 07/21  20:54:00,34.0,18.712372026548728,32.661942797253026,18.712372026548728,0.0,7827.33660798076,32.661942797253026,0.0,0.0,0.059871,16.6,0.0,32.66130550792798,0.059871,0.059871,0.0,0.0,0.059871,0.0,0.0,0.0,0.059871,0.0,0.059871,0.0 
 07/21  20:55:00,34.0,18.712098720809156,32.66257819120915,18.712098720809156,0.0,7826.3203229344435,32.66257819120915,0.0,0.0,0.059871,16.6,0.0,32.661942797253026,0.059871,0.059871,0.0,0.0,0.059871,0.0,0.0,0.0,0.059871,0.0,0.059871,0.0 
 07/21  20:56:00,34.0,18.711826938635365,32.66321168143765,18.711826938635365,0.0,7825.309696744148,32.66321168143765,0.0,0.0,0.059871,16.6,0.0,32.66257819120915,0.059871,0.059871,0.0,0.0,0.059871,0.0,0.0,0.0,0.059871,0.0,0.059871,0.0 
 07/21  20:57:00,34.0,18.711556530853628,32.66384327629095,18.711556530853628,0.0,7824.304188989354,32.66384327629095,0.0,0.0,0.059871,16.6,0.0,32.66321168143765,0.059871,0.059871,0.0,0.0,0.059871,0.0,0.0,0.0,0.059871,0.0,0.059871,0.0 
 07/21  20:58:00,34.0,18.711287630456646,32.66447298855206,18.711287630456646,0.0,7823.304292452422,32.66447298855206,0.0,0.0,0.059871,16.6,0.0,32.66384327629095,0.059871,0.059871,0.0,0.0,0.059871,0.0,0.0,0.0,0.059871,0.0,0.059871,0.0 
 07/21  20:59:00,34.0,18.711020090118012,32.665100821637225,18.711020090118012,0.0,7822.309448855135,32.665100821637225,0.0,0.0,0.059871,16.6,0.0,32.66447298855206,0.059871,0.059871,0.0,0.0,0.059871,0.0,0.0,0.0,0.059871,0.0,0.059871,0.0 
 07/21  21:00:00,34.0,18.71075404230411,32.665726771520205,18.71075404230411,0.0,7821.320149034664,32.665726771520205,0.0,0.0,0.059871,16.6,0.0,32.665100821637225,0.059871,0.059871,0.0,0.0,0.059871,0.0,0.0,0.0,0.059871,0.0,0.059871,0.0,49104000.0 
 07/21  21:01:00,34.0,18.7104893408239,32.6663508630407,18.7104893408239,0.0,7820.3358636171515,32.6663508630407,0.0,0.0,0.059871,16.6,0.0,32.665726771520205,0.059871,0.059871,0.0,0.0,0.059871,0.0,0.0,0.0,0.059871,0.0,0.059871,0.0 
 07/21  21:02:00,34.0,18.710226115866682,32.66697308790635,18.710226115866682,0.0,7819.357074996719,32.66697308790635,0.0,0.0,0.059871,16.6,0.0,32.6663508630407,0.059871,0.059871,0.0,0.0,0.059871,0.0,0.0,0.0,0.059871,0.0,0.059871,0.0 
 07/21  21:03:00,34.0,18.709964223081563,32.667593454243544,18.709964223081563,0.0,7818.383235929155,32.667593454243544,0.0,0.0,0.059871,16.6,0.0,32.66697308790635,0.059871,0.059871,0.0,0.0,0.059871,0.0,0.0,0.0,0.059871,0.0,0.059871,0.0 
 07/21  21:04:00,34.0,18.709703792203122,32.66821197463863,18.709703792203122,0.0,7817.414827128664,32.66821197463863,0.0,0.0,0.059871,16.6,0.0,32.667593454243544,0.059871,0.059871,0.0,0.0,0.059871,0.0,0.0,0.0,0.059871,0.0,0.059871,0.0 
 07/21  21:05:00,34.0,18.70944468001919,32.66882865234653,18.70944468001919,0.0,7816.451330253908,32.66882865234653,0.0,0.0,0.059871,16.6,0.0,32.66821197463863,0.059871,0.059871,0.0,0.0,0.059871,0.0,0.0,0.0,0.059871,0.0,0.059871,0.0 
 07/21  21:06:00,34.0,18.70918701456043,32.669443483355835,18.70918701456043,0.0,7815.493207364584,32.669443483355835,0.0,0.0,0.059871,16.6,0.0,32.66882865234653,0.059871,0.059871,0.0,0.0,0.059871,0.0,0.0,0.0,0.059871,0.0,0.059871,0.0 
 07/21  21:07:00,34.0,18.70893065398537,32.670056492079006,18.70893065398537,0.0,7814.539945195697,32.670056492079006,0.0,0.0,0.059871,16.6,0.0,32.669443483355835,0.059871,0.059871,0.0,0.0,0.059871,0.0,0.0,0.0,0.059871,0.0,0.059871,0.0 
 07/21  21:08:00,34.0,18.708675725051577,32.67066767029363,18.708675725051577,0.0,7813.592001092738,32.67066767029363,0.0,0.0,0.059871,16.6,0.0,32.670056492079006,0.059871,0.059871,0.0,0.0,0.059871,0.0,0.0,0.0,0.059871,0.0,0.059871,0.0 
 07/21  21:09:00,34.0,18.708422087449527,32.671277025910875,18.708422087449527,0.0,7812.648867464595,32.671277025910875,0.0,0.0,0.059871,16.6,0.0,32.67066767029363,0.059871,0.059871,0.0,0.0,0.059871,0.0,0.0,0.0,0.059871,0.0,0.059871,0.0 
 07/21  21:10:00,34.0,18.708169866661876,32.671884571326544,18.708169866661876,0.0,7811.710996935785,32.671884571326544,0.0,0.0,0.059871,16.6,0.0,32.671277025910875,0.059871,0.059871,0.0,0.0,0.059871,0.0,0.0,0.0,0.059871,0.0,0.059871,0.0 
 07/21  21:11:00,34.0,18.707918924369427,32.67249030964488,18.707918924369427,0.0,7810.777876960528,32.67249030964488,0.0,0.0,0.059871,16.6,0.0,32.671884571326544,0.059871,0.059871,0.0,0.0,0.059871,0.0,0.0,0.0,0.059871,0.0,0.059871,0.0 
 07/21  21:12:00,34.0,18.707669384306158,32.673094236874164,18.707669384306158,0.0,7809.849978342618,32.673094236874164,0.0,0.0,0.059871,16.6,0.0,32.67249030964488,0.059871,0.059871,0.0,0.0,0.059871,0.0,0.0,0.0,0.059871,0.0,0.059871,0.0 
 07/21  21:13:00,34.0,18.7074211087371,32.673696377012455,18.7074211087371,0.0,7808.92679069681,32.673696377012455,0.0,0.0,0.059871,16.6,0.0,32.673094236874164,0.059871,0.059871,0.0,0.0,0.059871,0.0,0.0,0.0,0.059871,0.0,0.059871,0.0 
 07/21  21:14:00,34.0,18.707174221061,32.67429672191177,18.707174221061,0.0,7808.008746609853,32.67429672191177,0.0,0.0,0.059871,16.6,0.0,32.673696377012455,0.059871,0.059871,0.0,0.0,0.059871,0.0,0.0,0.0,0.059871,0.0,0.059871,0.0 
 07/21  21:15:00,34.0,18.706928585457387,32.674895279278836,18.706928585457387,0.0,7807.095367442075,32.674895279278836,0.0,0.0,0.059871,16.6,0.0,32.67429672191177,0.059871,0.059871,0.0,0.0,0.059871,0.0,0.0,0.0,0.059871,0.0,0.059871,0.0 
 07/21  21:16:00,34.0,18.706684322870963,32.67549206132483,18.706684322870963,0.0,7806.187101331097,32.67549206132483,0.0,0.0,0.059871,16.6,0.0,32.674895279278836,0.059871,0.059871,0.0,0.0,0.059871,0.0,0.0,0.0,0.059871,0.0,0.059871,0.0 
 07/21  21:17:00,34.0,18.706441298941623,32.67608707101259,18.706441298941623,0.0,7805.283438080992,32.67608707101259,0.0,0.0,0.059871,16.6,0.0,32.67549206132483,0.059871,0.059871,0.0,0.0,0.059871,0.0,0.0,0.0,0.059871,0.0,0.059871,0.0 
 07/21  21:18:00,34.0,18.70619963418626,32.6766803043733,18.70619963418626,0.0,7804.384824248823,32.6766803043733,0.0,0.0,0.059871,16.6,0.0,32.67608707101259,0.059871,0.059871,0.0,0.0,0.059871,0.0,0.0,0.0,0.059871,0.0,0.059871,0.0 
 07/21  21:19:00,34.0,18.705959195893442,32.67727178500089,18.705959195893442,0.0,7803.490768070433,32.67727178500089,0.0,0.0,0.059871,16.6,0.0,32.6766803043733,0.059871,0.059871,0.0,0.0,0.059871,0.0,0.0,0.0,0.059871,0.0,0.059871,0.0 
 07/21  21:20:00,34.0,18.705720102596658,32.67786150482356,18.705720102596658,0.0,7802.6017210659575,32.67786150482356,0.0,0.0,0.059871,16.6,0.0,32.67727178500089,0.059871,0.059871,0.0,0.0,0.059871,0.0,0.0,0.0,0.059871,0.0,0.059871,0.0 
 07/21  21:21:00,34.0,18.705482222062617,32.67844947135119,18.705482222062617,0.0,7801.7171932388055,32.67844947135119,0.0,0.0,0.059871,16.6,0.0,32.67786150482356,0.059871,0.059871,0.0,0.0,0.059871,0.0,0.0,0.0,0.059871,0.0,0.059871,0.0 
 07/21  21:22:00,34.0,18.705245672605912,32.67903569661367,18.705245672605912,0.0,7800.837598361545,32.67903569661367,0.0,0.0,0.059871,16.6,0.0,32.67844947135119,0.059871,0.059871,0.0,0.0,0.059871,0.0,0.0,0.0,0.059871,0.0,0.059871,0.0 
 07/21  21:23:00,34.0,18.705010323930114,32.67962018343904,18.705010323930114,0.0,7799.962478240332,32.67962018343904,0.0,0.0,0.059871,16.6,0.0,32.67903569661367,0.059871,0.059871,0.0,0.0,0.059871,0.0,0.0,0.0,0.059871,0.0,0.059871,0.0 
 07/21  21:24:00,34.0,18.70477629252016,32.68020292788296,18.70477629252016,0.0,7799.092252180485,32.68020292788296,0.0,0.0,0.059871,16.6,0.0,32.67962018343904,0.059871,0.059871,0.0,0.0,0.059871,0.0,0.0,0.0,0.059871,0.0,0.059871,0.0 
 07/21  21:25:00,34.0,18.70454344905727,32.68078395314413,18.70454344905727,0.0,7798.226453295674,32.68078395314413,0.0,0.0,0.059871,16.6,0.0,32.68020292788296,0.059871,0.059871,0.0,0.0,0.059871,0.0,0.0,0.0,0.059871,0.0,0.059871,0.0 
 07/21  21:26:00,34.0,18.70431190880498,32.681363251228476,18.70431190880498,0.0,7797.3654963683475,32.681363251228476,0.0,0.0,0.059871,16.6,0.0,32.68078395314413,0.059871,0.059871,0.0,0.0,0.059871,0.0,0.0,0.0,0.059871,0.0,0.059871,0.0 
 07/21  21:27:00,34.0,18.704081544459,32.68194082945678,18.704081544459,0.0,7796.50890967232,32.68194082945678,0.0,0.0,0.059871,16.6,0.0,32.681363251228476,0.059871,0.059871,0.0,0.0,0.059871,0.0,0.0,0.0,0.059871,0.0,0.059871,0.0 
 07/21  21:28:00,34.0,18.703852469749958,32.68251669968184,18.703852469749958,0.0,7795.6571269181495,32.68251669968184,0.0,0.0,0.059871,16.6,0.0,32.68194082945678,0.059871,0.059871,0.0,0.0,0.059871,0.0,0.0,0.0,0.059871,0.0,0.059871,0.0 
 07/21  21:29:00,34.0,18.703624558982032,32.68309086460473,18.703624558982032,0.0,7794.809657737937,32.68309086460473,0.0,0.0,0.059871,16.6,0.0,32.68251669968184,0.059871,0.059871,0.0,0.0,0.059871,0.0,0.0,0.0,0.059871,0.0,0.059871,0.0 
 07/21  21:30:00,34.0,18.70339792477349,32.683663320308774,18.70339792477349,0.0,7793.966944019235,32.683663320308774,0.0,0.0,0.059871,16.6,0.0,32.68309086460473,0.059871,0.059871,0.0,0.0,0.059871,0.0,0.0,0.0,0.059871,0.0,0.059871,0.0 
 07/21  21:31:00,34.0,18.703172441555772,32.68423408960783,18.703172441555772,0.0,7793.128520464015,32.68423408960783,0.0,0.0,0.059871,16.6,0.0,32.683663320308774,0.059871,0.059871,0.0,0.0,0.059871,0.0,0.0,0.0,0.059871,0.0,0.059871,0.0 
 07/21  21:32:00,34.0,18.702948221499064,32.68480316458856,18.702948221499064,0.0,7792.294778106725,32.68480316458856,0.0,0.0,0.059871,16.6,0.0,32.68423408960783,0.059871,0.059871,0.0,0.0,0.059871,0.0,0.0,0.0,0.059871,0.0,0.059871,0.0 
 07/21  21:33:00,34.0,18.702725140851605,32.6853705523912,18.702725140851605,0.0,7791.465282976701,32.6853705523912,0.0,0.0,0.059871,16.6,0.0,32.68480316458856,0.059871,0.059871,0.0,0.0,0.059871,0.0,0.0,0.0,0.059871,0.0,0.059871,0.0 
 07/21  21:34:00,34.0,18.702503310081898,32.68593626469646,18.702503310081898,0.0,7790.640432100222,32.68593626469646,0.0,0.0,0.059871,16.6,0.0,32.6853705523912,0.059871,0.059871,0.0,0.0,0.059871,0.0,0.0,0.0,0.059871,0.0,0.059871,0.0 
 07/21  21:35:00,34.0,18.702282606428746,32.68650030408586,18.702282606428746,0.0,7789.819782877207,32.68650030408586,0.0,0.0,0.059871,16.6,0.0,32.68593626469646,0.059871,0.059871,0.0,0.0,0.059871,0.0,0.0,0.0,0.059871,0.0,0.059871,0.0 
 07/21  21:36:00,34.0,18.702063139771862,32.68706266667285,18.702063139771862,0.0,7789.003717866408,32.68706266667285,0.0,0.0,0.059871,16.6,0.0,32.68650030408586,0.059871,0.059871,0.0,0.0,0.059871,0.0,0.0,0.0,0.059871,0.0,0.059871,0.0 
 07/21  21:37:00,34.0,18.701844788871213,32.687623374894976,18.701844788871213,0.0,7788.191812393447,32.687623374894976,0.0,0.0,0.059871,16.6,0.0,32.68706266667285,0.059871,0.059871,0.0,0.0,0.059871,0.0,0.0,0.0,0.059871,0.0,0.059871,0.0 
 07/21  21:38:00,34.0,18.70162766182706,32.688182420920725,18.70162766182706,0.0,7787.384454714806,32.688182420920725,0.0,0.0,0.059871,16.6,0.0,32.687623374894976,0.059871,0.059871,0.0,0.0,0.059871,0.0,0.0,0.0,0.059871,0.0,0.059871,0.0 
 07/21  21:39:00,34.0,18.701411638921652,32.68873981171578,18.701411638921652,0.0,7786.58120121856,32.68873981171578,0.0,0.0,0.059871,16.6,0.0,32.688182420920725,0.059871,0.059871,0.0,0.0,0.059871,0.0,0.0,0.0,0.059871,0.0,0.059871,0.0 
 07/21  21:40:00,34.0,18.701196826763635,32.68929555879127,18.701196826763635,0.0,7785.78245920703,32.68929555879127,0.0,0.0,0.059871,16.6,0.0,32.68873981171578,0.059871,0.059871,0.0,0.0,0.059871,0.0,0.0,0.0,0.059871,0.0,0.059871,0.0 
 07/21  21:41:00,34.0,18.70098310676564,32.6898496646143,18.70098310676564,0.0,7784.9877769714885,32.6898496646143,0.0,0.0,0.059871,16.6,0.0,32.68929555879127,0.059871,0.059871,0.0,0.0,0.059871,0.0,0.0,0.0,0.059871,0.0,0.059871,0.0 
 07/21  21:42:00,34.0,18.700770585048275,32.69040212532926,18.700770585048275,0.0,7784.197547722852,32.69040212532926,0.0,0.0,0.059871,16.6,0.0,32.6898496646143,0.059871,0.059871,0.0,0.0,0.059871,0.0,0.0,0.0,0.059871,0.0,0.059871,0.0 
 07/21  21:43:00,34.0,18.70055914450538,32.69095296300502,18.70055914450538,0.0,7783.411337527045,32.69095296300502,0.0,0.0,0.059871,16.6,0.0,32.69040212532926,0.059871,0.059871,0.0,0.0,0.059871,0.0,0.0,0.0,0.059871,0.0,0.059871,0.0 
 07/21  21:44:00,34.0,18.700348890026074,32.69150216989279,18.700348890026074,0.0,7782.629535031665,32.69150216989279,0.0,0.0,0.059871,16.6,0.0,32.69095296300502,0.059871,0.059871,0.0,0.0,0.059871,0.0,0.0,0.0,0.059871,0.0,0.059871,0.0 
 07/21  21:45:00,34.0,18.700139705002144,32.69204975279009,18.700139705002144,0.0,7781.851720424247,32.69204975279009,0.0,0.0,0.059871,16.6,0.0,32.69150216989279,0.059871,0.059871,0.0,0.0,0.059871,0.0,0.0,0.0,0.059871,0.0,0.059871,0.0 
 07/21  21:46:00,34.0,18.699931693532836,32.69259572304215,18.699931693532836,0.0,7781.078254871995,32.69259572304215,0.0,0.0,0.059871,16.6,0.0,32.69204975279009,0.059871,0.059871,0.0,0.0,0.059871,0.0,0.0,0.0,0.059871,0.0,0.059871,0.0 
 07/21  21:47:00,34.0,18.699724740482143,32.69314008300779,18.699724740482143,0.0,7780.308736292654,32.69314008300779,0.0,0.0,0.059871,16.6,0.0,32.69259572304215,0.059871,0.059871,0.0,0.0,0.059871,0.0,0.0,0.0,0.059871,0.0,0.059871,0.0 
 07/21  21:48:00,34.0,18.699518948337065,32.693682828864524,18.699518948337065,0.0,7779.543532156731,32.693682828864524,0.0,0.0,0.059871,16.6,0.0,32.69314008300779,0.059871,0.059871,0.0,0.0,0.059871,0.0,0.0,0.0,0.059871,0.0,0.059871,0.0 
 07/21  21:49:00,34.0,18.69931420351163,32.69422398232087,18.69931420351163,0.0,7778.782221575157,32.69422398232087,0.0,0.0,0.059871,16.6,0.0,32.693682828864524,0.059871,0.059871,0.0,0.0,0.059871,0.0,0.0,0.0,0.059871,0.0,0.059871,0.0 
 07/21  21:50:00,34.0,18.699110607095104,32.6947635357124,18.699110607095104,0.0,7778.025191384468,32.6947635357124,0.0,0.0,0.059871,16.6,0.0,32.69422398232087,0.059871,0.059871,0.0,0.0,0.059871,0.0,0.0,0.0,0.059871,0.0,0.059871,0.0 
 07/21  21:51:00,34.0,18.698908047113523,32.69530149567483,18.698908047113523,0.0,7777.272002129271,32.69530149567483,0.0,0.0,0.059871,16.6,0.0,32.6947635357124,0.059871,0.059871,0.0,0.0,0.059871,0.0,0.0,0.0,0.059871,0.0,0.059871,0.0 
 07/21  21:52:00,34.0,18.698706623779458,32.69583787339104,18.698706623779458,0.0,7776.52304966542,32.69583787339104,0.0,0.0,0.059871,16.6,0.0,32.69530149567483,0.059871,0.059871,0.0,0.0,0.059871,0.0,0.0,0.0,0.059871,0.0,0.059871,0.0 
 07/21  21:53:00,34.0,18.69850622623461,32.69637267111715,18.69850622623461,0.0,7775.77789867722,32.69637267111715,0.0,0.0,0.059871,16.6,0.0,32.69583787339104,0.059871,0.059871,0.0,0.0,0.059871,0.0,0.0,0.0,0.059871,0.0,0.059871,0.0 
 07/21  21:54:00,34.0,18.698306953494615,32.696905885065355,18.698306953494615,0.0,7775.036940579985,32.696905885065355,0.0,0.0,0.059871,16.6,0.0,32.69637267111715,0.059871,0.059871,0.0,0.0,0.059871,0.0,0.0,0.0,0.059871,0.0,0.059871,0.0 
 07/21  21:55:00,34.0,18.698108695240485,32.697437536591295,18.698108695240485,0.0,7774.299754324743,32.697437536591295,0.0,0.0,0.059871,16.6,0.0,32.696905885065355,0.059871,0.059871,0.0,0.0,0.059871,0.0,0.0,0.0,0.059871,0.0,0.059871,0.0 
 07/21  21:56:00,34.0,18.697911549306063,32.69796761811561,18.697911549306063,0.0,7773.566714677177,32.69796761811561,0.0,0.0,0.059871,16.6,0.0,32.697437536591295,0.059871,0.059871,0.0,0.0,0.059871,0.0,0.0,0.0,0.059871,0.0,0.059871,0.0 
 07/21  21:57:00,34.0,18.697715407266486,32.69849613611756,18.697715407266486,0.0,7772.837395349666,32.69849613611756,0.0,0.0,0.059871,16.6,0.0,32.69796761811561,0.059871,0.059871,0.0,0.0,0.059871,0.0,0.0,0.0,0.059871,0.0,0.059871,0.0 
 07/21  21:58:00,34.0,18.697520366775993,32.699023101620206,18.697520366775993,0.0,7772.112170443588,32.699023101620206,0.0,0.0,0.059871,16.6,0.0,32.69849613611756,0.059871,0.059871,0.0,0.0,0.059871,0.0,0.0,0.0,0.059871,0.0,0.059871,0.0 
 07/21  21:59:00,34.0,18.69732631950724,32.69954851678122,18.69732631950724,0.0,7771.390650814724,32.69954851678122,0.0,0.0,0.059871,16.6,0.0,32.699023101620206,0.059871,0.059871,0.0,0.0,0.059871,0.0,0.0,0.0,0.059871,0.0,0.059871,0.0 
 07/21  22:00:00,34.0,18.69713832899979,32.70007099123122,18.69713832899979,0.0,7770.691574270627,32.70007099123122,0.0,0.0,0.059871,16.6,0.0,32.69954851678122,0.059871,0.059871,0.0,0.0,0.059871,0.0,0.0,0.0,0.059871,0.0,0.059871,0.0,49104000.0 
 07/21  22:01:00,34.0,18.696948885264398,32.70059199661145,18.696948885264398,0.0,7769.987199230518,32.70059199661145,0.0,0.0,0.059871,16.6,0.0,32.70007099123122,0.059871,0.059871,0.0,0.0,0.059871,0.0,0.0,0.0,0.059871,0.0,0.059871,0.0 
 07/21  22:02:00,34.0,18.69676124905217,32.701110869775256,18.69676124905217,0.0,7769.289497698633,32.701110869775256,0.0,0.0,0.059871,16.6,0.0,32.70059199661145,0.059871,0.059871,0.0,0.0,0.059871,0.0,0.0,0.0,0.059871,0.0,0.059871,0.0 
 07/21  22:03:00,34.0,18.6965765160721,32.70162733200382,18.6965765160721,0.0,7768.602590952205,32.70162733200382,0.0,0.0,0.059871,16.6,0.0,32.701110869775256,0.059871,0.059871,0.0,0.0,0.059871,0.0,0.0,0.0,0.059871,0.0,0.059871,0.0 
 07/21  22:04:00,34.0,18.696393466244196,32.70214169198587,18.696393466244196,0.0,7767.921945866146,32.70214169198587,0.0,0.0,0.059871,16.6,0.0,32.70162733200382,0.059871,0.059871,0.0,0.0,0.059871,0.0,0.0,0.0,0.059871,0.0,0.059871,0.0 
 07/21  22:05:00,34.0,18.69621134431675,32.70265417157733,18.69621134431675,0.0,7767.244763938293,32.70265417157733,0.0,0.0,0.059871,16.6,0.0,32.70214169198587,0.059871,0.059871,0.0,0.0,0.059871,0.0,0.0,0.0,0.059871,0.0,0.059871,0.0 
 07/21  22:06:00,34.0,18.69602981491951,32.703164918512776,18.69602981491951,0.0,7766.5697902377815,32.703164918512776,0.0,0.0,0.059871,16.6,0.0,32.70265417157733,0.059871,0.059871,0.0,0.0,0.059871,0.0,0.0,0.0,0.059871,0.0,0.059871,0.0 
 07/21  22:07:00,34.0,18.695848689635547,32.703674040751736,18.695848689635547,0.0,7765.896326604493,32.703674040751736,0.0,0.0,0.059871,16.6,0.0,32.703164918512776,0.059871,0.059871,0.0,0.0,0.059871,0.0,0.0,0.0,0.059871,0.0,0.059871,0.0 
 07/21  22:08:00,34.0,18.695668075877673,32.70418159909953,18.695668075877673,0.0,7765.2247587909915,32.70418159909953,0.0,0.0,0.059871,16.6,0.0,32.703674040751736,0.059871,0.059871,0.0,0.0,0.059871,0.0,0.0,0.0,0.059871,0.0,0.059871,0.0 
 07/21  22:09:00,34.0,18.695488020086252,32.70468764079535,18.695488020086252,0.0,7764.555258874175,32.70468764079535,0.0,0.0,0.059871,16.6,0.0,32.70418159909953,0.059871,0.059871,0.0,0.0,0.059871,0.0,0.0,0.0,0.059871,0.0,0.059871,0.0 
 07/21  22:10:00,34.0,18.69530868772974,32.70519220615759,18.69530868772974,0.0,7763.888464462348,32.70519220615759,0.0,0.0,0.059871,16.6,0.0,32.70468764079535,0.059871,0.059871,0.0,0.0,0.059871,0.0,0.0,0.0,0.059871,0.0,0.059871,0.0 
 07/21  22:11:00,34.0,18.69513008041023,32.70569531899989,18.69513008041023,0.0,7763.22435699602,32.70569531899989,0.0,0.0,0.059871,16.6,0.0,32.70519220615759,0.059871,0.059871,0.0,0.0,0.059871,0.0,0.0,0.0,0.059871,0.0,0.059871,0.0 
 07/21  22:12:00,34.0,18.694952309692148,32.70619699241918,18.694952309692148,0.0,7762.563349859756,32.70619699241918,0.0,0.0,0.059871,16.6,0.0,32.70569531899989,0.059871,0.059871,0.0,0.0,0.059871,0.0,0.0,0.0,0.059871,0.0,0.059871,0.0 
 07/21  22:13:00,34.0,18.694775333362784,32.70669725403552,18.694775333362784,0.0,7761.905311119044,32.70669725403552,0.0,0.0,0.059871,16.6,0.0,32.70619699241918,0.059871,0.059871,0.0,0.0,0.059871,0.0,0.0,0.0,0.059871,0.0,0.059871,0.0 
 07/21  22:14:00,34.0,18.69459923888302,32.707196106967004,18.69459923888302,0.0,7761.250540359229,32.707196106967004,0.0,0.0,0.059871,16.6,0.0,32.70669725403552,0.059871,0.059871,0.0,0.0,0.059871,0.0,0.0,0.0,0.059871,0.0,0.059871,0.0 
 07/21  22:15:00,34.0,18.694423969341734,32.70769356099786,18.694423969341734,0.0,7760.5988511782425,32.70769356099786,0.0,0.0,0.059871,16.6,0.0,32.707196106967004,0.059871,0.059871,0.0,0.0,0.059871,0.0,0.0,0.0,0.059871,0.0,0.059871,0.0 
 07/21  22:16:00,34.0,18.69424960286342,32.70818962926379,18.69424960286342,0.0,7759.950508571142,32.70818962926379,0.0,0.0,0.059871,16.6,0.0,32.70769356099786,0.059871,0.059871,0.0,0.0,0.059871,0.0,0.0,0.0,0.059871,0.0,0.059871,0.0 
 07/21  22:17:00,34.0,18.69407607579949,32.7086843168145,18.69407607579949,0.0,7759.305288930373,32.7086843168145,0.0,0.0,0.059871,16.6,0.0,32.70818962926379,0.059871,0.059871,0.0,0.0,0.059871,0.0,0.0,0.0,0.059871,0.0,0.059871,0.0 
 07/21  22:18:00,34.0,18.693903459842886,32.70917762216659,18.693903459842886,0.0,7758.663457897874,32.70917762216659,0.0,0.0,0.059871,16.6,0.0,32.7086843168145,0.059871,0.059871,0.0,0.0,0.059871,0.0,0.0,0.0,0.059871,0.0,0.059871,0.0 
 07/21  22:19:00,34.0,18.693731686947967,32.70966956297939,18.693731686947967,0.0,7758.024763333924,32.70966956297939,0.0,0.0,0.059871,16.6,0.0,32.70917762216659,0.059871,0.059871,0.0,0.0,0.059871,0.0,0.0,0.0,0.059871,0.0,0.059871,0.0 
 07/21  22:20:00,34.0,18.69356082526393,32.71016013425874,18.69356082526393,0.0,7757.389457749523,32.71016013425874,0.0,0.0,0.059871,16.6,0.0,32.70966956297939,0.059871,0.059871,0.0,0.0,0.059871,0.0,0.0,0.0,0.059871,0.0,0.059871,0.0 
 07/21  22:21:00,34.0,18.693390805059924,32.710649339906574,18.693390805059924,0.0,7756.757282760855,32.710649339906574,0.0,0.0,0.059871,16.6,0.0,32.71016013425874,0.059871,0.059871,0.0,0.0,0.059871,0.0,0.0,0.0,0.059871,0.0,0.059871,0.0 
 07/21  22:22:00,34.0,18.693221693075895,32.711137188403264,18.693221693075895,0.0,7756.128473426415,32.711137188403264,0.0,0.0,0.059871,16.6,0.0,32.710649339906574,0.059871,0.059871,0.0,0.0,0.059871,0.0,0.0,0.0,0.059871,0.0,0.059871,0.0 
 07/21  22:23:00,34.0,18.693053418559437,32.71162368135626,18.693053418559437,0.0,7755.502792039797,32.71162368135626,0.0,0.0,0.059871,16.6,0.0,32.711137188403264,0.059871,0.059871,0.0,0.0,0.059871,0.0,0.0,0.0,0.059871,0.0,0.059871,0.0 
 07/21  22:24:00,34.0,18.69288604606529,32.71210881443785,18.69288604606529,0.0,7754.880465561409,32.71210881443785,0.0,0.0,0.059871,16.6,0.0,32.71162368135626,0.059871,0.059871,0.0,0.0,0.059871,0.0,0.0,0.0,0.059871,0.0,0.059871,0.0 
 07/21  22:25:00,34.0,18.692719505711803,32.71259260324863,18.692719505711803,0.0,7754.261222821665,32.71259260324863,0.0,0.0,0.059871,16.6,0.0,32.71210881443785,0.059871,0.059871,0.0,0.0,0.059871,0.0,0.0,0.0,0.059871,0.0,0.059871,0.0 
 07/21  22:26:00,34.0,18.69255386098029,32.71307504112085,18.69255386098029,0.0,7753.645323491146,32.71307504112085,0.0,0.0,0.059871,16.6,0.0,32.71259260324863,0.059871,0.059871,0.0,0.0,0.059871,0.0,0.0,0.0,0.059871,0.0,0.059871,0.0 
 07/21  22:27:00,34.0,18.692389042010674,32.71355613073741,18.692389042010674,0.0,7753.032484254145,32.71355613073741,0.0,0.0,0.059871,16.6,0.0,32.71307504112085,0.059871,0.059871,0.0,0.0,0.059871,0.0,0.0,0.0,0.059871,0.0,0.059871,0.0 
 07/21  22:28:00,34.0,18.69222511188332,32.714035879558935,18.69222511188332,0.0,7752.422951067024,32.714035879558935,0.0,0.0,0.059871,16.6,0.0,32.71355613073741,0.059871,0.059871,0.0,0.0,0.059871,0.0,0.0,0.0,0.059871,0.0,0.059871,0.0 
 07/21  22:29:00,34.0,18.69206200069983,32.714514288540315,18.69206200069983,0.0,7751.816464926028,32.714514288540315,0.0,0.0,0.059871,16.6,0.0,32.714035879558935,0.059871,0.059871,0.0,0.0,0.059871,0.0,0.0,0.0,0.059871,0.0,0.059871,0.0 
 07/21  22:30:00,34.0,18.691899770523467,32.714991352836485,18.691899770523467,0.0,7751.213255791317,32.714991352836485,0.0,0.0,0.059871,16.6,0.0,32.714514288540315,0.059871,0.059871,0.0,0.0,0.059871,0.0,0.0,0.0,0.059871,0.0,0.059871,0.0 
 07/21  22:31:00,34.0,18.691738351937648,32.71546708764817,18.691738351937648,0.0,7750.613066444685,32.71546708764817,0.0,0.0,0.059871,16.6,0.0,32.714991352836485,0.059871,0.059871,0.0,0.0,0.059871,0.0,0.0,0.0,0.059871,0.0,0.059871,0.0 
 07/21  22:32:00,34.0,18.691577806409892,32.71594148611464,18.691577806409892,0.0,7750.016124638851,32.71594148611464,0.0,0.0,0.059871,16.6,0.0,32.71546708764817,0.059871,0.059871,0.0,0.0,0.059871,0.0,0.0,0.0,0.059871,0.0,0.059871,0.0 
 07/21  22:33:00,34.0,18.691418065672174,32.716414550819856,18.691418065672174,0.0,7749.422165192732,32.716414550819856,0.0,0.0,0.059871,16.6,0.0,32.71594148611464,0.059871,0.059871,0.0,0.0,0.059871,0.0,0.0,0.0,0.059871,0.0,0.059871,0.0 
 07/21  22:34:00,34.0,18.69125919012081,32.716886289111414,18.69125919012081,0.0,7748.831436328601,32.716886289111414,0.0,0.0,0.059871,16.6,0.0,32.716414550819856,0.059871,0.059871,0.0,0.0,0.059871,0.0,0.0,0.0,0.059871,0.0,0.059871,0.0 
 07/21  22:35:00,34.0,18.69110111175575,32.71735670201072,18.69110111175575,0.0,7748.243661640718,32.71735670201072,0.0,0.0,0.059871,16.6,0.0,32.716886289111414,0.059871,0.059871,0.0,0.0,0.059871,0.0,0.0,0.0,0.059871,0.0,0.059871,0.0 
 07/21  22:36:00,34.0,18.690943890301416,32.71782578478267,18.690943890301416,0.0,7747.659086857561,32.71782578478267,0.0,0.0,0.059871,16.6,0.0,32.71735670201072,0.059871,0.059871,0.0,0.0,0.059871,0.0,0.0,0.0,0.059871,0.0,0.059871,0.0 
 07/21  22:37:00,34.0,18.690787458438564,32.71829355265146,18.690787458438564,0.0,7747.077438100364,32.71829355265146,0.0,0.0,0.059871,16.6,0.0,32.71782578478267,0.059871,0.059871,0.0,0.0,0.059871,0.0,0.0,0.0,0.059871,0.0,0.059871,0.0 
 07/21  22:38:00,34.0,18.69063187587652,32.71875999897028,18.69063187587652,0.0,7746.498948823792,32.71875999897028,0.0,0.0,0.059871,16.6,0.0,32.71829355265146,0.059871,0.059871,0.0,0.0,0.059871,0.0,0.0,0.0,0.059871,0.0,0.059871,0.0 
 07/21  22:39:00,34.0,18.690477075498116,32.7192251265128,18.690477075498116,0.0,7745.9233703306245,32.7192251265128,0.0,0.0,0.059871,16.6,0.0,32.71875999897028,0.059871,0.059871,0.0,0.0,0.059871,0.0,0.0,0.0,0.059871,0.0,0.059871,0.0 
 07/21  22:40:00,34.0,18.690323116629944,32.719688942746295,18.690323116629944,0.0,7745.350910228844,32.719688942746295,0.0,0.0,0.059871,16.6,0.0,32.7192251265128,0.059871,0.059871,0.0,0.0,0.059871,0.0,0.0,0.0,0.059871,0.0,0.059871,0.0 
 07/21  22:41:00,34.0,18.690169932301686,32.72015144892988,18.690169932301686,0.0,7744.781344789917,32.72015144892988,0.0,0.0,0.059871,16.6,0.0,32.719688942746295,0.059871,0.059871,0.0,0.0,0.059871,0.0,0.0,0.0,0.059871,0.0,0.059871,0.0 
 07/21  22:42:00,34.0,18.690017581021937,32.72061264059484,18.690017581021937,0.0,7744.2148663801845,32.72061264059484,0.0,0.0,0.059871,16.6,0.0,32.72015144892988,0.059871,0.059871,0.0,0.0,0.059871,0.0,0.0,0.0,0.059871,0.0,0.059871,0.0 
 07/21  22:43:00,34.0,18.689865997031923,32.72107253306273,18.689865997031923,0.0,7743.651243547783,32.72107253306273,0.0,0.0,0.059871,16.6,0.0,32.72061264059484,0.059871,0.059871,0.0,0.0,0.059871,0.0,0.0,0.0,0.059871,0.0,0.059871,0.0 
 07/21  22:44:00,34.0,18.68971523793748,32.72153111998827,18.68971523793748,0.0,7743.0906897363775,32.72153111998827,0.0,0.0,0.059871,16.6,0.0,32.72107253306273,0.059871,0.059871,0.0,0.0,0.059871,0.0,0.0,0.0,0.059871,0.0,0.059871,0.0 
 07/21  22:45:00,34.0,18.68956523839139,32.72198840437328,18.68956523839139,0.0,7742.532962807572,32.72198840437328,0.0,0.0,0.059871,16.6,0.0,32.72153111998827,0.059871,0.059871,0.0,0.0,0.059871,0.0,0.0,0.0,0.059871,0.0,0.059871,0.0 
 07/21  22:46:00,34.0,18.689416055420647,32.7224443938318,18.689416055420647,0.0,7741.978274060198,32.7224443938318,0.0,0.0,0.059871,16.6,0.0,32.72198840437328,0.059871,0.059871,0.0,0.0,0.059871,0.0,0.0,0.0,0.059871,0.0,0.059871,0.0 
 07/21  22:47:00,34.0,18.689267624400866,32.722899089862786,18.689267624400866,0.0,7741.426384034385,32.722899089862786,0.0,0.0,0.059871,16.6,0.0,32.7224443938318,0.059871,0.059871,0.0,0.0,0.059871,0.0,0.0,0.0,0.059871,0.0,0.059871,0.0 
 07/21  22:48:00,34.0,18.689120002383884,32.723352488271516,18.689120002383884,0.0,7740.877491917195,32.723352488271516,0.0,0.0,0.059871,16.6,0.0,32.722899089862786,0.059871,0.059871,0.0,0.0,0.059871,0.0,0.0,0.0,0.059871,0.0,0.059871,0.0 
 07/21  22:49:00,34.0,18.688973125496393,32.72380460444595,18.688973125496393,0.0,7740.331373237686,32.72380460444595,0.0,0.0,0.059871,16.6,0.0,32.723352488271516,0.059871,0.059871,0.0,0.0,0.059871,0.0,0.0,0.0,0.059871,0.0,0.059871,0.0 
 07/21  22:50:00,34.0,18.688827049475776,32.7242554323295,18.688827049475776,0.0,7739.7882345162,32.7242554323295,0.0,0.0,0.059871,16.6,0.0,32.72380460444595,0.059871,0.059871,0.0,0.0,0.059871,0.0,0.0,0.0,0.059871,0.0,0.059871,0.0 
 07/21  22:51:00,34.0,18.688681710743005,32.72470497511608,18.688681710743005,0.0,7739.247840166618,32.72470497511608,0.0,0.0,0.059871,16.6,0.0,32.7242554323295,0.059871,0.059871,0.0,0.0,0.059871,0.0,0.0,0.0,0.059871,0.0,0.059871,0.0 
 07/21  22:52:00,34.0,18.688537164534505,32.72515324053336,18.688537164534505,0.0,7738.7103948530785,32.72515324053336,0.0,0.0,0.059871,16.6,0.0,32.72470497511608,0.059871,0.059871,0.0,0.0,0.059871,0.0,0.0,0.0,0.059871,0.0,0.059871,0.0 
 07/21  22:53:00,34.0,18.688393348604986,32.72560023027541,18.688393348604986,0.0,7738.175655732557,32.72560023027541,0.0,0.0,0.059871,16.6,0.0,32.72515324053336,0.059871,0.059871,0.0,0.0,0.059871,0.0,0.0,0.0,0.059871,0.0,0.059871,0.0 
 07/21  22:54:00,34.0,18.688250317840204,32.726045940387046,18.688250317840204,0.0,7737.643838370686,32.726045940387046,0.0,0.0,0.059871,16.6,0.0,32.72560023027541,0.059871,0.059871,0.0,0.0,0.059871,0.0,0.0,0.0,0.059871,0.0,0.059871,0.0 
 07/21  22:55:00,34.0,18.68810800991957,32.72649038626782,18.68810800991957,0.0,7737.114711844711,32.72649038626782,0.0,0.0,0.059871,16.6,0.0,32.726045940387046,0.059871,0.059871,0.0,0.0,0.059871,0.0,0.0,0.0,0.059871,0.0,0.059871,0.0 
 07/21  22:56:00,34.0,18.687966478847006,32.72693356211083,18.687966478847006,0.0,7736.588476251845,32.72693356211083,0.0,0.0,0.059871,16.6,0.0,32.72649038626782,0.059871,0.059871,0.0,0.0,0.059871,0.0,0.0,0.0,0.059871,0.0,0.059871,0.0 
 07/21  22:57:00,34.0,18.68782566298603,32.72737547125044,18.68782566298603,0.0,7736.064903204274,32.72737547125044,0.0,0.0,0.059871,16.6,0.0,32.72693356211083,0.059871,0.059871,0.0,0.0,0.059871,0.0,0.0,0.0,0.059871,0.0,0.059871,0.0 
 07/21  22:58:00,34.0,18.68768561649248,32.727816121482626,18.68768561649248,0.0,7735.544181167738,32.727816121482626,0.0,0.0,0.059871,16.6,0.0,32.72737547125044,0.059871,0.059871,0.0,0.0,0.059871,0.0,0.0,0.0,0.059871,0.0,0.059871,0.0 
 07/21  22:59:00,34.0,18.687546278560234,32.72825551464482,18.687546278560234,0.0,7735.026097027603,32.72825551464482,0.0,0.0,0.059871,16.6,0.0,32.727816121482626,0.059871,0.059871,0.0,0.0,0.059871,0.0,0.0,0.0,0.059871,0.0,0.059871,0.0 
 07/21  23:00:00,34.0,18.6874077021008,32.728693646979586,18.6874077021008,0.0,7734.5108468332955,32.728693646979586,0.0,0.0,0.059871,16.6,0.0,32.72825551464482,0.059871,0.059871,0.0,0.0,0.059871,0.0,0.0,0.0,0.059871,0.0,0.059871,0.0,49104000.0 
 07/21  23:01:00,34.0,18.687269826597976,32.72913053384511,18.687269826597976,0.0,7733.998206348415,32.72913053384511,0.0,0.0,0.059871,16.6,0.0,32.728693646979586,0.059871,0.059871,0.0,0.0,0.059871,0.0,0.0,0.0,0.059871,0.0,0.059871,0.0 
 07/21  23:02:00,34.0,18.68713270501721,32.72956616964389,18.68713270501721,0.0,7733.48835963141,32.72956616964389,0.0,0.0,0.059871,16.6,0.0,32.72913053384511,0.059871,0.059871,0.0,0.0,0.059871,0.0,0.0,0.0,0.059871,0.0,0.059871,0.0 
 07/21  23:03:00,34.0,18.68699627771997,32.73000055780356,18.68699627771997,0.0,7732.98109789067,32.73000055780356,0.0,0.0,0.059871,16.6,0.0,32.72956616964389,0.059871,0.059871,0.0,0.0,0.059871,0.0,0.0,0.0,0.059871,0.0,0.059871,0.0 
 07/21  23:04:00,34.0,18.686860596515412,32.73043370614851,18.686860596515412,0.0,7732.476613091012,32.73043370614851,0.0,0.0,0.059871,16.6,0.0,32.73000055780356,0.059871,0.059871,0.0,0.0,0.059871,0.0,0.0,0.0,0.059871,0.0,0.059871,0.0 
 07/21  23:05:00,34.0,18.686725602090846,32.730865616615745,18.686725602090846,0.0,7731.97468545573,32.730865616615745,0.0,0.0,0.059871,16.6,0.0,32.73043370614851,0.059871,0.059871,0.0,0.0,0.059871,0.0,0.0,0.0,0.059871,0.0,0.059871,0.0 
 07/21  23:06:00,34.0,18.686591346331138,32.73129628561032,18.686591346331138,0.0,7731.475495042905,32.73129628561032,0.0,0.0,0.059871,16.6,0.0,32.730865616615745,0.059871,0.059871,0.0,0.0,0.059871,0.0,0.0,0.0,0.059871,0.0,0.059871,0.0 
 07/21  23:07:00,34.0,18.686457770260557,32.73172572840712,18.686457770260557,0.0,7730.978847699939,32.73172572840712,0.0,0.0,0.059871,16.6,0.0,32.73129628561032,0.059871,0.059871,0.0,0.0,0.059871,0.0,0.0,0.0,0.059871,0.0,0.059871,0.0 
 07/21  23:08:00,34.0,18.686324925051952,32.73215393958532,18.686324925051952,0.0,7730.484908660242,32.73215393958532,0.0,0.0,0.059871,16.6,0.0,32.73172572840712,0.059871,0.059871,0.0,0.0,0.059871,0.0,0.0,0.0,0.059871,0.0,0.059871,0.0 
 07/21  23:09:00,34.0,18.686192753408612,32.732580922628266,18.686192753408612,0.0,7729.993465619905,32.732580922628266,0.0,0.0,0.059871,16.6,0.0,32.73215393958532,0.059871,0.059871,0.0,0.0,0.059871,0.0,0.0,0.0,0.059871,0.0,0.059871,0.0 
 07/21  23:10:00,34.0,18.686061305204397,32.73300668535713,18.686061305204397,0.0,7729.504727742951,32.73300668535713,0.0,0.0,0.059871,16.6,0.0,32.732580922628266,0.059871,0.059871,0.0,0.0,0.059871,0.0,0.0,0.0,0.059871,0.0,0.059871,0.0 
 07/21  23:11:00,34.0,18.685930523207787,32.733431229773466,18.685930523207787,0.0,7729.018458596097,32.733431229773466,0.0,0.0,0.059871,16.6,0.0,32.73300668535713,0.059871,0.059871,0.0,0.0,0.059871,0.0,0.0,0.0,0.059871,0.0,0.059871,0.0 
 07/21  23:12:00,34.0,18.685800457296416,32.73385455241603,18.685800457296416,0.0,7728.534855171856,32.73385455241603,0.0,0.0,0.059871,16.6,0.0,32.733431229773466,0.059871,0.059871,0.0,0.0,0.059871,0.0,0.0,0.0,0.059871,0.0,0.059871,0.0 
 07/21  23:13:00,34.0,18.685671051118007,32.734276668443265,18.685671051118007,0.0,7728.053696482211,32.734276668443265,0.0,0.0,0.059871,16.6,0.0,32.73385455241603,0.059871,0.059871,0.0,0.0,0.059871,0.0,0.0,0.0,0.059871,0.0,0.059871,0.0 
 07/21  23:14:00,34.0,18.685542353464893,32.7346975725842,18.685542353464893,0.0,7727.575187676875,32.7346975725842,0.0,0.0,0.059871,16.6,0.0,32.734276668443265,0.059871,0.059871,0.0,0.0,0.059871,0.0,0.0,0.0,0.059871,0.0,0.059871,0.0 
 07/21  23:15:00,34.0,18.685414308317867,32.735117268348006,18.685414308317867,0.0,7727.099096821726,32.735117268348006,0.0,0.0,0.059871,16.6,0.0,32.7346975725842,0.059871,0.059871,0.0,0.0,0.059871,0.0,0.0,0.0,0.059871,0.0,0.059871,0.0 
 07/21  23:16:00,34.0,18.685286965109984,32.73553576352776,18.685286965109984,0.0,7726.625607079791,32.73553576352776,0.0,0.0,0.059871,16.6,0.0,32.735117268348006,0.059871,0.059871,0.0,0.0,0.059871,0.0,0.0,0.0,0.059871,0.0,0.059871,0.0 
 07/21  23:17:00,34.0,18.68516026770023,32.73595306016216,18.68516026770023,0.0,7726.1545347855645,32.73595306016216,0.0,0.0,0.059871,16.6,0.0,32.73553576352776,0.059871,0.059871,0.0,0.0,0.059871,0.0,0.0,0.0,0.059871,0.0,0.059871,0.0 
 07/21  23:18:00,34.0,18.685034264532533,32.736369154901304,18.685034264532533,0.0,7725.686035078006,32.736369154901304,0.0,0.0,0.059871,16.6,0.0,32.73595306016216,0.059871,0.059871,0.0,0.0,0.059871,0.0,0.0,0.0,0.059871,0.0,0.059871,0.0 
 07/21  23:19:00,34.0,18.68490890056948,32.73678406276242,18.68490890056948,0.0,7725.219916201354,32.73678406276242,0.0,0.0,0.059871,16.6,0.0,32.736369154901304,0.059871,0.059871,0.0,0.0,0.059871,0.0,0.0,0.0,0.059871,0.0,0.059871,0.0 
 07/21  23:20:00,34.0,18.684784223516697,32.737197778603864,18.684784223516697,0.0,7724.756354915485,32.737197778603864,0.0,0.0,0.059871,16.6,0.0,32.73678406276242,0.059871,0.059871,0.0,0.0,0.059871,0.0,0.0,0.0,0.059871,0.0,0.059871,0.0 
 07/21  23:21:00,34.0,18.684660179298028,32.73761030593799,18.684660179298028,0.0,7724.295138673274,32.73761030593799,0.0,0.0,0.059871,16.6,0.0,32.737197778603864,0.059871,0.059871,0.0,0.0,0.059871,0.0,0.0,0.0,0.059871,0.0,0.059871,0.0 
 07/21  23:22:00,34.0,18.684536815270715,32.73802165251115,18.684536815270715,0.0,7723.836455119886,32.73802165251115,0.0,0.0,0.059871,16.6,0.0,32.73761030593799,0.059871,0.059871,0.0,0.0,0.059871,0.0,0.0,0.0,0.059871,0.0,0.059871,0.0 
 07/21  23:23:00,34.0,18.684414077823238,32.73843182037829,18.684414077823238,0.0,7723.380093431615,32.73843182037829,0.0,0.0,0.059871,16.6,0.0,32.73802165251115,0.059871,0.059871,0.0,0.0,0.059871,0.0,0.0,0.0,0.059871,0.0,0.059871,0.0 
 07/21  23:24:00,34.0,18.684292013143384,32.738840806283285,18.684292013143384,0.0,7722.926249090951,32.738840806283285,0.0,0.0,0.059871,16.6,0.0,32.73843182037829,0.059871,0.059871,0.0,0.0,0.059871,0.0,0.0,0.0,0.059871,0.0,0.059871,0.0 
 07/21  23:25:00,34.0,18.684170567984108,32.73924862508318,18.684170567984108,0.0,7722.474700452626,32.73924862508318,0.0,0.0,0.059871,16.6,0.0,32.738840806283285,0.059871,0.059871,0.0,0.0,0.059871,0.0,0.0,0.0,0.059871,0.0,0.059871,0.0 
 07/21  23:26:00,34.0,18.68404978927578,32.73965527174928,18.68404978927578,0.0,7722.025621406233,32.73965527174928,0.0,0.0,0.059871,16.6,0.0,32.73924862508318,0.059871,0.059871,0.0,0.0,0.059871,0.0,0.0,0.0,0.059871,0.0,0.059871,0.0 
 07/21  23:27:00,34.0,18.683929623669936,32.740060749779296,18.683929623669936,0.0,7721.578838618011,32.740060749779296,0.0,0.0,0.059871,16.6,0.0,32.73965527174928,0.059871,0.059871,0.0,0.0,0.059871,0.0,0.0,0.0,0.059871,0.0,0.059871,0.0 
 07/21  23:28:00,34.0,18.683810117144255,32.74046506685821,18.683810117144255,0.0,7721.134498104725,32.74046506685821,0.0,0.0,0.059871,16.6,0.0,32.740060749779296,0.059871,0.059871,0.0,0.0,0.059871,0.0,0.0,0.0,0.059871,0.0,0.059871,0.0 
 07/21  23:29:00,34.0,18.683691217957293,32.74086822504072,18.683691217957293,0.0,7720.69240814757,32.74086822504072,0.0,0.0,0.059871,16.6,0.0,32.74046506685821,0.059871,0.059871,0.0,0.0,0.059871,0.0,0.0,0.0,0.059871,0.0,0.059871,0.0 
 07/21  23:30:00,34.0,18.683572970932712,32.74127022115055,18.683572970932712,0.0,7720.252759165091,32.74127022115055,0.0,0.0,0.059871,16.6,0.0,32.74086822504072,0.059871,0.059871,0.0,0.0,0.059871,0.0,0.0,0.0,0.059871,0.0,0.059871,0.0 
 07/21  23:31:00,34.0,18.683455324433517,32.74167106987028,18.683455324433517,0.0,7719.815335487497,32.74167106987028,0.0,0.0,0.059871,16.6,0.0,32.74127022115055,0.059871,0.059871,0.0,0.0,0.059871,0.0,0.0,0.0,0.059871,0.0,0.059871,0.0 
 07/21  23:32:00,34.0,18.683338323905716,32.74207076627122,18.683338323905716,0.0,7719.380305504287,32.74207076627122,0.0,0.0,0.059871,16.6,0.0,32.74167106987028,0.059871,0.059871,0.0,0.0,0.059871,0.0,0.0,0.0,0.059871,0.0,0.059871,0.0 
 07/21  23:33:00,34.0,18.68322191758616,32.74246931382298,18.68322191758616,0.0,7718.947501746825,32.74246931382298,0.0,0.0,0.059871,16.6,0.0,32.74207076627122,0.059871,0.059871,0.0,0.0,0.059871,0.0,0.0,0.0,0.059871,0.0,0.059871,0.0 
 07/21  23:34:00,34.0,18.683106150018443,32.74286672013823,18.683106150018443,0.0,7718.517064927428,32.74286672013823,0.0,0.0,0.059871,16.6,0.0,32.74246931382298,0.059871,0.059871,0.0,0.0,0.059871,0.0,0.0,0.0,0.059871,0.0,0.059871,0.0 
 07/21  23:35:00,34.0,18.682990971061578,32.74326298725911,18.682990971061578,0.0,7718.088809257761,32.74326298725911,0.0,0.0,0.059871,16.6,0.0,32.74286672013823,0.059871,0.059871,0.0,0.0,0.059871,0.0,0.0,0.0,0.059871,0.0,0.059871,0.0 
 07/21  23:36:00,34.0,18.68287642466155,32.743658112078634,18.68287642466155,0.0,7717.662909732126,32.743658112078634,0.0,0.0,0.059871,16.6,0.0,32.74326298725911,0.059871,0.059871,0.0,0.0,0.059871,0.0,0.0,0.0,0.059871,0.0,0.059871,0.0 
 07/21  23:37:00,34.0,18.682762460332185,32.74405210909474,18.682762460332185,0.0,7717.239179281028,32.74405210909474,0.0,0.0,0.059871,16.6,0.0,32.743658112078634,0.059871,0.059871,0.0,0.0,0.059871,0.0,0.0,0.0,0.059871,0.0,0.059871,0.0 
 07/21  23:38:00,34.0,18.682649121293913,32.74444497346885,18.682649121293913,0.0,7716.817778045215,32.74444497346885,0.0,0.0,0.059871,16.6,0.0,32.74405210909474,0.059871,0.059871,0.0,0.0,0.059871,0.0,0.0,0.0,0.059871,0.0,0.059871,0.0 
 07/21  23:39:00,34.0,18.68253635829996,32.7448367086324,18.68253635829996,0.0,7716.39851138691,32.7448367086324,0.0,0.0,0.059871,16.6,0.0,32.74444497346885,0.059871,0.059871,0.0,0.0,0.059871,0.0,0.0,0.0,0.059871,0.0,0.059871,0.0 
 07/21  23:40:00,34.0,18.682424214474064,32.745227322117614,18.682424214474064,0.0,7715.981551250775,32.745227322117614,0.0,0.0,0.059871,16.6,0.0,32.7448367086324,0.059871,0.059871,0.0,0.0,0.059871,0.0,0.0,0.0,0.059871,0.0,0.059871,0.0 
 07/21  23:41:00,34.0,18.682312641038678,32.74561681594466,18.682312641038678,0.0,7715.566704739217,32.74561681594466,0.0,0.0,0.059871,16.6,0.0,32.745227322117614,0.059871,0.059871,0.0,0.0,0.059871,0.0,0.0,0.0,0.059871,0.0,0.059871,0.0 
 07/21  23:42:00,34.0,18.68220168049427,32.74600518706738,18.68220168049427,0.0,7715.15414148605,32.74600518706738,0.0,0.0,0.059871,16.6,0.0,32.74561681594466,0.059871,0.059871,0.0,0.0,0.059871,0.0,0.0,0.0,0.059871,0.0,0.059871,0.0 
 07/21  23:43:00,34.0,18.682091283916378,32.74639244979156,18.682091283916378,0.0,7714.743680208662,32.74639244979156,0.0,0.0,0.059871,16.6,0.0,32.74600518706738,0.059871,0.059871,0.0,0.0,0.059871,0.0,0.0,0.0,0.059871,0.0,0.059871,0.0 
 07/21  23:44:00,34.0,18.681981493744495,32.74677859936085,18.681981493744495,0.0,7714.335465997128,32.74677859936085,0.0,0.0,0.059871,16.6,0.0,32.74639244979156,0.059871,0.059871,0.0,0.0,0.059871,0.0,0.0,0.0,0.059871,0.0,0.059871,0.0 
 07/21  23:45:00,34.0,18.681872261852508,32.74716363916095,18.681872261852508,0.0,7713.929332685607,32.74716363916095,0.0,0.0,0.059871,16.6,0.0,32.74677859936085,0.059871,0.059871,0.0,0.0,0.059871,0.0,0.0,0.0,0.059871,0.0,0.059871,0.0 
 07/21  23:46:00,34.0,18.68176363026327,32.74754757663782,18.68176363026327,0.0,7713.525423821775,32.74754757663782,0.0,0.0,0.059871,16.6,0.0,32.74716363916095,0.059871,0.059871,0.0,0.0,0.059871,0.0,0.0,0.0,0.059871,0.0,0.059871,0.0 
 07/21  23:47:00,34.0,18.681655551256128,32.74793041378311,18.681655551256128,0.0,7713.123574740853,32.74793041378311,0.0,0.0,0.059871,16.6,0.0,32.74754757663782,0.059871,0.059871,0.0,0.0,0.059871,0.0,0.0,0.0,0.059871,0.0,0.059871,0.0 
 07/21  23:48:00,34.0,18.68154806580077,32.748312147605844,18.68154806580077,0.0,7712.723937243868,32.748312147605844,0.0,0.0,0.059871,16.6,0.0,32.74793041378311,0.059871,0.059871,0.0,0.0,0.059871,0.0,0.0,0.0,0.059871,0.0,0.059871,0.0 
 07/21  23:49:00,34.0,18.681441127065828,32.74869279221566,18.681441127065828,0.0,7712.326325650574,32.74869279221566,0.0,0.0,0.059871,16.6,0.0,32.748312147605844,0.059871,0.059871,0.0,0.0,0.059871,0.0,0.0,0.0,0.059871,0.0,0.059871,0.0 
 07/21  23:50:00,34.0,18.68133477587881,32.74907234293378,18.68133477587881,0.0,7711.93090339013,32.74907234293378,0.0,0.0,0.059871,16.6,0.0,32.74869279221566,0.059871,0.059871,0.0,0.0,0.059871,0.0,0.0,0.0,0.059871,0.0,0.059871,0.0 
 07/21  23:51:00,34.0,18.6812289653924,32.74945080309636,18.6812289653924,0.0,7711.53749687684,32.74945080309636,0.0,0.0,0.059871,16.6,0.0,32.74907234293378,0.059871,0.059871,0.0,0.0,0.059871,0.0,0.0,0.0,0.059871,0.0,0.059871,0.0 
 07/21  23:52:00,34.0,18.68112373634625,32.74982818006073,18.68112373634625,0.0,7711.146244907968,32.74982818006073,0.0,0.0,0.059871,16.6,0.0,32.74945080309636,0.059871,0.059871,0.0,0.0,0.059871,0.0,0.0,0.0,0.059871,0.0,0.059871,0.0 
 07/21  23:53:00,34.0,18.681019042592904,32.75020447578688,18.681019042592904,0.0,7710.756988643857,32.75020447578688,0.0,0.0,0.059871,16.6,0.0,32.74982818006073,0.059871,0.059871,0.0,0.0,0.059871,0.0,0.0,0.0,0.059871,0.0,0.059871,0.0 
 07/21  23:54:00,34.0,18.68091492442679,32.750579687335964,18.68091492442679,0.0,7710.369865233492,32.750579687335964,0.0,0.0,0.059871,16.6,0.0,32.75020447578688,0.059871,0.059871,0.0,0.0,0.059871,0.0,0.0,0.0,0.059871,0.0,0.059871,0.0 
 07/21  23:55:00,34.0,18.680811336074424,32.750953828619906,18.680811336074424,0.0,7709.984717221678,32.750953828619906,0.0,0.0,0.059871,16.6,0.0,32.750579687335964,0.059871,0.059871,0.0,0.0,0.059871,0.0,0.0,0.0,0.059871,0.0,0.059871,0.0 
 07/21  23:56:00,34.0,18.680708317326296,32.75132689503416,18.680708317326296,0.0,7709.601679891389,32.75132689503416,0.0,0.0,0.059871,16.6,0.0,32.750953828619906,0.059871,0.059871,0.0,0.0,0.059871,0.0,0.0,0.0,0.059871,0.0,0.059871,0.0 
 07/21  23:57:00,34.0,18.68060582284746,32.75169888986238,18.68060582284746,0.0,7709.220597411136,32.75169888986238,0.0,0.0,0.059871,16.6,0.0,32.75132689503416,0.059871,0.059871,0.0,0.0,0.059871,0.0,0.0,0.0,0.059871,0.0,0.059871,0.0 
 07/21  23:58:00,34.0,18.680503892005056,32.75206982037097,18.680503892005056,0.0,7708.8416034965985,32.75206982037097,0.0,0.0,0.059871,16.6,0.0,32.75169888986238,0.059871,0.059871,0.0,0.0,0.059871,0.0,0.0,0.0,0.059871,0.0,0.059871,0.0 
 07/21  23:59:00,34.0,18.680402479408507,32.75243968848499,18.680402479408507,0.0,7708.464554255602,32.75243968848499,0.0,0.0,0.059871,16.6,0.0,32.75206982037097,0.059871,0.059871,0.0,0.0,0.059871,0.0,0.0,0.0,0.059871,0.0,0.059871,0.0 
 07/21  24:00:00,34.0,18.680301624451143,32.75280849131418,18.680301624451143,0.0,7708.089559208106,32.75280849131418,0.0,0.0,0.059871,16.6,0.0,32.75243968848499,0.059871,0.059871,0.0,0.0,0.059871,0.0,0.0,0.0,0.059871,0.0,0.059871,0.0,49104000.0 
