timestamp,outside_t,outside_h,outside_c,outside_p,outside_a,outside_v,room_1_t,room_1_h,room_1_c,room_1_p,room_1_a,room_1_v,room_2_t,room_2_h,room_2_c,room_2_p,room_2_a,room_2_v,room_3_t,room_3_h,room_3_c,room_3_p,room_3_a,room_3_v,supply_t,supply_h,supply_c,supply_p,supply_a,supply_v,return_t,return_h,return_c,return_p,return_a,return_v,mixed_t,mixed_h,mixed_c,mixed_p,mixed_a,mixed_v,cooler_t,cooler_h,cooler_c,cooler_p,cooler_a,cooler_v,heated_t,heated_h,heated_c,heated_p,heated_a,heated_v,mixer,fan,flowrate,coolerState,heaterState,humidifierState
2026-07-31T06:37:56.999Z,30.6,67.6,458,0,1,51,22.1,65.2,0,954.8,0,0,25.6,60.1,473,0,1,58,0,0,0,0,0,0,18.6,86,435,0,1,40,0,0,0,0,0,0,0,0,0,0,0,0,0,0,0,0,0,0,0,0,0,0,0,0,100,57,0,0,0,0
2026-07-31T06:38:02.060Z,30.5,67.3,438,0,1,41,22.1,65.3,0,954.8,0,0,25.6,60.2,474,0,1,59,0,0,0,0,0,0,18.6,86,464,0,1,54,0,0,0,0,0,0,0,0,0,0,0,0,0,0,0,0,0,0,0,0,0,0,0,0,100,57,0,0,0,0
2026-07-31T06:38:06.996Z,30.5,67.6,425,0,1,35,22.1,65.3,0,954.8,0,0,25.6,60.2,449,0,1,46,0,0,0,0,0,0,18.6,86,451,0,1,47,0,0,0,0,0,0,0,0,0,0,0,0,0,0,0,0,0,0,0,0,0,0,0,0,100,57,0,0,0,0
2026-07-31T06:38:12.002Z,30.5,67.3,409,0,1,28,22.1,65.3,0,954.8,0,0,25.6,60.3,451,0,1,47,0,0,0,0,0,0,18.6,86,470,0,1,56,0,0,0,0,0,0,0,0,0,0,0,0,0,0,0,0,0,0,0,0,0,0,0,0,100,57,0,0,0,0
2026-07-31T06:38:16.995Z,30.5,67.1,419,0,1,32,22.1,65.3,0,954.8,0,0,25.6,60.3,450,0,1,46,0,0,0,0,0,0,18.6,86,441,0,1,42,0,0,0,0,0,0,0,0,0,0,0,0,0,0,0,0,0,0,0,0,0,0,0,0,100,57,0,0,0,0
2026-07-31T06:38:22.001Z,30.5,67.2,429,0,1,37,22.1,65.3,0,954.8,0,0,25.6,60.3,432,0,1,38,0,0,0,0,0,0,18.6,86.1,462,0,1,52,0,0,0,0,0,0,0,0,0,0,0,0,0,0,0,0,0,0,0,0,0,0,0,0,100,57,0,0,0,0
2026-07-31T06:38:27.001Z,30.5,68.1,454,0,1,49,22.1,65.4,0,954.8,0,0,25.5,60.4,453,0,1,48,0,0,0,0,0,0,18.5,86,454,0,1,48,0,0,0,0,0,0,0,0,0,0,0,0,0,0,0,0,0,0,0,0,0,0,0,0,100,57,0,0,0,0
2026-07-31T06:38:32.001Z,30.6,68.5,452,0,1,48,22.1,65.4,0,954.8,0,0,25.5,60.5,436,0,1,40,0,0,0,0,0,0,18.5,86,450,0,1,47,0,0,0,0,0,0,0,0,0,0,0,0,0,0,0,0,0,0,0,0,0,0,0,0,100,57,0,0,0,0
2026-07-31T06:38:37.001Z,30.6,68.2,458,0,1,51,22.1,65.4,0,954.8,0,0,25.5,60.5,438,0,1,41,0,0,0,0,0,0,18.5,86,433,0,1,39,0,0,0,0,0,0,0,0,0,0,0,0,0,0,0,0,0,0,0,0,0,0,0,0,100,57,0,0,0,0
2026-07-31T06:38:42.001Z,30.6,68.2,438,0,1,41,22.1,65.5,0,954.7,0,0,25.6,60.5,460,0,1,52,0,0,0,0,0,0,18.5,86,428,0,1,36,0,0,0,0,0,0,0,0,0,0,0,0,0,0,0,0,0,0,0,0,0,0,0,0,100,57,0,0,0,0
2026-07-31T06:38:47.001Z,30.5,67.9,429,0,1,37,22.1,65.5,0,954.7,0,0,25.5,60.5,473,0,1,58,0,0,0,0,0,0,18.5,86,481,0,1,62,0,0,0,0,0,0,0,0,0,0,0,0,0,0,0,0,0,0,0,0,0,0,0,0,100,57,0,0,0,0
2026-07-31T06:38:52.000Z,30.5,68,430,0,1,37,22.1,65.5,0,954.7,0,0,25.5,60.5,434,0,1,39,0,0,0,0,0,0,18.6,86.1,438,0,1,41,0,0,0,0,0,0,0,0,0,0,0,0,0,0,0,0,0,0,0,0,0,0,0,0,100,57,0,0,0,0
2026-07-31T06:38:57.000Z,30.5,67.7,436,0,1,40,22.1,65.5,0,954.8,0,0,25.5,60.6,458,0,1,51,0,0,0,0,0,0,18.6,86.1,468,0,1,56,0,0,0,0,0,0,0,0,0,0,0,0,0,0,0,0,0,0,0,0,0,0,0,0,100,57,0,0,0,0
2026-07-31T06:39:02.000Z,30.5,67.4,432,0,1,38,22.1,65.5,0,954.8,0,0,25.5,60.6,435,0,1,39,0,0,0,0,0,0,18.5,86,438,0,1,41,0,0,0,0,0,0,0,0,0,0,0,0,0,0,0,0,0,0,0,0,0,0,0,0,100,57,0,0,0,0
2026-07-31T06:39:07.000Z,30.6,67.2,422,0,1,34,22.1,65.5,0,954.8,0,0,25.5,60.6,442,0,1,43,0,0,0,0,0,0,18.5,86,449,0,1,46,0,0,0,0,0,0,0,0,0,0,0,0,0,0,0,0,0,0,0,0,0,0,0,0,100,57,0,0,0,0
2026-07-31T06:39:12.000Z,30.5,67.7,451,0,1,47,22.1,65.6,0,954.7,0,0,25.5,60.6,428,0,1,36,0,0,0,0,0,0,18.5,85.9,442,0,1,43,0,0,0,0,0,0,0,0,0,0,0,0,0,0,0,0,0,0,0,0,0,0,0,0,100,57,0,0,0,0
2026-07-31T06:39:17.000Z,30.6,67.9,449,0,1,46,22,65.6,0,954.8,0,0,25.5,60.7,459,0,1,51,0,0,0,0,0,0,18.5,85.9,429,0,1,37,0,0,0,0,0,0,0,0,0,0,0,0,0,0,0,0,0,0,0,0,0,0,0,0,100,57,0,0,0,0
2026-07-31T06:39:22.000Z,30.6,68.2,429,0,1,37,22,65.6,0,954.8,0,0,25.5,60.7,453,0,1,48,0,0,0,0,0,0,18.5,85.9,447,0,1,45,0,0,0,0,0,0,0,0,0,0,0,0,0,0,0,0,0,0,0,0,0,0,0,0,100,57,0,0,0,0
2026-07-31T06:39:27.001Z,30.6,67.8,437,0,1,40,22,65.6,0,954.8,0,0,25.5,60.7,474,0,1,58,0,0,0,0,0,0,18.5,85.9,442,0,1,43,0,0,0,0,0,0,0,0,0,0,0,0,0,0,0,0,0,0,0,0,0,0,0,0,100,57,0,0,0,0
2026-07-31T06:39:31.999Z,30.5,67.6,405,0,1,26,22,65.6,0,954.7,0,0,25.4,60.8,451,0,1,47,0,0,0,0,0,0,18.5,86,448,0,1,46,0,0,0,0,0,0,0,0,0,0,0,0,0,0,0,0,0,0,0,0,0,0,0,0,100,57,0,0,0,0
2026-07-31T06:39:36.999Z,30.5,67.6,439,0,1,41,22,65.7,0,954.7,0,0,25.5,60.8,474,0,1,58,0,0,0,0,0,0,18.5,86,434,0,1,39,0,0,0,0,0,0,0,0,0,0,0,0,0,0,0,0,0,0,0,0,0,0,0,0,100,57,0,0,0,0
2026-07-31T06:39:42.035Z,30.5,68,439,0,1,41,22,65.7,0,954.7,0,0,25.5,60.8,448,0,1,46,0,0,0,0,0,0,18.5,86.1,441,0,1,42,0,0,0,0,0,0,0,0,0,0,0,0,0,0,0,0,0,0,0,0,0,0,0,0,100,57,0,0,0,0
2026-07-31T06:39:46.999Z,30.5,68.1,451,0,1,47,22,65.7,0,954.7,0,0,25.4,60.8,426,0,1,35,0,0,0,0,0,0,18.5,86,451,0,1,47,0,0,0,0,0,0,0,0,0,0,0,0,0,0,0,0,0,0,0,0,0,0,0,0,100,57,0,0,0,0
2026-07-31T06:39:52.000Z,30.5,68.1,472,0,1,57,22,65.7,0,954.7,0,0,25.4,60.9,462,0,1,52,0,0,0,0,0,0,18.5,86,440,0,1,42,0,0,0,0,0,0,0,0,0,0,0,0,0,0,0,0,0,0,0,0,0,0,0,0,100,57,0,0,0,0
2026-07-31T06:39:56.999Z,30.5,67.9,418,0,1,32,22,65.7,0,954.7,0,0,25.4,60.9,422,0,1,33,0,0,0,0,0,0,18.5,86.1,452,0,1,47,0,0,0,0,0,0,0,0,0,0,0,0,0,0,0,0,0,0,0,0,0,0,0,0,100,57,0,0,0,0
2026-07-31T06:40:01.999Z,30.5,67.5,429,0,1,37,22,65.8,0,954.7,0,0,25.4,61,420,0,1,33,0,0,0,0,0,0,18.5,86.2,450,0,1,47,0,0,0,0,0,0,0,0,0,0,0,0,0,0,0,0,0,0,0,0,0,0,0,0,100,57,0,0,0,0
2026-07-31T06:40:06.998Z,30.5,67.5,406,0,1,26,22,65.8,0,954.7,0,0,25.4,61,458,0,1,50,0,0,0,0,0,0,18.5,86.2,463,0,1,53,0,0,0,0,0,0,0,0,0,0,0,0,0,0,0,0,0,0,0,0,0,0,0,0,100,57,0,0,0,0
2026-07-31T06:40:11.999Z,30.5,67.7,422,0,1,34,22,65.8,0,954.7,0,0,25.4,61,449,0,1,46,0,0,0,0,0,0,18.5,86.2,428,0,1,36,0,0,0,0,0,0,0,0,0,0,0,0,0,0,0,0,0,0,0,0,0,0,0,0,100,57,0,0,0,0
2026-07-31T06:40:16.998Z,30.4,67.4,400,0,1,22,22,65.8,0,954.7,0,0,25.4,61,448,0,1,46,0,0,0,0,0,0,18.5,86.2,458,0,1,51,0,0,0,0,0,0,0,0,0,0,0,0,0,0,0,0,0,0,0,0,0,0,0,0,100,57,0,0,0,0
2026-07-31T06:40:21.998Z,30.4,67.7,412,0,1,29,22,65.8,0,954.7,0,0,25.4,61,424,0,1,34,0,0,0,0,0,0,18.6,86.3,441,0,1,42,0,0,0,0,0,0,0,0,0,0,0,0,0,0,0,0,0,0,0,0,0,0,0,0,100,57,0,0,0,0
2026-07-31T06:40:26.998Z,30.4,67.8,411,0,1,29,22,65.9,0,954.7,0,0,25.4,61.1,447,0,1,45,0,0,0,0,0,0,18.6,86.3,455,0,1,49,0,0,0,0,0,0,0,0,0,0,0,0,0,0,0,0,0,0,0,0,0,0,0,0,100,57,0,0,0,0
2026-07-31T06:40:31.998Z,30.5,68.3,444,0,1,44,22,65.9,0,954.7,0,0,25.4,61.1,446,0,1,45,0,0,0,0,0,0,18.5,86.3,449,0,1,46,0,0,0,0,0,0,0,0,0,0,0,0,0,0,0,0,0,0,0,0,0,0,0,0,100,57,0,0,0,0
2026-07-31T06:40:36.998Z,30.4,68.4,423,0,1,34,22,65.9,0,954.8,0,0,25.4,61.1,456,0,1,50,0,0,0,0,0,0,18.6,86.3,462,0,1,53,0,0,0,0,0,0,0,0,0,0,0,0,0,0,0,0,0,0,0,0,0,0,0,0,100,57,0,0,0,0
2026-07-31T06:40:41.998Z,30.4,68.4,425,0,1,35,22,65.9,0,954.7,0,0,25.4,61.1,458,0,1,50,0,0,0,0,0,0,18.5,86.3,458,0,1,51,0,0,0,0,0,0,0,0,0,0,0,0,0,0,0,0,0,0,0,0,0,0,0,0,100,57,0,0,0,0
2026-07-31T06:40:46.998Z,30.4,68.3,420,0,1,32,22,65.9,0,954.7,0,0,25.4,61.1,451,0,1,47,0,0,0,0,0,0,18.5,86.3,457,0,1,50,0,0,0,0,0,0,0,0,0,0,0,0,0,0,0,0,0,0,0,0,0,0,0,0,100,57,0,0,0,0
2026-07-31T06:40:51.997Z,30.4,68.5,456,0,1,50,22,65.9,0,954.7,0,0,25.4,61.1,467,0,1,55,0,0,0,0,0,0,18.5,86.2,462,0,1,53,0,0,0,0,0,0,0,0,0,0,0,0,0,0,0,0,0,0,0,0,0,0,0,0,100,57,0,0,0,0
2026-07-31T06:40:56.997Z,30.4,68.7,432,0,1,38,22,66,0,954.7,0,0,25.4,61.1,482,0,1,63,0,0,0,0,0,0,18.5,86.2,466,0,1,54,0,0,0,0,0,0,0,0,0,0,0,0,0,0,0,0,0,0,0,0,0,0,0,0,100,57,0,0,0,0
2026-07-31T06:41:01.997Z,30.3,68.9,429,0,1,37,21.9,66,0,954.7,0,0,25.4,61.1,476,0,1,60,0,0,0,0,0,0,18.5,86.2,485,0,1,64,0,0,0,0,0,0,0,0,0,0,0,0,0,0,0,0,0,0,0,0,0,0,0,0,100,57,0,0,0,0
2026-07-31T06:41:06.997Z,30.4,69,438,0,1,41,22,66,0,954.7,0,0,25.4,61.2,464,0,1,54,0,0,0,0,0,0,18.5,86.2,462,0,1,52,0,0,0,0,0,0,0,0,0,0,0,0,0,0,0,0,0,0,0,0,0,0,0,0,100,57,0,0,0,0
2026-07-31T06:41:11.998Z,30.4,68.9,437,0,1,40,22,66,0,954.7,0,0,25.4,61.2,466,0,1,54,0,0,0,0,0,0,18.5,86.2,469,0,1,56,0,0,0,0,0,0,0,0,0,0,0,0,0,0,0,0,0,0,0,0,0,0,0,0,100,57,0,0,0,0
2026-07-31T06:41:16.997Z,30.3,68.9,440,0,1,42,21.9,66.1,0,954.7,0,0,25.3,61.2,436,0,1,40,0,0,0,0,0,0,18.6,86.2,454,0,1,49,0,0,0,0,0,0,0,0,0,0,0,0,0,0,0,0,0,0,0,0,0,0,0,0,100,57,0,0,0,0
2026-07-31T06:41:21.995Z,30.3,68.9,433,0,1,39,21.9,66.1,0,954.7,0,0,25.3,61.2,462,0,1,53,0,0,0,0,0,0,18.6,86.2,455,0,1,49,0,0,0,0,0,0,0,0,0,0,0,0,0,0,0,0,0,0,0,0,0,0,0,0,100,57,0,0,0,0
2026-07-31T06:41:27.005Z,30.3,69,400,0,1,14,21.9,66.1,0,954.7,0,0,25.3,61.2,450,0,1,47,0,0,0,0,0,0,18.6,86.2,459,0,1,51,0,0,0,0,0,0,0,0,0,0,0,0,0,0,0,0,0,0,0,0,0,0,0,0,100,57,0,0,0,0
2026-07-31T06:41:31.998Z,30.3,69,435,0,1,39,21.9,66.1,0,954.7,0,0,25.3,61.2,449,0,1,46,0,0,0,0,0,0,18.6,86.2,454,0,1,49,0,0,0,0,0,0,0,0,0,0,0,0,0,0,0,0,0,0,0,0,0,0,0,0,100,57,0,0,0,0
2026-07-31T06:41:37.035Z,30.3,69,438,0,1,41,21.9,66.1,0,954.7,0,0,25.3,61.3,424,0,1,35,0,0,0,0,0,0,18.6,86.2,444,0,1,44,0,0,0,0,0,0,0,0,0,0,0,0,0,0,0,0,0,0,0,0,0,0,0,0,100,57,0,0,0,0
2026-07-31T06:41:41.996Z,30.3,68.8,431,0,1,37,21.9,66.2,0,954.6,0,0,25.3,61.4,475,0,1,59,0,0,0,0,0,0,18.6,86.2,457,0,1,50,0,0,0,0,0,0,0,0,0,0,0,0,0,0,0,0,0,0,0,0,0,0,0,0,100,57,0,0,0,0
2026-07-31T06:41:46.998Z,30.3,68.8,439,0,1,41,21.9,66.2,0,954.6,0,0,25.3,61.4,432,0,1,38,0,0,0,0,0,0,18.6,86.2,449,0,1,46,0,0,0,0,0,0,0,0,0,0,0,0,0,0,0,0,0,0,0,0,0,0,0,0,100,57,0,0,0,0
2026-07-31T06:41:51.996Z,30.3,68.5,436,0,1,40,21.9,66.2,0,954.7,0,0,25.3,61.4,464,0,1,54,0,0,0,0,0,0,18.5,86.3,466,0,1,54,0,0,0,0,0,0,0,0,0,0,0,0,0,0,0,0,0,0,0,0,0,0,0,0,100,57,0,0,0,0
2026-07-31T06:41:56.996Z,30.4,68.6,466,0,1,54,21.9,66.2,0,954.7,0,0,25.3,61.4,457,0,1,50,0,0,0,0,0,0,18.5,86.3,450,0,1,47,0,0,0,0,0,0,0,0,0,0,0,0,0,0,0,0,0,0,0,0,0,0,0,0,100,57,0,0,0,0
2026-07-31T06:42:01.996Z,30.4,69,462,0,1,52,21.9,66.1,0,954.7,0,0,25.3,61.4,447,0,1,45,0,0,0,0,0,0,18.6,86.3,446,0,1,45,0,0,0,0,0,0,0,0,0,0,0,0,0,0,0,0,0,0,0,0,0,0,0,0,100,57,0,0,0,0
2026-07-31T06:42:06.996Z,30.4,69.3,449,0,1,46,21.9,66.3,0,954.7,0,0,25.3,61.4,432,0,1,38,0,0,0,0,0,0,18.6,86.3,443,0,1,43,0,0,0,0,0,0,0,0,0,0,0,0,0,0,0,0,0,0,0,0,0,0,0,0,100,57,0,0,0,0
2026-07-31T06:42:11.995Z,30.3,69.5,464,0,1,54,21.9,66.3,0,954.7,0,0,25.3,61.4,457,0,1,50,0,0,0,0,0,0,18.6,86.5,451,0,1,47,0,0,0,0,0,0,0,0,0,0,0,0,0,0,0,0,0,0,0,0,0,0,0,0,100,57,0,0,0,0
2026-07-31T06:42:16.997Z,30.4,69.8,443,0,1,43,21.9,66.3,0,954.6,0,0,25.3,61.5,473,0,1,58,0,0,0,0,0,0,18.6,86.5,451,0,1,47,0,0,0,0,0,0,0,0,0,0,0,0,0,0,0,0,0,0,0,0,0,0,0,0,100,57,0,0,0,0
2026-07-31T06:42:21.996Z,30.4,70.1,441,0,1,42,21.9,66.3,0,954.6,0,0,25.3,61.5,482,0,1,62,0,0,0,0,0,0,18.6,86.5,463,0,1,53,0,0,0,0,0,0,0,0,0,0,0,0,0,0,0,0,0,0,0,0,0,0,0,0,100,57,0,0,0,0
2026-07-31T06:42:26.995Z,30.4,70.4,433,0,1,39,21.9,66.4,0,954.6,0,0,25.3,61.5,461,0,1,52,0,0,0,0,0,0,18.6,86.5,441,0,1,42,0,0,0,0,0,0,0,0,0,0,0,0,0,0,0,0,0,0,0,0,0,0,0,0,100,57,0,0,0,0
2026-07-31T06:42:31.995Z,30.3,70.1,453,0,1,48,21.9,66.4,0,954.7,0,0,25.3,61.5,435,0,1,40,0,0,0,0,0,0,18.6,86.5,452,0,1,48,0,0,0,0,0,0,0,0,0,0,0,0,0,0,0,0,0,0,0,0,0,0,0,0,100,57,0,0,0,0
2026-07-31T06:42:36.995Z,30.3,70,441,0,1,42,21.9,66.4,0,954.7,0,0,25.3,61.6,429,0,1,37,0,0,0,0,0,0,18.6,86.6,476,0,1,59,0,0,0,0,0,0,0,0,0,0,0,0,0,0,0,0,0,0,0,0,0,0,0,0,100,57,0,0,0,0
2026-07-31T06:42:42.002Z,30.3,69.7,437,0,1,41,21.9,66.4,0,954.7,0,0,25.3,61.6,456,0,1,50,0,0,0,0,0,0,18.6,86.6,446,0,1,45,0,0,0,0,0,0,0,0,0,0,0,0,0,0,0,0,0,0,0,0,0,0,0,0,100,57,0,0,0,0
2026-07-31T06:42:46.995Z,30.3,69.2,431,0,1,38,21.9,66.5,0,954.7,0,0,25.3,61.6,446,0,1,45,0,0,0,0,0,0,18.6,86.6,459,0,1,51,0,0,0,0,0,0,0,0,0,0,0,0,0,0,0,0,0,0,0,0,0,0,0,0,100,57,0,0,0,0
2026-07-31T06:42:52.002Z,30.4,68.8,432,0,1,38,21.9,66.5,0,954.7,0,0,25.3,61.6,461,0,1,52,0,0,0,0,0,0,18.6,86.4,448,0,1,46,0,0,0,0,0,0,0,0,0,0,0,0,0,0,0,0,0,0,0,0,0,0,0,0,100,57,0,0,0,0
2026-07-31T06:42:57.001Z,30.4,69,476,0,1,59,21.9,66.5,0,954.7,0,0,25.3,61.6,460,0,1,51,0,0,0,0,0,0,18.6,86.4,471,0,1,57,0,0,0,0,0,0,0,0,0,0,0,0,0,0,0,0,0,0,0,0,0,0,0,0,100,57,0,0,0,0
2026-07-31T06:43:02.001Z,30.4,69.5,467,0,1,55,21.9,66.5,0,954.7,0,0,25.3,61.6,441,0,1,42,0,0,0,0,0,0,18.6,86.4,455,0,1,49,0,0,0,0,0,0,0,0,0,0,0,0,0,0,0,0,0,0,0,0,0,0,0,0,100,57,0,0,0,0
2026-07-31T06:43:06.995Z,30.4,70,466,0,1,54,21.9,66.5,0,954.7,0,0,25.3,61.6,466,0,1,55,0,0,0,0,0,0,18.6,86.5,454,0,1,48,0,0,0,0,0,0,0,0,0,0,0,0,0,0,0,0,0,0,0,0,0,0,0,0,100,57,0,0,0,0
2026-07-31T06:43:12.000Z,30.4,70.4,494,0,2,69,21.9,66.5,0,954.7,0,0,25.3,61.7,446,0,1,45,0,0,0,0,0,0,18.6,86.5,445,0,1,44,0,0,0,0,0,0,0,0,0,0,0,0,0,0,0,0,0,0,0,0,0,0,0,0,100,57,0,0,0,0
2026-07-31T06:43:16.995Z,30.4,70.8,448,0,1,45,21.9,66.5,0,954.7,0,0,25.3,61.7,450,0,1,47,0,0,0,0,0,0,18.6,86.5,460,0,1,51,0,0,0,0,0,0,0,0,0,0,0,0,0,0,0,0,0,0,0,0,0,0,0,0,100,57,0,0,0,0
2026-07-31T06:43:22.000Z,30.4,71.1,457,0,1,50,21.9,66.6,0,954.1,0,0,25.3,61.7,434,0,1,39,0,0,0,0,0,0,18.5,87,469,0,1,56,0,0,0,0,0,0,0,0,0,0,0,0,0,0,0,0,0,0,0,0,0,0,0,0,100,57,0,0,0,0
2026-07-31T06:43:26.994Z,30.4,71.2,465,0,1,54,21.9,66.6,0,954.1,0,0,25.3,61.7,466,0,1,55,0,0,0,0,0,0,18.5,87,462,0,1,52,0,0,0,0,0,0,0,0,0,0,0,0,0,0,0,0,0,0,0,0,0,0,0,0,100,57,0,0,0,0
2026-07-31T06:43:32.000Z,30.4,71,450,0,1,47,21.9,70.6,0,954.7,0,0,25.3,64.5,463,0,1,53,0,0,0,0,0,0,18.6,87.6,464,0,1,53,0,0,0,0,0,0,0,0,0,0,0,0,0,0,0,0,0,0,0,0,0,0,0,0,100,57,0,0,0,0
2026-07-31T06:43:36.994Z,30.4,70.3,420,0,1,33,21.9,69.7,0,954.7,0,0,25.3,64.3,463,0,1,53,0,0,0,0,0,0,18.6,87.6,460,0,1,52,0,0,0,0,0,0,0,0,0,0,0,0,0,0,0,0,0,0,0,0,0,0,0,0,100,57,0,0,0,0
2026-07-31T06:43:42.000Z,30.4,69.9,444,0,1,44,21.9,69.5,0,954.6,0,0,25.3,64.7,447,0,1,45,0,0,0,0,0,0,18.6,87.6,477,0,1,60,0,0,0,0,0,0,0,0,0,0,0,0,0,0,0,0,0,0,0,0,0,0,0,0,100,57,0,0,0,0
2026-07-31T06:43:46.999Z,30.4,69.9,429,0,1,37,21.9,69.5,0,954.6,0,0,25.3,64.7,491,0,2,67,0,0,0,0,0,0,18.6,87.4,466,0,1,55,0,0,0,0,0,0,0,0,0,0,0,0,0,0,0,0,0,0,0,0,0,0,0,0,100,57,0,0,0,0
2026-07-31T06:43:51.999Z,30.4,69.9,434,0,1,39,21.9,69.5,0,954.7,0,0,25.3,65.1,459,0,1,51,0,0,0,0,0,0,18.6,87.2,470,0,1,56,0,0,0,0,0,0,0,0,0,0,0,0,0,0,0,0,0,0,0,0,0,0,0,0,100,57,0,0,0,0
2026-07-31T06:43:57.001Z,30.4,69.5,405,0,1,26,21.9,69.7,0,954.7,0,0,25.4,65.2,466,0,1,55,0,0,0,0,0,0,18.6,87.2,485,0,1,64,0,0,0,0,0,0,0,0,0,0,0,0,0,0,0,0,0,0,0,0,0,0,0,0,100,57,0,0,0,0
2026-07-31T06:44:02.099Z,30.4,69.3,409,0,1,28,21.9,69.7,0,954.7,0,0,25.4,65.2,467,0,1,55,0,0,0,0,0,0,18.6,87.2,464,0,1,54,0,0,0,0,0,0,0,0,0,0,0,0,0,0,0,0,0,0,0,0,0,0,0,0,100,57,0,0,0,0
2026-07-31T06:44:06.999Z,30.4,69,420,0,1,33,21.9,69.6,0,954.7,0,0,25.5,65,445,0,1,44,0,0,0,0,0,0,18.6,87.2,475,0,1,59,0,0,0,0,0,0,0,0,0,0,0,0,0,0,0,0,0,0,0,0,0,0,0,0,100,57,0,0,0,0
2026-07-31T06:44:12.000Z,30.4,69,416,0,1,31,21.9,69.6,0,954.6,0,0,25.5,64.8,448,0,1,46,0,0,0,0,0,0,18.6,87.2,471,0,1,57,0,0,0,0,0,0,0,0,0,0,0,0,0,0,0,0,0,0,0,0,0,0,0,0,100,57,0,0,0,0
2026-07-31T06:44:17.073Z,30.4,69,410,0,1,28,21.9,69.6,0,954.6,0,0,25.5,64.8,449,0,1,46,0,0,0,0,0,0,18.6,87.2,461,0,1,52,0,0,0,0,0,0,0,0,0,0,0,0,0,0,0,0,0,0,0,0,0,0,0,0,100,57,0,0,0,0
2026-07-31T06:44:21.999Z,30.3,68.9,400,0,1,23,21.9,69.6,0,954.7,0,0,25.5,64.6,455,0,1,49,0,0,0,0,0,0,18.6,87.1,473,0,1,58,0,0,0,0,0,0,0,0,0,0,0,0,0,0,0,0,0,0,0,0,0,0,0,0,100,57,0,0,0,0
2026-07-31T06:44:27.000Z,30.3,68.9,418,0,1,32,21.9,69.6,0,954.7,0,0,25.6,64.5,464,0,1,53,0,0,0,0,0,0,18.6,87.1,455,0,1,49,0,0,0,0,0,0,0,0,0,0,0,0,0,0,0,0,0,0,0,0,0,0,0,0,100,57,0,0,0,0
2026-07-31T06:44:31.999Z,30.4,68.7,418,0,1,31,21.9,69.6,0,954.7,0,0,25.6,64.5,485,0,1,64,0,0,0,0,0,0,18.6,87.1,449,0,1,46,0,0,0,0,0,0,0,0,0,0,0,0,0,0,0,0,0,0,0,0,0,0,0,0,100,57,0,0,0,0
2026-07-31T06:44:36.999Z,30.3,68.6,403,0,1,25,21.9,69.6,0,954.7,0,0,25.6,64.5,481,0,1,62,0,0,0,0,0,0,18.6,87.1,485,0,1,64,0,0,0,0,0,0,0,0,0,0,0,0,0,0,0,0,0,0,0,0,0,0,0,0,100,57,0,0,0,0
2026-07-31T06:44:41.999Z,30.3,68.9,423,0,1,34,21.9,69.7,0,954.7,0,0,25.6,64.5,478,0,1,61,0,0,0,0,0,0,18.6,86.8,473,0,1,58,0,0,0,0,0,0,0,0,0,0,0,0,0,0,0,0,0,0,0,0,0,0,0,0,100,57,0,0,0,0
2026-07-31T06:44:46.998Z,30.3,69,430,0,1,37,21.9,69.7,0,954.7,0,0,25.6,64.5,473,0,1,58,0,0,0,0,0,0,18.6,86.8,477,0,1,60,0,0,0,0,0,0,0,0,0,0,0,0,0,0,0,0,0,0,0,0,0,0,0,0,100,57,0,0,0,0
2026-07-31T06:44:51.999Z,30.3,69,418,0,1,32,21.9,69.8,0,954.7,0,0,25.6,64.3,468,0,1,56,0,0,0,0,0,0,18.6,87,443,0,1,43,0,0,0,0,0,0,0,0,0,0,0,0,0,0,0,0,0,0,0,0,0,0,0,0,100,57,0,0,0,0
2026-07-31T06:44:56.999Z,30.3,69,415,0,1,30,21.9,69.8,0,954.7,0,0,25.6,64.3,461,0,1,52,0,0,0,0,0,0,18.6,87,454,0,1,49,0,0,0,0,0,0,0,0,0,0,0,0,0,0,0,0,0,0,0,0,0,0,0,0,100,57,0,0,0,0
2026-07-31T06:45:01.998Z,30.4,68.7,447,0,1,45,22,69.8,0,954.7,0,0,25.6,64.3,491,0,2,67,0,0,0,0,0,0,18.6,86.9,461,0,1,52,0,0,0,0,0,0,0,0,0,0,0,0,0,0,0,0,0,0,0,0,0,0,0,0,100,57,0,0,0,0
2026-07-31T06:45:06.999Z,30.4,68.5,413,0,1,29,22,69.7,0,954.7,0,0,25.6,64.2,481,0,1,62,0,0,0,0,0,0,18.6,86.9,465,0,1,54,0,0,0,0,0,0,0,0,0,0,0,0,0,0,0,0,0,0,0,0,0,0,0,0,100,57,0,0,0,0
2026-07-31T06:45:11.998Z,30.4,68.9,458,0,1,50,22,69.7,0,954.7,0,0,25.6,64.2,464,0,1,54,0,0,0,0,0,0,18.6,86.9,463,0,1,53,0,0,0,0,0,0,0,0,0,0,0,0,0,0,0,0,0,0,0,0,0,0,0,0,100,57,0,0,0,0
2026-07-31T06:45:17.066Z,30.4,69.5,458,0,1,50,22,69.7,0,954.7,0,0,25.6,64.2,482,0,1,62,0,0,0,0,0,0,18.6,87,453,0,1,48,0,0,0,0,0,0,0,0,0,0,0,0,0,0,0,0,0,0,0,0,0,0,0,0,100,57,0,0,0,0
2026-07-31T06:45:21.997Z,30.4,69.6,437,0,1,40,22,69.8,0,954.6,0,0,25.6,64.2,478,0,1,61,0,0,0,0,0,0,18.6,87.1,475,0,1,59,0,0,0,0,0,0,0,0,0,0,0,0,0,0,0,0,0,0,0,0,0,0,0,0,100,57,0,0,0,0
2026-07-31T06:45:26.998Z,30.5,69.4,467,0,1,55,22,69.8,0,954.6,0,0,25.6,64.2,472,0,1,57,0,0,0,0,0,0,18.6,87.1,458,0,1,51,0,0,0,0,0,0,0,0,0,0,0,0,0,0,0,0,0,0,0,0,0,0,0,0,100,57,0,0,0,0
2026-07-31T06:45:31.996Z,30.4,69.5,485,0,1,64,22,69.8,0,954.7,0,0,25.6,64.2,470,0,1,56,0,0,0,0,0,0,18.7,87.2,468,0,1,55,0,0,0,0,0,0,0,0,0,0,0,0,0,0,0,0,0,0,0,0,0,0,0,0,100,57,0,0,0,0
2026-07-31T06:45:36.998Z,30.5,70,482,0,1,63,22,69.8,0,954.7,0,0,25.6,64.2,482,0,1,63,0,0,0,0,0,0,18.7,87.2,465,0,1,54,0,0,0,0,0,0,0,0,0,0,0,0,0,0,0,0,0,0,0,0,0,0,0,0,100,57,0,0,0,0
2026-07-31T06:45:41.996Z,30.5,70.3,488,0,2,66,22,69.8,0,954.7,0,0,25.7,64.2,476,0,1,60,0,0,0,0,0,0,18.6,87.2,461,0,1,52,0,0,0,0,0,0,0,0,0,0,0,0,0,0,0,0,0,0,0,0,0,0,0,0,100,57,0,0,0,0
2026-07-31T06:45:46.997Z,30.5,70.6,470,0,1,56,22,69.8,0,954.7,0,0,25.7,64.2,493,0,2,68,0,0,0,0,0,0,18.6,87.2,463,0,1,53,0,0,0,0,0,0,0,0,0,0,0,0,0,0,0,0,0,0,0,0,0,0,0,0,100,57,0,0,0,0
2026-07-31T06:45:51.997Z,30.5,70.9,468,0,1,55,22,69.8,0,954.7,0,0,25.7,64.1,499,0,2,72,0,0,0,0,0,0,18.7,87.2,483,0,1,63,0,0,0,0,0,0,0,0,0,0,0,0,0,0,0,0,0,0,0,0,0,0,0,0,100,57,0,0,0,0
2026-07-31T06:45:56.999Z,30.5,71.1,483,0,1,63,22,69.7,0,954.7,0,0,25.7,64,493,0,2,68,0,0,0,0,0,0,18.7,87.2,471,0,1,57,0,0,0,0,0,0,0,0,0,0,0,0,0,0,0,0,0,0,0,0,0,0,0,0,100,57,0,0,0,0
2026-07-31T06:46:01.996Z,30.5,71.4,482,0,1,63,22,69.7,0,954.6,0,0,25.7,64,486,0,2,65,0,0,0,0,0,0,18.7,87.3,453,0,1,48,0,0,0,0,0,0,0,0,0,0,0,0,0,0,0,0,0,0,0,0,0,0,0,0,100,57,0,0,0,0
2026-07-31T06:46:06.999Z,30.5,71.4,479,0,1,61,22,69.7,0,954.6,0,0,25.7,64,463,0,1,53,0,0,0,0,0,0,18.7,87.3,471,0,1,57,0,0,0,0,0,0,0,0,0,0,0,0,0,0,0,0,0,0,0,0,0,0,0,0,100,57,0,0,0,0
2026-07-31T06:46:11.996Z,30.5,71.1,434,0,1,39,22,69.7,0,954.7,0,0,25.8,63.9,492,0,2,68,0,0,0,0,0,0,18.7,87.3,481,0,1,62,0,0,0,0,0,0,0,0,0,0,0,0,0,0,0,0,0,0,0,0,0,0,0,0,100,57,0,0,0,0
2026-07-31T06:46:16.996Z,30.4,70.3,434,0,1,39,22,69.7,0,954.7,0,0,25.7,63.8,486,0,2,65,0,0,0,0,0,0,18.7,87.4,483,0,1,63,0,0,0,0,0,0,0,0,0,0,0,0,0,0,0,0,0,0,0,0,0,0,0,0,100,57,0,0,0,0
2026-07-31T06:46:21.996Z,30.4,70.1,429,0,1,37,22,69.7,0,954.7,0,0,25.7,63.8,502,0,2,73,0,0,0,0,0,0,18.7,87.4,495,0,2,69,0,0,0,0,0,0,0,0,0,0,0,0,0,0,0,0,0,0,0,0,0,0,0,0,100,57,0,0,0,0
2026-07-31T06:46:26.996Z,30.4,70,445,0,1,44,22.1,69.7,0,954.6,0,0,25.8,63.9,509,0,2,77,0,0,0,0,0,0,18.7,87.3,458,0,1,50,0,0,0,0,0,0,0,0,0,0,0,0,0,0,0,0,0,0,0,0,0,0,0,0,100,57,0,0,0,0
2026-07-31T06:46:31.996Z,30.4,69.8,435,0,1,40,22.1,69.7,0,954.6,0,0,25.8,63.9,504,0,2,74,0,0,0,0,0,0,18.7,87.3,476,0,1,60,0,0,0,0,0,0,0,0,0,0,0,0,0,0,0,0,0,0,0,0,0,0,0,0,100,57,0,0,0,0
2026-07-31T06:46:36.996Z,30.4,69.5,431,0,1,38,22.1,69.7,0,954.6,0,0,25.8,63.8,481,0,1,62,0,0,0,0,0,0,18.7,87.3,453,0,1,48,0,0,0,0,0,0,0,0,0,0,0,0,0,0,0,0,0,0,0,0,0,0,0,0,100,57,0,0,0,0
2026-07-31T06:46:41.995Z,30.4,69.4,428,0,1,36,22.1,69.7,0,954.7,0,0,25.8,63.9,514,0,2,80,0,0,0,0,0,0,18.8,87.3,477,0,1,60,0,0,0,0,0,0,0,0,0,0,0,0,0,0,0,0,0,0,0,0,0,0,0,0,100,57,0,0,0,0
2026-07-31T06:46:46.996Z,30.4,69.2,418,0,1,32,22.1,69.7,0,954.7,0,0,25.8,63.9,509,0,2,77,0,0,0,0,0,0,18.8,87.3,472,0,1,58,0,0,0,0,0,0,0,0,0,0,0,0,0,0,0,0,0,0,0,0,0,0,0,0,100,57,0,0,0,0
2026-07-31T06:46:52.001Z,30.4,69.5,429,0,1,37,22.1,69.7,0,954.7,0,0,25.8,63.9,498,0,2,71,0,0,0,0,0,0,18.8,87.3,455,0,1,49,0,0,0,0,0,0,0,0,0,0,0,0,0,0,0,0,0,0,0,0,0,0,0,0,100,57,0,0,0,0
2026-07-31T06:46:56.995Z,30.4,69.9,413,0,1,30,22.1,69.7,0,954.7,0,0,25.8,63.9,474,0,1,58,0,0,0,0,0,0,18.8,87.3,474,0,1,59,0,0,0,0,0,0,0,0,0,0,0,0,0,0,0,0,0,0,0,0,0,0,0,0,100,57,0,0,0,0
2026-07-31T06:47:01.995Z,30.3,69.8,402,0,1,24,22.1,69.6,0,954.6,0,0,25.7,63.9,487,0,2,65,0,0,0,0,0,0,18.8,87.3,480,0,1,62,0,0,0,0,0,0,0,0,0,0,0,0,0,0,0,0,0,0,0,0,0,0,0,0,100,57,0,0,0,0
2026-07-31T06:47:06.995Z,30.3,69.8,421,0,1,33,22.1,69.7,0,954.6,0,0,25.7,64,490,0,2,67,0,0,0,0,0,0,18.8,87.2,474,0,1,58,0,0,0,0,0,0,0,0,0,0,0,0,0,0,0,0,0,0,0,0,0,0,0,0,100,57,0,0,0,0
2026-07-31T06:47:11.995Z,30.3,70,427,0,1,36,22.1,69.7,0,954.6,0,0,25.7,64,486,0,2,65,0,0,0,0,0,0,18.8,87.2,452,0,1,48,0,0,0,0,0,0,0,0,0,0,0,0,0,0,0,0,0,0,0,0,0,0,0,0,100,57,0,0,0,0
2026-07-31T06:47:16.995Z,30.3,70.1,448,0,1,46,22.1,69.7,0,954.6,0,0,25.7,64,473,0,1,58,0,0,0,0,0,0,18.7,87.1,472,0,1,57,0,0,0,0,0,0,0,0,0,0,0,0,0,0,0,0,0,0,0,0,0,0,0,0,100,57,0,0,0,0
2026-07-31T06:47:22.001Z,30.3,70,435,0,1,40,22.1,69.7,0,954.6,0,0,25.7,64,495,0,2,70,0,0,0,0,0,0,18.7,87.1,474,0,1,58,0,0,0,0,0,0,0,0,0,0,0,0,0,0,0,0,0,0,0,0,0,0,0,0,100,57,0,0,0,0
2026-07-31T06:47:27.001Z,30.3,70,429,0,1,37,22.1,69.7,0,954.6,0,0,25.7,64.1,474,0,1,59,0,0,0,0,0,0,18.8,87.1,490,0,2,67,0,0,0,0,0,0,0,0,0,0,0,0,0,0,0,0,0,0,0,0,0,0,0,0,100,57,0,0,0,0
2026-07-31T06:47:32.011Z,30.3,69.9,460,0,1,51,22.1,69.7,0,954.6,0,0,25.7,64.2,480,0,1,62,0,0,0,0,0,0,18.8,87.1,483,0,1,63,0,0,0,0,0,0,0,0,0,0,0,0,0,0,0,0,0,0,0,0,0,0,0,0,100,57,0,0,0,0
2026-07-31T06:47:36.999Z,30.3,69.6,449,0,1,46,22.1,69.7,0,954.6,0,0,25.7,64.2,480,0,1,62,0,0,0,0,0,0,18.8,87.1,494,0,2,69,0,0,0,0,0,0,0,0,0,0,0,0,0,0,0,0,0,0,0,0,0,0,0,0,100,57,0,0,0,0
2026-07-31T06:47:41.998Z,30.3,69.4,462,0,1,52,22.1,69.7,0,954.6,0,0,25.7,64.1,462,0,1,52,0,0,0,0,0,0,18.8,87.1,490,0,2,67,0,0,0,0,0,0,0,0,0,0,0,0,0,0,0,0,0,0,0,0,0,0,0,0,100,57,0,0,0,0
2026-07-31T06:47:46.999Z,30.3,69.3,433,0,1,38,22.1,69.7,0,954.6,0,0,25.7,64.1,473,0,1,58,0,0,0,0,0,0,18.8,87.1,488,0,2,66,0,0,0,0,0,0,0,0,0,0,0,0,0,0,0,0,0,0,0,0,0,0,0,0,100,57,0,0,0,0
2026-07-31T06:47:52.005Z,30.3,69.4,449,0,1,46,22.1,69.7,0,954.6,0,0,25.8,64.1,485,0,1,64,0,0,0,0,0,0,18.8,87.1,477,0,1,60,0,0,0,0,0,0,0,0,0,0,0,0,0,0,0,0,0,0,0,0,0,0,0,0,100,57,0,0,0,0
2026-07-31T06:47:56.996Z,30.2,69.6,459,0,1,51,22.1,69.7,0,954.6,0,0,25.8,64.1,511,0,2,78,0,0,0,0,0,0,18.8,87.1,486,0,2,65,0,0,0,0,0,0,0,0,0,0,0,0,0,0,0,0,0,0,0,0,0,0,0,0,100,57,0,0,0,0
2026-07-31T06:48:01.999Z,30.2,69.6,449,0,1,46,22.1,69.6,0,954.6,0,0,25.8,64.1,516,0,2,81,0,0,0,0,0,0,18.8,87,503,0,2,74,0,0,0,0,0,0,0,0,0,0,0,0,0,0,0,0,0,0,0,0,0,0,0,0,100,57,0,0,0,0
2026-07-31T06:48:07.001Z,30.2,69.8,445,0,1,44,22.1,69.6,0,954.7,0,0,25.8,64.1,497,0,2,70,0,0,0,0,0,0,18.8,87,495,0,2,69,0,0,0,0,0,0,0,0,0,0,0,0,0,0,0,0,0,0,0,0,0,0,0,0,100,57,0,0,0,0
2026-07-31T06:48:12.000Z,30.2,69.8,451,0,1,47,22.1,69.6,0,954.7,0,0,25.8,64,502,0,2,73,0,0,0,0,0,0,18.8,86.8,494,0,2,69,0,0,0,0,0,0,0,0,0,0,0,0,0,0,0,0,0,0,0,0,0,0,0,0,100,57,0,0,0,0
2026-07-31T06:48:17.000Z,30.2,70,468,0,1,55,22.1,69.6,0,954.7,0,0,25.8,64,492,0,2,68,0,0,0,0,0,0,18.8,86.8,504,0,2,74,0,0,0,0,0,0,0,0,0,0,0,0,0,0,0,0,0,0,0,0,0,0,0,0,100,57,0,0,0,0
2026-07-31T06:48:22.040Z,30.2,69.9,446,0,1,45,22.2,69.6,0,954.6,0,0,25.8,64,507,0,2,76,0,0,0,0,0,0,18.8,86.8,485,0,1,64,0,0,0,0,0,0,0,0,0,0,0,0,0,0,0,0,0,0,0,0,0,0,0,0,100,57,0,0,0,0
2026-07-31T06:48:26.999Z,30.3,69.8,459,0,1,51,22.2,69.6,0,954.5,0,0,25.8,63.9,484,0,1,64,0,0,0,0,0,0,18.8,86.9,483,0,1,63,0,0,0,0,0,0,0,0,0,0,0,0,0,0,0,0,0,0,0,0,0,0,0,0,100,57,0,0,0,0
2026-07-31T06:48:31.999Z,30.3,69.6,474,0,1,58,22.2,69.6,0,954.6,0,0,25.8,64,518,0,2,82,0,0,0,0,0,0,18.8,87,498,0,2,71,0,0,0,0,0,0,0,0,0,0,0,0,0,0,0,0,0,0,0,0,0,0,0,0,100,57,0,0,0,0
2026-07-31T06:48:36.999Z,30.3,69.5,446,0,1,45,22.2,69.6,0,954.5,0,0,25.8,64.1,496,0,2,70,0,0,0,0,0,0,18.8,87,480,0,1,62,0,0,0,0,0,0,0,0,0,0,0,0,0,0,0,0,0,0,0,0,0,0,0,0,100,57,0,0,0,0
2026-07-31T06:48:41.999Z,30.2,69.7,437,0,1,41,22.2,69.6,0,954.5,0,0,25.8,64.1,511,0,2,78,0,0,0,0,0,0,18.8,87,507,0,2,76,0,0,0,0,0,0,0,0,0,0,0,0,0,0,0,0,0,0,0,0,0,0,0,0,100,57,0,0,0,0
2026-07-31T06:48:46.999Z,30.2,69.8,441,0,1,42,22.2,69.6,0,954.6,0,0,25.8,64,537,0,2,93,0,0,0,0,0,0,18.8,87,476,0,1,60,0,0,0,0,0,0,0,0,0,0,0,0,0,0,0,0,0,0,0,0,0,0,0,0,100,57,0,0,0,0
2026-07-31T06:48:51.999Z,30.2,70,420,0,1,33,22.2,69.6,0,954.6,0,0,25.8,64,488,0,2,66,0,0,0,0,0,0,18.8,87,482,0,1,62,0,0,0,0,0,0,0,0,0,0,0,0,0,0,0,0,0,0,0,0,0,0,0,0,100,57,0,0,0,0
2026-07-31T06:48:56.999Z,30.2,70,439,0,1,41,22.2,69.7,0,954.6,0,0,25.8,64.1,479,0,1,61,0,0,0,0,0,0,18.8,86.9,497,0,2,70,0,0,0,0,0,0,0,0,0,0,0,0,0,0,0,0,0,0,0,0,0,0,0,0,100,57,0,0,0,0
2026-07-31T06:49:01.999Z,30.2,70.1,436,0,1,40,22.2,69.6,0,954.6,0,0,25.7,64.1,518,0,2,82,0,0,0,0,0,0,18.8,86.9,470,0,1,57,0,0,0,0,0,0,0,0,0,0,0,0,0,0,0,0,0,0,0,0,0,0,0,0,100,57,0,0,0,0
2026-07-31T06:49:06.998Z,30.2,70.1,474,0,1,59,22.2,69.6,0,954.6,0,0,25.7,64.1,495,0,2,69,0,0,0,0,0,0,18.8,86.9,490,0,2,67,0,0,0,0,0,0,0,0,0,0,0,0,0,0,0,0,0,0,0,0,0,0,0,0,100,57,0,0,0,0
2026-07-31T06:49:11.999Z,30.2,70,439,0,1,42,22.2,69.6,0,954.7,0,0,25.8,64.1,504,0,2,74,0,0,0,0,0,0,18.8,86.8,482,0,1,63,0,0,0,0,0,0,0,0,0,0,0,0,0,0,0,0,0,0,0,0,0,0,0,0,100,57,0,0,0,0
2026-07-31T06:49:16.995Z,30.2,69.7,424,0,1,34,22.2,69.6,0,954.7,0,0,25.8,64.1,504,0,2,74,0,0,0,0,0,0,18.8,86.8,482,0,1,63,0,0,0,0,0,0,0,0,0,0,0,0,0,0,0,0,0,0,0,0,0,0,0,0,100,57,0,0,0,0
2026-07-31T06:49:21.999Z,30.2,69.8,429,0,1,37,22.2,69.5,0,954.6,0,0,25.7,64.1,486,0,2,65,0,0,0,0,0,0,18.8,86.7,497,0,2,71,0,0,0,0,0,0,0,0,0,0,0,0,0,0,0,0,0,0,0,0,0,0,0,0,100,57,0,0,0,0
2026-07-31T06:49:27.023Z,30.2,69.9,470,0,1,57,22.2,69.5,0,954.6,0,0,25.7,64.2,503,0,2,74,0,0,0,0,0,0,18.8,86.7,486,0,2,65,0,0,0,0,0,0,0,0,0,0,0,0,0,0,0,0,0,0,0,0,0,0,0,0,100,57,0,0,0,0
2026-07-31T06:49:31.998Z,30.2,70,486,0,1,64,22.2,69.5,0,954.6,0,0,25.7,64.2,501,0,2,72,0,0,0,0,0,0,18.8,86.7,504,0,2,74,0,0,0,0,0,0,0,0,0,0,0,0,0,0,0,0,0,0,0,0,0,0,0,0,100,57,0,0,0,0
2026-07-31T06:49:37.048Z,30.1,70.4,447,0,1,45,22.2,69.5,0,954.5,0,0,25.8,64.2,523,0,2,85,0,0,0,0,0,0,18.8,86.8,517,0,2,82,0,0,0,0,0,0,0,0,0,0,0,0,0,0,0,0,0,0,0,0,0,0,0,0,100,57,0,0,0,0
2026-07-31T06:49:41.996Z,30.1,70.1,444,0,1,44,22.2,69.5,0,954.6,0,0,25.8,64.1,540,0,2,95,0,0,0,0,0,0,18.7,86.7,505,0,2,75,0,0,0,0,0,0,0,0,0,0,0,0,0,0,0,0,0,0,0,0,0,0,0,0,100,57,0,0,0,0
2026-07-31T06:49:47.065Z,30.1,69.9,437,0,1,41,22.2,69.5,0,954.6,0,0,25.8,64.1,545,0,2,97,0,0,0,0,0,0,18.7,86.7,492,0,2,68,0,0,0,0,0,0,0,0,0,0,0,0,0,0,0,0,0,0,0,0,0,0,0,0,100,57,0,0,0,0
2026-07-31T06:49:51.997Z,30.1,69.9,436,0,1,40,22.2,69.5,0,954.6,0,0,25.8,64.1,536,0,2,92,0,0,0,0,0,0,18.7,86.7,496,0,2,70,0,0,0,0,0,0,0,0,0,0,0,0,0,0,0,0,0,0,0,0,0,0,0,0,100,57,0,0,0,0
2026-07-31T06:49:57.007Z,30.1,70.4,448,0,1,46,22.2,69.5,0,954.6,0,0,25.8,64.1,536,0,2,92,0,0,0,0,0,0,18.7,86.7,496,0,2,70,0,0,0,0,0,0,0,0,0,0,0,0,0,0,0,0,0,0,0,0,0,0,0,0,100,57,0,0,0,0
2026-07-31T06:50:01.998Z,30.1,70.7,463,0,1,53,22.3,69.4,0,954.6,0,0,25.9,64,552,0,2,102,0,0,0,0,0,0,18.8,86.7,479,0,1,61,0,0,0,0,0,0,0,0,0,0,0,0,0,0,0,0,0,0,0,0,0,0,0,0,100,57,0,0,0,0
2026-07-31T06:50:07.000Z,30.2,71.2,466,0,1,54,22.3,69.4,0,954.6,0,0,25.9,64,546,0,2,98,0,0,0,0,0,0,18.8,86.7,486,0,2,65,0,0,0,0,0,0,0,0,0,0,0,0,0,0,0,0,0,0,0,0,0,0,0,0,100,57,0,0,0,0
2026-07-31T06:50:11.998Z,30.1,71.5,469,0,1,56,22.3,69.5,0,954.6,0,0,25.9,64.1,600,0,2,132,0,0,0,0,0,0,18.8,86.8,504,0,2,74,0,0,0,0,0,0,0,0,0,0,0,0,0,0,0,0,0,0,0,0,0,0,0,0,100,57,0,0,0,0
2026-07-31T06:50:17.063Z,30.1,71.5,448,0,1,46,22.3,69.5,0,954.6,0,0,25.9,64.1,581,0,2,119,0,0,0,0,0,0,18.8,86.8,504,0,2,74,0,0,0,0,0,0,0,0,0,0,0,0,0,0,0,0,0,0,0,0,0,0,0,0,100,57,0,0,0,0
2026-07-31T06:50:21.996Z,30.2,71.6,467,0,1,55,22.3,69.6,0,954.6,0,0,26,63.9,556,0,2,104,0,0,0,0,0,0,18.8,86.8,497,0,2,70,0,0,0,0,0,0,0,0,0,0,0,0,0,0,0,0,0,0,0,0,0,0,0,0,100,57,0,0,0,0
2026-07-31T06:50:27.001Z,30.2,71.8,492,0,2,68,22.3,69.6,0,954.5,0,0,26,63.8,567,0,2,111,0,0,0,0,0,0,18.8,86.7,488,0,2,66,0,0,0,0,0,0,0,0,0,0,0,0,0,0,0,0,0,0,0,0,0,0,0,0,100,57,0,0,0,0
2026-07-31T06:50:31.999Z,30.1,71.7,497,0,2,70,22.3,69.6,0,954.5,0,0,26,63.8,537,0,2,93,0,0,0,0,0,0,18.8,86.7,493,0,2,68,0,0,0,0,0,0,0,0,0,0,0,0,0,0,0,0,0,0,0,0,0,0,0,0,100,57,0,0,0,0
2026-07-31T06:50:37.098Z,30.2,71.7,494,0,2,69,22.3,69.7,0,954.6,0,0,26,63.8,575,0,2,115,0,0,0,0,0,0,18.8,86.7,483,0,1,63,0,0,0,0,0,0,0,0,0,0,0,0,0,0,0,0,0,0,0,0,0,0,0,0,100,57,0,0,0,0
2026-07-31T06:50:41.999Z,30.1,71.6,482,0,1,63,22.3,69.4,0,954.5,0,0,26,63.7,561,0,2,107,0,0,0,0,0,0,18.8,86.8,479,0,1,61,0,0,0,0,0,0,0,0,0,0,0,0,0,0,0,0,0,0,0,0,0,0,0,0,100,57,0,0,0,0
2026-07-31T06:50:47.077Z,30.2,71.4,492,0,2,68,22.3,69.4,0,954.5,0,0,26,63.7,530,0,2,89,0,0,0,0,0,0,18.8,86.8,506,0,2,75,0,0,0,0,0,0,0,0,0,0,0,0,0,0,0,0,0,0,0,0,0,0,0,0,100,57,0,0,0,0
2026-07-31T06:50:52.008Z,30.2,71.6,470,0,1,57,22.4,69.4,0,954.5,0,0,26,63.6,545,0,2,98,0,0,0,0,0,0,18.8,86.8,481,0,1,62,0,0,0,0,0,0,0,0,0,0,0,0,0,0,0,0,0,0,0,0,0,0,0,0,100,57,0,0,0,0
2026-07-31T06:50:57.076Z,30.2,71.2,483,0,1,63,22.4,69.2,0,954.5,0,0,26,63.6,545,0,2,98,0,0,0,0,0,0,18.9,87,477,0,1,60,0,0,0,0,0,0,0,0,0,0,0,0,0,0,0,0,0,0,0,0,0,0,0,0,100,57,0,0,0,0
2026-07-31T06:51:02.008Z,30.2,71.8,492,0,2,68,22.4,69.2,0,954.5,0,0,26,63.6,525,0,2,86,0,0,0,0,0,0,18.9,87,486,0,2,65,0,0,0,0,0,0,0,0,0,0,0,0,0,0,0,0,0,0,0,0,0,0,0,0,100,57,0,0,0,0
2026-07-31T06:51:07.120Z,30.3,72.1,507,0,2,76,22.4,69.1,0,954.5,0,0,26.1,63.5,566,0,2,110,0,0,0,0,0,0,18.9,87,496,0,2,70,0,0,0,0,0,0,0,0,0,0,0,0,0,0,0,0,0,0,0,0,0,0,0,0,100,57,0,0,0,0
2026-07-31T06:51:11.998Z,30.3,72.1,494,0,2,69,22.4,69,0,954.6,0,0,26,63.4,531,0,2,89,0,0,0,0,0,0,18.9,87,501,0,2,72,0,0,0,0,0,0,0,0,0,0,0,0,0,0,0,0,0,0,0,0,0,0,0,0,100,57,0,0,0,0
2026-07-31T06:51:17.066Z,30.3,72.3,506,0,2,75,22.4,69,0,954.6,0,0,26,63.4,537,0,2,93,0,0,0,0,0,0,18.9,87,518,0,2,82,0,0,0,0,0,0,0,0,0,0,0,0,0,0,0,0,0,0,0,0,0,0,0,0,100,51,0,0,0,0
2026-07-31T06:51:22.001Z,30.3,72,493,0,2,68,22.4,68.8,0,954.4,0,0,26.1,63.3,535,0,2,92,0,0,0,0,0,0,18.9,87.1,496,0,2,70,0,0,0,0,0,0,0,0,0,0,0,0,0,0,0,0,0,0,0,0,0,0,0,0,100,50,0,0,0,0
2026-07-31T06:51:26.995Z,30.4,71.9,486,0,2,65,22.4,68.8,0,954.4,0,0,26.1,63.2,529,0,2,88,0,0,0,0,0,0,18.9,87.1,502,0,2,73,0,0,0,0,0,0,0,0,0,0,0,0,0,0,0,0,0,0,0,0,0,0,0,0,100,50,0,0,0,0
2026-07-31T06:51:31.995Z,30.3,72.2,500,0,2,72,22.4,68.8,0,954.4,0,0,26.1,63.2,549,0,2,100,0,0,0,0,0,0,18.9,86.9,488,0,2,66,0,0,0,0,0,0,0,0,0,0,0,0,0,0,0,0,0,0,0,0,0,0,0,0,100,50,0,0,0,0
2026-07-31T06:51:37.020Z,30.3,72.5,487,0,2,65,22.4,68.8,0,954.4,0,0,26.1,63.2,549,0,2,100,0,0,0,0,0,0,18.9,86.9,488,0,2,66,0,0,0,0,0,0,0,0,0,0,0,0,0,0,0,0,0,0,0,0,0,0,0,0,100,50,0,0,0,0
2026-07-31T06:51:41.997Z,30.4,72.6,495,0,2,69,22.4,68.7,0,954.3,0,0,26.1,63.1,538,0,2,93,0,0,0,0,0,0,18.9,86.5,471,0,1,57,0,0,0,0,0,0,0,0,0,0,0,0,0,0,0,0,0,0,0,0,0,0,0,0,100,50,0,0,0,0
2026-07-31T06:51:47.026Z,30.3,72.7,507,0,2,76,22.4,68.7,0,954.3,0,0,26.1,63.1,548,0,2,99,0,0,0,0,0,0,18.9,86.1,485,0,1,64,0,0,0,0,0,0,0,0,0,0,0,0,0,0,0,0,0,0,0,0,0,0,0,0,100,50,0,0,0,0
2026-07-31T06:51:52.011Z,30.3,72.8,496,0,2,70,22.5,68.7,0,954.3,0,0,26.1,63.2,584,0,2,121,0,0,0,0,0,0,18.9,85.7,488,0,2,66,0,0,0,0,0,0,0,0,0,0,0,0,0,0,0,0,0,0,0,0,0,0,0,0,100,50,0,0,0,0
2026-07-31T06:51:57.079Z,30.3,72.8,466,0,1,55,22.5,68.7,0,954.3,0,0,26.1,63.2,562,0,2,108,0,0,0,0,0,0,18.9,85.7,468,0,1,55,0,0,0,0,0,0,0,0,0,0,0,0,0,0,0,0,0,0,0,0,0,0,0,0,100,50,0,0,0,0
2026-07-31T06:52:01.999Z,30.4,72.2,475,0,1,59,22.5,68.7,0,954.3,0,0,26.1,63.4,560,0,2,106,0,0,0,0,0,0,18.8,85.4,488,0,2,66,0,0,0,0,0,0,0,0,0,0,0,0,0,0,0,0,0,0,0,0,0,0,0,0,100,50,0,0,0,0
2026-07-31T06:52:07.079Z,30.4,71.5,483,0,1,63,22.5,68.6,0,954.4,0,0,26.1,63.3,549,0,2,100,0,0,0,0,0,0,18.8,85.2,486,0,2,65,0,0,0,0,0,0,0,0,0,0,0,0,0,0,0,0,0,0,0,0,0,0,0,0,100,50,0,0,0,0
2026-07-31T06:52:11.999Z,30.4,71.2,468,0,1,56,22.5,68.6,0,954.4,0,0,26.1,63.3,546,0,2,98,0,0,0,0,0,0,18.8,85.2,475,0,1,59,0,0,0,0,0,0,0,0,0,0,0,0,0,0,0,0,0,0,0,0,0,0,0,0,100,50,0,0,0,0
2026-07-31T06:52:16.997Z,30.4,70.8,473,0,1,58,22.5,68.6,0,954.4,0,0,26.1,63.1,557,0,2,105,0,0,0,0,0,0,18.8,85,484,0,1,64,0,0,0,0,0,0,0,0,0,0,0,0,0,0,0,0,0,0,0,0,0,0,0,0,100,50,0,0,0,0
2026-07-31T06:52:21.997Z,30.4,70.5,493,0,2,68,22.5,68.5,0,954.3,0,0,26.2,63,553,0,2,102,0,0,0,0,0,0,18.8,84.9,486,0,2,65,0,0,0,0,0,0,0,0,0,0,0,0,0,0,0,0,0,0,0,0,0,0,0,0,100,50,0,0,0,0
2026-07-31T06:52:27.001Z,30.4,71.1,496,0,2,70,22.5,68.5,0,954.3,0,0,26.2,63,549,0,2,100,0,0,0,0,0,0,18.8,84.9,487,0,2,65,0,0,0,0,0,0,0,0,0,0,0,0,0,0,0,0,0,0,0,0,0,0,0,0,100,50,0,0,0,0
2026-07-31T06:52:32.007Z,30.4,71.5,504,0,2,74,22.5,68.4,0,954.4,0,0,26.2,62.9,550,0,2,100,0,0,0,0,0,0,18.8,84.9,491,0,2,67,0,0,0,0,0,0,0,0,0,0,0,0,0,0,0,0,0,0,0,0,0,0,0,0,100,50,0,0,0,0
2026-07-31T06:52:37.009Z,30.4,71.6,502,0,2,73,22.5,68.4,0,954.4,0,0,26.2,62.9,541,0,2,95,0,0,0,0,0,0,18.8,84.9,457,0,1,50,0,0,0,0,0,0,0,0,0,0,0,0,0,0,0,0,0,0,0,0,0,0,0,0,100,50,0,0,0,0
2026-07-31T06:52:42.009Z,30.4,71.4,466,0,1,55,22.5,68.3,0,954.3,0,0,26.2,62.7,534,0,2,91,0,0,0,0,0,0,18.8,84.9,457,0,1,50,0,0,0,0,0,0,0,0,0,0,0,0,0,0,0,0,0,0,0,0,0,0,0,0,100,50,0,0,0,0
2026-07-31T06:52:47.008Z,30.4,71.4,460,0,1,52,22.5,68.3,0,954.3,0,0,26.2,62.7,566,0,2,110,0,0,0,0,0,0,18.8,84.9,473,0,1,58,0,0,0,0,0,0,0,0,0,0,0,0,0,0,0,0,0,0,0,0,0,0,0,0,100,50,0,0,0,0
2026-07-31T06:52:52.001Z,30.4,70.9,485,0,1,64,22.5,68.2,0,954.5,0,0,26.3,62.6,536,0,2,92,0,0,0,0,0,0,18.8,84.9,472,0,1,57,0,0,0,0,0,0,0,0,0,0,0,0,0,0,0,0,0,0,0,0,0,0,0,0,100,50,0,0,0,0
2026-07-31T06:52:57.002Z,30.4,70.5,502,0,2,73,22.5,68.2,0,954.5,0,0,26.3,62.6,562,0,2,107,0,0,0,0,0,0,18.8,84.9,501,0,2,73,0,0,0,0,0,0,0,0,0,0,0,0,0,0,0,0,0,0,0,0,0,0,0,0,100,50,0,0,0,0
2026-07-31T06:53:02.000Z,30.4,71.1,504,0,2,74,22.5,68.2,0,954.4,0,0,26.3,62.5,557,0,2,105,0,0,0,0,0,0,18.7,85.1,502,0,2,73,0,0,0,0,0,0,0,0,0,0,0,0,0,0,0,0,0,0,0,0,0,0,0,0,100,50,0,0,0,0
2026-07-31T06:53:07.010Z,30.4,71.5,498,0,2,71,22.5,68.2,0,954.4,0,0,26.3,62.4,585,0,2,122,0,0,0,0,0,0,18.7,85.3,481,0,1,62,0,0,0,0,0,0,0,0,0,0,0,0,0,0,0,0,0,0,0,0,0,0,0,0,100,50,0,0,0,0
2026-07-31T06:53:11.996Z,30.5,71.9,485,0,1,64,22.5,68.2,0,954.4,0,0,26.3,62.4,557,0,2,105,0,0,0,0,0,0,18.7,85.3,481,0,1,62,0,0,0,0,0,0,0,0,0,0,0,0,0,0,0,0,0,0,0,0,0,0,0,0,100,50,0,0,0,0
2026-07-31T06:53:17.010Z,30.5,72.1,500,0,2,72,22.5,68.2,0,954.4,0,0,26.3,62.3,541,0,2,95,0,0,0,0,0,0,18.7,85.6,487,0,2,65,0,0,0,0,0,0,0,0,0,0,0,0,0,0,0,0,0,0,0,0,0,0,0,0,100,50,0,0,0,0
2026-07-31T06:53:22.006Z,30.5,72,487,0,2,65,22.5,68.2,0,954.4,0,0,26.3,62.3,552,0,2,102,0,0,0,0,0,0,18.7,85.6,484,0,1,64,0,0,0,0,0,0,0,0,0,0,0,0,0,0,0,0,0,0,0,0,0,0,0,0,100,50,0,0,0,0
2026-07-31T06:53:26.996Z,30.5,71.3,462,0,1,52,22.5,68,0,954.4,0,0,26.3,62.3,556,0,2,104,0,0,0,0,0,0,18.7,85.7,490,0,2,67,0,0,0,0,0,0,0,0,0,0,0,0,0,0,0,0,0,0,0,0,0,0,0,0,100,50,0,0,0,0
2026-07-31T06:53:31.997Z,30.5,71,472,0,1,57,22.5,68,0,954.4,0,0,26.3,62.3,573,0,2,115,0,0,0,0,0,0,18.7,85.8,497,0,2,71,0,0,0,0,0,0,0,0,0,0,0,0,0,0,0,0,0,0,0,0,0,0,0,0,100,50,0,0,0,0
2026-07-31T06:53:37.000Z,30.5,70.7,485,0,1,64,22.5,68,0,954.4,0,0,26.4,62.2,576,0,2,116,0,0,0,0,0,0,18.7,85.8,485,0,1,64,0,0,0,0,0,0,0,0,0,0,0,0,0,0,0,0,0,0,0,0,0,0,0,0,100,50,0,0,0,0
2026-07-31T06:53:41.999Z,30.4,70.9,460,0,1,52,22.5,68,0,954.4,0,0,26.4,62.2,551,0,2,101,0,0,0,0,0,0,18.7,85.8,477,0,1,60,0,0,0,0,0,0,0,0,0,0,0,0,0,0,0,0,0,0,0,0,0,0,0,0,100,50,0,0,0,0
2026-07-31T06:53:46.998Z,30.4,70.8,462,0,1,53,22.5,68,0,954.3,0,0,26.4,62.2,582,0,2,120,0,0,0,0,0,0,18.7,86,493,0,2,68,0,0,0,0,0,0,0,0,0,0,0,0,0,0,0,0,0,0,0,0,0,0,0,0,100,50,0,0,0,0
2026-07-31T06:53:51.995Z,30.4,70.7,437,0,1,40,22.5,68,0,954.3,0,0,26.3,62.1,568,0,2,112,0,0,0,0,0,0,18.7,86,488,0,2,66,0,0,0,0,0,0,0,0,0,0,0,0,0,0,0,0,0,0,0,0,0,0,0,0,100,50,0,0,0,0
2026-07-31T06:53:57.000Z,30.3,71.3,474,0,1,58,22.5,68,0,954.3,0,0,26.3,62.1,584,0,2,121,0,0,0,0,0,0,18.7,86,490,0,2,67,0,0,0,0,0,0,0,0,0,0,0,0,0,0,0,0,0,0,0,0,0,0,0,0,100,50,0,0,0,0
2026-07-31T06:54:02.003Z,30.4,70.9,442,0,1,43,22.6,67.9,0,954.3,0,0,26.3,62.1,577,0,2,117,0,0,0,0,0,0,18.7,85.9,494,0,2,69,0,0,0,0,0,0,0,0,0,0,0,0,0,0,0,0,0,0,0,0,0,0,0,0,100,50,0,0,0,0
2026-07-31T06:54:06.998Z,30.3,70.9,445,0,1,44,22.6,67.8,0,954.4,0,0,26.3,62.1,549,0,2,100,0,0,0,0,0,0,18.7,86,514,0,2,80,0,0,0,0,0,0,0,0,0,0,0,0,0,0,0,0,0,0,0,0,0,0,0,0,100,50,0,0,0,0
2026-07-31T06:54:11.997Z,30.3,70.9,454,0,1,48,22.6,67.8,0,954.4,0,0,26.3,62.1,569,0,2,112,0,0,0,0,0,0,18.7,86,511,0,2,78,0,0,0,0,0,0,0,0,0,0,0,0,0,0,0,0,0,0,0,0,0,0,0,0,100,50,0,0,0,0
2026-07-31T06:54:16.997Z,30.3,70.9,440,0,1,42,22.6,67.8,0,954.3,0,0,26.3,62.1,579,0,2,118,0,0,0,0,0,0,18.7,86,475,0,1,59,0,0,0,0,0,0,0,0,0,0,0,0,0,0,0,0,0,0,0,0,0,0,0,0,100,50,0,0,0,0
2026-07-31T06:54:21.997Z,30.3,70.7,452,0,1,48,22.6,67.8,0,954.4,0,0,26.3,62.1,565,0,2,109,0,0,0,0,0,0,18.7,86,491,0,2,67,0,0,0,0,0,0,0,0,0,0,0,0,0,0,0,0,0,0,0,0,0,0,0,0,100,50,0,0,0,0
2026-07-31T06:54:26.997Z,30.3,70.5,448,0,1,46,22.6,67.8,0,954.4,0,0,26.3,62.1,577,0,2,117,0,0,0,0,0,0,18.7,86,502,0,2,73,0,0,0,0,0,0,0,0,0,0,0,0,0,0,0,0,0,0,0,0,0,0,0,0,100,50,0,0,0,0
2026-07-31T06:54:31.997Z,30.3,70.7,447,0,1,45,22.6,67.8,0,954.3,0,0,26.3,62,535,0,2,92,0,0,0,0,0,0,18.7,85.9,501,0,2,73,0,0,0,0,0,0,0,0,0,0,0,0,0,0,0,0,0,0,0,0,0,0,0,0,100,50,0,0,0,0
2026-07-31T06:54:36.996Z,30.3,70.7,400,0,1,23,22.6,67.7,0,954.3,0,0,26.3,62,552,0,2,101,0,0,0,0,0,0,18.7,86,492,0,2,68,0,0,0,0,0,0,0,0,0,0,0,0,0,0,0,0,0,0,0,0,0,0,0,0,100,50,0,0,0,0
2026-07-31T06:54:41.996Z,30.3,70.8,464,0,1,54,22.6,67.7,0,954.3,0,0,26.3,62,521,0,2,84,0,0,0,0,0,0,18.7,86,486,0,2,65,0,0,0,0,0,0,0,0,0,0,0,0,0,0,0,0,0,0,0,0,0,0,0,0,100,50,0,0,0,0
2026-07-31T06:54:46.996Z,30.3,70.6,458,0,1,51,22.6,67.7,0,954.3,0,0,26.3,62,510,0,2,78,0,0,0,0,0,0,18.7,85.9,484,0,1,63,0,0,0,0,0,0,0,0,0,0,0,0,0,0,0,0,0,0,0,0,0,0,0,0,100,50,0,0,0,0
2026-07-31T06:54:51.996Z,30.3,70.4,459,0,1,51,22.6,67.6,0,954.4,0,0,26.3,62,546,0,2,98,0,0,0,0,0,0,18.7,85.9,490,0,2,67,0,0,0,0,0,0,0,0,0,0,0,0,0,0,0,0,0,0,0,0,0,0,0,0,100,50,0,0,0,0
2026-07-31T06:54:56.997Z,30.3,70.5,461,0,1,52,22.6,67.6,0,954.4,0,0,26.3,62,519,0,2,83,0,0,0,0,0,0,18.7,85.8,493,0,2,69,0,0,0,0,0,0,0,0,0,0,0,0,0,0,0,0,0,0,0,0,0,0,0,0,100,50,0,0,0,0
2026-07-31T06:55:01.996Z,30.3,70.5,421,0,1,33,22.6,67.7,0,954.3,0,0,26.3,62.1,557,0,2,105,0,0,0,0,0,0,18.7,85.7,458,0,1,51,0,0,0,0,0,0,0,0,0,0,0,0,0,0,0,0,0,0,0,0,0,0,0,0,100,50,0,0,0,0
2026-07-31T06:55:06.996Z,30.2,70.5,482,0,1,63,22.6,67.6,0,954.3,0,0,26.3,62.1,551,0,2,101,0,0,0,0,0,0,18.7,85.6,477,0,1,60,0,0,0,0,0,0,0,0,0,0,0,0,0,0,0,0,0,0,0,0,0,0,0,0,100,50,0,0,0,0
2026-07-31T06:55:11.996Z,30.2,70.8,440,0,1,42,22.6,67.6,0,954.3,0,0,26.3,62.1,544,0,2,97,0,0,0,0,0,0,18.7,85.6,487,0,2,65,0,0,0,0,0,0,0,0,0,0,0,0,0,0,0,0,0,0,0,0,0,0,0,0,100,50,0,0,0,0
2026-07-31T06:55:16.996Z,30.2,70.9,469,0,1,56,22.6,67.6,0,954.3,0,0,26.3,62,559,0,2,106,0,0,0,0,0,0,18.7,85.6,485,0,1,64,0,0,0,0,0,0,0,0,0,0,0,0,0,0,0,0,0,0,0,0,0,0,0,0,100,50,0,0,0,0
2026-07-31T06:55:21.995Z,30.2,71.1,478,0,1,61,22.6,67.6,0,954.3,0,0,26.3,62,546,0,2,98,0,0,0,0,0,0,18.7,85.5,479,0,1,61,0,0,0,0,0,0,0,0,0,0,0,0,0,0,0,0,0,0,0,0,0,0,0,0,100,50,0,0,0,0
2026-07-31T06:55:26.999Z,30.2,71.3,439,0,1,41,22.6,67.5,0,954.3,0,0,26.3,61.9,543,0,2,96,0,0,0,0,0,0,18.7,85.5,489,0,2,66,0,0,0,0,0,0,0,0,0,0,0,0,0,0,0,0,0,0,0,0,0,0,0,0,100,50,0,0,0,0
2026-07-31T06:55:31.995Z,30.2,71.2,461,0,1,52,22.6,67.5,0,954.3,0,0,26.3,61.9,580,0,2,119,0,0,0,0,0,0,18.7,85.5,502,0,2,73,0,0,0,0,0,0,0,0,0,0,0,0,0,0,0,0,0,0,0,0,0,0,0,0,100,50,0,0,0,0
2026-07-31T06:55:37.002Z,30.2,71.2,472,0,1,58,22.6,67.5,0,954.3,0,0,26.3,61.9,557,0,2,105,0,0,0,0,0,0,18.7,85.5,486,0,2,65,0,0,0,0,0,0,0,0,0,0,0,0,0,0,0,0,0,0,0,0,0,0,0,0,100,50,0,0,0,0
2026-07-31T06:55:42.002Z,30.2,71.6,477,0,1,60,22.6,67.5,0,954.3,0,0,26.3,61.9,541,0,2,95,0,0,0,0,0,0,18.7,85.6,489,0,2,66,0,0,0,0,0,0,0,0,0,0,0,0,0,0,0,0,0,0,0,0,0,0,0,0,100,50,0,0,0,0
2026-07-31T06:55:47.002Z,30.2,71.5,492,0,2,68,22.6,67.5,0,954.3,0,0,26.3,61.9,571,0,2,113,0,0,0,0,0,0,18.7,85.6,491,0,2,67,0,0,0,0,0,0,0,0,0,0,0,0,0,0,0,0,0,0,0,0,0,0,0,0,100,50,0,0,0,0
2026-07-31T06:55:52.001Z,30.2,71.6,425,0,1,35,22.6,67.4,0,954.3,0,0,26.3,61.8,572,0,2,114,0,0,0,0,0,0,18.8,85.6,484,0,1,64,0,0,0,0,0,0,0,0,0,0,0,0,0,0,0,0,0,0,0,0,0,0,0,0,100,50,0,0,0,0
2026-07-31T06:55:57.001Z,30.1,71.5,423,0,1,34,22.6,67.4,0,954.3,0,0,26.3,61.8,572,0,2,114,0,0,0,0,0,0,18.8,85.6,484,0,1,64,0,0,0,0,0,0,0,0,0,0,0,0,0,0,0,0,0,0,0,0,0,0,0,0,100,50,0,0,0,0
2026-07-31T06:56:01.995Z,30.1,71.3,478,0,1,60,22.6,67.3,0,954.3,0,0,26.3,61.8,585,0,2,122,0,0,0,0,0,0,18.7,85.6,511,0,2,78,0,0,0,0,0,0,0,0,0,0,0,0,0,0,0,0,0,0,0,0,0,0,0,0,100,50,0,0,0,0
2026-07-31T06:56:07.001Z,30.1,71.2,459,0,1,51,22.6,67.3,0,954.4,0,0,26.4,61.8,550,0,2,100,0,0,0,0,0,0,18.7,85.6,499,0,2,72,0,0,0,0,0,0,0,0,0,0,0,0,0,0,0,0,0,0,0,0,0,0,0,0,100,50,0,0,0,0
2026-07-31T06:56:11.996Z,30.1,70.9,446,0,1,45,22.6,67.3,0,954.4,0,0,26.4,61.8,577,0,2,117,0,0,0,0,0,0,18.7,85.6,495,0,2,70,0,0,0,0,0,0,0,0,0,0,0,0,0,0,0,0,0,0,0,0,0,0,0,0,100,50,0,0,0,0
2026-07-31T06:56:17.001Z,30.1,71.7,446,0,1,45,22.6,67.2,0,953.7,0,0,26.3,61.6,541,0,2,95,0,0,0,0,0,0,18.6,85.8,521,0,2,84,0,0,0,0,0,0,0,0,0,0,0,0,0,0,0,0,0,0,0,0,0,0,0,0,100,50,0,0,0,0
2026-07-31T06:56:22.000Z,30.1,71.8,472,0,1,58,22.6,67.2,0,953.7,0,0,26.3,61.6,569,0,2,112,0,0,0,0,0,0,18.6,85.8,493,0,2,68,0,0,0,0,0,0,0,0,0,0,0,0,0,0,0,0,0,0,0,0,0,0,0,0,100,50,0,0,0,0
2026-07-31T06:56:27.001Z,30.2,71.6,474,0,1,59,22.6,67.9,0,953.7,0,0,26.3,62.2,551,0,2,101,0,0,0,0,0,0,18.6,86.9,482,0,1,62,0,0,0,0,0,0,0,0,0,0,0,0,0,0,0,0,0,0,0,0,0,0,0,0,100,50,0,0,0,0
2026-07-31T06:56:32.000Z,30.2,71.8,477,0,1,60,22.6,68.2,0,953.7,0,0,26.3,62.8,567,0,2,110,0,0,0,0,0,0,18.6,87.3,501,0,2,72,0,0,0,0,0,0,0,0,0,0,0,0,0,0,0,0,0,0,0,0,0,0,0,0,100,50,0,0,0,0
2026-07-31T06:56:37.000Z,30.2,72.3,483,0,1,63,22.6,68.2,0,953.7,0,0,26.3,62.8,543,0,2,96,0,0,0,0,0,0,18.6,87.3,501,0,2,73,0,0,0,0,0,0,0,0,0,0,0,0,0,0,0,0,0,0,0,0,0,0,0,0,100,50,0,0,0,0
2026-07-31T06:56:42.000Z,30.2,72.1,488,0,2,66,22.6,68.8,0,953.7,0,0,26.3,63.5,582,0,2,120,0,0,0,0,0,0,18.6,87.7,506,0,2,76,0,0,0,0,0,0,0,0,0,0,0,0,0,0,0,0,0,0,0,0,0,0,0,0,100,50,0,0,0,0
2026-07-31T06:56:47.000Z,30.2,72.5,486,0,1,64,22.6,68.7,0,953.7,0,0,26.4,63.8,571,0,2,113,0,0,0,0,0,0,18.6,87.8,536,0,2,92,0,0,0,0,0,0,0,0,0,0,0,0,0,0,0,0,0,0,0,0,0,0,0,0,100,50,0,0,0,0
2026-07-31T06:56:52.000Z,30.3,72.8,480,0,1,62,22.6,68.7,0,953.7,0,0,26.4,63.8,559,0,2,106,0,0,0,0,0,0,18.6,87.8,504,0,2,74,0,0,0,0,0,0,0,0,0,0,0,0,0,0,0,0,0,0,0,0,0,0,0,0,100,50,0,0,0,0
2026-07-31T06:56:56.999Z,30.3,72.9,459,0,1,51,22.6,68.4,0,953.7,0,0,26.3,63.7,575,0,2,116,0,0,0,0,0,0,18.6,88,509,0,2,77,0,0,0,0,0,0,0,0,0,0,0,0,0,0,0,0,0,0,0,0,0,0,0,0,100,50,0,0,0,0
2026-07-31T06:57:02.000Z,30.3,73.1,480,0,1,62,22.6,68.4,0,953.7,0,0,26.3,63.7,557,0,2,105,0,0,0,0,0,0,18.6,88,486,0,2,65,0,0,0,0,0,0,0,0,0,0,0,0,0,0,0,0,0,0,0,0,0,0,0,0,100,50,0,0,0,0
2026-07-31T06:57:07.000Z,30.3,73.2,488,0,2,66,22.7,68.6,0,953.7,0,0,26.3,63.6,571,0,2,113,0,0,0,0,0,0,18.6,88.2,503,0,2,74,0,0,0,0,0,0,0,0,0,0,0,0,0,0,0,0,0,0,0,0,0,0,0,0,100,50,0,0,0,0
2026-07-31T06:57:11.999Z,30.3,73.1,494,0,2,69,22.7,68.9,0,953.7,0,0,26.3,63.7,546,0,2,98,0,0,0,0,0,0,18.6,88.3,498,0,2,71,0,0,0,0,0,0,0,0,0,0,0,0,0,0,0,0,0,0,0,0,0,0,0,0,100,50,0,0,0,0
2026-07-31T06:57:17.042Z,30.3,73.1,493,0,2,68,22.7,68.9,0,953.7,0,0,26.4,63.7,589,0,2,125,0,0,0,0,0,0,18.7,88.5,500,0,2,72,0,0,0,0,0,0,0,0,0,0,0,0,0,0,0,0,0,0,0,0,0,0,0,0,100,50,0,0,0,0
2026-07-31T06:57:22.000Z,30.3,73.1,497,0,2,70,22.7,68.9,0,953.7,0,0,26.4,63.7,554,0,2,103,0,0,0,0,0,0,18.7,88.5,497,0,2,71,0,0,0,0,0,0,0,0,0,0,0,0,0,0,0,0,0,0,0,0,0,0,0,0,100,50,0,0,0,0
2026-07-31T06:57:26.999Z,30.3,73.2,491,0,2,67,22.7,68.9,0,953.7,0,0,26.4,63.5,541,0,2,95,0,0,0,0,0,0,18.6,88.6,496,0,2,70,0,0,0,0,0,0,0,0,0,0,0,0,0,0,0,0,0,0,0,0,0,0,0,0,100,50,0,0,0,0
2026-07-31T06:57:31.999Z,30.4,72.9,514,0,2,80,22.7,68.9,0,953.6,0,0,26.5,63.4,567,0,2,110,0,0,0,0,0,0,18.6,88.6,495,0,2,69,0,0,0,0,0,0,0,0,0,0,0,0,0,0,0,0,0,0,0,0,0,0,0,0,100,50,0,0,0,0
2026-07-31T06:57:36.999Z,30.4,72.7,501,0,2,72,22.7,68.9,0,953.6,0,0,26.5,63.4,582,0,2,120,0,0,0,0,0,0,18.6,88.6,506,0,2,75,0,0,0,0,0,0,0,0,0,0,0,0,0,0,0,0,0,0,0,0,0,0,0,0,100,50,0,0,0,0
2026-07-31T06:57:41.998Z,30.4,72.8,514,0,2,80,22.7,69.1,0,953.6,0,0,26.5,63.5,571,0,2,113,0,0,0,0,0,0,18.6,88.9,501,0,2,73,0,0,0,0,0,0,0,0,0,0,0,0,0,0,0,0,0,0,0,0,0,0,0,0,100,50,0,0,0,0
2026-07-31T06:57:46.998Z,30.4,72.7,496,0,2,70,22.7,69.1,0,953.6,0,0,26.5,63.5,591,0,2,126,0,0,0,0,0,0,18.6,88.9,495,0,2,69,0,0,0,0,0,0,0,0,0,0,0,0,0,0,0,0,0,0,0,0,0,0,0,0,100,50,0,0,0,0
2026-07-31T06:57:51.998Z,30.3,72.7,480,0,1,61,22.7,69.2,0,953.7,0,0,26.5,63.6,608,0,2,138,0,0,0,0,0,0,18.7,88.9,497,0,2,71,0,0,0,0,0,0,0,0,0,0,0,0,0,0,0,0,0,0,0,0,0,0,0,0,100,50,0,0,0,0
2026-07-31T06:57:56.997Z,30.4,72.2,474,0,1,59,22.7,69.2,0,953.7,0,0,26.5,63.6,590,0,2,125,0,0,0,0,0,0,18.7,88.9,503,0,2,74,0,0,0,0,0,0,0,0,0,0,0,0,0,0,0,0,0,0,0,0,0,0,0,0,100,50,0,0,0,0
2026-07-31T06:58:01.998Z,30.4,72,471,0,1,57,22.7,69.4,0,953.7,0,0,26.5,63.7,609,0,2,138,0,0,0,0,0,0,18.7,88.9,506,0,2,75,0,0,0,0,0,0,0,0,0,0,0,0,0,0,0,0,0,0,0,0,0,0,0,0,100,50,0,0,0,0
2026-07-31T06:58:06.998Z,30.4,71.7,478,0,1,61,22.7,69.4,0,953.7,0,0,26.5,63.7,609,0,2,138,0,0,0,0,0,0,18.7,88.9,506,0,2,75,0,0,0,0,0,0,0,0,0,0,0,0,0,0,0,0,0,0,0,0,0,0,0,0,100,50,0,0,0,0
2026-07-31T06:58:11.997Z,30.4,71.6,497,0,2,70,22.7,69.4,0,953.6,0,0,26.5,63.8,580,0,2,119,0,0,0,0,0,0,18.7,89,486,0,2,65,0,0,0,0,0,0,0,0,0,0,0,0,0,0,0,0,0,0,0,0,0,0,0,0,100,50,0,0,0,0
2026-07-31T06:58:16.997Z,30.4,71.6,473,0,1,58,22.7,69.4,0,953.6,0,0,26.5,63.8,584,0,2,122,0,0,0,0,0,0,18.7,89.1,492,0,2,68,0,0,0,0,0,0,0,0,0,0,0,0,0,0,0,0,0,0,0,0,0,0,0,0,100,50,0,0,0,0
2026-07-31T06:58:21.997Z,30.4,71.3,489,0,2,66,22.7,69.4,0,953.7,0,0,26.5,63.8,586,0,2,122,0,0,0,0,0,0,18.7,89.1,498,0,2,71,0,0,0,0,0,0,0,0,0,0,0,0,0,0,0,0,0,0,0,0,0,0,0,0,100,50,0,0,0,0
2026-07-31T06:58:26.997Z,30.4,71.7,469,0,1,56,22.7,69.4,0,953.6,0,0,26.5,63.8,583,0,2,121,0,0,0,0,0,0,18.7,89.1,498,0,2,71,0,0,0,0,0,0,0,0,0,0,0,0,0,0,0,0,0,0,0,0,0,0,0,0,100,50,0,0,0,0
2026-07-31T06:58:31.997Z,30.4,71.6,471,0,1,57,22.7,69.4,0,953.6,0,0,26.5,63.8,574,0,2,115,0,0,0,0,0,0,18.7,89.1,503,0,2,74,0,0,0,0,0,0,0,0,0,0,0,0,0,0,0,0,0,0,0,0,0,0,0,0,100,50,0,0,0,0
2026-07-31T06:58:36.997Z,30.4,71.4,486,0,2,65,22.7,69.3,0,953.7,0,0,26.4,63.8,548,0,2,99,0,0,0,0,0,0,18.7,89.1,497,0,2,71,0,0,0,0,0,0,0,0,0,0,0,0,0,0,0,0,0,0,0,0,0,0,0,0,100,50,0,0,0,0
2026-07-31T06:58:41.997Z,30.4,71.4,484,0,1,63,22.7,69.3,0,953.7,0,0,26.4,63.8,548,0,2,99,0,0,0,0,0,0,18.7,89.1,497,0,2,71,0,0,0,0,0,0,0,0,0,0,0,0,0,0,0,0,0,0,0,0,0,0,0,0,100,50,0,0,0,0
2026-07-31T06:58:46.997Z,30.4,71,485,0,1,64,22.7,69.3,0,953.6,0,0,26.4,63.7,550,0,2,101,0,0,0,0,0,0,18.7,89,511,0,2,78,0,0,0,0,0,0,0,0,0,0,0,0,0,0,0,0,0,0,0,0,0,0,0,0,100,50,0,0,0,0
2026-07-31T06:58:51.997Z,30.4,71.3,492,0,2,68,22.7,69.3,0,953.6,0,0,26.4,63.7,554,0,2,103,0,0,0,0,0,0,18.7,89,498,0,2,71,0,0,0,0,0,0,0,0,0,0,0,0,0,0,0,0,0,0,0,0,0,0,0,0,100,50,0,0,0,0
2026-07-31T06:58:56.996Z,30.4,71.4,494,0,2,69,22.7,69.3,0,953.6,0,0,26.4,63.8,573,0,2,115,0,0,0,0,0,0,18.7,89.1,502,0,2,73,0,0,0,0,0,0,0,0,0,0,0,0,0,0,0,0,0,0,0,0,0,0,0,0,100,50,0,0,0,0
2026-07-31T06:59:01.995Z,30.4,71.4,486,0,2,65,22.7,69.3,0,953.6,0,0,26.4,63.8,599,0,2,131,0,0,0,0,0,0,18.7,89.1,493,0,2,69,0,0,0,0,0,0,0,0,0,0,0,0,0,0,0,0,0,0,0,0,0,0,0,0,100,50,0,0,0,0
2026-07-31T06:59:06.996Z,30.4,71.4,489,0,2,66,22.8,69.3,0,953.6,0,0,26.4,63.8,591,0,2,126,0,0,0,0,0,0,18.7,89.1,500,0,2,72,0,0,0,0,0,0,0,0,0,0,0,0,0,0,0,0,0,0,0,0,0,0,0,0,100,50,0,0,0,0
2026-07-31T06:59:11.995Z,30.4,71.7,499,0,2,72,22.8,69.3,0,953.6,0,0,26.4,63.8,577,0,2,117,0,0,0,0,0,0,18.7,89.1,500,0,2,72,0,0,0,0,0,0,0,0,0,0,0,0,0,0,0,0,0,0,0,0,0,0,0,0,100,50,0,0,0,0
2026-07-31T06:59:16.995Z,30.5,71.7,479,0,1,61,22.8,69.3,0,953.6,0,0,26.4,63.8,591,0,2,126,0,0,0,0,0,0,18.7,89.1,495,0,2,70,0,0,0,0,0,0,0,0,0,0,0,0,0,0,0,0,0,0,0,0,0,0,0,0,100,50,0,0,0,0
2026-07-31T06:59:21.995Z,30.4,71.5,437,0,1,40,22.8,69.3,0,953.6,0,0,26.4,63.8,581,0,2,119,0,0,0,0,0,0,18.7,89.1,519,0,2,82,0,0,0,0,0,0,0,0,0,0,0,0,0,0,0,0,0,0,0,0,0,0,0,0,100,50,0,0,0,0
2026-07-31T06:59:26.995Z,30.5,71.6,500,0,2,72,22.8,69.3,0,953.7,0,0,26.5,63.8,551,0,2,101,0,0,0,0,0,0,18.7,88.8,494,0,2,69,0,0,0,0,0,0,0,0,0,0,0,0,0,0,0,0,0,0,0,0,0,0,0,0,100,50,0,0,0,0
2026-07-31T06:59:31.995Z,30.5,71.5,507,0,2,76,22.8,69.3,0,953.7,0,0,26.5,63.9,563,0,2,108,0,0,0,0,0,0,18.7,88.8,497,0,2,70,0,0,0,0,0,0,0,0,0,0,0,0,0,0,0,0,0,0,0,0,0,0,0,0,100,50,0,0,0,0
2026-07-31T06:59:36.995Z,30.5,71.5,506,0,2,76,22.8,69.3,0,953.7,0,0,26.5,63.9,555,0,2,103,0,0,0,0,0,0,18.7,88.6,503,0,2,74,0,0,0,0,0,0,0,0,0,0,0,0,0,0,0,0,0,0,0,0,0,0,0,0,100,50,0,0,0,0
2026-07-31T06:59:42.039Z,30.5,71.4,490,0,2,67,22.8,69.3,0,953.6,0,0,26.5,63.8,592,0,2,127,0,0,0,0,0,0,18.7,88.5,491,0,2,68,0,0,0,0,0,0,0,0,0,0,0,0,0,0,0,0,0,0,0,0,0,0,0,0,100,50,0,0,0,0
2026-07-31T06:59:46.996Z,30.5,71.2,510,0,2,78,22.8,69.3,0,953.6,0,0,26.5,63.8,622,0,2,147,0,0,0,0,0,0,18.7,88.6,521,0,2,84,0,0,0,0,0,0,0,0,0,0,0,0,0,0,0,0,0,0,0,0,0,0,0,0,100,50,0,0,0,0
2026-07-31T06:59:51.995Z,30.5,71.5,519,0,2,82,22.8,69.3,0,953.6,0,0,26.5,63.8,588,0,2,124,0,0,0,0,0,0,18.7,88.6,510,0,2,77,0,0,0,0,0,0,0,0,0,0,0,0,0,0,0,0,0,0,0,0,0,0,0,0,100,50,0,0,0,0
2026-07-31T06:59:56.995Z,30.5,71.9,502,0,2,73,22.8,69.3,0,953.7,0,0,26.5,63.7,581,0,2,119,0,0,0,0,0,0,18.7,88.6,519,0,2,82,0,0,0,0,0,0,0,0,0,0,0,0,0,0,0,0,0,0,0,0,0,0,0,0,100,50,0,0,0,0
2026-07-31T07:00:01.995Z,30.5,72,514,0,2,80,22.8,69.2,0,953.6,0,0,26.5,63.7,594,0,2,128,0,0,0,0,0,0,18.7,88.6,500,0,2,72,0,0,0,0,0,0,0,0,0,0,0,0,0,0,0,0,0,0,0,0,0,0,0,0,100,50,0,0,0,0
2026-07-31T07:00:06.995Z,30.5,71.9,520,0,2,83,22.8,69.2,0,953.6,0,0,26.5,63.7,574,0,2,115,0,0,0,0,0,0,18.7,88.6,505,0,2,75,0,0,0,0,0,0,0,0,0,0,0,0,0,0,0,0,0,0,0,0,0,0,0,0,100,50,0,0,0,0
2026-07-31T07:00:11.995Z,30.5,71.7,500,0,2,72,22.8,69.2,0,953.7,0,0,26.6,63.7,575,0,2,116,0,0,0,0,0,0,18.8,88.7,496,0,2,70,0,0,0,0,0,0,0,0,0,0,0,0,0,0,0,0,0,0,0,0,0,0,0,0,100,50,0,0,0,0
2026-07-31T07:00:17.001Z,30.5,71.5,500,0,2,72,22.8,69.1,0,953.6,0,0,26.5,63.6,564,0,2,109,0,0,0,0,0,0,18.8,88.7,517,0,2,82,0,0,0,0,0,0,0,0,0,0,0,0,0,0,0,0,0,0,0,0,0,0,0,0,100,50,0,0,0,0
2026-07-31T07:00:21.995Z,30.5,71.8,493,0,2,68,22.8,69.1,0,953.6,0,0,26.5,63.6,571,0,2,113,0,0,0,0,0,0,18.8,88.7,509,0,2,77,0,0,0,0,0,0,0,0,0,0,0,0,0,0,0,0,0,0,0,0,0,0,0,0,100,50,0,0,0,0
2026-07-31T07:00:27.001Z,30.5,72,482,0,1,62,22.8,69.2,0,953.7,0,0,26.5,63.6,565,0,2,109,0,0,0,0,0,0,18.8,88.7,517,0,2,82,0,0,0,0,0,0,0,0,0,0,0,0,0,0,0,0,0,0,0,0,0,0,0,0,100,50,0,0,0,0
2026-07-31T07:00:32.001Z,30.5,72,498,0,2,71,22.8,69.2,0,953.6,0,0,26.5,63.6,592,0,2,127,0,0,0,0,0,0,18.8,88.7,506,0,2,75,0,0,0,0,0,0,0,0,0,0,0,0,0,0,0,0,0,0,0,0,0,0,0,0,100,50,0,0,0,0
2026-07-31T07:00:37.001Z,30.5,72.2,522,0,2,84,22.8,69.2,0,953.6,0,0,26.5,63.6,594,0,2,128,0,0,0,0,0,0,18.8,88.7,511,0,2,78,0,0,0,0,0,0,0,0,0,0,0,0,0,0,0,0,0,0,0,0,0,0,0,0,100,50,0,0,0,0
2026-07-31T07:00:41.995Z,30.6,72.2,542,0,2,96,22.9,69.2,0,953.6,0,0,26.5,63.6,600,0,2,132,0,0,0,0,0,0,18.8,88.5,524,0,2,85,0,0,0,0,0,0,0,0,0,0,0,0,0,0,0,0,0,0,0,0,0,0,0,0,100,50,0,0,0,0
2026-07-31T07:00:47.001Z,30.5,72.2,529,0,2,88,22.9,69.1,0,953.6,0,0,26.6,63.6,592,0,2,127,0,0,0,0,0,0,18.8,88.5,499,0,2,72,0,0,0,0,0,0,0,0,0,0,0,0,0,0,0,0,0,0,0,0,0,0,0,0,100,50,0,0,0,0
2026-07-31T07:00:52.000Z,30.5,71.8,482,0,1,63,22.9,69.1,0,953.6,0,0,26.6,63.6,587,0,2,123,0,0,0,0,0,0,18.8,88.5,492,0,2,68,0,0,0,0,0,0,0,0,0,0,0,0,0,0,0,0,0,0,0,0,0,0,0,0,100,50,0,0,0,0
2026-07-31T07:00:57.000Z,30.5,71.5,463,0,1,53,22.9,69.1,0,953.6,0,0,26.6,63.5,608,0,2,138,0,0,0,0,0,0,18.8,88.6,528,0,2,88,0,0,0,0,0,0,0,0,0,0,0,0,0,0,0,0,0,0,0,0,0,0,0,0,100,50,0,0,0,0
2026-07-31T07:01:02.000Z,30.5,71.1,460,0,1,52,22.9,69,0,953.6,0,0,26.6,63.5,590,0,2,125,0,0,0,0,0,0,18.8,88.6,494,0,2,69,0,0,0,0,0,0,0,0,0,0,0,0,0,0,0,0,0,0,0,0,0,0,0,0,100,50,0,0,0,0
2026-07-31T07:01:07.000Z,30.5,70.8,514,0,2,80,22.9,69,0,953.6,0,0,26.6,63.5,590,0,2,125,0,0,0,0,0,0,18.8,88.6,502,0,2,73,0,0,0,0,0,0,0,0,0,0,0,0,0,0,0,0,0,0,0,0,0,0,0,0,100,50,0,0,0,0
2026-07-31T07:01:11.996Z,30.5,71,501,0,2,72,22.9,69,0,953.6,0,0,26.6,63.4,603,0,2,134,0,0,0,0,0,0,18.8,88.7,519,0,2,83,0,0,0,0,0,0,0,0,0,0,0,0,0,0,0,0,0,0,0,0,0,0,0,0,100,50,0,0,0,0
2026-07-31T07:01:17.000Z,30.6,71.1,515,0,2,80,22.9,69,0,953.6,0,0,26.6,63.3,593,0,2,127,0,0,0,0,0,0,18.8,88.7,500,0,2,72,0,0,0,0,0,0,0,0,0,0,0,0,0,0,0,0,0,0,0,0,0,0,0,0,100,50,0,0,0,0
2026-07-31T07:01:22.000Z,30.6,71.4,500,0,2,72,22.9,69,0,953.6,0,0,26.6,63.3,555,0,2,103,0,0,0,0,0,0,18.8,88.7,503,0,2,74,0,0,0,0,0,0,0,0,0,0,0,0,0,0,0,0,0,0,0,0,0,0,0,0,100,50,0,0,0,0
2026-07-31T07:01:26.998Z,30.6,71.3,469,0,1,56,22.9,70,0,954,0,0,26.6,64.5,606,0,2,136,0,0,0,0,0,0,18.9,88.6,517,0,2,81,0,0,0,0,0,0,0,0,0,0,0,0,0,0,0,0,0,0,0,0,0,0,0,0,100,50,0,0,0,0
2026-07-31T07:01:31.998Z,30.6,70.8,475,0,1,59,22.9,70,0,954,0,0,26.6,64.5,606,0,2,136,0,0,0,0,0,0,18.9,88.6,517,0,2,81,0,0,0,0,0,0,0,0,0,0,0,0,0,0,0,0,0,0,0,0,0,0,0,0,100,50,0,0,0,0
2026-07-31T07:01:36.995Z,30.6,70.5,514,0,2,80,22.9,70.8,0,954.1,0,0,26.6,65.2,588,0,2,124,0,0,0,0,0,0,19,88,481,0,1,62,0,0,0,0,0,0,0,0,0,0,0,0,0,0,0,0,0,0,0,0,0,0,0,0,100,50,0,0,0,0
2026-07-31T07:01:41.998Z,30.6,70.8,472,0,1,57,22.9,70,0,954.2,0,0,26.6,64.9,587,0,2,124,0,0,0,0,0,0,19,88,494,0,2,69,0,0,0,0,0,0,0,0,0,0,0,0,0,0,0,0,0,0,0,0,0,0,0,0,100,50,0,0,0,0
2026-07-31T07:01:46.994Z,30.6,70.6,472,0,1,57,22.9,70,0,954.2,0,0,26.6,64.9,594,0,2,128,0,0,0,0,0,0,19,87.4,506,0,2,75,0,0,0,0,0,0,0,0,0,0,0,0,0,0,0,0,0,0,0,0,0,0,0,0,100,50,0,0,0,0
2026-07-31T07:01:51.996Z,30.5,70.9,449,0,1,46,22.9,69.8,0,954.2,0,0,26.6,64.6,566,0,2,110,0,0,0,0,0,0,19,87.1,522,0,2,84,0,0,0,0,0,0,0,0,0,0,0,0,0,0,0,0,0,0,0,0,0,0,0,0,100,50,0,0,0,0
2026-07-31T07:01:56.996Z,30.5,71.1,451,0,1,47,22.9,69.8,0,954.2,0,0,26.6,64.6,594,0,2,128,0,0,0,0,0,0,19,87.1,519,0,2,83,0,0,0,0,0,0,0,0,0,0,0,0,0,0,0,0,0,0,0,0,0,0,0,0,100,50,0,0,0,0
2026-07-31T07:02:01.996Z,30.5,71.1,449,0,1,46,22.9,69.9,0,954.2,0,0,26.6,64.5,593,0,2,127,0,0,0,0,0,0,19,86.8,506,0,2,75,0,0,0,0,0,0,0,0,0,0,0,0,0,0,0,0,0,0,0,0,0,0,0,0,100,50,0,0,0,0
2026-07-31T07:02:07.000Z,30.5,71.2,493,0,2,68,22.9,69.9,0,954.2,0,0,26.6,64.5,591,0,2,126,0,0,0,0,0,0,19,86.8,492,0,2,68,0,0,0,0,0,0,0,0,0,0,0,0,0,0,0,0,0,0,0,0,0,0,0,0,100,50,0,0,0,0
2026-07-31T07:02:11.996Z,30.5,70.9,459,0,1,51,23,69.8,0,954.2,0,0,26.6,64.4,607,0,2,136,0,0,0,0,0,0,19,86.6,522,0,2,84,0,0,0,0,0,0,0,0,0,0,0,0,0,0,0,0,0,0,0,0,0,0,0,0,100,50,0,0,0,0
2026-07-31T07:02:16.998Z,30.5,70.7,476,0,1,59,23,69.7,0,954.2,0,0,26.6,64.3,584,0,2,121,0,0,0,0,0,0,19,86.6,505,0,2,75,0,0,0,0,0,0,0,0,0,0,0,0,0,0,0,0,0,0,0,0,0,0,0,0,100,50,0,0,0,0
2026-07-31T07:02:21.998Z,30.5,70.3,484,0,1,64,23,69.7,0,954.2,0,0,26.6,64.3,602,0,2,133,0,0,0,0,0,0,19,86.6,488,0,2,66,0,0,0,0,0,0,0,0,0,0,0,0,0,0,0,0,0,0,0,0,0,0,0,0,100,50,0,0,0,0
2026-07-31T07:02:26.997Z,30.5,70.1,486,0,2,65,23,69.6,0,954.1,0,0,26.7,64.2,580,0,2,119,0,0,0,0,0,0,19,86.2,509,0,2,77,0,0,0,0,0,0,0,0,0,0,0,0,0,0,0,0,0,0,0,0,0,0,0,0,100,50,0,0,0,0
2026-07-31T07:02:31.997Z,30.5,69.9,487,0,2,65,23,69.6,0,954.1,0,0,26.7,64.2,596,0,2,130,0,0,0,0,0,0,19,86.2,490,0,2,67,0,0,0,0,0,0,0,0,0,0,0,0,0,0,0,0,0,0,0,0,0,0,0,0,100,50,0,0,0,0
2026-07-31T07:02:37.004Z,30.5,69.8,449,0,1,46,23,69.5,0,954.2,0,0,26.7,64.1,575,0,2,116,0,0,0,0,0,0,19,86.1,489,0,2,66,0,0,0,0,0,0,0,0,0,0,0,0,0,0,0,0,0,0,0,0,0,0,0,0,100,50,0,0,0,0
2026-07-31T07:02:42.004Z,30.5,69.7,462,0,1,52,23,69.5,0,954.3,0,0,26.7,64,576,0,2,116,0,0,0,0,0,0,19,86,488,0,2,66,0,0,0,0,0,0,0,0,0,0,0,0,0,0,0,0,0,0,0,0,0,0,0,0,100,50,0,0,0,0
2026-07-31T07:02:47.003Z,30.6,69.9,477,0,1,60,23,69.5,0,954.3,0,0,26.7,64,593,0,2,127,0,0,0,0,0,0,19,86,492,0,2,68,0,0,0,0,0,0,0,0,0,0,0,0,0,0,0,0,0,0,0,0,0,0,0,0,100,50,0,0,0,0
2026-07-31T07:02:52.008Z,30.6,69.9,477,0,1,60,23,69.4,0,954.2,0,0,26.7,63.8,601,0,2,132,0,0,0,0,0,0,19,86,508,0,2,76,0,0,0,0,0,0,0,0,0,0,0,0,0,0,0,0,0,0,0,0,0,0,0,0,100,50,0,0,0,0
2026-07-31T07:02:56.996Z,30.6,69.8,490,0,2,67,23,69.4,0,954.2,0,0,26.7,63.8,601,0,2,132,0,0,0,0,0,0,19,86,508,0,2,76,0,0,0,0,0,0,0,0,0,0,0,0,0,0,0,0,0,0,0,0,0,0,0,0,100,50,0,0,0,0
2026-07-31T07:03:01.996Z,30.6,69.9,493,0,2,68,23,69.4,0,954.2,0,0,26.7,63.8,593,0,2,127,0,0,0,0,0,0,19,86,474,0,1,59,0,0,0,0,0,0,0,0,0,0,0,0,0,0,0,0,0,0,0,0,0,0,0,0,100,50,0,0,0,0
2026-07-31T07:03:06.995Z,30.6,70.1,475,0,1,59,23,69.2,0,954.1,0,0,26.7,63.8,584,0,2,121,0,0,0,0,0,0,19,86,503,0,2,74,0,0,0,0,0,0,0,0,0,0,0,0,0,0,0,0,0,0,0,0,0,0,0,0,100,50,0,0,0,0
2026-07-31T07:03:11.999Z,30.6,70.6,480,0,1,61,23,69.2,0,954.1,0,0,26.7,63.5,602,0,2,133,0,0,0,0,0,0,19,85.9,490,0,2,67,0,0,0,0,0,0,0,0,0,0,0,0,0,0,0,0,0,0,0,0,0,0,0,0,100,50,0,0,0,0
2026-07-31T07:03:17.007Z,30.7,70.9,500,0,2,72,23,69.1,0,954.2,0,0,26.7,63.5,610,0,2,139,0,0,0,0,0,0,19,85.9,499,0,2,72,0,0,0,0,0,0,0,0,0,0,0,0,0,0,0,0,0,0,0,0,0,0,0,0,100,50,0,0,0,0
2026-07-31T07:03:21.995Z,30.7,71,493,0,2,69,23,69,0,954.2,0,0,26.8,63.4,603,0,2,134,0,0,0,0,0,0,19,85.7,498,0,2,71,0,0,0,0,0,0,0,0,0,0,0,0,0,0,0,0,0,0,0,0,0,0,0,0,100,50,0,0,0,0
2026-07-31T07:03:27.002Z,30.7,71.3,474,0,1,59,23,69,0,954.2,0,0,26.8,63.4,582,0,2,120,0,0,0,0,0,0,19,85.7,505,0,2,75,0,0,0,0,0,0,0,0,0,0,0,0,0,0,0,0,0,0,0,0,0,0,0,0,100,50,0,0,0,0
2026-07-31T07:03:31.996Z,30.7,71.6,491,0,2,67,23,69,0,954.1,0,0,26.7,63.3,570,0,2,113,0,0,0,0,0,0,19,85.7,495,0,2,70,0,0,0,0,0,0,0,0,0,0,0,0,0,0,0,0,0,0,0,0,0,0,0,0,100,50,0,0,0,0
2026-07-31T07:03:36.995Z,30.7,71.6,506,0,2,75,23,68.8,0,954.1,0,0,26.7,63.2,592,0,2,127,0,0,0,0,0,0,19,85.7,515,0,2,80,0,0,0,0,0,0,0,0,0,0,0,0,0,0,0,0,0,0,0,0,0,0,0,0,100,50,0,0,0,0
2026-07-31T07:03:41.996Z,30.7,71.8,512,0,2,79,23,68.8,0,954.1,0,0,26.7,63.2,547,0,2,98,0,0,0,0,0,0,19,85.8,506,0,2,75,0,0,0,0,0,0,0,0,0,0,0,0,0,0,0,0,0,0,0,0,0,0,0,0,100,50,0,0,0,0
2026-07-31T07:03:46.995Z,30.7,72.1,505,0,2,75,23,69,0,954.2,0,0,26.7,63.1,563,0,2,108,0,0,0,0,0,0,19,85.8,513,0,2,79,0,0,0,0,0,0,0,0,0,0,0,0,0,0,0,0,0,0,0,0,0,0,0,0,100,50,0,0,0,0
2026-07-31T07:03:51.995Z,30.7,72.3,509,0,2,77,23,69,0,954.2,0,0,26.7,63.1,564,0,2,109,0,0,0,0,0,0,19,85.8,494,0,2,69,0,0,0,0,0,0,0,0,0,0,0,0,0,0,0,0,0,0,0,0,0,0,0,0,100,50,0,0,0,0
2026-07-31T07:03:56.995Z,30.7,72.4,501,0,2,72,23,68.8,0,954.2,0,0,26.7,63.1,599,0,2,131,0,0,0,0,0,0,19,85.8,491,0,2,67,0,0,0,0,0,0,0,0,0,0,0,0,0,0,0,0,0,0,0,0,0,0,0,0,100,50,0,0,0,0
2026-07-31T07:04:01.995Z,30.7,72.5,483,0,1,63,23,68.8,0,954.2,0,0,26.7,63.1,591,0,2,126,0,0,0,0,0,0,19,85.8,516,0,2,81,0,0,0,0,0,0,0,0,0,0,0,0,0,0,0,0,0,0,0,0,0,0,0,0,100,50,0,0,0,0
2026-07-31T07:04:06.995Z,30.7,72.5,495,0,2,70,23,68.6,0,954.1,0,0,26.8,62.9,621,0,2,146,0,0,0,0,0,0,19,85.8,494,0,2,69,0,0,0,0,0,0,0,0,0,0,0,0,0,0,0,0,0,0,0,0,0,0,0,0,100,50,0,0,0,0
2026-07-31T07:04:11.995Z,30.7,72.5,505,0,2,75,23,68.6,0,954.1,0,0,26.7,62.8,581,0,2,119,0,0,0,0,0,0,19,85.9,501,0,2,73,0,0,0,0,0,0,0,0,0,0,0,0,0,0,0,0,0,0,0,0,0,0,0,0,100,50,0,0,0,0
2026-07-31T07:04:16.995Z,30.8,72.3,502,0,2,73,23,68.6,0,954.1,0,0,26.7,62.8,597,0,2,130,0,0,0,0,0,0,19,85.9,502,0,2,73,0,0,0,0,0,0,0,0,0,0,0,0,0,0,0,0,0,0,0,0,0,0,0,0,100,50,0,0,0,0
2026-07-31T07:04:21.995Z,30.8,72.5,526,0,2,86,23,68.5,0,954.1,0,0,26.7,62.8,596,0,2,129,0,0,0,0,0,0,19,86.1,498,0,2,71,0,0,0,0,0,0,0,0,0,0,0,0,0,0,0,0,0,0,0,0,0,0,0,0,100,50,0,0,0,0
2026-07-31T07:04:26.995Z,30.8,72.5,529,0,2,88,23,68.4,0,954.1,0,0,26.8,62.7,584,0,2,122,0,0,0,0,0,0,19,86.1,520,0,2,83,0,0,0,0,0,0,0,0,0,0,0,0,0,0,0,0,0,0,0,0,0,0,0,0,100,50,0,0,0,0
2026-07-31T07:04:31.995Z,30.8,72.2,496,0,2,70,23,68.4,0,954.1,0,0,26.8,62.7,576,0,2,116,0,0,0,0,0,0,19,86.1,497,0,2,70,0,0,0,0,0,0,0,0,0,0,0,0,0,0,0,0,0,0,0,0,0,0,0,0,100,50,0,0,0,0
2026-07-31T07:04:36.995Z,30.8,72,517,0,2,81,23,68.3,0,954.1,0,0,26.7,62.6,594,0,2,128,0,0,0,0,0,0,19,86.2,500,0,2,72,0,0,0,0,0,0,0,0,0,0,0,0,0,0,0,0,0,0,0,0,0,0,0,0,100,50,0,0,0,0
2026-07-31T07:04:41.995Z,30.8,71.1,465,0,1,54,23,68.3,0,954.1,0,0,26.7,62.6,594,0,2,128,0,0,0,0,0,0,19,86.2,500,0,2,72,0,0,0,0,0,0,0,0,0,0,0,0,0,0,0,0,0,0,0,0,0,0,0,0,100,50,0,0,0,0
2026-07-31T07:04:46.997Z,30.7,70.9,483,0,1,63,23,68.2,0,954.1,0,0,26.8,62.6,564,0,2,109,0,0,0,0,0,0,19,86.2,513,0,2,79,0,0,0,0,0,0,0,0,0,0,0,0,0,0,0,0,0,0,0,0,0,0,0,0,100,50,0,0,0,0
2026-07-31T07:04:52.001Z,30.7,70.2,450,0,1,46,23,68.2,0,954.1,0,0,26.8,62.6,583,0,2,121,0,0,0,0,0,0,19,86.2,504,0,2,74,0,0,0,0,0,0,0,0,0,0,0,0,0,0,0,0,0,0,0,0,0,0,0,0,100,50,0,0,0,0
2026-07-31T07:04:56.996Z,30.7,70,449,0,1,46,23,68.1,0,954.1,0,0,26.7,62.5,579,0,2,118,0,0,0,0,0,0,19,86.2,503,0,2,74,0,0,0,0,0,0,0,0,0,0,0,0,0,0,0,0,0,0,0,0,0,0,0,0,100,50,0,0,0,0
2026-07-31T07:05:01.995Z,30.7,70.4,472,0,1,58,23,68.1,0,954.1,0,0,26.7,62.5,584,0,2,121,0,0,0,0,0,0,19,86.2,486,0,2,65,0,0,0,0,0,0,0,0,0,0,0,0,0,0,0,0,0,0,0,0,0,0,0,0,100,50,0,0,0,0
2026-07-31T07:05:06.996Z,30.7,70.3,481,0,1,62,23,68.1,0,954.1,0,0,26.7,62.5,573,0,2,114,0,0,0,0,0,0,19,86.3,522,0,2,84,0,0,0,0,0,0,0,0,0,0,0,0,0,0,0,0,0,0,0,0,0,0,0,0,100,50,0,0,0,0
2026-07-31T07:05:12.000Z,30.6,70.5,446,0,1,45,23,68.1,0,954.1,0,0,26.7,62.5,594,0,2,128,0,0,0,0,0,0,19,86.3,504,0,2,74,0,0,0,0,0,0,0,0,0,0,0,0,0,0,0,0,0,0,0,0,0,0,0,0,100,50,0,0,0,0
2026-07-31T07:05:17.000Z,30.6,70.4,469,0,1,56,23,68,0,954.1,0,0,26.7,62.6,560,0,2,106,0,0,0,0,0,0,19,86.3,518,0,2,82,0,0,0,0,0,0,0,0,0,0,0,0,0,0,0,0,0,0,0,0,0,0,0,0,100,50,0,0,0,0
2026-07-31T07:05:22.000Z,30.6,70.5,477,0,1,60,23,68,0,954.1,0,0,26.7,62.6,592,0,2,126,0,0,0,0,0,0,19,86.2,531,0,2,89,0,0,0,0,0,0,0,0,0,0,0,0,0,0,0,0,0,0,0,0,0,0,0,0,100,50,0,0,0,0
2026-07-31T07:05:27.000Z,30.5,70.6,474,0,1,59,23,68,0,954.1,0,0,26.7,62.6,579,0,2,118,0,0,0,0,0,0,19,86.1,504,0,2,74,0,0,0,0,0,0,0,0,0,0,0,0,0,0,0,0,0,0,0,0,0,0,0,0,100,50,0,0,0,0
2026-07-31T07:05:32.000Z,30.5,71.2,471,0,1,57,23,67.9,0,954,0,0,26.7,62.6,552,0,2,102,0,0,0,0,0,0,19,86.1,513,0,2,79,0,0,0,0,0,0,0,0,0,0,0,0,0,0,0,0,0,0,0,0,0,0,0,0,100,50,0,0,0,0
2026-07-31T07:05:36.999Z,30.5,71.4,459,0,1,51,23,67.9,0,954,0,0,26.7,62.6,572,0,2,114,0,0,0,0,0,0,19,85.9,515,0,2,80,0,0,0,0,0,0,0,0,0,0,0,0,0,0,0,0,0,0,0,0,0,0,0,0,100,50,0,0,0,0
2026-07-31T07:05:42.000Z,30.4,71.6,452,0,1,47,23,67.9,0,954,0,0,26.7,62.5,583,0,2,121,0,0,0,0,0,0,19,85.7,512,0,2,78,0,0,0,0,0,0,0,0,0,0,0,0,0,0,0,0,0,0,0,0,0,0,0,0,100,50,0,0,0,0
2026-07-31T07:05:47.000Z,30.4,71.5,478,0,1,60,23,67.8,0,954.1,0,0,26.7,62.5,588,0,2,124,0,0,0,0,0,0,19,85.6,510,0,2,77,0,0,0,0,0,0,0,0,0,0,0,0,0,0,0,0,0,0,0,0,0,0,0,0,100,50,0,0,0,0
2026-07-31T07:05:51.999Z,30.4,71.4,440,0,1,42,23,67.8,0,954.1,0,0,26.7,62.5,612,0,2,140,0,0,0,0,0,0,19,85.6,499,0,2,72,0,0,0,0,0,0,0,0,0,0,0,0,0,0,0,0,0,0,0,0,0,0,0,0,100,50,0,0,0,0
2026-07-31T07:05:56.999Z,30.4,71.4,455,0,1,49,23,67.9,0,954,0,0,26.7,62.5,592,0,2,127,0,0,0,0,0,0,18.9,85.5,481,0,1,62,0,0,0,0,0,0,0,0,0,0,0,0,0,0,0,0,0,0,0,0,0,0,0,0,100,50,0,0,0,0
2026-07-31T07:06:01.999Z,30.4,71.5,456,0,1,49,23,67.9,0,954,0,0,26.7,62.5,595,0,2,129,0,0,0,0,0,0,18.9,85.5,503,0,2,74,0,0,0,0,0,0,0,0,0,0,0,0,0,0,0,0,0,0,0,0,0,0,0,0,100,50,0,0,0,0
2026-07-31T07:06:06.999Z,30.4,71.2,454,0,1,49,23,67.8,0,954.1,0,0,26.8,62.4,606,0,2,136,0,0,0,0,0,0,18.9,85.4,497,0,2,71,0,0,0,0,0,0,0,0,0,0,0,0,0,0,0,0,0,0,0,0,0,0,0,0,100,50,0,0,0,0
2026-07-31T07:06:11.999Z,30.4,71.2,450,0,1,46,23,67.7,0,954,0,0,26.8,62.3,581,0,2,119,0,0,0,0,0,0,19,85.4,490,0,2,67,0,0,0,0,0,0,0,0,0,0,0,0,0,0,0,0,0,0,0,0,0,0,0,0,100,50,0,0,0,0
2026-07-31T07:06:16.999Z,30.4,71.3,482,0,1,62,23,67.7,0,954.1,0,0,26.8,62.2,576,0,2,116,0,0,0,0,0,0,19,85.3,483,0,1,63,0,0,0,0,0,0,0,0,0,0,0,0,0,0,0,0,0,0,0,0,0,0,0,0,100,50,0,0,0,0
2026-07-31T07:06:21.999Z,30.4,71.4,490,0,2,67,23,67.7,0,954.1,0,0,26.8,62.2,606,0,2,136,0,0,0,0,0,0,19,85.3,486,0,2,65,0,0,0,0,0,0,0,0,0,0,0,0,0,0,0,0,0,0,0,0,0,0,0,0,100,50,0,0,0,0
2026-07-31T07:06:26.999Z,30.3,71.4,494,0,2,69,23,67.6,0,954,0,0,26.8,62.2,614,0,2,141,0,0,0,0,0,0,18.9,85.4,511,0,2,78,0,0,0,0,0,0,0,0,0,0,0,0,0,0,0,0,0,0,0,0,0,0,0,0,100,50,0,0,0,0
2026-07-31T07:06:31.998Z,30.4,71.6,486,0,2,65,23,67.6,0,954,0,0,26.8,62.2,614,0,2,142,0,0,0,0,0,0,18.9,85.4,493,0,2,69,0,0,0,0,0,0,0,0,0,0,0,0,0,0,0,0,0,0,0,0,0,0,0,0,100,50,0,0,0,0
2026-07-31T07:06:37.048Z,30.4,71.6,441,0,1,42,23,67.5,0,954.1,0,0,26.8,62,588,0,2,124,0,0,0,0,0,0,19,85.3,507,0,2,76,0,0,0,0,0,0,0,0,0,0,0,0,0,0,0,0,0,0,0,0,0,0,0,0,100,50,0,0,0,0
2026-07-31T07:06:41.996Z,30.4,71.6,475,0,1,59,23,67.5,0,954.1,0,0,26.8,61.9,601,0,2,132,0,0,0,0,0,0,18.9,85.2,492,0,2,68,0,0,0,0,0,0,0,0,0,0,0,0,0,0,0,0,0,0,0,0,0,0,0,0,100,50,0,0,0,0
2026-07-31T07:06:47.000Z,30.4,71.6,488,0,2,66,23,67.5,0,954.1,0,0,26.8,61.9,608,0,2,137,0,0,0,0,0,0,18.9,85.2,515,0,2,80,0,0,0,0,0,0,0,0,0,0,0,0,0,0,0,0,0,0,0,0,0,0,0,0,100,50,0,0,0,0
2026-07-31T07:06:51.996Z,30.5,72.1,525,0,2,86,23,67.5,0,954,0,0,26.9,61.9,605,0,2,135,0,0,0,0,0,0,19,85.1,502,0,2,73,0,0,0,0,0,0,0,0,0,0,0,0,0,0,0,0,0,0,0,0,0,0,0,0,100,50,0,0,0,0
2026-07-31T07:06:57.001Z,30.5,72.4,529,0,2,88,23,67.5,0,954,0,0,26.9,61.9,592,0,2,127,0,0,0,0,0,0,19,85.1,497,0,2,70,0,0,0,0,0,0,0,0,0,0,0,0,0,0,0,0,0,0,0,0,0,0,0,0,100,50,0,0,0,0
2026-07-31T07:07:02.007Z,30.5,72.6,509,0,2,77,23.1,67.5,0,954,0,0,26.9,61.8,604,0,2,134,0,0,0,0,0,0,19,85.1,495,0,2,70,0,0,0,0,0,0,0,0,0,0,0,0,0,0,0,0,0,0,0,0,0,0,0,0,100,50,0,0,0,0
2026-07-31T07:07:06.998Z,30.5,72.8,502,0,2,73,23.1,67.5,0,954,0,0,26.9,61.8,600,0,2,132,0,0,0,0,0,0,19,85.1,491,0,2,67,0,0,0,0,0,0,0,0,0,0,0,0,0,0,0,0,0,0,0,0,0,0,0,0,100,50,0,0,0,0
2026-07-31T07:07:11.997Z,30.5,72.9,474,0,1,59,23.1,67.5,0,954,0,0,26.9,61.7,576,0,2,116,0,0,0,0,0,0,19,85.2,467,0,1,55,0,0,0,0,0,0,0,0,0,0,0,0,0,0,0,0,0,0,0,0,0,0,0,0,100,50,0,0,0,0
2026-07-31T07:07:16.997Z,30.5,72.4,474,0,1,58,23.1,67.3,0,954.1,0,0,26.9,61.6,585,0,2,122,0,0,0,0,0,0,19,85.2,476,0,1,60,0,0,0,0,0,0,0,0,0,0,0,0,0,0,0,0,0,0,0,0,0,0,0,0,100,50,0,0,0,0
2026-07-31T07:07:21.999Z,30.4,72.2,464,0,1,53,23.1,67.3,0,954.1,0,0,26.9,61.6,611,0,2,140,0,0,0,0,0,0,19,85.2,474,0,1,59,0,0,0,0,0,0,0,0,0,0,0,0,0,0,0,0,0,0,0,0,0,0,0,0,100,50,0,0,0,0
2026-07-31T07:07:26.995Z,30.4,72.2,470,0,1,57,23.1,67.2,0,954,0,0,27,61.6,572,0,2,114,0,0,0,0,0,0,19,85.2,482,0,1,63,0,0,0,0,0,0,0,0,0,0,0,0,0,0,0,0,0,0,0,0,0,0,0,0,100,50,0,0,0,0
2026-07-31T07:07:32.007Z,30.4,72.2,469,0,1,56,23.1,67.2,0,954,0,0,27,61.6,585,0,2,122,0,0,0,0,0,0,19,85.2,500,0,2,72,0,0,0,0,0,0,0,0,0,0,0,0,0,0,0,0,0,0,0,0,0,0,0,0,100,50,0,0,0,0
2026-07-31T07:07:36.999Z,30.4,71.9,457,0,1,50,23.1,67.1,0,954,0,0,27,61.4,601,0,2,133,0,0,0,0,0,0,19,85.2,467,0,1,55,0,0,0,0,0,0,0,0,0,0,0,0,0,0,0,0,0,0,0,0,0,0,0,0,100,50,0,0,0,0
2026-07-31T07:07:42.010Z,30.4,72,479,0,1,61,23,67.1,0,953.9,0,0,26.9,61.4,613,0,2,141,0,0,0,0,0,0,19,84.9,487,0,2,65,0,0,0,0,0,0,0,0,0,0,0,0,0,0,0,0,0,0,0,0,0,0,0,0,100,50,0,0,0,0
2026-07-31T07:07:46.994Z,30.4,72,476,0,1,60,23,67.1,0,953.9,0,0,26.9,61.4,612,0,2,140,0,0,0,0,0,0,19,84.9,516,0,2,81,0,0,0,0,0,0,0,0,0,0,0,0,0,0,0,0,0,0,0,0,0,0,0,0,100,50,0,0,0,0
2026-07-31T07:07:51.996Z,30.4,72.1,481,0,1,62,23.1,67.1,0,954,0,0,27,61.3,614,0,2,141,0,0,0,0,0,0,19,84.9,498,0,2,71,0,0,0,0,0,0,0,0,0,0,0,0,0,0,0,0,0,0,0,0,0,0,0,0,100,50,0,0,0,0
2026-07-31T07:07:56.998Z,30.4,72.2,475,0,1,59,23.1,67,0,954,0,0,27,61.3,613,0,2,140,0,0,0,0,0,0,19,84.7,486,0,2,65,0,0,0,0,0,0,0,0,0,0,0,0,0,0,0,0,0,0,0,0,0,0,0,0,100,50,0,0,0,0
2026-07-31T07:08:02.000Z,30.3,72.4,467,0,1,55,23.1,67,0,954,0,0,27,61.3,606,0,2,136,0,0,0,0,0,0,19,84.7,495,0,2,70,0,0,0,0,0,0,0,0,0,0,0,0,0,0,0,0,0,0,0,0,0,0,0,0,100,50,0,0,0,0
2026-07-31T07:08:06.997Z,30.4,72.5,494,0,2,69,23.1,66.9,0,954,0,0,27,61.3,594,0,2,128,0,0,0,0,0,0,19,84.6,475,0,1,59,0,0,0,0,0,0,0,0,0,0,0,0,0,0,0,0,0,0,0,0,0,0,0,0,100,50,0,0,0,0
2026-07-31T07:08:11.997Z,30.4,72.5,507,0,2,76,23.1,66.9,0,954,0,0,27,61.1,618,0,2,144,0,0,0,0,0,0,19,84.5,482,0,1,63,0,0,0,0,0,0,0,0,0,0,0,0,0,0,0,0,0,0,0,0,0,0,0,0,100,50,0,0,0,0
2026-07-31T07:08:16.995Z,30.5,72.6,489,0,2,66,23.1,66.9,0,954,0,0,27,61.1,603,0,2,134,0,0,0,0,0,0,19,84.5,501,0,2,73,0,0,0,0,0,0,0,0,0,0,0,0,0,0,0,0,0,0,0,0,0,0,0,0,100,50,0,0,0,0
2026-07-31T07:08:21.995Z,30.5,72.5,464,0,1,54,23.1,66.9,0,954,0,0,27,61.1,593,0,2,127,0,0,0,0,0,0,19,84.6,481,0,1,62,0,0,0,0,0,0,0,0,0,0,0,0,0,0,0,0,0,0,0,0,0,0,0,0,100,50,0,0,0,0
2026-07-31T07:08:26.997Z,30.5,72.1,519,0,2,83,23.1,66.9,0,954,0,0,27,61.1,577,0,2,117,0,0,0,0,0,0,19,84.6,483,0,1,63,0,0,0,0,0,0,0,0,0,0,0,0,0,0,0,0,0,0,0,0,0,0,0,0,100,50,0,0,0,0
2026-07-31T07:08:32.000Z,30.6,72.4,534,0,2,91,23.1,66.9,0,954,0,0,26.9,61,589,0,2,124,0,0,0,0,0,0,19,84.7,475,0,1,59,0,0,0,0,0,0,0,0,0,0,0,0,0,0,0,0,0,0,0,0,0,0,0,0,100,50,0,0,0,0
2026-07-31T07:08:37.000Z,30.6,72.7,518,0,2,82,23.1,66.9,0,954,0,0,26.9,61,543,0,2,96,0,0,0,0,0,0,19,84.7,490,0,2,67,0,0,0,0,0,0,0,0,0,0,0,0,0,0,0,0,0,0,0,0,0,0,0,0,100,50,0,0,0,0
2026-07-31T07:08:41.998Z,30.6,72.8,510,0,2,78,23.1,66.8,0,953.9,0,0,26.9,61,572,0,2,114,0,0,0,0,0,0,19,84.7,491,0,2,67,0,0,0,0,0,0,0,0,0,0,0,0,0,0,0,0,0,0,0,0,0,0,0,0,100,50,0,0,0,0
2026-07-31T07:08:46.995Z,30.6,73.1,487,0,2,65,23.1,66.8,0,953.9,0,0,26.9,61,573,0,2,114,0,0,0,0,0,0,19,84.7,494,0,2,69,0,0,0,0,0,0,0,0,0,0,0,0,0,0,0,0,0,0,0,0,0,0,0,0,100,50,0,0,0,0
2026-07-31T07:08:51.997Z,30.6,73.1,487,0,2,65,23.1,66.7,0,953.9,0,0,26.9,61,557,0,2,105,0,0,0,0,0,0,19,84.6,488,0,2,66,0,0,0,0,0,0,0,0,0,0,0,0,0,0,0,0,0,0,0,0,0,0,0,0,100,50,0,0,0,0
2026-07-31T07:08:56.998Z,30.6,72.7,483,0,1,63,23.1,66.7,0,953.9,0,0,26.9,61.1,604,0,2,134,0,0,0,0,0,0,19,84.6,476,0,1,60,0,0,0,0,0,0,0,0,0,0,0,0,0,0,0,0,0,0,0,0,0,0,0,0,100,50,0,0,0,0
2026-07-31T07:09:01.998Z,30.6,72.8,489,0,2,66,23.1,66.7,0,953.9,0,0,26.9,61.1,587,0,2,123,0,0,0,0,0,0,19,84.5,498,0,2,71,0,0,0,0,0,0,0,0,0,0,0,0,0,0,0,0,0,0,0,0,0,0,0,0,100,50,0,0,0,0
2026-07-31T07:09:06.996Z,30.6,72.9,495,0,2,70,23.1,66.6,0,953.9,0,0,26.9,61,587,0,2,123,0,0,0,0,0,0,19,84.5,475,0,1,59,0,0,0,0,0,0,0,0,0,0,0,0,0,0,0,0,0,0,0,0,0,0,0,0,100,50,0,0,0,0
2026-07-31T07:09:11.997Z,30.6,72.9,475,0,1,59,23.1,66.6,0,953.9,0,0,26.9,61,597,0,2,130,0,0,0,0,0,0,19,84.5,486,0,2,65,0,0,0,0,0,0,0,0,0,0,0,0,0,0,0,0,0,0,0,0,0,0,0,0,100,50,0,0,0,0
2026-07-31T07:09:16.999Z,30.6,73,538,0,2,93,23.1,66.5,0,953.9,0,0,27,61,596,0,2,129,0,0,0,0,0,0,19,84.5,480,0,1,61,0,0,0,0,0,0,0,0,0,0,0,0,0,0,0,0,0,0,0,0,0,0,0,0,100,50,0,0,0,0
2026-07-31T07:09:21.996Z,30.6,73.1,517,0,2,81,23.1,66.5,0,953.9,0,0,27,61,584,0,2,121,0,0,0,0,0,0,19,84.5,493,0,2,68,0,0,0,0,0,0,0,0,0,0,0,0,0,0,0,0,0,0,0,0,0,0,0,0,100,50,0,0,0,0
2026-07-31T07:09:26.997Z,30.7,73.1,529,0,2,88,23.1,66.5,0,953.9,0,0,26.9,60.8,583,0,2,121,0,0,0,0,0,0,19,84.6,494,0,2,69,0,0,0,0,0,0,0,0,0,0,0,0,0,0,0,0,0,0,0,0,0,0,0,0,100,50,0,0,0,0
2026-07-31T07:09:31.996Z,30.7,73.1,509,0,2,77,23.1,66.5,0,953.9,0,0,26.9,60.8,600,0,2,132,0,0,0,0,0,0,19,84.6,493,0,2,68,0,0,0,0,0,0,0,0,0,0,0,0,0,0,0,0,0,0,0,0,0,0,0,0,100,50,0,0,0,0
2026-07-31T07:09:36.997Z,30.7,73.1,510,0,2,78,23.1,66.5,0,953.9,0,0,26.9,60.8,600,0,2,132,0,0,0,0,0,0,19,84.6,493,0,2,68,0,0,0,0,0,0,0,0,0,0,0,0,0,0,0,0,0,0,0,0,0,0,0,0,100,50,0,0,0,0
2026-07-31T07:09:42.000Z,30.7,73.1,522,0,2,84,23.1,66.4,0,953.9,0,0,26.9,60.7,576,0,2,116,0,0,0,0,0,0,19,84.7,521,0,2,83,0,0,0,0,0,0,0,0,0,0,0,0,0,0,0,0,0,0,0,0,0,0,0,0,100,50,0,0,0,0
2026-07-31T07:09:46.995Z,30.6,73.2,507,0,2,76,23.1,66.4,0,953.9,0,0,27,60.7,605,0,2,135,0,0,0,0,0,0,19,84.7,498,0,2,71,0,0,0,0,0,0,0,0,0,0,0,0,0,0,0,0,0,0,0,0,0,0,0,0,100,50,0,0,0,0
2026-07-31T07:09:51.999Z,30.6,73.2,510,0,2,77,23.1,66.3,0,954,0,0,26.9,60.6,579,0,2,119,0,0,0,0,0,0,19,84.5,489,0,2,66,0,0,0,0,0,0,0,0,0,0,0,0,0,0,0,0,0,0,0,0,0,0,0,0,100,50,0,0,0,0
2026-07-31T07:09:56.995Z,30.7,73.3,542,0,2,96,23.1,66.3,0,954,0,0,26.9,60.6,580,0,2,119,0,0,0,0,0,0,19,84.5,485,0,1,64,0,0,0,0,0,0,0,0,0,0,0,0,0,0,0,0,0,0,0,0,0,0,0,0,100,50,0,0,0,0
2026-07-31T07:10:02.006Z,30.7,73.3,519,0,2,82,23.1,66.3,0,953.9,0,0,27,60.7,596,0,2,129,0,0,0,0,0,0,19,84.5,477,0,1,60,0,0,0,0,0,0,0,0,0,0,0,0,0,0,0,0,0,0,0,0,0,0,0,0,100,50,0,0,0,0
2026-07-31T07:10:06.998Z,30.7,73.3,527,0,2,87,23.1,66.2,0,953.9,0,0,27,60.7,618,0,2,144,0,0,0,0,0,0,19,84.5,490,0,2,67,0,0,0,0,0,0,0,0,0,0,0,0,0,0,0,0,0,0,0,0,0,0,0,0,100,50,0,0,0,0
2026-07-31T07:10:12.010Z,30.7,73.2,527,0,2,87,23.1,66.2,0,953.9,0,0,27,60.7,586,0,2,123,0,0,0,0,0,0,19,84.5,485,0,1,64,0,0,0,0,0,0,0,0,0,0,0,0,0,0,0,0,0,0,0,0,0,0,0,0,100,50,0,0,0,0
2026-07-31T07:10:16.997Z,30.7,72.6,491,0,2,67,23.1,66.2,0,953.9,0,0,27,60.7,586,0,2,123,0,0,0,0,0,0,19,84.5,485,0,1,64,0,0,0,0,0,0,0,0,0,0,0,0,0,0,0,0,0,0,0,0,0,0,0,0,100,50,0,0,0,0
2026-07-31T07:10:21.999Z,30.7,72.2,484,0,1,64,23.1,66.2,0,953.9,0,0,26.9,60.6,569,0,2,112,0,0,0,0,0,0,19,84.5,504,0,2,74,0,0,0,0,0,0,0,0,0,0,0,0,0,0,0,0,0,0,0,0,0,0,0,0,100,50,0,0,0,0
2026-07-31T07:10:27.052Z,30.7,71.9,475,0,1,59,23.1,66.1,0,954,0,0,26.9,60.5,591,0,2,126,0,0,0,0,0,0,19,84.3,502,0,2,73,0,0,0,0,0,0,0,0,0,0,0,0,0,0,0,0,0,0,0,0,0,0,0,0,100,50,0,0,0,0
2026-07-31T07:10:31.999Z,30.6,71.5,498,0,2,71,23.1,66.1,0,954,0,0,26.9,60.5,593,0,2,127,0,0,0,0,0,0,19,84.3,492,0,2,68,0,0,0,0,0,0,0,0,0,0,0,0,0,0,0,0,0,0,0,0,0,0,0,0,100,50,0,0,0,0
2026-07-31T07:10:36.999Z,30.7,71.2,455,0,1,49,23.1,66.1,0,954,0,0,26.9,60.5,580,0,2,119,0,0,0,0,0,0,19,84.3,463,0,1,53,0,0,0,0,0,0,0,0,0,0,0,0,0,0,0,0,0,0,0,0,0,0,0,0,100,50,0,0,0,0
2026-07-31T07:10:41.999Z,30.7,71,483,0,1,63,23.1,66.1,0,954,0,0,26.9,60.5,580,0,2,119,0,0,0,0,0,0,19,84.3,463,0,1,53,0,0,0,0,0,0,0,0,0,0,0,0,0,0,0,0,0,0,0,0,0,0,0,0,100,50,0,0,0,0
2026-07-31T07:10:47.000Z,30.7,70.8,482,0,1,62,23.1,66.1,0,953.9,0,0,26.9,60.5,593,0,2,127,0,0,0,0,0,0,19,84.2,492,0,2,68,0,0,0,0,0,0,0,0,0,0,0,0,0,0,0,0,0,0,0,0,0,0,0,0,100,50,0,0,0,0
2026-07-31T07:10:51.999Z,30.7,70.8,478,0,1,61,23.1,66.1,0,953.9,0,0,26.9,60.5,593,0,2,127,0,0,0,0,0,0,19,84.2,492,0,2,68,0,0,0,0,0,0,0,0,0,0,0,0,0,0,0,0,0,0,0,0,0,0,0,0,100,50,0,0,0,0
2026-07-31T07:10:56.998Z,30.7,70.4,453,0,1,48,23.1,66,0,953.9,0,0,27,60.4,596,0,2,130,0,0,0,0,0,0,19,84.1,468,0,1,55,0,0,0,0,0,0,0,0,0,0,0,0,0,0,0,0,0,0,0,0,0,0,0,0,100,50,0,0,0,0
2026-07-31T07:11:01.999Z,30.6,70.6,437,0,1,40,23.1,66,0,953.9,0,0,27,60.4,617,0,2,144,0,0,0,0,0,0,18.9,84,468,0,1,55,0,0,0,0,0,0,0,0,0,0,0,0,0,0,0,0,0,0,0,0,0,0,0,0,100,50,0,0,0,0
2026-07-31T07:11:06.998Z,30.6,70.4,425,0,1,35,23.1,66,0,953.9,0,0,27,60.4,600,0,2,132,0,0,0,0,0,0,18.9,84,475,0,1,59,0,0,0,0,0,0,0,0,0,0,0,0,0,0,0,0,0,0,0,0,0,0,0,0,100,50,0,0,0,0
2026-07-31T07:11:11.998Z,30.6,70.9,460,0,1,51,23.2,65.9,0,953.9,0,0,27,60.3,581,0,2,119,0,0,0,0,0,0,18.9,84.1,490,0,2,67,0,0,0,0,0,0,0,0,0,0,0,0,0,0,0,0,0,0,0,0,0,0,0,0,100,50,0,0,0,0
2026-07-31T07:11:16.998Z,30.6,71.5,471,0,1,57,23.2,65.9,0,953.9,0,0,27,60.3,597,0,2,130,0,0,0,0,0,0,18.9,84.1,465,0,1,54,0,0,0,0,0,0,0,0,0,0,0,0,0,0,0,0,0,0,0,0,0,0,0,0,100,50,0,0,0,0
2026-07-31T07:11:21.998Z,30.6,71.3,465,0,1,54,23.2,65.9,0,953.3,0,0,27,60.4,602,0,2,133,0,0,0,0,0,0,18.9,84.1,470,0,1,56,0,0,0,0,0,0,0,0,0,0,0,0,0,0,0,0,0,0,0,0,0,0,0,0,100,50,0,0,0,0
2026-07-31T07:11:26.998Z,30.6,71.2,461,0,1,52,23.2,67.4,0,953.8,0,0,27,62,588,0,2,124,0,0,0,0,0,0,18.9,85.2,479,0,1,61,0,0,0,0,0,0,0,0,0,0,0,0,0,0,0,0,0,0,0,0,0,0,0,0,100,50,0,0,0,0
2026-07-31T07:11:31.997Z,30.6,71.1,466,0,1,54,23.2,67.4,0,953.8,0,0,27,62,598,0,2,130,0,0,0,0,0,0,18.9,85.2,481,0,1,62,0,0,0,0,0,0,0,0,0,0,0,0,0,0,0,0,0,0,0,0,0,0,0,0,100,50,0,0,0,0
2026-07-31T07:11:36.997Z,30.6,71.1,465,0,1,54,23.2,68.5,0,953.9,0,0,27,63,597,0,2,130,0,0,0,0,0,0,19,85.1,476,0,1,60,0,0,0,0,0,0,0,0,0,0,0,0,0,0,0,0,0,0,0,0,0,0,0,0,100,50,0,0,0,0
2026-07-31T07:11:41.997Z,30.6,71,459,0,1,51,23.2,67.6,0,953.9,0,0,26.9,62.6,606,0,2,136,0,0,0,0,0,0,19,84.8,468,0,1,55,0,0,0,0,0,0,0,0,0,0,0,0,0,0,0,0,0,0,0,0,0,0,0,0,100,50,0,0,0,0
2026-07-31T07:11:46.996Z,30.6,71.2,436,0,1,40,23.2,67.6,0,953.9,0,0,26.9,62.6,606,0,2,136,0,0,0,0,0,0,19,84.8,468,0,1,55,0,0,0,0,0,0,0,0,0,0,0,0,0,0,0,0,0,0,0,0,0,0,0,0,100,50,0,0,0,0
2026-07-31T07:11:51.997Z,30.6,71.5,483,0,1,63,23.2,67.6,0,953.9,0,0,26.9,62.6,601,0,2,133,0,0,0,0,0,0,19,84.8,476,0,1,60,0,0,0,0,0,0,0,0,0,0,0,0,0,0,0,0,0,0,0,0,0,0,0,0,100,50,0,0,0,0
2026-07-31T07:11:56.996Z,30.6,71.1,439,0,1,42,23.2,67.6,0,953.9,0,0,26.9,62.6,562,0,2,108,0,0,0,0,0,0,19,84.8,489,0,2,66,0,0,0,0,0,0,0,0,0,0,0,0,0,0,0,0,0,0,0,0,0,0,0,0,100,50,0,0,0,0
2026-07-31T07:12:01.996Z,30.6,70.8,466,0,1,55,23.2,66.8,0,953.9,0,0,26.9,62.1,573,0,2,114,0,0,0,0,0,0,19,84.3,474,0,1,58,0,0,0,0,0,0,0,0,0,0,0,0,0,0,0,0,0,0,0,0,0,0,0,0,100,50,0,0,0,0
2026-07-31T07:12:06.997Z,30.6,70.7,454,0,1,49,23.2,66.8,0,953.9,0,0,26.9,62.1,559,0,2,106,0,0,0,0,0,0,19,84.3,492,0,2,68,0,0,0,0,0,0,0,0,0,0,0,0,0,0,0,0,0,0,0,0,0,0,0,0,100,50,0,0,0,0
2026-07-31T07:12:11.996Z,30.7,70.9,471,0,1,57,23.2,66.8,0,953.9,0,0,26.9,62.1,559,0,2,106,0,0,0,0,0,0,19,84.3,492,0,2,68,0,0,0,0,0,0,0,0,0,0,0,0,0,0,0,0,0,0,0,0,0,0,0,0,100,50,0,0,0,0
2026-07-31T07:12:16.996Z,30.7,71.4,517,0,2,81,23.2,66.9,0,953.9,0,0,26.9,62,556,0,2,104,0,0,0,0,0,0,19,84.3,485,0,1,64,0,0,0,0,0,0,0,0,0,0,0,0,0,0,0,0,0,0,0,0,0,0,0,0,100,50,0,0,0,0
2026-07-31T07:12:21.997Z,30.7,71.8,530,0,2,89,23.2,66.9,0,953.9,0,0,26.9,62,556,0,2,104,0,0,0,0,0,0,19,84.3,505,0,2,75,0,0,0,0,0,0,0,0,0,0,0,0,0,0,0,0,0,0,0,0,0,0,0,0,100,50,0,0,0,0
2026-07-31T07:12:27.000Z,30.7,71.5,517,0,2,81,23.2,66.9,0,953.9,0,0,26.9,62,556,0,2,104,0,0,0,0,0,0,19,84.2,484,0,1,64,0,0,0,0,0,0,0,0,0,0,0,0,0,0,0,0,0,0,0,0,0,0,0,0,100,50,0,0,0,0
2026-07-31T07:12:31.997Z,30.7,71.5,532,0,2,90,23.2,66.8,0,953.9,0,0,26.9,61.8,558,0,2,105,0,0,0,0,0,0,19,84.2,499,0,1,72,0,0,0,0,0,0,0,0,0,0,0,0,0,0,0,0,0,0,0,0,0,0,0,0,100,50,0,0,0,0
2026-07-31T07:12:37.014Z,30.7,71.8,518,0,2,82,23.2,66.8,0,953.9,0,0,26.9,61.8,580,0,2,119,0,0,0,0,0,0,19,84.2,479,0,1,61,0,0,0,0,0,0,0,0,0,0,0,0,0,0,0,0,0,0,0,0,0,0,0,0,100,50,0,0,0,0
2026-07-31T07:12:42.009Z,30.7,72.2,529,0,2,88,23.2,66.8,0,953.9,0,0,26.9,61.8,561,0,2,107,0,0,0,0,0,0,19,84.2,476,0,1,60,0,0,0,0,0,0,0,0,0,0,0,0,0,0,0,0,0,0,0,0,0,0,0,0,100,50,0,0,0,0
2026-07-31T07:12:47.045Z,30.7,72.3,494,0,2,69,23.2,66.9,0,953.9,0,0,26.9,61.7,564,0,2,109,0,0,0,0,0,0,19,84.2,485,0,1,64,0,0,0,0,0,0,0,0,0,0,0,0,0,0,0,0,0,0,0,0,0,0,0,0,100,50,0,0,0,0
2026-07-31T07:12:51.995Z,30.7,71.8,475,0,1,59,23.2,66.9,0,953.9,0,0,26.9,61.7,575,0,2,116,0,0,0,0,0,0,19,84.2,474,0,1,58,0,0,0,0,0,0,0,0,0,0,0,0,0,0,0,0,0,0,0,0,0,0,0,0,100,50,0,0,0,0
2026-07-31T07:12:56.995Z,30.7,71.6,484,0,1,64,23.2,66.9,0,953.9,0,0,26.9,61.7,589,0,2,125,0,0,0,0,0,0,19,84.2,479,0,1,61,0,0,0,0,0,0,0,0,0,0,0,0,0,0,0,0,0,0,0,0,0,0,0,0,100,50,0,0,0,0
2026-07-31T07:13:02.046Z,30.7,71.6,450,0,1,47,23.2,66.9,0,953.9,0,0,26.9,61.5,578,0,2,117,0,0,0,0,0,0,19,84.2,476,0,1,59,0,0,0,0,0,0,0,0,0,0,0,0,0,0,0,0,0,0,0,0,0,0,0,0,100,50,0,0,0,0
2026-07-31T07:13:07.002Z,30.7,71.3,481,0,1,62,23.1,66.8,0,953.9,0,0,26.9,61.4,550,0,2,100,0,0,0,0,0,0,19,84.1,467,0,1,55,0,0,0,0,0,0,0,0,0,0,0,0,0,0,0,0,0,0,0,0,0,0,0,0,100,50,0,0,0,0
2026-07-31T07:13:11.995Z,30.7,71,485,0,1,64,23.1,66.8,0,953.9,0,0,26.9,61.4,578,0,2,117,0,0,0,0,0,0,19,84.1,465,0,1,54,0,0,0,0,0,0,0,0,0,0,0,0,0,0,0,0,0,0,0,0,0,0,0,0,100,50,0,0,0,0
2026-07-31T07:13:16.996Z,30.7,71,489,0,2,66,23.2,66.8,0,953.9,0,0,26.9,61.4,562,0,2,108,0,0,0,0,0,0,18.9,84.1,463,0,1,53,0,0,0,0,0,0,0,0,0,0,0,0,0,0,0,0,0,0,0,0,0,0,0,0,100,50,0,0,0,0
2026-07-31T07:13:21.995Z,30.6,71.2,487,0,2,65,23.2,66.7,0,953.9,0,0,26.9,61.3,560,0,2,106,0,0,0,0,0,0,18.9,84.1,489,0,2,66,0,0,0,0,0,0,0,0,0,0,0,0,0,0,0,0,0,0,0,0,0,0,0,0,100,50,0,0,0,0
2026-07-31T07:13:27.001Z,30.6,71.4,482,0,1,63,23.2,66.7,0,953.9,0,0,26.9,61.3,568,0,2,111,0,0,0,0,0,0,18.9,84.1,466,0,1,55,0,0,0,0,0,0,0,0,0,0,0,0,0,0,0,0,0,0,0,0,0,0,0,0,100,50,0,0,0,0
2026-07-31T07:13:32.002Z,30.6,71.4,472,0,1,57,23.1,66.7,0,953.8,0,0,26.9,61.2,559,0,2,106,0,0,0,0,0,0,18.9,84,469,0,1,56,0,0,0,0,0,0,0,0,0,0,0,0,0,0,0,0,0,0,0,0,0,0,0,0,100,50,0,0,0,0
2026-07-31T07:13:37.002Z,30.6,71.2,475,0,1,59,23.1,66.6,0,953.8,0,0,26.9,61.1,575,0,2,116,0,0,0,0,0,0,18.9,83.9,453,0,1,48,0,0,0,0,0,0,0,0,0,0,0,0,0,0,0,0,0,0,0,0,0,0,0,0,100,50,0,0,0,0
2026-07-31T07:13:42.001Z,30.6,71.1,461,0,1,52,23.1,66.6,0,953.9,0,0,26.9,61.1,567,0,2,111,0,0,0,0,0,0,18.9,83.9,478,0,1,61,0,0,0,0,0,0,0,0,0,0,0,0,0,0,0,0,0,0,0,0,0,0,0,0,100,50,0,0,0,0
2026-07-31T07:13:47.000Z,30.6,71,478,0,1,60,23.1,66.6,0,953.9,0,0,26.9,61.1,566,0,2,110,0,0,0,0,0,0,18.9,83.8,483,0,1,63,0,0,0,0,0,0,0,0,0,0,0,0,0,0,0,0,0,0,0,0,0,0,0,0,100,50,0,0,0,0
2026-07-31T07:13:51.995Z,30.6,70.9,485,0,1,64,23.1,66.6,0,953.9,0,0,26.9,61,575,0,2,116,0,0,0,0,0,0,18.9,83.8,494,0,2,69,0,0,0,0,0,0,0,0,0,0,0,0,0,0,0,0,0,0,0,0,0,0,0,0,100,50,0,0,0,0
2026-07-31T07:13:57.000Z,30.7,70.6,505,0,2,75,23.1,66.5,0,953.8,0,0,26.9,60.9,546,0,2,98,0,0,0,0,0,0,18.9,83.8,481,0,2,62,0,0,0,0,0,0,0,0,0,0,0,0,0,0,0,0,0,0,0,0,0,0,0,0,100,50,0,0,0,0
2026-07-31T07:14:02.001Z,30.7,71.2,497,0,2,71,23.1,66.5,0,953.8,0,0,26.9,60.9,555,0,2,103,0,0,0,0,0,0,18.9,84,518,0,2,82,0,0,0,0,0,0,0,0,0,0,0,0,0,0,0,0,0,0,0,0,0,0,0,0,100,50,0,0,0,0
2026-07-31T07:14:06.994Z,30.6,71.3,505,0,2,75,23.1,66.4,0,953.8,0,0,26.9,60.8,567,0,2,111,0,0,0,0,0,0,18.9,84.1,496,0,2,70,0,0,0,0,0,0,0,0,0,0,0,0,0,0,0,0,0,0,0,0,0,0,0,0,100,50,0,0,0,0
2026-07-31T07:14:11.994Z,30.5,71.6,478,0,1,60,23.1,66.4,0,953.9,0,0,26.9,60.8,562,0,2,108,0,0,0,0,0,0,18.9,84.2,492,0,2,68,0,0,0,0,0,0,0,0,0,0,0,0,0,0,0,0,0,0,0,0,0,0,0,0,100,50,0,0,0,0
2026-07-31T07:14:16.994Z,30.5,71.5,469,0,1,56,23.1,66.4,0,953.9,0,0,26.9,60.8,569,0,2,112,0,0,0,0,0,0,18.9,84.2,494,0,2,69,0,0,0,0,0,0,0,0,0,0,0,0,0,0,0,0,0,0,0,0,0,0,0,0,100,50,0,0,0,0
2026-07-31T07:14:21.999Z,30.5,71.5,502,0,2,73,23.1,66.3,0,953.9,0,0,26.9,60.6,532,0,2,90,0,0,0,0,0,0,19,84.4,473,0,1,58,0,0,0,0,0,0,0,0,0,0,0,0,0,0,0,0,0,0,0,0,0,0,0,0,100,50,0,0,0,0
2026-07-31T07:14:27.000Z,30.5,71.1,498,0,2,71,23.1,66.3,0,953.9,0,0,26.9,60.6,548,0,2,99,0,0,0,0,0,0,19,84.5,499,0,2,72,0,0,0,0,0,0,0,0,0,0,0,0,0,0,0,0,0,0,0,0,0,0,0,0,100,50,0,0,0,0
2026-07-31T07:14:31.999Z,30.6,70.9,507,0,2,76,23.1,66.3,0,953.9,0,0,26.9,60.6,567,0,2,111,0,0,0,0,0,0,19,84.5,497,0,2,70,0,0,0,0,0,0,0,0,0,0,0,0,0,0,0,0,0,0,0,0,0,0,0,0,100,50,0,0,0,0
2026-07-31T07:14:37.001Z,30.6,70.7,488,0,2,66,23.1,66.2,0,953.9,0,0,26.9,60.5,540,0,2,95,0,0,0,0,0,0,18.9,84.4,503,0,2,74,0,0,0,0,0,0,0,0,0,0,0,0,0,0,0,0,0,0,0,0,0,0,0,0,100,50,0,0,0,0
2026-07-31T07:14:41.998Z,30.6,70.3,497,0,2,71,23.1,66.2,0,953.9,0,0,26.9,60.5,529,0,2,88,0,0,0,0,0,0,18.9,84.4,473,0,1,58,0,0,0,0,0,0,0,0,0,0,0,0,0,0,0,0,0,0,0,0,0,0,0,0,100,50,0,0,0,0
2026-07-31T07:14:46.999Z,30.6,70.1,493,0,2,69,23.1,66.2,0,953.9,0,0,26.9,60.5,544,0,2,97,0,0,0,0,0,0,18.9,84.4,485,0,1,64,0,0,0,0,0,0,0,0,0,0,0,0,0,0,0,0,0,0,0,0,0,0,0,0,100,50,0,0,0,0
2026-07-31T07:14:51.998Z,30.6,70.1,477,0,1,60,23.1,66.1,0,953.9,0,0,26.9,60.5,553,0,2,102,0,0,0,0,0,0,18.9,84.4,491,0,2,68,0,0,0,0,0,0,0,0,0,0,0,0,0,0,0,0,0,0,0,0,0,0,0,0,100,50,0,0,0,0
2026-07-31T07:14:56.999Z,30.7,70.5,493,0,2,69,23.1,66.1,0,954,0,0,26.9,60.3,538,0,2,93,0,0,0,0,0,0,18.9,84.4,493,0,2,68,0,0,0,0,0,0,0,0,0,0,0,0,0,0,0,0,0,0,0,0,0,0,0,0,100,50,0,0,0,0
2026-07-31T07:15:01.999Z,30.7,70.7,497,0,2,70,23.1,66.1,0,954,0,0,26.9,60.3,533,0,2,90,0,0,0,0,0,0,19,84.8,490,0,2,67,0,0,0,0,0,0,0,0,0,0,0,0,0,0,0,0,0,0,0,0,0,0,0,0,100,50,0,0,0,0
2026-07-31T07:15:06.999Z,30.7,70.8,490,0,2,67,23.1,66,0,954,0,0,26.9,60.3,566,0,2,110,0,0,0,0,0,0,19,84.9,475,0,1,59,0,0,0,0,0,0,0,0,0,0,0,0,0,0,0,0,0,0,0,0,0,0,0,0,100,50,0,0,0,0
2026-07-31T07:15:11.999Z,30.7,70.7,492,0,2,68,23.1,66,0,953.9,0,0,26.9,60.3,540,0,2,94,0,0,0,0,0,0,19,84.9,490,0,2,67,0,0,0,0,0,0,0,0,0,0,0,0,0,0,0,0,0,0,0,0,0,0,0,0,100,50,0,0,0,0
2026-07-31T07:15:17.044Z,30.7,70.4,465,0,1,54,23.1,66,0,954,0,0,26.9,60.2,550,0,2,100,0,0,0,0,0,0,19,84.9,457,0,1,50,0,0,0,0,0,0,0,0,0,0,0,0,0,0,0,0,0,0,0,0,0,0,0,0,100,50,0,0,0,0
2026-07-31T07:15:21.998Z,30.8,70.5,500,0,2,72,23.1,66,0,954,0,0,26.9,60.2,562,0,2,108,0,0,0,0,0,0,19,84.9,463,0,1,53,0,0,0,0,0,0,0,0,0,0,0,0,0,0,0,0,0,0,0,0,0,0,0,0,100,50,0,0,0,0
2026-07-31T07:15:26.998Z,30.8,71.1,479,0,1,61,23,66,0,954,0,0,26.9,60.2,553,0,2,102,0,0,0,0,0,0,19,85,469,0,1,56,0,0,0,0,0,0,0,0,0,0,0,0,0,0,0,0,0,0,0,0,0,0,0,0,100,50,0,0,0,0
2026-07-31T07:15:31.998Z,30.8,71.6,492,0,2,68,23,66,0,954,0,0,26.9,60.2,540,0,2,94,0,0,0,0,0,0,19,85,466,0,1,54,0,0,0,0,0,0,0,0,0,0,0,0,0,0,0,0,0,0,0,0,0,0,0,0,100,50,0,0,0,0
2026-07-31T07:15:36.998Z,30.8,71.4,493,0,2,68,23,65.9,0,954,0,0,26.9,60.2,545,0,2,98,0,0,0,0,0,0,19,85,454,0,1,49,0,0,0,0,0,0,0,0,0,0,0,0,0,0,0,0,0,0,0,0,0,0,0,0,100,50,0,0,0,0
2026-07-31T07:15:41.997Z,30.9,71.5,500,0,2,72,23,65.9,0,954,0,0,26.9,60.2,547,0,2,99,0,0,0,0,0,0,19,85,506,0,2,75,0,0,0,0,0,0,0,0,0,0,0,0,0,0,0,0,0,0,0,0,0,0,0,0,100,50,0,0,0,0
2026-07-31T07:15:46.999Z,30.9,71.4,483,0,1,63,23,65.9,0,954,0,0,26.9,60.1,542,0,2,96,0,0,0,0,0,0,19,85.2,491,0,2,67,0,0,0,0,0,0,0,0,0,0,0,0,0,0,0,0,0,0,0,0,0,0,0,0,100,50,0,0,0,0
2026-07-31T07:15:51.999Z,30.9,71.3,495,0,2,69,23,65.9,0,953.9,0,0,26.8,60.1,564,0,2,109,0,0,0,0,0,0,19,85.2,471,0,1,57,0,0,0,0,0,0,0,0,0,0,0,0,0,0,0,0,0,0,0,0,0,0,0,0,100,50,0,0,0,0
2026-07-31T07:15:56.998Z,30.9,71.5,489,0,2,66,23,65.9,0,953.9,0,0,26.8,60.1,543,0,2,97,0,0,0,0,0,0,19,85.2,477,0,1,60,0,0,0,0,0,0,0,0,0,0,0,0,0,0,0,0,0,0,0,0,0,0,0,0,100,50,0,0,0,0
2026-07-31T07:16:01.996Z,30.9,71.4,508,0,2,76,23,65.8,0,954,0,0,26.9,60,521,0,2,84,0,0,0,0,0,0,19,85.2,490,0,2,67,0,0,0,0,0,0,0,0,0,0,0,0,0,0,0,0,0,0,0,0,0,0,0,0,100,50,0,0,0,0
2026-07-31T07:16:06.996Z,30.9,71.4,486,0,2,65,23,65.8,0,953.9,0,0,26.9,60,544,0,2,97,0,0,0,0,0,0,18.9,85.2,457,0,1,50,0,0,0,0,0,0,0,0,0,0,0,0,0,0,0,0,0,0,0,0,0,0,0,0,100,50,0,0,0,0
2026-07-31T07:16:11.996Z,30.9,71.7,509,0,2,77,23,65.8,0,953.9,0,0,26.9,60,532,0,2,90,0,0,0,0,0,0,18.9,85.2,493,0,2,68,0,0,0,0,0,0,0,0,0,0,0,0,0,0,0,0,0,0,0,0,0,0,0,0,100,50,0,0,0,0
2026-07-31T07:16:17.002Z,30.9,71.6,509,0,2,77,23,65.7,0,953.9,0,0,26.9,60,508,0,2,76,0,0,0,0,0,0,18.9,85.2,467,0,1,55,0,0,0,0,0,0,0,0,0,0,0,0,0,0,0,0,0,0,0,0,0,0,0,0,100,50,0,0,0,0
2026-07-31T07:16:21.995Z,30.9,71.5,508,0,2,76,23,65.7,0,953.9,0,0,26.9,60,516,0,2,81,0,0,0,0,0,0,18.9,85.2,503,0,2,73,0,0,0,0,0,0,0,0,0,0,0,0,0,0,0,0,0,0,0,0,0,0,0,0,100,50,0,0,0,0
2026-07-31T07:16:26.995Z,30.9,71.2,526,0,2,86,23,65.7,0,953.9,0,0,26.9,60,528,0,2,87,0,0,0,0,0,0,18.9,85.3,494,0,2,69,0,0,0,0,0,0,0,0,0,0,0,0,0,0,0,0,0,0,0,0,0,0,0,0,100,50,0,0,0,0
2026-07-31T07:16:31.997Z,30.9,71.2,485,0,1,64,23,65.7,0,954,0,0,26.8,59.9,524,0,2,85,0,0,0,0,0,0,18.9,85.3,483,0,1,63,0,0,0,0,0,0,0,0,0,0,0,0,0,0,0,0,0,0,0,0,0,0,0,0,100,50,0,0,0,0
2026-07-31T07:16:37.045Z,30.9,70.9,480,0,1,62,23,65.7,0,954,0,0,26.8,59.9,539,0,2,94,0,0,0,0,0,0,18.9,85.4,467,0,1,55,0,0,0,0,0,0,0,0,0,0,0,0,0,0,0,0,0,0,0,0,0,0,0,0,100,50,0,0,0,0
2026-07-31T07:16:41.996Z,30.8,70.2,476,0,1,60,23,65.7,0,953.9,0,0,26.8,59.9,542,0,2,96,0,0,0,0,0,0,18.9,85.7,490,0,2,67,0,0,0,0,0,0,0,0,0,0,0,0,0,0,0,0,0,0,0,0,0,0,0,0,100,50,0,0,0,0
2026-07-31T07:16:46.996Z,30.8,69.7,509,0,2,77,23,65.7,0,953.9,0,0,26.8,59.9,550,0,2,101,0,0,0,0,0,0,18.9,85.7,506,0,2,76,0,0,0,0,0,0,0,0,0,0,0,0,0,0,0,0,0,0,0,0,0,0,0,0,100,50,0,0,0,0
2026-07-31T07:16:51.995Z,30.8,69.9,510,0,2,78,23,65.6,0,954,0,0,26.8,59.8,552,0,2,101,0,0,0,0,0,0,18.9,85.7,488,0,2,66,0,0,0,0,0,0,0,0,0,0,0,0,0,0,0,0,0,0,0,0,0,0,0,0,100,50,0,0,0,0
2026-07-31T07:16:56.996Z,30.8,70,511,0,2,78,23,65.6,0,953.9,0,0,26.8,59.8,545,0,2,98,0,0,0,0,0,0,18.9,85.7,496,0,2,70,0,0,0,0,0,0,0,0,0,0,0,0,0,0,0,0,0,0,0,0,0,0,0,0,100,50,0,0,0,0
2026-07-31T07:17:01.995Z,30.8,69.7,484,0,1,64,23,65.6,0,953.9,0,0,26.8,59.8,536,0,2,92,0,0,0,0,0,0,18.9,85.6,480,0,1,62,0,0,0,0,0,0,0,0,0,0,0,0,0,0,0,0,0,0,0,0,0,0,0,0,100,50,0,0,0,0
2026-07-31T07:17:06.995Z,30.8,69.6,472,0,1,57,22.9,65.6,0,954,0,0,26.8,59.8,549,0,2,100,0,0,0,0,0,0,18.9,85.6,491,0,2,67,0,0,0,0,0,0,0,0,0,0,0,0,0,0,0,0,0,0,0,0,0,0,0,0,100,50,0,0,0,0
2026-07-31T07:17:11.996Z,30.8,69.7,489,0,2,66,22.9,65.6,0,954,0,0,26.8,59.8,517,0,2,81,0,0,0,0,0,0,18.9,85.6,483,0,1,63,0,0,0,0,0,0,0,0,0,0,0,0,0,0,0,0,0,0,0,0,0,0,0,0,100,50,0,0,0,0
2026-07-31T07:17:16.996Z,30.9,69.6,489,0,2,66,22.9,65.6,0,954,0,0,26.8,59.8,508,0,2,77,0,0,0,0,0,0,18.9,85.5,474,0,1,59,0,0,0,0,0,0,0,0,0,0,0,0,0,0,0,0,0,0,0,0,0,0,0,0,100,50,0,0,0,0
2026-07-31T07:17:21.995Z,30.9,69.8,495,0,2,70,22.9,65.6,0,954,0,0,26.8,59.8,534,0,2,91,0,0,0,0,0,0,18.9,85.5,482,0,1,62,0,0,0,0,0,0,0,0,0,0,0,0,0,0,0,0,0,0,0,0,0,0,0,0,100,50,0,0,0,0
2026-07-31T07:17:27.002Z,30.9,69.6,496,0,2,70,22.9,65.6,0,954,0,0,26.8,59.8,538,0,2,93,0,0,0,0,0,0,18.9,85.5,479,0,1,61,0,0,0,0,0,0,0,0,0,0,0,0,0,0,0,0,0,0,0,0,0,0,0,0,100,50,0,0,0,0
2026-07-31T07:17:31.995Z,30.9,69.7,479,0,1,61,22.9,65.5,0,954,0,0,26.8,59.8,497,0,2,70,0,0,0,0,0,0,18.9,85.4,479,0,1,61,0,0,0,0,0,0,0,0,0,0,0,0,0,0,0,0,0,0,0,0,0,0,0,0,100,50,0,0,0,0
2026-07-31T07:17:36.997Z,30.8,69.2,447,0,1,45,22.9,65.5,0,953.9,0,0,26.8,59.7,539,0,2,94,0,0,0,0,0,0,18.9,85.5,493,0,2,68,0,0,0,0,0,0,0,0,0,0,0,0,0,0,0,0,0,0,0,0,0,0,0,0,100,50,0,0,0,0
2026-07-31T07:17:42.001Z,30.8,68.9,467,0,1,55,22.9,65.5,0,953.9,0,0,26.8,59.7,547,0,2,98,0,0,0,0,0,0,18.9,85.5,467,0,1,55,0,0,0,0,0,0,0,0,0,0,0,0,0,0,0,0,0,0,0,0,0,0,0,0,100,50,0,0,0,0
2026-07-31T07:17:47.002Z,30.8,68.7,473,0,1,58,22.9,65.5,0,953.9,0,0,26.7,59.7,523,0,2,84,0,0,0,0,0,0,18.9,85.6,472,0,1,58,0,0,0,0,0,0,0,0,0,0,0,0,0,0,0,0,0,0,0,0,0,0,0,0,100,50,0,0,0,0
2026-07-31T07:17:52.001Z,30.8,68.6,458,0,1,50,22.9,65.5,0,953.9,0,0,26.7,59.7,523,0,2,84,0,0,0,0,0,0,18.9,85.6,472,0,1,58,0,0,0,0,0,0,0,0,0,0,0,0,0,0,0,0,0,0,0,0,0,0,0,0,100,50,0,0,0,0
2026-07-31T07:17:56.995Z,30.8,68.6,490,0,2,67,22.9,65.5,0,953.9,0,0,26.7,59.7,512,0,2,78,0,0,0,0,0,0,18.9,85.5,476,0,1,60,0,0,0,0,0,0,0,0,0,0,0,0,0,0,0,0,0,0,0,0,0,0,0,0,100,50,0,0,0,0
2026-07-31T07:18:01.995Z,30.8,68.5,500,0,2,72,22.9,65.4,0,953.9,0,0,26.7,59.7,531,0,2,89,0,0,0,0,0,0,18.9,85.5,472,0,1,57,0,0,0,0,0,0,0,0,0,0,0,0,0,0,0,0,0,0,0,0,0,0,0,0,100,50,0,0,0,0
2026-07-31T07:18:07.001Z,30.9,68.5,494,0,2,69,22.9,65.4,0,953.9,0,0,26.7,59.7,522,0,2,84,0,0,0,0,0,0,18.9,85.5,469,0,1,56,0,0,0,0,0,0,0,0,0,0,0,0,0,0,0,0,0,0,0,0,0,0,0,0,100,50,0,0,0,0
2026-07-31T07:18:12.001Z,30.8,68.9,484,0,1,64,22.9,65.4,0,953.9,0,0,26.7,59.7,522,0,2,84,0,0,0,0,0,0,18.9,85.5,469,0,1,56,0,0,0,0,0,0,0,0,0,0,0,0,0,0,0,0,0,0,0,0,0,0,0,0,100,50,0,0,0,0
2026-07-31T07:18:16.995Z,30.9,69.1,466,0,1,54,22.9,65.5,0,953.9,0,0,26.7,59.7,527,0,2,87,0,0,0,0,0,0,18.9,85.3,484,0,1,64,0,0,0,0,0,0,0,0,0,0,0,0,0,0,0,0,0,0,0,0,0,0,0,0,100,50,0,0,0,0
2026-07-31T07:18:21.996Z,30.8,68.9,448,0,1,46,22.9,65.4,0,953.9,0,0,26.7,59.7,532,0,2,90,0,0,0,0,0,0,18.9,85.4,477,0,1,60,0,0,0,0,0,0,0,0,0,0,0,0,0,0,0,0,0,0,0,0,0,0,0,0,100,50,0,0,0,0
2026-07-31T07:18:27.000Z,30.8,69.1,460,0,1,51,22.9,65.4,0,953.9,0,0,26.7,59.7,505,0,2,75,0,0,0,0,0,0,18.9,85.4,473,0,1,58,0,0,0,0,0,0,0,0,0,0,0,0,0,0,0,0,0,0,0,0,0,0,0,0,100,50,0,0,0,0
2026-07-31T07:18:32.001Z,30.8,69.2,462,0,1,52,22.9,65.4,0,953.9,0,0,26.7,59.7,515,0,2,80,0,0,0,0,0,0,18.9,85.4,463,0,1,53,0,0,0,0,0,0,0,0,0,0,0,0,0,0,0,0,0,0,0,0,0,0,0,0,100,50,0,0,0,0
2026-07-31T07:18:36.999Z,30.8,69.4,487,0,2,65,22.9,65.4,0,953.9,0,0,26.7,59.7,515,0,2,80,0,0,0,0,0,0,18.9,85.4,463,0,1,53,0,0,0,0,0,0,0,0,0,0,0,0,0,0,0,0,0,0,0,0,0,0,0,0,100,50,0,0,0,0
2026-07-31T07:18:42.000Z,30.8,69.3,489,0,2,67,22.8,65.4,0,953.9,0,0,26.7,59.7,516,0,2,81,0,0,0,0,0,0,18.9,85.3,500,0,2,72,0,0,0,0,0,0,0,0,0,0,0,0,0,0,0,0,0,0,0,0,0,0,0,0,100,50,0,0,0,0
2026-07-31T07:18:47.000Z,30.8,70,524,0,2,85,22.8,65.4,0,953.8,0,0,26.7,59.7,520,0,2,83,0,0,0,0,0,0,18.9,85.3,492,0,2,68,0,0,0,0,0,0,0,0,0,0,0,0,0,0,0,0,0,0,0,0,0,0,0,0,100,50,0,0,0,0
2026-07-31T07:18:52.139Z,30.8,70.1,503,0,2,74,22.8,65.4,0,953.8,0,0,26.7,59.7,506,0,2,76,0,0,0,0,0,0,18.9,85.4,494,0,2,69,0,0,0,0,0,0,0,0,0,0,0,0,0,0,0,0,0,0,0,0,0,0,0,0,100,50,0,0,0,0
2026-07-31T07:18:56.999Z,30.8,69.9,483,0,1,63,22.8,65.4,0,953.9,0,0,26.7,59.7,512,0,2,79,0,0,0,0,0,0,18.9,85.4,491,0,2,67,0,0,0,0,0,0,0,0,0,0,0,0,0,0,0,0,0,0,0,0,0,0,0,0,100,50,0,0,0,0
2026-07-31T07:19:01.999Z,30.8,69.5,477,0,1,60,22.8,65.4,0,953.9,0,0,26.7,59.7,527,0,2,87,0,0,0,0,0,0,18.9,85.4,491,0,2,67,0,0,0,0,0,0,0,0,0,0,0,0,0,0,0,0,0,0,0,0,0,0,0,0,100,50,0,0,0,0
2026-07-31T07:19:06.996Z,30.8,69.7,489,0,2,66,22.8,65.4,0,953.9,0,0,26.6,59.6,492,0,2,68,0,0,0,0,0,0,18.9,85.4,503,0,2,74,0,0,0,0,0,0,0,0,0,0,0,0,0,0,0,0,0,0,0,0,0,0,0,0,100,50,0,0,0,0
2026-07-31T07:19:11.999Z,30.8,69.7,477,0,1,60,22.8,65.4,0,953.9,0,0,26.6,59.6,516,0,2,81,0,0,0,0,0,0,18.9,85.4,493,0,2,69,0,0,0,0,0,0,0,0,0,0,0,0,0,0,0,0,0,0,0,0,0,0,0,0,100,50,0,0,0,0
2026-07-31T07:19:16.998Z,30.8,70.1,489,0,2,66,22.8,65.3,0,953.9,0,0,26.6,59.7,519,0,2,82,0,0,0,0,0,0,18.9,85.2,496,0,2,70,0,0,0,0,0,0,0,0,0,0,0,0,0,0,0,0,0,0,0,0,0,0,0,0,100,50,0,0,0,0
2026-07-31T07:19:21.999Z,30.8,70.4,457,0,1,50,22.8,65.3,0,953.9,0,0,26.6,59.7,507,0,2,76,0,0,0,0,0,0,18.9,85.2,470,0,1,56,0,0,0,0,0,0,0,0,0,0,0,0,0,0,0,0,0,0,0,0,0,0,0,0,100,50,0,0,0,0
2026-07-31T07:19:26.999Z,30.8,70.4,474,0,1,58,22.8,65.3,0,953.9,0,0,26.6,59.7,516,0,2,81,0,0,0,0,0,0,19,85.3,466,0,1,55,0,0,0,0,0,0,0,0,0,0,0,0,0,0,0,0,0,0,0,0,0,0,0,0,100,50,0,0,0,0
2026-07-31T07:19:31.999Z,30.9,71,490,0,2,67,22.8,65.3,0,953.9,0,0,26.6,59.7,512,0,2,78,0,0,0,0,0,0,19,85.3,455,0,1,49,0,0,0,0,0,0,0,0,0,0,0,0,0,0,0,0,0,0,0,0,0,0,0,0,100,50,0,0,0,0
2026-07-31T07:19:36.999Z,30.9,71.4,486,0,1,64,22.8,65.3,0,953.9,0,0,26.6,59.7,524,0,2,86,0,0,0,0,0,0,19,85.3,465,0,1,54,0,0,0,0,0,0,0,0,0,0,0,0,0,0,0,0,0,0,0,0,0,0,0,0,100,50,0,0,0,0
2026-07-31T07:19:41.998Z,30.9,71.8,491,0,2,67,22.8,65.3,0,953.9,0,0,26.6,59.7,506,0,2,75,0,0,0,0,0,0,19,85.3,455,0,1,49,0,0,0,0,0,0,0,0,0,0,0,0,0,0,0,0,0,0,0,0,0,0,0,0,100,50,0,0,0,0
2026-07-31T07:19:46.999Z,30.8,71.8,484,0,1,64,22.8,65.3,0,953.9,0,0,26.6,59.7,513,0,2,79,0,0,0,0,0,0,19,85.2,469,0,1,56,0,0,0,0,0,0,0,0,0,0,0,0,0,0,0,0,0,0,0,0,0,0,0,0,100,50,0,0,0,0
2026-07-31T07:19:51.998Z,30.8,71.6,430,0,1,37,22.8,65.3,0,953.9,0,0,26.6,59.7,497,0,2,70,0,0,0,0,0,0,19,85.2,455,0,1,49,0,0,0,0,0,0,0,0,0,0,0,0,0,0,0,0,0,0,0,0,0,0,0,0,100,50,0,0,0,0
2026-07-31T07:19:56.998Z,30.8,70.8,436,0,1,40,22.8,65.3,0,953.9,0,0,26.6,59.7,516,0,2,81,0,0,0,0,0,0,19,85.2,456,0,1,50,0,0,0,0,0,0,0,0,0,0,0,0,0,0,0,0,0,0,0,0,0,0,0,0,100,50,0,0,0,0
2026-07-31T07:20:01.998Z,30.8,70.4,453,0,1,48,22.8,65.3,0,953.9,0,0,26.6,59.7,503,0,2,74,0,0,0,0,0,0,19,85.1,456,0,1,50,0,0,0,0,0,0,0,0,0,0,0,0,0,0,0,0,0,0,0,0,0,0,0,0,100,50,0,0,0,0
2026-07-31T07:20:06.998Z,30.8,70.2,440,0,1,42,22.8,65.3,0,953.9,0,0,26.6,59.7,504,0,2,74,0,0,0,0,0,0,19,85.1,478,0,1,60,0,0,0,0,0,0,0,0,0,0,0,0,0,0,0,0,0,0,0,0,0,0,0,0,100,50,0,0,0,0
2026-07-31T07:20:11.998Z,30.8,70.1,441,0,1,42,22.8,65.3,0,953.9,0,0,26.5,59.7,484,0,1,64,0,0,0,0,0,0,19,85.1,482,0,1,63,0,0,0,0,0,0,0,0,0,0,0,0,0,0,0,0,0,0,0,0,0,0,0,0,100,50,0,0,0,0
2026-07-31T07:20:16.997Z,30.8,69.7,454,0,1,48,22.8,65.3,0,953.9,0,0,26.5,59.7,513,0,2,79,0,0,0,0,0,0,19,85.1,469,0,1,56,0,0,0,0,0,0,0,0,0,0,0,0,0,0,0,0,0,0,0,0,0,0,0,0,100,50,0,0,0,0
2026-07-31T07:20:21.997Z,30.9,69.8,492,0,2,68,22.7,65.3,0,953.9,0,0,26.5,59.7,526,0,2,86,0,0,0,0,0,0,19,85,475,0,1,59,0,0,0,0,0,0,0,0,0,0,0,0,0,0,0,0,0,0,0,0,0,0,0,0,100,50,0,0,0,0
2026-07-31T07:20:26.997Z,30.8,70.3,518,0,2,82,22.7,65.3,0,953.9,0,0,26.6,59.6,494,0,2,69,0,0,0,0,0,0,19,85,489,0,2,66,0,0,0,0,0,0,0,0,0,0,0,0,0,0,0,0,0,0,0,0,0,0,0,0,100,50,0,0,0,0
2026-07-31T07:20:31.996Z,30.9,70.9,507,0,2,76,22.7,65.3,0,953.9,0,0,26.6,59.6,492,0,2,68,0,0,0,0,0,0,19,85,475,0,1,59,0,0,0,0,0,0,0,0,0,0,0,0,0,0,0,0,0,0,0,0,0,0,0,0,100,50,0,0,0,0
2026-07-31T07:20:36.997Z,30.9,71.4,467,0,1,55,22.7,65.3,0,953.9,0,0,26.5,59.7,497,0,2,71,0,0,0,0,0,0,19,85,466,0,1,55,0,0,0,0,0,0,0,0,0,0,0,0,0,0,0,0,0,0,0,0,0,0,0,0,100,50,0,0,0,0
2026-07-31T07:20:41.998Z,30.9,71.8,484,0,1,64,22.7,65.3,0,953.9,0,0,26.5,59.7,515,0,2,80,0,0,0,0,0,0,19,84.9,469,0,1,56,0,0,0,0,0,0,0,0,0,0,0,0,0,0,0,0,0,0,0,0,0,0,0,0,100,50,0,0,0,0
2026-07-31T07:20:46.997Z,30.9,72.1,494,0,2,69,22.7,65.2,0,953.9,0,0,26.5,59.7,503,0,2,74,0,0,0,0,0,0,19,84.8,483,0,1,63,0,0,0,0,0,0,0,0,0,0,0,0,0,0,0,0,0,0,0,0,0,0,0,0,100,50,0,0,0,0
2026-07-31T07:20:51.996Z,30.9,72.3,502,0,2,73,22.7,65.2,0,953.9,0,0,26.5,59.7,509,0,2,77,0,0,0,0,0,0,19,84.8,501,0,2,73,0,0,0,0,0,0,0,0,0,0,0,0,0,0,0,0,0,0,0,0,0,0,0,0,100,50,0,0,0,0
2026-07-31T07:20:56.996Z,30.9,72.3,517,0,2,82,22.7,65.2,0,953.9,0,0,26.5,59.7,480,0,1,62,0,0,0,0,0,0,19,84.8,506,0,2,75,0,0,0,0,0,0,0,0,0,0,0,0,0,0,0,0,0,0,0,0,0,0,0,0,100,50,0,0,0,0
2026-07-31T07:21:01.997Z,30.9,72.3,523,0,2,85,22.7,65.2,0,953.9,0,0,26.5,59.7,478,0,1,61,0,0,0,0,0,0,19,84.8,486,0,1,64,0,0,0,0,0,0,0,0,0,0,0,0,0,0,0,0,0,0,0,0,0,0,0,0,100,50,0,0,0,0
2026-07-31T07:21:06.996Z,30.9,72.4,487,0,2,65,22.7,65.3,0,953.9,0,0,26.5,59.7,509,0,2,77,0,0,0,0,0,0,19,84.8,485,0,1,64,0,0,0,0,0,0,0,0,0,0,0,0,0,0,0,0,0,0,0,0,0,0,0,0,100,50,0,0,0,0
2026-07-31T07:21:11.997Z,31,72.3,517,0,2,82,22.7,65.3,0,953.9,0,0,26.5,59.7,508,0,2,76,0,0,0,0,0,0,19,84.8,477,0,1,60,0,0,0,0,0,0,0,0,0,0,0,0,0,0,0,0,0,0,0,0,0,0,0,0,100,50,0,0,0,0
2026-07-31T07:21:16.996Z,30.9,72.3,508,0,2,76,22.7,65.2,0,953.9,0,0,26.5,59.7,520,0,2,83,0,0,0,0,0,0,19,84.9,494,0,2,69,0,0,0,0,0,0,0,0,0,0,0,0,0,0,0,0,0,0,0,0,0,0,0,0,100,50,0,0,0,0
2026-07-31T07:21:21.996Z,31,72.3,525,0,2,86,22.7,65.2,0,953.9,0,0,26.5,59.7,495,0,2,69,0,0,0,0,0,0,19,84.9,460,0,1,51,0,0,0,0,0,0,0,0,0,0,0,0,0,0,0,0,0,0,0,0,0,0,0,0,100,50,0,0,0,0
2026-07-31T07:21:26.996Z,31,72.3,534,0,2,91,22.7,65.2,0,953.9,0,0,26.5,59.7,496,0,2,70,0,0,0,0,0,0,19,84.9,506,0,2,75,0,0,0,0,0,0,0,0,0,0,0,0,0,0,0,0,0,0,0,0,0,0,0,0,100,50,0,0,0,0
2026-07-31T07:21:31.996Z,30.9,72.2,552,0,2,102,22.7,65.2,0,953.9,0,0,26.4,59.7,514,0,2,80,0,0,0,0,0,0,19,85,505,0,2,75,0,0,0,0,0,0,0,0,0,0,0,0,0,0,0,0,0,0,0,0,0,0,0,0,100,50,0,0,0,0
2026-07-31T07:21:36.995Z,30.9,72.1,561,0,2,107,22.7,65.2,0,953.8,0,0,26.4,59.7,510,0,2,77,0,0,0,0,0,0,19,85,499,0,2,72,0,0,0,0,0,0,0,0,0,0,0,0,0,0,0,0,0,0,0,0,0,0,0,0,100,50,0,0,0,0
2026-07-31T07:21:41.995Z,30.9,71.9,543,0,2,96,22.7,65.2,0,953.8,0,0,26.4,59.7,503,0,2,74,0,0,0,0,0,0,19,85,493,0,2,68,0,0,0,0,0,0,0,0,0,0,0,0,0,0,0,0,0,0,0,0,0,0,0,0,100,50,0,0,0,0
2026-07-31T07:21:46.995Z,30.9,71.3,501,0,2,73,22.7,65.2,0,953.9,0,0,26.4,59.7,507,0,2,76,0,0,0,0,0,0,19,85,495,0,2,69,0,0,0,0,0,0,0,0,0,0,0,0,0,0,0,0,0,0,0,0,0,0,0,0,100,50,0,0,0,0
2026-07-31T07:21:52.002Z,30.9,71.1,521,0,2,84,22.7,65.2,0,953.9,0,0,26.4,59.7,491,0,2,67,0,0,0,0,0,0,19,85,483,0,1,63,0,0,0,0,0,0,0,0,0,0,0,0,0,0,0,0,0,0,0,0,0,0,0,0,100,50,0,0,0,0
2026-07-31T07:21:57.001Z,30.9,70.5,474,0,1,59,22.7,65.2,0,953.9,0,0,26.4,59.7,491,0,2,67,0,0,0,0,0,0,19,85,497,0,2,70,0,0,0,0,0,0,0,0,0,0,0,0,0,0,0,0,0,0,0,0,0,0,0,0,100,50,0,0,0,0
2026-07-31T07:22:02.001Z,30.9,69.9,462,0,1,53,22.7,65.2,0,953.8,0,0,26.4,59.7,479,0,1,61,0,0,0,0,0,0,19,85.1,481,0,1,62,0,0,0,0,0,0,0,0,0,0,0,0,0,0,0,0,0,0,0,0,0,0,0,0,100,50,0,0,0,0
2026-07-31T07:22:07.002Z,30.9,69.6,433,0,1,39,22.7,65.2,0,953.9,0,0,26.4,59.7,496,0,2,70,0,0,0,0,0,0,19,85.1,471,0,1,57,0,0,0,0,0,0,0,0,0,0,0,0,0,0,0,0,0,0,0,0,0,0,0,0,100,50,0,0,0,0
2026-07-31T07:22:12.001Z,30.9,69.4,447,0,1,45,22.7,65.2,0,953.9,0,0,26.4,59.8,501,0,2,72,0,0,0,0,0,0,19,85.1,458,0,1,51,0,0,0,0,0,0,0,0,0,0,0,0,0,0,0,0,0,0,0,0,0,0,0,0,100,50,0,0,0,0
2026-07-31T07:22:17.001Z,30.8,69,433,0,1,38,22.6,65.2,0,953.9,0,0,26.4,59.7,499,0,2,72,0,0,0,0,0,0,19,85,466,0,1,55,0,0,0,0,0,0,0,0,0,0,0,0,0,0,0,0,0,0,0,0,0,0,0,0,100,50,0,0,0,0
2026-07-31T07:22:21.995Z,30.8,69,429,0,1,37,22.6,65.2,0,953.9,0,0,26.4,59.7,503,0,2,74,0,0,0,0,0,0,19,85,482,0,1,62,0,0,0,0,0,0,0,0,0,0,0,0,0,0,0,0,0,0,0,0,0,0,0,0,100,50,0,0,0,0
2026-07-31T07:22:27.001Z,30.8,68.9,450,0,1,47,22.6,65.2,0,953.8,0,0,26.4,59.8,515,0,2,80,0,0,0,0,0,0,19,85.1,459,0,1,51,0,0,0,0,0,0,0,0,0,0,0,0,0,0,0,0,0,0,0,0,0,0,0,0,100,50,0,0,0,0
2026-07-31T07:22:32.001Z,30.8,69,447,0,1,45,22.6,65.2,0,954,0,0,26.4,59.8,507,0,2,76,0,0,0,0,0,0,19,85.1,453,0,1,48,0,0,0,0,0,0,0,0,0,0,0,0,0,0,0,0,0,0,0,0,0,0,0,0,100,50,0,0,0,0
2026-07-31T07:22:36.995Z,30.8,69.1,480,0,1,62,22.6,65.2,0,954,0,0,26.4,59.8,496,0,2,70,0,0,0,0,0,0,19,85.1,479,0,1,61,0,0,0,0,0,0,0,0,0,0,0,0,0,0,0,0,0,0,0,0,0,0,0,0,100,50,0,0,0,0
2026-07-31T07:22:41.995Z,30.8,69.6,485,0,1,64,22.6,65.2,0,953.9,0,0,26.4,59.8,481,0,1,62,0,0,0,0,0,0,19,85.1,479,0,1,61,0,0,0,0,0,0,0,0,0,0,0,0,0,0,0,0,0,0,0,0,0,0,0,0,100,50,0,0,0,0
2026-07-31T07:22:47.000Z,30.7,70.2,471,0,1,57,22.6,65.2,0,953.8,0,0,26.3,59.8,480,0,1,62,0,0,0,0,0,0,19,85,478,0,1,61,0,0,0,0,0,0,0,0,0,0,0,0,0,0,0,0,0,0,0,0,0,0,0,0,100,50,0,0,0,0
2026-07-31T07:22:52.000Z,30.7,70.6,478,0,1,60,22.6,65.2,0,953.9,0,0,26.3,59.8,491,0,2,67,0,0,0,0,0,0,19,84.9,484,0,1,64,0,0,0,0,0,0,0,0,0,0,0,0,0,0,0,0,0,0,0,0,0,0,0,0,100,50,0,0,0,0
2026-07-31T07:22:57.000Z,30.7,70.9,476,0,1,59,22.6,65.2,0,953.9,0,0,26.3,59.8,485,0,1,64,0,0,0,0,0,0,19,84.9,481,0,1,62,0,0,0,0,0,0,0,0,0,0,0,0,0,0,0,0,0,0,0,0,0,0,0,0,100,50,0,0,0,0
2026-07-31T07:23:01.996Z,30.7,70.9,430,0,1,37,22.6,65.2,0,953.9,0,0,26.3,59.8,469,0,1,56,0,0,0,0,0,0,19,84.9,478,0,1,61,0,0,0,0,0,0,0,0,0,0,0,0,0,0,0,0,0,0,0,0,0,0,0,0,100,50,0,0,0,0
2026-07-31T07:23:07.000Z,30.6,71.2,439,0,1,41,22.6,65.2,0,953.8,0,0,26.3,59.9,475,0,1,59,0,0,0,0,0,0,19,84.9,465,0,1,54,0,0,0,0,0,0,0,0,0,0,0,0,0,0,0,0,0,0,0,0,0,0,0,0,100,50,0,0,0,0
2026-07-31T07:23:11.999Z,30.6,71.1,428,0,1,36,22.6,65.2,0,953.8,0,0,26.3,59.9,476,0,1,59,0,0,0,0,0,0,19,84.9,443,0,1,43,0,0,0,0,0,0,0,0,0,0,0,0,0,0,0,0,0,0,0,0,0,0,0,0,100,50,0,0,0,0
2026-07-31T07:23:17.000Z,30.6,70.9,443,0,1,43,22.6,65.2,0,953.9,0,0,26.3,59.9,462,0,1,52,0,0,0,0,0,0,18.9,84.7,443,0,1,43,0,0,0,0,0,0,0,0,0,0,0,0,0,0,0,0,0,0,0,0,0,0,0,0,100,50,0,0,0,0
2026-07-31T07:23:22.000Z,30.6,71,434,0,1,39,22.6,65.2,0,953.9,0,0,26.3,59.9,493,0,2,68,0,0,0,0,0,0,18.9,84.7,469,0,1,56,0,0,0,0,0,0,0,0,0,0,0,0,0,0,0,0,0,0,0,0,0,0,0,0,100,50,0,0,0,0
2026-07-31T07:23:27.053Z,30.7,70.8,448,0,1,46,22.6,65.2,0,953.9,0,0,26.3,59.9,487,0,2,65,0,0,0,0,0,0,19,84.7,474,0,1,58,0,0,0,0,0,0,0,0,0,0,0,0,0,0,0,0,0,0,0,0,0,0,0,0,100,50,0,0,0,0
2026-07-31T07:23:31.999Z,30.7,70.3,449,0,1,46,22.6,65.2,0,953.9,0,0,26.3,59.9,471,0,1,57,0,0,0,0,0,0,19,84.9,481,0,1,62,0,0,0,0,0,0,0,0,0,0,0,0,0,0,0,0,0,0,0,0,0,0,0,0,100,50,0,0,0,0
2026-07-31T07:23:36.999Z,30.7,70.2,460,0,1,52,22.6,65.1,0,953.9,0,0,26.3,60,488,0,2,66,0,0,0,0,0,0,19,85,480,0,1,62,0,0,0,0,0,0,0,0,0,0,0,0,0,0,0,0,0,0,0,0,0,0,0,0,100,50,0,0,0,0
2026-07-31T07:23:41.998Z,30.7,70.4,418,0,1,32,22.6,65.1,0,953.9,0,0,26.3,60,469,0,1,56,0,0,0,0,0,0,19,85,494,0,2,69,0,0,0,0,0,0,0,0,0,0,0,0,0,0,0,0,0,0,0,0,0,0,0,0,100,50,0,0,0,0
2026-07-31T07:23:46.999Z,30.7,70.6,472,0,1,57,22.6,65.2,0,953.9,0,0,26.2,60,468,0,1,55,0,0,0,0,0,0,19,85.3,499,0,2,72,0,0,0,0,0,0,0,0,0,0,0,0,0,0,0,0,0,0,0,0,0,0,0,0,100,50,0,0,0,0
2026-07-31T07:23:51.999Z,30.7,71,466,0,1,54,22.6,65.2,0,953.9,0,0,26.2,60,482,0,1,63,0,0,0,0,0,0,19,85.3,485,0,1,64,0,0,0,0,0,0,0,0,0,0,0,0,0,0,0,0,0,0,0,0,0,0,0,0,100,50,0,0,0,0
2026-07-31T07:23:56.998Z,30.6,71.2,452,0,1,48,22.6,65.2,0,953.9,0,0,26.2,60,490,0,2,67,0,0,0,0,0,0,19.1,85.4,484,0,1,63,0,0,0,0,0,0,0,0,0,0,0,0,0,0,0,0,0,0,0,0,0,0,0,0,100,50,0,0,0,0
2026-07-31T07:24:01.998Z,30.6,71.4,452,0,1,47,22.6,65.2,0,953.8,0,0,26.2,60,479,0,1,61,0,0,0,0,0,0,19,85.4,476,0,1,60,0,0,0,0,0,0,0,0,0,0,0,0,0,0,0,0,0,0,0,0,0,0,0,0,100,50,0,0,0,0
2026-07-31T07:24:06.998Z,30.6,71.5,446,0,1,45,22.6,65.2,0,953.8,0,0,26.2,60,468,0,1,56,0,0,0,0,0,0,19,85.4,472,0,1,57,0,0,0,0,0,0,0,0,0,0,0,0,0,0,0,0,0,0,0,0,0,0,0,0,100,50,0,0,0,0
2026-07-31T07:24:11.998Z,30.6,71.4,458,0,1,50,22.6,65.2,0,953.9,0,0,26.2,60,466,0,1,54,0,0,0,0,0,0,19,85.2,453,0,1,48,0,0,0,0,0,0,0,0,0,0,0,0,0,0,0,0,0,0,0,0,0,0,0,0,100,50,0,0,0,0
2026-07-31T07:24:16.999Z,30.5,71.6,446,0,1,45,22.6,65.3,0,953.9,0,0,26.2,60.1,467,0,1,55,0,0,0,0,0,0,19,85.2,453,0,1,48,0,0,0,0,0,0,0,0,0,0,0,0,0,0,0,0,0,0,0,0,0,0,0,0,100,50,0,0,0,0
2026-07-31T07:24:21.998Z,30.6,72,447,0,1,45,22.6,65.3,0,953.9,0,0,26.2,60.1,461,0,1,52,0,0,0,0,0,0,19,85.1,466,0,1,54,0,0,0,0,0,0,0,0,0,0,0,0,0,0,0,0,0,0,0,0,0,0,0,0,100,50,0,0,0,0
2026-07-31T07:24:26.998Z,30.6,71.7,406,0,1,26,22.6,65.3,0,953.9,0,0,26.2,60.1,485,0,1,64,0,0,0,0,0,0,19,85.1,471,0,1,57,0,0,0,0,0,0,0,0,0,0,0,0,0,0,0,0,0,0,0,0,0,0,0,0,100,50,0,0,0,0
2026-07-31T07:24:31.997Z,30.5,71.7,400,0,1,20,22.6,65.3,0,953.9,0,0,26.2,60.1,432,0,1,38,0,0,0,0,0,0,19,85,456,0,1,50,0,0,0,0,0,0,0,0,0,0,0,0,0,0,0,0,0,0,0,0,0,0,0,0,100,50,0,0,0,0
2026-07-31T07:24:36.998Z,30.5,71.6,417,0,1,31,22.6,65.3,0,953.9,0,0,26.2,60.1,464,0,1,53,0,0,0,0,0,0,19,85,455,0,1,49,0,0,0,0,0,0,0,0,0,0,0,0,0,0,0,0,0,0,0,0,0,0,0,0,100,50,0,0,0,0
2026-07-31T07:24:41.998Z,30.6,71.6,404,0,1,25,22.5,65.3,0,953.9,0,0,26.1,60.1,495,0,2,70,0,0,0,0,0,0,19,84.9,457,0,1,50,0,0,0,0,0,0,0,0,0,0,0,0,0,0,0,0,0,0,0,0,0,0,0,0,100,50,0,0,0,0
2026-07-31T07:24:46.997Z,30.6,71.6,407,0,1,27,22.5,65.3,0,953.9,0,0,26.1,60.1,493,0,2,68,0,0,0,0,0,0,19,84.9,461,0,1,52,0,0,0,0,0,0,0,0,0,0,0,0,0,0,0,0,0,0,0,0,0,0,0,0,100,50,0,0,0,0
2026-07-31T07:24:51.997Z,30.6,71.3,430,0,1,37,22.5,65.3,0,953.9,0,0,26.1,60.1,470,0,1,57,0,0,0,0,0,0,19,84.8,444,0,1,44,0,0,0,0,0,0,0,0,0,0,0,0,0,0,0,0,0,0,0,0,0,0,0,0,100,50,0,0,0,0
2026-07-31T07:24:56.996Z,30.6,71.2,420,0,1,33,22.5,65.3,0,953.9,0,0,26.1,60.1,454,0,1,48,0,0,0,0,0,0,19,84.8,449,0,1,46,0,0,0,0,0,0,0,0,0,0,0,0,0,0,0,0,0,0,0,0,0,0,0,0,100,50,0,0,0,0
2026-07-31T07:25:01.994Z,30.6,71.2,400,0,1,20,22.5,65.3,0,953.8,0,0,26.1,60.2,482,0,1,63,0,0,0,0,0,0,19,84.7,461,0,1,52,0,0,0,0,0,0,0,0,0,0,0,0,0,0,0,0,0,0,0,0,0,0,0,0,100,50,0,0,0,0
2026-07-31T07:25:06.998Z,30.6,71,437,0,1,40,22.5,65.3,0,953.9,0,0,26.1,60.2,453,0,1,48,0,0,0,0,0,0,19,84.6,462,0,1,52,0,0,0,0,0,0,0,0,0,0,0,0,0,0,0,0,0,0,0,0,0,0,0,0,100,50,0,0,0,0
2026-07-31T07:25:12.034Z,30.5,71.2,453,0,1,48,22.5,65.3,0,953.9,0,0,26.1,60.3,486,0,2,65,0,0,0,0,0,0,19,84.6,471,0,1,57,0,0,0,0,0,0,0,0,0,0,0,0,0,0,0,0,0,0,0,0,0,0,0,0,100,50,0,0,0,0
2026-07-31T07:25:17.000Z,30.5,71.3,430,0,1,37,22.5,65.3,0,953.9,0,0,26.1,60.3,482,0,1,62,0,0,0,0,0,0,19,84.6,469,0,1,56,0,0,0,0,0,0,0,0,0,0,0,0,0,0,0,0,0,0,0,0,0,0,0,0,100,50,0,0,0,0
2026-07-31T07:25:22.013Z,30.5,71.3,432,0,1,38,22.5,65.3,0,953.8,0,0,26.1,60.2,459,0,1,51,0,0,0,0,0,0,19,84.6,481,0,1,62,0,0,0,0,0,0,0,0,0,0,0,0,0,0,0,0,0,0,0,0,0,0,0,0,100,50,0,0,0,0
2026-07-31T07:25:26.997Z,30.5,71.3,421,0,1,33,22.5,65.3,0,953.9,0,0,26.1,60.2,493,0,2,68,0,0,0,0,0,0,19,84.6,472,0,1,58,0,0,0,0,0,0,0,0,0,0,0,0,0,0,0,0,0,0,0,0,0,0,0,0,100,50,0,0,0,0
2026-07-31T07:25:31.994Z,30.6,71.2,435,0,1,39,22.5,65.3,0,953.9,0,0,26.1,60.2,481,0,1,62,0,0,0,0,0,0,19,84.6,454,0,1,49,0,0,0,0,0,0,0,0,0,0,0,0,0,0,0,0,0,0,0,0,0,0,0,0,100,50,0,0,0,0
2026-07-31T07:25:36.999Z,30.6,71.1,428,0,1,36,22.5,65.3,0,953.9,0,0,26.1,60.2,457,0,1,50,0,0,0,0,0,0,19,84.6,447,0,1,45,0,0,0,0,0,0,0,0,0,0,0,0,0,0,0,0,0,0,0,0,0,0,0,0,100,50,0,0,0,0
2026-07-31T07:25:42.064Z,30.5,71,417,0,1,31,22.5,65.3,0,953.9,0,0,26.1,60.2,485,0,1,64,0,0,0,0,0,0,19,84.6,453,0,1,48,0,0,0,0,0,0,0,0,0,0,0,0,0,0,0,0,0,0,0,0,0,0,0,0,100,50,0,0,0,0
2026-07-31T07:25:46.999Z,30.5,71.1,436,0,1,40,22.5,65.3,0,953.8,0,0,26.1,60.2,477,0,1,60,0,0,0,0,0,0,19,84.6,444,0,1,44,0,0,0,0,0,0,0,0,0,0,0,0,0,0,0,0,0,0,0,0,0,0,0,0,100,50,0,0,0,0
2026-07-31T07:25:51.996Z,30.5,70.9,424,0,1,35,22.5,65.4,0,953.8,0,0,26.1,60.2,478,0,1,60,0,0,0,0,0,0,19,84.6,448,0,1,46,0,0,0,0,0,0,0,0,0,0,0,0,0,0,0,0,0,0,0,0,0,0,0,0,100,50,0,0,0,0
2026-07-31T07:25:56.995Z,30.5,71.1,442,0,1,43,22.5,65.4,0,953.8,0,0,26.1,60.2,479,0,1,61,0,0,0,0,0,0,19,84.5,455,0,1,49,0,0,0,0,0,0,0,0,0,0,0,0,0,0,0,0,0,0,0,0,0,0,0,0,100,50,0,0,0,0
2026-07-31T07:26:01.995Z,30.5,71.1,427,0,1,36,22.5,65.4,0,953.8,0,0,26.1,60.2,473,0,1,58,0,0,0,0,0,0,19,84.5,455,0,1,49,0,0,0,0,0,0,0,0,0,0,0,0,0,0,0,0,0,0,0,0,0,0,0,0,100,50,0,0,0,0
2026-07-31T07:26:06.997Z,30.6,70.9,449,0,1,46,22.5,65.4,0,953.8,0,0,26.1,60.2,474,0,1,58,0,0,0,0,0,0,19,84.7,460,0,1,52,0,0,0,0,0,0,0,0,0,0,0,0,0,0,0,0,0,0,0,0,0,0,0,0,100,50,0,0,0,0
2026-07-31T07:26:11.995Z,30.7,70.7,496,0,2,70,22.5,65.4,0,953.8,0,0,26.1,60.2,482,0,1,63,0,0,0,0,0,0,19,84.7,458,0,1,51,0,0,0,0,0,0,0,0,0,0,0,0,0,0,0,0,0,0,0,0,0,0,0,0,100,50,0,0,0,0
2026-07-31T07:26:17.002Z,30.7,70.9,524,0,2,85,22.5,65.4,0,953.8,0,0,26.1,60.2,460,0,1,52,0,0,0,0,0,0,19,84.7,477,0,1,60,0,0,0,0,0,0,0,0,0,0,0,0,0,0,0,0,0,0,0,0,0,0,0,0,100,50,0,0,0,0
2026-07-31T07:26:22.002Z,30.7,71.3,510,0,2,78,22.5,65.4,0,953.8,0,0,26.1,60.2,472,0,1,57,0,0,0,0,0,0,19,84.6,488,0,2,66,0,0,0,0,0,0,0,0,0,0,0,0,0,0,0,0,0,0,0,0,0,0,0,0,100,50,0,0,0,0
2026-07-31T07:26:27.001Z,30.7,71.5,514,0,2,80,22.5,65.4,0,953.8,0,0,26.1,60.2,465,0,1,54,0,0,0,0,0,0,19,84.6,481,0,1,62,0,0,0,0,0,0,0,0,0,0,0,0,0,0,0,0,0,0,0,0,0,0,0,0,100,50,0,0,0,0
2026-07-31T07:26:32.001Z,30.8,71.4,525,0,2,86,22.5,65.4,0,953.8,0,0,26.1,60.2,440,0,1,42,0,0,0,0,0,0,19,84.5,475,0,1,59,0,0,0,0,0,0,0,0,0,0,0,0,0,0,0,0,0,0,0,0,0,0,0,0,100,50,0,0,0,0
2026-07-31T07:26:37.001Z,30.8,71.1,493,0,2,69,22.4,65.4,0,953.8,0,0,26,60.2,474,0,1,59,0,0,0,0,0,0,19,84.5,496,0,2,70,0,0,0,0,0,0,0,0,0,0,0,0,0,0,0,0,0,0,0,0,0,0,0,0,100,50,0,0,0,0
2026-07-31T07:26:42.001Z,30.8,70.9,494,0,2,69,22.4,65.4,0,953.8,0,0,26,60.2,442,0,1,43,0,0,0,0,0,0,19,84.5,479,0,1,61,0,0,0,0,0,0,0,0,0,0,0,0,0,0,0,0,0,0,0,0,0,0,0,0,100,50,0,0,0,0
2026-07-31T07:26:47.001Z,30.7,70.7,499,0,2,71,22.4,65.4,0,953.8,0,0,26.1,60.2,478,0,1,60,0,0,0,0,0,0,19,84.5,502,0,2,73,0,0,0,0,0,0,0,0,0,0,0,0,0,0,0,0,0,0,0,0,0,0,0,0,100,50,0,0,0,0
2026-07-31T07:26:52.001Z,30.7,70.5,480,0,1,62,22.4,65.4,0,953.8,0,0,26.1,60.2,450,0,1,47,0,0,0,0,0,0,19,84.5,497,0,2,71,0,0,0,0,0,0,0,0,0,0,0,0,0,0,0,0,0,0,0,0,0,0,0,0,100,50,0,0,0,0
2026-07-31T07:26:57.000Z,30.8,70.4,491,0,2,67,22.4,65.4,0,953.9,0,0,26,60.2,477,0,1,60,0,0,0,0,0,0,19,84.4,498,0,2,71,0,0,0,0,0,0,0,0,0,0,0,0,0,0,0,0,0,0,0,0,0,0,0,0,100,50,0,0,0,0
2026-07-31T07:27:01.999Z,30.8,70.7,489,0,2,66,22.4,65.5,0,953.9,0,0,26,60.2,477,0,1,60,0,0,0,0,0,0,19,84.4,499,0,2,72,0,0,0,0,0,0,0,0,0,0,0,0,0,0,0,0,0,0,0,0,0,0,0,0,100,50,0,0,0,0
2026-07-31T07:27:06.996Z,30.8,70.5,467,0,1,55,22.4,65.4,0,953.8,0,0,26,60.2,475,0,1,59,0,0,0,0,0,0,19,84.4,466,0,1,55,0,0,0,0,0,0,0,0,0,0,0,0,0,0,0,0,0,0,0,0,0,0,0,0,100,50,0,0,0,0
2026-07-31T07:27:12.001Z,30.7,70.5,455,0,1,49,22.4,65.4,0,953.8,0,0,26,60.2,470,0,1,57,0,0,0,0,0,0,19,84.4,459,0,1,51,0,0,0,0,0,0,0,0,0,0,0,0,0,0,0,0,0,0,0,0,0,0,0,0,100,50,0,0,0,0
2026-07-31T07:27:17.001Z,30.7,70.2,404,0,1,25,22.4,65.4,0,953.8,0,0,26,60.3,476,0,1,59,0,0,0,0,0,0,19,84.5,466,0,1,55,0,0,0,0,0,0,0,0,0,0,0,0,0,0,0,0,0,0,0,0,0,0,0,0,100,50,0,0,0,0
2026-07-31T07:27:21.997Z,30.7,70.4,429,0,1,37,22.4,65.4,0,953.8,0,0,26,60.3,462,0,1,52,0,0,0,0,0,0,18.9,84.5,468,0,1,56,0,0,0,0,0,0,0,0,0,0,0,0,0,0,0,0,0,0,0,0,0,0,0,0,100,50,0,0,0,0
2026-07-31T07:27:26.996Z,30.7,70.4,444,0,1,44,22.4,65.4,0,953.8,0,0,26,60.3,460,0,1,51,0,0,0,0,0,0,18.9,84.5,442,0,1,43,0,0,0,0,0,0,0,0,0,0,0,0,0,0,0,0,0,0,0,0,0,0,0,0,100,50,0,0,0,0
2026-07-31T07:27:31.999Z,30.7,70.3,411,0,1,29,22.4,65.4,0,953.9,0,0,26,60.2,457,0,1,50,0,0,0,0,0,0,18.9,84.4,452,0,1,47,0,0,0,0,0,0,0,0,0,0,0,0,0,0,0,0,0,0,0,0,0,0,0,0,100,50,0,0,0,0
2026-07-31T07:27:37.001Z,30.7,70.3,432,0,1,38,22.4,65.4,0,953.9,0,0,26,60.2,460,0,1,52,0,0,0,0,0,0,18.9,84.4,445,0,1,44,0,0,0,0,0,0,0,0,0,0,0,0,0,0,0,0,0,0,0,0,0,0,0,0,100,50,0,0,0,0
2026-07-31T07:27:42.000Z,30.7,70.2,442,0,1,43,22.4,65.4,0,953.9,0,0,26,60.2,480,0,1,61,0,0,0,0,0,0,18.9,84.4,428,0,1,36,0,0,0,0,0,0,0,0,0,0,0,0,0,0,0,0,0,0,0,0,0,0,0,0,100,50,0,0,0,0
2026-07-31T07:27:46.999Z,30.6,70.6,425,0,1,35,22.4,65.4,0,953.9,0,0,26,60.2,461,0,1,52,0,0,0,0,0,0,18.9,84.5,467,0,1,55,0,0,0,0,0,0,0,0,0,0,0,0,0,0,0,0,0,0,0,0,0,0,0,0,100,50,0,0,0,0
2026-07-31T07:27:51.999Z,30.6,70.8,414,0,1,30,22.4,65.5,0,953.8,0,0,26,60.3,467,0,1,55,0,0,0,0,0,0,18.9,84.5,454,0,1,49,0,0,0,0,0,0,0,0,0,0,0,0,0,0,0,0,0,0,0,0,0,0,0,0,100,50,0,0,0,0